Started StandaloneProbe in 0.476 seconds
[TeaQL SQL][query][209723us] 1 rows returned outcome=success batchOutcome=not_applicable comment=matched merchant read with relation purpose=matched benchmark read auditReason= tracePath=[0:OPERATION:Merchant=query -> 1:REQUEST:Merchant= -> 2:PROVIDER:postgresql= -> 3:SQL:select=] mutationLineage=[]
SQL: -- TeaQL PLAIN
SELECT id, name, code, external_id AS externalId, task_life_hours AS taskLifeHours, version, platform FROM merchant_data WHERE (version > 0) AND (external_id = 'matched-merchant') LIMIT 1000 OFFSET 0
[TeaQL SQL][query][2600us] 1 rows returned outcome=success batchOutcome=not_applicable comment=matched merchant read with relation purpose=matched benchmark read auditReason= tracePath=[0:OPERATION:Merchant=query -> 1:REQUEST:Merchant= -> 2:RELATION:platform=Merchant.platform -> 3:PROVIDER:postgresql= -> 4:SQL:select=] mutationLineage=[]
SQL: -- TeaQL PLAIN
SELECT id, create_time AS createTime, last_update_time AS lastUpdateTime, name, version FROM platform_data WHERE (version > 0) AND (id = 1) LIMIT 1 OFFSET 0
[TeaQL SQL][query][763us] 1 rows returned outcome=success batchOutcome=not_applicable comment=matched merchant read with relation purpose=matched benchmark read auditReason= tracePath=[0:OPERATION:Merchant=query -> 1:REQUEST:Merchant= -> 2:PROVIDER:postgresql= -> 3:SQL:select=] mutationLineage=[]
SQL: -- TeaQL PLAIN
SELECT id, name, code, external_id AS externalId, task_life_hours AS taskLifeHours, version, platform FROM merchant_data WHERE (version > 0) AND (external_id = 'matched-merchant') LIMIT 1000 OFFSET 0
[TeaQL SQL][query][782us] 1 rows returned outcome=success batchOutcome=not_applicable comment=matched merchant read with relation purpose=matched benchmark read auditReason= tracePath=[0:OPERATION:Merchant=query -> 1:REQUEST:Merchant= -> 2:RELATION:platform=Merchant.platform -> 3:PROVIDER:postgresql= -> 4:SQL:select=] mutationLineage=[]
SQL: -- TeaQL PLAIN
SELECT id, create_time AS createTime, last_update_time AS lastUpdateTime, name, version FROM platform_data WHERE (version > 0) AND (id = 1) LIMIT 1 OFFSET 0
[TeaQL SQL][query][686us] 1 rows returned outcome=success batchOutcome=not_applicable comment=matched merchant read with relation purpose=matched benchmark read auditReason= tracePath=[0:OPERATION:Merchant=query -> 1:REQUEST:Merchant= -> 2:PROVIDER:postgresql= -> 3:SQL:select=] mutationLineage=[]
SQL: -- TeaQL PLAIN
SELECT id, name, code, external_id AS externalId, task_life_hours AS taskLifeHours, version, platform FROM merchant_data WHERE (version > 0) AND (external_id = 'matched-merchant') LIMIT 1000 OFFSET 0
[TeaQL SQL][query][750us] 1 rows returned outcome=success batchOutcome=not_applicable comment=matched merchant read with relation purpose=matched benchmark read auditReason= tracePath=[0:OPERATION:Merchant=query -> 1:REQUEST:Merchant= -> 2:RELATION:platform=Merchant.platform -> 3:PROVIDER:postgresql= -> 4:SQL:select=] mutationLineage=[]
SQL: -- TeaQL PLAIN
SELECT id, create_time AS createTime, last_update_time AS lastUpdateTime, name, version FROM platform_data WHERE (version > 0) AND (id = 1) LIMIT 1 OFFSET 0
[TeaQL SQL][query][829us] 1 rows returned outcome=success batchOutcome=not_applicable comment=matched merchant read with relation purpose=matched benchmark read auditReason= tracePath=[0:OPERATION:Merchant=query -> 1:REQUEST:Merchant= -> 2:PROVIDER:postgresql= -> 3:SQL:select=] mutationLineage=[]
SQL: -- TeaQL PLAIN
SELECT id, name, code, external_id AS externalId, task_life_hours AS taskLifeHours, version, platform FROM merchant_data WHERE (version > 0) AND (external_id = 'matched-merchant') LIMIT 1000 OFFSET 0
[TeaQL SQL][query][785us] 1 rows returned outcome=success batchOutcome=not_applicable comment=matched merchant read with relation purpose=matched benchmark read auditReason= tracePath=[0:OPERATION:Merchant=query -> 1:REQUEST:Merchant= -> 2:RELATION:platform=Merchant.platform -> 3:PROVIDER:postgresql= -> 4:SQL:select=] mutationLineage=[]
SQL: -- TeaQL PLAIN
SELECT id, create_time AS createTime, last_update_time AS lastUpdateTime, name, version FROM platform_data WHERE (version > 0) AND (id = 1) LIMIT 1 OFFSET 0
[TeaQL SQL][query][750us] 1 rows returned outcome=success batchOutcome=not_applicable comment=matched merchant read with relation purpose=matched benchmark read auditReason= tracePath=[0:OPERATION:Merchant=query -> 1:REQUEST:Merchant= -> 2:PROVIDER:postgresql= -> 3:SQL:select=] mutationLineage=[]
SQL: -- TeaQL PLAIN
SELECT id, name, code, external_id AS externalId, task_life_hours AS taskLifeHours, version, platform FROM merchant_data WHERE (version > 0) AND (external_id = 'matched-merchant') LIMIT 1000 OFFSET 0
[TeaQL SQL][query][920us] 1 rows returned outcome=success batchOutcome=not_applicable comment=matched merchant read with relation purpose=matched benchmark read auditReason= tracePath=[0:OPERATION:Merchant=query -> 1:REQUEST:Merchant= -> 2:RELATION:platform=Merchant.platform -> 3:PROVIDER:postgresql= -> 4:SQL:select=] mutationLineage=[]
SQL: -- TeaQL PLAIN
SELECT id, create_time AS createTime, last_update_time AS lastUpdateTime, name, version FROM platform_data WHERE (version > 0) AND (id = 1) LIMIT 1 OFFSET 0
[TeaQL SQL][query][577us] 1 rows returned outcome=success batchOutcome=not_applicable comment=matched merchant read with relation purpose=matched benchmark read auditReason= tracePath=[0:OPERATION:Merchant=query -> 1:REQUEST:Merchant= -> 2:PROVIDER:postgresql= -> 3:SQL:select=] mutationLineage=[]
SQL: -- TeaQL PLAIN
SELECT id, name, code, external_id AS externalId, task_life_hours AS taskLifeHours, version, platform FROM merchant_data WHERE (version > 0) AND (external_id = 'matched-merchant') LIMIT 1000 OFFSET 0
[TeaQL SQL][query][989us] 1 rows returned outcome=success batchOutcome=not_applicable comment=matched merchant read with relation purpose=matched benchmark read auditReason= tracePath=[0:OPERATION:Merchant=query -> 1:REQUEST:Merchant= -> 2:RELATION:platform=Merchant.platform -> 3:PROVIDER:postgresql= -> 4:SQL:select=] mutationLineage=[]
SQL: -- TeaQL PLAIN
SELECT id, create_time AS createTime, last_update_time AS lastUpdateTime, name, version FROM platform_data WHERE (version > 0) AND (id = 1) LIMIT 1 OFFSET 0
[TeaQL SQL][query][620us] 1 rows returned outcome=success batchOutcome=not_applicable comment=matched merchant read with relation purpose=matched benchmark read auditReason= tracePath=[0:OPERATION:Merchant=query -> 1:REQUEST:Merchant= -> 2:PROVIDER:postgresql= -> 3:SQL:select=] mutationLineage=[]
SQL: -- TeaQL PLAIN
SELECT id, name, code, external_id AS externalId, task_life_hours AS taskLifeHours, version, platform FROM merchant_data WHERE (version > 0) AND (external_id = 'matched-merchant') LIMIT 1000 OFFSET 0
[TeaQL SQL][query][723us] 1 rows returned outcome=success batchOutcome=not_applicable comment=matched merchant read with relation purpose=matched benchmark read auditReason= tracePath=[0:OPERATION:Merchant=query -> 1:REQUEST:Merchant= -> 2:RELATION:platform=Merchant.platform -> 3:PROVIDER:postgresql= -> 4:SQL:select=] mutationLineage=[]
SQL: -- TeaQL PLAIN
SELECT id, create_time AS createTime, last_update_time AS lastUpdateTime, name, version FROM platform_data WHERE (version > 0) AND (id = 1) LIMIT 1 OFFSET 0
[TeaQL SQL][query][558us] 1 rows returned outcome=success batchOutcome=not_applicable comment=matched merchant read with relation purpose=matched benchmark read auditReason= tracePath=[0:OPERATION:Merchant=query -> 1:REQUEST:Merchant= -> 2:PROVIDER:postgresql= -> 3:SQL:select=] mutationLineage=[]
SQL: -- TeaQL PLAIN
SELECT id, name, code, external_id AS externalId, task_life_hours AS taskLifeHours, version, platform FROM merchant_data WHERE (version > 0) AND (external_id = 'matched-merchant') LIMIT 1000 OFFSET 0
[TeaQL SQL][query][627us] 1 rows returned outcome=success batchOutcome=not_applicable comment=matched merchant read with relation purpose=matched benchmark read auditReason= tracePath=[0:OPERATION:Merchant=query -> 1:REQUEST:Merchant= -> 2:RELATION:platform=Merchant.platform -> 3:PROVIDER:postgresql= -> 4:SQL:select=] mutationLineage=[]
SQL: -- TeaQL PLAIN
SELECT id, create_time AS createTime, last_update_time AS lastUpdateTime, name, version FROM platform_data WHERE (version > 0) AND (id = 1) LIMIT 1 OFFSET 0
[TeaQL SQL][query][580us] 1 rows returned outcome=success batchOutcome=not_applicable comment=matched merchant read with relation purpose=matched benchmark read auditReason= tracePath=[0:OPERATION:Merchant=query -> 1:REQUEST:Merchant= -> 2:PROVIDER:postgresql= -> 3:SQL:select=] mutationLineage=[]
SQL: -- TeaQL PLAIN
SELECT id, name, code, external_id AS externalId, task_life_hours AS taskLifeHours, version, platform FROM merchant_data WHERE (version > 0) AND (external_id = 'matched-merchant') LIMIT 1000 OFFSET 0
[TeaQL SQL][query][677us] 1 rows returned outcome=success batchOutcome=not_applicable comment=matched merchant read with relation purpose=matched benchmark read auditReason= tracePath=[0:OPERATION:Merchant=query -> 1:REQUEST:Merchant= -> 2:RELATION:platform=Merchant.platform -> 3:PROVIDER:postgresql= -> 4:SQL:select=] mutationLineage=[]
SQL: -- TeaQL PLAIN
SELECT id, create_time AS createTime, last_update_time AS lastUpdateTime, name, version FROM platform_data WHERE (version > 0) AND (id = 1) LIMIT 1 OFFSET 0
[TeaQL SQL][query][568us] 1 rows returned outcome=success batchOutcome=not_applicable comment=matched merchant read with relation purpose=matched benchmark read auditReason= tracePath=[0:OPERATION:Merchant=query -> 1:REQUEST:Merchant= -> 2:PROVIDER:postgresql= -> 3:SQL:select=] mutationLineage=[]
SQL: -- TeaQL PLAIN
SELECT id, name, code, external_id AS externalId, task_life_hours AS taskLifeHours, version, platform FROM merchant_data WHERE (version > 0) AND (external_id = 'matched-merchant') LIMIT 1000 OFFSET 0
[TeaQL SQL][query][776us] 1 rows returned outcome=success batchOutcome=not_applicable comment=matched merchant read with relation purpose=matched benchmark read auditReason= tracePath=[0:OPERATION:Merchant=query -> 1:REQUEST:Merchant= -> 2:RELATION:platform=Merchant.platform -> 3:PROVIDER:postgresql= -> 4:SQL:select=] mutationLineage=[]
SQL: -- TeaQL PLAIN
SELECT id, create_time AS createTime, last_update_time AS lastUpdateTime, name, version FROM platform_data WHERE (version > 0) AND (id = 1) LIMIT 1 OFFSET 0
[TeaQL SQL][query][427us] 1 rows returned outcome=success batchOutcome=not_applicable comment=matched merchant read with relation purpose=matched benchmark read auditReason= tracePath=[0:OPERATION:Merchant=query -> 1:REQUEST:Merchant= -> 2:PROVIDER:postgresql= -> 3:SQL:select=] mutationLineage=[]
SQL: -- TeaQL PLAIN
SELECT id, name, code, external_id AS externalId, task_life_hours AS taskLifeHours, version, platform FROM merchant_data WHERE (version > 0) AND (external_id = 'matched-merchant') LIMIT 1000 OFFSET 0
[TeaQL SQL][query][547us] 1 rows returned outcome=success batchOutcome=not_applicable comment=matched merchant read with relation purpose=matched benchmark read auditReason= tracePath=[0:OPERATION:Merchant=query -> 1:REQUEST:Merchant= -> 2:RELATION:platform=Merchant.platform -> 3:PROVIDER:postgresql= -> 4:SQL:select=] mutationLineage=[]
SQL: -- TeaQL PLAIN
SELECT id, create_time AS createTime, last_update_time AS lastUpdateTime, name, version FROM platform_data WHERE (version > 0) AND (id = 1) LIMIT 1 OFFSET 0
[TeaQL SQL][query][526us] 1 rows returned outcome=success batchOutcome=not_applicable comment=matched merchant read with relation purpose=matched benchmark read auditReason= tracePath=[0:OPERATION:Merchant=query -> 1:REQUEST:Merchant= -> 2:PROVIDER:postgresql= -> 3:SQL:select=] mutationLineage=[]
SQL: -- TeaQL PLAIN
SELECT id, name, code, external_id AS externalId, task_life_hours AS taskLifeHours, version, platform FROM merchant_data WHERE (version > 0) AND (external_id = 'matched-merchant') LIMIT 1000 OFFSET 0
[TeaQL SQL][query][692us] 1 rows returned outcome=success batchOutcome=not_applicable comment=matched merchant read with relation purpose=matched benchmark read auditReason= tracePath=[0:OPERATION:Merchant=query -> 1:REQUEST:Merchant= -> 2:RELATION:platform=Merchant.platform -> 3:PROVIDER:postgresql= -> 4:SQL:select=] mutationLineage=[]
SQL: -- TeaQL PLAIN
SELECT id, create_time AS createTime, last_update_time AS lastUpdateTime, name, version FROM platform_data WHERE (version > 0) AND (id = 1) LIMIT 1 OFFSET 0
[TeaQL SQL][query][490us] 1 rows returned outcome=success batchOutcome=not_applicable comment=matched merchant read with relation purpose=matched benchmark read auditReason= tracePath=[0:OPERATION:Merchant=query -> 1:REQUEST:Merchant= -> 2:PROVIDER:postgresql= -> 3:SQL:select=] mutationLineage=[]
SQL: -- TeaQL PLAIN
SELECT id, name, code, external_id AS externalId, task_life_hours AS taskLifeHours, version, platform FROM merchant_data WHERE (version > 0) AND (external_id = 'matched-merchant') LIMIT 1000 OFFSET 0
[TeaQL SQL][query][572us] 1 rows returned outcome=success batchOutcome=not_applicable comment=matched merchant read with relation purpose=matched benchmark read auditReason= tracePath=[0:OPERATION:Merchant=query -> 1:REQUEST:Merchant= -> 2:RELATION:platform=Merchant.platform -> 3:PROVIDER:postgresql= -> 4:SQL:select=] mutationLineage=[]
SQL: -- TeaQL PLAIN
SELECT id, create_time AS createTime, last_update_time AS lastUpdateTime, name, version FROM platform_data WHERE (version > 0) AND (id = 1) LIMIT 1 OFFSET 0
[TeaQL SQL][query][556us] 1 rows returned outcome=success batchOutcome=not_applicable comment=matched merchant read with relation purpose=matched benchmark read auditReason= tracePath=[0:OPERATION:Merchant=query -> 1:REQUEST:Merchant= -> 2:PROVIDER:postgresql= -> 3:SQL:select=] mutationLineage=[]
SQL: -- TeaQL PLAIN
SELECT id, name, code, external_id AS externalId, task_life_hours AS taskLifeHours, version, platform FROM merchant_data WHERE (version > 0) AND (external_id = 'matched-merchant') LIMIT 1000 OFFSET 0
[TeaQL SQL][query][617us] 1 rows returned outcome=success batchOutcome=not_applicable comment=matched merchant read with relation purpose=matched benchmark read auditReason= tracePath=[0:OPERATION:Merchant=query -> 1:REQUEST:Merchant= -> 2:RELATION:platform=Merchant.platform -> 3:PROVIDER:postgresql= -> 4:SQL:select=] mutationLineage=[]
SQL: -- TeaQL PLAIN
SELECT id, create_time AS createTime, last_update_time AS lastUpdateTime, name, version FROM platform_data WHERE (version > 0) AND (id = 1) LIMIT 1 OFFSET 0
[TeaQL SQL][query][440us] 1 rows returned outcome=success batchOutcome=not_applicable comment=matched merchant read with relation purpose=matched benchmark read auditReason= tracePath=[0:OPERATION:Merchant=query -> 1:REQUEST:Merchant= -> 2:PROVIDER:postgresql= -> 3:SQL:select=] mutationLineage=[]
SQL: -- TeaQL PLAIN
SELECT id, name, code, external_id AS externalId, task_life_hours AS taskLifeHours, version, platform FROM merchant_data WHERE (version > 0) AND (external_id = 'matched-merchant') LIMIT 1000 OFFSET 0
[TeaQL SQL][query][525us] 1 rows returned outcome=success batchOutcome=not_applicable comment=matched merchant read with relation purpose=matched benchmark read auditReason= tracePath=[0:OPERATION:Merchant=query -> 1:REQUEST:Merchant= -> 2:RELATION:platform=Merchant.platform -> 3:PROVIDER:postgresql= -> 4:SQL:select=] mutationLineage=[]
SQL: -- TeaQL PLAIN
SELECT id, create_time AS createTime, last_update_time AS lastUpdateTime, name, version FROM platform_data WHERE (version > 0) AND (id = 1) LIMIT 1 OFFSET 0
[TeaQL SQL][query][562us] 1 rows returned outcome=success batchOutcome=not_applicable comment=matched merchant read with relation purpose=matched benchmark read auditReason= tracePath=[0:OPERATION:Merchant=query -> 1:REQUEST:Merchant= -> 2:PROVIDER:postgresql= -> 3:SQL:select=] mutationLineage=[]
SQL: -- TeaQL PLAIN
SELECT id, name, code, external_id AS externalId, task_life_hours AS taskLifeHours, version, platform FROM merchant_data WHERE (version > 0) AND (external_id = 'matched-merchant') LIMIT 1000 OFFSET 0
[TeaQL SQL][query][673us] 1 rows returned outcome=success batchOutcome=not_applicable comment=matched merchant read with relation purpose=matched benchmark read auditReason= tracePath=[0:OPERATION:Merchant=query -> 1:REQUEST:Merchant= -> 2:RELATION:platform=Merchant.platform -> 3:PROVIDER:postgresql= -> 4:SQL:select=] mutationLineage=[]
SQL: -- TeaQL PLAIN
SELECT id, create_time AS createTime, last_update_time AS lastUpdateTime, name, version FROM platform_data WHERE (version > 0) AND (id = 1) LIMIT 1 OFFSET 0
[TeaQL SQL][query][612us] 1 rows returned outcome=success batchOutcome=not_applicable comment=matched merchant read with relation purpose=matched benchmark read auditReason= tracePath=[0:OPERATION:Merchant=query -> 1:REQUEST:Merchant= -> 2:PROVIDER:postgresql= -> 3:SQL:select=] mutationLineage=[]
SQL: -- TeaQL PLAIN
SELECT id, name, code, external_id AS externalId, task_life_hours AS taskLifeHours, version, platform FROM merchant_data WHERE (version > 0) AND (external_id = 'matched-merchant') LIMIT 1000 OFFSET 0
[TeaQL SQL][query][668us] 1 rows returned outcome=success batchOutcome=not_applicable comment=matched merchant read with relation purpose=matched benchmark read auditReason= tracePath=[0:OPERATION:Merchant=query -> 1:REQUEST:Merchant= -> 2:RELATION:platform=Merchant.platform -> 3:PROVIDER:postgresql= -> 4:SQL:select=] mutationLineage=[]
SQL: -- TeaQL PLAIN
SELECT id, create_time AS createTime, last_update_time AS lastUpdateTime, name, version FROM platform_data WHERE (version > 0) AND (id = 1) LIMIT 1 OFFSET 0
[TeaQL SQL][query][673us] 1 rows returned outcome=success batchOutcome=not_applicable comment=matched merchant read with relation purpose=matched benchmark read auditReason= tracePath=[0:OPERATION:Merchant=query -> 1:REQUEST:Merchant= -> 2:PROVIDER:postgresql= -> 3:SQL:select=] mutationLineage=[]
SQL: -- TeaQL PLAIN
SELECT id, name, code, external_id AS externalId, task_life_hours AS taskLifeHours, version, platform FROM merchant_data WHERE (version > 0) AND (external_id = 'matched-merchant') LIMIT 1000 OFFSET 0
[TeaQL SQL][query][666us] 1 rows returned outcome=success batchOutcome=not_applicable comment=matched merchant read with relation purpose=matched benchmark read auditReason= tracePath=[0:OPERATION:Merchant=query -> 1:REQUEST:Merchant= -> 2:RELATION:platform=Merchant.platform -> 3:PROVIDER:postgresql= -> 4:SQL:select=] mutationLineage=[]
SQL: -- TeaQL PLAIN
SELECT id, create_time AS createTime, last_update_time AS lastUpdateTime, name, version FROM platform_data WHERE (version > 0) AND (id = 1) LIMIT 1 OFFSET 0
[TeaQL SQL][query][485us] 1 rows returned outcome=success batchOutcome=not_applicable comment=matched merchant read with relation purpose=matched benchmark read auditReason= tracePath=[0:OPERATION:Merchant=query -> 1:REQUEST:Merchant= -> 2:PROVIDER:postgresql= -> 3:SQL:select=] mutationLineage=[]
SQL: -- TeaQL PLAIN
SELECT id, name, code, external_id AS externalId, task_life_hours AS taskLifeHours, version, platform FROM merchant_data WHERE (version > 0) AND (external_id = 'matched-merchant') LIMIT 1000 OFFSET 0
[TeaQL SQL][query][488us] 1 rows returned outcome=success batchOutcome=not_applicable comment=matched merchant read with relation purpose=matched benchmark read auditReason= tracePath=[0:OPERATION:Merchant=query -> 1:REQUEST:Merchant= -> 2:RELATION:platform=Merchant.platform -> 3:PROVIDER:postgresql= -> 4:SQL:select=] mutationLineage=[]
SQL: -- TeaQL PLAIN
SELECT id, create_time AS createTime, last_update_time AS lastUpdateTime, name, version FROM platform_data WHERE (version > 0) AND (id = 1) LIMIT 1 OFFSET 0
[TeaQL SQL][query][541us] 1 rows returned outcome=success batchOutcome=not_applicable comment=matched merchant read with relation purpose=matched benchmark read auditReason= tracePath=[0:OPERATION:Merchant=query -> 1:REQUEST:Merchant= -> 2:PROVIDER:postgresql= -> 3:SQL:select=] mutationLineage=[]
SQL: -- TeaQL PLAIN
SELECT id, name, code, external_id AS externalId, task_life_hours AS taskLifeHours, version, platform FROM merchant_data WHERE (version > 0) AND (external_id = 'matched-merchant') LIMIT 1000 OFFSET 0
[TeaQL SQL][query][619us] 1 rows returned outcome=success batchOutcome=not_applicable comment=matched merchant read with relation purpose=matched benchmark read auditReason= tracePath=[0:OPERATION:Merchant=query -> 1:REQUEST:Merchant= -> 2:RELATION:platform=Merchant.platform -> 3:PROVIDER:postgresql= -> 4:SQL:select=] mutationLineage=[]
SQL: -- TeaQL PLAIN
SELECT id, create_time AS createTime, last_update_time AS lastUpdateTime, name, version FROM platform_data WHERE (version > 0) AND (id = 1) LIMIT 1 OFFSET 0
[TeaQL SQL][query][523us] 1 rows returned outcome=success batchOutcome=not_applicable comment=matched merchant read with relation purpose=matched benchmark read auditReason= tracePath=[0:OPERATION:Merchant=query -> 1:REQUEST:Merchant= -> 2:PROVIDER:postgresql= -> 3:SQL:select=] mutationLineage=[]
SQL: -- TeaQL PLAIN
SELECT id, name, code, external_id AS externalId, task_life_hours AS taskLifeHours, version, platform FROM merchant_data WHERE (version > 0) AND (external_id = 'matched-merchant') LIMIT 1000 OFFSET 0
[TeaQL SQL][query][607us] 1 rows returned outcome=success batchOutcome=not_applicable comment=matched merchant read with relation purpose=matched benchmark read auditReason= tracePath=[0:OPERATION:Merchant=query -> 1:REQUEST:Merchant= -> 2:RELATION:platform=Merchant.platform -> 3:PROVIDER:postgresql= -> 4:SQL:select=] mutationLineage=[]
SQL: -- TeaQL PLAIN
SELECT id, create_time AS createTime, last_update_time AS lastUpdateTime, name, version FROM platform_data WHERE (version > 0) AND (id = 1) LIMIT 1 OFFSET 0
[TeaQL SQL][query][764us] 1 rows returned outcome=success batchOutcome=not_applicable comment=matched merchant read with relation purpose=matched benchmark read auditReason= tracePath=[0:OPERATION:Merchant=query -> 1:REQUEST:Merchant= -> 2:PROVIDER:postgresql= -> 3:SQL:select=] mutationLineage=[]
SQL: -- TeaQL PLAIN
SELECT id, name, code, external_id AS externalId, task_life_hours AS taskLifeHours, version, platform FROM merchant_data WHERE (version > 0) AND (external_id = 'matched-merchant') LIMIT 1000 OFFSET 0
[TeaQL SQL][query][946us] 1 rows returned outcome=success batchOutcome=not_applicable comment=matched merchant read with relation purpose=matched benchmark read auditReason= tracePath=[0:OPERATION:Merchant=query -> 1:REQUEST:Merchant= -> 2:RELATION:platform=Merchant.platform -> 3:PROVIDER:postgresql= -> 4:SQL:select=] mutationLineage=[]
SQL: -- TeaQL PLAIN
SELECT id, create_time AS createTime, last_update_time AS lastUpdateTime, name, version FROM platform_data WHERE (version > 0) AND (id = 1) LIMIT 1 OFFSET 0
[TeaQL SQL][query][624us] 1 rows returned outcome=success batchOutcome=not_applicable comment=matched merchant read with relation purpose=matched benchmark read auditReason= tracePath=[0:OPERATION:Merchant=query -> 1:REQUEST:Merchant= -> 2:PROVIDER:postgresql= -> 3:SQL:select=] mutationLineage=[]
SQL: -- TeaQL PLAIN
SELECT id, name, code, external_id AS externalId, task_life_hours AS taskLifeHours, version, platform FROM merchant_data WHERE (version > 0) AND (external_id = 'matched-merchant') LIMIT 1000 OFFSET 0
[TeaQL SQL][query][578us] 1 rows returned outcome=success batchOutcome=not_applicable comment=matched merchant read with relation purpose=matched benchmark read auditReason= tracePath=[0:OPERATION:Merchant=query -> 1:REQUEST:Merchant= -> 2:RELATION:platform=Merchant.platform -> 3:PROVIDER:postgresql= -> 4:SQL:select=] mutationLineage=[]
SQL: -- TeaQL PLAIN
SELECT id, create_time AS createTime, last_update_time AS lastUpdateTime, name, version FROM platform_data WHERE (version > 0) AND (id = 1) LIMIT 1 OFFSET 0
[TeaQL SQL][query][698us] 1 rows returned outcome=success batchOutcome=not_applicable comment=matched merchant read with relation purpose=matched benchmark read auditReason= tracePath=[0:OPERATION:Merchant=query -> 1:REQUEST:Merchant= -> 2:PROVIDER:postgresql= -> 3:SQL:select=] mutationLineage=[]
SQL: -- TeaQL PLAIN
SELECT id, name, code, external_id AS externalId, task_life_hours AS taskLifeHours, version, platform FROM merchant_data WHERE (version > 0) AND (external_id = 'matched-merchant') LIMIT 1000 OFFSET 0
[TeaQL SQL][query][847us] 1 rows returned outcome=success batchOutcome=not_applicable comment=matched merchant read with relation purpose=matched benchmark read auditReason= tracePath=[0:OPERATION:Merchant=query -> 1:REQUEST:Merchant= -> 2:RELATION:platform=Merchant.platform -> 3:PROVIDER:postgresql= -> 4:SQL:select=] mutationLineage=[]
SQL: -- TeaQL PLAIN
SELECT id, create_time AS createTime, last_update_time AS lastUpdateTime, name, version FROM platform_data WHERE (version > 0) AND (id = 1) LIMIT 1 OFFSET 0
[TeaQL SQL][query][724us] 1 rows returned outcome=success batchOutcome=not_applicable comment=matched merchant read with relation purpose=matched benchmark read auditReason= tracePath=[0:OPERATION:Merchant=query -> 1:REQUEST:Merchant= -> 2:PROVIDER:postgresql= -> 3:SQL:select=] mutationLineage=[]
SQL: -- TeaQL PLAIN
SELECT id, name, code, external_id AS externalId, task_life_hours AS taskLifeHours, version, platform FROM merchant_data WHERE (version > 0) AND (external_id = 'matched-merchant') LIMIT 1000 OFFSET 0
[TeaQL SQL][query][746us] 1 rows returned outcome=success batchOutcome=not_applicable comment=matched merchant read with relation purpose=matched benchmark read auditReason= tracePath=[0:OPERATION:Merchant=query -> 1:REQUEST:Merchant= -> 2:RELATION:platform=Merchant.platform -> 3:PROVIDER:postgresql= -> 4:SQL:select=] mutationLineage=[]
SQL: -- TeaQL PLAIN
SELECT id, create_time AS createTime, last_update_time AS lastUpdateTime, name, version FROM platform_data WHERE (version > 0) AND (id = 1) LIMIT 1 OFFSET 0
[TeaQL SQL][query][681us] 1 rows returned outcome=success batchOutcome=not_applicable comment=matched merchant read with relation purpose=matched benchmark read auditReason= tracePath=[0:OPERATION:Merchant=query -> 1:REQUEST:Merchant= -> 2:PROVIDER:postgresql= -> 3:SQL:select=] mutationLineage=[]
SQL: -- TeaQL PLAIN
SELECT id, name, code, external_id AS externalId, task_life_hours AS taskLifeHours, version, platform FROM merchant_data WHERE (version > 0) AND (external_id = 'matched-merchant') LIMIT 1000 OFFSET 0
[TeaQL SQL][query][648us] 1 rows returned outcome=success batchOutcome=not_applicable comment=matched merchant read with relation purpose=matched benchmark read auditReason= tracePath=[0:OPERATION:Merchant=query -> 1:REQUEST:Merchant= -> 2:RELATION:platform=Merchant.platform -> 3:PROVIDER:postgresql= -> 4:SQL:select=] mutationLineage=[]
SQL: -- TeaQL PLAIN
SELECT id, create_time AS createTime, last_update_time AS lastUpdateTime, name, version FROM platform_data WHERE (version > 0) AND (id = 1) LIMIT 1 OFFSET 0
[TeaQL SQL][query][581us] 1 rows returned outcome=success batchOutcome=not_applicable comment=matched merchant read with relation purpose=matched benchmark read auditReason= tracePath=[0:OPERATION:Merchant=query -> 1:REQUEST:Merchant= -> 2:PROVIDER:postgresql= -> 3:SQL:select=] mutationLineage=[]
SQL: -- TeaQL PLAIN
SELECT id, name, code, external_id AS externalId, task_life_hours AS taskLifeHours, version, platform FROM merchant_data WHERE (version > 0) AND (external_id = 'matched-merchant') LIMIT 1000 OFFSET 0
[TeaQL SQL][query][518us] 1 rows returned outcome=success batchOutcome=not_applicable comment=matched merchant read with relation purpose=matched benchmark read auditReason= tracePath=[0:OPERATION:Merchant=query -> 1:REQUEST:Merchant= -> 2:RELATION:platform=Merchant.platform -> 3:PROVIDER:postgresql= -> 4:SQL:select=] mutationLineage=[]
SQL: -- TeaQL PLAIN
SELECT id, create_time AS createTime, last_update_time AS lastUpdateTime, name, version FROM platform_data WHERE (version > 0) AND (id = 1) LIMIT 1 OFFSET 0
[TeaQL SQL][query][688us] 1 rows returned outcome=success batchOutcome=not_applicable comment=matched merchant read with relation purpose=matched benchmark read auditReason= tracePath=[0:OPERATION:Merchant=query -> 1:REQUEST:Merchant= -> 2:PROVIDER:postgresql= -> 3:SQL:select=] mutationLineage=[]
SQL: -- TeaQL PLAIN
SELECT id, name, code, external_id AS externalId, task_life_hours AS taskLifeHours, version, platform FROM merchant_data WHERE (version > 0) AND (external_id = 'matched-merchant') LIMIT 1000 OFFSET 0
[TeaQL SQL][query][713us] 1 rows returned outcome=success batchOutcome=not_applicable comment=matched merchant read with relation purpose=matched benchmark read auditReason= tracePath=[0:OPERATION:Merchant=query -> 1:REQUEST:Merchant= -> 2:RELATION:platform=Merchant.platform -> 3:PROVIDER:postgresql= -> 4:SQL:select=] mutationLineage=[]
SQL: -- TeaQL PLAIN
SELECT id, create_time AS createTime, last_update_time AS lastUpdateTime, name, version FROM platform_data WHERE (version > 0) AND (id = 1) LIMIT 1 OFFSET 0
[TeaQL SQL][query][633us] 1 rows returned outcome=success batchOutcome=not_applicable comment=matched merchant read with relation purpose=matched benchmark read auditReason= tracePath=[0:OPERATION:Merchant=query -> 1:REQUEST:Merchant= -> 2:PROVIDER:postgresql= -> 3:SQL:select=] mutationLineage=[]
SQL: -- TeaQL PLAIN
SELECT id, name, code, external_id AS externalId, task_life_hours AS taskLifeHours, version, platform FROM merchant_data WHERE (version > 0) AND (external_id = 'matched-merchant') LIMIT 1000 OFFSET 0
[TeaQL SQL][query][753us] 1 rows returned outcome=success batchOutcome=not_applicable comment=matched merchant read with relation purpose=matched benchmark read auditReason= tracePath=[0:OPERATION:Merchant=query -> 1:REQUEST:Merchant= -> 2:RELATION:platform=Merchant.platform -> 3:PROVIDER:postgresql= -> 4:SQL:select=] mutationLineage=[]
SQL: -- TeaQL PLAIN
SELECT id, create_time AS createTime, last_update_time AS lastUpdateTime, name, version FROM platform_data WHERE (version > 0) AND (id = 1) LIMIT 1 OFFSET 0
[TeaQL SQL][query][641us] 1 rows returned outcome=success batchOutcome=not_applicable comment=matched merchant read with relation purpose=matched benchmark read auditReason= tracePath=[0:OPERATION:Merchant=query -> 1:REQUEST:Merchant= -> 2:PROVIDER:postgresql= -> 3:SQL:select=] mutationLineage=[]
SQL: -- TeaQL PLAIN
SELECT id, name, code, external_id AS externalId, task_life_hours AS taskLifeHours, version, platform FROM merchant_data WHERE (version > 0) AND (external_id = 'matched-merchant') LIMIT 1000 OFFSET 0
[TeaQL SQL][query][797us] 1 rows returned outcome=success batchOutcome=not_applicable comment=matched merchant read with relation purpose=matched benchmark read auditReason= tracePath=[0:OPERATION:Merchant=query -> 1:REQUEST:Merchant= -> 2:RELATION:platform=Merchant.platform -> 3:PROVIDER:postgresql= -> 4:SQL:select=] mutationLineage=[]
SQL: -- TeaQL PLAIN
SELECT id, create_time AS createTime, last_update_time AS lastUpdateTime, name, version FROM platform_data WHERE (version > 0) AND (id = 1) LIMIT 1 OFFSET 0
[TeaQL SQL][query][715us] 1 rows returned outcome=success batchOutcome=not_applicable comment=matched merchant read with relation purpose=matched benchmark read auditReason= tracePath=[0:OPERATION:Merchant=query -> 1:REQUEST:Merchant= -> 2:PROVIDER:postgresql= -> 3:SQL:select=] mutationLineage=[]
SQL: -- TeaQL PLAIN
SELECT id, name, code, external_id AS externalId, task_life_hours AS taskLifeHours, version, platform FROM merchant_data WHERE (version > 0) AND (external_id = 'matched-merchant') LIMIT 1000 OFFSET 0
[TeaQL SQL][query][728us] 1 rows returned outcome=success batchOutcome=not_applicable comment=matched merchant read with relation purpose=matched benchmark read auditReason= tracePath=[0:OPERATION:Merchant=query -> 1:REQUEST:Merchant= -> 2:RELATION:platform=Merchant.platform -> 3:PROVIDER:postgresql= -> 4:SQL:select=] mutationLineage=[]
SQL: -- TeaQL PLAIN
SELECT id, create_time AS createTime, last_update_time AS lastUpdateTime, name, version FROM platform_data WHERE (version > 0) AND (id = 1) LIMIT 1 OFFSET 0
[TeaQL SQL][query][715us] 1 rows returned outcome=success batchOutcome=not_applicable comment=matched merchant read with relation purpose=matched benchmark read auditReason= tracePath=[0:OPERATION:Merchant=query -> 1:REQUEST:Merchant= -> 2:PROVIDER:postgresql= -> 3:SQL:select=] mutationLineage=[]
SQL: -- TeaQL PLAIN
SELECT id, name, code, external_id AS externalId, task_life_hours AS taskLifeHours, version, platform FROM merchant_data WHERE (version > 0) AND (external_id = 'matched-merchant') LIMIT 1000 OFFSET 0
[TeaQL SQL][query][735us] 1 rows returned outcome=success batchOutcome=not_applicable comment=matched merchant read with relation purpose=matched benchmark read auditReason= tracePath=[0:OPERATION:Merchant=query -> 1:REQUEST:Merchant= -> 2:RELATION:platform=Merchant.platform -> 3:PROVIDER:postgresql= -> 4:SQL:select=] mutationLineage=[]
SQL: -- TeaQL PLAIN
SELECT id, create_time AS createTime, last_update_time AS lastUpdateTime, name, version FROM platform_data WHERE (version > 0) AND (id = 1) LIMIT 1 OFFSET 0
[TeaQL SQL][query][620us] 1 rows returned outcome=success batchOutcome=not_applicable comment=matched merchant read with relation purpose=matched benchmark read auditReason= tracePath=[0:OPERATION:Merchant=query -> 1:REQUEST:Merchant= -> 2:PROVIDER:postgresql= -> 3:SQL:select=] mutationLineage=[]
SQL: -- TeaQL PLAIN
SELECT id, name, code, external_id AS externalId, task_life_hours AS taskLifeHours, version, platform FROM merchant_data WHERE (version > 0) AND (external_id = 'matched-merchant') LIMIT 1000 OFFSET 0
[TeaQL SQL][query][697us] 1 rows returned outcome=success batchOutcome=not_applicable comment=matched merchant read with relation purpose=matched benchmark read auditReason= tracePath=[0:OPERATION:Merchant=query -> 1:REQUEST:Merchant= -> 2:RELATION:platform=Merchant.platform -> 3:PROVIDER:postgresql= -> 4:SQL:select=] mutationLineage=[]
SQL: -- TeaQL PLAIN
SELECT id, create_time AS createTime, last_update_time AS lastUpdateTime, name, version FROM platform_data WHERE (version > 0) AND (id = 1) LIMIT 1 OFFSET 0
[TeaQL SQL][query][650us] 1 rows returned outcome=success batchOutcome=not_applicable comment=matched merchant read with relation purpose=matched benchmark read auditReason= tracePath=[0:OPERATION:Merchant=query -> 1:REQUEST:Merchant= -> 2:PROVIDER:postgresql= -> 3:SQL:select=] mutationLineage=[]
SQL: -- TeaQL PLAIN
SELECT id, name, code, external_id AS externalId, task_life_hours AS taskLifeHours, version, platform FROM merchant_data WHERE (version > 0) AND (external_id = 'matched-merchant') LIMIT 1000 OFFSET 0
[TeaQL SQL][query][721us] 1 rows returned outcome=success batchOutcome=not_applicable comment=matched merchant read with relation purpose=matched benchmark read auditReason= tracePath=[0:OPERATION:Merchant=query -> 1:REQUEST:Merchant= -> 2:RELATION:platform=Merchant.platform -> 3:PROVIDER:postgresql= -> 4:SQL:select=] mutationLineage=[]
SQL: -- TeaQL PLAIN
SELECT id, create_time AS createTime, last_update_time AS lastUpdateTime, name, version FROM platform_data WHERE (version > 0) AND (id = 1) LIMIT 1 OFFSET 0
[TeaQL SQL][query][599us] 1 rows returned outcome=success batchOutcome=not_applicable comment=matched merchant read with relation purpose=matched benchmark read auditReason= tracePath=[0:OPERATION:Merchant=query -> 1:REQUEST:Merchant= -> 2:PROVIDER:postgresql= -> 3:SQL:select=] mutationLineage=[]
SQL: -- TeaQL PLAIN
SELECT id, name, code, external_id AS externalId, task_life_hours AS taskLifeHours, version, platform FROM merchant_data WHERE (version > 0) AND (external_id = 'matched-merchant') LIMIT 1000 OFFSET 0
[TeaQL SQL][query][683us] 1 rows returned outcome=success batchOutcome=not_applicable comment=matched merchant read with relation purpose=matched benchmark read auditReason= tracePath=[0:OPERATION:Merchant=query -> 1:REQUEST:Merchant= -> 2:RELATION:platform=Merchant.platform -> 3:PROVIDER:postgresql= -> 4:SQL:select=] mutationLineage=[]
SQL: -- TeaQL PLAIN
SELECT id, create_time AS createTime, last_update_time AS lastUpdateTime, name, version FROM platform_data WHERE (version > 0) AND (id = 1) LIMIT 1 OFFSET 0
[TeaQL SQL][query][733us] 1 rows returned outcome=success batchOutcome=not_applicable comment=matched merchant read with relation purpose=matched benchmark read auditReason= tracePath=[0:OPERATION:Merchant=query -> 1:REQUEST:Merchant= -> 2:PROVIDER:postgresql= -> 3:SQL:select=] mutationLineage=[]
SQL: -- TeaQL PLAIN
SELECT id, name, code, external_id AS externalId, task_life_hours AS taskLifeHours, version, platform FROM merchant_data WHERE (version > 0) AND (external_id = 'matched-merchant') LIMIT 1000 OFFSET 0
[TeaQL SQL][query][725us] 1 rows returned outcome=success batchOutcome=not_applicable comment=matched merchant read with relation purpose=matched benchmark read auditReason= tracePath=[0:OPERATION:Merchant=query -> 1:REQUEST:Merchant= -> 2:RELATION:platform=Merchant.platform -> 3:PROVIDER:postgresql= -> 4:SQL:select=] mutationLineage=[]
SQL: -- TeaQL PLAIN
SELECT id, create_time AS createTime, last_update_time AS lastUpdateTime, name, version FROM platform_data WHERE (version > 0) AND (id = 1) LIMIT 1 OFFSET 0
[TeaQL SQL][query][627us] 1 rows returned outcome=success batchOutcome=not_applicable comment=matched merchant read with relation purpose=matched benchmark read auditReason= tracePath=[0:OPERATION:Merchant=query -> 1:REQUEST:Merchant= -> 2:PROVIDER:postgresql= -> 3:SQL:select=] mutationLineage=[]
SQL: -- TeaQL PLAIN
SELECT id, name, code, external_id AS externalId, task_life_hours AS taskLifeHours, version, platform FROM merchant_data WHERE (version > 0) AND (external_id = 'matched-merchant') LIMIT 1000 OFFSET 0
[TeaQL SQL][query][641us] 1 rows returned outcome=success batchOutcome=not_applicable comment=matched merchant read with relation purpose=matched benchmark read auditReason= tracePath=[0:OPERATION:Merchant=query -> 1:REQUEST:Merchant= -> 2:RELATION:platform=Merchant.platform -> 3:PROVIDER:postgresql= -> 4:SQL:select=] mutationLineage=[]
SQL: -- TeaQL PLAIN
SELECT id, create_time AS createTime, last_update_time AS lastUpdateTime, name, version FROM platform_data WHERE (version > 0) AND (id = 1) LIMIT 1 OFFSET 0
[TeaQL SQL][query][628us] 1 rows returned outcome=success batchOutcome=not_applicable comment=matched merchant read with relation purpose=matched benchmark read auditReason= tracePath=[0:OPERATION:Merchant=query -> 1:REQUEST:Merchant= -> 2:PROVIDER:postgresql= -> 3:SQL:select=] mutationLineage=[]
SQL: -- TeaQL PLAIN
SELECT id, name, code, external_id AS externalId, task_life_hours AS taskLifeHours, version, platform FROM merchant_data WHERE (version > 0) AND (external_id = 'matched-merchant') LIMIT 1000 OFFSET 0
[TeaQL SQL][query][670us] 1 rows returned outcome=success batchOutcome=not_applicable comment=matched merchant read with relation purpose=matched benchmark read auditReason= tracePath=[0:OPERATION:Merchant=query -> 1:REQUEST:Merchant= -> 2:RELATION:platform=Merchant.platform -> 3:PROVIDER:postgresql= -> 4:SQL:select=] mutationLineage=[]
SQL: -- TeaQL PLAIN
SELECT id, create_time AS createTime, last_update_time AS lastUpdateTime, name, version FROM platform_data WHERE (version > 0) AND (id = 1) LIMIT 1 OFFSET 0
[TeaQL SQL][query][532us] 1 rows returned outcome=success batchOutcome=not_applicable comment=matched merchant read with relation purpose=matched benchmark read auditReason= tracePath=[0:OPERATION:Merchant=query -> 1:REQUEST:Merchant= -> 2:PROVIDER:postgresql= -> 3:SQL:select=] mutationLineage=[]
SQL: -- TeaQL PLAIN
SELECT id, name, code, external_id AS externalId, task_life_hours AS taskLifeHours, version, platform FROM merchant_data WHERE (version > 0) AND (external_id = 'matched-merchant') LIMIT 1000 OFFSET 0
[TeaQL SQL][query][677us] 1 rows returned outcome=success batchOutcome=not_applicable comment=matched merchant read with relation purpose=matched benchmark read auditReason= tracePath=[0:OPERATION:Merchant=query -> 1:REQUEST:Merchant= -> 2:RELATION:platform=Merchant.platform -> 3:PROVIDER:postgresql= -> 4:SQL:select=] mutationLineage=[]
SQL: -- TeaQL PLAIN
SELECT id, create_time AS createTime, last_update_time AS lastUpdateTime, name, version FROM platform_data WHERE (version > 0) AND (id = 1) LIMIT 1 OFFSET 0
[TeaQL SQL][query][645us] 1 rows returned outcome=success batchOutcome=not_applicable comment=matched merchant read with relation purpose=matched benchmark read auditReason= tracePath=[0:OPERATION:Merchant=query -> 1:REQUEST:Merchant= -> 2:PROVIDER:postgresql= -> 3:SQL:select=] mutationLineage=[]
SQL: -- TeaQL PLAIN
SELECT id, name, code, external_id AS externalId, task_life_hours AS taskLifeHours, version, platform FROM merchant_data WHERE (version > 0) AND (external_id = 'matched-merchant') LIMIT 1000 OFFSET 0
[TeaQL SQL][query][668us] 1 rows returned outcome=success batchOutcome=not_applicable comment=matched merchant read with relation purpose=matched benchmark read auditReason= tracePath=[0:OPERATION:Merchant=query -> 1:REQUEST:Merchant= -> 2:RELATION:platform=Merchant.platform -> 3:PROVIDER:postgresql= -> 4:SQL:select=] mutationLineage=[]
SQL: -- TeaQL PLAIN
SELECT id, create_time AS createTime, last_update_time AS lastUpdateTime, name, version FROM platform_data WHERE (version > 0) AND (id = 1) LIMIT 1 OFFSET 0
[TeaQL SQL][query][591us] 1 rows returned outcome=success batchOutcome=not_applicable comment=matched merchant read with relation purpose=matched benchmark read auditReason= tracePath=[0:OPERATION:Merchant=query -> 1:REQUEST:Merchant= -> 2:PROVIDER:postgresql= -> 3:SQL:select=] mutationLineage=[]
SQL: -- TeaQL PLAIN
SELECT id, name, code, external_id AS externalId, task_life_hours AS taskLifeHours, version, platform FROM merchant_data WHERE (version > 0) AND (external_id = 'matched-merchant') LIMIT 1000 OFFSET 0
[TeaQL SQL][query][628us] 1 rows returned outcome=success batchOutcome=not_applicable comment=matched merchant read with relation purpose=matched benchmark read auditReason= tracePath=[0:OPERATION:Merchant=query -> 1:REQUEST:Merchant= -> 2:RELATION:platform=Merchant.platform -> 3:PROVIDER:postgresql= -> 4:SQL:select=] mutationLineage=[]
SQL: -- TeaQL PLAIN
SELECT id, create_time AS createTime, last_update_time AS lastUpdateTime, name, version FROM platform_data WHERE (version > 0) AND (id = 1) LIMIT 1 OFFSET 0
[TeaQL SQL][query][653us] 1 rows returned outcome=success batchOutcome=not_applicable comment=matched merchant read with relation purpose=matched benchmark read auditReason= tracePath=[0:OPERATION:Merchant=query -> 1:REQUEST:Merchant= -> 2:PROVIDER:postgresql= -> 3:SQL:select=] mutationLineage=[]
SQL: -- TeaQL PLAIN
SELECT id, name, code, external_id AS externalId, task_life_hours AS taskLifeHours, version, platform FROM merchant_data WHERE (version > 0) AND (external_id = 'matched-merchant') LIMIT 1000 OFFSET 0
[TeaQL SQL][query][719us] 1 rows returned outcome=success batchOutcome=not_applicable comment=matched merchant read with relation purpose=matched benchmark read auditReason= tracePath=[0:OPERATION:Merchant=query -> 1:REQUEST:Merchant= -> 2:RELATION:platform=Merchant.platform -> 3:PROVIDER:postgresql= -> 4:SQL:select=] mutationLineage=[]
SQL: -- TeaQL PLAIN
SELECT id, create_time AS createTime, last_update_time AS lastUpdateTime, name, version FROM platform_data WHERE (version > 0) AND (id = 1) LIMIT 1 OFFSET 0
[TeaQL SQL][query][583us] 1 rows returned outcome=success batchOutcome=not_applicable comment=matched merchant read with relation purpose=matched benchmark read auditReason= tracePath=[0:OPERATION:Merchant=query -> 1:REQUEST:Merchant= -> 2:PROVIDER:postgresql= -> 3:SQL:select=] mutationLineage=[]
SQL: -- TeaQL PLAIN
SELECT id, name, code, external_id AS externalId, task_life_hours AS taskLifeHours, version, platform FROM merchant_data WHERE (version > 0) AND (external_id = 'matched-merchant') LIMIT 1000 OFFSET 0
[TeaQL SQL][query][715us] 1 rows returned outcome=success batchOutcome=not_applicable comment=matched merchant read with relation purpose=matched benchmark read auditReason= tracePath=[0:OPERATION:Merchant=query -> 1:REQUEST:Merchant= -> 2:RELATION:platform=Merchant.platform -> 3:PROVIDER:postgresql= -> 4:SQL:select=] mutationLineage=[]
SQL: -- TeaQL PLAIN
SELECT id, create_time AS createTime, last_update_time AS lastUpdateTime, name, version FROM platform_data WHERE (version > 0) AND (id = 1) LIMIT 1 OFFSET 0
[TeaQL SQL][query][597us] 1 rows returned outcome=success batchOutcome=not_applicable comment=matched merchant read with relation purpose=matched benchmark read auditReason= tracePath=[0:OPERATION:Merchant=query -> 1:REQUEST:Merchant= -> 2:PROVIDER:postgresql= -> 3:SQL:select=] mutationLineage=[]
SQL: -- TeaQL PLAIN
SELECT id, name, code, external_id AS externalId, task_life_hours AS taskLifeHours, version, platform FROM merchant_data WHERE (version > 0) AND (external_id = 'matched-merchant') LIMIT 1000 OFFSET 0
[TeaQL SQL][query][657us] 1 rows returned outcome=success batchOutcome=not_applicable comment=matched merchant read with relation purpose=matched benchmark read auditReason= tracePath=[0:OPERATION:Merchant=query -> 1:REQUEST:Merchant= -> 2:RELATION:platform=Merchant.platform -> 3:PROVIDER:postgresql= -> 4:SQL:select=] mutationLineage=[]
SQL: -- TeaQL PLAIN
SELECT id, create_time AS createTime, last_update_time AS lastUpdateTime, name, version FROM platform_data WHERE (version > 0) AND (id = 1) LIMIT 1 OFFSET 0
[TeaQL SQL][query][570us] 1 rows returned outcome=success batchOutcome=not_applicable comment=matched merchant read with relation purpose=matched benchmark read auditReason= tracePath=[0:OPERATION:Merchant=query -> 1:REQUEST:Merchant= -> 2:PROVIDER:postgresql= -> 3:SQL:select=] mutationLineage=[]
SQL: -- TeaQL PLAIN
SELECT id, name, code, external_id AS externalId, task_life_hours AS taskLifeHours, version, platform FROM merchant_data WHERE (version > 0) AND (external_id = 'matched-merchant') LIMIT 1000 OFFSET 0
[TeaQL SQL][query][655us] 1 rows returned outcome=success batchOutcome=not_applicable comment=matched merchant read with relation purpose=matched benchmark read auditReason= tracePath=[0:OPERATION:Merchant=query -> 1:REQUEST:Merchant= -> 2:RELATION:platform=Merchant.platform -> 3:PROVIDER:postgresql= -> 4:SQL:select=] mutationLineage=[]
SQL: -- TeaQL PLAIN
SELECT id, create_time AS createTime, last_update_time AS lastUpdateTime, name, version FROM platform_data WHERE (version > 0) AND (id = 1) LIMIT 1 OFFSET 0
[TeaQL SQL][query][611us] 1 rows returned outcome=success batchOutcome=not_applicable comment=matched merchant read with relation purpose=matched benchmark read auditReason= tracePath=[0:OPERATION:Merchant=query -> 1:REQUEST:Merchant= -> 2:PROVIDER:postgresql= -> 3:SQL:select=] mutationLineage=[]
SQL: -- TeaQL PLAIN
SELECT id, name, code, external_id AS externalId, task_life_hours AS taskLifeHours, version, platform FROM merchant_data WHERE (version > 0) AND (external_id = 'matched-merchant') LIMIT 1000 OFFSET 0
[TeaQL SQL][query][660us] 1 rows returned outcome=success batchOutcome=not_applicable comment=matched merchant read with relation purpose=matched benchmark read auditReason= tracePath=[0:OPERATION:Merchant=query -> 1:REQUEST:Merchant= -> 2:RELATION:platform=Merchant.platform -> 3:PROVIDER:postgresql= -> 4:SQL:select=] mutationLineage=[]
SQL: -- TeaQL PLAIN
SELECT id, create_time AS createTime, last_update_time AS lastUpdateTime, name, version FROM platform_data WHERE (version > 0) AND (id = 1) LIMIT 1 OFFSET 0
[TeaQL SQL][query][533us] 1 rows returned outcome=success batchOutcome=not_applicable comment=matched merchant read with relation purpose=matched benchmark read auditReason= tracePath=[0:OPERATION:Merchant=query -> 1:REQUEST:Merchant= -> 2:PROVIDER:postgresql= -> 3:SQL:select=] mutationLineage=[]
SQL: -- TeaQL PLAIN
SELECT id, name, code, external_id AS externalId, task_life_hours AS taskLifeHours, version, platform FROM merchant_data WHERE (version > 0) AND (external_id = 'matched-merchant') LIMIT 1000 OFFSET 0
[TeaQL SQL][query][495us] 1 rows returned outcome=success batchOutcome=not_applicable comment=matched merchant read with relation purpose=matched benchmark read auditReason= tracePath=[0:OPERATION:Merchant=query -> 1:REQUEST:Merchant= -> 2:RELATION:platform=Merchant.platform -> 3:PROVIDER:postgresql= -> 4:SQL:select=] mutationLineage=[]
SQL: -- TeaQL PLAIN
SELECT id, create_time AS createTime, last_update_time AS lastUpdateTime, name, version FROM platform_data WHERE (version > 0) AND (id = 1) LIMIT 1 OFFSET 0
[TeaQL SQL][query][563us] 1 rows returned outcome=success batchOutcome=not_applicable comment=matched merchant read with relation purpose=matched benchmark read auditReason= tracePath=[0:OPERATION:Merchant=query -> 1:REQUEST:Merchant= -> 2:PROVIDER:postgresql= -> 3:SQL:select=] mutationLineage=[]
SQL: -- TeaQL PLAIN
SELECT id, name, code, external_id AS externalId, task_life_hours AS taskLifeHours, version, platform FROM merchant_data WHERE (version > 0) AND (external_id = 'matched-merchant') LIMIT 1000 OFFSET 0
[TeaQL SQL][query][648us] 1 rows returned outcome=success batchOutcome=not_applicable comment=matched merchant read with relation purpose=matched benchmark read auditReason= tracePath=[0:OPERATION:Merchant=query -> 1:REQUEST:Merchant= -> 2:RELATION:platform=Merchant.platform -> 3:PROVIDER:postgresql= -> 4:SQL:select=] mutationLineage=[]
SQL: -- TeaQL PLAIN
SELECT id, create_time AS createTime, last_update_time AS lastUpdateTime, name, version FROM platform_data WHERE (version > 0) AND (id = 1) LIMIT 1 OFFSET 0
[TeaQL SQL][query][651us] 1 rows returned outcome=success batchOutcome=not_applicable comment=matched merchant read with relation purpose=matched benchmark read auditReason= tracePath=[0:OPERATION:Merchant=query -> 1:REQUEST:Merchant= -> 2:PROVIDER:postgresql= -> 3:SQL:select=] mutationLineage=[]
SQL: -- TeaQL PLAIN
SELECT id, name, code, external_id AS externalId, task_life_hours AS taskLifeHours, version, platform FROM merchant_data WHERE (version > 0) AND (external_id = 'matched-merchant') LIMIT 1000 OFFSET 0
[TeaQL SQL][query][659us] 1 rows returned outcome=success batchOutcome=not_applicable comment=matched merchant read with relation purpose=matched benchmark read auditReason= tracePath=[0:OPERATION:Merchant=query -> 1:REQUEST:Merchant= -> 2:RELATION:platform=Merchant.platform -> 3:PROVIDER:postgresql= -> 4:SQL:select=] mutationLineage=[]
SQL: -- TeaQL PLAIN
SELECT id, create_time AS createTime, last_update_time AS lastUpdateTime, name, version FROM platform_data WHERE (version > 0) AND (id = 1) LIMIT 1 OFFSET 0
[TeaQL SQL][query][646us] 1 rows returned outcome=success batchOutcome=not_applicable comment=matched merchant read with relation purpose=matched benchmark read auditReason= tracePath=[0:OPERATION:Merchant=query -> 1:REQUEST:Merchant= -> 2:PROVIDER:postgresql= -> 3:SQL:select=] mutationLineage=[]
SQL: -- TeaQL PLAIN
SELECT id, name, code, external_id AS externalId, task_life_hours AS taskLifeHours, version, platform FROM merchant_data WHERE (version > 0) AND (external_id = 'matched-merchant') LIMIT 1000 OFFSET 0
[TeaQL SQL][query][657us] 1 rows returned outcome=success batchOutcome=not_applicable comment=matched merchant read with relation purpose=matched benchmark read auditReason= tracePath=[0:OPERATION:Merchant=query -> 1:REQUEST:Merchant= -> 2:RELATION:platform=Merchant.platform -> 3:PROVIDER:postgresql= -> 4:SQL:select=] mutationLineage=[]
SQL: -- TeaQL PLAIN
SELECT id, create_time AS createTime, last_update_time AS lastUpdateTime, name, version FROM platform_data WHERE (version > 0) AND (id = 1) LIMIT 1 OFFSET 0
[TeaQL SQL][query][565us] 1 rows returned outcome=success batchOutcome=not_applicable comment=matched merchant read with relation purpose=matched benchmark read auditReason= tracePath=[0:OPERATION:Merchant=query -> 1:REQUEST:Merchant= -> 2:PROVIDER:postgresql= -> 3:SQL:select=] mutationLineage=[]
SQL: -- TeaQL PLAIN
SELECT id, name, code, external_id AS externalId, task_life_hours AS taskLifeHours, version, platform FROM merchant_data WHERE (version > 0) AND (external_id = 'matched-merchant') LIMIT 1000 OFFSET 0
[TeaQL SQL][query][539us] 1 rows returned outcome=success batchOutcome=not_applicable comment=matched merchant read with relation purpose=matched benchmark read auditReason= tracePath=[0:OPERATION:Merchant=query -> 1:REQUEST:Merchant= -> 2:RELATION:platform=Merchant.platform -> 3:PROVIDER:postgresql= -> 4:SQL:select=] mutationLineage=[]
SQL: -- TeaQL PLAIN
SELECT id, create_time AS createTime, last_update_time AS lastUpdateTime, name, version FROM platform_data WHERE (version > 0) AND (id = 1) LIMIT 1 OFFSET 0
[TeaQL SQL][query][576us] 1 rows returned outcome=success batchOutcome=not_applicable comment=matched merchant read with relation purpose=matched benchmark read auditReason= tracePath=[0:OPERATION:Merchant=query -> 1:REQUEST:Merchant= -> 2:PROVIDER:postgresql= -> 3:SQL:select=] mutationLineage=[]
SQL: -- TeaQL PLAIN
SELECT id, name, code, external_id AS externalId, task_life_hours AS taskLifeHours, version, platform FROM merchant_data WHERE (version > 0) AND (external_id = 'matched-merchant') LIMIT 1000 OFFSET 0
[TeaQL SQL][query][674us] 1 rows returned outcome=success batchOutcome=not_applicable comment=matched merchant read with relation purpose=matched benchmark read auditReason= tracePath=[0:OPERATION:Merchant=query -> 1:REQUEST:Merchant= -> 2:RELATION:platform=Merchant.platform -> 3:PROVIDER:postgresql= -> 4:SQL:select=] mutationLineage=[]
SQL: -- TeaQL PLAIN
SELECT id, create_time AS createTime, last_update_time AS lastUpdateTime, name, version FROM platform_data WHERE (version > 0) AND (id = 1) LIMIT 1 OFFSET 0
[TeaQL SQL][query][619us] 1 rows returned outcome=success batchOutcome=not_applicable comment=matched merchant read with relation purpose=matched benchmark read auditReason= tracePath=[0:OPERATION:Merchant=query -> 1:REQUEST:Merchant= -> 2:PROVIDER:postgresql= -> 3:SQL:select=] mutationLineage=[]
SQL: -- TeaQL PLAIN
SELECT id, name, code, external_id AS externalId, task_life_hours AS taskLifeHours, version, platform FROM merchant_data WHERE (version > 0) AND (external_id = 'matched-merchant') LIMIT 1000 OFFSET 0
[TeaQL SQL][query][667us] 1 rows returned outcome=success batchOutcome=not_applicable comment=matched merchant read with relation purpose=matched benchmark read auditReason= tracePath=[0:OPERATION:Merchant=query -> 1:REQUEST:Merchant= -> 2:RELATION:platform=Merchant.platform -> 3:PROVIDER:postgresql= -> 4:SQL:select=] mutationLineage=[]
SQL: -- TeaQL PLAIN
SELECT id, create_time AS createTime, last_update_time AS lastUpdateTime, name, version FROM platform_data WHERE (version > 0) AND (id = 1) LIMIT 1 OFFSET 0
[TeaQL SQL][query][716us] 1 rows returned outcome=success batchOutcome=not_applicable comment=matched merchant read with relation purpose=matched benchmark read auditReason= tracePath=[0:OPERATION:Merchant=query -> 1:REQUEST:Merchant= -> 2:PROVIDER:postgresql= -> 3:SQL:select=] mutationLineage=[]
SQL: -- TeaQL PLAIN
SELECT id, name, code, external_id AS externalId, task_life_hours AS taskLifeHours, version, platform FROM merchant_data WHERE (version > 0) AND (external_id = 'matched-merchant') LIMIT 1000 OFFSET 0
[TeaQL SQL][query][672us] 1 rows returned outcome=success batchOutcome=not_applicable comment=matched merchant read with relation purpose=matched benchmark read auditReason= tracePath=[0:OPERATION:Merchant=query -> 1:REQUEST:Merchant= -> 2:RELATION:platform=Merchant.platform -> 3:PROVIDER:postgresql= -> 4:SQL:select=] mutationLineage=[]
SQL: -- TeaQL PLAIN
SELECT id, create_time AS createTime, last_update_time AS lastUpdateTime, name, version FROM platform_data WHERE (version > 0) AND (id = 1) LIMIT 1 OFFSET 0
[TeaQL SQL][query][647us] 1 rows returned outcome=success batchOutcome=not_applicable comment=matched merchant read with relation purpose=matched benchmark read auditReason= tracePath=[0:OPERATION:Merchant=query -> 1:REQUEST:Merchant= -> 2:PROVIDER:postgresql= -> 3:SQL:select=] mutationLineage=[]
SQL: -- TeaQL PLAIN
SELECT id, name, code, external_id AS externalId, task_life_hours AS taskLifeHours, version, platform FROM merchant_data WHERE (version > 0) AND (external_id = 'matched-merchant') LIMIT 1000 OFFSET 0
[TeaQL SQL][query][537us] 1 rows returned outcome=success batchOutcome=not_applicable comment=matched merchant read with relation purpose=matched benchmark read auditReason= tracePath=[0:OPERATION:Merchant=query -> 1:REQUEST:Merchant= -> 2:RELATION:platform=Merchant.platform -> 3:PROVIDER:postgresql= -> 4:SQL:select=] mutationLineage=[]
SQL: -- TeaQL PLAIN
SELECT id, create_time AS createTime, last_update_time AS lastUpdateTime, name, version FROM platform_data WHERE (version > 0) AND (id = 1) LIMIT 1 OFFSET 0
[TeaQL SQL][query][544us] 1 rows returned outcome=success batchOutcome=not_applicable comment=matched merchant read with relation purpose=matched benchmark read auditReason= tracePath=[0:OPERATION:Merchant=query -> 1:REQUEST:Merchant= -> 2:PROVIDER:postgresql= -> 3:SQL:select=] mutationLineage=[]
SQL: -- TeaQL PLAIN
SELECT id, name, code, external_id AS externalId, task_life_hours AS taskLifeHours, version, platform FROM merchant_data WHERE (version > 0) AND (external_id = 'matched-merchant') LIMIT 1000 OFFSET 0
[TeaQL SQL][query][503us] 1 rows returned outcome=success batchOutcome=not_applicable comment=matched merchant read with relation purpose=matched benchmark read auditReason= tracePath=[0:OPERATION:Merchant=query -> 1:REQUEST:Merchant= -> 2:RELATION:platform=Merchant.platform -> 3:PROVIDER:postgresql= -> 4:SQL:select=] mutationLineage=[]
SQL: -- TeaQL PLAIN
SELECT id, create_time AS createTime, last_update_time AS lastUpdateTime, name, version FROM platform_data WHERE (version > 0) AND (id = 1) LIMIT 1 OFFSET 0
[TeaQL SQL][query][577us] 1 rows returned outcome=success batchOutcome=not_applicable comment=matched merchant read with relation purpose=matched benchmark read auditReason= tracePath=[0:OPERATION:Merchant=query -> 1:REQUEST:Merchant= -> 2:PROVIDER:postgresql= -> 3:SQL:select=] mutationLineage=[]
SQL: -- TeaQL PLAIN
SELECT id, name, code, external_id AS externalId, task_life_hours AS taskLifeHours, version, platform FROM merchant_data WHERE (version > 0) AND (external_id = 'matched-merchant') LIMIT 1000 OFFSET 0
[TeaQL SQL][query][543us] 1 rows returned outcome=success batchOutcome=not_applicable comment=matched merchant read with relation purpose=matched benchmark read auditReason= tracePath=[0:OPERATION:Merchant=query -> 1:REQUEST:Merchant= -> 2:RELATION:platform=Merchant.platform -> 3:PROVIDER:postgresql= -> 4:SQL:select=] mutationLineage=[]
SQL: -- TeaQL PLAIN
SELECT id, create_time AS createTime, last_update_time AS lastUpdateTime, name, version FROM platform_data WHERE (version > 0) AND (id = 1) LIMIT 1 OFFSET 0
[TeaQL SQL][query][607us] 1 rows returned outcome=success batchOutcome=not_applicable comment=matched merchant read with relation purpose=matched benchmark read auditReason= tracePath=[0:OPERATION:Merchant=query -> 1:REQUEST:Merchant= -> 2:PROVIDER:postgresql= -> 3:SQL:select=] mutationLineage=[]
SQL: -- TeaQL PLAIN
SELECT id, name, code, external_id AS externalId, task_life_hours AS taskLifeHours, version, platform FROM merchant_data WHERE (version > 0) AND (external_id = 'matched-merchant') LIMIT 1000 OFFSET 0
[TeaQL SQL][query][602us] 1 rows returned outcome=success batchOutcome=not_applicable comment=matched merchant read with relation purpose=matched benchmark read auditReason= tracePath=[0:OPERATION:Merchant=query -> 1:REQUEST:Merchant= -> 2:RELATION:platform=Merchant.platform -> 3:PROVIDER:postgresql= -> 4:SQL:select=] mutationLineage=[]
SQL: -- TeaQL PLAIN
SELECT id, create_time AS createTime, last_update_time AS lastUpdateTime, name, version FROM platform_data WHERE (version > 0) AND (id = 1) LIMIT 1 OFFSET 0
[TeaQL SQL][query][552us] 1 rows returned outcome=success batchOutcome=not_applicable comment=matched merchant read with relation purpose=matched benchmark read auditReason= tracePath=[0:OPERATION:Merchant=query -> 1:REQUEST:Merchant= -> 2:PROVIDER:postgresql= -> 3:SQL:select=] mutationLineage=[]
SQL: -- TeaQL PLAIN
SELECT id, name, code, external_id AS externalId, task_life_hours AS taskLifeHours, version, platform FROM merchant_data WHERE (version > 0) AND (external_id = 'matched-merchant') LIMIT 1000 OFFSET 0
[TeaQL SQL][query][529us] 1 rows returned outcome=success batchOutcome=not_applicable comment=matched merchant read with relation purpose=matched benchmark read auditReason= tracePath=[0:OPERATION:Merchant=query -> 1:REQUEST:Merchant= -> 2:RELATION:platform=Merchant.platform -> 3:PROVIDER:postgresql= -> 4:SQL:select=] mutationLineage=[]
SQL: -- TeaQL PLAIN
SELECT id, create_time AS createTime, last_update_time AS lastUpdateTime, name, version FROM platform_data WHERE (version > 0) AND (id = 1) LIMIT 1 OFFSET 0
[TeaQL SQL][query][622us] 1 rows returned outcome=success batchOutcome=not_applicable comment=matched merchant read with relation purpose=matched benchmark read auditReason= tracePath=[0:OPERATION:Merchant=query -> 1:REQUEST:Merchant= -> 2:PROVIDER:postgresql= -> 3:SQL:select=] mutationLineage=[]
SQL: -- TeaQL PLAIN
SELECT id, name, code, external_id AS externalId, task_life_hours AS taskLifeHours, version, platform FROM merchant_data WHERE (version > 0) AND (external_id = 'matched-merchant') LIMIT 1000 OFFSET 0
[TeaQL SQL][query][672us] 1 rows returned outcome=success batchOutcome=not_applicable comment=matched merchant read with relation purpose=matched benchmark read auditReason= tracePath=[0:OPERATION:Merchant=query -> 1:REQUEST:Merchant= -> 2:RELATION:platform=Merchant.platform -> 3:PROVIDER:postgresql= -> 4:SQL:select=] mutationLineage=[]
SQL: -- TeaQL PLAIN
SELECT id, create_time AS createTime, last_update_time AS lastUpdateTime, name, version FROM platform_data WHERE (version > 0) AND (id = 1) LIMIT 1 OFFSET 0
[TeaQL SQL][query][645us] 1 rows returned outcome=success batchOutcome=not_applicable comment=matched merchant read with relation purpose=matched benchmark read auditReason= tracePath=[0:OPERATION:Merchant=query -> 1:REQUEST:Merchant= -> 2:PROVIDER:postgresql= -> 3:SQL:select=] mutationLineage=[]
SQL: -- TeaQL PLAIN
SELECT id, name, code, external_id AS externalId, task_life_hours AS taskLifeHours, version, platform FROM merchant_data WHERE (version > 0) AND (external_id = 'matched-merchant') LIMIT 1000 OFFSET 0
[TeaQL SQL][query][627us] 1 rows returned outcome=success batchOutcome=not_applicable comment=matched merchant read with relation purpose=matched benchmark read auditReason= tracePath=[0:OPERATION:Merchant=query -> 1:REQUEST:Merchant= -> 2:RELATION:platform=Merchant.platform -> 3:PROVIDER:postgresql= -> 4:SQL:select=] mutationLineage=[]
SQL: -- TeaQL PLAIN
SELECT id, create_time AS createTime, last_update_time AS lastUpdateTime, name, version FROM platform_data WHERE (version > 0) AND (id = 1) LIMIT 1 OFFSET 0
[TeaQL SQL][query][759us] 1 rows returned outcome=success batchOutcome=not_applicable comment=matched merchant read with relation purpose=matched benchmark read auditReason= tracePath=[0:OPERATION:Merchant=query -> 1:REQUEST:Merchant= -> 2:PROVIDER:postgresql= -> 3:SQL:select=] mutationLineage=[]
SQL: -- TeaQL PLAIN
SELECT id, name, code, external_id AS externalId, task_life_hours AS taskLifeHours, version, platform FROM merchant_data WHERE (version > 0) AND (external_id = 'matched-merchant') LIMIT 1000 OFFSET 0
[TeaQL SQL][query][590us] 1 rows returned outcome=success batchOutcome=not_applicable comment=matched merchant read with relation purpose=matched benchmark read auditReason= tracePath=[0:OPERATION:Merchant=query -> 1:REQUEST:Merchant= -> 2:RELATION:platform=Merchant.platform -> 3:PROVIDER:postgresql= -> 4:SQL:select=] mutationLineage=[]
SQL: -- TeaQL PLAIN
SELECT id, create_time AS createTime, last_update_time AS lastUpdateTime, name, version FROM platform_data WHERE (version > 0) AND (id = 1) LIMIT 1 OFFSET 0
[TeaQL SQL][query][548us] 1 rows returned outcome=success batchOutcome=not_applicable comment=matched merchant read with relation purpose=matched benchmark read auditReason= tracePath=[0:OPERATION:Merchant=query -> 1:REQUEST:Merchant= -> 2:PROVIDER:postgresql= -> 3:SQL:select=] mutationLineage=[]
SQL: -- TeaQL PLAIN
SELECT id, name, code, external_id AS externalId, task_life_hours AS taskLifeHours, version, platform FROM merchant_data WHERE (version > 0) AND (external_id = 'matched-merchant') LIMIT 1000 OFFSET 0
[TeaQL SQL][query][598us] 1 rows returned outcome=success batchOutcome=not_applicable comment=matched merchant read with relation purpose=matched benchmark read auditReason= tracePath=[0:OPERATION:Merchant=query -> 1:REQUEST:Merchant= -> 2:RELATION:platform=Merchant.platform -> 3:PROVIDER:postgresql= -> 4:SQL:select=] mutationLineage=[]
SQL: -- TeaQL PLAIN
SELECT id, create_time AS createTime, last_update_time AS lastUpdateTime, name, version FROM platform_data WHERE (version > 0) AND (id = 1) LIMIT 1 OFFSET 0
[TeaQL SQL][query][666us] 1 rows returned outcome=success batchOutcome=not_applicable comment=matched merchant read with relation purpose=matched benchmark read auditReason= tracePath=[0:OPERATION:Merchant=query -> 1:REQUEST:Merchant= -> 2:PROVIDER:postgresql= -> 3:SQL:select=] mutationLineage=[]
SQL: -- TeaQL PLAIN
SELECT id, name, code, external_id AS externalId, task_life_hours AS taskLifeHours, version, platform FROM merchant_data WHERE (version > 0) AND (external_id = 'matched-merchant') LIMIT 1000 OFFSET 0
[TeaQL SQL][query][733us] 1 rows returned outcome=success batchOutcome=not_applicable comment=matched merchant read with relation purpose=matched benchmark read auditReason= tracePath=[0:OPERATION:Merchant=query -> 1:REQUEST:Merchant= -> 2:RELATION:platform=Merchant.platform -> 3:PROVIDER:postgresql= -> 4:SQL:select=] mutationLineage=[]
SQL: -- TeaQL PLAIN
SELECT id, create_time AS createTime, last_update_time AS lastUpdateTime, name, version FROM platform_data WHERE (version > 0) AND (id = 1) LIMIT 1 OFFSET 0
[TeaQL SQL][query][623us] 1 rows returned outcome=success batchOutcome=not_applicable comment=matched merchant read with relation purpose=matched benchmark read auditReason= tracePath=[0:OPERATION:Merchant=query -> 1:REQUEST:Merchant= -> 2:PROVIDER:postgresql= -> 3:SQL:select=] mutationLineage=[]
SQL: -- TeaQL PLAIN
SELECT id, name, code, external_id AS externalId, task_life_hours AS taskLifeHours, version, platform FROM merchant_data WHERE (version > 0) AND (external_id = 'matched-merchant') LIMIT 1000 OFFSET 0
[TeaQL SQL][query][669us] 1 rows returned outcome=success batchOutcome=not_applicable comment=matched merchant read with relation purpose=matched benchmark read auditReason= tracePath=[0:OPERATION:Merchant=query -> 1:REQUEST:Merchant= -> 2:RELATION:platform=Merchant.platform -> 3:PROVIDER:postgresql= -> 4:SQL:select=] mutationLineage=[]
SQL: -- TeaQL PLAIN
SELECT id, create_time AS createTime, last_update_time AS lastUpdateTime, name, version FROM platform_data WHERE (version > 0) AND (id = 1) LIMIT 1 OFFSET 0
[TeaQL SQL][query][632us] 1 rows returned outcome=success batchOutcome=not_applicable comment=matched merchant read with relation purpose=matched benchmark read auditReason= tracePath=[0:OPERATION:Merchant=query -> 1:REQUEST:Merchant= -> 2:PROVIDER:postgresql= -> 3:SQL:select=] mutationLineage=[]
SQL: -- TeaQL PLAIN
SELECT id, name, code, external_id AS externalId, task_life_hours AS taskLifeHours, version, platform FROM merchant_data WHERE (version > 0) AND (external_id = 'matched-merchant') LIMIT 1000 OFFSET 0
[TeaQL SQL][query][561us] 1 rows returned outcome=success batchOutcome=not_applicable comment=matched merchant read with relation purpose=matched benchmark read auditReason= tracePath=[0:OPERATION:Merchant=query -> 1:REQUEST:Merchant= -> 2:RELATION:platform=Merchant.platform -> 3:PROVIDER:postgresql= -> 4:SQL:select=] mutationLineage=[]
SQL: -- TeaQL PLAIN
SELECT id, create_time AS createTime, last_update_time AS lastUpdateTime, name, version FROM platform_data WHERE (version > 0) AND (id = 1) LIMIT 1 OFFSET 0
[TeaQL SQL][query][516us] 1 rows returned outcome=success batchOutcome=not_applicable comment=matched merchant read with relation purpose=matched benchmark read auditReason= tracePath=[0:OPERATION:Merchant=query -> 1:REQUEST:Merchant= -> 2:PROVIDER:postgresql= -> 3:SQL:select=] mutationLineage=[]
SQL: -- TeaQL PLAIN
SELECT id, name, code, external_id AS externalId, task_life_hours AS taskLifeHours, version, platform FROM merchant_data WHERE (version > 0) AND (external_id = 'matched-merchant') LIMIT 1000 OFFSET 0
[TeaQL SQL][query][530us] 1 rows returned outcome=success batchOutcome=not_applicable comment=matched merchant read with relation purpose=matched benchmark read auditReason= tracePath=[0:OPERATION:Merchant=query -> 1:REQUEST:Merchant= -> 2:RELATION:platform=Merchant.platform -> 3:PROVIDER:postgresql= -> 4:SQL:select=] mutationLineage=[]
SQL: -- TeaQL PLAIN
SELECT id, create_time AS createTime, last_update_time AS lastUpdateTime, name, version FROM platform_data WHERE (version > 0) AND (id = 1) LIMIT 1 OFFSET 0
[TeaQL SQL][query][586us] 1 rows returned outcome=success batchOutcome=not_applicable comment=matched merchant read with relation purpose=matched benchmark read auditReason= tracePath=[0:OPERATION:Merchant=query -> 1:REQUEST:Merchant= -> 2:PROVIDER:postgresql= -> 3:SQL:select=] mutationLineage=[]
SQL: -- TeaQL PLAIN
SELECT id, name, code, external_id AS externalId, task_life_hours AS taskLifeHours, version, platform FROM merchant_data WHERE (version > 0) AND (external_id = 'matched-merchant') LIMIT 1000 OFFSET 0
[TeaQL SQL][query][506us] 1 rows returned outcome=success batchOutcome=not_applicable comment=matched merchant read with relation purpose=matched benchmark read auditReason= tracePath=[0:OPERATION:Merchant=query -> 1:REQUEST:Merchant= -> 2:RELATION:platform=Merchant.platform -> 3:PROVIDER:postgresql= -> 4:SQL:select=] mutationLineage=[]
SQL: -- TeaQL PLAIN
SELECT id, create_time AS createTime, last_update_time AS lastUpdateTime, name, version FROM platform_data WHERE (version > 0) AND (id = 1) LIMIT 1 OFFSET 0
[TeaQL SQL][query][639us] 1 rows returned outcome=success batchOutcome=not_applicable comment=matched merchant read with relation purpose=matched benchmark read auditReason= tracePath=[0:OPERATION:Merchant=query -> 1:REQUEST:Merchant= -> 2:PROVIDER:postgresql= -> 3:SQL:select=] mutationLineage=[]
SQL: -- TeaQL PLAIN
SELECT id, name, code, external_id AS externalId, task_life_hours AS taskLifeHours, version, platform FROM merchant_data WHERE (version > 0) AND (external_id = 'matched-merchant') LIMIT 1000 OFFSET 0
[TeaQL SQL][query][650us] 1 rows returned outcome=success batchOutcome=not_applicable comment=matched merchant read with relation purpose=matched benchmark read auditReason= tracePath=[0:OPERATION:Merchant=query -> 1:REQUEST:Merchant= -> 2:RELATION:platform=Merchant.platform -> 3:PROVIDER:postgresql= -> 4:SQL:select=] mutationLineage=[]
SQL: -- TeaQL PLAIN
SELECT id, create_time AS createTime, last_update_time AS lastUpdateTime, name, version FROM platform_data WHERE (version > 0) AND (id = 1) LIMIT 1 OFFSET 0
[TeaQL SQL][query][561us] 1 rows returned outcome=success batchOutcome=not_applicable comment=matched merchant read with relation purpose=matched benchmark read auditReason= tracePath=[0:OPERATION:Merchant=query -> 1:REQUEST:Merchant= -> 2:PROVIDER:postgresql= -> 3:SQL:select=] mutationLineage=[]
SQL: -- TeaQL PLAIN
SELECT id, name, code, external_id AS externalId, task_life_hours AS taskLifeHours, version, platform FROM merchant_data WHERE (version > 0) AND (external_id = 'matched-merchant') LIMIT 1000 OFFSET 0
[TeaQL SQL][query][499us] 1 rows returned outcome=success batchOutcome=not_applicable comment=matched merchant read with relation purpose=matched benchmark read auditReason= tracePath=[0:OPERATION:Merchant=query -> 1:REQUEST:Merchant= -> 2:RELATION:platform=Merchant.platform -> 3:PROVIDER:postgresql= -> 4:SQL:select=] mutationLineage=[]
SQL: -- TeaQL PLAIN
SELECT id, create_time AS createTime, last_update_time AS lastUpdateTime, name, version FROM platform_data WHERE (version > 0) AND (id = 1) LIMIT 1 OFFSET 0
[TeaQL SQL][query][498us] 1 rows returned outcome=success batchOutcome=not_applicable comment=matched merchant read with relation purpose=matched benchmark read auditReason= tracePath=[0:OPERATION:Merchant=query -> 1:REQUEST:Merchant= -> 2:PROVIDER:postgresql= -> 3:SQL:select=] mutationLineage=[]
SQL: -- TeaQL PLAIN
SELECT id, name, code, external_id AS externalId, task_life_hours AS taskLifeHours, version, platform FROM merchant_data WHERE (version > 0) AND (external_id = 'matched-merchant') LIMIT 1000 OFFSET 0
[TeaQL SQL][query][524us] 1 rows returned outcome=success batchOutcome=not_applicable comment=matched merchant read with relation purpose=matched benchmark read auditReason= tracePath=[0:OPERATION:Merchant=query -> 1:REQUEST:Merchant= -> 2:RELATION:platform=Merchant.platform -> 3:PROVIDER:postgresql= -> 4:SQL:select=] mutationLineage=[]
SQL: -- TeaQL PLAIN
SELECT id, create_time AS createTime, last_update_time AS lastUpdateTime, name, version FROM platform_data WHERE (version > 0) AND (id = 1) LIMIT 1 OFFSET 0
[TeaQL SQL][query][564us] 1 rows returned outcome=success batchOutcome=not_applicable comment=matched merchant read with relation purpose=matched benchmark read auditReason= tracePath=[0:OPERATION:Merchant=query -> 1:REQUEST:Merchant= -> 2:PROVIDER:postgresql= -> 3:SQL:select=] mutationLineage=[]
SQL: -- TeaQL PLAIN
SELECT id, name, code, external_id AS externalId, task_life_hours AS taskLifeHours, version, platform FROM merchant_data WHERE (version > 0) AND (external_id = 'matched-merchant') LIMIT 1000 OFFSET 0
[TeaQL SQL][query][566us] 1 rows returned outcome=success batchOutcome=not_applicable comment=matched merchant read with relation purpose=matched benchmark read auditReason= tracePath=[0:OPERATION:Merchant=query -> 1:REQUEST:Merchant= -> 2:RELATION:platform=Merchant.platform -> 3:PROVIDER:postgresql= -> 4:SQL:select=] mutationLineage=[]
SQL: -- TeaQL PLAIN
SELECT id, create_time AS createTime, last_update_time AS lastUpdateTime, name, version FROM platform_data WHERE (version > 0) AND (id = 1) LIMIT 1 OFFSET 0
[TeaQL SQL][query][561us] 1 rows returned outcome=success batchOutcome=not_applicable comment=matched merchant read with relation purpose=matched benchmark read auditReason= tracePath=[0:OPERATION:Merchant=query -> 1:REQUEST:Merchant= -> 2:PROVIDER:postgresql= -> 3:SQL:select=] mutationLineage=[]
SQL: -- TeaQL PLAIN
SELECT id, name, code, external_id AS externalId, task_life_hours AS taskLifeHours, version, platform FROM merchant_data WHERE (version > 0) AND (external_id = 'matched-merchant') LIMIT 1000 OFFSET 0
[TeaQL SQL][query][549us] 1 rows returned outcome=success batchOutcome=not_applicable comment=matched merchant read with relation purpose=matched benchmark read auditReason= tracePath=[0:OPERATION:Merchant=query -> 1:REQUEST:Merchant= -> 2:RELATION:platform=Merchant.platform -> 3:PROVIDER:postgresql= -> 4:SQL:select=] mutationLineage=[]
SQL: -- TeaQL PLAIN
SELECT id, create_time AS createTime, last_update_time AS lastUpdateTime, name, version FROM platform_data WHERE (version > 0) AND (id = 1) LIMIT 1 OFFSET 0
[TeaQL SQL][query][665us] 1 rows returned outcome=success batchOutcome=not_applicable comment=matched merchant read with relation purpose=matched benchmark read auditReason= tracePath=[0:OPERATION:Merchant=query -> 1:REQUEST:Merchant= -> 2:PROVIDER:postgresql= -> 3:SQL:select=] mutationLineage=[]
SQL: -- TeaQL PLAIN
SELECT id, name, code, external_id AS externalId, task_life_hours AS taskLifeHours, version, platform FROM merchant_data WHERE (version > 0) AND (external_id = 'matched-merchant') LIMIT 1000 OFFSET 0
[TeaQL SQL][query][613us] 1 rows returned outcome=success batchOutcome=not_applicable comment=matched merchant read with relation purpose=matched benchmark read auditReason= tracePath=[0:OPERATION:Merchant=query -> 1:REQUEST:Merchant= -> 2:RELATION:platform=Merchant.platform -> 3:PROVIDER:postgresql= -> 4:SQL:select=] mutationLineage=[]
SQL: -- TeaQL PLAIN
SELECT id, create_time AS createTime, last_update_time AS lastUpdateTime, name, version FROM platform_data WHERE (version > 0) AND (id = 1) LIMIT 1 OFFSET 0
[TeaQL SQL][query][594us] 1 rows returned outcome=success batchOutcome=not_applicable comment=matched merchant read with relation purpose=matched benchmark read auditReason= tracePath=[0:OPERATION:Merchant=query -> 1:REQUEST:Merchant= -> 2:PROVIDER:postgresql= -> 3:SQL:select=] mutationLineage=[]
SQL: -- TeaQL PLAIN
SELECT id, name, code, external_id AS externalId, task_life_hours AS taskLifeHours, version, platform FROM merchant_data WHERE (version > 0) AND (external_id = 'matched-merchant') LIMIT 1000 OFFSET 0
[TeaQL SQL][query][579us] 1 rows returned outcome=success batchOutcome=not_applicable comment=matched merchant read with relation purpose=matched benchmark read auditReason= tracePath=[0:OPERATION:Merchant=query -> 1:REQUEST:Merchant= -> 2:RELATION:platform=Merchant.platform -> 3:PROVIDER:postgresql= -> 4:SQL:select=] mutationLineage=[]
SQL: -- TeaQL PLAIN
SELECT id, create_time AS createTime, last_update_time AS lastUpdateTime, name, version FROM platform_data WHERE (version > 0) AND (id = 1) LIMIT 1 OFFSET 0
[TeaQL SQL][query][565us] 1 rows returned outcome=success batchOutcome=not_applicable comment=matched merchant read with relation purpose=matched benchmark read auditReason= tracePath=[0:OPERATION:Merchant=query -> 1:REQUEST:Merchant= -> 2:PROVIDER:postgresql= -> 3:SQL:select=] mutationLineage=[]
SQL: -- TeaQL PLAIN
SELECT id, name, code, external_id AS externalId, task_life_hours AS taskLifeHours, version, platform FROM merchant_data WHERE (version > 0) AND (external_id = 'matched-merchant') LIMIT 1000 OFFSET 0
[TeaQL SQL][query][484us] 1 rows returned outcome=success batchOutcome=not_applicable comment=matched merchant read with relation purpose=matched benchmark read auditReason= tracePath=[0:OPERATION:Merchant=query -> 1:REQUEST:Merchant= -> 2:RELATION:platform=Merchant.platform -> 3:PROVIDER:postgresql= -> 4:SQL:select=] mutationLineage=[]
SQL: -- TeaQL PLAIN
SELECT id, create_time AS createTime, last_update_time AS lastUpdateTime, name, version FROM platform_data WHERE (version > 0) AND (id = 1) LIMIT 1 OFFSET 0
[TeaQL SQL][query][593us] 1 rows returned outcome=success batchOutcome=not_applicable comment=matched merchant read with relation purpose=matched benchmark read auditReason= tracePath=[0:OPERATION:Merchant=query -> 1:REQUEST:Merchant= -> 2:PROVIDER:postgresql= -> 3:SQL:select=] mutationLineage=[]
SQL: -- TeaQL PLAIN
SELECT id, name, code, external_id AS externalId, task_life_hours AS taskLifeHours, version, platform FROM merchant_data WHERE (version > 0) AND (external_id = 'matched-merchant') LIMIT 1000 OFFSET 0
[TeaQL SQL][query][541us] 1 rows returned outcome=success batchOutcome=not_applicable comment=matched merchant read with relation purpose=matched benchmark read auditReason= tracePath=[0:OPERATION:Merchant=query -> 1:REQUEST:Merchant= -> 2:RELATION:platform=Merchant.platform -> 3:PROVIDER:postgresql= -> 4:SQL:select=] mutationLineage=[]
SQL: -- TeaQL PLAIN
SELECT id, create_time AS createTime, last_update_time AS lastUpdateTime, name, version FROM platform_data WHERE (version > 0) AND (id = 1) LIMIT 1 OFFSET 0
[TeaQL SQL][query][627us] 1 rows returned outcome=success batchOutcome=not_applicable comment=matched merchant read with relation purpose=matched benchmark read auditReason= tracePath=[0:OPERATION:Merchant=query -> 1:REQUEST:Merchant= -> 2:PROVIDER:postgresql= -> 3:SQL:select=] mutationLineage=[]
SQL: -- TeaQL PLAIN
SELECT id, name, code, external_id AS externalId, task_life_hours AS taskLifeHours, version, platform FROM merchant_data WHERE (version > 0) AND (external_id = 'matched-merchant') LIMIT 1000 OFFSET 0
[TeaQL SQL][query][509us] 1 rows returned outcome=success batchOutcome=not_applicable comment=matched merchant read with relation purpose=matched benchmark read auditReason= tracePath=[0:OPERATION:Merchant=query -> 1:REQUEST:Merchant= -> 2:RELATION:platform=Merchant.platform -> 3:PROVIDER:postgresql= -> 4:SQL:select=] mutationLineage=[]
SQL: -- TeaQL PLAIN
SELECT id, create_time AS createTime, last_update_time AS lastUpdateTime, name, version FROM platform_data WHERE (version > 0) AND (id = 1) LIMIT 1 OFFSET 0
[TeaQL SQL][query][608us] 1 rows returned outcome=success batchOutcome=not_applicable comment=matched merchant read with relation purpose=matched benchmark read auditReason= tracePath=[0:OPERATION:Merchant=query -> 1:REQUEST:Merchant= -> 2:PROVIDER:postgresql= -> 3:SQL:select=] mutationLineage=[]
SQL: -- TeaQL PLAIN
SELECT id, name, code, external_id AS externalId, task_life_hours AS taskLifeHours, version, platform FROM merchant_data WHERE (version > 0) AND (external_id = 'matched-merchant') LIMIT 1000 OFFSET 0
[TeaQL SQL][query][482us] 1 rows returned outcome=success batchOutcome=not_applicable comment=matched merchant read with relation purpose=matched benchmark read auditReason= tracePath=[0:OPERATION:Merchant=query -> 1:REQUEST:Merchant= -> 2:RELATION:platform=Merchant.platform -> 3:PROVIDER:postgresql= -> 4:SQL:select=] mutationLineage=[]
SQL: -- TeaQL PLAIN
SELECT id, create_time AS createTime, last_update_time AS lastUpdateTime, name, version FROM platform_data WHERE (version > 0) AND (id = 1) LIMIT 1 OFFSET 0
[TeaQL SQL][query][630us] 1 rows returned outcome=success batchOutcome=not_applicable comment=matched merchant read with relation purpose=matched benchmark read auditReason= tracePath=[0:OPERATION:Merchant=query -> 1:REQUEST:Merchant= -> 2:PROVIDER:postgresql= -> 3:SQL:select=] mutationLineage=[]
SQL: -- TeaQL PLAIN
SELECT id, name, code, external_id AS externalId, task_life_hours AS taskLifeHours, version, platform FROM merchant_data WHERE (version > 0) AND (external_id = 'matched-merchant') LIMIT 1000 OFFSET 0
[TeaQL SQL][query][553us] 1 rows returned outcome=success batchOutcome=not_applicable comment=matched merchant read with relation purpose=matched benchmark read auditReason= tracePath=[0:OPERATION:Merchant=query -> 1:REQUEST:Merchant= -> 2:RELATION:platform=Merchant.platform -> 3:PROVIDER:postgresql= -> 4:SQL:select=] mutationLineage=[]
SQL: -- TeaQL PLAIN
SELECT id, create_time AS createTime, last_update_time AS lastUpdateTime, name, version FROM platform_data WHERE (version > 0) AND (id = 1) LIMIT 1 OFFSET 0
[TeaQL SQL][query][552us] 1 rows returned outcome=success batchOutcome=not_applicable comment=matched merchant read with relation purpose=matched benchmark read auditReason= tracePath=[0:OPERATION:Merchant=query -> 1:REQUEST:Merchant= -> 2:PROVIDER:postgresql= -> 3:SQL:select=] mutationLineage=[]
SQL: -- TeaQL PLAIN
SELECT id, name, code, external_id AS externalId, task_life_hours AS taskLifeHours, version, platform FROM merchant_data WHERE (version > 0) AND (external_id = 'matched-merchant') LIMIT 1000 OFFSET 0
[TeaQL SQL][query][546us] 1 rows returned outcome=success batchOutcome=not_applicable comment=matched merchant read with relation purpose=matched benchmark read auditReason= tracePath=[0:OPERATION:Merchant=query -> 1:REQUEST:Merchant= -> 2:RELATION:platform=Merchant.platform -> 3:PROVIDER:postgresql= -> 4:SQL:select=] mutationLineage=[]
SQL: -- TeaQL PLAIN
SELECT id, create_time AS createTime, last_update_time AS lastUpdateTime, name, version FROM platform_data WHERE (version > 0) AND (id = 1) LIMIT 1 OFFSET 0
[TeaQL SQL][query][584us] 1 rows returned outcome=success batchOutcome=not_applicable comment=matched merchant read with relation purpose=matched benchmark read auditReason= tracePath=[0:OPERATION:Merchant=query -> 1:REQUEST:Merchant= -> 2:PROVIDER:postgresql= -> 3:SQL:select=] mutationLineage=[]
SQL: -- TeaQL PLAIN
SELECT id, name, code, external_id AS externalId, task_life_hours AS taskLifeHours, version, platform FROM merchant_data WHERE (version > 0) AND (external_id = 'matched-merchant') LIMIT 1000 OFFSET 0
[TeaQL SQL][query][651us] 1 rows returned outcome=success batchOutcome=not_applicable comment=matched merchant read with relation purpose=matched benchmark read auditReason= tracePath=[0:OPERATION:Merchant=query -> 1:REQUEST:Merchant= -> 2:RELATION:platform=Merchant.platform -> 3:PROVIDER:postgresql= -> 4:SQL:select=] mutationLineage=[]
SQL: -- TeaQL PLAIN
SELECT id, create_time AS createTime, last_update_time AS lastUpdateTime, name, version FROM platform_data WHERE (version > 0) AND (id = 1) LIMIT 1 OFFSET 0
[TeaQL SQL][query][595us] 1 rows returned outcome=success batchOutcome=not_applicable comment=matched merchant read with relation purpose=matched benchmark read auditReason= tracePath=[0:OPERATION:Merchant=query -> 1:REQUEST:Merchant= -> 2:PROVIDER:postgresql= -> 3:SQL:select=] mutationLineage=[]
SQL: -- TeaQL PLAIN
SELECT id, name, code, external_id AS externalId, task_life_hours AS taskLifeHours, version, platform FROM merchant_data WHERE (version > 0) AND (external_id = 'matched-merchant') LIMIT 1000 OFFSET 0
[TeaQL SQL][query][509us] 1 rows returned outcome=success batchOutcome=not_applicable comment=matched merchant read with relation purpose=matched benchmark read auditReason= tracePath=[0:OPERATION:Merchant=query -> 1:REQUEST:Merchant= -> 2:RELATION:platform=Merchant.platform -> 3:PROVIDER:postgresql= -> 4:SQL:select=] mutationLineage=[]
SQL: -- TeaQL PLAIN
SELECT id, create_time AS createTime, last_update_time AS lastUpdateTime, name, version FROM platform_data WHERE (version > 0) AND (id = 1) LIMIT 1 OFFSET 0
[TeaQL SQL][query][573us] 1 rows returned outcome=success batchOutcome=not_applicable comment=matched merchant read with relation purpose=matched benchmark read auditReason= tracePath=[0:OPERATION:Merchant=query -> 1:REQUEST:Merchant= -> 2:PROVIDER:postgresql= -> 3:SQL:select=] mutationLineage=[]
SQL: -- TeaQL PLAIN
SELECT id, name, code, external_id AS externalId, task_life_hours AS taskLifeHours, version, platform FROM merchant_data WHERE (version > 0) AND (external_id = 'matched-merchant') LIMIT 1000 OFFSET 0
[TeaQL SQL][query][558us] 1 rows returned outcome=success batchOutcome=not_applicable comment=matched merchant read with relation purpose=matched benchmark read auditReason= tracePath=[0:OPERATION:Merchant=query -> 1:REQUEST:Merchant= -> 2:RELATION:platform=Merchant.platform -> 3:PROVIDER:postgresql= -> 4:SQL:select=] mutationLineage=[]
SQL: -- TeaQL PLAIN
SELECT id, create_time AS createTime, last_update_time AS lastUpdateTime, name, version FROM platform_data WHERE (version > 0) AND (id = 1) LIMIT 1 OFFSET 0
[TeaQL SQL][query][606us] 1 rows returned outcome=success batchOutcome=not_applicable comment=matched merchant read with relation purpose=matched benchmark read auditReason= tracePath=[0:OPERATION:Merchant=query -> 1:REQUEST:Merchant= -> 2:PROVIDER:postgresql= -> 3:SQL:select=] mutationLineage=[]
SQL: -- TeaQL PLAIN
SELECT id, name, code, external_id AS externalId, task_life_hours AS taskLifeHours, version, platform FROM merchant_data WHERE (version > 0) AND (external_id = 'matched-merchant') LIMIT 1000 OFFSET 0
[TeaQL SQL][query][550us] 1 rows returned outcome=success batchOutcome=not_applicable comment=matched merchant read with relation purpose=matched benchmark read auditReason= tracePath=[0:OPERATION:Merchant=query -> 1:REQUEST:Merchant= -> 2:RELATION:platform=Merchant.platform -> 3:PROVIDER:postgresql= -> 4:SQL:select=] mutationLineage=[]
SQL: -- TeaQL PLAIN
SELECT id, create_time AS createTime, last_update_time AS lastUpdateTime, name, version FROM platform_data WHERE (version > 0) AND (id = 1) LIMIT 1 OFFSET 0
[TeaQL SQL][query][609us] 1 rows returned outcome=success batchOutcome=not_applicable comment=matched merchant read with relation purpose=matched benchmark read auditReason= tracePath=[0:OPERATION:Merchant=query -> 1:REQUEST:Merchant= -> 2:PROVIDER:postgresql= -> 3:SQL:select=] mutationLineage=[]
SQL: -- TeaQL PLAIN
SELECT id, name, code, external_id AS externalId, task_life_hours AS taskLifeHours, version, platform FROM merchant_data WHERE (version > 0) AND (external_id = 'matched-merchant') LIMIT 1000 OFFSET 0
[TeaQL SQL][query][597us] 1 rows returned outcome=success batchOutcome=not_applicable comment=matched merchant read with relation purpose=matched benchmark read auditReason= tracePath=[0:OPERATION:Merchant=query -> 1:REQUEST:Merchant= -> 2:RELATION:platform=Merchant.platform -> 3:PROVIDER:postgresql= -> 4:SQL:select=] mutationLineage=[]
SQL: -- TeaQL PLAIN
SELECT id, create_time AS createTime, last_update_time AS lastUpdateTime, name, version FROM platform_data WHERE (version > 0) AND (id = 1) LIMIT 1 OFFSET 0
[TeaQL SQL][query][614us] 1 rows returned outcome=success batchOutcome=not_applicable comment=matched merchant read with relation purpose=matched benchmark read auditReason= tracePath=[0:OPERATION:Merchant=query -> 1:REQUEST:Merchant= -> 2:PROVIDER:postgresql= -> 3:SQL:select=] mutationLineage=[]
SQL: -- TeaQL PLAIN
SELECT id, name, code, external_id AS externalId, task_life_hours AS taskLifeHours, version, platform FROM merchant_data WHERE (version > 0) AND (external_id = 'matched-merchant') LIMIT 1000 OFFSET 0
[TeaQL SQL][query][561us] 1 rows returned outcome=success batchOutcome=not_applicable comment=matched merchant read with relation purpose=matched benchmark read auditReason= tracePath=[0:OPERATION:Merchant=query -> 1:REQUEST:Merchant= -> 2:RELATION:platform=Merchant.platform -> 3:PROVIDER:postgresql= -> 4:SQL:select=] mutationLineage=[]
SQL: -- TeaQL PLAIN
SELECT id, create_time AS createTime, last_update_time AS lastUpdateTime, name, version FROM platform_data WHERE (version > 0) AND (id = 1) LIMIT 1 OFFSET 0
[TeaQL SQL][query][511us] 1 rows returned outcome=success batchOutcome=not_applicable comment=matched merchant read with relation purpose=matched benchmark read auditReason= tracePath=[0:OPERATION:Merchant=query -> 1:REQUEST:Merchant= -> 2:PROVIDER:postgresql= -> 3:SQL:select=] mutationLineage=[]
SQL: -- TeaQL PLAIN
SELECT id, name, code, external_id AS externalId, task_life_hours AS taskLifeHours, version, platform FROM merchant_data WHERE (version > 0) AND (external_id = 'matched-merchant') LIMIT 1000 OFFSET 0
[TeaQL SQL][query][588us] 1 rows returned outcome=success batchOutcome=not_applicable comment=matched merchant read with relation purpose=matched benchmark read auditReason= tracePath=[0:OPERATION:Merchant=query -> 1:REQUEST:Merchant= -> 2:RELATION:platform=Merchant.platform -> 3:PROVIDER:postgresql= -> 4:SQL:select=] mutationLineage=[]
SQL: -- TeaQL PLAIN
SELECT id, create_time AS createTime, last_update_time AS lastUpdateTime, name, version FROM platform_data WHERE (version > 0) AND (id = 1) LIMIT 1 OFFSET 0
[TeaQL SQL][query][716us] 1 rows returned outcome=success batchOutcome=not_applicable comment=matched merchant read with relation purpose=matched benchmark read auditReason= tracePath=[0:OPERATION:Merchant=query -> 1:REQUEST:Merchant= -> 2:PROVIDER:postgresql= -> 3:SQL:select=] mutationLineage=[]
SQL: -- TeaQL PLAIN
SELECT id, name, code, external_id AS externalId, task_life_hours AS taskLifeHours, version, platform FROM merchant_data WHERE (version > 0) AND (external_id = 'matched-merchant') LIMIT 1000 OFFSET 0
[TeaQL SQL][query][515us] 1 rows returned outcome=success batchOutcome=not_applicable comment=matched merchant read with relation purpose=matched benchmark read auditReason= tracePath=[0:OPERATION:Merchant=query -> 1:REQUEST:Merchant= -> 2:RELATION:platform=Merchant.platform -> 3:PROVIDER:postgresql= -> 4:SQL:select=] mutationLineage=[]
SQL: -- TeaQL PLAIN
SELECT id, create_time AS createTime, last_update_time AS lastUpdateTime, name, version FROM platform_data WHERE (version > 0) AND (id = 1) LIMIT 1 OFFSET 0
[TeaQL SQL][query][567us] 1 rows returned outcome=success batchOutcome=not_applicable comment=matched merchant read with relation purpose=matched benchmark read auditReason= tracePath=[0:OPERATION:Merchant=query -> 1:REQUEST:Merchant= -> 2:PROVIDER:postgresql= -> 3:SQL:select=] mutationLineage=[]
SQL: -- TeaQL PLAIN
SELECT id, name, code, external_id AS externalId, task_life_hours AS taskLifeHours, version, platform FROM merchant_data WHERE (version > 0) AND (external_id = 'matched-merchant') LIMIT 1000 OFFSET 0
[TeaQL SQL][query][659us] 1 rows returned outcome=success batchOutcome=not_applicable comment=matched merchant read with relation purpose=matched benchmark read auditReason= tracePath=[0:OPERATION:Merchant=query -> 1:REQUEST:Merchant= -> 2:RELATION:platform=Merchant.platform -> 3:PROVIDER:postgresql= -> 4:SQL:select=] mutationLineage=[]
SQL: -- TeaQL PLAIN
SELECT id, create_time AS createTime, last_update_time AS lastUpdateTime, name, version FROM platform_data WHERE (version > 0) AND (id = 1) LIMIT 1 OFFSET 0
[TeaQL SQL][query][527us] 1 rows returned outcome=success batchOutcome=not_applicable comment=matched merchant read with relation purpose=matched benchmark read auditReason= tracePath=[0:OPERATION:Merchant=query -> 1:REQUEST:Merchant= -> 2:PROVIDER:postgresql= -> 3:SQL:select=] mutationLineage=[]
SQL: -- TeaQL PLAIN
SELECT id, name, code, external_id AS externalId, task_life_hours AS taskLifeHours, version, platform FROM merchant_data WHERE (version > 0) AND (external_id = 'matched-merchant') LIMIT 1000 OFFSET 0
[TeaQL SQL][query][465us] 1 rows returned outcome=success batchOutcome=not_applicable comment=matched merchant read with relation purpose=matched benchmark read auditReason= tracePath=[0:OPERATION:Merchant=query -> 1:REQUEST:Merchant= -> 2:RELATION:platform=Merchant.platform -> 3:PROVIDER:postgresql= -> 4:SQL:select=] mutationLineage=[]
SQL: -- TeaQL PLAIN
SELECT id, create_time AS createTime, last_update_time AS lastUpdateTime, name, version FROM platform_data WHERE (version > 0) AND (id = 1) LIMIT 1 OFFSET 0
[TeaQL SQL][query][622us] 1 rows returned outcome=success batchOutcome=not_applicable comment=matched merchant read with relation purpose=matched benchmark read auditReason= tracePath=[0:OPERATION:Merchant=query -> 1:REQUEST:Merchant= -> 2:PROVIDER:postgresql= -> 3:SQL:select=] mutationLineage=[]
SQL: -- TeaQL PLAIN
SELECT id, name, code, external_id AS externalId, task_life_hours AS taskLifeHours, version, platform FROM merchant_data WHERE (version > 0) AND (external_id = 'matched-merchant') LIMIT 1000 OFFSET 0
[TeaQL SQL][query][651us] 1 rows returned outcome=success batchOutcome=not_applicable comment=matched merchant read with relation purpose=matched benchmark read auditReason= tracePath=[0:OPERATION:Merchant=query -> 1:REQUEST:Merchant= -> 2:RELATION:platform=Merchant.platform -> 3:PROVIDER:postgresql= -> 4:SQL:select=] mutationLineage=[]
SQL: -- TeaQL PLAIN
SELECT id, create_time AS createTime, last_update_time AS lastUpdateTime, name, version FROM platform_data WHERE (version > 0) AND (id = 1) LIMIT 1 OFFSET 0
[TeaQL SQL][query][668us] 1 rows returned outcome=success batchOutcome=not_applicable comment=matched merchant read with relation purpose=matched benchmark read auditReason= tracePath=[0:OPERATION:Merchant=query -> 1:REQUEST:Merchant= -> 2:PROVIDER:postgresql= -> 3:SQL:select=] mutationLineage=[]
SQL: -- TeaQL PLAIN
SELECT id, name, code, external_id AS externalId, task_life_hours AS taskLifeHours, version, platform FROM merchant_data WHERE (version > 0) AND (external_id = 'matched-merchant') LIMIT 1000 OFFSET 0
[TeaQL SQL][query][644us] 1 rows returned outcome=success batchOutcome=not_applicable comment=matched merchant read with relation purpose=matched benchmark read auditReason= tracePath=[0:OPERATION:Merchant=query -> 1:REQUEST:Merchant= -> 2:RELATION:platform=Merchant.platform -> 3:PROVIDER:postgresql= -> 4:SQL:select=] mutationLineage=[]
SQL: -- TeaQL PLAIN
SELECT id, create_time AS createTime, last_update_time AS lastUpdateTime, name, version FROM platform_data WHERE (version > 0) AND (id = 1) LIMIT 1 OFFSET 0
[TeaQL SQL][query][621us] 1 rows returned outcome=success batchOutcome=not_applicable comment=matched merchant read with relation purpose=matched benchmark read auditReason= tracePath=[0:OPERATION:Merchant=query -> 1:REQUEST:Merchant= -> 2:PROVIDER:postgresql= -> 3:SQL:select=] mutationLineage=[]
SQL: -- TeaQL PLAIN
SELECT id, name, code, external_id AS externalId, task_life_hours AS taskLifeHours, version, platform FROM merchant_data WHERE (version > 0) AND (external_id = 'matched-merchant') LIMIT 1000 OFFSET 0
[TeaQL SQL][query][655us] 1 rows returned outcome=success batchOutcome=not_applicable comment=matched merchant read with relation purpose=matched benchmark read auditReason= tracePath=[0:OPERATION:Merchant=query -> 1:REQUEST:Merchant= -> 2:RELATION:platform=Merchant.platform -> 3:PROVIDER:postgresql= -> 4:SQL:select=] mutationLineage=[]
SQL: -- TeaQL PLAIN
SELECT id, create_time AS createTime, last_update_time AS lastUpdateTime, name, version FROM platform_data WHERE (version > 0) AND (id = 1) LIMIT 1 OFFSET 0
[TeaQL SQL][query][448us] 1 rows returned outcome=success batchOutcome=not_applicable comment=matched merchant read with relation purpose=matched benchmark read auditReason= tracePath=[0:OPERATION:Merchant=query -> 1:REQUEST:Merchant= -> 2:PROVIDER:postgresql= -> 3:SQL:select=] mutationLineage=[]
SQL: -- TeaQL PLAIN
SELECT id, name, code, external_id AS externalId, task_life_hours AS taskLifeHours, version, platform FROM merchant_data WHERE (version > 0) AND (external_id = 'matched-merchant') LIMIT 1000 OFFSET 0
[TeaQL SQL][query][463us] 1 rows returned outcome=success batchOutcome=not_applicable comment=matched merchant read with relation purpose=matched benchmark read auditReason= tracePath=[0:OPERATION:Merchant=query -> 1:REQUEST:Merchant= -> 2:RELATION:platform=Merchant.platform -> 3:PROVIDER:postgresql= -> 4:SQL:select=] mutationLineage=[]
SQL: -- TeaQL PLAIN
SELECT id, create_time AS createTime, last_update_time AS lastUpdateTime, name, version FROM platform_data WHERE (version > 0) AND (id = 1) LIMIT 1 OFFSET 0
[TeaQL SQL][query][591us] 1 rows returned outcome=success batchOutcome=not_applicable comment=matched merchant read with relation purpose=matched benchmark read auditReason= tracePath=[0:OPERATION:Merchant=query -> 1:REQUEST:Merchant= -> 2:PROVIDER:postgresql= -> 3:SQL:select=] mutationLineage=[]
SQL: -- TeaQL PLAIN
SELECT id, name, code, external_id AS externalId, task_life_hours AS taskLifeHours, version, platform FROM merchant_data WHERE (version > 0) AND (external_id = 'matched-merchant') LIMIT 1000 OFFSET 0
[TeaQL SQL][query][527us] 1 rows returned outcome=success batchOutcome=not_applicable comment=matched merchant read with relation purpose=matched benchmark read auditReason= tracePath=[0:OPERATION:Merchant=query -> 1:REQUEST:Merchant= -> 2:RELATION:platform=Merchant.platform -> 3:PROVIDER:postgresql= -> 4:SQL:select=] mutationLineage=[]
SQL: -- TeaQL PLAIN
SELECT id, create_time AS createTime, last_update_time AS lastUpdateTime, name, version FROM platform_data WHERE (version > 0) AND (id = 1) LIMIT 1 OFFSET 0
[TeaQL SQL][query][656us] 1 rows returned outcome=success batchOutcome=not_applicable comment=matched merchant read with relation purpose=matched benchmark read auditReason= tracePath=[0:OPERATION:Merchant=query -> 1:REQUEST:Merchant= -> 2:PROVIDER:postgresql= -> 3:SQL:select=] mutationLineage=[]
SQL: -- TeaQL PLAIN
SELECT id, name, code, external_id AS externalId, task_life_hours AS taskLifeHours, version, platform FROM merchant_data WHERE (version > 0) AND (external_id = 'matched-merchant') LIMIT 1000 OFFSET 0
[TeaQL SQL][query][563us] 1 rows returned outcome=success batchOutcome=not_applicable comment=matched merchant read with relation purpose=matched benchmark read auditReason= tracePath=[0:OPERATION:Merchant=query -> 1:REQUEST:Merchant= -> 2:RELATION:platform=Merchant.platform -> 3:PROVIDER:postgresql= -> 4:SQL:select=] mutationLineage=[]
SQL: -- TeaQL PLAIN
SELECT id, create_time AS createTime, last_update_time AS lastUpdateTime, name, version FROM platform_data WHERE (version > 0) AND (id = 1) LIMIT 1 OFFSET 0
[TeaQL SQL][query][536us] 1 rows returned outcome=success batchOutcome=not_applicable comment=matched merchant read with relation purpose=matched benchmark read auditReason= tracePath=[0:OPERATION:Merchant=query -> 1:REQUEST:Merchant= -> 2:PROVIDER:postgresql= -> 3:SQL:select=] mutationLineage=[]
SQL: -- TeaQL PLAIN
SELECT id, name, code, external_id AS externalId, task_life_hours AS taskLifeHours, version, platform FROM merchant_data WHERE (version > 0) AND (external_id = 'matched-merchant') LIMIT 1000 OFFSET 0
[TeaQL SQL][query][396us] 1 rows returned outcome=success batchOutcome=not_applicable comment=matched merchant read with relation purpose=matched benchmark read auditReason= tracePath=[0:OPERATION:Merchant=query -> 1:REQUEST:Merchant= -> 2:RELATION:platform=Merchant.platform -> 3:PROVIDER:postgresql= -> 4:SQL:select=] mutationLineage=[]
SQL: -- TeaQL PLAIN
SELECT id, create_time AS createTime, last_update_time AS lastUpdateTime, name, version FROM platform_data WHERE (version > 0) AND (id = 1) LIMIT 1 OFFSET 0
[TeaQL SQL][query][506us] 1 rows returned outcome=success batchOutcome=not_applicable comment=matched merchant read with relation purpose=matched benchmark read auditReason= tracePath=[0:OPERATION:Merchant=query -> 1:REQUEST:Merchant= -> 2:PROVIDER:postgresql= -> 3:SQL:select=] mutationLineage=[]
SQL: -- TeaQL PLAIN
SELECT id, name, code, external_id AS externalId, task_life_hours AS taskLifeHours, version, platform FROM merchant_data WHERE (version > 0) AND (external_id = 'matched-merchant') LIMIT 1000 OFFSET 0
[TeaQL SQL][query][479us] 1 rows returned outcome=success batchOutcome=not_applicable comment=matched merchant read with relation purpose=matched benchmark read auditReason= tracePath=[0:OPERATION:Merchant=query -> 1:REQUEST:Merchant= -> 2:RELATION:platform=Merchant.platform -> 3:PROVIDER:postgresql= -> 4:SQL:select=] mutationLineage=[]
SQL: -- TeaQL PLAIN
SELECT id, create_time AS createTime, last_update_time AS lastUpdateTime, name, version FROM platform_data WHERE (version > 0) AND (id = 1) LIMIT 1 OFFSET 0
[TeaQL SQL][query][539us] 1 rows returned outcome=success batchOutcome=not_applicable comment=matched merchant read with relation purpose=matched benchmark read auditReason= tracePath=[0:OPERATION:Merchant=query -> 1:REQUEST:Merchant= -> 2:PROVIDER:postgresql= -> 3:SQL:select=] mutationLineage=[]
SQL: -- TeaQL PLAIN
SELECT id, name, code, external_id AS externalId, task_life_hours AS taskLifeHours, version, platform FROM merchant_data WHERE (version > 0) AND (external_id = 'matched-merchant') LIMIT 1000 OFFSET 0
[TeaQL SQL][query][521us] 1 rows returned outcome=success batchOutcome=not_applicable comment=matched merchant read with relation purpose=matched benchmark read auditReason= tracePath=[0:OPERATION:Merchant=query -> 1:REQUEST:Merchant= -> 2:RELATION:platform=Merchant.platform -> 3:PROVIDER:postgresql= -> 4:SQL:select=] mutationLineage=[]
SQL: -- TeaQL PLAIN
SELECT id, create_time AS createTime, last_update_time AS lastUpdateTime, name, version FROM platform_data WHERE (version > 0) AND (id = 1) LIMIT 1 OFFSET 0
[TeaQL SQL][query][560us] 1 rows returned outcome=success batchOutcome=not_applicable comment=matched merchant read with relation purpose=matched benchmark read auditReason= tracePath=[0:OPERATION:Merchant=query -> 1:REQUEST:Merchant= -> 2:PROVIDER:postgresql= -> 3:SQL:select=] mutationLineage=[]
SQL: -- TeaQL PLAIN
SELECT id, name, code, external_id AS externalId, task_life_hours AS taskLifeHours, version, platform FROM merchant_data WHERE (version > 0) AND (external_id = 'matched-merchant') LIMIT 1000 OFFSET 0
[TeaQL SQL][query][433us] 1 rows returned outcome=success batchOutcome=not_applicable comment=matched merchant read with relation purpose=matched benchmark read auditReason= tracePath=[0:OPERATION:Merchant=query -> 1:REQUEST:Merchant= -> 2:RELATION:platform=Merchant.platform -> 3:PROVIDER:postgresql= -> 4:SQL:select=] mutationLineage=[]
SQL: -- TeaQL PLAIN
SELECT id, create_time AS createTime, last_update_time AS lastUpdateTime, name, version FROM platform_data WHERE (version > 0) AND (id = 1) LIMIT 1 OFFSET 0
[TeaQL SQL][query][582us] 1 rows returned outcome=success batchOutcome=not_applicable comment=matched merchant read with relation purpose=matched benchmark read auditReason= tracePath=[0:OPERATION:Merchant=query -> 1:REQUEST:Merchant= -> 2:PROVIDER:postgresql= -> 3:SQL:select=] mutationLineage=[]
SQL: -- TeaQL PLAIN
SELECT id, name, code, external_id AS externalId, task_life_hours AS taskLifeHours, version, platform FROM merchant_data WHERE (version > 0) AND (external_id = 'matched-merchant') LIMIT 1000 OFFSET 0
[TeaQL SQL][query][537us] 1 rows returned outcome=success batchOutcome=not_applicable comment=matched merchant read with relation purpose=matched benchmark read auditReason= tracePath=[0:OPERATION:Merchant=query -> 1:REQUEST:Merchant= -> 2:RELATION:platform=Merchant.platform -> 3:PROVIDER:postgresql= -> 4:SQL:select=] mutationLineage=[]
SQL: -- TeaQL PLAIN
SELECT id, create_time AS createTime, last_update_time AS lastUpdateTime, name, version FROM platform_data WHERE (version > 0) AND (id = 1) LIMIT 1 OFFSET 0
[TeaQL SQL][query][493us] 1 rows returned outcome=success batchOutcome=not_applicable comment=matched merchant read with relation purpose=matched benchmark read auditReason= tracePath=[0:OPERATION:Merchant=query -> 1:REQUEST:Merchant= -> 2:PROVIDER:postgresql= -> 3:SQL:select=] mutationLineage=[]
SQL: -- TeaQL PLAIN
SELECT id, name, code, external_id AS externalId, task_life_hours AS taskLifeHours, version, platform FROM merchant_data WHERE (version > 0) AND (external_id = 'matched-merchant') LIMIT 1000 OFFSET 0
[TeaQL SQL][query][436us] 1 rows returned outcome=success batchOutcome=not_applicable comment=matched merchant read with relation purpose=matched benchmark read auditReason= tracePath=[0:OPERATION:Merchant=query -> 1:REQUEST:Merchant= -> 2:RELATION:platform=Merchant.platform -> 3:PROVIDER:postgresql= -> 4:SQL:select=] mutationLineage=[]
SQL: -- TeaQL PLAIN
SELECT id, create_time AS createTime, last_update_time AS lastUpdateTime, name, version FROM platform_data WHERE (version > 0) AND (id = 1) LIMIT 1 OFFSET 0
[TeaQL SQL][query][509us] 1 rows returned outcome=success batchOutcome=not_applicable comment=matched merchant read with relation purpose=matched benchmark read auditReason= tracePath=[0:OPERATION:Merchant=query -> 1:REQUEST:Merchant= -> 2:PROVIDER:postgresql= -> 3:SQL:select=] mutationLineage=[]
SQL: -- TeaQL PLAIN
SELECT id, name, code, external_id AS externalId, task_life_hours AS taskLifeHours, version, platform FROM merchant_data WHERE (version > 0) AND (external_id = 'matched-merchant') LIMIT 1000 OFFSET 0
[TeaQL SQL][query][510us] 1 rows returned outcome=success batchOutcome=not_applicable comment=matched merchant read with relation purpose=matched benchmark read auditReason= tracePath=[0:OPERATION:Merchant=query -> 1:REQUEST:Merchant= -> 2:RELATION:platform=Merchant.platform -> 3:PROVIDER:postgresql= -> 4:SQL:select=] mutationLineage=[]
SQL: -- TeaQL PLAIN
SELECT id, create_time AS createTime, last_update_time AS lastUpdateTime, name, version FROM platform_data WHERE (version > 0) AND (id = 1) LIMIT 1 OFFSET 0
[TeaQL SQL][query][556us] 1 rows returned outcome=success batchOutcome=not_applicable comment=matched merchant read with relation purpose=matched benchmark read auditReason= tracePath=[0:OPERATION:Merchant=query -> 1:REQUEST:Merchant= -> 2:PROVIDER:postgresql= -> 3:SQL:select=] mutationLineage=[]
SQL: -- TeaQL PLAIN
SELECT id, name, code, external_id AS externalId, task_life_hours AS taskLifeHours, version, platform FROM merchant_data WHERE (version > 0) AND (external_id = 'matched-merchant') LIMIT 1000 OFFSET 0
[TeaQL SQL][query][534us] 1 rows returned outcome=success batchOutcome=not_applicable comment=matched merchant read with relation purpose=matched benchmark read auditReason= tracePath=[0:OPERATION:Merchant=query -> 1:REQUEST:Merchant= -> 2:RELATION:platform=Merchant.platform -> 3:PROVIDER:postgresql= -> 4:SQL:select=] mutationLineage=[]
SQL: -- TeaQL PLAIN
SELECT id, create_time AS createTime, last_update_time AS lastUpdateTime, name, version FROM platform_data WHERE (version > 0) AND (id = 1) LIMIT 1 OFFSET 0
[TeaQL SQL][query][603us] 1 rows returned outcome=success batchOutcome=not_applicable comment=matched merchant read with relation purpose=matched benchmark read auditReason= tracePath=[0:OPERATION:Merchant=query -> 1:REQUEST:Merchant= -> 2:PROVIDER:postgresql= -> 3:SQL:select=] mutationLineage=[]
SQL: -- TeaQL PLAIN
SELECT id, name, code, external_id AS externalId, task_life_hours AS taskLifeHours, version, platform FROM merchant_data WHERE (version > 0) AND (external_id = 'matched-merchant') LIMIT 1000 OFFSET 0
[TeaQL SQL][query][608us] 1 rows returned outcome=success batchOutcome=not_applicable comment=matched merchant read with relation purpose=matched benchmark read auditReason= tracePath=[0:OPERATION:Merchant=query -> 1:REQUEST:Merchant= -> 2:RELATION:platform=Merchant.platform -> 3:PROVIDER:postgresql= -> 4:SQL:select=] mutationLineage=[]
SQL: -- TeaQL PLAIN
SELECT id, create_time AS createTime, last_update_time AS lastUpdateTime, name, version FROM platform_data WHERE (version > 0) AND (id = 1) LIMIT 1 OFFSET 0
[TeaQL SQL][query][414us] 1 rows returned outcome=success batchOutcome=not_applicable comment=matched merchant read with relation purpose=matched benchmark read auditReason= tracePath=[0:OPERATION:Merchant=query -> 1:REQUEST:Merchant= -> 2:PROVIDER:postgresql= -> 3:SQL:select=] mutationLineage=[]
SQL: -- TeaQL PLAIN
SELECT id, name, code, external_id AS externalId, task_life_hours AS taskLifeHours, version, platform FROM merchant_data WHERE (version > 0) AND (external_id = 'matched-merchant') LIMIT 1000 OFFSET 0
[TeaQL SQL][query][386us] 1 rows returned outcome=success batchOutcome=not_applicable comment=matched merchant read with relation purpose=matched benchmark read auditReason= tracePath=[0:OPERATION:Merchant=query -> 1:REQUEST:Merchant= -> 2:RELATION:platform=Merchant.platform -> 3:PROVIDER:postgresql= -> 4:SQL:select=] mutationLineage=[]
SQL: -- TeaQL PLAIN
SELECT id, create_time AS createTime, last_update_time AS lastUpdateTime, name, version FROM platform_data WHERE (version > 0) AND (id = 1) LIMIT 1 OFFSET 0
[TeaQL SQL][query][611us] 1 rows returned outcome=success batchOutcome=not_applicable comment=matched merchant read with relation purpose=matched benchmark read auditReason= tracePath=[0:OPERATION:Merchant=query -> 1:REQUEST:Merchant= -> 2:PROVIDER:postgresql= -> 3:SQL:select=] mutationLineage=[]
SQL: -- TeaQL PLAIN
SELECT id, name, code, external_id AS externalId, task_life_hours AS taskLifeHours, version, platform FROM merchant_data WHERE (version > 0) AND (external_id = 'matched-merchant') LIMIT 1000 OFFSET 0
[TeaQL SQL][query][565us] 1 rows returned outcome=success batchOutcome=not_applicable comment=matched merchant read with relation purpose=matched benchmark read auditReason= tracePath=[0:OPERATION:Merchant=query -> 1:REQUEST:Merchant= -> 2:RELATION:platform=Merchant.platform -> 3:PROVIDER:postgresql= -> 4:SQL:select=] mutationLineage=[]
SQL: -- TeaQL PLAIN
SELECT id, create_time AS createTime, last_update_time AS lastUpdateTime, name, version FROM platform_data WHERE (version > 0) AND (id = 1) LIMIT 1 OFFSET 0
[TeaQL SQL][query][554us] 1 rows returned outcome=success batchOutcome=not_applicable comment=matched merchant read with relation purpose=matched benchmark read auditReason= tracePath=[0:OPERATION:Merchant=query -> 1:REQUEST:Merchant= -> 2:PROVIDER:postgresql= -> 3:SQL:select=] mutationLineage=[]
SQL: -- TeaQL PLAIN
SELECT id, name, code, external_id AS externalId, task_life_hours AS taskLifeHours, version, platform FROM merchant_data WHERE (version > 0) AND (external_id = 'matched-merchant') LIMIT 1000 OFFSET 0
[TeaQL SQL][query][454us] 1 rows returned outcome=success batchOutcome=not_applicable comment=matched merchant read with relation purpose=matched benchmark read auditReason= tracePath=[0:OPERATION:Merchant=query -> 1:REQUEST:Merchant= -> 2:RELATION:platform=Merchant.platform -> 3:PROVIDER:postgresql= -> 4:SQL:select=] mutationLineage=[]
SQL: -- TeaQL PLAIN
SELECT id, create_time AS createTime, last_update_time AS lastUpdateTime, name, version FROM platform_data WHERE (version > 0) AND (id = 1) LIMIT 1 OFFSET 0
[TeaQL SQL][query][532us] 1 rows returned outcome=success batchOutcome=not_applicable comment=matched merchant read with relation purpose=matched benchmark read auditReason= tracePath=[0:OPERATION:Merchant=query -> 1:REQUEST:Merchant= -> 2:PROVIDER:postgresql= -> 3:SQL:select=] mutationLineage=[]
SQL: -- TeaQL PLAIN
SELECT id, name, code, external_id AS externalId, task_life_hours AS taskLifeHours, version, platform FROM merchant_data WHERE (version > 0) AND (external_id = 'matched-merchant') LIMIT 1000 OFFSET 0
[TeaQL SQL][query][475us] 1 rows returned outcome=success batchOutcome=not_applicable comment=matched merchant read with relation purpose=matched benchmark read auditReason= tracePath=[0:OPERATION:Merchant=query -> 1:REQUEST:Merchant= -> 2:RELATION:platform=Merchant.platform -> 3:PROVIDER:postgresql= -> 4:SQL:select=] mutationLineage=[]
SQL: -- TeaQL PLAIN
SELECT id, create_time AS createTime, last_update_time AS lastUpdateTime, name, version FROM platform_data WHERE (version > 0) AND (id = 1) LIMIT 1 OFFSET 0
[TeaQL SQL][query][525us] 1 rows returned outcome=success batchOutcome=not_applicable comment=matched merchant read with relation purpose=matched benchmark read auditReason= tracePath=[0:OPERATION:Merchant=query -> 1:REQUEST:Merchant= -> 2:PROVIDER:postgresql= -> 3:SQL:select=] mutationLineage=[]
SQL: -- TeaQL PLAIN
SELECT id, name, code, external_id AS externalId, task_life_hours AS taskLifeHours, version, platform FROM merchant_data WHERE (version > 0) AND (external_id = 'matched-merchant') LIMIT 1000 OFFSET 0
[TeaQL SQL][query][443us] 1 rows returned outcome=success batchOutcome=not_applicable comment=matched merchant read with relation purpose=matched benchmark read auditReason= tracePath=[0:OPERATION:Merchant=query -> 1:REQUEST:Merchant= -> 2:RELATION:platform=Merchant.platform -> 3:PROVIDER:postgresql= -> 4:SQL:select=] mutationLineage=[]
SQL: -- TeaQL PLAIN
SELECT id, create_time AS createTime, last_update_time AS lastUpdateTime, name, version FROM platform_data WHERE (version > 0) AND (id = 1) LIMIT 1 OFFSET 0
[TeaQL SQL][query][574us] 1 rows returned outcome=success batchOutcome=not_applicable comment=matched merchant read with relation purpose=matched benchmark read auditReason= tracePath=[0:OPERATION:Merchant=query -> 1:REQUEST:Merchant= -> 2:PROVIDER:postgresql= -> 3:SQL:select=] mutationLineage=[]
SQL: -- TeaQL PLAIN
SELECT id, name, code, external_id AS externalId, task_life_hours AS taskLifeHours, version, platform FROM merchant_data WHERE (version > 0) AND (external_id = 'matched-merchant') LIMIT 1000 OFFSET 0
[TeaQL SQL][query][444us] 1 rows returned outcome=success batchOutcome=not_applicable comment=matched merchant read with relation purpose=matched benchmark read auditReason= tracePath=[0:OPERATION:Merchant=query -> 1:REQUEST:Merchant= -> 2:RELATION:platform=Merchant.platform -> 3:PROVIDER:postgresql= -> 4:SQL:select=] mutationLineage=[]
SQL: -- TeaQL PLAIN
SELECT id, create_time AS createTime, last_update_time AS lastUpdateTime, name, version FROM platform_data WHERE (version > 0) AND (id = 1) LIMIT 1 OFFSET 0
[TeaQL SQL][query][587us] 1 rows returned outcome=success batchOutcome=not_applicable comment=matched merchant read with relation purpose=matched benchmark read auditReason= tracePath=[0:OPERATION:Merchant=query -> 1:REQUEST:Merchant= -> 2:PROVIDER:postgresql= -> 3:SQL:select=] mutationLineage=[]
SQL: -- TeaQL PLAIN
SELECT id, name, code, external_id AS externalId, task_life_hours AS taskLifeHours, version, platform FROM merchant_data WHERE (version > 0) AND (external_id = 'matched-merchant') LIMIT 1000 OFFSET 0
[TeaQL SQL][query][404us] 1 rows returned outcome=success batchOutcome=not_applicable comment=matched merchant read with relation purpose=matched benchmark read auditReason= tracePath=[0:OPERATION:Merchant=query -> 1:REQUEST:Merchant= -> 2:RELATION:platform=Merchant.platform -> 3:PROVIDER:postgresql= -> 4:SQL:select=] mutationLineage=[]
SQL: -- TeaQL PLAIN
SELECT id, create_time AS createTime, last_update_time AS lastUpdateTime, name, version FROM platform_data WHERE (version > 0) AND (id = 1) LIMIT 1 OFFSET 0
[TeaQL SQL][query][783us] 1 rows returned outcome=success batchOutcome=not_applicable comment=matched merchant read with relation purpose=matched benchmark read auditReason= tracePath=[0:OPERATION:Merchant=query -> 1:REQUEST:Merchant= -> 2:PROVIDER:postgresql= -> 3:SQL:select=] mutationLineage=[]
SQL: -- TeaQL PLAIN
SELECT id, name, code, external_id AS externalId, task_life_hours AS taskLifeHours, version, platform FROM merchant_data WHERE (version > 0) AND (external_id = 'matched-merchant') LIMIT 1000 OFFSET 0
[TeaQL SQL][query][522us] 1 rows returned outcome=success batchOutcome=not_applicable comment=matched merchant read with relation purpose=matched benchmark read auditReason= tracePath=[0:OPERATION:Merchant=query -> 1:REQUEST:Merchant= -> 2:RELATION:platform=Merchant.platform -> 3:PROVIDER:postgresql= -> 4:SQL:select=] mutationLineage=[]
SQL: -- TeaQL PLAIN
SELECT id, create_time AS createTime, last_update_time AS lastUpdateTime, name, version FROM platform_data WHERE (version > 0) AND (id = 1) LIMIT 1 OFFSET 0
[TeaQL SQL][query][496us] 1 rows returned outcome=success batchOutcome=not_applicable comment=matched merchant read with relation purpose=matched benchmark read auditReason= tracePath=[0:OPERATION:Merchant=query -> 1:REQUEST:Merchant= -> 2:PROVIDER:postgresql= -> 3:SQL:select=] mutationLineage=[]
SQL: -- TeaQL PLAIN
SELECT id, name, code, external_id AS externalId, task_life_hours AS taskLifeHours, version, platform FROM merchant_data WHERE (version > 0) AND (external_id = 'matched-merchant') LIMIT 1000 OFFSET 0
[TeaQL SQL][query][440us] 1 rows returned outcome=success batchOutcome=not_applicable comment=matched merchant read with relation purpose=matched benchmark read auditReason= tracePath=[0:OPERATION:Merchant=query -> 1:REQUEST:Merchant= -> 2:RELATION:platform=Merchant.platform -> 3:PROVIDER:postgresql= -> 4:SQL:select=] mutationLineage=[]
SQL: -- TeaQL PLAIN
SELECT id, create_time AS createTime, last_update_time AS lastUpdateTime, name, version FROM platform_data WHERE (version > 0) AND (id = 1) LIMIT 1 OFFSET 0
[TeaQL SQL][query][615us] 1 rows returned outcome=success batchOutcome=not_applicable comment=matched merchant read with relation purpose=matched benchmark read auditReason= tracePath=[0:OPERATION:Merchant=query -> 1:REQUEST:Merchant= -> 2:PROVIDER:postgresql= -> 3:SQL:select=] mutationLineage=[]
SQL: -- TeaQL PLAIN
SELECT id, name, code, external_id AS externalId, task_life_hours AS taskLifeHours, version, platform FROM merchant_data WHERE (version > 0) AND (external_id = 'matched-merchant') LIMIT 1000 OFFSET 0
[TeaQL SQL][query][595us] 1 rows returned outcome=success batchOutcome=not_applicable comment=matched merchant read with relation purpose=matched benchmark read auditReason= tracePath=[0:OPERATION:Merchant=query -> 1:REQUEST:Merchant= -> 2:RELATION:platform=Merchant.platform -> 3:PROVIDER:postgresql= -> 4:SQL:select=] mutationLineage=[]
SQL: -- TeaQL PLAIN
SELECT id, create_time AS createTime, last_update_time AS lastUpdateTime, name, version FROM platform_data WHERE (version > 0) AND (id = 1) LIMIT 1 OFFSET 0
[TeaQL SQL][query][450us] 1 rows returned outcome=success batchOutcome=not_applicable comment=matched merchant read with relation purpose=matched benchmark read auditReason= tracePath=[0:OPERATION:Merchant=query -> 1:REQUEST:Merchant= -> 2:PROVIDER:postgresql= -> 3:SQL:select=] mutationLineage=[]
SQL: -- TeaQL PLAIN
SELECT id, name, code, external_id AS externalId, task_life_hours AS taskLifeHours, version, platform FROM merchant_data WHERE (version > 0) AND (external_id = 'matched-merchant') LIMIT 1000 OFFSET 0
[TeaQL SQL][query][421us] 1 rows returned outcome=success batchOutcome=not_applicable comment=matched merchant read with relation purpose=matched benchmark read auditReason= tracePath=[0:OPERATION:Merchant=query -> 1:REQUEST:Merchant= -> 2:RELATION:platform=Merchant.platform -> 3:PROVIDER:postgresql= -> 4:SQL:select=] mutationLineage=[]
SQL: -- TeaQL PLAIN
SELECT id, create_time AS createTime, last_update_time AS lastUpdateTime, name, version FROM platform_data WHERE (version > 0) AND (id = 1) LIMIT 1 OFFSET 0
[TeaQL SQL][query][531us] 1 rows returned outcome=success batchOutcome=not_applicable comment=matched merchant read with relation purpose=matched benchmark read auditReason= tracePath=[0:OPERATION:Merchant=query -> 1:REQUEST:Merchant= -> 2:PROVIDER:postgresql= -> 3:SQL:select=] mutationLineage=[]
SQL: -- TeaQL PLAIN
SELECT id, name, code, external_id AS externalId, task_life_hours AS taskLifeHours, version, platform FROM merchant_data WHERE (version > 0) AND (external_id = 'matched-merchant') LIMIT 1000 OFFSET 0
[TeaQL SQL][query][421us] 1 rows returned outcome=success batchOutcome=not_applicable comment=matched merchant read with relation purpose=matched benchmark read auditReason= tracePath=[0:OPERATION:Merchant=query -> 1:REQUEST:Merchant= -> 2:RELATION:platform=Merchant.platform -> 3:PROVIDER:postgresql= -> 4:SQL:select=] mutationLineage=[]
SQL: -- TeaQL PLAIN
SELECT id, create_time AS createTime, last_update_time AS lastUpdateTime, name, version FROM platform_data WHERE (version > 0) AND (id = 1) LIMIT 1 OFFSET 0
[TeaQL SQL][query][459us] 1 rows returned outcome=success batchOutcome=not_applicable comment=matched merchant read with relation purpose=matched benchmark read auditReason= tracePath=[0:OPERATION:Merchant=query -> 1:REQUEST:Merchant= -> 2:PROVIDER:postgresql= -> 3:SQL:select=] mutationLineage=[]
SQL: -- TeaQL PLAIN
SELECT id, name, code, external_id AS externalId, task_life_hours AS taskLifeHours, version, platform FROM merchant_data WHERE (version > 0) AND (external_id = 'matched-merchant') LIMIT 1000 OFFSET 0
[TeaQL SQL][query][466us] 1 rows returned outcome=success batchOutcome=not_applicable comment=matched merchant read with relation purpose=matched benchmark read auditReason= tracePath=[0:OPERATION:Merchant=query -> 1:REQUEST:Merchant= -> 2:RELATION:platform=Merchant.platform -> 3:PROVIDER:postgresql= -> 4:SQL:select=] mutationLineage=[]
SQL: -- TeaQL PLAIN
SELECT id, create_time AS createTime, last_update_time AS lastUpdateTime, name, version FROM platform_data WHERE (version > 0) AND (id = 1) LIMIT 1 OFFSET 0
[TeaQL SQL][query][582us] 1 rows returned outcome=success batchOutcome=not_applicable comment=matched merchant read with relation purpose=matched benchmark read auditReason= tracePath=[0:OPERATION:Merchant=query -> 1:REQUEST:Merchant= -> 2:PROVIDER:postgresql= -> 3:SQL:select=] mutationLineage=[]
SQL: -- TeaQL PLAIN
SELECT id, name, code, external_id AS externalId, task_life_hours AS taskLifeHours, version, platform FROM merchant_data WHERE (version > 0) AND (external_id = 'matched-merchant') LIMIT 1000 OFFSET 0
[TeaQL SQL][query][523us] 1 rows returned outcome=success batchOutcome=not_applicable comment=matched merchant read with relation purpose=matched benchmark read auditReason= tracePath=[0:OPERATION:Merchant=query -> 1:REQUEST:Merchant= -> 2:RELATION:platform=Merchant.platform -> 3:PROVIDER:postgresql= -> 4:SQL:select=] mutationLineage=[]
SQL: -- TeaQL PLAIN
SELECT id, create_time AS createTime, last_update_time AS lastUpdateTime, name, version FROM platform_data WHERE (version > 0) AND (id = 1) LIMIT 1 OFFSET 0
[TeaQL SQL][query][494us] 1 rows returned outcome=success batchOutcome=not_applicable comment=matched merchant read with relation purpose=matched benchmark read auditReason= tracePath=[0:OPERATION:Merchant=query -> 1:REQUEST:Merchant= -> 2:PROVIDER:postgresql= -> 3:SQL:select=] mutationLineage=[]
SQL: -- TeaQL PLAIN
SELECT id, name, code, external_id AS externalId, task_life_hours AS taskLifeHours, version, platform FROM merchant_data WHERE (version > 0) AND (external_id = 'matched-merchant') LIMIT 1000 OFFSET 0
[TeaQL SQL][query][464us] 1 rows returned outcome=success batchOutcome=not_applicable comment=matched merchant read with relation purpose=matched benchmark read auditReason= tracePath=[0:OPERATION:Merchant=query -> 1:REQUEST:Merchant= -> 2:RELATION:platform=Merchant.platform -> 3:PROVIDER:postgresql= -> 4:SQL:select=] mutationLineage=[]
SQL: -- TeaQL PLAIN
SELECT id, create_time AS createTime, last_update_time AS lastUpdateTime, name, version FROM platform_data WHERE (version > 0) AND (id = 1) LIMIT 1 OFFSET 0
[TeaQL SQL][query][615us] 1 rows returned outcome=success batchOutcome=not_applicable comment=matched merchant read with relation purpose=matched benchmark read auditReason= tracePath=[0:OPERATION:Merchant=query -> 1:REQUEST:Merchant= -> 2:PROVIDER:postgresql= -> 3:SQL:select=] mutationLineage=[]
SQL: -- TeaQL PLAIN
SELECT id, name, code, external_id AS externalId, task_life_hours AS taskLifeHours, version, platform FROM merchant_data WHERE (version > 0) AND (external_id = 'matched-merchant') LIMIT 1000 OFFSET 0
[TeaQL SQL][query][494us] 1 rows returned outcome=success batchOutcome=not_applicable comment=matched merchant read with relation purpose=matched benchmark read auditReason= tracePath=[0:OPERATION:Merchant=query -> 1:REQUEST:Merchant= -> 2:RELATION:platform=Merchant.platform -> 3:PROVIDER:postgresql= -> 4:SQL:select=] mutationLineage=[]
SQL: -- TeaQL PLAIN
SELECT id, create_time AS createTime, last_update_time AS lastUpdateTime, name, version FROM platform_data WHERE (version > 0) AND (id = 1) LIMIT 1 OFFSET 0
[TeaQL SQL][query][512us] 1 rows returned outcome=success batchOutcome=not_applicable comment=matched merchant read with relation purpose=matched benchmark read auditReason= tracePath=[0:OPERATION:Merchant=query -> 1:REQUEST:Merchant= -> 2:PROVIDER:postgresql= -> 3:SQL:select=] mutationLineage=[]
SQL: -- TeaQL PLAIN
SELECT id, name, code, external_id AS externalId, task_life_hours AS taskLifeHours, version, platform FROM merchant_data WHERE (version > 0) AND (external_id = 'matched-merchant') LIMIT 1000 OFFSET 0
[TeaQL SQL][query][438us] 1 rows returned outcome=success batchOutcome=not_applicable comment=matched merchant read with relation purpose=matched benchmark read auditReason= tracePath=[0:OPERATION:Merchant=query -> 1:REQUEST:Merchant= -> 2:RELATION:platform=Merchant.platform -> 3:PROVIDER:postgresql= -> 4:SQL:select=] mutationLineage=[]
SQL: -- TeaQL PLAIN
SELECT id, create_time AS createTime, last_update_time AS lastUpdateTime, name, version FROM platform_data WHERE (version > 0) AND (id = 1) LIMIT 1 OFFSET 0
[TeaQL SQL][query][584us] 1 rows returned outcome=success batchOutcome=not_applicable comment=matched merchant read with relation purpose=matched benchmark read auditReason= tracePath=[0:OPERATION:Merchant=query -> 1:REQUEST:Merchant= -> 2:PROVIDER:postgresql= -> 3:SQL:select=] mutationLineage=[]
SQL: -- TeaQL PLAIN
SELECT id, name, code, external_id AS externalId, task_life_hours AS taskLifeHours, version, platform FROM merchant_data WHERE (version > 0) AND (external_id = 'matched-merchant') LIMIT 1000 OFFSET 0
[TeaQL SQL][query][556us] 1 rows returned outcome=success batchOutcome=not_applicable comment=matched merchant read with relation purpose=matched benchmark read auditReason= tracePath=[0:OPERATION:Merchant=query -> 1:REQUEST:Merchant= -> 2:RELATION:platform=Merchant.platform -> 3:PROVIDER:postgresql= -> 4:SQL:select=] mutationLineage=[]
SQL: -- TeaQL PLAIN
SELECT id, create_time AS createTime, last_update_time AS lastUpdateTime, name, version FROM platform_data WHERE (version > 0) AND (id = 1) LIMIT 1 OFFSET 0
[TeaQL SQL][query][586us] 1 rows returned outcome=success batchOutcome=not_applicable comment=matched merchant read with relation purpose=matched benchmark read auditReason= tracePath=[0:OPERATION:Merchant=query -> 1:REQUEST:Merchant= -> 2:PROVIDER:postgresql= -> 3:SQL:select=] mutationLineage=[]
SQL: -- TeaQL PLAIN
SELECT id, name, code, external_id AS externalId, task_life_hours AS taskLifeHours, version, platform FROM merchant_data WHERE (version > 0) AND (external_id = 'matched-merchant') LIMIT 1000 OFFSET 0
[TeaQL SQL][query][529us] 1 rows returned outcome=success batchOutcome=not_applicable comment=matched merchant read with relation purpose=matched benchmark read auditReason= tracePath=[0:OPERATION:Merchant=query -> 1:REQUEST:Merchant= -> 2:RELATION:platform=Merchant.platform -> 3:PROVIDER:postgresql= -> 4:SQL:select=] mutationLineage=[]
SQL: -- TeaQL PLAIN
SELECT id, create_time AS createTime, last_update_time AS lastUpdateTime, name, version FROM platform_data WHERE (version > 0) AND (id = 1) LIMIT 1 OFFSET 0
[TeaQL SQL][query][549us] 1 rows returned outcome=success batchOutcome=not_applicable comment=matched merchant read with relation purpose=matched benchmark read auditReason= tracePath=[0:OPERATION:Merchant=query -> 1:REQUEST:Merchant= -> 2:PROVIDER:postgresql= -> 3:SQL:select=] mutationLineage=[]
SQL: -- TeaQL PLAIN
SELECT id, name, code, external_id AS externalId, task_life_hours AS taskLifeHours, version, platform FROM merchant_data WHERE (version > 0) AND (external_id = 'matched-merchant') LIMIT 1000 OFFSET 0
[TeaQL SQL][query][562us] 1 rows returned outcome=success batchOutcome=not_applicable comment=matched merchant read with relation purpose=matched benchmark read auditReason= tracePath=[0:OPERATION:Merchant=query -> 1:REQUEST:Merchant= -> 2:RELATION:platform=Merchant.platform -> 3:PROVIDER:postgresql= -> 4:SQL:select=] mutationLineage=[]
SQL: -- TeaQL PLAIN
SELECT id, create_time AS createTime, last_update_time AS lastUpdateTime, name, version FROM platform_data WHERE (version > 0) AND (id = 1) LIMIT 1 OFFSET 0
[TeaQL SQL][query][504us] 1 rows returned outcome=success batchOutcome=not_applicable comment=matched merchant read with relation purpose=matched benchmark read auditReason= tracePath=[0:OPERATION:Merchant=query -> 1:REQUEST:Merchant= -> 2:PROVIDER:postgresql= -> 3:SQL:select=] mutationLineage=[]
SQL: -- TeaQL PLAIN
SELECT id, name, code, external_id AS externalId, task_life_hours AS taskLifeHours, version, platform FROM merchant_data WHERE (version > 0) AND (external_id = 'matched-merchant') LIMIT 1000 OFFSET 0
[TeaQL SQL][query][479us] 1 rows returned outcome=success batchOutcome=not_applicable comment=matched merchant read with relation purpose=matched benchmark read auditReason= tracePath=[0:OPERATION:Merchant=query -> 1:REQUEST:Merchant= -> 2:RELATION:platform=Merchant.platform -> 3:PROVIDER:postgresql= -> 4:SQL:select=] mutationLineage=[]
SQL: -- TeaQL PLAIN
SELECT id, create_time AS createTime, last_update_time AS lastUpdateTime, name, version FROM platform_data WHERE (version > 0) AND (id = 1) LIMIT 1 OFFSET 0
[TeaQL SQL][query][566us] 1 rows returned outcome=success batchOutcome=not_applicable comment=matched merchant read with relation purpose=matched benchmark read auditReason= tracePath=[0:OPERATION:Merchant=query -> 1:REQUEST:Merchant= -> 2:PROVIDER:postgresql= -> 3:SQL:select=] mutationLineage=[]
SQL: -- TeaQL PLAIN
SELECT id, name, code, external_id AS externalId, task_life_hours AS taskLifeHours, version, platform FROM merchant_data WHERE (version > 0) AND (external_id = 'matched-merchant') LIMIT 1000 OFFSET 0
[TeaQL SQL][query][725us] 1 rows returned outcome=success batchOutcome=not_applicable comment=matched merchant read with relation purpose=matched benchmark read auditReason= tracePath=[0:OPERATION:Merchant=query -> 1:REQUEST:Merchant= -> 2:RELATION:platform=Merchant.platform -> 3:PROVIDER:postgresql= -> 4:SQL:select=] mutationLineage=[]
SQL: -- TeaQL PLAIN
SELECT id, create_time AS createTime, last_update_time AS lastUpdateTime, name, version FROM platform_data WHERE (version > 0) AND (id = 1) LIMIT 1 OFFSET 0
[TeaQL SQL][query][628us] 1 rows returned outcome=success batchOutcome=not_applicable comment=matched merchant read with relation purpose=matched benchmark read auditReason= tracePath=[0:OPERATION:Merchant=query -> 1:REQUEST:Merchant= -> 2:PROVIDER:postgresql= -> 3:SQL:select=] mutationLineage=[]
SQL: -- TeaQL PLAIN
SELECT id, name, code, external_id AS externalId, task_life_hours AS taskLifeHours, version, platform FROM merchant_data WHERE (version > 0) AND (external_id = 'matched-merchant') LIMIT 1000 OFFSET 0
[TeaQL SQL][query][532us] 1 rows returned outcome=success batchOutcome=not_applicable comment=matched merchant read with relation purpose=matched benchmark read auditReason= tracePath=[0:OPERATION:Merchant=query -> 1:REQUEST:Merchant= -> 2:RELATION:platform=Merchant.platform -> 3:PROVIDER:postgresql= -> 4:SQL:select=] mutationLineage=[]
SQL: -- TeaQL PLAIN
SELECT id, create_time AS createTime, last_update_time AS lastUpdateTime, name, version FROM platform_data WHERE (version > 0) AND (id = 1) LIMIT 1 OFFSET 0
[TeaQL SQL][query][489us] 1 rows returned outcome=success batchOutcome=not_applicable comment=matched merchant read with relation purpose=matched benchmark read auditReason= tracePath=[0:OPERATION:Merchant=query -> 1:REQUEST:Merchant= -> 2:PROVIDER:postgresql= -> 3:SQL:select=] mutationLineage=[]
SQL: -- TeaQL PLAIN
SELECT id, name, code, external_id AS externalId, task_life_hours AS taskLifeHours, version, platform FROM merchant_data WHERE (version > 0) AND (external_id = 'matched-merchant') LIMIT 1000 OFFSET 0
[TeaQL SQL][query][468us] 1 rows returned outcome=success batchOutcome=not_applicable comment=matched merchant read with relation purpose=matched benchmark read auditReason= tracePath=[0:OPERATION:Merchant=query -> 1:REQUEST:Merchant= -> 2:RELATION:platform=Merchant.platform -> 3:PROVIDER:postgresql= -> 4:SQL:select=] mutationLineage=[]
SQL: -- TeaQL PLAIN
SELECT id, create_time AS createTime, last_update_time AS lastUpdateTime, name, version FROM platform_data WHERE (version > 0) AND (id = 1) LIMIT 1 OFFSET 0
[TeaQL SQL][query][477us] 1 rows returned outcome=success batchOutcome=not_applicable comment=matched merchant read with relation purpose=matched benchmark read auditReason= tracePath=[0:OPERATION:Merchant=query -> 1:REQUEST:Merchant= -> 2:PROVIDER:postgresql= -> 3:SQL:select=] mutationLineage=[]
SQL: -- TeaQL PLAIN
SELECT id, name, code, external_id AS externalId, task_life_hours AS taskLifeHours, version, platform FROM merchant_data WHERE (version > 0) AND (external_id = 'matched-merchant') LIMIT 1000 OFFSET 0
[TeaQL SQL][query][453us] 1 rows returned outcome=success batchOutcome=not_applicable comment=matched merchant read with relation purpose=matched benchmark read auditReason= tracePath=[0:OPERATION:Merchant=query -> 1:REQUEST:Merchant= -> 2:RELATION:platform=Merchant.platform -> 3:PROVIDER:postgresql= -> 4:SQL:select=] mutationLineage=[]
SQL: -- TeaQL PLAIN
SELECT id, create_time AS createTime, last_update_time AS lastUpdateTime, name, version FROM platform_data WHERE (version > 0) AND (id = 1) LIMIT 1 OFFSET 0
[TeaQL SQL][query][591us] 1 rows returned outcome=success batchOutcome=not_applicable comment=matched merchant read with relation purpose=matched benchmark read auditReason= tracePath=[0:OPERATION:Merchant=query -> 1:REQUEST:Merchant= -> 2:PROVIDER:postgresql= -> 3:SQL:select=] mutationLineage=[]
SQL: -- TeaQL PLAIN
SELECT id, name, code, external_id AS externalId, task_life_hours AS taskLifeHours, version, platform FROM merchant_data WHERE (version > 0) AND (external_id = 'matched-merchant') LIMIT 1000 OFFSET 0
[TeaQL SQL][query][555us] 1 rows returned outcome=success batchOutcome=not_applicable comment=matched merchant read with relation purpose=matched benchmark read auditReason= tracePath=[0:OPERATION:Merchant=query -> 1:REQUEST:Merchant= -> 2:RELATION:platform=Merchant.platform -> 3:PROVIDER:postgresql= -> 4:SQL:select=] mutationLineage=[]
SQL: -- TeaQL PLAIN
SELECT id, create_time AS createTime, last_update_time AS lastUpdateTime, name, version FROM platform_data WHERE (version > 0) AND (id = 1) LIMIT 1 OFFSET 0
[TeaQL SQL][query][488us] 1 rows returned outcome=success batchOutcome=not_applicable comment=matched merchant read with relation purpose=matched benchmark read auditReason= tracePath=[0:OPERATION:Merchant=query -> 1:REQUEST:Merchant= -> 2:PROVIDER:postgresql= -> 3:SQL:select=] mutationLineage=[]
SQL: -- TeaQL PLAIN
SELECT id, name, code, external_id AS externalId, task_life_hours AS taskLifeHours, version, platform FROM merchant_data WHERE (version > 0) AND (external_id = 'matched-merchant') LIMIT 1000 OFFSET 0
[TeaQL SQL][query][514us] 1 rows returned outcome=success batchOutcome=not_applicable comment=matched merchant read with relation purpose=matched benchmark read auditReason= tracePath=[0:OPERATION:Merchant=query -> 1:REQUEST:Merchant= -> 2:RELATION:platform=Merchant.platform -> 3:PROVIDER:postgresql= -> 4:SQL:select=] mutationLineage=[]
SQL: -- TeaQL PLAIN
SELECT id, create_time AS createTime, last_update_time AS lastUpdateTime, name, version FROM platform_data WHERE (version > 0) AND (id = 1) LIMIT 1 OFFSET 0
[TeaQL SQL][query][596us] 1 rows returned outcome=success batchOutcome=not_applicable comment=matched merchant read with relation purpose=matched benchmark read auditReason= tracePath=[0:OPERATION:Merchant=query -> 1:REQUEST:Merchant= -> 2:PROVIDER:postgresql= -> 3:SQL:select=] mutationLineage=[]
SQL: -- TeaQL PLAIN
SELECT id, name, code, external_id AS externalId, task_life_hours AS taskLifeHours, version, platform FROM merchant_data WHERE (version > 0) AND (external_id = 'matched-merchant') LIMIT 1000 OFFSET 0
[TeaQL SQL][query][502us] 1 rows returned outcome=success batchOutcome=not_applicable comment=matched merchant read with relation purpose=matched benchmark read auditReason= tracePath=[0:OPERATION:Merchant=query -> 1:REQUEST:Merchant= -> 2:RELATION:platform=Merchant.platform -> 3:PROVIDER:postgresql= -> 4:SQL:select=] mutationLineage=[]
SQL: -- TeaQL PLAIN
SELECT id, create_time AS createTime, last_update_time AS lastUpdateTime, name, version FROM platform_data WHERE (version > 0) AND (id = 1) LIMIT 1 OFFSET 0
[TeaQL SQL][query][472us] 1 rows returned outcome=success batchOutcome=not_applicable comment=matched merchant read with relation purpose=matched benchmark read auditReason= tracePath=[0:OPERATION:Merchant=query -> 1:REQUEST:Merchant= -> 2:PROVIDER:postgresql= -> 3:SQL:select=] mutationLineage=[]
SQL: -- TeaQL PLAIN
SELECT id, name, code, external_id AS externalId, task_life_hours AS taskLifeHours, version, platform FROM merchant_data WHERE (version > 0) AND (external_id = 'matched-merchant') LIMIT 1000 OFFSET 0
[TeaQL SQL][query][480us] 1 rows returned outcome=success batchOutcome=not_applicable comment=matched merchant read with relation purpose=matched benchmark read auditReason= tracePath=[0:OPERATION:Merchant=query -> 1:REQUEST:Merchant= -> 2:RELATION:platform=Merchant.platform -> 3:PROVIDER:postgresql= -> 4:SQL:select=] mutationLineage=[]
SQL: -- TeaQL PLAIN
SELECT id, create_time AS createTime, last_update_time AS lastUpdateTime, name, version FROM platform_data WHERE (version > 0) AND (id = 1) LIMIT 1 OFFSET 0
[TeaQL SQL][query][582us] 1 rows returned outcome=success batchOutcome=not_applicable comment=matched merchant read with relation purpose=matched benchmark read auditReason= tracePath=[0:OPERATION:Merchant=query -> 1:REQUEST:Merchant= -> 2:PROVIDER:postgresql= -> 3:SQL:select=] mutationLineage=[]
SQL: -- TeaQL PLAIN
SELECT id, name, code, external_id AS externalId, task_life_hours AS taskLifeHours, version, platform FROM merchant_data WHERE (version > 0) AND (external_id = 'matched-merchant') LIMIT 1000 OFFSET 0
[TeaQL SQL][query][543us] 1 rows returned outcome=success batchOutcome=not_applicable comment=matched merchant read with relation purpose=matched benchmark read auditReason= tracePath=[0:OPERATION:Merchant=query -> 1:REQUEST:Merchant= -> 2:RELATION:platform=Merchant.platform -> 3:PROVIDER:postgresql= -> 4:SQL:select=] mutationLineage=[]
SQL: -- TeaQL PLAIN
SELECT id, create_time AS createTime, last_update_time AS lastUpdateTime, name, version FROM platform_data WHERE (version > 0) AND (id = 1) LIMIT 1 OFFSET 0
[TeaQL SQL][query][619us] 1 rows returned outcome=success batchOutcome=not_applicable comment=matched merchant read with relation purpose=matched benchmark read auditReason= tracePath=[0:OPERATION:Merchant=query -> 1:REQUEST:Merchant= -> 2:PROVIDER:postgresql= -> 3:SQL:select=] mutationLineage=[]
SQL: -- TeaQL PLAIN
SELECT id, name, code, external_id AS externalId, task_life_hours AS taskLifeHours, version, platform FROM merchant_data WHERE (version > 0) AND (external_id = 'matched-merchant') LIMIT 1000 OFFSET 0
[TeaQL SQL][query][520us] 1 rows returned outcome=success batchOutcome=not_applicable comment=matched merchant read with relation purpose=matched benchmark read auditReason= tracePath=[0:OPERATION:Merchant=query -> 1:REQUEST:Merchant= -> 2:RELATION:platform=Merchant.platform -> 3:PROVIDER:postgresql= -> 4:SQL:select=] mutationLineage=[]
SQL: -- TeaQL PLAIN
SELECT id, create_time AS createTime, last_update_time AS lastUpdateTime, name, version FROM platform_data WHERE (version > 0) AND (id = 1) LIMIT 1 OFFSET 0
[TeaQL SQL][query][482us] 1 rows returned outcome=success batchOutcome=not_applicable comment=matched merchant read with relation purpose=matched benchmark read auditReason= tracePath=[0:OPERATION:Merchant=query -> 1:REQUEST:Merchant= -> 2:PROVIDER:postgresql= -> 3:SQL:select=] mutationLineage=[]
SQL: -- TeaQL PLAIN
SELECT id, name, code, external_id AS externalId, task_life_hours AS taskLifeHours, version, platform FROM merchant_data WHERE (version > 0) AND (external_id = 'matched-merchant') LIMIT 1000 OFFSET 0
[TeaQL SQL][query][370us] 1 rows returned outcome=success batchOutcome=not_applicable comment=matched merchant read with relation purpose=matched benchmark read auditReason= tracePath=[0:OPERATION:Merchant=query -> 1:REQUEST:Merchant= -> 2:RELATION:platform=Merchant.platform -> 3:PROVIDER:postgresql= -> 4:SQL:select=] mutationLineage=[]
SQL: -- TeaQL PLAIN
SELECT id, create_time AS createTime, last_update_time AS lastUpdateTime, name, version FROM platform_data WHERE (version > 0) AND (id = 1) LIMIT 1 OFFSET 0
[TeaQL SQL][query][587us] 1 rows returned outcome=success batchOutcome=not_applicable comment=matched merchant read with relation purpose=matched benchmark read auditReason= tracePath=[0:OPERATION:Merchant=query -> 1:REQUEST:Merchant= -> 2:PROVIDER:postgresql= -> 3:SQL:select=] mutationLineage=[]
SQL: -- TeaQL PLAIN
SELECT id, name, code, external_id AS externalId, task_life_hours AS taskLifeHours, version, platform FROM merchant_data WHERE (version > 0) AND (external_id = 'matched-merchant') LIMIT 1000 OFFSET 0
[TeaQL SQL][query][508us] 1 rows returned outcome=success batchOutcome=not_applicable comment=matched merchant read with relation purpose=matched benchmark read auditReason= tracePath=[0:OPERATION:Merchant=query -> 1:REQUEST:Merchant= -> 2:RELATION:platform=Merchant.platform -> 3:PROVIDER:postgresql= -> 4:SQL:select=] mutationLineage=[]
SQL: -- TeaQL PLAIN
SELECT id, create_time AS createTime, last_update_time AS lastUpdateTime, name, version FROM platform_data WHERE (version > 0) AND (id = 1) LIMIT 1 OFFSET 0
[TeaQL SQL][query][545us] 1 rows returned outcome=success batchOutcome=not_applicable comment=matched merchant read with relation purpose=matched benchmark read auditReason= tracePath=[0:OPERATION:Merchant=query -> 1:REQUEST:Merchant= -> 2:PROVIDER:postgresql= -> 3:SQL:select=] mutationLineage=[]
SQL: -- TeaQL PLAIN
SELECT id, name, code, external_id AS externalId, task_life_hours AS taskLifeHours, version, platform FROM merchant_data WHERE (version > 0) AND (external_id = 'matched-merchant') LIMIT 1000 OFFSET 0
[TeaQL SQL][query][551us] 1 rows returned outcome=success batchOutcome=not_applicable comment=matched merchant read with relation purpose=matched benchmark read auditReason= tracePath=[0:OPERATION:Merchant=query -> 1:REQUEST:Merchant= -> 2:RELATION:platform=Merchant.platform -> 3:PROVIDER:postgresql= -> 4:SQL:select=] mutationLineage=[]
SQL: -- TeaQL PLAIN
SELECT id, create_time AS createTime, last_update_time AS lastUpdateTime, name, version FROM platform_data WHERE (version > 0) AND (id = 1) LIMIT 1 OFFSET 0
[TeaQL SQL][query][406us] 1 rows returned outcome=success batchOutcome=not_applicable comment=matched merchant read with relation purpose=matched benchmark read auditReason= tracePath=[0:OPERATION:Merchant=query -> 1:REQUEST:Merchant= -> 2:PROVIDER:postgresql= -> 3:SQL:select=] mutationLineage=[]
SQL: -- TeaQL PLAIN
SELECT id, name, code, external_id AS externalId, task_life_hours AS taskLifeHours, version, platform FROM merchant_data WHERE (version > 0) AND (external_id = 'matched-merchant') LIMIT 1000 OFFSET 0
[TeaQL SQL][query][389us] 1 rows returned outcome=success batchOutcome=not_applicable comment=matched merchant read with relation purpose=matched benchmark read auditReason= tracePath=[0:OPERATION:Merchant=query -> 1:REQUEST:Merchant= -> 2:RELATION:platform=Merchant.platform -> 3:PROVIDER:postgresql= -> 4:SQL:select=] mutationLineage=[]
SQL: -- TeaQL PLAIN
SELECT id, create_time AS createTime, last_update_time AS lastUpdateTime, name, version FROM platform_data WHERE (version > 0) AND (id = 1) LIMIT 1 OFFSET 0
[TeaQL SQL][query][585us] 1 rows returned outcome=success batchOutcome=not_applicable comment=matched merchant read with relation purpose=matched benchmark read auditReason= tracePath=[0:OPERATION:Merchant=query -> 1:REQUEST:Merchant= -> 2:PROVIDER:postgresql= -> 3:SQL:select=] mutationLineage=[]
SQL: -- TeaQL PLAIN
SELECT id, name, code, external_id AS externalId, task_life_hours AS taskLifeHours, version, platform FROM merchant_data WHERE (version > 0) AND (external_id = 'matched-merchant') LIMIT 1000 OFFSET 0
[TeaQL SQL][query][507us] 1 rows returned outcome=success batchOutcome=not_applicable comment=matched merchant read with relation purpose=matched benchmark read auditReason= tracePath=[0:OPERATION:Merchant=query -> 1:REQUEST:Merchant= -> 2:RELATION:platform=Merchant.platform -> 3:PROVIDER:postgresql= -> 4:SQL:select=] mutationLineage=[]
SQL: -- TeaQL PLAIN
SELECT id, create_time AS createTime, last_update_time AS lastUpdateTime, name, version FROM platform_data WHERE (version > 0) AND (id = 1) LIMIT 1 OFFSET 0
[TeaQL SQL][query][532us] 1 rows returned outcome=success batchOutcome=not_applicable comment=matched merchant read with relation purpose=matched benchmark read auditReason= tracePath=[0:OPERATION:Merchant=query -> 1:REQUEST:Merchant= -> 2:PROVIDER:postgresql= -> 3:SQL:select=] mutationLineage=[]
SQL: -- TeaQL PLAIN
SELECT id, name, code, external_id AS externalId, task_life_hours AS taskLifeHours, version, platform FROM merchant_data WHERE (version > 0) AND (external_id = 'matched-merchant') LIMIT 1000 OFFSET 0
[TeaQL SQL][query][546us] 1 rows returned outcome=success batchOutcome=not_applicable comment=matched merchant read with relation purpose=matched benchmark read auditReason= tracePath=[0:OPERATION:Merchant=query -> 1:REQUEST:Merchant= -> 2:RELATION:platform=Merchant.platform -> 3:PROVIDER:postgresql= -> 4:SQL:select=] mutationLineage=[]
SQL: -- TeaQL PLAIN
SELECT id, create_time AS createTime, last_update_time AS lastUpdateTime, name, version FROM platform_data WHERE (version > 0) AND (id = 1) LIMIT 1 OFFSET 0
[TeaQL SQL][query][591us] 1 rows returned outcome=success batchOutcome=not_applicable comment=matched merchant read with relation purpose=matched benchmark read auditReason= tracePath=[0:OPERATION:Merchant=query -> 1:REQUEST:Merchant= -> 2:PROVIDER:postgresql= -> 3:SQL:select=] mutationLineage=[]
SQL: -- TeaQL PLAIN
SELECT id, name, code, external_id AS externalId, task_life_hours AS taskLifeHours, version, platform FROM merchant_data WHERE (version > 0) AND (external_id = 'matched-merchant') LIMIT 1000 OFFSET 0
[TeaQL SQL][query][516us] 1 rows returned outcome=success batchOutcome=not_applicable comment=matched merchant read with relation purpose=matched benchmark read auditReason= tracePath=[0:OPERATION:Merchant=query -> 1:REQUEST:Merchant= -> 2:RELATION:platform=Merchant.platform -> 3:PROVIDER:postgresql= -> 4:SQL:select=] mutationLineage=[]
SQL: -- TeaQL PLAIN
SELECT id, create_time AS createTime, last_update_time AS lastUpdateTime, name, version FROM platform_data WHERE (version > 0) AND (id = 1) LIMIT 1 OFFSET 0
[TeaQL SQL][query][601us] 1 rows returned outcome=success batchOutcome=not_applicable comment=matched merchant read with relation purpose=matched benchmark read auditReason= tracePath=[0:OPERATION:Merchant=query -> 1:REQUEST:Merchant= -> 2:PROVIDER:postgresql= -> 3:SQL:select=] mutationLineage=[]
SQL: -- TeaQL PLAIN
SELECT id, name, code, external_id AS externalId, task_life_hours AS taskLifeHours, version, platform FROM merchant_data WHERE (version > 0) AND (external_id = 'matched-merchant') LIMIT 1000 OFFSET 0
[TeaQL SQL][query][547us] 1 rows returned outcome=success batchOutcome=not_applicable comment=matched merchant read with relation purpose=matched benchmark read auditReason= tracePath=[0:OPERATION:Merchant=query -> 1:REQUEST:Merchant= -> 2:RELATION:platform=Merchant.platform -> 3:PROVIDER:postgresql= -> 4:SQL:select=] mutationLineage=[]
SQL: -- TeaQL PLAIN
SELECT id, create_time AS createTime, last_update_time AS lastUpdateTime, name, version FROM platform_data WHERE (version > 0) AND (id = 1) LIMIT 1 OFFSET 0
[TeaQL SQL][query][639us] 1 rows returned outcome=success batchOutcome=not_applicable comment=matched merchant read with relation purpose=matched benchmark read auditReason= tracePath=[0:OPERATION:Merchant=query -> 1:REQUEST:Merchant= -> 2:PROVIDER:postgresql= -> 3:SQL:select=] mutationLineage=[]
SQL: -- TeaQL PLAIN
SELECT id, name, code, external_id AS externalId, task_life_hours AS taskLifeHours, version, platform FROM merchant_data WHERE (version > 0) AND (external_id = 'matched-merchant') LIMIT 1000 OFFSET 0
[TeaQL SQL][query][498us] 1 rows returned outcome=success batchOutcome=not_applicable comment=matched merchant read with relation purpose=matched benchmark read auditReason= tracePath=[0:OPERATION:Merchant=query -> 1:REQUEST:Merchant= -> 2:RELATION:platform=Merchant.platform -> 3:PROVIDER:postgresql= -> 4:SQL:select=] mutationLineage=[]
SQL: -- TeaQL PLAIN
SELECT id, create_time AS createTime, last_update_time AS lastUpdateTime, name, version FROM platform_data WHERE (version > 0) AND (id = 1) LIMIT 1 OFFSET 0
[TeaQL SQL][query][550us] 1 rows returned outcome=success batchOutcome=not_applicable comment=matched merchant read with relation purpose=matched benchmark read auditReason= tracePath=[0:OPERATION:Merchant=query -> 1:REQUEST:Merchant= -> 2:PROVIDER:postgresql= -> 3:SQL:select=] mutationLineage=[]
SQL: -- TeaQL PLAIN
SELECT id, name, code, external_id AS externalId, task_life_hours AS taskLifeHours, version, platform FROM merchant_data WHERE (version > 0) AND (external_id = 'matched-merchant') LIMIT 1000 OFFSET 0
[TeaQL SQL][query][500us] 1 rows returned outcome=success batchOutcome=not_applicable comment=matched merchant read with relation purpose=matched benchmark read auditReason= tracePath=[0:OPERATION:Merchant=query -> 1:REQUEST:Merchant= -> 2:RELATION:platform=Merchant.platform -> 3:PROVIDER:postgresql= -> 4:SQL:select=] mutationLineage=[]
SQL: -- TeaQL PLAIN
SELECT id, create_time AS createTime, last_update_time AS lastUpdateTime, name, version FROM platform_data WHERE (version > 0) AND (id = 1) LIMIT 1 OFFSET 0
[TeaQL SQL][query][580us] 1 rows returned outcome=success batchOutcome=not_applicable comment=matched merchant read with relation purpose=matched benchmark read auditReason= tracePath=[0:OPERATION:Merchant=query -> 1:REQUEST:Merchant= -> 2:PROVIDER:postgresql= -> 3:SQL:select=] mutationLineage=[]
SQL: -- TeaQL PLAIN
SELECT id, name, code, external_id AS externalId, task_life_hours AS taskLifeHours, version, platform FROM merchant_data WHERE (version > 0) AND (external_id = 'matched-merchant') LIMIT 1000 OFFSET 0
[TeaQL SQL][query][490us] 1 rows returned outcome=success batchOutcome=not_applicable comment=matched merchant read with relation purpose=matched benchmark read auditReason= tracePath=[0:OPERATION:Merchant=query -> 1:REQUEST:Merchant= -> 2:RELATION:platform=Merchant.platform -> 3:PROVIDER:postgresql= -> 4:SQL:select=] mutationLineage=[]
SQL: -- TeaQL PLAIN
SELECT id, create_time AS createTime, last_update_time AS lastUpdateTime, name, version FROM platform_data WHERE (version > 0) AND (id = 1) LIMIT 1 OFFSET 0
[TeaQL SQL][query][569us] 1 rows returned outcome=success batchOutcome=not_applicable comment=matched merchant read with relation purpose=matched benchmark read auditReason= tracePath=[0:OPERATION:Merchant=query -> 1:REQUEST:Merchant= -> 2:PROVIDER:postgresql= -> 3:SQL:select=] mutationLineage=[]
SQL: -- TeaQL PLAIN
SELECT id, name, code, external_id AS externalId, task_life_hours AS taskLifeHours, version, platform FROM merchant_data WHERE (version > 0) AND (external_id = 'matched-merchant') LIMIT 1000 OFFSET 0
[TeaQL SQL][query][584us] 1 rows returned outcome=success batchOutcome=not_applicable comment=matched merchant read with relation purpose=matched benchmark read auditReason= tracePath=[0:OPERATION:Merchant=query -> 1:REQUEST:Merchant= -> 2:RELATION:platform=Merchant.platform -> 3:PROVIDER:postgresql= -> 4:SQL:select=] mutationLineage=[]
SQL: -- TeaQL PLAIN
SELECT id, create_time AS createTime, last_update_time AS lastUpdateTime, name, version FROM platform_data WHERE (version > 0) AND (id = 1) LIMIT 1 OFFSET 0
[TeaQL SQL][query][645us] 1 rows returned outcome=success batchOutcome=not_applicable comment=matched merchant read with relation purpose=matched benchmark read auditReason= tracePath=[0:OPERATION:Merchant=query -> 1:REQUEST:Merchant= -> 2:PROVIDER:postgresql= -> 3:SQL:select=] mutationLineage=[]
SQL: -- TeaQL PLAIN
SELECT id, name, code, external_id AS externalId, task_life_hours AS taskLifeHours, version, platform FROM merchant_data WHERE (version > 0) AND (external_id = 'matched-merchant') LIMIT 1000 OFFSET 0
[TeaQL SQL][query][643us] 1 rows returned outcome=success batchOutcome=not_applicable comment=matched merchant read with relation purpose=matched benchmark read auditReason= tracePath=[0:OPERATION:Merchant=query -> 1:REQUEST:Merchant= -> 2:RELATION:platform=Merchant.platform -> 3:PROVIDER:postgresql= -> 4:SQL:select=] mutationLineage=[]
SQL: -- TeaQL PLAIN
SELECT id, create_time AS createTime, last_update_time AS lastUpdateTime, name, version FROM platform_data WHERE (version > 0) AND (id = 1) LIMIT 1 OFFSET 0
[TeaQL SQL][query][560us] 1 rows returned outcome=success batchOutcome=not_applicable comment=matched merchant read with relation purpose=matched benchmark read auditReason= tracePath=[0:OPERATION:Merchant=query -> 1:REQUEST:Merchant= -> 2:PROVIDER:postgresql= -> 3:SQL:select=] mutationLineage=[]
SQL: -- TeaQL PLAIN
SELECT id, name, code, external_id AS externalId, task_life_hours AS taskLifeHours, version, platform FROM merchant_data WHERE (version > 0) AND (external_id = 'matched-merchant') LIMIT 1000 OFFSET 0
[TeaQL SQL][query][553us] 1 rows returned outcome=success batchOutcome=not_applicable comment=matched merchant read with relation purpose=matched benchmark read auditReason= tracePath=[0:OPERATION:Merchant=query -> 1:REQUEST:Merchant= -> 2:RELATION:platform=Merchant.platform -> 3:PROVIDER:postgresql= -> 4:SQL:select=] mutationLineage=[]
SQL: -- TeaQL PLAIN
SELECT id, create_time AS createTime, last_update_time AS lastUpdateTime, name, version FROM platform_data WHERE (version > 0) AND (id = 1) LIMIT 1 OFFSET 0
[TeaQL SQL][query][543us] 1 rows returned outcome=success batchOutcome=not_applicable comment=matched merchant read with relation purpose=matched benchmark read auditReason= tracePath=[0:OPERATION:Merchant=query -> 1:REQUEST:Merchant= -> 2:PROVIDER:postgresql= -> 3:SQL:select=] mutationLineage=[]
SQL: -- TeaQL PLAIN
SELECT id, name, code, external_id AS externalId, task_life_hours AS taskLifeHours, version, platform FROM merchant_data WHERE (version > 0) AND (external_id = 'matched-merchant') LIMIT 1000 OFFSET 0
[TeaQL SQL][query][425us] 1 rows returned outcome=success batchOutcome=not_applicable comment=matched merchant read with relation purpose=matched benchmark read auditReason= tracePath=[0:OPERATION:Merchant=query -> 1:REQUEST:Merchant= -> 2:RELATION:platform=Merchant.platform -> 3:PROVIDER:postgresql= -> 4:SQL:select=] mutationLineage=[]
SQL: -- TeaQL PLAIN
SELECT id, create_time AS createTime, last_update_time AS lastUpdateTime, name, version FROM platform_data WHERE (version > 0) AND (id = 1) LIMIT 1 OFFSET 0
[TeaQL SQL][query][526us] 1 rows returned outcome=success batchOutcome=not_applicable comment=matched merchant read with relation purpose=matched benchmark read auditReason= tracePath=[0:OPERATION:Merchant=query -> 1:REQUEST:Merchant= -> 2:PROVIDER:postgresql= -> 3:SQL:select=] mutationLineage=[]
SQL: -- TeaQL PLAIN
SELECT id, name, code, external_id AS externalId, task_life_hours AS taskLifeHours, version, platform FROM merchant_data WHERE (version > 0) AND (external_id = 'matched-merchant') LIMIT 1000 OFFSET 0
[TeaQL SQL][query][471us] 1 rows returned outcome=success batchOutcome=not_applicable comment=matched merchant read with relation purpose=matched benchmark read auditReason= tracePath=[0:OPERATION:Merchant=query -> 1:REQUEST:Merchant= -> 2:RELATION:platform=Merchant.platform -> 3:PROVIDER:postgresql= -> 4:SQL:select=] mutationLineage=[]
SQL: -- TeaQL PLAIN
SELECT id, create_time AS createTime, last_update_time AS lastUpdateTime, name, version FROM platform_data WHERE (version > 0) AND (id = 1) LIMIT 1 OFFSET 0
[TeaQL SQL][query][464us] 1 rows returned outcome=success batchOutcome=not_applicable comment=matched merchant read with relation purpose=matched benchmark read auditReason= tracePath=[0:OPERATION:Merchant=query -> 1:REQUEST:Merchant= -> 2:PROVIDER:postgresql= -> 3:SQL:select=] mutationLineage=[]
SQL: -- TeaQL PLAIN
SELECT id, name, code, external_id AS externalId, task_life_hours AS taskLifeHours, version, platform FROM merchant_data WHERE (version > 0) AND (external_id = 'matched-merchant') LIMIT 1000 OFFSET 0
[TeaQL SQL][query][440us] 1 rows returned outcome=success batchOutcome=not_applicable comment=matched merchant read with relation purpose=matched benchmark read auditReason= tracePath=[0:OPERATION:Merchant=query -> 1:REQUEST:Merchant= -> 2:RELATION:platform=Merchant.platform -> 3:PROVIDER:postgresql= -> 4:SQL:select=] mutationLineage=[]
SQL: -- TeaQL PLAIN
SELECT id, create_time AS createTime, last_update_time AS lastUpdateTime, name, version FROM platform_data WHERE (version > 0) AND (id = 1) LIMIT 1 OFFSET 0
[TeaQL SQL][query][472us] 1 rows returned outcome=success batchOutcome=not_applicable comment=matched merchant read with relation purpose=matched benchmark read auditReason= tracePath=[0:OPERATION:Merchant=query -> 1:REQUEST:Merchant= -> 2:PROVIDER:postgresql= -> 3:SQL:select=] mutationLineage=[]
SQL: -- TeaQL PLAIN
SELECT id, name, code, external_id AS externalId, task_life_hours AS taskLifeHours, version, platform FROM merchant_data WHERE (version > 0) AND (external_id = 'matched-merchant') LIMIT 1000 OFFSET 0
[TeaQL SQL][query][440us] 1 rows returned outcome=success batchOutcome=not_applicable comment=matched merchant read with relation purpose=matched benchmark read auditReason= tracePath=[0:OPERATION:Merchant=query -> 1:REQUEST:Merchant= -> 2:RELATION:platform=Merchant.platform -> 3:PROVIDER:postgresql= -> 4:SQL:select=] mutationLineage=[]
SQL: -- TeaQL PLAIN
SELECT id, create_time AS createTime, last_update_time AS lastUpdateTime, name, version FROM platform_data WHERE (version > 0) AND (id = 1) LIMIT 1 OFFSET 0
[TeaQL SQL][query][546us] 1 rows returned outcome=success batchOutcome=not_applicable comment=matched merchant read with relation purpose=matched benchmark read auditReason= tracePath=[0:OPERATION:Merchant=query -> 1:REQUEST:Merchant= -> 2:PROVIDER:postgresql= -> 3:SQL:select=] mutationLineage=[]
SQL: -- TeaQL PLAIN
SELECT id, name, code, external_id AS externalId, task_life_hours AS taskLifeHours, version, platform FROM merchant_data WHERE (version > 0) AND (external_id = 'matched-merchant') LIMIT 1000 OFFSET 0
[TeaQL SQL][query][459us] 1 rows returned outcome=success batchOutcome=not_applicable comment=matched merchant read with relation purpose=matched benchmark read auditReason= tracePath=[0:OPERATION:Merchant=query -> 1:REQUEST:Merchant= -> 2:RELATION:platform=Merchant.platform -> 3:PROVIDER:postgresql= -> 4:SQL:select=] mutationLineage=[]
SQL: -- TeaQL PLAIN
SELECT id, create_time AS createTime, last_update_time AS lastUpdateTime, name, version FROM platform_data WHERE (version > 0) AND (id = 1) LIMIT 1 OFFSET 0
[TeaQL SQL][query][508us] 1 rows returned outcome=success batchOutcome=not_applicable comment=matched merchant read with relation purpose=matched benchmark read auditReason= tracePath=[0:OPERATION:Merchant=query -> 1:REQUEST:Merchant= -> 2:PROVIDER:postgresql= -> 3:SQL:select=] mutationLineage=[]
SQL: -- TeaQL PLAIN
SELECT id, name, code, external_id AS externalId, task_life_hours AS taskLifeHours, version, platform FROM merchant_data WHERE (version > 0) AND (external_id = 'matched-merchant') LIMIT 1000 OFFSET 0
[TeaQL SQL][query][555us] 1 rows returned outcome=success batchOutcome=not_applicable comment=matched merchant read with relation purpose=matched benchmark read auditReason= tracePath=[0:OPERATION:Merchant=query -> 1:REQUEST:Merchant= -> 2:RELATION:platform=Merchant.platform -> 3:PROVIDER:postgresql= -> 4:SQL:select=] mutationLineage=[]
SQL: -- TeaQL PLAIN
SELECT id, create_time AS createTime, last_update_time AS lastUpdateTime, name, version FROM platform_data WHERE (version > 0) AND (id = 1) LIMIT 1 OFFSET 0
[TeaQL SQL][query][573us] 1 rows returned outcome=success batchOutcome=not_applicable comment=matched merchant read with relation purpose=matched benchmark read auditReason= tracePath=[0:OPERATION:Merchant=query -> 1:REQUEST:Merchant= -> 2:PROVIDER:postgresql= -> 3:SQL:select=] mutationLineage=[]
SQL: -- TeaQL PLAIN
SELECT id, name, code, external_id AS externalId, task_life_hours AS taskLifeHours, version, platform FROM merchant_data WHERE (version > 0) AND (external_id = 'matched-merchant') LIMIT 1000 OFFSET 0
[TeaQL SQL][query][515us] 1 rows returned outcome=success batchOutcome=not_applicable comment=matched merchant read with relation purpose=matched benchmark read auditReason= tracePath=[0:OPERATION:Merchant=query -> 1:REQUEST:Merchant= -> 2:RELATION:platform=Merchant.platform -> 3:PROVIDER:postgresql= -> 4:SQL:select=] mutationLineage=[]
SQL: -- TeaQL PLAIN
SELECT id, create_time AS createTime, last_update_time AS lastUpdateTime, name, version FROM platform_data WHERE (version > 0) AND (id = 1) LIMIT 1 OFFSET 0
[TeaQL SQL][query][557us] 1 rows returned outcome=success batchOutcome=not_applicable comment=matched merchant read with relation purpose=matched benchmark read auditReason= tracePath=[0:OPERATION:Merchant=query -> 1:REQUEST:Merchant= -> 2:PROVIDER:postgresql= -> 3:SQL:select=] mutationLineage=[]
SQL: -- TeaQL PLAIN
SELECT id, name, code, external_id AS externalId, task_life_hours AS taskLifeHours, version, platform FROM merchant_data WHERE (version > 0) AND (external_id = 'matched-merchant') LIMIT 1000 OFFSET 0
[TeaQL SQL][query][572us] 1 rows returned outcome=success batchOutcome=not_applicable comment=matched merchant read with relation purpose=matched benchmark read auditReason= tracePath=[0:OPERATION:Merchant=query -> 1:REQUEST:Merchant= -> 2:RELATION:platform=Merchant.platform -> 3:PROVIDER:postgresql= -> 4:SQL:select=] mutationLineage=[]
SQL: -- TeaQL PLAIN
SELECT id, create_time AS createTime, last_update_time AS lastUpdateTime, name, version FROM platform_data WHERE (version > 0) AND (id = 1) LIMIT 1 OFFSET 0
[TeaQL SQL][query][595us] 1 rows returned outcome=success batchOutcome=not_applicable comment=matched merchant read with relation purpose=matched benchmark read auditReason= tracePath=[0:OPERATION:Merchant=query -> 1:REQUEST:Merchant= -> 2:PROVIDER:postgresql= -> 3:SQL:select=] mutationLineage=[]
SQL: -- TeaQL PLAIN
SELECT id, name, code, external_id AS externalId, task_life_hours AS taskLifeHours, version, platform FROM merchant_data WHERE (version > 0) AND (external_id = 'matched-merchant') LIMIT 1000 OFFSET 0
[TeaQL SQL][query][542us] 1 rows returned outcome=success batchOutcome=not_applicable comment=matched merchant read with relation purpose=matched benchmark read auditReason= tracePath=[0:OPERATION:Merchant=query -> 1:REQUEST:Merchant= -> 2:RELATION:platform=Merchant.platform -> 3:PROVIDER:postgresql= -> 4:SQL:select=] mutationLineage=[]
SQL: -- TeaQL PLAIN
SELECT id, create_time AS createTime, last_update_time AS lastUpdateTime, name, version FROM platform_data WHERE (version > 0) AND (id = 1) LIMIT 1 OFFSET 0
[TeaQL SQL][query][624us] 1 rows returned outcome=success batchOutcome=not_applicable comment=matched merchant read with relation purpose=matched benchmark read auditReason= tracePath=[0:OPERATION:Merchant=query -> 1:REQUEST:Merchant= -> 2:PROVIDER:postgresql= -> 3:SQL:select=] mutationLineage=[]
SQL: -- TeaQL PLAIN
SELECT id, name, code, external_id AS externalId, task_life_hours AS taskLifeHours, version, platform FROM merchant_data WHERE (version > 0) AND (external_id = 'matched-merchant') LIMIT 1000 OFFSET 0
[TeaQL SQL][query][518us] 1 rows returned outcome=success batchOutcome=not_applicable comment=matched merchant read with relation purpose=matched benchmark read auditReason= tracePath=[0:OPERATION:Merchant=query -> 1:REQUEST:Merchant= -> 2:RELATION:platform=Merchant.platform -> 3:PROVIDER:postgresql= -> 4:SQL:select=] mutationLineage=[]
SQL: -- TeaQL PLAIN
SELECT id, create_time AS createTime, last_update_time AS lastUpdateTime, name, version FROM platform_data WHERE (version > 0) AND (id = 1) LIMIT 1 OFFSET 0
[TeaQL SQL][query][565us] 1 rows returned outcome=success batchOutcome=not_applicable comment=matched merchant read with relation purpose=matched benchmark read auditReason= tracePath=[0:OPERATION:Merchant=query -> 1:REQUEST:Merchant= -> 2:PROVIDER:postgresql= -> 3:SQL:select=] mutationLineage=[]
SQL: -- TeaQL PLAIN
SELECT id, name, code, external_id AS externalId, task_life_hours AS taskLifeHours, version, platform FROM merchant_data WHERE (version > 0) AND (external_id = 'matched-merchant') LIMIT 1000 OFFSET 0
[TeaQL SQL][query][498us] 1 rows returned outcome=success batchOutcome=not_applicable comment=matched merchant read with relation purpose=matched benchmark read auditReason= tracePath=[0:OPERATION:Merchant=query -> 1:REQUEST:Merchant= -> 2:RELATION:platform=Merchant.platform -> 3:PROVIDER:postgresql= -> 4:SQL:select=] mutationLineage=[]
SQL: -- TeaQL PLAIN
SELECT id, create_time AS createTime, last_update_time AS lastUpdateTime, name, version FROM platform_data WHERE (version > 0) AND (id = 1) LIMIT 1 OFFSET 0
[TeaQL SQL][query][573us] 1 rows returned outcome=success batchOutcome=not_applicable comment=matched merchant read with relation purpose=matched benchmark read auditReason= tracePath=[0:OPERATION:Merchant=query -> 1:REQUEST:Merchant= -> 2:PROVIDER:postgresql= -> 3:SQL:select=] mutationLineage=[]
SQL: -- TeaQL PLAIN
SELECT id, name, code, external_id AS externalId, task_life_hours AS taskLifeHours, version, platform FROM merchant_data WHERE (version > 0) AND (external_id = 'matched-merchant') LIMIT 1000 OFFSET 0
[TeaQL SQL][query][500us] 1 rows returned outcome=success batchOutcome=not_applicable comment=matched merchant read with relation purpose=matched benchmark read auditReason= tracePath=[0:OPERATION:Merchant=query -> 1:REQUEST:Merchant= -> 2:RELATION:platform=Merchant.platform -> 3:PROVIDER:postgresql= -> 4:SQL:select=] mutationLineage=[]
SQL: -- TeaQL PLAIN
SELECT id, create_time AS createTime, last_update_time AS lastUpdateTime, name, version FROM platform_data WHERE (version > 0) AND (id = 1) LIMIT 1 OFFSET 0
[TeaQL SQL][query][521us] 1 rows returned outcome=success batchOutcome=not_applicable comment=matched merchant read with relation purpose=matched benchmark read auditReason= tracePath=[0:OPERATION:Merchant=query -> 1:REQUEST:Merchant= -> 2:PROVIDER:postgresql= -> 3:SQL:select=] mutationLineage=[]
SQL: -- TeaQL PLAIN
SELECT id, name, code, external_id AS externalId, task_life_hours AS taskLifeHours, version, platform FROM merchant_data WHERE (version > 0) AND (external_id = 'matched-merchant') LIMIT 1000 OFFSET 0
[TeaQL SQL][query][483us] 1 rows returned outcome=success batchOutcome=not_applicable comment=matched merchant read with relation purpose=matched benchmark read auditReason= tracePath=[0:OPERATION:Merchant=query -> 1:REQUEST:Merchant= -> 2:RELATION:platform=Merchant.platform -> 3:PROVIDER:postgresql= -> 4:SQL:select=] mutationLineage=[]
SQL: -- TeaQL PLAIN
SELECT id, create_time AS createTime, last_update_time AS lastUpdateTime, name, version FROM platform_data WHERE (version > 0) AND (id = 1) LIMIT 1 OFFSET 0
[TeaQL SQL][query][466us] 1 rows returned outcome=success batchOutcome=not_applicable comment=matched merchant read with relation purpose=matched benchmark read auditReason= tracePath=[0:OPERATION:Merchant=query -> 1:REQUEST:Merchant= -> 2:PROVIDER:postgresql= -> 3:SQL:select=] mutationLineage=[]
SQL: -- TeaQL PLAIN
SELECT id, name, code, external_id AS externalId, task_life_hours AS taskLifeHours, version, platform FROM merchant_data WHERE (version > 0) AND (external_id = 'matched-merchant') LIMIT 1000 OFFSET 0
[TeaQL SQL][query][407us] 1 rows returned outcome=success batchOutcome=not_applicable comment=matched merchant read with relation purpose=matched benchmark read auditReason= tracePath=[0:OPERATION:Merchant=query -> 1:REQUEST:Merchant= -> 2:RELATION:platform=Merchant.platform -> 3:PROVIDER:postgresql= -> 4:SQL:select=] mutationLineage=[]
SQL: -- TeaQL PLAIN
SELECT id, create_time AS createTime, last_update_time AS lastUpdateTime, name, version FROM platform_data WHERE (version > 0) AND (id = 1) LIMIT 1 OFFSET 0
[TeaQL SQL][query][479us] 1 rows returned outcome=success batchOutcome=not_applicable comment=matched merchant read with relation purpose=matched benchmark read auditReason= tracePath=[0:OPERATION:Merchant=query -> 1:REQUEST:Merchant= -> 2:PROVIDER:postgresql= -> 3:SQL:select=] mutationLineage=[]
SQL: -- TeaQL PLAIN
SELECT id, name, code, external_id AS externalId, task_life_hours AS taskLifeHours, version, platform FROM merchant_data WHERE (version > 0) AND (external_id = 'matched-merchant') LIMIT 1000 OFFSET 0
[TeaQL SQL][query][449us] 1 rows returned outcome=success batchOutcome=not_applicable comment=matched merchant read with relation purpose=matched benchmark read auditReason= tracePath=[0:OPERATION:Merchant=query -> 1:REQUEST:Merchant= -> 2:RELATION:platform=Merchant.platform -> 3:PROVIDER:postgresql= -> 4:SQL:select=] mutationLineage=[]
SQL: -- TeaQL PLAIN
SELECT id, create_time AS createTime, last_update_time AS lastUpdateTime, name, version FROM platform_data WHERE (version > 0) AND (id = 1) LIMIT 1 OFFSET 0
[TeaQL SQL][query][613us] 1 rows returned outcome=success batchOutcome=not_applicable comment=matched merchant read with relation purpose=matched benchmark read auditReason= tracePath=[0:OPERATION:Merchant=query -> 1:REQUEST:Merchant= -> 2:PROVIDER:postgresql= -> 3:SQL:select=] mutationLineage=[]
SQL: -- TeaQL PLAIN
SELECT id, name, code, external_id AS externalId, task_life_hours AS taskLifeHours, version, platform FROM merchant_data WHERE (version > 0) AND (external_id = 'matched-merchant') LIMIT 1000 OFFSET 0
[TeaQL SQL][query][502us] 1 rows returned outcome=success batchOutcome=not_applicable comment=matched merchant read with relation purpose=matched benchmark read auditReason= tracePath=[0:OPERATION:Merchant=query -> 1:REQUEST:Merchant= -> 2:RELATION:platform=Merchant.platform -> 3:PROVIDER:postgresql= -> 4:SQL:select=] mutationLineage=[]
SQL: -- TeaQL PLAIN
SELECT id, create_time AS createTime, last_update_time AS lastUpdateTime, name, version FROM platform_data WHERE (version > 0) AND (id = 1) LIMIT 1 OFFSET 0
[TeaQL SQL][query][568us] 1 rows returned outcome=success batchOutcome=not_applicable comment=matched merchant read with relation purpose=matched benchmark read auditReason= tracePath=[0:OPERATION:Merchant=query -> 1:REQUEST:Merchant= -> 2:PROVIDER:postgresql= -> 3:SQL:select=] mutationLineage=[]
SQL: -- TeaQL PLAIN
SELECT id, name, code, external_id AS externalId, task_life_hours AS taskLifeHours, version, platform FROM merchant_data WHERE (version > 0) AND (external_id = 'matched-merchant') LIMIT 1000 OFFSET 0
[TeaQL SQL][query][450us] 1 rows returned outcome=success batchOutcome=not_applicable comment=matched merchant read with relation purpose=matched benchmark read auditReason= tracePath=[0:OPERATION:Merchant=query -> 1:REQUEST:Merchant= -> 2:RELATION:platform=Merchant.platform -> 3:PROVIDER:postgresql= -> 4:SQL:select=] mutationLineage=[]
SQL: -- TeaQL PLAIN
SELECT id, create_time AS createTime, last_update_time AS lastUpdateTime, name, version FROM platform_data WHERE (version > 0) AND (id = 1) LIMIT 1 OFFSET 0
[TeaQL SQL][query][611us] 1 rows returned outcome=success batchOutcome=not_applicable comment=matched merchant read with relation purpose=matched benchmark read auditReason= tracePath=[0:OPERATION:Merchant=query -> 1:REQUEST:Merchant= -> 2:PROVIDER:postgresql= -> 3:SQL:select=] mutationLineage=[]
SQL: -- TeaQL PLAIN
SELECT id, name, code, external_id AS externalId, task_life_hours AS taskLifeHours, version, platform FROM merchant_data WHERE (version > 0) AND (external_id = 'matched-merchant') LIMIT 1000 OFFSET 0
[TeaQL SQL][query][543us] 1 rows returned outcome=success batchOutcome=not_applicable comment=matched merchant read with relation purpose=matched benchmark read auditReason= tracePath=[0:OPERATION:Merchant=query -> 1:REQUEST:Merchant= -> 2:RELATION:platform=Merchant.platform -> 3:PROVIDER:postgresql= -> 4:SQL:select=] mutationLineage=[]
SQL: -- TeaQL PLAIN
SELECT id, create_time AS createTime, last_update_time AS lastUpdateTime, name, version FROM platform_data WHERE (version > 0) AND (id = 1) LIMIT 1 OFFSET 0
[TeaQL SQL][query][507us] 1 rows returned outcome=success batchOutcome=not_applicable comment=matched merchant read with relation purpose=matched benchmark read auditReason= tracePath=[0:OPERATION:Merchant=query -> 1:REQUEST:Merchant= -> 2:PROVIDER:postgresql= -> 3:SQL:select=] mutationLineage=[]
SQL: -- TeaQL PLAIN
SELECT id, name, code, external_id AS externalId, task_life_hours AS taskLifeHours, version, platform FROM merchant_data WHERE (version > 0) AND (external_id = 'matched-merchant') LIMIT 1000 OFFSET 0
[TeaQL SQL][query][520us] 1 rows returned outcome=success batchOutcome=not_applicable comment=matched merchant read with relation purpose=matched benchmark read auditReason= tracePath=[0:OPERATION:Merchant=query -> 1:REQUEST:Merchant= -> 2:RELATION:platform=Merchant.platform -> 3:PROVIDER:postgresql= -> 4:SQL:select=] mutationLineage=[]
SQL: -- TeaQL PLAIN
SELECT id, create_time AS createTime, last_update_time AS lastUpdateTime, name, version FROM platform_data WHERE (version > 0) AND (id = 1) LIMIT 1 OFFSET 0
[TeaQL SQL][query][582us] 1 rows returned outcome=success batchOutcome=not_applicable comment=matched merchant read with relation purpose=matched benchmark read auditReason= tracePath=[0:OPERATION:Merchant=query -> 1:REQUEST:Merchant= -> 2:PROVIDER:postgresql= -> 3:SQL:select=] mutationLineage=[]
SQL: -- TeaQL PLAIN
SELECT id, name, code, external_id AS externalId, task_life_hours AS taskLifeHours, version, platform FROM merchant_data WHERE (version > 0) AND (external_id = 'matched-merchant') LIMIT 1000 OFFSET 0
[TeaQL SQL][query][507us] 1 rows returned outcome=success batchOutcome=not_applicable comment=matched merchant read with relation purpose=matched benchmark read auditReason= tracePath=[0:OPERATION:Merchant=query -> 1:REQUEST:Merchant= -> 2:RELATION:platform=Merchant.platform -> 3:PROVIDER:postgresql= -> 4:SQL:select=] mutationLineage=[]
SQL: -- TeaQL PLAIN
SELECT id, create_time AS createTime, last_update_time AS lastUpdateTime, name, version FROM platform_data WHERE (version > 0) AND (id = 1) LIMIT 1 OFFSET 0
[TeaQL SQL][query][557us] 1 rows returned outcome=success batchOutcome=not_applicable comment=matched merchant read with relation purpose=matched benchmark read auditReason= tracePath=[0:OPERATION:Merchant=query -> 1:REQUEST:Merchant= -> 2:PROVIDER:postgresql= -> 3:SQL:select=] mutationLineage=[]
SQL: -- TeaQL PLAIN
SELECT id, name, code, external_id AS externalId, task_life_hours AS taskLifeHours, version, platform FROM merchant_data WHERE (version > 0) AND (external_id = 'matched-merchant') LIMIT 1000 OFFSET 0
[TeaQL SQL][query][445us] 1 rows returned outcome=success batchOutcome=not_applicable comment=matched merchant read with relation purpose=matched benchmark read auditReason= tracePath=[0:OPERATION:Merchant=query -> 1:REQUEST:Merchant= -> 2:RELATION:platform=Merchant.platform -> 3:PROVIDER:postgresql= -> 4:SQL:select=] mutationLineage=[]
SQL: -- TeaQL PLAIN
SELECT id, create_time AS createTime, last_update_time AS lastUpdateTime, name, version FROM platform_data WHERE (version > 0) AND (id = 1) LIMIT 1 OFFSET 0
[TeaQL SQL][query][514us] 1 rows returned outcome=success batchOutcome=not_applicable comment=matched merchant read with relation purpose=matched benchmark read auditReason= tracePath=[0:OPERATION:Merchant=query -> 1:REQUEST:Merchant= -> 2:PROVIDER:postgresql= -> 3:SQL:select=] mutationLineage=[]
SQL: -- TeaQL PLAIN
SELECT id, name, code, external_id AS externalId, task_life_hours AS taskLifeHours, version, platform FROM merchant_data WHERE (version > 0) AND (external_id = 'matched-merchant') LIMIT 1000 OFFSET 0
[TeaQL SQL][query][501us] 1 rows returned outcome=success batchOutcome=not_applicable comment=matched merchant read with relation purpose=matched benchmark read auditReason= tracePath=[0:OPERATION:Merchant=query -> 1:REQUEST:Merchant= -> 2:RELATION:platform=Merchant.platform -> 3:PROVIDER:postgresql= -> 4:SQL:select=] mutationLineage=[]
SQL: -- TeaQL PLAIN
SELECT id, create_time AS createTime, last_update_time AS lastUpdateTime, name, version FROM platform_data WHERE (version > 0) AND (id = 1) LIMIT 1 OFFSET 0
[TeaQL SQL][query][415us] 1 rows returned outcome=success batchOutcome=not_applicable comment=matched merchant read with relation purpose=matched benchmark read auditReason= tracePath=[0:OPERATION:Merchant=query -> 1:REQUEST:Merchant= -> 2:PROVIDER:postgresql= -> 3:SQL:select=] mutationLineage=[]
SQL: -- TeaQL PLAIN
SELECT id, name, code, external_id AS externalId, task_life_hours AS taskLifeHours, version, platform FROM merchant_data WHERE (version > 0) AND (external_id = 'matched-merchant') LIMIT 1000 OFFSET 0
[TeaQL SQL][query][424us] 1 rows returned outcome=success batchOutcome=not_applicable comment=matched merchant read with relation purpose=matched benchmark read auditReason= tracePath=[0:OPERATION:Merchant=query -> 1:REQUEST:Merchant= -> 2:RELATION:platform=Merchant.platform -> 3:PROVIDER:postgresql= -> 4:SQL:select=] mutationLineage=[]
SQL: -- TeaQL PLAIN
SELECT id, create_time AS createTime, last_update_time AS lastUpdateTime, name, version FROM platform_data WHERE (version > 0) AND (id = 1) LIMIT 1 OFFSET 0
[TeaQL SQL][query][485us] 1 rows returned outcome=success batchOutcome=not_applicable comment=matched merchant read with relation purpose=matched benchmark read auditReason= tracePath=[0:OPERATION:Merchant=query -> 1:REQUEST:Merchant= -> 2:PROVIDER:postgresql= -> 3:SQL:select=] mutationLineage=[]
SQL: -- TeaQL PLAIN
SELECT id, name, code, external_id AS externalId, task_life_hours AS taskLifeHours, version, platform FROM merchant_data WHERE (version > 0) AND (external_id = 'matched-merchant') LIMIT 1000 OFFSET 0
[TeaQL SQL][query][383us] 1 rows returned outcome=success batchOutcome=not_applicable comment=matched merchant read with relation purpose=matched benchmark read auditReason= tracePath=[0:OPERATION:Merchant=query -> 1:REQUEST:Merchant= -> 2:RELATION:platform=Merchant.platform -> 3:PROVIDER:postgresql= -> 4:SQL:select=] mutationLineage=[]
SQL: -- TeaQL PLAIN
SELECT id, create_time AS createTime, last_update_time AS lastUpdateTime, name, version FROM platform_data WHERE (version > 0) AND (id = 1) LIMIT 1 OFFSET 0
[TeaQL SQL][query][456us] 1 rows returned outcome=success batchOutcome=not_applicable comment=matched merchant read with relation purpose=matched benchmark read auditReason= tracePath=[0:OPERATION:Merchant=query -> 1:REQUEST:Merchant= -> 2:PROVIDER:postgresql= -> 3:SQL:select=] mutationLineage=[]
SQL: -- TeaQL PLAIN
SELECT id, name, code, external_id AS externalId, task_life_hours AS taskLifeHours, version, platform FROM merchant_data WHERE (version > 0) AND (external_id = 'matched-merchant') LIMIT 1000 OFFSET 0
[TeaQL SQL][query][340us] 1 rows returned outcome=success batchOutcome=not_applicable comment=matched merchant read with relation purpose=matched benchmark read auditReason= tracePath=[0:OPERATION:Merchant=query -> 1:REQUEST:Merchant= -> 2:RELATION:platform=Merchant.platform -> 3:PROVIDER:postgresql= -> 4:SQL:select=] mutationLineage=[]
SQL: -- TeaQL PLAIN
SELECT id, create_time AS createTime, last_update_time AS lastUpdateTime, name, version FROM platform_data WHERE (version > 0) AND (id = 1) LIMIT 1 OFFSET 0
[TeaQL SQL][query][575us] 1 rows returned outcome=success batchOutcome=not_applicable comment=matched merchant read with relation purpose=matched benchmark read auditReason= tracePath=[0:OPERATION:Merchant=query -> 1:REQUEST:Merchant= -> 2:PROVIDER:postgresql= -> 3:SQL:select=] mutationLineage=[]
SQL: -- TeaQL PLAIN
SELECT id, name, code, external_id AS externalId, task_life_hours AS taskLifeHours, version, platform FROM merchant_data WHERE (version > 0) AND (external_id = 'matched-merchant') LIMIT 1000 OFFSET 0
[TeaQL SQL][query][540us] 1 rows returned outcome=success batchOutcome=not_applicable comment=matched merchant read with relation purpose=matched benchmark read auditReason= tracePath=[0:OPERATION:Merchant=query -> 1:REQUEST:Merchant= -> 2:RELATION:platform=Merchant.platform -> 3:PROVIDER:postgresql= -> 4:SQL:select=] mutationLineage=[]
SQL: -- TeaQL PLAIN
SELECT id, create_time AS createTime, last_update_time AS lastUpdateTime, name, version FROM platform_data WHERE (version > 0) AND (id = 1) LIMIT 1 OFFSET 0
[TeaQL SQL][query][548us] 1 rows returned outcome=success batchOutcome=not_applicable comment=matched merchant read with relation purpose=matched benchmark read auditReason= tracePath=[0:OPERATION:Merchant=query -> 1:REQUEST:Merchant= -> 2:PROVIDER:postgresql= -> 3:SQL:select=] mutationLineage=[]
SQL: -- TeaQL PLAIN
SELECT id, name, code, external_id AS externalId, task_life_hours AS taskLifeHours, version, platform FROM merchant_data WHERE (version > 0) AND (external_id = 'matched-merchant') LIMIT 1000 OFFSET 0
[TeaQL SQL][query][471us] 1 rows returned outcome=success batchOutcome=not_applicable comment=matched merchant read with relation purpose=matched benchmark read auditReason= tracePath=[0:OPERATION:Merchant=query -> 1:REQUEST:Merchant= -> 2:RELATION:platform=Merchant.platform -> 3:PROVIDER:postgresql= -> 4:SQL:select=] mutationLineage=[]
SQL: -- TeaQL PLAIN
SELECT id, create_time AS createTime, last_update_time AS lastUpdateTime, name, version FROM platform_data WHERE (version > 0) AND (id = 1) LIMIT 1 OFFSET 0
[TeaQL SQL][query][311us] 1 rows returned outcome=success batchOutcome=not_applicable comment=matched merchant read with relation purpose=matched benchmark read auditReason= tracePath=[0:OPERATION:Merchant=query -> 1:REQUEST:Merchant= -> 2:PROVIDER:postgresql= -> 3:SQL:select=] mutationLineage=[]
SQL: -- TeaQL PLAIN
SELECT id, name, code, external_id AS externalId, task_life_hours AS taskLifeHours, version, platform FROM merchant_data WHERE (version > 0) AND (external_id = 'matched-merchant') LIMIT 1000 OFFSET 0
[TeaQL SQL][query][391us] 1 rows returned outcome=success batchOutcome=not_applicable comment=matched merchant read with relation purpose=matched benchmark read auditReason= tracePath=[0:OPERATION:Merchant=query -> 1:REQUEST:Merchant= -> 2:RELATION:platform=Merchant.platform -> 3:PROVIDER:postgresql= -> 4:SQL:select=] mutationLineage=[]
SQL: -- TeaQL PLAIN
SELECT id, create_time AS createTime, last_update_time AS lastUpdateTime, name, version FROM platform_data WHERE (version > 0) AND (id = 1) LIMIT 1 OFFSET 0
[TeaQL SQL][query][588us] 1 rows returned outcome=success batchOutcome=not_applicable comment=matched merchant read with relation purpose=matched benchmark read auditReason= tracePath=[0:OPERATION:Merchant=query -> 1:REQUEST:Merchant= -> 2:PROVIDER:postgresql= -> 3:SQL:select=] mutationLineage=[]
SQL: -- TeaQL PLAIN
SELECT id, name, code, external_id AS externalId, task_life_hours AS taskLifeHours, version, platform FROM merchant_data WHERE (version > 0) AND (external_id = 'matched-merchant') LIMIT 1000 OFFSET 0
[TeaQL SQL][query][418us] 1 rows returned outcome=success batchOutcome=not_applicable comment=matched merchant read with relation purpose=matched benchmark read auditReason= tracePath=[0:OPERATION:Merchant=query -> 1:REQUEST:Merchant= -> 2:RELATION:platform=Merchant.platform -> 3:PROVIDER:postgresql= -> 4:SQL:select=] mutationLineage=[]
SQL: -- TeaQL PLAIN
SELECT id, create_time AS createTime, last_update_time AS lastUpdateTime, name, version FROM platform_data WHERE (version > 0) AND (id = 1) LIMIT 1 OFFSET 0
[TeaQL SQL][query][522us] 1 rows returned outcome=success batchOutcome=not_applicable comment=matched merchant read with relation purpose=matched benchmark read auditReason= tracePath=[0:OPERATION:Merchant=query -> 1:REQUEST:Merchant= -> 2:PROVIDER:postgresql= -> 3:SQL:select=] mutationLineage=[]
SQL: -- TeaQL PLAIN
SELECT id, name, code, external_id AS externalId, task_life_hours AS taskLifeHours, version, platform FROM merchant_data WHERE (version > 0) AND (external_id = 'matched-merchant') LIMIT 1000 OFFSET 0
[TeaQL SQL][query][522us] 1 rows returned outcome=success batchOutcome=not_applicable comment=matched merchant read with relation purpose=matched benchmark read auditReason= tracePath=[0:OPERATION:Merchant=query -> 1:REQUEST:Merchant= -> 2:RELATION:platform=Merchant.platform -> 3:PROVIDER:postgresql= -> 4:SQL:select=] mutationLineage=[]
SQL: -- TeaQL PLAIN
SELECT id, create_time AS createTime, last_update_time AS lastUpdateTime, name, version FROM platform_data WHERE (version > 0) AND (id = 1) LIMIT 1 OFFSET 0
[TeaQL SQL][query][546us] 1 rows returned outcome=success batchOutcome=not_applicable comment=matched merchant read with relation purpose=matched benchmark read auditReason= tracePath=[0:OPERATION:Merchant=query -> 1:REQUEST:Merchant= -> 2:PROVIDER:postgresql= -> 3:SQL:select=] mutationLineage=[]
SQL: -- TeaQL PLAIN
SELECT id, name, code, external_id AS externalId, task_life_hours AS taskLifeHours, version, platform FROM merchant_data WHERE (version > 0) AND (external_id = 'matched-merchant') LIMIT 1000 OFFSET 0
[TeaQL SQL][query][510us] 1 rows returned outcome=success batchOutcome=not_applicable comment=matched merchant read with relation purpose=matched benchmark read auditReason= tracePath=[0:OPERATION:Merchant=query -> 1:REQUEST:Merchant= -> 2:RELATION:platform=Merchant.platform -> 3:PROVIDER:postgresql= -> 4:SQL:select=] mutationLineage=[]
SQL: -- TeaQL PLAIN
SELECT id, create_time AS createTime, last_update_time AS lastUpdateTime, name, version FROM platform_data WHERE (version > 0) AND (id = 1) LIMIT 1 OFFSET 0
[TeaQL SQL][query][522us] 1 rows returned outcome=success batchOutcome=not_applicable comment=matched merchant read with relation purpose=matched benchmark read auditReason= tracePath=[0:OPERATION:Merchant=query -> 1:REQUEST:Merchant= -> 2:PROVIDER:postgresql= -> 3:SQL:select=] mutationLineage=[]
SQL: -- TeaQL PLAIN
SELECT id, name, code, external_id AS externalId, task_life_hours AS taskLifeHours, version, platform FROM merchant_data WHERE (version > 0) AND (external_id = 'matched-merchant') LIMIT 1000 OFFSET 0
[TeaQL SQL][query][473us] 1 rows returned outcome=success batchOutcome=not_applicable comment=matched merchant read with relation purpose=matched benchmark read auditReason= tracePath=[0:OPERATION:Merchant=query -> 1:REQUEST:Merchant= -> 2:RELATION:platform=Merchant.platform -> 3:PROVIDER:postgresql= -> 4:SQL:select=] mutationLineage=[]
SQL: -- TeaQL PLAIN
SELECT id, create_time AS createTime, last_update_time AS lastUpdateTime, name, version FROM platform_data WHERE (version > 0) AND (id = 1) LIMIT 1 OFFSET 0
[TeaQL SQL][query][604us] 1 rows returned outcome=success batchOutcome=not_applicable comment=matched merchant read with relation purpose=matched benchmark read auditReason= tracePath=[0:OPERATION:Merchant=query -> 1:REQUEST:Merchant= -> 2:PROVIDER:postgresql= -> 3:SQL:select=] mutationLineage=[]
SQL: -- TeaQL PLAIN
SELECT id, name, code, external_id AS externalId, task_life_hours AS taskLifeHours, version, platform FROM merchant_data WHERE (version > 0) AND (external_id = 'matched-merchant') LIMIT 1000 OFFSET 0
[TeaQL SQL][query][511us] 1 rows returned outcome=success batchOutcome=not_applicable comment=matched merchant read with relation purpose=matched benchmark read auditReason= tracePath=[0:OPERATION:Merchant=query -> 1:REQUEST:Merchant= -> 2:RELATION:platform=Merchant.platform -> 3:PROVIDER:postgresql= -> 4:SQL:select=] mutationLineage=[]
SQL: -- TeaQL PLAIN
SELECT id, create_time AS createTime, last_update_time AS lastUpdateTime, name, version FROM platform_data WHERE (version > 0) AND (id = 1) LIMIT 1 OFFSET 0
[TeaQL SQL][query][578us] 1 rows returned outcome=success batchOutcome=not_applicable comment=matched merchant read with relation purpose=matched benchmark read auditReason= tracePath=[0:OPERATION:Merchant=query -> 1:REQUEST:Merchant= -> 2:PROVIDER:postgresql= -> 3:SQL:select=] mutationLineage=[]
SQL: -- TeaQL PLAIN
SELECT id, name, code, external_id AS externalId, task_life_hours AS taskLifeHours, version, platform FROM merchant_data WHERE (version > 0) AND (external_id = 'matched-merchant') LIMIT 1000 OFFSET 0
[TeaQL SQL][query][479us] 1 rows returned outcome=success batchOutcome=not_applicable comment=matched merchant read with relation purpose=matched benchmark read auditReason= tracePath=[0:OPERATION:Merchant=query -> 1:REQUEST:Merchant= -> 2:RELATION:platform=Merchant.platform -> 3:PROVIDER:postgresql= -> 4:SQL:select=] mutationLineage=[]
SQL: -- TeaQL PLAIN
SELECT id, create_time AS createTime, last_update_time AS lastUpdateTime, name, version FROM platform_data WHERE (version > 0) AND (id = 1) LIMIT 1 OFFSET 0
[TeaQL SQL][query][508us] 1 rows returned outcome=success batchOutcome=not_applicable comment=matched merchant read with relation purpose=matched benchmark read auditReason= tracePath=[0:OPERATION:Merchant=query -> 1:REQUEST:Merchant= -> 2:PROVIDER:postgresql= -> 3:SQL:select=] mutationLineage=[]
SQL: -- TeaQL PLAIN
SELECT id, name, code, external_id AS externalId, task_life_hours AS taskLifeHours, version, platform FROM merchant_data WHERE (version > 0) AND (external_id = 'matched-merchant') LIMIT 1000 OFFSET 0
[TeaQL SQL][query][446us] 1 rows returned outcome=success batchOutcome=not_applicable comment=matched merchant read with relation purpose=matched benchmark read auditReason= tracePath=[0:OPERATION:Merchant=query -> 1:REQUEST:Merchant= -> 2:RELATION:platform=Merchant.platform -> 3:PROVIDER:postgresql= -> 4:SQL:select=] mutationLineage=[]
SQL: -- TeaQL PLAIN
SELECT id, create_time AS createTime, last_update_time AS lastUpdateTime, name, version FROM platform_data WHERE (version > 0) AND (id = 1) LIMIT 1 OFFSET 0
[TeaQL SQL][query][411us] 1 rows returned outcome=success batchOutcome=not_applicable comment=matched merchant read with relation purpose=matched benchmark read auditReason= tracePath=[0:OPERATION:Merchant=query -> 1:REQUEST:Merchant= -> 2:PROVIDER:postgresql= -> 3:SQL:select=] mutationLineage=[]
SQL: -- TeaQL PLAIN
SELECT id, name, code, external_id AS externalId, task_life_hours AS taskLifeHours, version, platform FROM merchant_data WHERE (version > 0) AND (external_id = 'matched-merchant') LIMIT 1000 OFFSET 0
[TeaQL SQL][query][398us] 1 rows returned outcome=success batchOutcome=not_applicable comment=matched merchant read with relation purpose=matched benchmark read auditReason= tracePath=[0:OPERATION:Merchant=query -> 1:REQUEST:Merchant= -> 2:RELATION:platform=Merchant.platform -> 3:PROVIDER:postgresql= -> 4:SQL:select=] mutationLineage=[]
SQL: -- TeaQL PLAIN
SELECT id, create_time AS createTime, last_update_time AS lastUpdateTime, name, version FROM platform_data WHERE (version > 0) AND (id = 1) LIMIT 1 OFFSET 0
[TeaQL SQL][query][500us] 1 rows returned outcome=success batchOutcome=not_applicable comment=matched merchant read with relation purpose=matched benchmark read auditReason= tracePath=[0:OPERATION:Merchant=query -> 1:REQUEST:Merchant= -> 2:PROVIDER:postgresql= -> 3:SQL:select=] mutationLineage=[]
SQL: -- TeaQL PLAIN
SELECT id, name, code, external_id AS externalId, task_life_hours AS taskLifeHours, version, platform FROM merchant_data WHERE (version > 0) AND (external_id = 'matched-merchant') LIMIT 1000 OFFSET 0
[TeaQL SQL][query][509us] 1 rows returned outcome=success batchOutcome=not_applicable comment=matched merchant read with relation purpose=matched benchmark read auditReason= tracePath=[0:OPERATION:Merchant=query -> 1:REQUEST:Merchant= -> 2:RELATION:platform=Merchant.platform -> 3:PROVIDER:postgresql= -> 4:SQL:select=] mutationLineage=[]
SQL: -- TeaQL PLAIN
SELECT id, create_time AS createTime, last_update_time AS lastUpdateTime, name, version FROM platform_data WHERE (version > 0) AND (id = 1) LIMIT 1 OFFSET 0
[TeaQL SQL][query][605us] 1 rows returned outcome=success batchOutcome=not_applicable comment=matched merchant read with relation purpose=matched benchmark read auditReason= tracePath=[0:OPERATION:Merchant=query -> 1:REQUEST:Merchant= -> 2:PROVIDER:postgresql= -> 3:SQL:select=] mutationLineage=[]
SQL: -- TeaQL PLAIN
SELECT id, name, code, external_id AS externalId, task_life_hours AS taskLifeHours, version, platform FROM merchant_data WHERE (version > 0) AND (external_id = 'matched-merchant') LIMIT 1000 OFFSET 0
[TeaQL SQL][query][456us] 1 rows returned outcome=success batchOutcome=not_applicable comment=matched merchant read with relation purpose=matched benchmark read auditReason= tracePath=[0:OPERATION:Merchant=query -> 1:REQUEST:Merchant= -> 2:RELATION:platform=Merchant.platform -> 3:PROVIDER:postgresql= -> 4:SQL:select=] mutationLineage=[]
SQL: -- TeaQL PLAIN
SELECT id, create_time AS createTime, last_update_time AS lastUpdateTime, name, version FROM platform_data WHERE (version > 0) AND (id = 1) LIMIT 1 OFFSET 0
[TeaQL SQL][query][502us] 1 rows returned outcome=success batchOutcome=not_applicable comment=matched merchant read with relation purpose=matched benchmark read auditReason= tracePath=[0:OPERATION:Merchant=query -> 1:REQUEST:Merchant= -> 2:PROVIDER:postgresql= -> 3:SQL:select=] mutationLineage=[]
SQL: -- TeaQL PLAIN
SELECT id, name, code, external_id AS externalId, task_life_hours AS taskLifeHours, version, platform FROM merchant_data WHERE (version > 0) AND (external_id = 'matched-merchant') LIMIT 1000 OFFSET 0
[TeaQL SQL][query][394us] 1 rows returned outcome=success batchOutcome=not_applicable comment=matched merchant read with relation purpose=matched benchmark read auditReason= tracePath=[0:OPERATION:Merchant=query -> 1:REQUEST:Merchant= -> 2:RELATION:platform=Merchant.platform -> 3:PROVIDER:postgresql= -> 4:SQL:select=] mutationLineage=[]
SQL: -- TeaQL PLAIN
SELECT id, create_time AS createTime, last_update_time AS lastUpdateTime, name, version FROM platform_data WHERE (version > 0) AND (id = 1) LIMIT 1 OFFSET 0
[TeaQL SQL][query][479us] 1 rows returned outcome=success batchOutcome=not_applicable comment=matched merchant read with relation purpose=matched benchmark read auditReason= tracePath=[0:OPERATION:Merchant=query -> 1:REQUEST:Merchant= -> 2:PROVIDER:postgresql= -> 3:SQL:select=] mutationLineage=[]
SQL: -- TeaQL PLAIN
SELECT id, name, code, external_id AS externalId, task_life_hours AS taskLifeHours, version, platform FROM merchant_data WHERE (version > 0) AND (external_id = 'matched-merchant') LIMIT 1000 OFFSET 0
[TeaQL SQL][query][445us] 1 rows returned outcome=success batchOutcome=not_applicable comment=matched merchant read with relation purpose=matched benchmark read auditReason= tracePath=[0:OPERATION:Merchant=query -> 1:REQUEST:Merchant= -> 2:RELATION:platform=Merchant.platform -> 3:PROVIDER:postgresql= -> 4:SQL:select=] mutationLineage=[]
SQL: -- TeaQL PLAIN
SELECT id, create_time AS createTime, last_update_time AS lastUpdateTime, name, version FROM platform_data WHERE (version > 0) AND (id = 1) LIMIT 1 OFFSET 0
[TeaQL SQL][query][565us] 1 rows returned outcome=success batchOutcome=not_applicable comment=matched merchant read with relation purpose=matched benchmark read auditReason= tracePath=[0:OPERATION:Merchant=query -> 1:REQUEST:Merchant= -> 2:PROVIDER:postgresql= -> 3:SQL:select=] mutationLineage=[]
SQL: -- TeaQL PLAIN
SELECT id, name, code, external_id AS externalId, task_life_hours AS taskLifeHours, version, platform FROM merchant_data WHERE (version > 0) AND (external_id = 'matched-merchant') LIMIT 1000 OFFSET 0
[TeaQL SQL][query][425us] 1 rows returned outcome=success batchOutcome=not_applicable comment=matched merchant read with relation purpose=matched benchmark read auditReason= tracePath=[0:OPERATION:Merchant=query -> 1:REQUEST:Merchant= -> 2:RELATION:platform=Merchant.platform -> 3:PROVIDER:postgresql= -> 4:SQL:select=] mutationLineage=[]
SQL: -- TeaQL PLAIN
SELECT id, create_time AS createTime, last_update_time AS lastUpdateTime, name, version FROM platform_data WHERE (version > 0) AND (id = 1) LIMIT 1 OFFSET 0
[TeaQL SQL][query][610us] 1 rows returned outcome=success batchOutcome=not_applicable comment=matched merchant read with relation purpose=matched benchmark read auditReason= tracePath=[0:OPERATION:Merchant=query -> 1:REQUEST:Merchant= -> 2:PROVIDER:postgresql= -> 3:SQL:select=] mutationLineage=[]
SQL: -- TeaQL PLAIN
SELECT id, name, code, external_id AS externalId, task_life_hours AS taskLifeHours, version, platform FROM merchant_data WHERE (version > 0) AND (external_id = 'matched-merchant') LIMIT 1000 OFFSET 0
[TeaQL SQL][query][403us] 1 rows returned outcome=success batchOutcome=not_applicable comment=matched merchant read with relation purpose=matched benchmark read auditReason= tracePath=[0:OPERATION:Merchant=query -> 1:REQUEST:Merchant= -> 2:RELATION:platform=Merchant.platform -> 3:PROVIDER:postgresql= -> 4:SQL:select=] mutationLineage=[]
SQL: -- TeaQL PLAIN
SELECT id, create_time AS createTime, last_update_time AS lastUpdateTime, name, version FROM platform_data WHERE (version > 0) AND (id = 1) LIMIT 1 OFFSET 0
[TeaQL SQL][query][520us] 1 rows returned outcome=success batchOutcome=not_applicable comment=matched merchant read with relation purpose=matched benchmark read auditReason= tracePath=[0:OPERATION:Merchant=query -> 1:REQUEST:Merchant= -> 2:PROVIDER:postgresql= -> 3:SQL:select=] mutationLineage=[]
SQL: -- TeaQL PLAIN
SELECT id, name, code, external_id AS externalId, task_life_hours AS taskLifeHours, version, platform FROM merchant_data WHERE (version > 0) AND (external_id = 'matched-merchant') LIMIT 1000 OFFSET 0
[TeaQL SQL][query][398us] 1 rows returned outcome=success batchOutcome=not_applicable comment=matched merchant read with relation purpose=matched benchmark read auditReason= tracePath=[0:OPERATION:Merchant=query -> 1:REQUEST:Merchant= -> 2:RELATION:platform=Merchant.platform -> 3:PROVIDER:postgresql= -> 4:SQL:select=] mutationLineage=[]
SQL: -- TeaQL PLAIN
SELECT id, create_time AS createTime, last_update_time AS lastUpdateTime, name, version FROM platform_data WHERE (version > 0) AND (id = 1) LIMIT 1 OFFSET 0
[TeaQL SQL][query][552us] 1 rows returned outcome=success batchOutcome=not_applicable comment=matched merchant read with relation purpose=matched benchmark read auditReason= tracePath=[0:OPERATION:Merchant=query -> 1:REQUEST:Merchant= -> 2:PROVIDER:postgresql= -> 3:SQL:select=] mutationLineage=[]
SQL: -- TeaQL PLAIN
SELECT id, name, code, external_id AS externalId, task_life_hours AS taskLifeHours, version, platform FROM merchant_data WHERE (version > 0) AND (external_id = 'matched-merchant') LIMIT 1000 OFFSET 0
[TeaQL SQL][query][484us] 1 rows returned outcome=success batchOutcome=not_applicable comment=matched merchant read with relation purpose=matched benchmark read auditReason= tracePath=[0:OPERATION:Merchant=query -> 1:REQUEST:Merchant= -> 2:RELATION:platform=Merchant.platform -> 3:PROVIDER:postgresql= -> 4:SQL:select=] mutationLineage=[]
SQL: -- TeaQL PLAIN
SELECT id, create_time AS createTime, last_update_time AS lastUpdateTime, name, version FROM platform_data WHERE (version > 0) AND (id = 1) LIMIT 1 OFFSET 0
[TeaQL SQL][query][509us] 1 rows returned outcome=success batchOutcome=not_applicable comment=matched merchant read with relation purpose=matched benchmark read auditReason= tracePath=[0:OPERATION:Merchant=query -> 1:REQUEST:Merchant= -> 2:PROVIDER:postgresql= -> 3:SQL:select=] mutationLineage=[]
SQL: -- TeaQL PLAIN
SELECT id, name, code, external_id AS externalId, task_life_hours AS taskLifeHours, version, platform FROM merchant_data WHERE (version > 0) AND (external_id = 'matched-merchant') LIMIT 1000 OFFSET 0
[TeaQL SQL][query][497us] 1 rows returned outcome=success batchOutcome=not_applicable comment=matched merchant read with relation purpose=matched benchmark read auditReason= tracePath=[0:OPERATION:Merchant=query -> 1:REQUEST:Merchant= -> 2:RELATION:platform=Merchant.platform -> 3:PROVIDER:postgresql= -> 4:SQL:select=] mutationLineage=[]
SQL: -- TeaQL PLAIN
SELECT id, create_time AS createTime, last_update_time AS lastUpdateTime, name, version FROM platform_data WHERE (version > 0) AND (id = 1) LIMIT 1 OFFSET 0
[TeaQL SQL][query][481us] 1 rows returned outcome=success batchOutcome=not_applicable comment=matched merchant read with relation purpose=matched benchmark read auditReason= tracePath=[0:OPERATION:Merchant=query -> 1:REQUEST:Merchant= -> 2:PROVIDER:postgresql= -> 3:SQL:select=] mutationLineage=[]
SQL: -- TeaQL PLAIN
SELECT id, name, code, external_id AS externalId, task_life_hours AS taskLifeHours, version, platform FROM merchant_data WHERE (version > 0) AND (external_id = 'matched-merchant') LIMIT 1000 OFFSET 0
[TeaQL SQL][query][600us] 1 rows returned outcome=success batchOutcome=not_applicable comment=matched merchant read with relation purpose=matched benchmark read auditReason= tracePath=[0:OPERATION:Merchant=query -> 1:REQUEST:Merchant= -> 2:RELATION:platform=Merchant.platform -> 3:PROVIDER:postgresql= -> 4:SQL:select=] mutationLineage=[]
SQL: -- TeaQL PLAIN
SELECT id, create_time AS createTime, last_update_time AS lastUpdateTime, name, version FROM platform_data WHERE (version > 0) AND (id = 1) LIMIT 1 OFFSET 0
[TeaQL SQL][query][493us] 1 rows returned outcome=success batchOutcome=not_applicable comment=matched merchant read with relation purpose=matched benchmark read auditReason= tracePath=[0:OPERATION:Merchant=query -> 1:REQUEST:Merchant= -> 2:PROVIDER:postgresql= -> 3:SQL:select=] mutationLineage=[]
SQL: -- TeaQL PLAIN
SELECT id, name, code, external_id AS externalId, task_life_hours AS taskLifeHours, version, platform FROM merchant_data WHERE (version > 0) AND (external_id = 'matched-merchant') LIMIT 1000 OFFSET 0
[TeaQL SQL][query][472us] 1 rows returned outcome=success batchOutcome=not_applicable comment=matched merchant read with relation purpose=matched benchmark read auditReason= tracePath=[0:OPERATION:Merchant=query -> 1:REQUEST:Merchant= -> 2:RELATION:platform=Merchant.platform -> 3:PROVIDER:postgresql= -> 4:SQL:select=] mutationLineage=[]
SQL: -- TeaQL PLAIN
SELECT id, create_time AS createTime, last_update_time AS lastUpdateTime, name, version FROM platform_data WHERE (version > 0) AND (id = 1) LIMIT 1 OFFSET 0
[TeaQL SQL][query][545us] 1 rows returned outcome=success batchOutcome=not_applicable comment=matched merchant read with relation purpose=matched benchmark read auditReason= tracePath=[0:OPERATION:Merchant=query -> 1:REQUEST:Merchant= -> 2:PROVIDER:postgresql= -> 3:SQL:select=] mutationLineage=[]
SQL: -- TeaQL PLAIN
SELECT id, name, code, external_id AS externalId, task_life_hours AS taskLifeHours, version, platform FROM merchant_data WHERE (version > 0) AND (external_id = 'matched-merchant') LIMIT 1000 OFFSET 0
[TeaQL SQL][query][381us] 1 rows returned outcome=success batchOutcome=not_applicable comment=matched merchant read with relation purpose=matched benchmark read auditReason= tracePath=[0:OPERATION:Merchant=query -> 1:REQUEST:Merchant= -> 2:RELATION:platform=Merchant.platform -> 3:PROVIDER:postgresql= -> 4:SQL:select=] mutationLineage=[]
SQL: -- TeaQL PLAIN
SELECT id, create_time AS createTime, last_update_time AS lastUpdateTime, name, version FROM platform_data WHERE (version > 0) AND (id = 1) LIMIT 1 OFFSET 0
[TeaQL SQL][query][477us] 1 rows returned outcome=success batchOutcome=not_applicable comment=matched merchant read with relation purpose=matched benchmark read auditReason= tracePath=[0:OPERATION:Merchant=query -> 1:REQUEST:Merchant= -> 2:PROVIDER:postgresql= -> 3:SQL:select=] mutationLineage=[]
SQL: -- TeaQL PLAIN
SELECT id, name, code, external_id AS externalId, task_life_hours AS taskLifeHours, version, platform FROM merchant_data WHERE (version > 0) AND (external_id = 'matched-merchant') LIMIT 1000 OFFSET 0
[TeaQL SQL][query][472us] 1 rows returned outcome=success batchOutcome=not_applicable comment=matched merchant read with relation purpose=matched benchmark read auditReason= tracePath=[0:OPERATION:Merchant=query -> 1:REQUEST:Merchant= -> 2:RELATION:platform=Merchant.platform -> 3:PROVIDER:postgresql= -> 4:SQL:select=] mutationLineage=[]
SQL: -- TeaQL PLAIN
SELECT id, create_time AS createTime, last_update_time AS lastUpdateTime, name, version FROM platform_data WHERE (version > 0) AND (id = 1) LIMIT 1 OFFSET 0
[TeaQL SQL][query][1085us] 1 rows returned outcome=success batchOutcome=not_applicable comment=matched update lookup purpose=matched benchmark write auditReason= tracePath=[0:OPERATION:Merchant=query -> 1:REQUEST:Merchant= -> 2:PROVIDER:postgresql= -> 3:SQL:select=] mutationLineage=[]
SQL: -- TeaQL PLAIN
SELECT id, name, code, external_id AS externalId, task_life_hours AS taskLifeHours, platform, version FROM merchant_data WHERE (version > 0) AND (external_id = 'matched-merchant') LIMIT 1000 OFFSET 0
[TeaQL MUTATION GOVERNANCE][MUTATION-POLICY-001] request=Merchant.saveGraph execution=ae5bf937-9b00-489c-9ee2-a034b552e120 policy=none approval=NOT_APPLICABLE
[TeaQL SQL][mutation][2433us] 1 rows affected outcome=success batchOutcome=not_applicable comment= purpose= auditReason=matched benchmark update tracePath=[0:OPERATION:Merchant=mutation -> 1:ENTITY:Merchant= -> 2:PROVIDER:postgresql= -> 3:SQL:update=] mutationLineage=[0:AUDIT_REASON:Merchant#1=matched benchmark update]
SQL: -- TeaQL PLAIN
UPDATE merchant_data SET task_life_hours = 49 , version = 448 WHERE id = 1 AND version = 447
[TeaQL SQL][query][3549us] 1 rows returned outcome=success batchOutcome=not_applicable comment=matched benchmark update purpose=runtime: read authoritative persisted mutation result auditReason=matched benchmark update tracePath=[0:OPERATION:Merchant=query -> 1:REQUEST:Merchant= -> 2:PROVIDER:postgresql= -> 3:SQL:select=] mutationLineage=[0:AUDIT_REASON:Merchant#1=matched benchmark update]
SQL: -- TeaQL PLAIN
SELECT * FROM merchant_data WHERE id = 1
[TeaQL SQL][query][676us] 1 rows returned outcome=success batchOutcome=not_applicable comment=matched merchant read with relation purpose=matched benchmark read auditReason= tracePath=[0:OPERATION:Merchant=query -> 1:REQUEST:Merchant= -> 2:PROVIDER:postgresql= -> 3:SQL:select=] mutationLineage=[]
SQL: -- TeaQL PLAIN
SELECT id, name, code, external_id AS externalId, task_life_hours AS taskLifeHours, version, platform FROM merchant_data WHERE (version > 0) AND (external_id = 'matched-merchant') LIMIT 1000 OFFSET 0
[TeaQL SQL][query][551us] 1 rows returned outcome=success batchOutcome=not_applicable comment=matched merchant read with relation purpose=matched benchmark read auditReason= tracePath=[0:OPERATION:Merchant=query -> 1:REQUEST:Merchant= -> 2:RELATION:platform=Merchant.platform -> 3:PROVIDER:postgresql= -> 4:SQL:select=] mutationLineage=[]
SQL: -- TeaQL PLAIN
SELECT id, create_time AS createTime, last_update_time AS lastUpdateTime, name, version FROM platform_data WHERE (version > 0) AND (id = 1) LIMIT 1 OFFSET 0
[TeaQL SQL][query][634us] 1 rows returned outcome=success batchOutcome=not_applicable comment=matched update lookup purpose=matched benchmark write auditReason= tracePath=[0:OPERATION:Merchant=query -> 1:REQUEST:Merchant= -> 2:PROVIDER:postgresql= -> 3:SQL:select=] mutationLineage=[]
SQL: -- TeaQL PLAIN
SELECT id, name, code, external_id AS externalId, task_life_hours AS taskLifeHours, platform, version FROM merchant_data WHERE (version > 0) AND (external_id = 'matched-merchant') LIMIT 1000 OFFSET 0
[TeaQL SQL][mutation][490us] 1 rows affected outcome=success batchOutcome=not_applicable comment= purpose= auditReason=matched benchmark update tracePath=[0:OPERATION:Merchant=mutation -> 1:ENTITY:Merchant= -> 2:PROVIDER:postgresql= -> 3:SQL:update=] mutationLineage=[0:AUDIT_REASON:Merchant#1=matched benchmark update]
SQL: -- TeaQL PLAIN
UPDATE merchant_data SET task_life_hours = 48 , version = 449 WHERE id = 1 AND version = 448
[TeaQL SQL][query][398us] 1 rows returned outcome=success batchOutcome=not_applicable comment=matched benchmark update purpose=runtime: read authoritative persisted mutation result auditReason=matched benchmark update tracePath=[0:OPERATION:Merchant=query -> 1:REQUEST:Merchant= -> 2:PROVIDER:postgresql= -> 3:SQL:select=] mutationLineage=[0:AUDIT_REASON:Merchant#1=matched benchmark update]
SQL: -- TeaQL PLAIN
SELECT * FROM merchant_data WHERE id = 1
[TeaQL SQL][query][576us] 1 rows returned outcome=success batchOutcome=not_applicable comment=matched merchant read with relation purpose=matched benchmark read auditReason= tracePath=[0:OPERATION:Merchant=query -> 1:REQUEST:Merchant= -> 2:PROVIDER:postgresql= -> 3:SQL:select=] mutationLineage=[]
SQL: -- TeaQL PLAIN
SELECT id, name, code, external_id AS externalId, task_life_hours AS taskLifeHours, version, platform FROM merchant_data WHERE (version > 0) AND (external_id = 'matched-merchant') LIMIT 1000 OFFSET 0
[TeaQL SQL][query][482us] 1 rows returned outcome=success batchOutcome=not_applicable comment=matched merchant read with relation purpose=matched benchmark read auditReason= tracePath=[0:OPERATION:Merchant=query -> 1:REQUEST:Merchant= -> 2:RELATION:platform=Merchant.platform -> 3:PROVIDER:postgresql= -> 4:SQL:select=] mutationLineage=[]
SQL: -- TeaQL PLAIN
SELECT id, create_time AS createTime, last_update_time AS lastUpdateTime, name, version FROM platform_data WHERE (version > 0) AND (id = 1) LIMIT 1 OFFSET 0
[TeaQL SQL][query][784us] 1 rows returned outcome=success batchOutcome=not_applicable comment=matched update lookup purpose=matched benchmark write auditReason= tracePath=[0:OPERATION:Merchant=query -> 1:REQUEST:Merchant= -> 2:PROVIDER:postgresql= -> 3:SQL:select=] mutationLineage=[]
SQL: -- TeaQL PLAIN
SELECT id, name, code, external_id AS externalId, task_life_hours AS taskLifeHours, platform, version FROM merchant_data WHERE (version > 0) AND (external_id = 'matched-merchant') LIMIT 1000 OFFSET 0
[TeaQL SQL][mutation][463us] 1 rows affected outcome=success batchOutcome=not_applicable comment= purpose= auditReason=matched benchmark update tracePath=[0:OPERATION:Merchant=mutation -> 1:ENTITY:Merchant= -> 2:PROVIDER:postgresql= -> 3:SQL:update=] mutationLineage=[0:AUDIT_REASON:Merchant#1=matched benchmark update]
SQL: -- TeaQL PLAIN
UPDATE merchant_data SET task_life_hours = 49 , version = 450 WHERE id = 1 AND version = 449
[TeaQL SQL][query][381us] 1 rows returned outcome=success batchOutcome=not_applicable comment=matched benchmark update purpose=runtime: read authoritative persisted mutation result auditReason=matched benchmark update tracePath=[0:OPERATION:Merchant=query -> 1:REQUEST:Merchant= -> 2:PROVIDER:postgresql= -> 3:SQL:select=] mutationLineage=[0:AUDIT_REASON:Merchant#1=matched benchmark update]
SQL: -- TeaQL PLAIN
SELECT * FROM merchant_data WHERE id = 1
[TeaQL SQL][query][576us] 1 rows returned outcome=success batchOutcome=not_applicable comment=matched merchant read with relation purpose=matched benchmark read auditReason= tracePath=[0:OPERATION:Merchant=query -> 1:REQUEST:Merchant= -> 2:PROVIDER:postgresql= -> 3:SQL:select=] mutationLineage=[]
SQL: -- TeaQL PLAIN
SELECT id, name, code, external_id AS externalId, task_life_hours AS taskLifeHours, version, platform FROM merchant_data WHERE (version > 0) AND (external_id = 'matched-merchant') LIMIT 1000 OFFSET 0
[TeaQL SQL][query][512us] 1 rows returned outcome=success batchOutcome=not_applicable comment=matched merchant read with relation purpose=matched benchmark read auditReason= tracePath=[0:OPERATION:Merchant=query -> 1:REQUEST:Merchant= -> 2:RELATION:platform=Merchant.platform -> 3:PROVIDER:postgresql= -> 4:SQL:select=] mutationLineage=[]
SQL: -- TeaQL PLAIN
SELECT id, create_time AS createTime, last_update_time AS lastUpdateTime, name, version FROM platform_data WHERE (version > 0) AND (id = 1) LIMIT 1 OFFSET 0
[TeaQL SQL][query][785us] 1 rows returned outcome=success batchOutcome=not_applicable comment=matched update lookup purpose=matched benchmark write auditReason= tracePath=[0:OPERATION:Merchant=query -> 1:REQUEST:Merchant= -> 2:PROVIDER:postgresql= -> 3:SQL:select=] mutationLineage=[]
SQL: -- TeaQL PLAIN
SELECT id, name, code, external_id AS externalId, task_life_hours AS taskLifeHours, platform, version FROM merchant_data WHERE (version > 0) AND (external_id = 'matched-merchant') LIMIT 1000 OFFSET 0
[TeaQL SQL][mutation][504us] 1 rows affected outcome=success batchOutcome=not_applicable comment= purpose= auditReason=matched benchmark update tracePath=[0:OPERATION:Merchant=mutation -> 1:ENTITY:Merchant= -> 2:PROVIDER:postgresql= -> 3:SQL:update=] mutationLineage=[0:AUDIT_REASON:Merchant#1=matched benchmark update]
SQL: -- TeaQL PLAIN
UPDATE merchant_data SET task_life_hours = 48 , version = 451 WHERE id = 1 AND version = 450
[TeaQL SQL][query][442us] 1 rows returned outcome=success batchOutcome=not_applicable comment=matched benchmark update purpose=runtime: read authoritative persisted mutation result auditReason=matched benchmark update tracePath=[0:OPERATION:Merchant=query -> 1:REQUEST:Merchant= -> 2:PROVIDER:postgresql= -> 3:SQL:select=] mutationLineage=[0:AUDIT_REASON:Merchant#1=matched benchmark update]
SQL: -- TeaQL PLAIN
SELECT * FROM merchant_data WHERE id = 1
[TeaQL SQL][query][443us] 1 rows returned outcome=success batchOutcome=not_applicable comment=matched merchant read with relation purpose=matched benchmark read auditReason= tracePath=[0:OPERATION:Merchant=query -> 1:REQUEST:Merchant= -> 2:PROVIDER:postgresql= -> 3:SQL:select=] mutationLineage=[]
SQL: -- TeaQL PLAIN
SELECT id, name, code, external_id AS externalId, task_life_hours AS taskLifeHours, version, platform FROM merchant_data WHERE (version > 0) AND (external_id = 'matched-merchant') LIMIT 1000 OFFSET 0
[TeaQL SQL][query][410us] 1 rows returned outcome=success batchOutcome=not_applicable comment=matched merchant read with relation purpose=matched benchmark read auditReason= tracePath=[0:OPERATION:Merchant=query -> 1:REQUEST:Merchant= -> 2:RELATION:platform=Merchant.platform -> 3:PROVIDER:postgresql= -> 4:SQL:select=] mutationLineage=[]
SQL: -- TeaQL PLAIN
SELECT id, create_time AS createTime, last_update_time AS lastUpdateTime, name, version FROM platform_data WHERE (version > 0) AND (id = 1) LIMIT 1 OFFSET 0
[TeaQL SQL][query][844us] 1 rows returned outcome=success batchOutcome=not_applicable comment=matched update lookup purpose=matched benchmark write auditReason= tracePath=[0:OPERATION:Merchant=query -> 1:REQUEST:Merchant= -> 2:PROVIDER:postgresql= -> 3:SQL:select=] mutationLineage=[]
SQL: -- TeaQL PLAIN
SELECT id, name, code, external_id AS externalId, task_life_hours AS taskLifeHours, platform, version FROM merchant_data WHERE (version > 0) AND (external_id = 'matched-merchant') LIMIT 1000 OFFSET 0
[TeaQL SQL][mutation][500us] 1 rows affected outcome=success batchOutcome=not_applicable comment= purpose= auditReason=matched benchmark update tracePath=[0:OPERATION:Merchant=mutation -> 1:ENTITY:Merchant= -> 2:PROVIDER:postgresql= -> 3:SQL:update=] mutationLineage=[0:AUDIT_REASON:Merchant#1=matched benchmark update]
SQL: -- TeaQL PLAIN
UPDATE merchant_data SET task_life_hours = 49 , version = 452 WHERE id = 1 AND version = 451
[TeaQL SQL][query][455us] 1 rows returned outcome=success batchOutcome=not_applicable comment=matched benchmark update purpose=runtime: read authoritative persisted mutation result auditReason=matched benchmark update tracePath=[0:OPERATION:Merchant=query -> 1:REQUEST:Merchant= -> 2:PROVIDER:postgresql= -> 3:SQL:select=] mutationLineage=[0:AUDIT_REASON:Merchant#1=matched benchmark update]
SQL: -- TeaQL PLAIN
SELECT * FROM merchant_data WHERE id = 1
[TeaQL SQL][query][479us] 1 rows returned outcome=success batchOutcome=not_applicable comment=matched merchant read with relation purpose=matched benchmark read auditReason= tracePath=[0:OPERATION:Merchant=query -> 1:REQUEST:Merchant= -> 2:PROVIDER:postgresql= -> 3:SQL:select=] mutationLineage=[]
SQL: -- TeaQL PLAIN
SELECT id, name, code, external_id AS externalId, task_life_hours AS taskLifeHours, version, platform FROM merchant_data WHERE (version > 0) AND (external_id = 'matched-merchant') LIMIT 1000 OFFSET 0
[TeaQL SQL][query][436us] 1 rows returned outcome=success batchOutcome=not_applicable comment=matched merchant read with relation purpose=matched benchmark read auditReason= tracePath=[0:OPERATION:Merchant=query -> 1:REQUEST:Merchant= -> 2:RELATION:platform=Merchant.platform -> 3:PROVIDER:postgresql= -> 4:SQL:select=] mutationLineage=[]
SQL: -- TeaQL PLAIN
SELECT id, create_time AS createTime, last_update_time AS lastUpdateTime, name, version FROM platform_data WHERE (version > 0) AND (id = 1) LIMIT 1 OFFSET 0
[TeaQL SQL][query][654us] 1 rows returned outcome=success batchOutcome=not_applicable comment=matched update lookup purpose=matched benchmark write auditReason= tracePath=[0:OPERATION:Merchant=query -> 1:REQUEST:Merchant= -> 2:PROVIDER:postgresql= -> 3:SQL:select=] mutationLineage=[]
SQL: -- TeaQL PLAIN
SELECT id, name, code, external_id AS externalId, task_life_hours AS taskLifeHours, platform, version FROM merchant_data WHERE (version > 0) AND (external_id = 'matched-merchant') LIMIT 1000 OFFSET 0
[TeaQL SQL][mutation][416us] 1 rows affected outcome=success batchOutcome=not_applicable comment= purpose= auditReason=matched benchmark update tracePath=[0:OPERATION:Merchant=mutation -> 1:ENTITY:Merchant= -> 2:PROVIDER:postgresql= -> 3:SQL:update=] mutationLineage=[0:AUDIT_REASON:Merchant#1=matched benchmark update]
SQL: -- TeaQL PLAIN
UPDATE merchant_data SET task_life_hours = 48 , version = 453 WHERE id = 1 AND version = 452
[TeaQL SQL][query][335us] 1 rows returned outcome=success batchOutcome=not_applicable comment=matched benchmark update purpose=runtime: read authoritative persisted mutation result auditReason=matched benchmark update tracePath=[0:OPERATION:Merchant=query -> 1:REQUEST:Merchant= -> 2:PROVIDER:postgresql= -> 3:SQL:select=] mutationLineage=[0:AUDIT_REASON:Merchant#1=matched benchmark update]
SQL: -- TeaQL PLAIN
SELECT * FROM merchant_data WHERE id = 1
[TeaQL SQL][query][535us] 1 rows returned outcome=success batchOutcome=not_applicable comment=matched merchant read with relation purpose=matched benchmark read auditReason= tracePath=[0:OPERATION:Merchant=query -> 1:REQUEST:Merchant= -> 2:PROVIDER:postgresql= -> 3:SQL:select=] mutationLineage=[]
SQL: -- TeaQL PLAIN
SELECT id, name, code, external_id AS externalId, task_life_hours AS taskLifeHours, version, platform FROM merchant_data WHERE (version > 0) AND (external_id = 'matched-merchant') LIMIT 1000 OFFSET 0
[TeaQL SQL][query][602us] 1 rows returned outcome=success batchOutcome=not_applicable comment=matched merchant read with relation purpose=matched benchmark read auditReason= tracePath=[0:OPERATION:Merchant=query -> 1:REQUEST:Merchant= -> 2:RELATION:platform=Merchant.platform -> 3:PROVIDER:postgresql= -> 4:SQL:select=] mutationLineage=[]
SQL: -- TeaQL PLAIN
SELECT id, create_time AS createTime, last_update_time AS lastUpdateTime, name, version FROM platform_data WHERE (version > 0) AND (id = 1) LIMIT 1 OFFSET 0
[TeaQL SQL][query][626us] 1 rows returned outcome=success batchOutcome=not_applicable comment=matched update lookup purpose=matched benchmark write auditReason= tracePath=[0:OPERATION:Merchant=query -> 1:REQUEST:Merchant= -> 2:PROVIDER:postgresql= -> 3:SQL:select=] mutationLineage=[]
SQL: -- TeaQL PLAIN
SELECT id, name, code, external_id AS externalId, task_life_hours AS taskLifeHours, platform, version FROM merchant_data WHERE (version > 0) AND (external_id = 'matched-merchant') LIMIT 1000 OFFSET 0
[TeaQL SQL][mutation][522us] 1 rows affected outcome=success batchOutcome=not_applicable comment= purpose= auditReason=matched benchmark update tracePath=[0:OPERATION:Merchant=mutation -> 1:ENTITY:Merchant= -> 2:PROVIDER:postgresql= -> 3:SQL:update=] mutationLineage=[0:AUDIT_REASON:Merchant#1=matched benchmark update]
SQL: -- TeaQL PLAIN
UPDATE merchant_data SET task_life_hours = 49 , version = 454 WHERE id = 1 AND version = 453
[TeaQL SQL][query][413us] 1 rows returned outcome=success batchOutcome=not_applicable comment=matched benchmark update purpose=runtime: read authoritative persisted mutation result auditReason=matched benchmark update tracePath=[0:OPERATION:Merchant=query -> 1:REQUEST:Merchant= -> 2:PROVIDER:postgresql= -> 3:SQL:select=] mutationLineage=[0:AUDIT_REASON:Merchant#1=matched benchmark update]
SQL: -- TeaQL PLAIN
SELECT * FROM merchant_data WHERE id = 1
[TeaQL SQL][query][641us] 1 rows returned outcome=success batchOutcome=not_applicable comment=matched merchant read with relation purpose=matched benchmark read auditReason= tracePath=[0:OPERATION:Merchant=query -> 1:REQUEST:Merchant= -> 2:PROVIDER:postgresql= -> 3:SQL:select=] mutationLineage=[]
SQL: -- TeaQL PLAIN
SELECT id, name, code, external_id AS externalId, task_life_hours AS taskLifeHours, version, platform FROM merchant_data WHERE (version > 0) AND (external_id = 'matched-merchant') LIMIT 1000 OFFSET 0
[TeaQL SQL][query][763us] 1 rows returned outcome=success batchOutcome=not_applicable comment=matched merchant read with relation purpose=matched benchmark read auditReason= tracePath=[0:OPERATION:Merchant=query -> 1:REQUEST:Merchant= -> 2:RELATION:platform=Merchant.platform -> 3:PROVIDER:postgresql= -> 4:SQL:select=] mutationLineage=[]
SQL: -- TeaQL PLAIN
SELECT id, create_time AS createTime, last_update_time AS lastUpdateTime, name, version FROM platform_data WHERE (version > 0) AND (id = 1) LIMIT 1 OFFSET 0
[TeaQL SQL][query][594us] 1 rows returned outcome=success batchOutcome=not_applicable comment=matched update lookup purpose=matched benchmark write auditReason= tracePath=[0:OPERATION:Merchant=query -> 1:REQUEST:Merchant= -> 2:PROVIDER:postgresql= -> 3:SQL:select=] mutationLineage=[]
SQL: -- TeaQL PLAIN
SELECT id, name, code, external_id AS externalId, task_life_hours AS taskLifeHours, platform, version FROM merchant_data WHERE (version > 0) AND (external_id = 'matched-merchant') LIMIT 1000 OFFSET 0
[TeaQL SQL][mutation][489us] 1 rows affected outcome=success batchOutcome=not_applicable comment= purpose= auditReason=matched benchmark update tracePath=[0:OPERATION:Merchant=mutation -> 1:ENTITY:Merchant= -> 2:PROVIDER:postgresql= -> 3:SQL:update=] mutationLineage=[0:AUDIT_REASON:Merchant#1=matched benchmark update]
SQL: -- TeaQL PLAIN
UPDATE merchant_data SET task_life_hours = 48 , version = 455 WHERE id = 1 AND version = 454
[TeaQL SQL][query][434us] 1 rows returned outcome=success batchOutcome=not_applicable comment=matched benchmark update purpose=runtime: read authoritative persisted mutation result auditReason=matched benchmark update tracePath=[0:OPERATION:Merchant=query -> 1:REQUEST:Merchant= -> 2:PROVIDER:postgresql= -> 3:SQL:select=] mutationLineage=[0:AUDIT_REASON:Merchant#1=matched benchmark update]
SQL: -- TeaQL PLAIN
SELECT * FROM merchant_data WHERE id = 1
[TeaQL SQL][query][546us] 1 rows returned outcome=success batchOutcome=not_applicable comment=matched merchant read with relation purpose=matched benchmark read auditReason= tracePath=[0:OPERATION:Merchant=query -> 1:REQUEST:Merchant= -> 2:PROVIDER:postgresql= -> 3:SQL:select=] mutationLineage=[]
SQL: -- TeaQL PLAIN
SELECT id, name, code, external_id AS externalId, task_life_hours AS taskLifeHours, version, platform FROM merchant_data WHERE (version > 0) AND (external_id = 'matched-merchant') LIMIT 1000 OFFSET 0
[TeaQL SQL][query][498us] 1 rows returned outcome=success batchOutcome=not_applicable comment=matched merchant read with relation purpose=matched benchmark read auditReason= tracePath=[0:OPERATION:Merchant=query -> 1:REQUEST:Merchant= -> 2:RELATION:platform=Merchant.platform -> 3:PROVIDER:postgresql= -> 4:SQL:select=] mutationLineage=[]
SQL: -- TeaQL PLAIN
SELECT id, create_time AS createTime, last_update_time AS lastUpdateTime, name, version FROM platform_data WHERE (version > 0) AND (id = 1) LIMIT 1 OFFSET 0
[TeaQL SQL][query][678us] 1 rows returned outcome=success batchOutcome=not_applicable comment=matched update lookup purpose=matched benchmark write auditReason= tracePath=[0:OPERATION:Merchant=query -> 1:REQUEST:Merchant= -> 2:PROVIDER:postgresql= -> 3:SQL:select=] mutationLineage=[]
SQL: -- TeaQL PLAIN
SELECT id, name, code, external_id AS externalId, task_life_hours AS taskLifeHours, platform, version FROM merchant_data WHERE (version > 0) AND (external_id = 'matched-merchant') LIMIT 1000 OFFSET 0
[TeaQL SQL][mutation][558us] 1 rows affected outcome=success batchOutcome=not_applicable comment= purpose= auditReason=matched benchmark update tracePath=[0:OPERATION:Merchant=mutation -> 1:ENTITY:Merchant= -> 2:PROVIDER:postgresql= -> 3:SQL:update=] mutationLineage=[0:AUDIT_REASON:Merchant#1=matched benchmark update]
SQL: -- TeaQL PLAIN
UPDATE merchant_data SET task_life_hours = 49 , version = 456 WHERE id = 1 AND version = 455
[TeaQL SQL][query][434us] 1 rows returned outcome=success batchOutcome=not_applicable comment=matched benchmark update purpose=runtime: read authoritative persisted mutation result auditReason=matched benchmark update tracePath=[0:OPERATION:Merchant=query -> 1:REQUEST:Merchant= -> 2:PROVIDER:postgresql= -> 3:SQL:select=] mutationLineage=[0:AUDIT_REASON:Merchant#1=matched benchmark update]
SQL: -- TeaQL PLAIN
SELECT * FROM merchant_data WHERE id = 1
[TeaQL SQL][query][530us] 1 rows returned outcome=success batchOutcome=not_applicable comment=matched merchant read with relation purpose=matched benchmark read auditReason= tracePath=[0:OPERATION:Merchant=query -> 1:REQUEST:Merchant= -> 2:PROVIDER:postgresql= -> 3:SQL:select=] mutationLineage=[]
SQL: -- TeaQL PLAIN
SELECT id, name, code, external_id AS externalId, task_life_hours AS taskLifeHours, version, platform FROM merchant_data WHERE (version > 0) AND (external_id = 'matched-merchant') LIMIT 1000 OFFSET 0
[TeaQL SQL][query][544us] 1 rows returned outcome=success batchOutcome=not_applicable comment=matched merchant read with relation purpose=matched benchmark read auditReason= tracePath=[0:OPERATION:Merchant=query -> 1:REQUEST:Merchant= -> 2:RELATION:platform=Merchant.platform -> 3:PROVIDER:postgresql= -> 4:SQL:select=] mutationLineage=[]
SQL: -- TeaQL PLAIN
SELECT id, create_time AS createTime, last_update_time AS lastUpdateTime, name, version FROM platform_data WHERE (version > 0) AND (id = 1) LIMIT 1 OFFSET 0
[TeaQL SQL][query][676us] 1 rows returned outcome=success batchOutcome=not_applicable comment=matched update lookup purpose=matched benchmark write auditReason= tracePath=[0:OPERATION:Merchant=query -> 1:REQUEST:Merchant= -> 2:PROVIDER:postgresql= -> 3:SQL:select=] mutationLineage=[]
SQL: -- TeaQL PLAIN
SELECT id, name, code, external_id AS externalId, task_life_hours AS taskLifeHours, platform, version FROM merchant_data WHERE (version > 0) AND (external_id = 'matched-merchant') LIMIT 1000 OFFSET 0
[TeaQL SQL][mutation][479us] 1 rows affected outcome=success batchOutcome=not_applicable comment= purpose= auditReason=matched benchmark update tracePath=[0:OPERATION:Merchant=mutation -> 1:ENTITY:Merchant= -> 2:PROVIDER:postgresql= -> 3:SQL:update=] mutationLineage=[0:AUDIT_REASON:Merchant#1=matched benchmark update]
SQL: -- TeaQL PLAIN
UPDATE merchant_data SET task_life_hours = 48 , version = 457 WHERE id = 1 AND version = 456
[TeaQL SQL][query][404us] 1 rows returned outcome=success batchOutcome=not_applicable comment=matched benchmark update purpose=runtime: read authoritative persisted mutation result auditReason=matched benchmark update tracePath=[0:OPERATION:Merchant=query -> 1:REQUEST:Merchant= -> 2:PROVIDER:postgresql= -> 3:SQL:select=] mutationLineage=[0:AUDIT_REASON:Merchant#1=matched benchmark update]
SQL: -- TeaQL PLAIN
SELECT * FROM merchant_data WHERE id = 1
[TeaQL SQL][query][521us] 1 rows returned outcome=success batchOutcome=not_applicable comment=matched merchant read with relation purpose=matched benchmark read auditReason= tracePath=[0:OPERATION:Merchant=query -> 1:REQUEST:Merchant= -> 2:PROVIDER:postgresql= -> 3:SQL:select=] mutationLineage=[]
SQL: -- TeaQL PLAIN
SELECT id, name, code, external_id AS externalId, task_life_hours AS taskLifeHours, version, platform FROM merchant_data WHERE (version > 0) AND (external_id = 'matched-merchant') LIMIT 1000 OFFSET 0
[TeaQL SQL][query][507us] 1 rows returned outcome=success batchOutcome=not_applicable comment=matched merchant read with relation purpose=matched benchmark read auditReason= tracePath=[0:OPERATION:Merchant=query -> 1:REQUEST:Merchant= -> 2:RELATION:platform=Merchant.platform -> 3:PROVIDER:postgresql= -> 4:SQL:select=] mutationLineage=[]
SQL: -- TeaQL PLAIN
SELECT id, create_time AS createTime, last_update_time AS lastUpdateTime, name, version FROM platform_data WHERE (version > 0) AND (id = 1) LIMIT 1 OFFSET 0
[TeaQL SQL][query][530us] 1 rows returned outcome=success batchOutcome=not_applicable comment=matched update lookup purpose=matched benchmark write auditReason= tracePath=[0:OPERATION:Merchant=query -> 1:REQUEST:Merchant= -> 2:PROVIDER:postgresql= -> 3:SQL:select=] mutationLineage=[]
SQL: -- TeaQL PLAIN
SELECT id, name, code, external_id AS externalId, task_life_hours AS taskLifeHours, platform, version FROM merchant_data WHERE (version > 0) AND (external_id = 'matched-merchant') LIMIT 1000 OFFSET 0
[TeaQL SQL][mutation][405us] 1 rows affected outcome=success batchOutcome=not_applicable comment= purpose= auditReason=matched benchmark update tracePath=[0:OPERATION:Merchant=mutation -> 1:ENTITY:Merchant= -> 2:PROVIDER:postgresql= -> 3:SQL:update=] mutationLineage=[0:AUDIT_REASON:Merchant#1=matched benchmark update]
SQL: -- TeaQL PLAIN
UPDATE merchant_data SET task_life_hours = 49 , version = 458 WHERE id = 1 AND version = 457
[TeaQL SQL][query][310us] 1 rows returned outcome=success batchOutcome=not_applicable comment=matched benchmark update purpose=runtime: read authoritative persisted mutation result auditReason=matched benchmark update tracePath=[0:OPERATION:Merchant=query -> 1:REQUEST:Merchant= -> 2:PROVIDER:postgresql= -> 3:SQL:select=] mutationLineage=[0:AUDIT_REASON:Merchant#1=matched benchmark update]
SQL: -- TeaQL PLAIN
SELECT * FROM merchant_data WHERE id = 1
[TeaQL SQL][query][428us] 1 rows returned outcome=success batchOutcome=not_applicable comment=matched merchant read with relation purpose=matched benchmark read auditReason= tracePath=[0:OPERATION:Merchant=query -> 1:REQUEST:Merchant= -> 2:PROVIDER:postgresql= -> 3:SQL:select=] mutationLineage=[]
SQL: -- TeaQL PLAIN
SELECT id, name, code, external_id AS externalId, task_life_hours AS taskLifeHours, version, platform FROM merchant_data WHERE (version > 0) AND (external_id = 'matched-merchant') LIMIT 1000 OFFSET 0
[TeaQL SQL][query][454us] 1 rows returned outcome=success batchOutcome=not_applicable comment=matched merchant read with relation purpose=matched benchmark read auditReason= tracePath=[0:OPERATION:Merchant=query -> 1:REQUEST:Merchant= -> 2:RELATION:platform=Merchant.platform -> 3:PROVIDER:postgresql= -> 4:SQL:select=] mutationLineage=[]
SQL: -- TeaQL PLAIN
SELECT id, create_time AS createTime, last_update_time AS lastUpdateTime, name, version FROM platform_data WHERE (version > 0) AND (id = 1) LIMIT 1 OFFSET 0
[TeaQL SQL][query][598us] 1 rows returned outcome=success batchOutcome=not_applicable comment=matched update lookup purpose=matched benchmark write auditReason= tracePath=[0:OPERATION:Merchant=query -> 1:REQUEST:Merchant= -> 2:PROVIDER:postgresql= -> 3:SQL:select=] mutationLineage=[]
SQL: -- TeaQL PLAIN
SELECT id, name, code, external_id AS externalId, task_life_hours AS taskLifeHours, platform, version FROM merchant_data WHERE (version > 0) AND (external_id = 'matched-merchant') LIMIT 1000 OFFSET 0
[TeaQL SQL][mutation][437us] 1 rows affected outcome=success batchOutcome=not_applicable comment= purpose= auditReason=matched benchmark update tracePath=[0:OPERATION:Merchant=mutation -> 1:ENTITY:Merchant= -> 2:PROVIDER:postgresql= -> 3:SQL:update=] mutationLineage=[0:AUDIT_REASON:Merchant#1=matched benchmark update]
SQL: -- TeaQL PLAIN
UPDATE merchant_data SET task_life_hours = 48 , version = 459 WHERE id = 1 AND version = 458
[TeaQL SQL][query][496us] 1 rows returned outcome=success batchOutcome=not_applicable comment=matched benchmark update purpose=runtime: read authoritative persisted mutation result auditReason=matched benchmark update tracePath=[0:OPERATION:Merchant=query -> 1:REQUEST:Merchant= -> 2:PROVIDER:postgresql= -> 3:SQL:select=] mutationLineage=[0:AUDIT_REASON:Merchant#1=matched benchmark update]
SQL: -- TeaQL PLAIN
SELECT * FROM merchant_data WHERE id = 1
[TeaQL SQL][query][567us] 1 rows returned outcome=success batchOutcome=not_applicable comment=matched merchant read with relation purpose=matched benchmark read auditReason= tracePath=[0:OPERATION:Merchant=query -> 1:REQUEST:Merchant= -> 2:PROVIDER:postgresql= -> 3:SQL:select=] mutationLineage=[]
SQL: -- TeaQL PLAIN
SELECT id, name, code, external_id AS externalId, task_life_hours AS taskLifeHours, version, platform FROM merchant_data WHERE (version > 0) AND (external_id = 'matched-merchant') LIMIT 1000 OFFSET 0
[TeaQL SQL][query][590us] 1 rows returned outcome=success batchOutcome=not_applicable comment=matched merchant read with relation purpose=matched benchmark read auditReason= tracePath=[0:OPERATION:Merchant=query -> 1:REQUEST:Merchant= -> 2:RELATION:platform=Merchant.platform -> 3:PROVIDER:postgresql= -> 4:SQL:select=] mutationLineage=[]
SQL: -- TeaQL PLAIN
SELECT id, create_time AS createTime, last_update_time AS lastUpdateTime, name, version FROM platform_data WHERE (version > 0) AND (id = 1) LIMIT 1 OFFSET 0
[TeaQL SQL][query][612us] 1 rows returned outcome=success batchOutcome=not_applicable comment=matched update lookup purpose=matched benchmark write auditReason= tracePath=[0:OPERATION:Merchant=query -> 1:REQUEST:Merchant= -> 2:PROVIDER:postgresql= -> 3:SQL:select=] mutationLineage=[]
SQL: -- TeaQL PLAIN
SELECT id, name, code, external_id AS externalId, task_life_hours AS taskLifeHours, platform, version FROM merchant_data WHERE (version > 0) AND (external_id = 'matched-merchant') LIMIT 1000 OFFSET 0
[TeaQL SQL][mutation][458us] 1 rows affected outcome=success batchOutcome=not_applicable comment= purpose= auditReason=matched benchmark update tracePath=[0:OPERATION:Merchant=mutation -> 1:ENTITY:Merchant= -> 2:PROVIDER:postgresql= -> 3:SQL:update=] mutationLineage=[0:AUDIT_REASON:Merchant#1=matched benchmark update]
SQL: -- TeaQL PLAIN
UPDATE merchant_data SET task_life_hours = 49 , version = 460 WHERE id = 1 AND version = 459
[TeaQL SQL][query][441us] 1 rows returned outcome=success batchOutcome=not_applicable comment=matched benchmark update purpose=runtime: read authoritative persisted mutation result auditReason=matched benchmark update tracePath=[0:OPERATION:Merchant=query -> 1:REQUEST:Merchant= -> 2:PROVIDER:postgresql= -> 3:SQL:select=] mutationLineage=[0:AUDIT_REASON:Merchant#1=matched benchmark update]
SQL: -- TeaQL PLAIN
SELECT * FROM merchant_data WHERE id = 1
[TeaQL SQL][query][642us] 1 rows returned outcome=success batchOutcome=not_applicable comment=matched merchant read with relation purpose=matched benchmark read auditReason= tracePath=[0:OPERATION:Merchant=query -> 1:REQUEST:Merchant= -> 2:PROVIDER:postgresql= -> 3:SQL:select=] mutationLineage=[]
SQL: -- TeaQL PLAIN
SELECT id, name, code, external_id AS externalId, task_life_hours AS taskLifeHours, version, platform FROM merchant_data WHERE (version > 0) AND (external_id = 'matched-merchant') LIMIT 1000 OFFSET 0
[TeaQL SQL][query][545us] 1 rows returned outcome=success batchOutcome=not_applicable comment=matched merchant read with relation purpose=matched benchmark read auditReason= tracePath=[0:OPERATION:Merchant=query -> 1:REQUEST:Merchant= -> 2:RELATION:platform=Merchant.platform -> 3:PROVIDER:postgresql= -> 4:SQL:select=] mutationLineage=[]
SQL: -- TeaQL PLAIN
SELECT id, create_time AS createTime, last_update_time AS lastUpdateTime, name, version FROM platform_data WHERE (version > 0) AND (id = 1) LIMIT 1 OFFSET 0
[TeaQL SQL][query][930us] 1 rows returned outcome=success batchOutcome=not_applicable comment=matched update lookup purpose=matched benchmark write auditReason= tracePath=[0:OPERATION:Merchant=query -> 1:REQUEST:Merchant= -> 2:PROVIDER:postgresql= -> 3:SQL:select=] mutationLineage=[]
SQL: -- TeaQL PLAIN
SELECT id, name, code, external_id AS externalId, task_life_hours AS taskLifeHours, platform, version FROM merchant_data WHERE (version > 0) AND (external_id = 'matched-merchant') LIMIT 1000 OFFSET 0
[TeaQL SQL][mutation][522us] 1 rows affected outcome=success batchOutcome=not_applicable comment= purpose= auditReason=matched benchmark update tracePath=[0:OPERATION:Merchant=mutation -> 1:ENTITY:Merchant= -> 2:PROVIDER:postgresql= -> 3:SQL:update=] mutationLineage=[0:AUDIT_REASON:Merchant#1=matched benchmark update]
SQL: -- TeaQL PLAIN
UPDATE merchant_data SET task_life_hours = 48 , version = 461 WHERE id = 1 AND version = 460
[TeaQL SQL][query][433us] 1 rows returned outcome=success batchOutcome=not_applicable comment=matched benchmark update purpose=runtime: read authoritative persisted mutation result auditReason=matched benchmark update tracePath=[0:OPERATION:Merchant=query -> 1:REQUEST:Merchant= -> 2:PROVIDER:postgresql= -> 3:SQL:select=] mutationLineage=[0:AUDIT_REASON:Merchant#1=matched benchmark update]
SQL: -- TeaQL PLAIN
SELECT * FROM merchant_data WHERE id = 1
[TeaQL SQL][query][764us] 1 rows returned outcome=success batchOutcome=not_applicable comment=matched merchant read with relation purpose=matched benchmark read auditReason= tracePath=[0:OPERATION:Merchant=query -> 1:REQUEST:Merchant= -> 2:PROVIDER:postgresql= -> 3:SQL:select=] mutationLineage=[]
SQL: -- TeaQL PLAIN
SELECT id, name, code, external_id AS externalId, task_life_hours AS taskLifeHours, version, platform FROM merchant_data WHERE (version > 0) AND (external_id = 'matched-merchant') LIMIT 1000 OFFSET 0
[TeaQL SQL][query][735us] 1 rows returned outcome=success batchOutcome=not_applicable comment=matched merchant read with relation purpose=matched benchmark read auditReason= tracePath=[0:OPERATION:Merchant=query -> 1:REQUEST:Merchant= -> 2:RELATION:platform=Merchant.platform -> 3:PROVIDER:postgresql= -> 4:SQL:select=] mutationLineage=[]
SQL: -- TeaQL PLAIN
SELECT id, create_time AS createTime, last_update_time AS lastUpdateTime, name, version FROM platform_data WHERE (version > 0) AND (id = 1) LIMIT 1 OFFSET 0
[TeaQL SQL][query][617us] 1 rows returned outcome=success batchOutcome=not_applicable comment=matched update lookup purpose=matched benchmark write auditReason= tracePath=[0:OPERATION:Merchant=query -> 1:REQUEST:Merchant= -> 2:PROVIDER:postgresql= -> 3:SQL:select=] mutationLineage=[]
SQL: -- TeaQL PLAIN
SELECT id, name, code, external_id AS externalId, task_life_hours AS taskLifeHours, platform, version FROM merchant_data WHERE (version > 0) AND (external_id = 'matched-merchant') LIMIT 1000 OFFSET 0
[TeaQL SQL][mutation][472us] 1 rows affected outcome=success batchOutcome=not_applicable comment= purpose= auditReason=matched benchmark update tracePath=[0:OPERATION:Merchant=mutation -> 1:ENTITY:Merchant= -> 2:PROVIDER:postgresql= -> 3:SQL:update=] mutationLineage=[0:AUDIT_REASON:Merchant#1=matched benchmark update]
SQL: -- TeaQL PLAIN
UPDATE merchant_data SET task_life_hours = 49 , version = 462 WHERE id = 1 AND version = 461
[TeaQL SQL][query][387us] 1 rows returned outcome=success batchOutcome=not_applicable comment=matched benchmark update purpose=runtime: read authoritative persisted mutation result auditReason=matched benchmark update tracePath=[0:OPERATION:Merchant=query -> 1:REQUEST:Merchant= -> 2:PROVIDER:postgresql= -> 3:SQL:select=] mutationLineage=[0:AUDIT_REASON:Merchant#1=matched benchmark update]
SQL: -- TeaQL PLAIN
SELECT * FROM merchant_data WHERE id = 1
[TeaQL SQL][query][540us] 1 rows returned outcome=success batchOutcome=not_applicable comment=matched merchant read with relation purpose=matched benchmark read auditReason= tracePath=[0:OPERATION:Merchant=query -> 1:REQUEST:Merchant= -> 2:PROVIDER:postgresql= -> 3:SQL:select=] mutationLineage=[]
SQL: -- TeaQL PLAIN
SELECT id, name, code, external_id AS externalId, task_life_hours AS taskLifeHours, version, platform FROM merchant_data WHERE (version > 0) AND (external_id = 'matched-merchant') LIMIT 1000 OFFSET 0
[TeaQL SQL][query][646us] 1 rows returned outcome=success batchOutcome=not_applicable comment=matched merchant read with relation purpose=matched benchmark read auditReason= tracePath=[0:OPERATION:Merchant=query -> 1:REQUEST:Merchant= -> 2:RELATION:platform=Merchant.platform -> 3:PROVIDER:postgresql= -> 4:SQL:select=] mutationLineage=[]
SQL: -- TeaQL PLAIN
SELECT id, create_time AS createTime, last_update_time AS lastUpdateTime, name, version FROM platform_data WHERE (version > 0) AND (id = 1) LIMIT 1 OFFSET 0
[TeaQL SQL][query][765us] 1 rows returned outcome=success batchOutcome=not_applicable comment=matched update lookup purpose=matched benchmark write auditReason= tracePath=[0:OPERATION:Merchant=query -> 1:REQUEST:Merchant= -> 2:PROVIDER:postgresql= -> 3:SQL:select=] mutationLineage=[]
SQL: -- TeaQL PLAIN
SELECT id, name, code, external_id AS externalId, task_life_hours AS taskLifeHours, platform, version FROM merchant_data WHERE (version > 0) AND (external_id = 'matched-merchant') LIMIT 1000 OFFSET 0
[TeaQL SQL][mutation][727us] 1 rows affected outcome=success batchOutcome=not_applicable comment= purpose= auditReason=matched benchmark update tracePath=[0:OPERATION:Merchant=mutation -> 1:ENTITY:Merchant= -> 2:PROVIDER:postgresql= -> 3:SQL:update=] mutationLineage=[0:AUDIT_REASON:Merchant#1=matched benchmark update]
SQL: -- TeaQL PLAIN
UPDATE merchant_data SET task_life_hours = 48 , version = 463 WHERE id = 1 AND version = 462
[TeaQL SQL][query][444us] 1 rows returned outcome=success batchOutcome=not_applicable comment=matched benchmark update purpose=runtime: read authoritative persisted mutation result auditReason=matched benchmark update tracePath=[0:OPERATION:Merchant=query -> 1:REQUEST:Merchant= -> 2:PROVIDER:postgresql= -> 3:SQL:select=] mutationLineage=[0:AUDIT_REASON:Merchant#1=matched benchmark update]
SQL: -- TeaQL PLAIN
SELECT * FROM merchant_data WHERE id = 1
[TeaQL SQL][query][574us] 1 rows returned outcome=success batchOutcome=not_applicable comment=matched merchant read with relation purpose=matched benchmark read auditReason= tracePath=[0:OPERATION:Merchant=query -> 1:REQUEST:Merchant= -> 2:PROVIDER:postgresql= -> 3:SQL:select=] mutationLineage=[]
SQL: -- TeaQL PLAIN
SELECT id, name, code, external_id AS externalId, task_life_hours AS taskLifeHours, version, platform FROM merchant_data WHERE (version > 0) AND (external_id = 'matched-merchant') LIMIT 1000 OFFSET 0
[TeaQL SQL][query][558us] 1 rows returned outcome=success batchOutcome=not_applicable comment=matched merchant read with relation purpose=matched benchmark read auditReason= tracePath=[0:OPERATION:Merchant=query -> 1:REQUEST:Merchant= -> 2:RELATION:platform=Merchant.platform -> 3:PROVIDER:postgresql= -> 4:SQL:select=] mutationLineage=[]
SQL: -- TeaQL PLAIN
SELECT id, create_time AS createTime, last_update_time AS lastUpdateTime, name, version FROM platform_data WHERE (version > 0) AND (id = 1) LIMIT 1 OFFSET 0
[TeaQL SQL][query][626us] 1 rows returned outcome=success batchOutcome=not_applicable comment=matched update lookup purpose=matched benchmark write auditReason= tracePath=[0:OPERATION:Merchant=query -> 1:REQUEST:Merchant= -> 2:PROVIDER:postgresql= -> 3:SQL:select=] mutationLineage=[]
SQL: -- TeaQL PLAIN
SELECT id, name, code, external_id AS externalId, task_life_hours AS taskLifeHours, platform, version FROM merchant_data WHERE (version > 0) AND (external_id = 'matched-merchant') LIMIT 1000 OFFSET 0
[TeaQL SQL][mutation][488us] 1 rows affected outcome=success batchOutcome=not_applicable comment= purpose= auditReason=matched benchmark update tracePath=[0:OPERATION:Merchant=mutation -> 1:ENTITY:Merchant= -> 2:PROVIDER:postgresql= -> 3:SQL:update=] mutationLineage=[0:AUDIT_REASON:Merchant#1=matched benchmark update]
SQL: -- TeaQL PLAIN
UPDATE merchant_data SET task_life_hours = 49 , version = 464 WHERE id = 1 AND version = 463
[TeaQL SQL][query][398us] 1 rows returned outcome=success batchOutcome=not_applicable comment=matched benchmark update purpose=runtime: read authoritative persisted mutation result auditReason=matched benchmark update tracePath=[0:OPERATION:Merchant=query -> 1:REQUEST:Merchant= -> 2:PROVIDER:postgresql= -> 3:SQL:select=] mutationLineage=[0:AUDIT_REASON:Merchant#1=matched benchmark update]
SQL: -- TeaQL PLAIN
SELECT * FROM merchant_data WHERE id = 1
[TeaQL SQL][query][524us] 1 rows returned outcome=success batchOutcome=not_applicable comment=matched merchant read with relation purpose=matched benchmark read auditReason= tracePath=[0:OPERATION:Merchant=query -> 1:REQUEST:Merchant= -> 2:PROVIDER:postgresql= -> 3:SQL:select=] mutationLineage=[]
SQL: -- TeaQL PLAIN
SELECT id, name, code, external_id AS externalId, task_life_hours AS taskLifeHours, version, platform FROM merchant_data WHERE (version > 0) AND (external_id = 'matched-merchant') LIMIT 1000 OFFSET 0
[TeaQL SQL][query][520us] 1 rows returned outcome=success batchOutcome=not_applicable comment=matched merchant read with relation purpose=matched benchmark read auditReason= tracePath=[0:OPERATION:Merchant=query -> 1:REQUEST:Merchant= -> 2:RELATION:platform=Merchant.platform -> 3:PROVIDER:postgresql= -> 4:SQL:select=] mutationLineage=[]
SQL: -- TeaQL PLAIN
SELECT id, create_time AS createTime, last_update_time AS lastUpdateTime, name, version FROM platform_data WHERE (version > 0) AND (id = 1) LIMIT 1 OFFSET 0
[TeaQL SQL][query][646us] 1 rows returned outcome=success batchOutcome=not_applicable comment=matched update lookup purpose=matched benchmark write auditReason= tracePath=[0:OPERATION:Merchant=query -> 1:REQUEST:Merchant= -> 2:PROVIDER:postgresql= -> 3:SQL:select=] mutationLineage=[]
SQL: -- TeaQL PLAIN
SELECT id, name, code, external_id AS externalId, task_life_hours AS taskLifeHours, platform, version FROM merchant_data WHERE (version > 0) AND (external_id = 'matched-merchant') LIMIT 1000 OFFSET 0
[TeaQL SQL][mutation][350us] 1 rows affected outcome=success batchOutcome=not_applicable comment= purpose= auditReason=matched benchmark update tracePath=[0:OPERATION:Merchant=mutation -> 1:ENTITY:Merchant= -> 2:PROVIDER:postgresql= -> 3:SQL:update=] mutationLineage=[0:AUDIT_REASON:Merchant#1=matched benchmark update]
SQL: -- TeaQL PLAIN
UPDATE merchant_data SET task_life_hours = 48 , version = 465 WHERE id = 1 AND version = 464
[TeaQL SQL][query][324us] 1 rows returned outcome=success batchOutcome=not_applicable comment=matched benchmark update purpose=runtime: read authoritative persisted mutation result auditReason=matched benchmark update tracePath=[0:OPERATION:Merchant=query -> 1:REQUEST:Merchant= -> 2:PROVIDER:postgresql= -> 3:SQL:select=] mutationLineage=[0:AUDIT_REASON:Merchant#1=matched benchmark update]
SQL: -- TeaQL PLAIN
SELECT * FROM merchant_data WHERE id = 1
[TeaQL SQL][query][483us] 1 rows returned outcome=success batchOutcome=not_applicable comment=matched merchant read with relation purpose=matched benchmark read auditReason= tracePath=[0:OPERATION:Merchant=query -> 1:REQUEST:Merchant= -> 2:PROVIDER:postgresql= -> 3:SQL:select=] mutationLineage=[]
SQL: -- TeaQL PLAIN
SELECT id, name, code, external_id AS externalId, task_life_hours AS taskLifeHours, version, platform FROM merchant_data WHERE (version > 0) AND (external_id = 'matched-merchant') LIMIT 1000 OFFSET 0
[TeaQL SQL][query][491us] 1 rows returned outcome=success batchOutcome=not_applicable comment=matched merchant read with relation purpose=matched benchmark read auditReason= tracePath=[0:OPERATION:Merchant=query -> 1:REQUEST:Merchant= -> 2:RELATION:platform=Merchant.platform -> 3:PROVIDER:postgresql= -> 4:SQL:select=] mutationLineage=[]
SQL: -- TeaQL PLAIN
SELECT id, create_time AS createTime, last_update_time AS lastUpdateTime, name, version FROM platform_data WHERE (version > 0) AND (id = 1) LIMIT 1 OFFSET 0
[TeaQL SQL][query][555us] 1 rows returned outcome=success batchOutcome=not_applicable comment=matched update lookup purpose=matched benchmark write auditReason= tracePath=[0:OPERATION:Merchant=query -> 1:REQUEST:Merchant= -> 2:PROVIDER:postgresql= -> 3:SQL:select=] mutationLineage=[]
SQL: -- TeaQL PLAIN
SELECT id, name, code, external_id AS externalId, task_life_hours AS taskLifeHours, platform, version FROM merchant_data WHERE (version > 0) AND (external_id = 'matched-merchant') LIMIT 1000 OFFSET 0
[TeaQL SQL][mutation][407us] 1 rows affected outcome=success batchOutcome=not_applicable comment= purpose= auditReason=matched benchmark update tracePath=[0:OPERATION:Merchant=mutation -> 1:ENTITY:Merchant= -> 2:PROVIDER:postgresql= -> 3:SQL:update=] mutationLineage=[0:AUDIT_REASON:Merchant#1=matched benchmark update]
SQL: -- TeaQL PLAIN
UPDATE merchant_data SET task_life_hours = 49 , version = 466 WHERE id = 1 AND version = 465
[TeaQL SQL][query][457us] 1 rows returned outcome=success batchOutcome=not_applicable comment=matched benchmark update purpose=runtime: read authoritative persisted mutation result auditReason=matched benchmark update tracePath=[0:OPERATION:Merchant=query -> 1:REQUEST:Merchant= -> 2:PROVIDER:postgresql= -> 3:SQL:select=] mutationLineage=[0:AUDIT_REASON:Merchant#1=matched benchmark update]
SQL: -- TeaQL PLAIN
SELECT * FROM merchant_data WHERE id = 1
[TeaQL SQL][query][450us] 1 rows returned outcome=success batchOutcome=not_applicable comment=matched merchant read with relation purpose=matched benchmark read auditReason= tracePath=[0:OPERATION:Merchant=query -> 1:REQUEST:Merchant= -> 2:PROVIDER:postgresql= -> 3:SQL:select=] mutationLineage=[]
SQL: -- TeaQL PLAIN
SELECT id, name, code, external_id AS externalId, task_life_hours AS taskLifeHours, version, platform FROM merchant_data WHERE (version > 0) AND (external_id = 'matched-merchant') LIMIT 1000 OFFSET 0
[TeaQL SQL][query][406us] 1 rows returned outcome=success batchOutcome=not_applicable comment=matched merchant read with relation purpose=matched benchmark read auditReason= tracePath=[0:OPERATION:Merchant=query -> 1:REQUEST:Merchant= -> 2:RELATION:platform=Merchant.platform -> 3:PROVIDER:postgresql= -> 4:SQL:select=] mutationLineage=[]
SQL: -- TeaQL PLAIN
SELECT id, create_time AS createTime, last_update_time AS lastUpdateTime, name, version FROM platform_data WHERE (version > 0) AND (id = 1) LIMIT 1 OFFSET 0
[TeaQL SQL][query][654us] 1 rows returned outcome=success batchOutcome=not_applicable comment=matched update lookup purpose=matched benchmark write auditReason= tracePath=[0:OPERATION:Merchant=query -> 1:REQUEST:Merchant= -> 2:PROVIDER:postgresql= -> 3:SQL:select=] mutationLineage=[]
SQL: -- TeaQL PLAIN
SELECT id, name, code, external_id AS externalId, task_life_hours AS taskLifeHours, platform, version FROM merchant_data WHERE (version > 0) AND (external_id = 'matched-merchant') LIMIT 1000 OFFSET 0
[TeaQL SQL][mutation][469us] 1 rows affected outcome=success batchOutcome=not_applicable comment= purpose= auditReason=matched benchmark update tracePath=[0:OPERATION:Merchant=mutation -> 1:ENTITY:Merchant= -> 2:PROVIDER:postgresql= -> 3:SQL:update=] mutationLineage=[0:AUDIT_REASON:Merchant#1=matched benchmark update]
SQL: -- TeaQL PLAIN
UPDATE merchant_data SET task_life_hours = 48 , version = 467 WHERE id = 1 AND version = 466
[TeaQL SQL][query][244us] 1 rows returned outcome=success batchOutcome=not_applicable comment=matched benchmark update purpose=runtime: read authoritative persisted mutation result auditReason=matched benchmark update tracePath=[0:OPERATION:Merchant=query -> 1:REQUEST:Merchant= -> 2:PROVIDER:postgresql= -> 3:SQL:select=] mutationLineage=[0:AUDIT_REASON:Merchant#1=matched benchmark update]
SQL: -- TeaQL PLAIN
SELECT * FROM merchant_data WHERE id = 1
[TeaQL SQL][query][475us] 1 rows returned outcome=success batchOutcome=not_applicable comment=matched merchant read with relation purpose=matched benchmark read auditReason= tracePath=[0:OPERATION:Merchant=query -> 1:REQUEST:Merchant= -> 2:PROVIDER:postgresql= -> 3:SQL:select=] mutationLineage=[]
SQL: -- TeaQL PLAIN
SELECT id, name, code, external_id AS externalId, task_life_hours AS taskLifeHours, version, platform FROM merchant_data WHERE (version > 0) AND (external_id = 'matched-merchant') LIMIT 1000 OFFSET 0
[TeaQL SQL][query][396us] 1 rows returned outcome=success batchOutcome=not_applicable comment=matched merchant read with relation purpose=matched benchmark read auditReason= tracePath=[0:OPERATION:Merchant=query -> 1:REQUEST:Merchant= -> 2:RELATION:platform=Merchant.platform -> 3:PROVIDER:postgresql= -> 4:SQL:select=] mutationLineage=[]
SQL: -- TeaQL PLAIN
SELECT id, create_time AS createTime, last_update_time AS lastUpdateTime, name, version FROM platform_data WHERE (version > 0) AND (id = 1) LIMIT 1 OFFSET 0
[TeaQL SQL][query][516us] 1 rows returned outcome=success batchOutcome=not_applicable comment=matched merchant read with relation purpose=matched benchmark read auditReason= tracePath=[0:OPERATION:Merchant=query -> 1:REQUEST:Merchant= -> 2:PROVIDER:postgresql= -> 3:SQL:select=] mutationLineage=[]
SQL: -- TeaQL PLAIN
SELECT id, name, code, external_id AS externalId, task_life_hours AS taskLifeHours, version, platform FROM merchant_data WHERE (version > 0) AND (external_id = 'matched-merchant') LIMIT 1000 OFFSET 0
[TeaQL SQL][query][428us] 1 rows returned outcome=success batchOutcome=not_applicable comment=matched merchant read with relation purpose=matched benchmark read auditReason= tracePath=[0:OPERATION:Merchant=query -> 1:REQUEST:Merchant= -> 2:RELATION:platform=Merchant.platform -> 3:PROVIDER:postgresql= -> 4:SQL:select=] mutationLineage=[]
SQL: -- TeaQL PLAIN
SELECT id, create_time AS createTime, last_update_time AS lastUpdateTime, name, version FROM platform_data WHERE (version > 0) AND (id = 1) LIMIT 1 OFFSET 0
[TeaQL SQL][query][458us] 1 rows returned outcome=success batchOutcome=not_applicable comment=matched merchant read with relation purpose=matched benchmark read auditReason= tracePath=[0:OPERATION:Merchant=query -> 1:REQUEST:Merchant= -> 2:PROVIDER:postgresql= -> 3:SQL:select=] mutationLineage=[]
SQL: -- TeaQL PLAIN
SELECT id, name, code, external_id AS externalId, task_life_hours AS taskLifeHours, version, platform FROM merchant_data WHERE (version > 0) AND (external_id = 'matched-merchant') LIMIT 1000 OFFSET 0
[TeaQL SQL][query][443us] 1 rows returned outcome=success batchOutcome=not_applicable comment=matched merchant read with relation purpose=matched benchmark read auditReason= tracePath=[0:OPERATION:Merchant=query -> 1:REQUEST:Merchant= -> 2:RELATION:platform=Merchant.platform -> 3:PROVIDER:postgresql= -> 4:SQL:select=] mutationLineage=[]
SQL: -- TeaQL PLAIN
SELECT id, create_time AS createTime, last_update_time AS lastUpdateTime, name, version FROM platform_data WHERE (version > 0) AND (id = 1) LIMIT 1 OFFSET 0
[TeaQL SQL][query][2125us] 1 rows returned outcome=success batchOutcome=not_applicable comment=matched merchant read with relation purpose=matched benchmark read auditReason= tracePath=[0:OPERATION:Merchant=query -> 1:REQUEST:Merchant= -> 2:PROVIDER:postgresql= -> 3:SQL:select=] mutationLineage=[]
SQL: -- TeaQL PLAIN
SELECT id, name, code, external_id AS externalId, task_life_hours AS taskLifeHours, version, platform FROM merchant_data WHERE (version > 0) AND (external_id = 'matched-merchant') LIMIT 1000 OFFSET 0
[TeaQL SQL][query][2088us] 1 rows returned outcome=success batchOutcome=not_applicable comment=matched merchant read with relation purpose=matched benchmark read auditReason= tracePath=[0:OPERATION:Merchant=query -> 1:REQUEST:Merchant= -> 2:PROVIDER:postgresql= -> 3:SQL:select=] mutationLineage=[]
SQL: -- TeaQL PLAIN
SELECT id, name, code, external_id AS externalId, task_life_hours AS taskLifeHours, version, platform FROM merchant_data WHERE (version > 0) AND (external_id = 'matched-merchant') LIMIT 1000 OFFSET 0
[TeaQL SQL][query][845us] 1 rows returned outcome=success batchOutcome=not_applicable comment=matched merchant read with relation purpose=matched benchmark read auditReason= tracePath=[0:OPERATION:Merchant=query -> 1:REQUEST:Merchant= -> 2:RELATION:platform=Merchant.platform -> 3:PROVIDER:postgresql= -> 4:SQL:select=] mutationLineage=[]
SQL: -- TeaQL PLAIN
SELECT id, create_time AS createTime, last_update_time AS lastUpdateTime, name, version FROM platform_data WHERE (version > 0) AND (id = 1) LIMIT 1 OFFSET 0
[TeaQL SQL][query][889us] 1 rows returned outcome=success batchOutcome=not_applicable comment=matched merchant read with relation purpose=matched benchmark read auditReason= tracePath=[0:OPERATION:Merchant=query -> 1:REQUEST:Merchant= -> 2:RELATION:platform=Merchant.platform -> 3:PROVIDER:postgresql= -> 4:SQL:select=] mutationLineage=[]
SQL: -- TeaQL PLAIN
SELECT id, create_time AS createTime, last_update_time AS lastUpdateTime, name, version FROM platform_data WHERE (version > 0) AND (id = 1) LIMIT 1 OFFSET 0
[TeaQL SQL][query][613us] 1 rows returned outcome=success batchOutcome=not_applicable comment=matched merchant read with relation purpose=matched benchmark read auditReason= tracePath=[0:OPERATION:Merchant=query -> 1:REQUEST:Merchant= -> 2:PROVIDER:postgresql= -> 3:SQL:select=] mutationLineage=[]
SQL: -- TeaQL PLAIN
SELECT id, name, code, external_id AS externalId, task_life_hours AS taskLifeHours, version, platform FROM merchant_data WHERE (version > 0) AND (external_id = 'matched-merchant') LIMIT 1000 OFFSET 0
[TeaQL SQL][query][492us] 1 rows returned outcome=success batchOutcome=not_applicable comment=matched merchant read with relation purpose=matched benchmark read auditReason= tracePath=[0:OPERATION:Merchant=query -> 1:REQUEST:Merchant= -> 2:RELATION:platform=Merchant.platform -> 3:PROVIDER:postgresql= -> 4:SQL:select=] mutationLineage=[]
SQL: -- TeaQL PLAIN
SELECT id, create_time AS createTime, last_update_time AS lastUpdateTime, name, version FROM platform_data WHERE (version > 0) AND (id = 1) LIMIT 1 OFFSET 0
[TeaQL SQL][query][346us] 1 rows returned outcome=success batchOutcome=not_applicable comment=matched merchant read with relation purpose=matched benchmark read auditReason= tracePath=[0:OPERATION:Merchant=query -> 1:REQUEST:Merchant= -> 2:PROVIDER:postgresql= -> 3:SQL:select=] mutationLineage=[]
SQL: -- TeaQL PLAIN
SELECT id, name, code, external_id AS externalId, task_life_hours AS taskLifeHours, version, platform FROM merchant_data WHERE (version > 0) AND (external_id = 'matched-merchant') LIMIT 1000 OFFSET 0
[TeaQL SQL][query][407us] 1 rows returned outcome=success batchOutcome=not_applicable comment=matched merchant read with relation purpose=matched benchmark read auditReason= tracePath=[0:OPERATION:Merchant=query -> 1:REQUEST:Merchant= -> 2:RELATION:platform=Merchant.platform -> 3:PROVIDER:postgresql= -> 4:SQL:select=] mutationLineage=[]
SQL: -- TeaQL PLAIN
SELECT id, create_time AS createTime, last_update_time AS lastUpdateTime, name, version FROM platform_data WHERE (version > 0) AND (id = 1) LIMIT 1 OFFSET 0
[TeaQL SQL][query][483us] 1 rows returned outcome=success batchOutcome=not_applicable comment=matched merchant read with relation purpose=matched benchmark read auditReason= tracePath=[0:OPERATION:Merchant=query -> 1:REQUEST:Merchant= -> 2:PROVIDER:postgresql= -> 3:SQL:select=] mutationLineage=[]
SQL: -- TeaQL PLAIN
SELECT id, name, code, external_id AS externalId, task_life_hours AS taskLifeHours, version, platform FROM merchant_data WHERE (version > 0) AND (external_id = 'matched-merchant') LIMIT 1000 OFFSET 0
[TeaQL SQL][query][736us] 1 rows returned outcome=success batchOutcome=not_applicable comment=matched merchant read with relation purpose=matched benchmark read auditReason= tracePath=[0:OPERATION:Merchant=query -> 1:REQUEST:Merchant= -> 2:PROVIDER:postgresql= -> 3:SQL:select=] mutationLineage=[]
SQL: -- TeaQL PLAIN
SELECT id, name, code, external_id AS externalId, task_life_hours AS taskLifeHours, version, platform FROM merchant_data WHERE (version > 0) AND (external_id = 'matched-merchant') LIMIT 1000 OFFSET 0
[TeaQL SQL][query][504us] 1 rows returned outcome=success batchOutcome=not_applicable comment=matched merchant read with relation purpose=matched benchmark read auditReason= tracePath=[0:OPERATION:Merchant=query -> 1:REQUEST:Merchant= -> 2:PROVIDER:postgresql= -> 3:SQL:select=] mutationLineage=[]
SQL: -- TeaQL PLAIN
SELECT id, name, code, external_id AS externalId, task_life_hours AS taskLifeHours, version, platform FROM merchant_data WHERE (version > 0) AND (external_id = 'matched-merchant') LIMIT 1000 OFFSET 0
[TeaQL SQL][query][507us] 1 rows returned outcome=success batchOutcome=not_applicable comment=matched merchant read with relation purpose=matched benchmark read auditReason= tracePath=[0:OPERATION:Merchant=query -> 1:REQUEST:Merchant= -> 2:RELATION:platform=Merchant.platform -> 3:PROVIDER:postgresql= -> 4:SQL:select=] mutationLineage=[]
SQL: -- TeaQL PLAIN
SELECT id, create_time AS createTime, last_update_time AS lastUpdateTime, name, version FROM platform_data WHERE (version > 0) AND (id = 1) LIMIT 1 OFFSET 0
[TeaQL SQL][query][482us] 1 rows returned outcome=success batchOutcome=not_applicable comment=matched merchant read with relation purpose=matched benchmark read auditReason= tracePath=[0:OPERATION:Merchant=query -> 1:REQUEST:Merchant= -> 2:RELATION:platform=Merchant.platform -> 3:PROVIDER:postgresql= -> 4:SQL:select=] mutationLineage=[]
SQL: -- TeaQL PLAIN
SELECT id, create_time AS createTime, last_update_time AS lastUpdateTime, name, version FROM platform_data WHERE (version > 0) AND (id = 1) LIMIT 1 OFFSET 0
[TeaQL SQL][query][550us] 1 rows returned outcome=success batchOutcome=not_applicable comment=matched merchant read with relation purpose=matched benchmark read auditReason= tracePath=[0:OPERATION:Merchant=query -> 1:REQUEST:Merchant= -> 2:RELATION:platform=Merchant.platform -> 3:PROVIDER:postgresql= -> 4:SQL:select=] mutationLineage=[]
SQL: -- TeaQL PLAIN
SELECT id, create_time AS createTime, last_update_time AS lastUpdateTime, name, version FROM platform_data WHERE (version > 0) AND (id = 1) LIMIT 1 OFFSET 0
[TeaQL SQL][query][431us] 1 rows returned outcome=success batchOutcome=not_applicable comment=matched merchant read with relation purpose=matched benchmark read auditReason= tracePath=[0:OPERATION:Merchant=query -> 1:REQUEST:Merchant= -> 2:PROVIDER:postgresql= -> 3:SQL:select=] mutationLineage=[]
SQL: -- TeaQL PLAIN
SELECT id, name, code, external_id AS externalId, task_life_hours AS taskLifeHours, version, platform FROM merchant_data WHERE (version > 0) AND (external_id = 'matched-merchant') LIMIT 1000 OFFSET 0
[TeaQL SQL][query][379us] 1 rows returned outcome=success batchOutcome=not_applicable comment=matched merchant read with relation purpose=matched benchmark read auditReason= tracePath=[0:OPERATION:Merchant=query -> 1:REQUEST:Merchant= -> 2:RELATION:platform=Merchant.platform -> 3:PROVIDER:postgresql= -> 4:SQL:select=] mutationLineage=[]
SQL: -- TeaQL PLAIN
SELECT id, create_time AS createTime, last_update_time AS lastUpdateTime, name, version FROM platform_data WHERE (version > 0) AND (id = 1) LIMIT 1 OFFSET 0
[TeaQL SQL][query][310us] 1 rows returned outcome=success batchOutcome=not_applicable comment=matched merchant read with relation purpose=matched benchmark read auditReason= tracePath=[0:OPERATION:Merchant=query -> 1:REQUEST:Merchant= -> 2:PROVIDER:postgresql= -> 3:SQL:select=] mutationLineage=[]
SQL: -- TeaQL PLAIN
SELECT id, name, code, external_id AS externalId, task_life_hours AS taskLifeHours, version, platform FROM merchant_data WHERE (version > 0) AND (external_id = 'matched-merchant') LIMIT 1000 OFFSET 0
[TeaQL SQL][query][495us] 1 rows returned outcome=success batchOutcome=not_applicable comment=matched merchant read with relation purpose=matched benchmark read auditReason= tracePath=[0:OPERATION:Merchant=query -> 1:REQUEST:Merchant= -> 2:PROVIDER:postgresql= -> 3:SQL:select=] mutationLineage=[]
SQL: -- TeaQL PLAIN
SELECT id, name, code, external_id AS externalId, task_life_hours AS taskLifeHours, version, platform FROM merchant_data WHERE (version > 0) AND (external_id = 'matched-merchant') LIMIT 1000 OFFSET 0
[TeaQL SQL][query][406us] 1 rows returned outcome=success batchOutcome=not_applicable comment=matched merchant read with relation purpose=matched benchmark read auditReason= tracePath=[0:OPERATION:Merchant=query -> 1:REQUEST:Merchant= -> 2:RELATION:platform=Merchant.platform -> 3:PROVIDER:postgresql= -> 4:SQL:select=] mutationLineage=[]
SQL: -- TeaQL PLAIN
SELECT id, create_time AS createTime, last_update_time AS lastUpdateTime, name, version FROM platform_data WHERE (version > 0) AND (id = 1) LIMIT 1 OFFSET 0
[TeaQL SQL][query][533us] 1 rows returned outcome=success batchOutcome=not_applicable comment=matched merchant read with relation purpose=matched benchmark read auditReason= tracePath=[0:OPERATION:Merchant=query -> 1:REQUEST:Merchant= -> 2:RELATION:platform=Merchant.platform -> 3:PROVIDER:postgresql= -> 4:SQL:select=] mutationLineage=[]
SQL: -- TeaQL PLAIN
SELECT id, create_time AS createTime, last_update_time AS lastUpdateTime, name, version FROM platform_data WHERE (version > 0) AND (id = 1) LIMIT 1 OFFSET 0
[TeaQL SQL][query][410us] 1 rows returned outcome=success batchOutcome=not_applicable comment=matched merchant read with relation purpose=matched benchmark read auditReason= tracePath=[0:OPERATION:Merchant=query -> 1:REQUEST:Merchant= -> 2:PROVIDER:postgresql= -> 3:SQL:select=] mutationLineage=[]
SQL: -- TeaQL PLAIN
SELECT id, name, code, external_id AS externalId, task_life_hours AS taskLifeHours, version, platform FROM merchant_data WHERE (version > 0) AND (external_id = 'matched-merchant') LIMIT 1000 OFFSET 0
[TeaQL SQL][query][439us] 1 rows returned outcome=success batchOutcome=not_applicable comment=matched merchant read with relation purpose=matched benchmark read auditReason= tracePath=[0:OPERATION:Merchant=query -> 1:REQUEST:Merchant= -> 2:RELATION:platform=Merchant.platform -> 3:PROVIDER:postgresql= -> 4:SQL:select=] mutationLineage=[]
SQL: -- TeaQL PLAIN
SELECT id, create_time AS createTime, last_update_time AS lastUpdateTime, name, version FROM platform_data WHERE (version > 0) AND (id = 1) LIMIT 1 OFFSET 0
[TeaQL SQL][query][508us] 1 rows returned outcome=success batchOutcome=not_applicable comment=matched merchant read with relation purpose=matched benchmark read auditReason= tracePath=[0:OPERATION:Merchant=query -> 1:REQUEST:Merchant= -> 2:PROVIDER:postgresql= -> 3:SQL:select=] mutationLineage=[]
SQL: -- TeaQL PLAIN
SELECT id, name, code, external_id AS externalId, task_life_hours AS taskLifeHours, version, platform FROM merchant_data WHERE (version > 0) AND (external_id = 'matched-merchant') LIMIT 1000 OFFSET 0
[TeaQL SQL][query][621us] 1 rows returned outcome=success batchOutcome=not_applicable comment=matched merchant read with relation purpose=matched benchmark read auditReason= tracePath=[0:OPERATION:Merchant=query -> 1:REQUEST:Merchant= -> 2:PROVIDER:postgresql= -> 3:SQL:select=] mutationLineage=[]
SQL: -- TeaQL PLAIN
SELECT id, name, code, external_id AS externalId, task_life_hours AS taskLifeHours, version, platform FROM merchant_data WHERE (version > 0) AND (external_id = 'matched-merchant') LIMIT 1000 OFFSET 0
[TeaQL SQL][query][642us] 1 rows returned outcome=success batchOutcome=not_applicable comment=matched merchant read with relation purpose=matched benchmark read auditReason= tracePath=[0:OPERATION:Merchant=query -> 1:REQUEST:Merchant= -> 2:PROVIDER:postgresql= -> 3:SQL:select=] mutationLineage=[]
SQL: -- TeaQL PLAIN
SELECT id, name, code, external_id AS externalId, task_life_hours AS taskLifeHours, version, platform FROM merchant_data WHERE (version > 0) AND (external_id = 'matched-merchant') LIMIT 1000 OFFSET 0
[TeaQL SQL][query][449us] 1 rows returned outcome=success batchOutcome=not_applicable comment=matched merchant read with relation purpose=matched benchmark read auditReason= tracePath=[0:OPERATION:Merchant=query -> 1:REQUEST:Merchant= -> 2:RELATION:platform=Merchant.platform -> 3:PROVIDER:postgresql= -> 4:SQL:select=] mutationLineage=[]
SQL: -- TeaQL PLAIN
SELECT id, create_time AS createTime, last_update_time AS lastUpdateTime, name, version FROM platform_data WHERE (version > 0) AND (id = 1) LIMIT 1 OFFSET 0
[TeaQL SQL][query][574us] 1 rows returned outcome=success batchOutcome=not_applicable comment=matched merchant read with relation purpose=matched benchmark read auditReason= tracePath=[0:OPERATION:Merchant=query -> 1:REQUEST:Merchant= -> 2:RELATION:platform=Merchant.platform -> 3:PROVIDER:postgresql= -> 4:SQL:select=] mutationLineage=[]
SQL: -- TeaQL PLAIN
SELECT id, create_time AS createTime, last_update_time AS lastUpdateTime, name, version FROM platform_data WHERE (version > 0) AND (id = 1) LIMIT 1 OFFSET 0
[TeaQL SQL][query][661us] 1 rows returned outcome=success batchOutcome=not_applicable comment=matched merchant read with relation purpose=matched benchmark read auditReason= tracePath=[0:OPERATION:Merchant=query -> 1:REQUEST:Merchant= -> 2:RELATION:platform=Merchant.platform -> 3:PROVIDER:postgresql= -> 4:SQL:select=] mutationLineage=[]
SQL: -- TeaQL PLAIN
SELECT id, create_time AS createTime, last_update_time AS lastUpdateTime, name, version FROM platform_data WHERE (version > 0) AND (id = 1) LIMIT 1 OFFSET 0
[TeaQL SQL][query][2155us] 1 rows returned outcome=success batchOutcome=not_applicable comment=matched merchant read with relation purpose=matched benchmark read auditReason= tracePath=[0:OPERATION:Merchant=query -> 1:REQUEST:Merchant= -> 2:PROVIDER:postgresql= -> 3:SQL:select=] mutationLineage=[]
SQL: -- TeaQL PLAIN
SELECT id, name, code, external_id AS externalId, task_life_hours AS taskLifeHours, version, platform FROM merchant_data WHERE (version > 0) AND (external_id = 'matched-merchant') LIMIT 1000 OFFSET 0
[TeaQL SQL][query][1049us] 1 rows returned outcome=success batchOutcome=not_applicable comment=matched merchant read with relation purpose=matched benchmark read auditReason= tracePath=[0:OPERATION:Merchant=query -> 1:REQUEST:Merchant= -> 2:RELATION:platform=Merchant.platform -> 3:PROVIDER:postgresql= -> 4:SQL:select=] mutationLineage=[]
SQL: -- TeaQL PLAIN
SELECT id, create_time AS createTime, last_update_time AS lastUpdateTime, name, version FROM platform_data WHERE (version > 0) AND (id = 1) LIMIT 1 OFFSET 0
[TeaQL SQL][query][441us] 1 rows returned outcome=success batchOutcome=not_applicable comment=matched merchant read with relation purpose=matched benchmark read auditReason= tracePath=[0:OPERATION:Merchant=query -> 1:REQUEST:Merchant= -> 2:PROVIDER:postgresql= -> 3:SQL:select=] mutationLineage=[]
SQL: -- TeaQL PLAIN
SELECT id, name, code, external_id AS externalId, task_life_hours AS taskLifeHours, version, platform FROM merchant_data WHERE (version > 0) AND (external_id = 'matched-merchant') LIMIT 1000 OFFSET 0
[TeaQL SQL][query][305us] 1 rows returned outcome=success batchOutcome=not_applicable comment=matched merchant read with relation purpose=matched benchmark read auditReason= tracePath=[0:OPERATION:Merchant=query -> 1:REQUEST:Merchant= -> 2:RELATION:platform=Merchant.platform -> 3:PROVIDER:postgresql= -> 4:SQL:select=] mutationLineage=[]
SQL: -- TeaQL PLAIN
SELECT id, create_time AS createTime, last_update_time AS lastUpdateTime, name, version FROM platform_data WHERE (version > 0) AND (id = 1) LIMIT 1 OFFSET 0
[TeaQL SQL][query][568us] 1 rows returned outcome=success batchOutcome=not_applicable comment=matched merchant read with relation purpose=matched benchmark read auditReason= tracePath=[0:OPERATION:Merchant=query -> 1:REQUEST:Merchant= -> 2:PROVIDER:postgresql= -> 3:SQL:select=] mutationLineage=[]
SQL: -- TeaQL PLAIN
SELECT id, name, code, external_id AS externalId, task_life_hours AS taskLifeHours, version, platform FROM merchant_data WHERE (version > 0) AND (external_id = 'matched-merchant') LIMIT 1000 OFFSET 0
[TeaQL SQL][query][540us] 1 rows returned outcome=success batchOutcome=not_applicable comment=matched merchant read with relation purpose=matched benchmark read auditReason= tracePath=[0:OPERATION:Merchant=query -> 1:REQUEST:Merchant= -> 2:RELATION:platform=Merchant.platform -> 3:PROVIDER:postgresql= -> 4:SQL:select=] mutationLineage=[]
SQL: -- TeaQL PLAIN
SELECT id, create_time AS createTime, last_update_time AS lastUpdateTime, name, version FROM platform_data WHERE (version > 0) AND (id = 1) LIMIT 1 OFFSET 0
[TeaQL SQL][query][474us] 1 rows returned outcome=success batchOutcome=not_applicable comment=matched merchant read with relation purpose=matched benchmark read auditReason= tracePath=[0:OPERATION:Merchant=query -> 1:REQUEST:Merchant= -> 2:PROVIDER:postgresql= -> 3:SQL:select=] mutationLineage=[]
SQL: -- TeaQL PLAIN
SELECT id, name, code, external_id AS externalId, task_life_hours AS taskLifeHours, version, platform FROM merchant_data WHERE (version > 0) AND (external_id = 'matched-merchant') LIMIT 1000 OFFSET 0
[TeaQL SQL][query][586us] 1 rows returned outcome=success batchOutcome=not_applicable comment=matched merchant read with relation purpose=matched benchmark read auditReason= tracePath=[0:OPERATION:Merchant=query -> 1:REQUEST:Merchant= -> 2:RELATION:platform=Merchant.platform -> 3:PROVIDER:postgresql= -> 4:SQL:select=] mutationLineage=[]
SQL: -- TeaQL PLAIN
SELECT id, create_time AS createTime, last_update_time AS lastUpdateTime, name, version FROM platform_data WHERE (version > 0) AND (id = 1) LIMIT 1 OFFSET 0
[TeaQL SQL][query][579us] 1 rows returned outcome=success batchOutcome=not_applicable comment=matched merchant read with relation purpose=matched benchmark read auditReason= tracePath=[0:OPERATION:Merchant=query -> 1:REQUEST:Merchant= -> 2:PROVIDER:postgresql= -> 3:SQL:select=] mutationLineage=[]
SQL: -- TeaQL PLAIN
SELECT id, name, code, external_id AS externalId, task_life_hours AS taskLifeHours, version, platform FROM merchant_data WHERE (version > 0) AND (external_id = 'matched-merchant') LIMIT 1000 OFFSET 0
[TeaQL SQL][query][537us] 1 rows returned outcome=success batchOutcome=not_applicable comment=matched merchant read with relation purpose=matched benchmark read auditReason= tracePath=[0:OPERATION:Merchant=query -> 1:REQUEST:Merchant= -> 2:RELATION:platform=Merchant.platform -> 3:PROVIDER:postgresql= -> 4:SQL:select=] mutationLineage=[]
SQL: -- TeaQL PLAIN
SELECT id, create_time AS createTime, last_update_time AS lastUpdateTime, name, version FROM platform_data WHERE (version > 0) AND (id = 1) LIMIT 1 OFFSET 0
[TeaQL SQL][query][318us] 1 rows returned outcome=success batchOutcome=not_applicable comment=matched merchant read with relation purpose=matched benchmark read auditReason= tracePath=[0:OPERATION:Merchant=query -> 1:REQUEST:Merchant= -> 2:PROVIDER:postgresql= -> 3:SQL:select=] mutationLineage=[]
SQL: -- TeaQL PLAIN
SELECT id, name, code, external_id AS externalId, task_life_hours AS taskLifeHours, version, platform FROM merchant_data WHERE (version > 0) AND (external_id = 'matched-merchant') LIMIT 1000 OFFSET 0
[TeaQL SQL][query][307us] 1 rows returned outcome=success batchOutcome=not_applicable comment=matched merchant read with relation purpose=matched benchmark read auditReason= tracePath=[0:OPERATION:Merchant=query -> 1:REQUEST:Merchant= -> 2:RELATION:platform=Merchant.platform -> 3:PROVIDER:postgresql= -> 4:SQL:select=] mutationLineage=[]
SQL: -- TeaQL PLAIN
SELECT id, create_time AS createTime, last_update_time AS lastUpdateTime, name, version FROM platform_data WHERE (version > 0) AND (id = 1) LIMIT 1 OFFSET 0
[TeaQL SQL][query][372us] 1 rows returned outcome=success batchOutcome=not_applicable comment=matched merchant read with relation purpose=matched benchmark read auditReason= tracePath=[0:OPERATION:Merchant=query -> 1:REQUEST:Merchant= -> 2:PROVIDER:postgresql= -> 3:SQL:select=] mutationLineage=[]
SQL: -- TeaQL PLAIN
SELECT id, name, code, external_id AS externalId, task_life_hours AS taskLifeHours, version, platform FROM merchant_data WHERE (version > 0) AND (external_id = 'matched-merchant') LIMIT 1000 OFFSET 0
[TeaQL SQL][query][414us] 1 rows returned outcome=success batchOutcome=not_applicable comment=matched merchant read with relation purpose=matched benchmark read auditReason= tracePath=[0:OPERATION:Merchant=query -> 1:REQUEST:Merchant= -> 2:RELATION:platform=Merchant.platform -> 3:PROVIDER:postgresql= -> 4:SQL:select=] mutationLineage=[]
SQL: -- TeaQL PLAIN
SELECT id, create_time AS createTime, last_update_time AS lastUpdateTime, name, version FROM platform_data WHERE (version > 0) AND (id = 1) LIMIT 1 OFFSET 0
[TeaQL SQL][query][571us] 1 rows returned outcome=success batchOutcome=not_applicable comment=matched merchant read with relation purpose=matched benchmark read auditReason= tracePath=[0:OPERATION:Merchant=query -> 1:REQUEST:Merchant= -> 2:PROVIDER:postgresql= -> 3:SQL:select=] mutationLineage=[]
SQL: -- TeaQL PLAIN
SELECT id, name, code, external_id AS externalId, task_life_hours AS taskLifeHours, version, platform FROM merchant_data WHERE (version > 0) AND (external_id = 'matched-merchant') LIMIT 1000 OFFSET 0
[TeaQL SQL][query][640us] 1 rows returned outcome=success batchOutcome=not_applicable comment=matched merchant read with relation purpose=matched benchmark read auditReason= tracePath=[0:OPERATION:Merchant=query -> 1:REQUEST:Merchant= -> 2:PROVIDER:postgresql= -> 3:SQL:select=] mutationLineage=[]
SQL: -- TeaQL PLAIN
SELECT id, name, code, external_id AS externalId, task_life_hours AS taskLifeHours, version, platform FROM merchant_data WHERE (version > 0) AND (external_id = 'matched-merchant') LIMIT 1000 OFFSET 0
[TeaQL SQL][query][580us] 1 rows returned outcome=success batchOutcome=not_applicable comment=matched merchant read with relation purpose=matched benchmark read auditReason= tracePath=[0:OPERATION:Merchant=query -> 1:REQUEST:Merchant= -> 2:PROVIDER:postgresql= -> 3:SQL:select=] mutationLineage=[]
SQL: -- TeaQL PLAIN
SELECT id, name, code, external_id AS externalId, task_life_hours AS taskLifeHours, version, platform FROM merchant_data WHERE (version > 0) AND (external_id = 'matched-merchant') LIMIT 1000 OFFSET 0
[TeaQL SQL][query][826us] 1 rows returned outcome=success batchOutcome=not_applicable comment=matched merchant read with relation purpose=matched benchmark read auditReason= tracePath=[0:OPERATION:Merchant=query -> 1:REQUEST:Merchant= -> 2:PROVIDER:postgresql= -> 3:SQL:select=] mutationLineage=[]
SQL: -- TeaQL PLAIN
SELECT id, name, code, external_id AS externalId, task_life_hours AS taskLifeHours, version, platform FROM merchant_data WHERE (version > 0) AND (external_id = 'matched-merchant') LIMIT 1000 OFFSET 0
[TeaQL SQL][query][449us] 1 rows returned outcome=success batchOutcome=not_applicable comment=matched merchant read with relation purpose=matched benchmark read auditReason= tracePath=[0:OPERATION:Merchant=query -> 1:REQUEST:Merchant= -> 2:RELATION:platform=Merchant.platform -> 3:PROVIDER:postgresql= -> 4:SQL:select=] mutationLineage=[]
SQL: -- TeaQL PLAIN
SELECT id, create_time AS createTime, last_update_time AS lastUpdateTime, name, version FROM platform_data WHERE (version > 0) AND (id = 1) LIMIT 1 OFFSET 0
[TeaQL SQL][query][337us] 1 rows returned outcome=success batchOutcome=not_applicable comment=matched merchant read with relation purpose=matched benchmark read auditReason= tracePath=[0:OPERATION:Merchant=query -> 1:REQUEST:Merchant= -> 2:RELATION:platform=Merchant.platform -> 3:PROVIDER:postgresql= -> 4:SQL:select=] mutationLineage=[]
SQL: -- TeaQL PLAIN
SELECT id, create_time AS createTime, last_update_time AS lastUpdateTime, name, version FROM platform_data WHERE (version > 0) AND (id = 1) LIMIT 1 OFFSET 0
[TeaQL SQL][query][461us] 1 rows returned outcome=success batchOutcome=not_applicable comment=matched merchant read with relation purpose=matched benchmark read auditReason= tracePath=[0:OPERATION:Merchant=query -> 1:REQUEST:Merchant= -> 2:RELATION:platform=Merchant.platform -> 3:PROVIDER:postgresql= -> 4:SQL:select=] mutationLineage=[]
SQL: -- TeaQL PLAIN
SELECT id, create_time AS createTime, last_update_time AS lastUpdateTime, name, version FROM platform_data WHERE (version > 0) AND (id = 1) LIMIT 1 OFFSET 0
[TeaQL SQL][query][5919us] 1 rows returned outcome=success batchOutcome=not_applicable comment=matched merchant read with relation purpose=matched benchmark read auditReason= tracePath=[0:OPERATION:Merchant=query -> 1:REQUEST:Merchant= -> 2:RELATION:platform=Merchant.platform -> 3:PROVIDER:postgresql= -> 4:SQL:select=] mutationLineage=[]
SQL: -- TeaQL PLAIN
SELECT id, create_time AS createTime, last_update_time AS lastUpdateTime, name, version FROM platform_data WHERE (version > 0) AND (id = 1) LIMIT 1 OFFSET 0
[TeaQL SQL][query][631us] 1 rows returned outcome=success batchOutcome=not_applicable comment=matched merchant read with relation purpose=matched benchmark read auditReason= tracePath=[0:OPERATION:Merchant=query -> 1:REQUEST:Merchant= -> 2:PROVIDER:postgresql= -> 3:SQL:select=] mutationLineage=[]
SQL: -- TeaQL PLAIN
SELECT id, name, code, external_id AS externalId, task_life_hours AS taskLifeHours, version, platform FROM merchant_data WHERE (version > 0) AND (external_id = 'matched-merchant') LIMIT 1000 OFFSET 0
[TeaQL SQL][query][631us] 1 rows returned outcome=success batchOutcome=not_applicable comment=matched merchant read with relation purpose=matched benchmark read auditReason= tracePath=[0:OPERATION:Merchant=query -> 1:REQUEST:Merchant= -> 2:PROVIDER:postgresql= -> 3:SQL:select=] mutationLineage=[]
SQL: -- TeaQL PLAIN
SELECT id, name, code, external_id AS externalId, task_life_hours AS taskLifeHours, version, platform FROM merchant_data WHERE (version > 0) AND (external_id = 'matched-merchant') LIMIT 1000 OFFSET 0
[TeaQL SQL][query][415us] 1 rows returned outcome=success batchOutcome=not_applicable comment=matched merchant read with relation purpose=matched benchmark read auditReason= tracePath=[0:OPERATION:Merchant=query -> 1:REQUEST:Merchant= -> 2:RELATION:platform=Merchant.platform -> 3:PROVIDER:postgresql= -> 4:SQL:select=] mutationLineage=[]
SQL: -- TeaQL PLAIN
SELECT id, create_time AS createTime, last_update_time AS lastUpdateTime, name, version FROM platform_data WHERE (version > 0) AND (id = 1) LIMIT 1 OFFSET 0
[TeaQL SQL][query][437us] 1 rows returned outcome=success batchOutcome=not_applicable comment=matched merchant read with relation purpose=matched benchmark read auditReason= tracePath=[0:OPERATION:Merchant=query -> 1:REQUEST:Merchant= -> 2:RELATION:platform=Merchant.platform -> 3:PROVIDER:postgresql= -> 4:SQL:select=] mutationLineage=[]
SQL: -- TeaQL PLAIN
SELECT id, create_time AS createTime, last_update_time AS lastUpdateTime, name, version FROM platform_data WHERE (version > 0) AND (id = 1) LIMIT 1 OFFSET 0
[TeaQL SQL][query][330us] 1 rows returned outcome=success batchOutcome=not_applicable comment=matched merchant read with relation purpose=matched benchmark read auditReason= tracePath=[0:OPERATION:Merchant=query -> 1:REQUEST:Merchant= -> 2:PROVIDER:postgresql= -> 3:SQL:select=] mutationLineage=[]
SQL: -- TeaQL PLAIN
SELECT id, name, code, external_id AS externalId, task_life_hours AS taskLifeHours, version, platform FROM merchant_data WHERE (version > 0) AND (external_id = 'matched-merchant') LIMIT 1000 OFFSET 0
[TeaQL SQL][query][338us] 1 rows returned outcome=success batchOutcome=not_applicable comment=matched merchant read with relation purpose=matched benchmark read auditReason= tracePath=[0:OPERATION:Merchant=query -> 1:REQUEST:Merchant= -> 2:PROVIDER:postgresql= -> 3:SQL:select=] mutationLineage=[]
SQL: -- TeaQL PLAIN
SELECT id, name, code, external_id AS externalId, task_life_hours AS taskLifeHours, version, platform FROM merchant_data WHERE (version > 0) AND (external_id = 'matched-merchant') LIMIT 1000 OFFSET 0
[TeaQL SQL][query][323us] 1 rows returned outcome=success batchOutcome=not_applicable comment=matched merchant read with relation purpose=matched benchmark read auditReason= tracePath=[0:OPERATION:Merchant=query -> 1:REQUEST:Merchant= -> 2:RELATION:platform=Merchant.platform -> 3:PROVIDER:postgresql= -> 4:SQL:select=] mutationLineage=[]
SQL: -- TeaQL PLAIN
SELECT id, create_time AS createTime, last_update_time AS lastUpdateTime, name, version FROM platform_data WHERE (version > 0) AND (id = 1) LIMIT 1 OFFSET 0
[TeaQL SQL][query][370us] 1 rows returned outcome=success batchOutcome=not_applicable comment=matched merchant read with relation purpose=matched benchmark read auditReason= tracePath=[0:OPERATION:Merchant=query -> 1:REQUEST:Merchant= -> 2:RELATION:platform=Merchant.platform -> 3:PROVIDER:postgresql= -> 4:SQL:select=] mutationLineage=[]
SQL: -- TeaQL PLAIN
SELECT id, create_time AS createTime, last_update_time AS lastUpdateTime, name, version FROM platform_data WHERE (version > 0) AND (id = 1) LIMIT 1 OFFSET 0
[TeaQL SQL][query][530us] 1 rows returned outcome=success batchOutcome=not_applicable comment=matched merchant read with relation purpose=matched benchmark read auditReason= tracePath=[0:OPERATION:Merchant=query -> 1:REQUEST:Merchant= -> 2:PROVIDER:postgresql= -> 3:SQL:select=] mutationLineage=[]
SQL: -- TeaQL PLAIN
SELECT id, name, code, external_id AS externalId, task_life_hours AS taskLifeHours, version, platform FROM merchant_data WHERE (version > 0) AND (external_id = 'matched-merchant') LIMIT 1000 OFFSET 0
[TeaQL SQL][query][502us] 1 rows returned outcome=success batchOutcome=not_applicable comment=matched merchant read with relation purpose=matched benchmark read auditReason= tracePath=[0:OPERATION:Merchant=query -> 1:REQUEST:Merchant= -> 2:RELATION:platform=Merchant.platform -> 3:PROVIDER:postgresql= -> 4:SQL:select=] mutationLineage=[]
SQL: -- TeaQL PLAIN
SELECT id, create_time AS createTime, last_update_time AS lastUpdateTime, name, version FROM platform_data WHERE (version > 0) AND (id = 1) LIMIT 1 OFFSET 0
[TeaQL SQL][query][706us] 1 rows returned outcome=success batchOutcome=not_applicable comment=matched merchant read with relation purpose=matched benchmark read auditReason= tracePath=[0:OPERATION:Merchant=query -> 1:REQUEST:Merchant= -> 2:PROVIDER:postgresql= -> 3:SQL:select=] mutationLineage=[]
SQL: -- TeaQL PLAIN
SELECT id, name, code, external_id AS externalId, task_life_hours AS taskLifeHours, version, platform FROM merchant_data WHERE (version > 0) AND (external_id = 'matched-merchant') LIMIT 1000 OFFSET 0
[TeaQL SQL][query][763us] 1 rows returned outcome=success batchOutcome=not_applicable comment=matched merchant read with relation purpose=matched benchmark read auditReason= tracePath=[0:OPERATION:Merchant=query -> 1:REQUEST:Merchant= -> 2:RELATION:platform=Merchant.platform -> 3:PROVIDER:postgresql= -> 4:SQL:select=] mutationLineage=[]
SQL: -- TeaQL PLAIN
SELECT id, create_time AS createTime, last_update_time AS lastUpdateTime, name, version FROM platform_data WHERE (version > 0) AND (id = 1) LIMIT 1 OFFSET 0
[TeaQL SQL][query][489us] 1 rows returned outcome=success batchOutcome=not_applicable comment=matched merchant read with relation purpose=matched benchmark read auditReason= tracePath=[0:OPERATION:Merchant=query -> 1:REQUEST:Merchant= -> 2:PROVIDER:postgresql= -> 3:SQL:select=] mutationLineage=[]
SQL: -- TeaQL PLAIN
SELECT id, name, code, external_id AS externalId, task_life_hours AS taskLifeHours, version, platform FROM merchant_data WHERE (version > 0) AND (external_id = 'matched-merchant') LIMIT 1000 OFFSET 0
[TeaQL SQL][query][3236us] 1 rows returned outcome=success batchOutcome=not_applicable comment=matched merchant read with relation purpose=matched benchmark read auditReason= tracePath=[0:OPERATION:Merchant=query -> 1:REQUEST:Merchant= -> 2:PROVIDER:postgresql= -> 3:SQL:select=] mutationLineage=[]
SQL: -- TeaQL PLAIN
SELECT id, name, code, external_id AS externalId, task_life_hours AS taskLifeHours, version, platform FROM merchant_data WHERE (version > 0) AND (external_id = 'matched-merchant') LIMIT 1000 OFFSET 0
[TeaQL SQL][query][2698us] 1 rows returned outcome=success batchOutcome=not_applicable comment=matched merchant read with relation purpose=matched benchmark read auditReason= tracePath=[0:OPERATION:Merchant=query -> 1:REQUEST:Merchant= -> 2:RELATION:platform=Merchant.platform -> 3:PROVIDER:postgresql= -> 4:SQL:select=] mutationLineage=[]
SQL: -- TeaQL PLAIN
SELECT id, create_time AS createTime, last_update_time AS lastUpdateTime, name, version FROM platform_data WHERE (version > 0) AND (id = 1) LIMIT 1 OFFSET 0
[TeaQL SQL][query][3606us] 1 rows returned outcome=success batchOutcome=not_applicable comment=matched merchant read with relation purpose=matched benchmark read auditReason= tracePath=[0:OPERATION:Merchant=query -> 1:REQUEST:Merchant= -> 2:RELATION:platform=Merchant.platform -> 3:PROVIDER:postgresql= -> 4:SQL:select=] mutationLineage=[]
SQL: -- TeaQL PLAIN
SELECT id, create_time AS createTime, last_update_time AS lastUpdateTime, name, version FROM platform_data WHERE (version > 0) AND (id = 1) LIMIT 1 OFFSET 0
[TeaQL SQL][query][371us] 1 rows returned outcome=success batchOutcome=not_applicable comment=matched merchant read with relation purpose=matched benchmark read auditReason= tracePath=[0:OPERATION:Merchant=query -> 1:REQUEST:Merchant= -> 2:PROVIDER:postgresql= -> 3:SQL:select=] mutationLineage=[]
SQL: -- TeaQL PLAIN
SELECT id, name, code, external_id AS externalId, task_life_hours AS taskLifeHours, version, platform FROM merchant_data WHERE (version > 0) AND (external_id = 'matched-merchant') LIMIT 1000 OFFSET 0
[TeaQL SQL][query][423us] 1 rows returned outcome=success batchOutcome=not_applicable comment=matched merchant read with relation purpose=matched benchmark read auditReason= tracePath=[0:OPERATION:Merchant=query -> 1:REQUEST:Merchant= -> 2:RELATION:platform=Merchant.platform -> 3:PROVIDER:postgresql= -> 4:SQL:select=] mutationLineage=[]
SQL: -- TeaQL PLAIN
SELECT id, create_time AS createTime, last_update_time AS lastUpdateTime, name, version FROM platform_data WHERE (version > 0) AND (id = 1) LIMIT 1 OFFSET 0
[TeaQL SQL][query][464us] 1 rows returned outcome=success batchOutcome=not_applicable comment=matched merchant read with relation purpose=matched benchmark read auditReason= tracePath=[0:OPERATION:Merchant=query -> 1:REQUEST:Merchant= -> 2:PROVIDER:postgresql= -> 3:SQL:select=] mutationLineage=[]
SQL: -- TeaQL PLAIN
SELECT id, name, code, external_id AS externalId, task_life_hours AS taskLifeHours, version, platform FROM merchant_data WHERE (version > 0) AND (external_id = 'matched-merchant') LIMIT 1000 OFFSET 0
[TeaQL SQL][query][446us] 1 rows returned outcome=success batchOutcome=not_applicable comment=matched merchant read with relation purpose=matched benchmark read auditReason= tracePath=[0:OPERATION:Merchant=query -> 1:REQUEST:Merchant= -> 2:RELATION:platform=Merchant.platform -> 3:PROVIDER:postgresql= -> 4:SQL:select=] mutationLineage=[]
SQL: -- TeaQL PLAIN
SELECT id, create_time AS createTime, last_update_time AS lastUpdateTime, name, version FROM platform_data WHERE (version > 0) AND (id = 1) LIMIT 1 OFFSET 0
[TeaQL SQL][query][351us] 1 rows returned outcome=success batchOutcome=not_applicable comment=matched merchant read with relation purpose=matched benchmark read auditReason= tracePath=[0:OPERATION:Merchant=query -> 1:REQUEST:Merchant= -> 2:PROVIDER:postgresql= -> 3:SQL:select=] mutationLineage=[]
SQL: -- TeaQL PLAIN
SELECT id, name, code, external_id AS externalId, task_life_hours AS taskLifeHours, version, platform FROM merchant_data WHERE (version > 0) AND (external_id = 'matched-merchant') LIMIT 1000 OFFSET 0
[TeaQL SQL][query][347us] 1 rows returned outcome=success batchOutcome=not_applicable comment=matched merchant read with relation purpose=matched benchmark read auditReason= tracePath=[0:OPERATION:Merchant=query -> 1:REQUEST:Merchant= -> 2:RELATION:platform=Merchant.platform -> 3:PROVIDER:postgresql= -> 4:SQL:select=] mutationLineage=[]
SQL: -- TeaQL PLAIN
SELECT id, create_time AS createTime, last_update_time AS lastUpdateTime, name, version FROM platform_data WHERE (version > 0) AND (id = 1) LIMIT 1 OFFSET 0
[TeaQL SQL][query][360us] 1 rows returned outcome=success batchOutcome=not_applicable comment=matched merchant read with relation purpose=matched benchmark read auditReason= tracePath=[0:OPERATION:Merchant=query -> 1:REQUEST:Merchant= -> 2:PROVIDER:postgresql= -> 3:SQL:select=] mutationLineage=[]
SQL: -- TeaQL PLAIN
SELECT id, name, code, external_id AS externalId, task_life_hours AS taskLifeHours, version, platform FROM merchant_data WHERE (version > 0) AND (external_id = 'matched-merchant') LIMIT 1000 OFFSET 0
[TeaQL SQL][query][370us] 1 rows returned outcome=success batchOutcome=not_applicable comment=matched merchant read with relation purpose=matched benchmark read auditReason= tracePath=[0:OPERATION:Merchant=query -> 1:REQUEST:Merchant= -> 2:RELATION:platform=Merchant.platform -> 3:PROVIDER:postgresql= -> 4:SQL:select=] mutationLineage=[]
SQL: -- TeaQL PLAIN
SELECT id, create_time AS createTime, last_update_time AS lastUpdateTime, name, version FROM platform_data WHERE (version > 0) AND (id = 1) LIMIT 1 OFFSET 0
[TeaQL SQL][query][567us] 1 rows returned outcome=success batchOutcome=not_applicable comment=matched merchant read with relation purpose=matched benchmark read auditReason= tracePath=[0:OPERATION:Merchant=query -> 1:REQUEST:Merchant= -> 2:PROVIDER:postgresql= -> 3:SQL:select=] mutationLineage=[]
SQL: -- TeaQL PLAIN
SELECT id, name, code, external_id AS externalId, task_life_hours AS taskLifeHours, version, platform FROM merchant_data WHERE (version > 0) AND (external_id = 'matched-merchant') LIMIT 1000 OFFSET 0
[TeaQL SQL][query][571us] 1 rows returned outcome=success batchOutcome=not_applicable comment=matched merchant read with relation purpose=matched benchmark read auditReason= tracePath=[0:OPERATION:Merchant=query -> 1:REQUEST:Merchant= -> 2:PROVIDER:postgresql= -> 3:SQL:select=] mutationLineage=[]
SQL: -- TeaQL PLAIN
SELECT id, name, code, external_id AS externalId, task_life_hours AS taskLifeHours, version, platform FROM merchant_data WHERE (version > 0) AND (external_id = 'matched-merchant') LIMIT 1000 OFFSET 0
[TeaQL SQL][query][481us] 1 rows returned outcome=success batchOutcome=not_applicable comment=matched merchant read with relation purpose=matched benchmark read auditReason= tracePath=[0:OPERATION:Merchant=query -> 1:REQUEST:Merchant= -> 2:RELATION:platform=Merchant.platform -> 3:PROVIDER:postgresql= -> 4:SQL:select=] mutationLineage=[]
SQL: -- TeaQL PLAIN
SELECT id, create_time AS createTime, last_update_time AS lastUpdateTime, name, version FROM platform_data WHERE (version > 0) AND (id = 1) LIMIT 1 OFFSET 0
[TeaQL SQL][query][449us] 1 rows returned outcome=success batchOutcome=not_applicable comment=matched merchant read with relation purpose=matched benchmark read auditReason= tracePath=[0:OPERATION:Merchant=query -> 1:REQUEST:Merchant= -> 2:RELATION:platform=Merchant.platform -> 3:PROVIDER:postgresql= -> 4:SQL:select=] mutationLineage=[]
SQL: -- TeaQL PLAIN
SELECT id, create_time AS createTime, last_update_time AS lastUpdateTime, name, version FROM platform_data WHERE (version > 0) AND (id = 1) LIMIT 1 OFFSET 0
[TeaQL SQL][query][378us] 1 rows returned outcome=success batchOutcome=not_applicable comment=matched merchant read with relation purpose=matched benchmark read auditReason= tracePath=[0:OPERATION:Merchant=query -> 1:REQUEST:Merchant= -> 2:PROVIDER:postgresql= -> 3:SQL:select=] mutationLineage=[]
SQL: -- TeaQL PLAIN
SELECT id, name, code, external_id AS externalId, task_life_hours AS taskLifeHours, version, platform FROM merchant_data WHERE (version > 0) AND (external_id = 'matched-merchant') LIMIT 1000 OFFSET 0
[TeaQL SQL][query][305us] 1 rows returned outcome=success batchOutcome=not_applicable comment=matched merchant read with relation purpose=matched benchmark read auditReason= tracePath=[0:OPERATION:Merchant=query -> 1:REQUEST:Merchant= -> 2:RELATION:platform=Merchant.platform -> 3:PROVIDER:postgresql= -> 4:SQL:select=] mutationLineage=[]
SQL: -- TeaQL PLAIN
SELECT id, create_time AS createTime, last_update_time AS lastUpdateTime, name, version FROM platform_data WHERE (version > 0) AND (id = 1) LIMIT 1 OFFSET 0
[TeaQL SQL][query][307us] 1 rows returned outcome=success batchOutcome=not_applicable comment=matched merchant read with relation purpose=matched benchmark read auditReason= tracePath=[0:OPERATION:Merchant=query -> 1:REQUEST:Merchant= -> 2:PROVIDER:postgresql= -> 3:SQL:select=] mutationLineage=[]
SQL: -- TeaQL PLAIN
SELECT id, name, code, external_id AS externalId, task_life_hours AS taskLifeHours, version, platform FROM merchant_data WHERE (version > 0) AND (external_id = 'matched-merchant') LIMIT 1000 OFFSET 0
[TeaQL SQL][query][283us] 1 rows returned outcome=success batchOutcome=not_applicable comment=matched merchant read with relation purpose=matched benchmark read auditReason= tracePath=[0:OPERATION:Merchant=query -> 1:REQUEST:Merchant= -> 2:RELATION:platform=Merchant.platform -> 3:PROVIDER:postgresql= -> 4:SQL:select=] mutationLineage=[]
SQL: -- TeaQL PLAIN
SELECT id, create_time AS createTime, last_update_time AS lastUpdateTime, name, version FROM platform_data WHERE (version > 0) AND (id = 1) LIMIT 1 OFFSET 0
[TeaQL SQL][query][371us] 1 rows returned outcome=success batchOutcome=not_applicable comment=matched merchant read with relation purpose=matched benchmark read auditReason= tracePath=[0:OPERATION:Merchant=query -> 1:REQUEST:Merchant= -> 2:PROVIDER:postgresql= -> 3:SQL:select=] mutationLineage=[]
SQL: -- TeaQL PLAIN
SELECT id, name, code, external_id AS externalId, task_life_hours AS taskLifeHours, version, platform FROM merchant_data WHERE (version > 0) AND (external_id = 'matched-merchant') LIMIT 1000 OFFSET 0
[TeaQL SQL][query][329us] 1 rows returned outcome=success batchOutcome=not_applicable comment=matched merchant read with relation purpose=matched benchmark read auditReason= tracePath=[0:OPERATION:Merchant=query -> 1:REQUEST:Merchant= -> 2:RELATION:platform=Merchant.platform -> 3:PROVIDER:postgresql= -> 4:SQL:select=] mutationLineage=[]
SQL: -- TeaQL PLAIN
SELECT id, create_time AS createTime, last_update_time AS lastUpdateTime, name, version FROM platform_data WHERE (version > 0) AND (id = 1) LIMIT 1 OFFSET 0
[TeaQL SQL][query][505us] 1 rows returned outcome=success batchOutcome=not_applicable comment=matched merchant read with relation purpose=matched benchmark read auditReason= tracePath=[0:OPERATION:Merchant=query -> 1:REQUEST:Merchant= -> 2:PROVIDER:postgresql= -> 3:SQL:select=] mutationLineage=[]
SQL: -- TeaQL PLAIN
SELECT id, name, code, external_id AS externalId, task_life_hours AS taskLifeHours, version, platform FROM merchant_data WHERE (version > 0) AND (external_id = 'matched-merchant') LIMIT 1000 OFFSET 0
[TeaQL SQL][query][519us] 1 rows returned outcome=success batchOutcome=not_applicable comment=matched merchant read with relation purpose=matched benchmark read auditReason= tracePath=[0:OPERATION:Merchant=query -> 1:REQUEST:Merchant= -> 2:RELATION:platform=Merchant.platform -> 3:PROVIDER:postgresql= -> 4:SQL:select=] mutationLineage=[]
SQL: -- TeaQL PLAIN
SELECT id, create_time AS createTime, last_update_time AS lastUpdateTime, name, version FROM platform_data WHERE (version > 0) AND (id = 1) LIMIT 1 OFFSET 0
[TeaQL SQL][query][468us] 1 rows returned outcome=success batchOutcome=not_applicable comment=matched merchant read with relation purpose=matched benchmark read auditReason= tracePath=[0:OPERATION:Merchant=query -> 1:REQUEST:Merchant= -> 2:PROVIDER:postgresql= -> 3:SQL:select=] mutationLineage=[]
SQL: -- TeaQL PLAIN
SELECT id, name, code, external_id AS externalId, task_life_hours AS taskLifeHours, version, platform FROM merchant_data WHERE (version > 0) AND (external_id = 'matched-merchant') LIMIT 1000 OFFSET 0
[TeaQL SQL][query][423us] 1 rows returned outcome=success batchOutcome=not_applicable comment=matched merchant read with relation purpose=matched benchmark read auditReason= tracePath=[0:OPERATION:Merchant=query -> 1:REQUEST:Merchant= -> 2:RELATION:platform=Merchant.platform -> 3:PROVIDER:postgresql= -> 4:SQL:select=] mutationLineage=[]
SQL: -- TeaQL PLAIN
SELECT id, create_time AS createTime, last_update_time AS lastUpdateTime, name, version FROM platform_data WHERE (version > 0) AND (id = 1) LIMIT 1 OFFSET 0
[TeaQL SQL][query][359us] 1 rows returned outcome=success batchOutcome=not_applicable comment=matched merchant read with relation purpose=matched benchmark read auditReason= tracePath=[0:OPERATION:Merchant=query -> 1:REQUEST:Merchant= -> 2:PROVIDER:postgresql= -> 3:SQL:select=] mutationLineage=[]
SQL: -- TeaQL PLAIN
SELECT id, name, code, external_id AS externalId, task_life_hours AS taskLifeHours, version, platform FROM merchant_data WHERE (version > 0) AND (external_id = 'matched-merchant') LIMIT 1000 OFFSET 0
[TeaQL SQL][query][276us] 1 rows returned outcome=success batchOutcome=not_applicable comment=matched merchant read with relation purpose=matched benchmark read auditReason= tracePath=[0:OPERATION:Merchant=query -> 1:REQUEST:Merchant= -> 2:PROVIDER:postgresql= -> 3:SQL:select=] mutationLineage=[]
SQL: -- TeaQL PLAIN
SELECT id, name, code, external_id AS externalId, task_life_hours AS taskLifeHours, version, platform FROM merchant_data WHERE (version > 0) AND (external_id = 'matched-merchant') LIMIT 1000 OFFSET 0
[TeaQL SQL][query][285us] 1 rows returned outcome=success batchOutcome=not_applicable comment=matched merchant read with relation purpose=matched benchmark read auditReason= tracePath=[0:OPERATION:Merchant=query -> 1:REQUEST:Merchant= -> 2:RELATION:platform=Merchant.platform -> 3:PROVIDER:postgresql= -> 4:SQL:select=] mutationLineage=[]
SQL: -- TeaQL PLAIN
SELECT id, create_time AS createTime, last_update_time AS lastUpdateTime, name, version FROM platform_data WHERE (version > 0) AND (id = 1) LIMIT 1 OFFSET 0
[TeaQL SQL][query][248us] 1 rows returned outcome=success batchOutcome=not_applicable comment=matched merchant read with relation purpose=matched benchmark read auditReason= tracePath=[0:OPERATION:Merchant=query -> 1:REQUEST:Merchant= -> 2:RELATION:platform=Merchant.platform -> 3:PROVIDER:postgresql= -> 4:SQL:select=] mutationLineage=[]
SQL: -- TeaQL PLAIN
SELECT id, create_time AS createTime, last_update_time AS lastUpdateTime, name, version FROM platform_data WHERE (version > 0) AND (id = 1) LIMIT 1 OFFSET 0
[TeaQL SQL][query][475us] 1 rows returned outcome=success batchOutcome=not_applicable comment=matched merchant read with relation purpose=matched benchmark read auditReason= tracePath=[0:OPERATION:Merchant=query -> 1:REQUEST:Merchant= -> 2:PROVIDER:postgresql= -> 3:SQL:select=] mutationLineage=[]
SQL: -- TeaQL PLAIN
SELECT id, name, code, external_id AS externalId, task_life_hours AS taskLifeHours, version, platform FROM merchant_data WHERE (version > 0) AND (external_id = 'matched-merchant') LIMIT 1000 OFFSET 0
[TeaQL SQL][query][391us] 1 rows returned outcome=success batchOutcome=not_applicable comment=matched merchant read with relation purpose=matched benchmark read auditReason= tracePath=[0:OPERATION:Merchant=query -> 1:REQUEST:Merchant= -> 2:RELATION:platform=Merchant.platform -> 3:PROVIDER:postgresql= -> 4:SQL:select=] mutationLineage=[]
SQL: -- TeaQL PLAIN
SELECT id, create_time AS createTime, last_update_time AS lastUpdateTime, name, version FROM platform_data WHERE (version > 0) AND (id = 1) LIMIT 1 OFFSET 0
[TeaQL SQL][query][346us] 1 rows returned outcome=success batchOutcome=not_applicable comment=matched merchant read with relation purpose=matched benchmark read auditReason= tracePath=[0:OPERATION:Merchant=query -> 1:REQUEST:Merchant= -> 2:PROVIDER:postgresql= -> 3:SQL:select=] mutationLineage=[]
SQL: -- TeaQL PLAIN
SELECT id, name, code, external_id AS externalId, task_life_hours AS taskLifeHours, version, platform FROM merchant_data WHERE (version > 0) AND (external_id = 'matched-merchant') LIMIT 1000 OFFSET 0
[TeaQL SQL][query][290us] 1 rows returned outcome=success batchOutcome=not_applicable comment=matched merchant read with relation purpose=matched benchmark read auditReason= tracePath=[0:OPERATION:Merchant=query -> 1:REQUEST:Merchant= -> 2:PROVIDER:postgresql= -> 3:SQL:select=] mutationLineage=[]
SQL: -- TeaQL PLAIN
SELECT id, name, code, external_id AS externalId, task_life_hours AS taskLifeHours, version, platform FROM merchant_data WHERE (version > 0) AND (external_id = 'matched-merchant') LIMIT 1000 OFFSET 0
[TeaQL SQL][query][304us] 1 rows returned outcome=success batchOutcome=not_applicable comment=matched merchant read with relation purpose=matched benchmark read auditReason= tracePath=[0:OPERATION:Merchant=query -> 1:REQUEST:Merchant= -> 2:RELATION:platform=Merchant.platform -> 3:PROVIDER:postgresql= -> 4:SQL:select=] mutationLineage=[]
SQL: -- TeaQL PLAIN
SELECT id, create_time AS createTime, last_update_time AS lastUpdateTime, name, version FROM platform_data WHERE (version > 0) AND (id = 1) LIMIT 1 OFFSET 0
[TeaQL SQL][query][285us] 1 rows returned outcome=success batchOutcome=not_applicable comment=matched merchant read with relation purpose=matched benchmark read auditReason= tracePath=[0:OPERATION:Merchant=query -> 1:REQUEST:Merchant= -> 2:RELATION:platform=Merchant.platform -> 3:PROVIDER:postgresql= -> 4:SQL:select=] mutationLineage=[]
SQL: -- TeaQL PLAIN
SELECT id, create_time AS createTime, last_update_time AS lastUpdateTime, name, version FROM platform_data WHERE (version > 0) AND (id = 1) LIMIT 1 OFFSET 0
[TeaQL SQL][query][334us] 1 rows returned outcome=success batchOutcome=not_applicable comment=matched merchant read with relation purpose=matched benchmark read auditReason= tracePath=[0:OPERATION:Merchant=query -> 1:REQUEST:Merchant= -> 2:PROVIDER:postgresql= -> 3:SQL:select=] mutationLineage=[]
SQL: -- TeaQL PLAIN
SELECT id, name, code, external_id AS externalId, task_life_hours AS taskLifeHours, version, platform FROM merchant_data WHERE (version > 0) AND (external_id = 'matched-merchant') LIMIT 1000 OFFSET 0
[TeaQL SQL][query][323us] 1 rows returned outcome=success batchOutcome=not_applicable comment=matched merchant read with relation purpose=matched benchmark read auditReason= tracePath=[0:OPERATION:Merchant=query -> 1:REQUEST:Merchant= -> 2:RELATION:platform=Merchant.platform -> 3:PROVIDER:postgresql= -> 4:SQL:select=] mutationLineage=[]
SQL: -- TeaQL PLAIN
SELECT id, create_time AS createTime, last_update_time AS lastUpdateTime, name, version FROM platform_data WHERE (version > 0) AND (id = 1) LIMIT 1 OFFSET 0
[TeaQL SQL][query][505us] 1 rows returned outcome=success batchOutcome=not_applicable comment=matched merchant read with relation purpose=matched benchmark read auditReason= tracePath=[0:OPERATION:Merchant=query -> 1:REQUEST:Merchant= -> 2:PROVIDER:postgresql= -> 3:SQL:select=] mutationLineage=[]
SQL: -- TeaQL PLAIN
SELECT id, name, code, external_id AS externalId, task_life_hours AS taskLifeHours, version, platform FROM merchant_data WHERE (version > 0) AND (external_id = 'matched-merchant') LIMIT 1000 OFFSET 0
[TeaQL SQL][query][455us] 1 rows returned outcome=success batchOutcome=not_applicable comment=matched merchant read with relation purpose=matched benchmark read auditReason= tracePath=[0:OPERATION:Merchant=query -> 1:REQUEST:Merchant= -> 2:RELATION:platform=Merchant.platform -> 3:PROVIDER:postgresql= -> 4:SQL:select=] mutationLineage=[]
SQL: -- TeaQL PLAIN
SELECT id, create_time AS createTime, last_update_time AS lastUpdateTime, name, version FROM platform_data WHERE (version > 0) AND (id = 1) LIMIT 1 OFFSET 0
[TeaQL SQL][query][424us] 1 rows returned outcome=success batchOutcome=not_applicable comment=matched merchant read with relation purpose=matched benchmark read auditReason= tracePath=[0:OPERATION:Merchant=query -> 1:REQUEST:Merchant= -> 2:PROVIDER:postgresql= -> 3:SQL:select=] mutationLineage=[]
SQL: -- TeaQL PLAIN
SELECT id, name, code, external_id AS externalId, task_life_hours AS taskLifeHours, version, platform FROM merchant_data WHERE (version > 0) AND (external_id = 'matched-merchant') LIMIT 1000 OFFSET 0
[TeaQL SQL][query][300us] 1 rows returned outcome=success batchOutcome=not_applicable comment=matched merchant read with relation purpose=matched benchmark read auditReason= tracePath=[0:OPERATION:Merchant=query -> 1:REQUEST:Merchant= -> 2:RELATION:platform=Merchant.platform -> 3:PROVIDER:postgresql= -> 4:SQL:select=] mutationLineage=[]
SQL: -- TeaQL PLAIN
SELECT id, create_time AS createTime, last_update_time AS lastUpdateTime, name, version FROM platform_data WHERE (version > 0) AND (id = 1) LIMIT 1 OFFSET 0
[TeaQL SQL][query][371us] 1 rows returned outcome=success batchOutcome=not_applicable comment=matched merchant read with relation purpose=matched benchmark read auditReason= tracePath=[0:OPERATION:Merchant=query -> 1:REQUEST:Merchant= -> 2:PROVIDER:postgresql= -> 3:SQL:select=] mutationLineage=[]
SQL: -- TeaQL PLAIN
SELECT id, name, code, external_id AS externalId, task_life_hours AS taskLifeHours, version, platform FROM merchant_data WHERE (version > 0) AND (external_id = 'matched-merchant') LIMIT 1000 OFFSET 0
[TeaQL SQL][query][333us] 1 rows returned outcome=success batchOutcome=not_applicable comment=matched merchant read with relation purpose=matched benchmark read auditReason= tracePath=[0:OPERATION:Merchant=query -> 1:REQUEST:Merchant= -> 2:RELATION:platform=Merchant.platform -> 3:PROVIDER:postgresql= -> 4:SQL:select=] mutationLineage=[]
SQL: -- TeaQL PLAIN
SELECT id, create_time AS createTime, last_update_time AS lastUpdateTime, name, version FROM platform_data WHERE (version > 0) AND (id = 1) LIMIT 1 OFFSET 0
[TeaQL SQL][query][334us] 1 rows returned outcome=success batchOutcome=not_applicable comment=matched merchant read with relation purpose=matched benchmark read auditReason= tracePath=[0:OPERATION:Merchant=query -> 1:REQUEST:Merchant= -> 2:PROVIDER:postgresql= -> 3:SQL:select=] mutationLineage=[]
SQL: -- TeaQL PLAIN
SELECT id, name, code, external_id AS externalId, task_life_hours AS taskLifeHours, version, platform FROM merchant_data WHERE (version > 0) AND (external_id = 'matched-merchant') LIMIT 1000 OFFSET 0
[TeaQL SQL][query][281us] 1 rows returned outcome=success batchOutcome=not_applicable comment=matched merchant read with relation purpose=matched benchmark read auditReason= tracePath=[0:OPERATION:Merchant=query -> 1:REQUEST:Merchant= -> 2:RELATION:platform=Merchant.platform -> 3:PROVIDER:postgresql= -> 4:SQL:select=] mutationLineage=[]
SQL: -- TeaQL PLAIN
SELECT id, create_time AS createTime, last_update_time AS lastUpdateTime, name, version FROM platform_data WHERE (version > 0) AND (id = 1) LIMIT 1 OFFSET 0
[TeaQL SQL][query][306us] 1 rows returned outcome=success batchOutcome=not_applicable comment=matched merchant read with relation purpose=matched benchmark read auditReason= tracePath=[0:OPERATION:Merchant=query -> 1:REQUEST:Merchant= -> 2:PROVIDER:postgresql= -> 3:SQL:select=] mutationLineage=[]
SQL: -- TeaQL PLAIN
SELECT id, name, code, external_id AS externalId, task_life_hours AS taskLifeHours, version, platform FROM merchant_data WHERE (version > 0) AND (external_id = 'matched-merchant') LIMIT 1000 OFFSET 0
[TeaQL SQL][query][295us] 1 rows returned outcome=success batchOutcome=not_applicable comment=matched merchant read with relation purpose=matched benchmark read auditReason= tracePath=[0:OPERATION:Merchant=query -> 1:REQUEST:Merchant= -> 2:RELATION:platform=Merchant.platform -> 3:PROVIDER:postgresql= -> 4:SQL:select=] mutationLineage=[]
SQL: -- TeaQL PLAIN
SELECT id, create_time AS createTime, last_update_time AS lastUpdateTime, name, version FROM platform_data WHERE (version > 0) AND (id = 1) LIMIT 1 OFFSET 0
[TeaQL SQL][query][304us] 1 rows returned outcome=success batchOutcome=not_applicable comment=matched merchant read with relation purpose=matched benchmark read auditReason= tracePath=[0:OPERATION:Merchant=query -> 1:REQUEST:Merchant= -> 2:PROVIDER:postgresql= -> 3:SQL:select=] mutationLineage=[]
SQL: -- TeaQL PLAIN
SELECT id, name, code, external_id AS externalId, task_life_hours AS taskLifeHours, version, platform FROM merchant_data WHERE (version > 0) AND (external_id = 'matched-merchant') LIMIT 1000 OFFSET 0
[TeaQL SQL][query][298us] 1 rows returned outcome=success batchOutcome=not_applicable comment=matched merchant read with relation purpose=matched benchmark read auditReason= tracePath=[0:OPERATION:Merchant=query -> 1:REQUEST:Merchant= -> 2:RELATION:platform=Merchant.platform -> 3:PROVIDER:postgresql= -> 4:SQL:select=] mutationLineage=[]
SQL: -- TeaQL PLAIN
SELECT id, create_time AS createTime, last_update_time AS lastUpdateTime, name, version FROM platform_data WHERE (version > 0) AND (id = 1) LIMIT 1 OFFSET 0
[TeaQL SQL][query][367us] 1 rows returned outcome=success batchOutcome=not_applicable comment=matched merchant read with relation purpose=matched benchmark read auditReason= tracePath=[0:OPERATION:Merchant=query -> 1:REQUEST:Merchant= -> 2:PROVIDER:postgresql= -> 3:SQL:select=] mutationLineage=[]
SQL: -- TeaQL PLAIN
SELECT id, name, code, external_id AS externalId, task_life_hours AS taskLifeHours, version, platform FROM merchant_data WHERE (version > 0) AND (external_id = 'matched-merchant') LIMIT 1000 OFFSET 0
[TeaQL SQL][query][337us] 1 rows returned outcome=success batchOutcome=not_applicable comment=matched merchant read with relation purpose=matched benchmark read auditReason= tracePath=[0:OPERATION:Merchant=query -> 1:REQUEST:Merchant= -> 2:RELATION:platform=Merchant.platform -> 3:PROVIDER:postgresql= -> 4:SQL:select=] mutationLineage=[]
SQL: -- TeaQL PLAIN
SELECT id, create_time AS createTime, last_update_time AS lastUpdateTime, name, version FROM platform_data WHERE (version > 0) AND (id = 1) LIMIT 1 OFFSET 0
[TeaQL SQL][query][348us] 1 rows returned outcome=success batchOutcome=not_applicable comment=matched merchant read with relation purpose=matched benchmark read auditReason= tracePath=[0:OPERATION:Merchant=query -> 1:REQUEST:Merchant= -> 2:PROVIDER:postgresql= -> 3:SQL:select=] mutationLineage=[]
SQL: -- TeaQL PLAIN
SELECT id, name, code, external_id AS externalId, task_life_hours AS taskLifeHours, version, platform FROM merchant_data WHERE (version > 0) AND (external_id = 'matched-merchant') LIMIT 1000 OFFSET 0
[TeaQL SQL][query][274us] 1 rows returned outcome=success batchOutcome=not_applicable comment=matched merchant read with relation purpose=matched benchmark read auditReason= tracePath=[0:OPERATION:Merchant=query -> 1:REQUEST:Merchant= -> 2:RELATION:platform=Merchant.platform -> 3:PROVIDER:postgresql= -> 4:SQL:select=] mutationLineage=[]
SQL: -- TeaQL PLAIN
SELECT id, create_time AS createTime, last_update_time AS lastUpdateTime, name, version FROM platform_data WHERE (version > 0) AND (id = 1) LIMIT 1 OFFSET 0
[TeaQL SQL][query][286us] 1 rows returned outcome=success batchOutcome=not_applicable comment=matched merchant read with relation purpose=matched benchmark read auditReason= tracePath=[0:OPERATION:Merchant=query -> 1:REQUEST:Merchant= -> 2:PROVIDER:postgresql= -> 3:SQL:select=] mutationLineage=[]
SQL: -- TeaQL PLAIN
SELECT id, name, code, external_id AS externalId, task_life_hours AS taskLifeHours, version, platform FROM merchant_data WHERE (version > 0) AND (external_id = 'matched-merchant') LIMIT 1000 OFFSET 0
[TeaQL SQL][query][254us] 1 rows returned outcome=success batchOutcome=not_applicable comment=matched merchant read with relation purpose=matched benchmark read auditReason= tracePath=[0:OPERATION:Merchant=query -> 1:REQUEST:Merchant= -> 2:RELATION:platform=Merchant.platform -> 3:PROVIDER:postgresql= -> 4:SQL:select=] mutationLineage=[]
SQL: -- TeaQL PLAIN
SELECT id, create_time AS createTime, last_update_time AS lastUpdateTime, name, version FROM platform_data WHERE (version > 0) AND (id = 1) LIMIT 1 OFFSET 0
[TeaQL SQL][query][320us] 1 rows returned outcome=success batchOutcome=not_applicable comment=matched merchant read with relation purpose=matched benchmark read auditReason= tracePath=[0:OPERATION:Merchant=query -> 1:REQUEST:Merchant= -> 2:PROVIDER:postgresql= -> 3:SQL:select=] mutationLineage=[]
SQL: -- TeaQL PLAIN
SELECT id, name, code, external_id AS externalId, task_life_hours AS taskLifeHours, version, platform FROM merchant_data WHERE (version > 0) AND (external_id = 'matched-merchant') LIMIT 1000 OFFSET 0
[TeaQL SQL][query][286us] 1 rows returned outcome=success batchOutcome=not_applicable comment=matched merchant read with relation purpose=matched benchmark read auditReason= tracePath=[0:OPERATION:Merchant=query -> 1:REQUEST:Merchant= -> 2:RELATION:platform=Merchant.platform -> 3:PROVIDER:postgresql= -> 4:SQL:select=] mutationLineage=[]
SQL: -- TeaQL PLAIN
SELECT id, create_time AS createTime, last_update_time AS lastUpdateTime, name, version FROM platform_data WHERE (version > 0) AND (id = 1) LIMIT 1 OFFSET 0
[TeaQL SQL][query][338us] 1 rows returned outcome=success batchOutcome=not_applicable comment=matched merchant read with relation purpose=matched benchmark read auditReason= tracePath=[0:OPERATION:Merchant=query -> 1:REQUEST:Merchant= -> 2:PROVIDER:postgresql= -> 3:SQL:select=] mutationLineage=[]
SQL: -- TeaQL PLAIN
SELECT id, name, code, external_id AS externalId, task_life_hours AS taskLifeHours, version, platform FROM merchant_data WHERE (version > 0) AND (external_id = 'matched-merchant') LIMIT 1000 OFFSET 0
[TeaQL SQL][query][299us] 1 rows returned outcome=success batchOutcome=not_applicable comment=matched merchant read with relation purpose=matched benchmark read auditReason= tracePath=[0:OPERATION:Merchant=query -> 1:REQUEST:Merchant= -> 2:RELATION:platform=Merchant.platform -> 3:PROVIDER:postgresql= -> 4:SQL:select=] mutationLineage=[]
SQL: -- TeaQL PLAIN
SELECT id, create_time AS createTime, last_update_time AS lastUpdateTime, name, version FROM platform_data WHERE (version > 0) AND (id = 1) LIMIT 1 OFFSET 0
[TeaQL SQL][query][333us] 1 rows returned outcome=success batchOutcome=not_applicable comment=matched merchant read with relation purpose=matched benchmark read auditReason= tracePath=[0:OPERATION:Merchant=query -> 1:REQUEST:Merchant= -> 2:PROVIDER:postgresql= -> 3:SQL:select=] mutationLineage=[]
SQL: -- TeaQL PLAIN
SELECT id, name, code, external_id AS externalId, task_life_hours AS taskLifeHours, version, platform FROM merchant_data WHERE (version > 0) AND (external_id = 'matched-merchant') LIMIT 1000 OFFSET 0
[TeaQL SQL][query][333us] 1 rows returned outcome=success batchOutcome=not_applicable comment=matched merchant read with relation purpose=matched benchmark read auditReason= tracePath=[0:OPERATION:Merchant=query -> 1:REQUEST:Merchant= -> 2:RELATION:platform=Merchant.platform -> 3:PROVIDER:postgresql= -> 4:SQL:select=] mutationLineage=[]
SQL: -- TeaQL PLAIN
SELECT id, create_time AS createTime, last_update_time AS lastUpdateTime, name, version FROM platform_data WHERE (version > 0) AND (id = 1) LIMIT 1 OFFSET 0
[TeaQL SQL][query][2199us] 1 rows returned outcome=success batchOutcome=not_applicable comment=matched merchant read with relation purpose=matched benchmark read auditReason= tracePath=[0:OPERATION:Merchant=query -> 1:REQUEST:Merchant= -> 2:PROVIDER:postgresql= -> 3:SQL:select=] mutationLineage=[]
SQL: -- TeaQL PLAIN
SELECT id, name, code, external_id AS externalId, task_life_hours AS taskLifeHours, version, platform FROM merchant_data WHERE (version > 0) AND (external_id = 'matched-merchant') LIMIT 1000 OFFSET 0
[TeaQL SQL][query][290us] 1 rows returned outcome=success batchOutcome=not_applicable comment=matched merchant read with relation purpose=matched benchmark read auditReason= tracePath=[0:OPERATION:Merchant=query -> 1:REQUEST:Merchant= -> 2:RELATION:platform=Merchant.platform -> 3:PROVIDER:postgresql= -> 4:SQL:select=] mutationLineage=[]
SQL: -- TeaQL PLAIN
SELECT id, create_time AS createTime, last_update_time AS lastUpdateTime, name, version FROM platform_data WHERE (version > 0) AND (id = 1) LIMIT 1 OFFSET 0
[TeaQL SQL][query][284us] 1 rows returned outcome=success batchOutcome=not_applicable comment=matched merchant read with relation purpose=matched benchmark read auditReason= tracePath=[0:OPERATION:Merchant=query -> 1:REQUEST:Merchant= -> 2:PROVIDER:postgresql= -> 3:SQL:select=] mutationLineage=[]
SQL: -- TeaQL PLAIN
SELECT id, name, code, external_id AS externalId, task_life_hours AS taskLifeHours, version, platform FROM merchant_data WHERE (version > 0) AND (external_id = 'matched-merchant') LIMIT 1000 OFFSET 0
[TeaQL SQL][query][272us] 1 rows returned outcome=success batchOutcome=not_applicable comment=matched merchant read with relation purpose=matched benchmark read auditReason= tracePath=[0:OPERATION:Merchant=query -> 1:REQUEST:Merchant= -> 2:RELATION:platform=Merchant.platform -> 3:PROVIDER:postgresql= -> 4:SQL:select=] mutationLineage=[]
SQL: -- TeaQL PLAIN
SELECT id, create_time AS createTime, last_update_time AS lastUpdateTime, name, version FROM platform_data WHERE (version > 0) AND (id = 1) LIMIT 1 OFFSET 0
[TeaQL SQL][query][340us] 1 rows returned outcome=success batchOutcome=not_applicable comment=matched merchant read with relation purpose=matched benchmark read auditReason= tracePath=[0:OPERATION:Merchant=query -> 1:REQUEST:Merchant= -> 2:PROVIDER:postgresql= -> 3:SQL:select=] mutationLineage=[]
SQL: -- TeaQL PLAIN
SELECT id, name, code, external_id AS externalId, task_life_hours AS taskLifeHours, version, platform FROM merchant_data WHERE (version > 0) AND (external_id = 'matched-merchant') LIMIT 1000 OFFSET 0
[TeaQL SQL][query][281us] 1 rows returned outcome=success batchOutcome=not_applicable comment=matched merchant read with relation purpose=matched benchmark read auditReason= tracePath=[0:OPERATION:Merchant=query -> 1:REQUEST:Merchant= -> 2:RELATION:platform=Merchant.platform -> 3:PROVIDER:postgresql= -> 4:SQL:select=] mutationLineage=[]
SQL: -- TeaQL PLAIN
SELECT id, create_time AS createTime, last_update_time AS lastUpdateTime, name, version FROM platform_data WHERE (version > 0) AND (id = 1) LIMIT 1 OFFSET 0
[TeaQL SQL][query][336us] 1 rows returned outcome=success batchOutcome=not_applicable comment=matched merchant read with relation purpose=matched benchmark read auditReason= tracePath=[0:OPERATION:Merchant=query -> 1:REQUEST:Merchant= -> 2:PROVIDER:postgresql= -> 3:SQL:select=] mutationLineage=[]
SQL: -- TeaQL PLAIN
SELECT id, name, code, external_id AS externalId, task_life_hours AS taskLifeHours, version, platform FROM merchant_data WHERE (version > 0) AND (external_id = 'matched-merchant') LIMIT 1000 OFFSET 0
[TeaQL SQL][query][319us] 1 rows returned outcome=success batchOutcome=not_applicable comment=matched merchant read with relation purpose=matched benchmark read auditReason= tracePath=[0:OPERATION:Merchant=query -> 1:REQUEST:Merchant= -> 2:RELATION:platform=Merchant.platform -> 3:PROVIDER:postgresql= -> 4:SQL:select=] mutationLineage=[]
SQL: -- TeaQL PLAIN
SELECT id, create_time AS createTime, last_update_time AS lastUpdateTime, name, version FROM platform_data WHERE (version > 0) AND (id = 1) LIMIT 1 OFFSET 0
[TeaQL SQL][query][229us] 1 rows returned outcome=success batchOutcome=not_applicable comment=matched merchant read with relation purpose=matched benchmark read auditReason= tracePath=[0:OPERATION:Merchant=query -> 1:REQUEST:Merchant= -> 2:PROVIDER:postgresql= -> 3:SQL:select=] mutationLineage=[]
SQL: -- TeaQL PLAIN
SELECT id, name, code, external_id AS externalId, task_life_hours AS taskLifeHours, version, platform FROM merchant_data WHERE (version > 0) AND (external_id = 'matched-merchant') LIMIT 1000 OFFSET 0
[TeaQL SQL][query][243us] 1 rows returned outcome=success batchOutcome=not_applicable comment=matched merchant read with relation purpose=matched benchmark read auditReason= tracePath=[0:OPERATION:Merchant=query -> 1:REQUEST:Merchant= -> 2:RELATION:platform=Merchant.platform -> 3:PROVIDER:postgresql= -> 4:SQL:select=] mutationLineage=[]
SQL: -- TeaQL PLAIN
SELECT id, create_time AS createTime, last_update_time AS lastUpdateTime, name, version FROM platform_data WHERE (version > 0) AND (id = 1) LIMIT 1 OFFSET 0
[TeaQL SQL][query][372us] 1 rows returned outcome=success batchOutcome=not_applicable comment=matched merchant read with relation purpose=matched benchmark read auditReason= tracePath=[0:OPERATION:Merchant=query -> 1:REQUEST:Merchant= -> 2:PROVIDER:postgresql= -> 3:SQL:select=] mutationLineage=[]
SQL: -- TeaQL PLAIN
SELECT id, name, code, external_id AS externalId, task_life_hours AS taskLifeHours, version, platform FROM merchant_data WHERE (version > 0) AND (external_id = 'matched-merchant') LIMIT 1000 OFFSET 0
[TeaQL SQL][query][359us] 1 rows returned outcome=success batchOutcome=not_applicable comment=matched merchant read with relation purpose=matched benchmark read auditReason= tracePath=[0:OPERATION:Merchant=query -> 1:REQUEST:Merchant= -> 2:RELATION:platform=Merchant.platform -> 3:PROVIDER:postgresql= -> 4:SQL:select=] mutationLineage=[]
SQL: -- TeaQL PLAIN
SELECT id, create_time AS createTime, last_update_time AS lastUpdateTime, name, version FROM platform_data WHERE (version > 0) AND (id = 1) LIMIT 1 OFFSET 0
[TeaQL SQL][query][357us] 1 rows returned outcome=success batchOutcome=not_applicable comment=matched merchant read with relation purpose=matched benchmark read auditReason= tracePath=[0:OPERATION:Merchant=query -> 1:REQUEST:Merchant= -> 2:PROVIDER:postgresql= -> 3:SQL:select=] mutationLineage=[]
SQL: -- TeaQL PLAIN
SELECT id, name, code, external_id AS externalId, task_life_hours AS taskLifeHours, version, platform FROM merchant_data WHERE (version > 0) AND (external_id = 'matched-merchant') LIMIT 1000 OFFSET 0
[TeaQL SQL][query][293us] 1 rows returned outcome=success batchOutcome=not_applicable comment=matched merchant read with relation purpose=matched benchmark read auditReason= tracePath=[0:OPERATION:Merchant=query -> 1:REQUEST:Merchant= -> 2:RELATION:platform=Merchant.platform -> 3:PROVIDER:postgresql= -> 4:SQL:select=] mutationLineage=[]
SQL: -- TeaQL PLAIN
SELECT id, create_time AS createTime, last_update_time AS lastUpdateTime, name, version FROM platform_data WHERE (version > 0) AND (id = 1) LIMIT 1 OFFSET 0
[TeaQL SQL][query][316us] 1 rows returned outcome=success batchOutcome=not_applicable comment=matched merchant read with relation purpose=matched benchmark read auditReason= tracePath=[0:OPERATION:Merchant=query -> 1:REQUEST:Merchant= -> 2:PROVIDER:postgresql= -> 3:SQL:select=] mutationLineage=[]
SQL: -- TeaQL PLAIN
SELECT id, name, code, external_id AS externalId, task_life_hours AS taskLifeHours, version, platform FROM merchant_data WHERE (version > 0) AND (external_id = 'matched-merchant') LIMIT 1000 OFFSET 0
[TeaQL SQL][query][324us] 1 rows returned outcome=success batchOutcome=not_applicable comment=matched merchant read with relation purpose=matched benchmark read auditReason= tracePath=[0:OPERATION:Merchant=query -> 1:REQUEST:Merchant= -> 2:RELATION:platform=Merchant.platform -> 3:PROVIDER:postgresql= -> 4:SQL:select=] mutationLineage=[]
SQL: -- TeaQL PLAIN
SELECT id, create_time AS createTime, last_update_time AS lastUpdateTime, name, version FROM platform_data WHERE (version > 0) AND (id = 1) LIMIT 1 OFFSET 0
[TeaQL SQL][query][244us] 1 rows returned outcome=success batchOutcome=not_applicable comment=matched merchant read with relation purpose=matched benchmark read auditReason= tracePath=[0:OPERATION:Merchant=query -> 1:REQUEST:Merchant= -> 2:PROVIDER:postgresql= -> 3:SQL:select=] mutationLineage=[]
SQL: -- TeaQL PLAIN
SELECT id, name, code, external_id AS externalId, task_life_hours AS taskLifeHours, version, platform FROM merchant_data WHERE (version > 0) AND (external_id = 'matched-merchant') LIMIT 1000 OFFSET 0
[TeaQL SQL][query][241us] 1 rows returned outcome=success batchOutcome=not_applicable comment=matched merchant read with relation purpose=matched benchmark read auditReason= tracePath=[0:OPERATION:Merchant=query -> 1:REQUEST:Merchant= -> 2:RELATION:platform=Merchant.platform -> 3:PROVIDER:postgresql= -> 4:SQL:select=] mutationLineage=[]
SQL: -- TeaQL PLAIN
SELECT id, create_time AS createTime, last_update_time AS lastUpdateTime, name, version FROM platform_data WHERE (version > 0) AND (id = 1) LIMIT 1 OFFSET 0
[TeaQL SQL][query][292us] 1 rows returned outcome=success batchOutcome=not_applicable comment=matched merchant read with relation purpose=matched benchmark read auditReason= tracePath=[0:OPERATION:Merchant=query -> 1:REQUEST:Merchant= -> 2:PROVIDER:postgresql= -> 3:SQL:select=] mutationLineage=[]
SQL: -- TeaQL PLAIN
SELECT id, name, code, external_id AS externalId, task_life_hours AS taskLifeHours, version, platform FROM merchant_data WHERE (version > 0) AND (external_id = 'matched-merchant') LIMIT 1000 OFFSET 0
[TeaQL SQL][query][284us] 1 rows returned outcome=success batchOutcome=not_applicable comment=matched merchant read with relation purpose=matched benchmark read auditReason= tracePath=[0:OPERATION:Merchant=query -> 1:REQUEST:Merchant= -> 2:PROVIDER:postgresql= -> 3:SQL:select=] mutationLineage=[]
SQL: -- TeaQL PLAIN
SELECT id, name, code, external_id AS externalId, task_life_hours AS taskLifeHours, version, platform FROM merchant_data WHERE (version > 0) AND (external_id = 'matched-merchant') LIMIT 1000 OFFSET 0
[TeaQL SQL][query][244us] 1 rows returned outcome=success batchOutcome=not_applicable comment=matched merchant read with relation purpose=matched benchmark read auditReason= tracePath=[0:OPERATION:Merchant=query -> 1:REQUEST:Merchant= -> 2:RELATION:platform=Merchant.platform -> 3:PROVIDER:postgresql= -> 4:SQL:select=] mutationLineage=[]
SQL: -- TeaQL PLAIN
SELECT id, create_time AS createTime, last_update_time AS lastUpdateTime, name, version FROM platform_data WHERE (version > 0) AND (id = 1) LIMIT 1 OFFSET 0
[TeaQL SQL][query][237us] 1 rows returned outcome=success batchOutcome=not_applicable comment=matched merchant read with relation purpose=matched benchmark read auditReason= tracePath=[0:OPERATION:Merchant=query -> 1:REQUEST:Merchant= -> 2:RELATION:platform=Merchant.platform -> 3:PROVIDER:postgresql= -> 4:SQL:select=] mutationLineage=[]
SQL: -- TeaQL PLAIN
SELECT id, create_time AS createTime, last_update_time AS lastUpdateTime, name, version FROM platform_data WHERE (version > 0) AND (id = 1) LIMIT 1 OFFSET 0
[TeaQL SQL][query][365us] 1 rows returned outcome=success batchOutcome=not_applicable comment=matched merchant read with relation purpose=matched benchmark read auditReason= tracePath=[0:OPERATION:Merchant=query -> 1:REQUEST:Merchant= -> 2:PROVIDER:postgresql= -> 3:SQL:select=] mutationLineage=[]
SQL: -- TeaQL PLAIN
SELECT id, name, code, external_id AS externalId, task_life_hours AS taskLifeHours, version, platform FROM merchant_data WHERE (version > 0) AND (external_id = 'matched-merchant') LIMIT 1000 OFFSET 0
[TeaQL SQL][query][261us] 1 rows returned outcome=success batchOutcome=not_applicable comment=matched merchant read with relation purpose=matched benchmark read auditReason= tracePath=[0:OPERATION:Merchant=query -> 1:REQUEST:Merchant= -> 2:RELATION:platform=Merchant.platform -> 3:PROVIDER:postgresql= -> 4:SQL:select=] mutationLineage=[]
SQL: -- TeaQL PLAIN
SELECT id, create_time AS createTime, last_update_time AS lastUpdateTime, name, version FROM platform_data WHERE (version > 0) AND (id = 1) LIMIT 1 OFFSET 0
[TeaQL SQL][query][364us] 1 rows returned outcome=success batchOutcome=not_applicable comment=matched merchant read with relation purpose=matched benchmark read auditReason= tracePath=[0:OPERATION:Merchant=query -> 1:REQUEST:Merchant= -> 2:PROVIDER:postgresql= -> 3:SQL:select=] mutationLineage=[]
SQL: -- TeaQL PLAIN
SELECT id, name, code, external_id AS externalId, task_life_hours AS taskLifeHours, version, platform FROM merchant_data WHERE (version > 0) AND (external_id = 'matched-merchant') LIMIT 1000 OFFSET 0
[TeaQL SQL][query][340us] 1 rows returned outcome=success batchOutcome=not_applicable comment=matched merchant read with relation purpose=matched benchmark read auditReason= tracePath=[0:OPERATION:Merchant=query -> 1:REQUEST:Merchant= -> 2:RELATION:platform=Merchant.platform -> 3:PROVIDER:postgresql= -> 4:SQL:select=] mutationLineage=[]
SQL: -- TeaQL PLAIN
SELECT id, create_time AS createTime, last_update_time AS lastUpdateTime, name, version FROM platform_data WHERE (version > 0) AND (id = 1) LIMIT 1 OFFSET 0
[TeaQL SQL][query][294us] 1 rows returned outcome=success batchOutcome=not_applicable comment=matched merchant read with relation purpose=matched benchmark read auditReason= tracePath=[0:OPERATION:Merchant=query -> 1:REQUEST:Merchant= -> 2:PROVIDER:postgresql= -> 3:SQL:select=] mutationLineage=[]
SQL: -- TeaQL PLAIN
SELECT id, name, code, external_id AS externalId, task_life_hours AS taskLifeHours, version, platform FROM merchant_data WHERE (version > 0) AND (external_id = 'matched-merchant') LIMIT 1000 OFFSET 0
[TeaQL SQL][query][295us] 1 rows returned outcome=success batchOutcome=not_applicable comment=matched merchant read with relation purpose=matched benchmark read auditReason= tracePath=[0:OPERATION:Merchant=query -> 1:REQUEST:Merchant= -> 2:RELATION:platform=Merchant.platform -> 3:PROVIDER:postgresql= -> 4:SQL:select=] mutationLineage=[]
SQL: -- TeaQL PLAIN
SELECT id, create_time AS createTime, last_update_time AS lastUpdateTime, name, version FROM platform_data WHERE (version > 0) AND (id = 1) LIMIT 1 OFFSET 0
[TeaQL SQL][query][300us] 1 rows returned outcome=success batchOutcome=not_applicable comment=matched merchant read with relation purpose=matched benchmark read auditReason= tracePath=[0:OPERATION:Merchant=query -> 1:REQUEST:Merchant= -> 2:PROVIDER:postgresql= -> 3:SQL:select=] mutationLineage=[]
SQL: -- TeaQL PLAIN
SELECT id, name, code, external_id AS externalId, task_life_hours AS taskLifeHours, version, platform FROM merchant_data WHERE (version > 0) AND (external_id = 'matched-merchant') LIMIT 1000 OFFSET 0
[TeaQL SQL][query][252us] 1 rows returned outcome=success batchOutcome=not_applicable comment=matched merchant read with relation purpose=matched benchmark read auditReason= tracePath=[0:OPERATION:Merchant=query -> 1:REQUEST:Merchant= -> 2:RELATION:platform=Merchant.platform -> 3:PROVIDER:postgresql= -> 4:SQL:select=] mutationLineage=[]
SQL: -- TeaQL PLAIN
SELECT id, create_time AS createTime, last_update_time AS lastUpdateTime, name, version FROM platform_data WHERE (version > 0) AND (id = 1) LIMIT 1 OFFSET 0
[TeaQL SQL][query][302us] 1 rows returned outcome=success batchOutcome=not_applicable comment=matched merchant read with relation purpose=matched benchmark read auditReason= tracePath=[0:OPERATION:Merchant=query -> 1:REQUEST:Merchant= -> 2:PROVIDER:postgresql= -> 3:SQL:select=] mutationLineage=[]
SQL: -- TeaQL PLAIN
SELECT id, name, code, external_id AS externalId, task_life_hours AS taskLifeHours, version, platform FROM merchant_data WHERE (version > 0) AND (external_id = 'matched-merchant') LIMIT 1000 OFFSET 0
[TeaQL SQL][query][358us] 1 rows returned outcome=success batchOutcome=not_applicable comment=matched merchant read with relation purpose=matched benchmark read auditReason= tracePath=[0:OPERATION:Merchant=query -> 1:REQUEST:Merchant= -> 2:RELATION:platform=Merchant.platform -> 3:PROVIDER:postgresql= -> 4:SQL:select=] mutationLineage=[]
SQL: -- TeaQL PLAIN
SELECT id, create_time AS createTime, last_update_time AS lastUpdateTime, name, version FROM platform_data WHERE (version > 0) AND (id = 1) LIMIT 1 OFFSET 0
[TeaQL SQL][query][365us] 1 rows returned outcome=success batchOutcome=not_applicable comment=matched merchant read with relation purpose=matched benchmark read auditReason= tracePath=[0:OPERATION:Merchant=query -> 1:REQUEST:Merchant= -> 2:PROVIDER:postgresql= -> 3:SQL:select=] mutationLineage=[]
SQL: -- TeaQL PLAIN
SELECT id, name, code, external_id AS externalId, task_life_hours AS taskLifeHours, version, platform FROM merchant_data WHERE (version > 0) AND (external_id = 'matched-merchant') LIMIT 1000 OFFSET 0
[TeaQL SQL][query][311us] 1 rows returned outcome=success batchOutcome=not_applicable comment=matched merchant read with relation purpose=matched benchmark read auditReason= tracePath=[0:OPERATION:Merchant=query -> 1:REQUEST:Merchant= -> 2:RELATION:platform=Merchant.platform -> 3:PROVIDER:postgresql= -> 4:SQL:select=] mutationLineage=[]
SQL: -- TeaQL PLAIN
SELECT id, create_time AS createTime, last_update_time AS lastUpdateTime, name, version FROM platform_data WHERE (version > 0) AND (id = 1) LIMIT 1 OFFSET 0
[TeaQL SQL][query][651us] 1 rows returned outcome=success batchOutcome=not_applicable comment=matched merchant read with relation purpose=matched benchmark read auditReason= tracePath=[0:OPERATION:Merchant=query -> 1:REQUEST:Merchant= -> 2:PROVIDER:postgresql= -> 3:SQL:select=] mutationLineage=[]
SQL: -- TeaQL PLAIN
SELECT id, name, code, external_id AS externalId, task_life_hours AS taskLifeHours, version, platform FROM merchant_data WHERE (version > 0) AND (external_id = 'matched-merchant') LIMIT 1000 OFFSET 0
[TeaQL SQL][query][416us] 1 rows returned outcome=success batchOutcome=not_applicable comment=matched merchant read with relation purpose=matched benchmark read auditReason= tracePath=[0:OPERATION:Merchant=query -> 1:REQUEST:Merchant= -> 2:RELATION:platform=Merchant.platform -> 3:PROVIDER:postgresql= -> 4:SQL:select=] mutationLineage=[]
SQL: -- TeaQL PLAIN
SELECT id, create_time AS createTime, last_update_time AS lastUpdateTime, name, version FROM platform_data WHERE (version > 0) AND (id = 1) LIMIT 1 OFFSET 0
[TeaQL SQL][query][461us] 1 rows returned outcome=success batchOutcome=not_applicable comment=matched merchant read with relation purpose=matched benchmark read auditReason= tracePath=[0:OPERATION:Merchant=query -> 1:REQUEST:Merchant= -> 2:PROVIDER:postgresql= -> 3:SQL:select=] mutationLineage=[]
SQL: -- TeaQL PLAIN
SELECT id, name, code, external_id AS externalId, task_life_hours AS taskLifeHours, version, platform FROM merchant_data WHERE (version > 0) AND (external_id = 'matched-merchant') LIMIT 1000 OFFSET 0
[TeaQL SQL][query][461us] 1 rows returned outcome=success batchOutcome=not_applicable comment=matched merchant read with relation purpose=matched benchmark read auditReason= tracePath=[0:OPERATION:Merchant=query -> 1:REQUEST:Merchant= -> 2:PROVIDER:postgresql= -> 3:SQL:select=] mutationLineage=[]
SQL: -- TeaQL PLAIN
SELECT id, name, code, external_id AS externalId, task_life_hours AS taskLifeHours, version, platform FROM merchant_data WHERE (version > 0) AND (external_id = 'matched-merchant') LIMIT 1000 OFFSET 0
[TeaQL SQL][query][254us] 1 rows returned outcome=success batchOutcome=not_applicable comment=matched merchant read with relation purpose=matched benchmark read auditReason= tracePath=[0:OPERATION:Merchant=query -> 1:REQUEST:Merchant= -> 2:RELATION:platform=Merchant.platform -> 3:PROVIDER:postgresql= -> 4:SQL:select=] mutationLineage=[]
SQL: -- TeaQL PLAIN
SELECT id, create_time AS createTime, last_update_time AS lastUpdateTime, name, version FROM platform_data WHERE (version > 0) AND (id = 1) LIMIT 1 OFFSET 0
[TeaQL SQL][query][281us] 1 rows returned outcome=success batchOutcome=not_applicable comment=matched merchant read with relation purpose=matched benchmark read auditReason= tracePath=[0:OPERATION:Merchant=query -> 1:REQUEST:Merchant= -> 2:RELATION:platform=Merchant.platform -> 3:PROVIDER:postgresql= -> 4:SQL:select=] mutationLineage=[]
SQL: -- TeaQL PLAIN
SELECT id, create_time AS createTime, last_update_time AS lastUpdateTime, name, version FROM platform_data WHERE (version > 0) AND (id = 1) LIMIT 1 OFFSET 0
[TeaQL SQL][query][278us] 1 rows returned outcome=success batchOutcome=not_applicable comment=matched merchant read with relation purpose=matched benchmark read auditReason= tracePath=[0:OPERATION:Merchant=query -> 1:REQUEST:Merchant= -> 2:PROVIDER:postgresql= -> 3:SQL:select=] mutationLineage=[]
SQL: -- TeaQL PLAIN
SELECT id, name, code, external_id AS externalId, task_life_hours AS taskLifeHours, version, platform FROM merchant_data WHERE (version > 0) AND (external_id = 'matched-merchant') LIMIT 1000 OFFSET 0
[TeaQL SQL][query][258us] 1 rows returned outcome=success batchOutcome=not_applicable comment=matched merchant read with relation purpose=matched benchmark read auditReason= tracePath=[0:OPERATION:Merchant=query -> 1:REQUEST:Merchant= -> 2:RELATION:platform=Merchant.platform -> 3:PROVIDER:postgresql= -> 4:SQL:select=] mutationLineage=[]
SQL: -- TeaQL PLAIN
SELECT id, create_time AS createTime, last_update_time AS lastUpdateTime, name, version FROM platform_data WHERE (version > 0) AND (id = 1) LIMIT 1 OFFSET 0
[TeaQL SQL][query][304us] 1 rows returned outcome=success batchOutcome=not_applicable comment=matched merchant read with relation purpose=matched benchmark read auditReason= tracePath=[0:OPERATION:Merchant=query -> 1:REQUEST:Merchant= -> 2:PROVIDER:postgresql= -> 3:SQL:select=] mutationLineage=[]
SQL: -- TeaQL PLAIN
SELECT id, name, code, external_id AS externalId, task_life_hours AS taskLifeHours, version, platform FROM merchant_data WHERE (version > 0) AND (external_id = 'matched-merchant') LIMIT 1000 OFFSET 0
[TeaQL SQL][query][250us] 1 rows returned outcome=success batchOutcome=not_applicable comment=matched merchant read with relation purpose=matched benchmark read auditReason= tracePath=[0:OPERATION:Merchant=query -> 1:REQUEST:Merchant= -> 2:RELATION:platform=Merchant.platform -> 3:PROVIDER:postgresql= -> 4:SQL:select=] mutationLineage=[]
SQL: -- TeaQL PLAIN
SELECT id, create_time AS createTime, last_update_time AS lastUpdateTime, name, version FROM platform_data WHERE (version > 0) AND (id = 1) LIMIT 1 OFFSET 0
[TeaQL SQL][query][396us] 1 rows returned outcome=success batchOutcome=not_applicable comment=matched merchant read with relation purpose=matched benchmark read auditReason= tracePath=[0:OPERATION:Merchant=query -> 1:REQUEST:Merchant= -> 2:PROVIDER:postgresql= -> 3:SQL:select=] mutationLineage=[]
SQL: -- TeaQL PLAIN
SELECT id, name, code, external_id AS externalId, task_life_hours AS taskLifeHours, version, platform FROM merchant_data WHERE (version > 0) AND (external_id = 'matched-merchant') LIMIT 1000 OFFSET 0
[TeaQL SQL][query][328us] 1 rows returned outcome=success batchOutcome=not_applicable comment=matched merchant read with relation purpose=matched benchmark read auditReason= tracePath=[0:OPERATION:Merchant=query -> 1:REQUEST:Merchant= -> 2:RELATION:platform=Merchant.platform -> 3:PROVIDER:postgresql= -> 4:SQL:select=] mutationLineage=[]
SQL: -- TeaQL PLAIN
SELECT id, create_time AS createTime, last_update_time AS lastUpdateTime, name, version FROM platform_data WHERE (version > 0) AND (id = 1) LIMIT 1 OFFSET 0
[TeaQL SQL][query][356us] 1 rows returned outcome=success batchOutcome=not_applicable comment=matched merchant read with relation purpose=matched benchmark read auditReason= tracePath=[0:OPERATION:Merchant=query -> 1:REQUEST:Merchant= -> 2:PROVIDER:postgresql= -> 3:SQL:select=] mutationLineage=[]
SQL: -- TeaQL PLAIN
SELECT id, name, code, external_id AS externalId, task_life_hours AS taskLifeHours, version, platform FROM merchant_data WHERE (version > 0) AND (external_id = 'matched-merchant') LIMIT 1000 OFFSET 0
[TeaQL SQL][query][372us] 1 rows returned outcome=success batchOutcome=not_applicable comment=matched merchant read with relation purpose=matched benchmark read auditReason= tracePath=[0:OPERATION:Merchant=query -> 1:REQUEST:Merchant= -> 2:RELATION:platform=Merchant.platform -> 3:PROVIDER:postgresql= -> 4:SQL:select=] mutationLineage=[]
SQL: -- TeaQL PLAIN
SELECT id, create_time AS createTime, last_update_time AS lastUpdateTime, name, version FROM platform_data WHERE (version > 0) AND (id = 1) LIMIT 1 OFFSET 0
[TeaQL SQL][query][336us] 1 rows returned outcome=success batchOutcome=not_applicable comment=matched merchant read with relation purpose=matched benchmark read auditReason= tracePath=[0:OPERATION:Merchant=query -> 1:REQUEST:Merchant= -> 2:PROVIDER:postgresql= -> 3:SQL:select=] mutationLineage=[]
SQL: -- TeaQL PLAIN
SELECT id, name, code, external_id AS externalId, task_life_hours AS taskLifeHours, version, platform FROM merchant_data WHERE (version > 0) AND (external_id = 'matched-merchant') LIMIT 1000 OFFSET 0
[TeaQL SQL][query][339us] 1 rows returned outcome=success batchOutcome=not_applicable comment=matched merchant read with relation purpose=matched benchmark read auditReason= tracePath=[0:OPERATION:Merchant=query -> 1:REQUEST:Merchant= -> 2:PROVIDER:postgresql= -> 3:SQL:select=] mutationLineage=[]
SQL: -- TeaQL PLAIN
SELECT id, name, code, external_id AS externalId, task_life_hours AS taskLifeHours, version, platform FROM merchant_data WHERE (version > 0) AND (external_id = 'matched-merchant') LIMIT 1000 OFFSET 0
[TeaQL SQL][query][292us] 1 rows returned outcome=success batchOutcome=not_applicable comment=matched merchant read with relation purpose=matched benchmark read auditReason= tracePath=[0:OPERATION:Merchant=query -> 1:REQUEST:Merchant= -> 2:RELATION:platform=Merchant.platform -> 3:PROVIDER:postgresql= -> 4:SQL:select=] mutationLineage=[]
SQL: -- TeaQL PLAIN
SELECT id, create_time AS createTime, last_update_time AS lastUpdateTime, name, version FROM platform_data WHERE (version > 0) AND (id = 1) LIMIT 1 OFFSET 0
[TeaQL SQL][query][292us] 1 rows returned outcome=success batchOutcome=not_applicable comment=matched merchant read with relation purpose=matched benchmark read auditReason= tracePath=[0:OPERATION:Merchant=query -> 1:REQUEST:Merchant= -> 2:RELATION:platform=Merchant.platform -> 3:PROVIDER:postgresql= -> 4:SQL:select=] mutationLineage=[]
SQL: -- TeaQL PLAIN
SELECT id, create_time AS createTime, last_update_time AS lastUpdateTime, name, version FROM platform_data WHERE (version > 0) AND (id = 1) LIMIT 1 OFFSET 0
[TeaQL SQL][query][336us] 1 rows returned outcome=success batchOutcome=not_applicable comment=matched merchant read with relation purpose=matched benchmark read auditReason= tracePath=[0:OPERATION:Merchant=query -> 1:REQUEST:Merchant= -> 2:PROVIDER:postgresql= -> 3:SQL:select=] mutationLineage=[]
SQL: -- TeaQL PLAIN
SELECT id, name, code, external_id AS externalId, task_life_hours AS taskLifeHours, version, platform FROM merchant_data WHERE (version > 0) AND (external_id = 'matched-merchant') LIMIT 1000 OFFSET 0
[TeaQL SQL][query][243us] 1 rows returned outcome=success batchOutcome=not_applicable comment=matched merchant read with relation purpose=matched benchmark read auditReason= tracePath=[0:OPERATION:Merchant=query -> 1:REQUEST:Merchant= -> 2:RELATION:platform=Merchant.platform -> 3:PROVIDER:postgresql= -> 4:SQL:select=] mutationLineage=[]
SQL: -- TeaQL PLAIN
SELECT id, create_time AS createTime, last_update_time AS lastUpdateTime, name, version FROM platform_data WHERE (version > 0) AND (id = 1) LIMIT 1 OFFSET 0
[TeaQL SQL][query][297us] 1 rows returned outcome=success batchOutcome=not_applicable comment=matched merchant read with relation purpose=matched benchmark read auditReason= tracePath=[0:OPERATION:Merchant=query -> 1:REQUEST:Merchant= -> 2:PROVIDER:postgresql= -> 3:SQL:select=] mutationLineage=[]
SQL: -- TeaQL PLAIN
SELECT id, name, code, external_id AS externalId, task_life_hours AS taskLifeHours, version, platform FROM merchant_data WHERE (version > 0) AND (external_id = 'matched-merchant') LIMIT 1000 OFFSET 0
[TeaQL SQL][query][242us] 1 rows returned outcome=success batchOutcome=not_applicable comment=matched merchant read with relation purpose=matched benchmark read auditReason= tracePath=[0:OPERATION:Merchant=query -> 1:REQUEST:Merchant= -> 2:RELATION:platform=Merchant.platform -> 3:PROVIDER:postgresql= -> 4:SQL:select=] mutationLineage=[]
SQL: -- TeaQL PLAIN
SELECT id, create_time AS createTime, last_update_time AS lastUpdateTime, name, version FROM platform_data WHERE (version > 0) AND (id = 1) LIMIT 1 OFFSET 0
[TeaQL SQL][query][287us] 1 rows returned outcome=success batchOutcome=not_applicable comment=matched merchant read with relation purpose=matched benchmark read auditReason= tracePath=[0:OPERATION:Merchant=query -> 1:REQUEST:Merchant= -> 2:PROVIDER:postgresql= -> 3:SQL:select=] mutationLineage=[]
SQL: -- TeaQL PLAIN
SELECT id, name, code, external_id AS externalId, task_life_hours AS taskLifeHours, version, platform FROM merchant_data WHERE (version > 0) AND (external_id = 'matched-merchant') LIMIT 1000 OFFSET 0
[TeaQL SQL][query][255us] 1 rows returned outcome=success batchOutcome=not_applicable comment=matched merchant read with relation purpose=matched benchmark read auditReason= tracePath=[0:OPERATION:Merchant=query -> 1:REQUEST:Merchant= -> 2:RELATION:platform=Merchant.platform -> 3:PROVIDER:postgresql= -> 4:SQL:select=] mutationLineage=[]
SQL: -- TeaQL PLAIN
SELECT id, create_time AS createTime, last_update_time AS lastUpdateTime, name, version FROM platform_data WHERE (version > 0) AND (id = 1) LIMIT 1 OFFSET 0
[TeaQL SQL][query][267us] 1 rows returned outcome=success batchOutcome=not_applicable comment=matched merchant read with relation purpose=matched benchmark read auditReason= tracePath=[0:OPERATION:Merchant=query -> 1:REQUEST:Merchant= -> 2:PROVIDER:postgresql= -> 3:SQL:select=] mutationLineage=[]
SQL: -- TeaQL PLAIN
SELECT id, name, code, external_id AS externalId, task_life_hours AS taskLifeHours, version, platform FROM merchant_data WHERE (version > 0) AND (external_id = 'matched-merchant') LIMIT 1000 OFFSET 0
[TeaQL SQL][query][240us] 1 rows returned outcome=success batchOutcome=not_applicable comment=matched merchant read with relation purpose=matched benchmark read auditReason= tracePath=[0:OPERATION:Merchant=query -> 1:REQUEST:Merchant= -> 2:RELATION:platform=Merchant.platform -> 3:PROVIDER:postgresql= -> 4:SQL:select=] mutationLineage=[]
SQL: -- TeaQL PLAIN
SELECT id, create_time AS createTime, last_update_time AS lastUpdateTime, name, version FROM platform_data WHERE (version > 0) AND (id = 1) LIMIT 1 OFFSET 0
[TeaQL SQL][query][417us] 1 rows returned outcome=success batchOutcome=not_applicable comment=matched merchant read with relation purpose=matched benchmark read auditReason= tracePath=[0:OPERATION:Merchant=query -> 1:REQUEST:Merchant= -> 2:PROVIDER:postgresql= -> 3:SQL:select=] mutationLineage=[]
SQL: -- TeaQL PLAIN
SELECT id, name, code, external_id AS externalId, task_life_hours AS taskLifeHours, version, platform FROM merchant_data WHERE (version > 0) AND (external_id = 'matched-merchant') LIMIT 1000 OFFSET 0
[TeaQL SQL][query][309us] 1 rows returned outcome=success batchOutcome=not_applicable comment=matched merchant read with relation purpose=matched benchmark read auditReason= tracePath=[0:OPERATION:Merchant=query -> 1:REQUEST:Merchant= -> 2:RELATION:platform=Merchant.platform -> 3:PROVIDER:postgresql= -> 4:SQL:select=] mutationLineage=[]
SQL: -- TeaQL PLAIN
SELECT id, create_time AS createTime, last_update_time AS lastUpdateTime, name, version FROM platform_data WHERE (version > 0) AND (id = 1) LIMIT 1 OFFSET 0
[TeaQL SQL][query][338us] 1 rows returned outcome=success batchOutcome=not_applicable comment=matched merchant read with relation purpose=matched benchmark read auditReason= tracePath=[0:OPERATION:Merchant=query -> 1:REQUEST:Merchant= -> 2:PROVIDER:postgresql= -> 3:SQL:select=] mutationLineage=[]
SQL: -- TeaQL PLAIN
SELECT id, name, code, external_id AS externalId, task_life_hours AS taskLifeHours, version, platform FROM merchant_data WHERE (version > 0) AND (external_id = 'matched-merchant') LIMIT 1000 OFFSET 0
[TeaQL SQL][query][390us] 1 rows returned outcome=success batchOutcome=not_applicable comment=matched merchant read with relation purpose=matched benchmark read auditReason= tracePath=[0:OPERATION:Merchant=query -> 1:REQUEST:Merchant= -> 2:RELATION:platform=Merchant.platform -> 3:PROVIDER:postgresql= -> 4:SQL:select=] mutationLineage=[]
SQL: -- TeaQL PLAIN
SELECT id, create_time AS createTime, last_update_time AS lastUpdateTime, name, version FROM platform_data WHERE (version > 0) AND (id = 1) LIMIT 1 OFFSET 0
[TeaQL SQL][query][498us] 1 rows returned outcome=success batchOutcome=not_applicable comment=matched merchant read with relation purpose=matched benchmark read auditReason= tracePath=[0:OPERATION:Merchant=query -> 1:REQUEST:Merchant= -> 2:PROVIDER:postgresql= -> 3:SQL:select=] mutationLineage=[]
SQL: -- TeaQL PLAIN
SELECT id, name, code, external_id AS externalId, task_life_hours AS taskLifeHours, version, platform FROM merchant_data WHERE (version > 0) AND (external_id = 'matched-merchant') LIMIT 1000 OFFSET 0
[TeaQL SQL][query][318us] 1 rows returned outcome=success batchOutcome=not_applicable comment=matched merchant read with relation purpose=matched benchmark read auditReason= tracePath=[0:OPERATION:Merchant=query -> 1:REQUEST:Merchant= -> 2:PROVIDER:postgresql= -> 3:SQL:select=] mutationLineage=[]
SQL: -- TeaQL PLAIN
SELECT id, name, code, external_id AS externalId, task_life_hours AS taskLifeHours, version, platform FROM merchant_data WHERE (version > 0) AND (external_id = 'matched-merchant') LIMIT 1000 OFFSET 0
[TeaQL SQL][query][349us] 1 rows returned outcome=success batchOutcome=not_applicable comment=matched merchant read with relation purpose=matched benchmark read auditReason= tracePath=[0:OPERATION:Merchant=query -> 1:REQUEST:Merchant= -> 2:RELATION:platform=Merchant.platform -> 3:PROVIDER:postgresql= -> 4:SQL:select=] mutationLineage=[]
SQL: -- TeaQL PLAIN
SELECT id, create_time AS createTime, last_update_time AS lastUpdateTime, name, version FROM platform_data WHERE (version > 0) AND (id = 1) LIMIT 1 OFFSET 0
[TeaQL SQL][query][350us] 1 rows returned outcome=success batchOutcome=not_applicable comment=matched merchant read with relation purpose=matched benchmark read auditReason= tracePath=[0:OPERATION:Merchant=query -> 1:REQUEST:Merchant= -> 2:RELATION:platform=Merchant.platform -> 3:PROVIDER:postgresql= -> 4:SQL:select=] mutationLineage=[]
SQL: -- TeaQL PLAIN
SELECT id, create_time AS createTime, last_update_time AS lastUpdateTime, name, version FROM platform_data WHERE (version > 0) AND (id = 1) LIMIT 1 OFFSET 0
[TeaQL SQL][query][392us] 1 rows returned outcome=success batchOutcome=not_applicable comment=matched merchant read with relation purpose=matched benchmark read auditReason= tracePath=[0:OPERATION:Merchant=query -> 1:REQUEST:Merchant= -> 2:PROVIDER:postgresql= -> 3:SQL:select=] mutationLineage=[]
SQL: -- TeaQL PLAIN
SELECT id, name, code, external_id AS externalId, task_life_hours AS taskLifeHours, version, platform FROM merchant_data WHERE (version > 0) AND (external_id = 'matched-merchant') LIMIT 1000 OFFSET 0
[TeaQL SQL][query][291us] 1 rows returned outcome=success batchOutcome=not_applicable comment=matched merchant read with relation purpose=matched benchmark read auditReason= tracePath=[0:OPERATION:Merchant=query -> 1:REQUEST:Merchant= -> 2:RELATION:platform=Merchant.platform -> 3:PROVIDER:postgresql= -> 4:SQL:select=] mutationLineage=[]
SQL: -- TeaQL PLAIN
SELECT id, create_time AS createTime, last_update_time AS lastUpdateTime, name, version FROM platform_data WHERE (version > 0) AND (id = 1) LIMIT 1 OFFSET 0
[TeaQL SQL][query][286us] 1 rows returned outcome=success batchOutcome=not_applicable comment=matched merchant read with relation purpose=matched benchmark read auditReason= tracePath=[0:OPERATION:Merchant=query -> 1:REQUEST:Merchant= -> 2:PROVIDER:postgresql= -> 3:SQL:select=] mutationLineage=[]
SQL: -- TeaQL PLAIN
SELECT id, name, code, external_id AS externalId, task_life_hours AS taskLifeHours, version, platform FROM merchant_data WHERE (version > 0) AND (external_id = 'matched-merchant') LIMIT 1000 OFFSET 0
[TeaQL SQL][query][225us] 1 rows returned outcome=success batchOutcome=not_applicable comment=matched merchant read with relation purpose=matched benchmark read auditReason= tracePath=[0:OPERATION:Merchant=query -> 1:REQUEST:Merchant= -> 2:RELATION:platform=Merchant.platform -> 3:PROVIDER:postgresql= -> 4:SQL:select=] mutationLineage=[]
SQL: -- TeaQL PLAIN
SELECT id, create_time AS createTime, last_update_time AS lastUpdateTime, name, version FROM platform_data WHERE (version > 0) AND (id = 1) LIMIT 1 OFFSET 0
[TeaQL SQL][query][262us] 1 rows returned outcome=success batchOutcome=not_applicable comment=matched merchant read with relation purpose=matched benchmark read auditReason= tracePath=[0:OPERATION:Merchant=query -> 1:REQUEST:Merchant= -> 2:PROVIDER:postgresql= -> 3:SQL:select=] mutationLineage=[]
SQL: -- TeaQL PLAIN
SELECT id, name, code, external_id AS externalId, task_life_hours AS taskLifeHours, version, platform FROM merchant_data WHERE (version > 0) AND (external_id = 'matched-merchant') LIMIT 1000 OFFSET 0
[TeaQL SQL][query][244us] 1 rows returned outcome=success batchOutcome=not_applicable comment=matched merchant read with relation purpose=matched benchmark read auditReason= tracePath=[0:OPERATION:Merchant=query -> 1:REQUEST:Merchant= -> 2:PROVIDER:postgresql= -> 3:SQL:select=] mutationLineage=[]
SQL: -- TeaQL PLAIN
SELECT id, name, code, external_id AS externalId, task_life_hours AS taskLifeHours, version, platform FROM merchant_data WHERE (version > 0) AND (external_id = 'matched-merchant') LIMIT 1000 OFFSET 0
[TeaQL SQL][query][324us] 1 rows returned outcome=success batchOutcome=not_applicable comment=matched merchant read with relation purpose=matched benchmark read auditReason= tracePath=[0:OPERATION:Merchant=query -> 1:REQUEST:Merchant= -> 2:RELATION:platform=Merchant.platform -> 3:PROVIDER:postgresql= -> 4:SQL:select=] mutationLineage=[]
SQL: -- TeaQL PLAIN
SELECT id, create_time AS createTime, last_update_time AS lastUpdateTime, name, version FROM platform_data WHERE (version > 0) AND (id = 1) LIMIT 1 OFFSET 0
[TeaQL SQL][query][424us] 1 rows returned outcome=success batchOutcome=not_applicable comment=matched merchant read with relation purpose=matched benchmark read auditReason= tracePath=[0:OPERATION:Merchant=query -> 1:REQUEST:Merchant= -> 2:RELATION:platform=Merchant.platform -> 3:PROVIDER:postgresql= -> 4:SQL:select=] mutationLineage=[]
SQL: -- TeaQL PLAIN
SELECT id, create_time AS createTime, last_update_time AS lastUpdateTime, name, version FROM platform_data WHERE (version > 0) AND (id = 1) LIMIT 1 OFFSET 0
[TeaQL SQL][query][383us] 1 rows returned outcome=success batchOutcome=not_applicable comment=matched merchant read with relation purpose=matched benchmark read auditReason= tracePath=[0:OPERATION:Merchant=query -> 1:REQUEST:Merchant= -> 2:PROVIDER:postgresql= -> 3:SQL:select=] mutationLineage=[]
SQL: -- TeaQL PLAIN
SELECT id, name, code, external_id AS externalId, task_life_hours AS taskLifeHours, version, platform FROM merchant_data WHERE (version > 0) AND (external_id = 'matched-merchant') LIMIT 1000 OFFSET 0
[TeaQL SQL][query][383us] 1 rows returned outcome=success batchOutcome=not_applicable comment=matched merchant read with relation purpose=matched benchmark read auditReason= tracePath=[0:OPERATION:Merchant=query -> 1:REQUEST:Merchant= -> 2:PROVIDER:postgresql= -> 3:SQL:select=] mutationLineage=[]
SQL: -- TeaQL PLAIN
SELECT id, name, code, external_id AS externalId, task_life_hours AS taskLifeHours, version, platform FROM merchant_data WHERE (version > 0) AND (external_id = 'matched-merchant') LIMIT 1000 OFFSET 0
[TeaQL SQL][query][235us] 1 rows returned outcome=success batchOutcome=not_applicable comment=matched merchant read with relation purpose=matched benchmark read auditReason= tracePath=[0:OPERATION:Merchant=query -> 1:REQUEST:Merchant= -> 2:RELATION:platform=Merchant.platform -> 3:PROVIDER:postgresql= -> 4:SQL:select=] mutationLineage=[]
SQL: -- TeaQL PLAIN
SELECT id, create_time AS createTime, last_update_time AS lastUpdateTime, name, version FROM platform_data WHERE (version > 0) AND (id = 1) LIMIT 1 OFFSET 0
[TeaQL SQL][query][281us] 1 rows returned outcome=success batchOutcome=not_applicable comment=matched merchant read with relation purpose=matched benchmark read auditReason= tracePath=[0:OPERATION:Merchant=query -> 1:REQUEST:Merchant= -> 2:RELATION:platform=Merchant.platform -> 3:PROVIDER:postgresql= -> 4:SQL:select=] mutationLineage=[]
SQL: -- TeaQL PLAIN
SELECT id, create_time AS createTime, last_update_time AS lastUpdateTime, name, version FROM platform_data WHERE (version > 0) AND (id = 1) LIMIT 1 OFFSET 0
[TeaQL SQL][query][343us] 1 rows returned outcome=success batchOutcome=not_applicable comment=matched merchant read with relation purpose=matched benchmark read auditReason= tracePath=[0:OPERATION:Merchant=query -> 1:REQUEST:Merchant= -> 2:PROVIDER:postgresql= -> 3:SQL:select=] mutationLineage=[]
SQL: -- TeaQL PLAIN
SELECT id, name, code, external_id AS externalId, task_life_hours AS taskLifeHours, version, platform FROM merchant_data WHERE (version > 0) AND (external_id = 'matched-merchant') LIMIT 1000 OFFSET 0
[TeaQL SQL][query][289us] 1 rows returned outcome=success batchOutcome=not_applicable comment=matched merchant read with relation purpose=matched benchmark read auditReason= tracePath=[0:OPERATION:Merchant=query -> 1:REQUEST:Merchant= -> 2:RELATION:platform=Merchant.platform -> 3:PROVIDER:postgresql= -> 4:SQL:select=] mutationLineage=[]
SQL: -- TeaQL PLAIN
SELECT id, create_time AS createTime, last_update_time AS lastUpdateTime, name, version FROM platform_data WHERE (version > 0) AND (id = 1) LIMIT 1 OFFSET 0
[TeaQL SQL][query][304us] 1 rows returned outcome=success batchOutcome=not_applicable comment=matched merchant read with relation purpose=matched benchmark read auditReason= tracePath=[0:OPERATION:Merchant=query -> 1:REQUEST:Merchant= -> 2:PROVIDER:postgresql= -> 3:SQL:select=] mutationLineage=[]
SQL: -- TeaQL PLAIN
SELECT id, name, code, external_id AS externalId, task_life_hours AS taskLifeHours, version, platform FROM merchant_data WHERE (version > 0) AND (external_id = 'matched-merchant') LIMIT 1000 OFFSET 0
[TeaQL SQL][query][284us] 1 rows returned outcome=success batchOutcome=not_applicable comment=matched merchant read with relation purpose=matched benchmark read auditReason= tracePath=[0:OPERATION:Merchant=query -> 1:REQUEST:Merchant= -> 2:RELATION:platform=Merchant.platform -> 3:PROVIDER:postgresql= -> 4:SQL:select=] mutationLineage=[]
SQL: -- TeaQL PLAIN
SELECT id, create_time AS createTime, last_update_time AS lastUpdateTime, name, version FROM platform_data WHERE (version > 0) AND (id = 1) LIMIT 1 OFFSET 0
[TeaQL SQL][query][256us] 1 rows returned outcome=success batchOutcome=not_applicable comment=matched merchant read with relation purpose=matched benchmark read auditReason= tracePath=[0:OPERATION:Merchant=query -> 1:REQUEST:Merchant= -> 2:PROVIDER:postgresql= -> 3:SQL:select=] mutationLineage=[]
SQL: -- TeaQL PLAIN
SELECT id, name, code, external_id AS externalId, task_life_hours AS taskLifeHours, version, platform FROM merchant_data WHERE (version > 0) AND (external_id = 'matched-merchant') LIMIT 1000 OFFSET 0
[TeaQL SQL][query][243us] 1 rows returned outcome=success batchOutcome=not_applicable comment=matched merchant read with relation purpose=matched benchmark read auditReason= tracePath=[0:OPERATION:Merchant=query -> 1:REQUEST:Merchant= -> 2:RELATION:platform=Merchant.platform -> 3:PROVIDER:postgresql= -> 4:SQL:select=] mutationLineage=[]
SQL: -- TeaQL PLAIN
SELECT id, create_time AS createTime, last_update_time AS lastUpdateTime, name, version FROM platform_data WHERE (version > 0) AND (id = 1) LIMIT 1 OFFSET 0
[TeaQL SQL][query][501us] 1 rows returned outcome=success batchOutcome=not_applicable comment=matched merchant read with relation purpose=matched benchmark read auditReason= tracePath=[0:OPERATION:Merchant=query -> 1:REQUEST:Merchant= -> 2:PROVIDER:postgresql= -> 3:SQL:select=] mutationLineage=[]
SQL: -- TeaQL PLAIN
SELECT id, name, code, external_id AS externalId, task_life_hours AS taskLifeHours, version, platform FROM merchant_data WHERE (version > 0) AND (external_id = 'matched-merchant') LIMIT 1000 OFFSET 0
[TeaQL SQL][query][316us] 1 rows returned outcome=success batchOutcome=not_applicable comment=matched merchant read with relation purpose=matched benchmark read auditReason= tracePath=[0:OPERATION:Merchant=query -> 1:REQUEST:Merchant= -> 2:PROVIDER:postgresql= -> 3:SQL:select=] mutationLineage=[]
SQL: -- TeaQL PLAIN
SELECT id, name, code, external_id AS externalId, task_life_hours AS taskLifeHours, version, platform FROM merchant_data WHERE (version > 0) AND (external_id = 'matched-merchant') LIMIT 1000 OFFSET 0
[TeaQL SQL][query][442us] 1 rows returned outcome=success batchOutcome=not_applicable comment=matched merchant read with relation purpose=matched benchmark read auditReason= tracePath=[0:OPERATION:Merchant=query -> 1:REQUEST:Merchant= -> 2:RELATION:platform=Merchant.platform -> 3:PROVIDER:postgresql= -> 4:SQL:select=] mutationLineage=[]
SQL: -- TeaQL PLAIN
SELECT id, create_time AS createTime, last_update_time AS lastUpdateTime, name, version FROM platform_data WHERE (version > 0) AND (id = 1) LIMIT 1 OFFSET 0
[TeaQL SQL][query][319us] 1 rows returned outcome=success batchOutcome=not_applicable comment=matched merchant read with relation purpose=matched benchmark read auditReason= tracePath=[0:OPERATION:Merchant=query -> 1:REQUEST:Merchant= -> 2:RELATION:platform=Merchant.platform -> 3:PROVIDER:postgresql= -> 4:SQL:select=] mutationLineage=[]
SQL: -- TeaQL PLAIN
SELECT id, create_time AS createTime, last_update_time AS lastUpdateTime, name, version FROM platform_data WHERE (version > 0) AND (id = 1) LIMIT 1 OFFSET 0
[TeaQL SQL][query][461us] 1 rows returned outcome=success batchOutcome=not_applicable comment=matched merchant read with relation purpose=matched benchmark read auditReason= tracePath=[0:OPERATION:Merchant=query -> 1:REQUEST:Merchant= -> 2:PROVIDER:postgresql= -> 3:SQL:select=] mutationLineage=[]
SQL: -- TeaQL PLAIN
SELECT id, name, code, external_id AS externalId, task_life_hours AS taskLifeHours, version, platform FROM merchant_data WHERE (version > 0) AND (external_id = 'matched-merchant') LIMIT 1000 OFFSET 0
[TeaQL SQL][query][317us] 1 rows returned outcome=success batchOutcome=not_applicable comment=matched merchant read with relation purpose=matched benchmark read auditReason= tracePath=[0:OPERATION:Merchant=query -> 1:REQUEST:Merchant= -> 2:RELATION:platform=Merchant.platform -> 3:PROVIDER:postgresql= -> 4:SQL:select=] mutationLineage=[]
SQL: -- TeaQL PLAIN
SELECT id, create_time AS createTime, last_update_time AS lastUpdateTime, name, version FROM platform_data WHERE (version > 0) AND (id = 1) LIMIT 1 OFFSET 0
[TeaQL SQL][query][308us] 1 rows returned outcome=success batchOutcome=not_applicable comment=matched merchant read with relation purpose=matched benchmark read auditReason= tracePath=[0:OPERATION:Merchant=query -> 1:REQUEST:Merchant= -> 2:PROVIDER:postgresql= -> 3:SQL:select=] mutationLineage=[]
SQL: -- TeaQL PLAIN
SELECT id, name, code, external_id AS externalId, task_life_hours AS taskLifeHours, version, platform FROM merchant_data WHERE (version > 0) AND (external_id = 'matched-merchant') LIMIT 1000 OFFSET 0
[TeaQL SQL][query][251us] 1 rows returned outcome=success batchOutcome=not_applicable comment=matched merchant read with relation purpose=matched benchmark read auditReason= tracePath=[0:OPERATION:Merchant=query -> 1:REQUEST:Merchant= -> 2:RELATION:platform=Merchant.platform -> 3:PROVIDER:postgresql= -> 4:SQL:select=] mutationLineage=[]
SQL: -- TeaQL PLAIN
SELECT id, create_time AS createTime, last_update_time AS lastUpdateTime, name, version FROM platform_data WHERE (version > 0) AND (id = 1) LIMIT 1 OFFSET 0
[TeaQL SQL][query][330us] 1 rows returned outcome=success batchOutcome=not_applicable comment=matched merchant read with relation purpose=matched benchmark read auditReason= tracePath=[0:OPERATION:Merchant=query -> 1:REQUEST:Merchant= -> 2:PROVIDER:postgresql= -> 3:SQL:select=] mutationLineage=[]
SQL: -- TeaQL PLAIN
SELECT id, name, code, external_id AS externalId, task_life_hours AS taskLifeHours, version, platform FROM merchant_data WHERE (version > 0) AND (external_id = 'matched-merchant') LIMIT 1000 OFFSET 0
[TeaQL SQL][query][278us] 1 rows returned outcome=success batchOutcome=not_applicable comment=matched merchant read with relation purpose=matched benchmark read auditReason= tracePath=[0:OPERATION:Merchant=query -> 1:REQUEST:Merchant= -> 2:RELATION:platform=Merchant.platform -> 3:PROVIDER:postgresql= -> 4:SQL:select=] mutationLineage=[]
SQL: -- TeaQL PLAIN
SELECT id, create_time AS createTime, last_update_time AS lastUpdateTime, name, version FROM platform_data WHERE (version > 0) AND (id = 1) LIMIT 1 OFFSET 0
[TeaQL SQL][query][344us] 1 rows returned outcome=success batchOutcome=not_applicable comment=matched merchant read with relation purpose=matched benchmark read auditReason= tracePath=[0:OPERATION:Merchant=query -> 1:REQUEST:Merchant= -> 2:PROVIDER:postgresql= -> 3:SQL:select=] mutationLineage=[]
SQL: -- TeaQL PLAIN
SELECT id, name, code, external_id AS externalId, task_life_hours AS taskLifeHours, version, platform FROM merchant_data WHERE (version > 0) AND (external_id = 'matched-merchant') LIMIT 1000 OFFSET 0
[TeaQL SQL][query][278us] 1 rows returned outcome=success batchOutcome=not_applicable comment=matched merchant read with relation purpose=matched benchmark read auditReason= tracePath=[0:OPERATION:Merchant=query -> 1:REQUEST:Merchant= -> 2:RELATION:platform=Merchant.platform -> 3:PROVIDER:postgresql= -> 4:SQL:select=] mutationLineage=[]
SQL: -- TeaQL PLAIN
SELECT id, create_time AS createTime, last_update_time AS lastUpdateTime, name, version FROM platform_data WHERE (version > 0) AND (id = 1) LIMIT 1 OFFSET 0
[TeaQL SQL][query][282us] 1 rows returned outcome=success batchOutcome=not_applicable comment=matched merchant read with relation purpose=matched benchmark read auditReason= tracePath=[0:OPERATION:Merchant=query -> 1:REQUEST:Merchant= -> 2:PROVIDER:postgresql= -> 3:SQL:select=] mutationLineage=[]
SQL: -- TeaQL PLAIN
SELECT id, name, code, external_id AS externalId, task_life_hours AS taskLifeHours, version, platform FROM merchant_data WHERE (version > 0) AND (external_id = 'matched-merchant') LIMIT 1000 OFFSET 0
[TeaQL SQL][query][262us] 1 rows returned outcome=success batchOutcome=not_applicable comment=matched merchant read with relation purpose=matched benchmark read auditReason= tracePath=[0:OPERATION:Merchant=query -> 1:REQUEST:Merchant= -> 2:RELATION:platform=Merchant.platform -> 3:PROVIDER:postgresql= -> 4:SQL:select=] mutationLineage=[]
SQL: -- TeaQL PLAIN
SELECT id, create_time AS createTime, last_update_time AS lastUpdateTime, name, version FROM platform_data WHERE (version > 0) AND (id = 1) LIMIT 1 OFFSET 0
[TeaQL SQL][query][292us] 1 rows returned outcome=success batchOutcome=not_applicable comment=matched merchant read with relation purpose=matched benchmark read auditReason= tracePath=[0:OPERATION:Merchant=query -> 1:REQUEST:Merchant= -> 2:PROVIDER:postgresql= -> 3:SQL:select=] mutationLineage=[]
SQL: -- TeaQL PLAIN
SELECT id, name, code, external_id AS externalId, task_life_hours AS taskLifeHours, version, platform FROM merchant_data WHERE (version > 0) AND (external_id = 'matched-merchant') LIMIT 1000 OFFSET 0
[TeaQL SQL][query][290us] 1 rows returned outcome=success batchOutcome=not_applicable comment=matched merchant read with relation purpose=matched benchmark read auditReason= tracePath=[0:OPERATION:Merchant=query -> 1:REQUEST:Merchant= -> 2:RELATION:platform=Merchant.platform -> 3:PROVIDER:postgresql= -> 4:SQL:select=] mutationLineage=[]
SQL: -- TeaQL PLAIN
SELECT id, create_time AS createTime, last_update_time AS lastUpdateTime, name, version FROM platform_data WHERE (version > 0) AND (id = 1) LIMIT 1 OFFSET 0
[TeaQL SQL][query][341us] 1 rows returned outcome=success batchOutcome=not_applicable comment=matched merchant read with relation purpose=matched benchmark read auditReason= tracePath=[0:OPERATION:Merchant=query -> 1:REQUEST:Merchant= -> 2:PROVIDER:postgresql= -> 3:SQL:select=] mutationLineage=[]
SQL: -- TeaQL PLAIN
SELECT id, name, code, external_id AS externalId, task_life_hours AS taskLifeHours, version, platform FROM merchant_data WHERE (version > 0) AND (external_id = 'matched-merchant') LIMIT 1000 OFFSET 0
[TeaQL SQL][query][288us] 1 rows returned outcome=success batchOutcome=not_applicable comment=matched merchant read with relation purpose=matched benchmark read auditReason= tracePath=[0:OPERATION:Merchant=query -> 1:REQUEST:Merchant= -> 2:RELATION:platform=Merchant.platform -> 3:PROVIDER:postgresql= -> 4:SQL:select=] mutationLineage=[]
SQL: -- TeaQL PLAIN
SELECT id, create_time AS createTime, last_update_time AS lastUpdateTime, name, version FROM platform_data WHERE (version > 0) AND (id = 1) LIMIT 1 OFFSET 0
[TeaQL SQL][query][489us] 1 rows returned outcome=success batchOutcome=not_applicable comment=matched merchant read with relation purpose=matched benchmark read auditReason= tracePath=[0:OPERATION:Merchant=query -> 1:REQUEST:Merchant= -> 2:PROVIDER:postgresql= -> 3:SQL:select=] mutationLineage=[]
SQL: -- TeaQL PLAIN
SELECT id, name, code, external_id AS externalId, task_life_hours AS taskLifeHours, version, platform FROM merchant_data WHERE (version > 0) AND (external_id = 'matched-merchant') LIMIT 1000 OFFSET 0
[TeaQL SQL][query][452us] 1 rows returned outcome=success batchOutcome=not_applicable comment=matched merchant read with relation purpose=matched benchmark read auditReason= tracePath=[0:OPERATION:Merchant=query -> 1:REQUEST:Merchant= -> 2:RELATION:platform=Merchant.platform -> 3:PROVIDER:postgresql= -> 4:SQL:select=] mutationLineage=[]
SQL: -- TeaQL PLAIN
SELECT id, create_time AS createTime, last_update_time AS lastUpdateTime, name, version FROM platform_data WHERE (version > 0) AND (id = 1) LIMIT 1 OFFSET 0
[TeaQL SQL][query][301us] 1 rows returned outcome=success batchOutcome=not_applicable comment=matched merchant read with relation purpose=matched benchmark read auditReason= tracePath=[0:OPERATION:Merchant=query -> 1:REQUEST:Merchant= -> 2:PROVIDER:postgresql= -> 3:SQL:select=] mutationLineage=[]
SQL: -- TeaQL PLAIN
SELECT id, name, code, external_id AS externalId, task_life_hours AS taskLifeHours, version, platform FROM merchant_data WHERE (version > 0) AND (external_id = 'matched-merchant') LIMIT 1000 OFFSET 0
[TeaQL SQL][query][425us] 1 rows returned outcome=success batchOutcome=not_applicable comment=matched merchant read with relation purpose=matched benchmark read auditReason= tracePath=[0:OPERATION:Merchant=query -> 1:REQUEST:Merchant= -> 2:RELATION:platform=Merchant.platform -> 3:PROVIDER:postgresql= -> 4:SQL:select=] mutationLineage=[]
SQL: -- TeaQL PLAIN
SELECT id, create_time AS createTime, last_update_time AS lastUpdateTime, name, version FROM platform_data WHERE (version > 0) AND (id = 1) LIMIT 1 OFFSET 0
[TeaQL SQL][query][359us] 1 rows returned outcome=success batchOutcome=not_applicable comment=matched merchant read with relation purpose=matched benchmark read auditReason= tracePath=[0:OPERATION:Merchant=query -> 1:REQUEST:Merchant= -> 2:PROVIDER:postgresql= -> 3:SQL:select=] mutationLineage=[]
SQL: -- TeaQL PLAIN
SELECT id, name, code, external_id AS externalId, task_life_hours AS taskLifeHours, version, platform FROM merchant_data WHERE (version > 0) AND (external_id = 'matched-merchant') LIMIT 1000 OFFSET 0
[TeaQL SQL][query][295us] 1 rows returned outcome=success batchOutcome=not_applicable comment=matched merchant read with relation purpose=matched benchmark read auditReason= tracePath=[0:OPERATION:Merchant=query -> 1:REQUEST:Merchant= -> 2:RELATION:platform=Merchant.platform -> 3:PROVIDER:postgresql= -> 4:SQL:select=] mutationLineage=[]
SQL: -- TeaQL PLAIN
SELECT id, create_time AS createTime, last_update_time AS lastUpdateTime, name, version FROM platform_data WHERE (version > 0) AND (id = 1) LIMIT 1 OFFSET 0
[TeaQL SQL][query][264us] 1 rows returned outcome=success batchOutcome=not_applicable comment=matched merchant read with relation purpose=matched benchmark read auditReason= tracePath=[0:OPERATION:Merchant=query -> 1:REQUEST:Merchant= -> 2:PROVIDER:postgresql= -> 3:SQL:select=] mutationLineage=[]
SQL: -- TeaQL PLAIN
SELECT id, name, code, external_id AS externalId, task_life_hours AS taskLifeHours, version, platform FROM merchant_data WHERE (version > 0) AND (external_id = 'matched-merchant') LIMIT 1000 OFFSET 0
[TeaQL SQL][query][255us] 1 rows returned outcome=success batchOutcome=not_applicable comment=matched merchant read with relation purpose=matched benchmark read auditReason= tracePath=[0:OPERATION:Merchant=query -> 1:REQUEST:Merchant= -> 2:RELATION:platform=Merchant.platform -> 3:PROVIDER:postgresql= -> 4:SQL:select=] mutationLineage=[]
SQL: -- TeaQL PLAIN
SELECT id, create_time AS createTime, last_update_time AS lastUpdateTime, name, version FROM platform_data WHERE (version > 0) AND (id = 1) LIMIT 1 OFFSET 0
[TeaQL SQL][query][287us] 1 rows returned outcome=success batchOutcome=not_applicable comment=matched merchant read with relation purpose=matched benchmark read auditReason= tracePath=[0:OPERATION:Merchant=query -> 1:REQUEST:Merchant= -> 2:PROVIDER:postgresql= -> 3:SQL:select=] mutationLineage=[]
SQL: -- TeaQL PLAIN
SELECT id, name, code, external_id AS externalId, task_life_hours AS taskLifeHours, version, platform FROM merchant_data WHERE (version > 0) AND (external_id = 'matched-merchant') LIMIT 1000 OFFSET 0
[TeaQL SQL][query][238us] 1 rows returned outcome=success batchOutcome=not_applicable comment=matched merchant read with relation purpose=matched benchmark read auditReason= tracePath=[0:OPERATION:Merchant=query -> 1:REQUEST:Merchant= -> 2:RELATION:platform=Merchant.platform -> 3:PROVIDER:postgresql= -> 4:SQL:select=] mutationLineage=[]
SQL: -- TeaQL PLAIN
SELECT id, create_time AS createTime, last_update_time AS lastUpdateTime, name, version FROM platform_data WHERE (version > 0) AND (id = 1) LIMIT 1 OFFSET 0
[TeaQL SQL][query][441us] 1 rows returned outcome=success batchOutcome=not_applicable comment=matched merchant read with relation purpose=matched benchmark read auditReason= tracePath=[0:OPERATION:Merchant=query -> 1:REQUEST:Merchant= -> 2:PROVIDER:postgresql= -> 3:SQL:select=] mutationLineage=[]
SQL: -- TeaQL PLAIN
SELECT id, name, code, external_id AS externalId, task_life_hours AS taskLifeHours, version, platform FROM merchant_data WHERE (version > 0) AND (external_id = 'matched-merchant') LIMIT 1000 OFFSET 0
[TeaQL SQL][query][396us] 1 rows returned outcome=success batchOutcome=not_applicable comment=matched merchant read with relation purpose=matched benchmark read auditReason= tracePath=[0:OPERATION:Merchant=query -> 1:REQUEST:Merchant= -> 2:RELATION:platform=Merchant.platform -> 3:PROVIDER:postgresql= -> 4:SQL:select=] mutationLineage=[]
SQL: -- TeaQL PLAIN
SELECT id, create_time AS createTime, last_update_time AS lastUpdateTime, name, version FROM platform_data WHERE (version > 0) AND (id = 1) LIMIT 1 OFFSET 0
[TeaQL SQL][query][465us] 1 rows returned outcome=success batchOutcome=not_applicable comment=matched merchant read with relation purpose=matched benchmark read auditReason= tracePath=[0:OPERATION:Merchant=query -> 1:REQUEST:Merchant= -> 2:PROVIDER:postgresql= -> 3:SQL:select=] mutationLineage=[]
SQL: -- TeaQL PLAIN
SELECT id, name, code, external_id AS externalId, task_life_hours AS taskLifeHours, version, platform FROM merchant_data WHERE (version > 0) AND (external_id = 'matched-merchant') LIMIT 1000 OFFSET 0
[TeaQL SQL][query][357us] 1 rows returned outcome=success batchOutcome=not_applicable comment=matched merchant read with relation purpose=matched benchmark read auditReason= tracePath=[0:OPERATION:Merchant=query -> 1:REQUEST:Merchant= -> 2:PROVIDER:postgresql= -> 3:SQL:select=] mutationLineage=[]
SQL: -- TeaQL PLAIN
SELECT id, name, code, external_id AS externalId, task_life_hours AS taskLifeHours, version, platform FROM merchant_data WHERE (version > 0) AND (external_id = 'matched-merchant') LIMIT 1000 OFFSET 0
[TeaQL SQL][query][296us] 1 rows returned outcome=success batchOutcome=not_applicable comment=matched merchant read with relation purpose=matched benchmark read auditReason= tracePath=[0:OPERATION:Merchant=query -> 1:REQUEST:Merchant= -> 2:RELATION:platform=Merchant.platform -> 3:PROVIDER:postgresql= -> 4:SQL:select=] mutationLineage=[]
SQL: -- TeaQL PLAIN
SELECT id, create_time AS createTime, last_update_time AS lastUpdateTime, name, version FROM platform_data WHERE (version > 0) AND (id = 1) LIMIT 1 OFFSET 0
[TeaQL SQL][query][451us] 1 rows returned outcome=success batchOutcome=not_applicable comment=matched merchant read with relation purpose=matched benchmark read auditReason= tracePath=[0:OPERATION:Merchant=query -> 1:REQUEST:Merchant= -> 2:RELATION:platform=Merchant.platform -> 3:PROVIDER:postgresql= -> 4:SQL:select=] mutationLineage=[]
SQL: -- TeaQL PLAIN
SELECT id, create_time AS createTime, last_update_time AS lastUpdateTime, name, version FROM platform_data WHERE (version > 0) AND (id = 1) LIMIT 1 OFFSET 0
[TeaQL SQL][query][372us] 1 rows returned outcome=success batchOutcome=not_applicable comment=matched merchant read with relation purpose=matched benchmark read auditReason= tracePath=[0:OPERATION:Merchant=query -> 1:REQUEST:Merchant= -> 2:PROVIDER:postgresql= -> 3:SQL:select=] mutationLineage=[]
SQL: -- TeaQL PLAIN
SELECT id, name, code, external_id AS externalId, task_life_hours AS taskLifeHours, version, platform FROM merchant_data WHERE (version > 0) AND (external_id = 'matched-merchant') LIMIT 1000 OFFSET 0
[TeaQL SQL][query][259us] 1 rows returned outcome=success batchOutcome=not_applicable comment=matched merchant read with relation purpose=matched benchmark read auditReason= tracePath=[0:OPERATION:Merchant=query -> 1:REQUEST:Merchant= -> 2:RELATION:platform=Merchant.platform -> 3:PROVIDER:postgresql= -> 4:SQL:select=] mutationLineage=[]
SQL: -- TeaQL PLAIN
SELECT id, create_time AS createTime, last_update_time AS lastUpdateTime, name, version FROM platform_data WHERE (version > 0) AND (id = 1) LIMIT 1 OFFSET 0
[TeaQL SQL][query][303us] 1 rows returned outcome=success batchOutcome=not_applicable comment=matched merchant read with relation purpose=matched benchmark read auditReason= tracePath=[0:OPERATION:Merchant=query -> 1:REQUEST:Merchant= -> 2:PROVIDER:postgresql= -> 3:SQL:select=] mutationLineage=[]
SQL: -- TeaQL PLAIN
SELECT id, name, code, external_id AS externalId, task_life_hours AS taskLifeHours, version, platform FROM merchant_data WHERE (version > 0) AND (external_id = 'matched-merchant') LIMIT 1000 OFFSET 0
[TeaQL SQL][query][256us] 1 rows returned outcome=success batchOutcome=not_applicable comment=matched merchant read with relation purpose=matched benchmark read auditReason= tracePath=[0:OPERATION:Merchant=query -> 1:REQUEST:Merchant= -> 2:RELATION:platform=Merchant.platform -> 3:PROVIDER:postgresql= -> 4:SQL:select=] mutationLineage=[]
SQL: -- TeaQL PLAIN
SELECT id, create_time AS createTime, last_update_time AS lastUpdateTime, name, version FROM platform_data WHERE (version > 0) AND (id = 1) LIMIT 1 OFFSET 0
[TeaQL SQL][query][279us] 1 rows returned outcome=success batchOutcome=not_applicable comment=matched merchant read with relation purpose=matched benchmark read auditReason= tracePath=[0:OPERATION:Merchant=query -> 1:REQUEST:Merchant= -> 2:PROVIDER:postgresql= -> 3:SQL:select=] mutationLineage=[]
SQL: -- TeaQL PLAIN
SELECT id, name, code, external_id AS externalId, task_life_hours AS taskLifeHours, version, platform FROM merchant_data WHERE (version > 0) AND (external_id = 'matched-merchant') LIMIT 1000 OFFSET 0
[TeaQL SQL][query][244us] 1 rows returned outcome=success batchOutcome=not_applicable comment=matched merchant read with relation purpose=matched benchmark read auditReason= tracePath=[0:OPERATION:Merchant=query -> 1:REQUEST:Merchant= -> 2:RELATION:platform=Merchant.platform -> 3:PROVIDER:postgresql= -> 4:SQL:select=] mutationLineage=[]
SQL: -- TeaQL PLAIN
SELECT id, create_time AS createTime, last_update_time AS lastUpdateTime, name, version FROM platform_data WHERE (version > 0) AND (id = 1) LIMIT 1 OFFSET 0
[TeaQL SQL][query][338us] 1 rows returned outcome=success batchOutcome=not_applicable comment=matched merchant read with relation purpose=matched benchmark read auditReason= tracePath=[0:OPERATION:Merchant=query -> 1:REQUEST:Merchant= -> 2:PROVIDER:postgresql= -> 3:SQL:select=] mutationLineage=[]
SQL: -- TeaQL PLAIN
SELECT id, name, code, external_id AS externalId, task_life_hours AS taskLifeHours, version, platform FROM merchant_data WHERE (version > 0) AND (external_id = 'matched-merchant') LIMIT 1000 OFFSET 0
[TeaQL SQL][query][279us] 1 rows returned outcome=success batchOutcome=not_applicable comment=matched merchant read with relation purpose=matched benchmark read auditReason= tracePath=[0:OPERATION:Merchant=query -> 1:REQUEST:Merchant= -> 2:RELATION:platform=Merchant.platform -> 3:PROVIDER:postgresql= -> 4:SQL:select=] mutationLineage=[]
SQL: -- TeaQL PLAIN
SELECT id, create_time AS createTime, last_update_time AS lastUpdateTime, name, version FROM platform_data WHERE (version > 0) AND (id = 1) LIMIT 1 OFFSET 0
[TeaQL SQL][query][437us] 1 rows returned outcome=success batchOutcome=not_applicable comment=matched merchant read with relation purpose=matched benchmark read auditReason= tracePath=[0:OPERATION:Merchant=query -> 1:REQUEST:Merchant= -> 2:PROVIDER:postgresql= -> 3:SQL:select=] mutationLineage=[]
SQL: -- TeaQL PLAIN
SELECT id, name, code, external_id AS externalId, task_life_hours AS taskLifeHours, version, platform FROM merchant_data WHERE (version > 0) AND (external_id = 'matched-merchant') LIMIT 1000 OFFSET 0
[TeaQL SQL][query][355us] 1 rows returned outcome=success batchOutcome=not_applicable comment=matched merchant read with relation purpose=matched benchmark read auditReason= tracePath=[0:OPERATION:Merchant=query -> 1:REQUEST:Merchant= -> 2:RELATION:platform=Merchant.platform -> 3:PROVIDER:postgresql= -> 4:SQL:select=] mutationLineage=[]
SQL: -- TeaQL PLAIN
SELECT id, create_time AS createTime, last_update_time AS lastUpdateTime, name, version FROM platform_data WHERE (version > 0) AND (id = 1) LIMIT 1 OFFSET 0
[TeaQL SQL][query][425us] 1 rows returned outcome=success batchOutcome=not_applicable comment=matched merchant read with relation purpose=matched benchmark read auditReason= tracePath=[0:OPERATION:Merchant=query -> 1:REQUEST:Merchant= -> 2:PROVIDER:postgresql= -> 3:SQL:select=] mutationLineage=[]
SQL: -- TeaQL PLAIN
SELECT id, name, code, external_id AS externalId, task_life_hours AS taskLifeHours, version, platform FROM merchant_data WHERE (version > 0) AND (external_id = 'matched-merchant') LIMIT 1000 OFFSET 0
[TeaQL SQL][query][291us] 1 rows returned outcome=success batchOutcome=not_applicable comment=matched merchant read with relation purpose=matched benchmark read auditReason= tracePath=[0:OPERATION:Merchant=query -> 1:REQUEST:Merchant= -> 2:RELATION:platform=Merchant.platform -> 3:PROVIDER:postgresql= -> 4:SQL:select=] mutationLineage=[]
SQL: -- TeaQL PLAIN
SELECT id, create_time AS createTime, last_update_time AS lastUpdateTime, name, version FROM platform_data WHERE (version > 0) AND (id = 1) LIMIT 1 OFFSET 0
[TeaQL SQL][query][344us] 1 rows returned outcome=success batchOutcome=not_applicable comment=matched merchant read with relation purpose=matched benchmark read auditReason= tracePath=[0:OPERATION:Merchant=query -> 1:REQUEST:Merchant= -> 2:PROVIDER:postgresql= -> 3:SQL:select=] mutationLineage=[]
SQL: -- TeaQL PLAIN
SELECT id, name, code, external_id AS externalId, task_life_hours AS taskLifeHours, version, platform FROM merchant_data WHERE (version > 0) AND (external_id = 'matched-merchant') LIMIT 1000 OFFSET 0
[TeaQL SQL][query][266us] 1 rows returned outcome=success batchOutcome=not_applicable comment=matched merchant read with relation purpose=matched benchmark read auditReason= tracePath=[0:OPERATION:Merchant=query -> 1:REQUEST:Merchant= -> 2:RELATION:platform=Merchant.platform -> 3:PROVIDER:postgresql= -> 4:SQL:select=] mutationLineage=[]
SQL: -- TeaQL PLAIN
SELECT id, create_time AS createTime, last_update_time AS lastUpdateTime, name, version FROM platform_data WHERE (version > 0) AND (id = 1) LIMIT 1 OFFSET 0
[TeaQL SQL][query][332us] 1 rows returned outcome=success batchOutcome=not_applicable comment=matched merchant read with relation purpose=matched benchmark read auditReason= tracePath=[0:OPERATION:Merchant=query -> 1:REQUEST:Merchant= -> 2:PROVIDER:postgresql= -> 3:SQL:select=] mutationLineage=[]
SQL: -- TeaQL PLAIN
SELECT id, name, code, external_id AS externalId, task_life_hours AS taskLifeHours, version, platform FROM merchant_data WHERE (version > 0) AND (external_id = 'matched-merchant') LIMIT 1000 OFFSET 0
[TeaQL SQL][query][290us] 1 rows returned outcome=success batchOutcome=not_applicable comment=matched merchant read with relation purpose=matched benchmark read auditReason= tracePath=[0:OPERATION:Merchant=query -> 1:REQUEST:Merchant= -> 2:RELATION:platform=Merchant.platform -> 3:PROVIDER:postgresql= -> 4:SQL:select=] mutationLineage=[]
SQL: -- TeaQL PLAIN
SELECT id, create_time AS createTime, last_update_time AS lastUpdateTime, name, version FROM platform_data WHERE (version > 0) AND (id = 1) LIMIT 1 OFFSET 0
[TeaQL SQL][query][298us] 1 rows returned outcome=success batchOutcome=not_applicable comment=matched merchant read with relation purpose=matched benchmark read auditReason= tracePath=[0:OPERATION:Merchant=query -> 1:REQUEST:Merchant= -> 2:PROVIDER:postgresql= -> 3:SQL:select=] mutationLineage=[]
SQL: -- TeaQL PLAIN
SELECT id, name, code, external_id AS externalId, task_life_hours AS taskLifeHours, version, platform FROM merchant_data WHERE (version > 0) AND (external_id = 'matched-merchant') LIMIT 1000 OFFSET 0
[TeaQL SQL][query][255us] 1 rows returned outcome=success batchOutcome=not_applicable comment=matched merchant read with relation purpose=matched benchmark read auditReason= tracePath=[0:OPERATION:Merchant=query -> 1:REQUEST:Merchant= -> 2:RELATION:platform=Merchant.platform -> 3:PROVIDER:postgresql= -> 4:SQL:select=] mutationLineage=[]
SQL: -- TeaQL PLAIN
SELECT id, create_time AS createTime, last_update_time AS lastUpdateTime, name, version FROM platform_data WHERE (version > 0) AND (id = 1) LIMIT 1 OFFSET 0
[TeaQL SQL][query][303us] 1 rows returned outcome=success batchOutcome=not_applicable comment=matched merchant read with relation purpose=matched benchmark read auditReason= tracePath=[0:OPERATION:Merchant=query -> 1:REQUEST:Merchant= -> 2:PROVIDER:postgresql= -> 3:SQL:select=] mutationLineage=[]
SQL: -- TeaQL PLAIN
SELECT id, name, code, external_id AS externalId, task_life_hours AS taskLifeHours, version, platform FROM merchant_data WHERE (version > 0) AND (external_id = 'matched-merchant') LIMIT 1000 OFFSET 0
[TeaQL SQL][query][273us] 1 rows returned outcome=success batchOutcome=not_applicable comment=matched merchant read with relation purpose=matched benchmark read auditReason= tracePath=[0:OPERATION:Merchant=query -> 1:REQUEST:Merchant= -> 2:RELATION:platform=Merchant.platform -> 3:PROVIDER:postgresql= -> 4:SQL:select=] mutationLineage=[]
SQL: -- TeaQL PLAIN
SELECT id, create_time AS createTime, last_update_time AS lastUpdateTime, name, version FROM platform_data WHERE (version > 0) AND (id = 1) LIMIT 1 OFFSET 0
[TeaQL SQL][query][403us] 1 rows returned outcome=success batchOutcome=not_applicable comment=matched merchant read with relation purpose=matched benchmark read auditReason= tracePath=[0:OPERATION:Merchant=query -> 1:REQUEST:Merchant= -> 2:PROVIDER:postgresql= -> 3:SQL:select=] mutationLineage=[]
SQL: -- TeaQL PLAIN
SELECT id, name, code, external_id AS externalId, task_life_hours AS taskLifeHours, version, platform FROM merchant_data WHERE (version > 0) AND (external_id = 'matched-merchant') LIMIT 1000 OFFSET 0
[TeaQL SQL][query][319us] 1 rows returned outcome=success batchOutcome=not_applicable comment=matched merchant read with relation purpose=matched benchmark read auditReason= tracePath=[0:OPERATION:Merchant=query -> 1:REQUEST:Merchant= -> 2:PROVIDER:postgresql= -> 3:SQL:select=] mutationLineage=[]
SQL: -- TeaQL PLAIN
SELECT id, name, code, external_id AS externalId, task_life_hours AS taskLifeHours, version, platform FROM merchant_data WHERE (version > 0) AND (external_id = 'matched-merchant') LIMIT 1000 OFFSET 0
[TeaQL SQL][query][288us] 1 rows returned outcome=success batchOutcome=not_applicable comment=matched merchant read with relation purpose=matched benchmark read auditReason= tracePath=[0:OPERATION:Merchant=query -> 1:REQUEST:Merchant= -> 2:RELATION:platform=Merchant.platform -> 3:PROVIDER:postgresql= -> 4:SQL:select=] mutationLineage=[]
SQL: -- TeaQL PLAIN
SELECT id, create_time AS createTime, last_update_time AS lastUpdateTime, name, version FROM platform_data WHERE (version > 0) AND (id = 1) LIMIT 1 OFFSET 0
[TeaQL SQL][query][255us] 1 rows returned outcome=success batchOutcome=not_applicable comment=matched merchant read with relation purpose=matched benchmark read auditReason= tracePath=[0:OPERATION:Merchant=query -> 1:REQUEST:Merchant= -> 2:RELATION:platform=Merchant.platform -> 3:PROVIDER:postgresql= -> 4:SQL:select=] mutationLineage=[]
SQL: -- TeaQL PLAIN
SELECT id, create_time AS createTime, last_update_time AS lastUpdateTime, name, version FROM platform_data WHERE (version > 0) AND (id = 1) LIMIT 1 OFFSET 0
[TeaQL SQL][query][332us] 1 rows returned outcome=success batchOutcome=not_applicable comment=matched merchant read with relation purpose=matched benchmark read auditReason= tracePath=[0:OPERATION:Merchant=query -> 1:REQUEST:Merchant= -> 2:PROVIDER:postgresql= -> 3:SQL:select=] mutationLineage=[]
SQL: -- TeaQL PLAIN
SELECT id, name, code, external_id AS externalId, task_life_hours AS taskLifeHours, version, platform FROM merchant_data WHERE (version > 0) AND (external_id = 'matched-merchant') LIMIT 1000 OFFSET 0
[TeaQL SQL][query][322us] 1 rows returned outcome=success batchOutcome=not_applicable comment=matched merchant read with relation purpose=matched benchmark read auditReason= tracePath=[0:OPERATION:Merchant=query -> 1:REQUEST:Merchant= -> 2:PROVIDER:postgresql= -> 3:SQL:select=] mutationLineage=[]
SQL: -- TeaQL PLAIN
SELECT id, name, code, external_id AS externalId, task_life_hours AS taskLifeHours, version, platform FROM merchant_data WHERE (version > 0) AND (external_id = 'matched-merchant') LIMIT 1000 OFFSET 0
[TeaQL SQL][query][288us] 1 rows returned outcome=success batchOutcome=not_applicable comment=matched merchant read with relation purpose=matched benchmark read auditReason= tracePath=[0:OPERATION:Merchant=query -> 1:REQUEST:Merchant= -> 2:RELATION:platform=Merchant.platform -> 3:PROVIDER:postgresql= -> 4:SQL:select=] mutationLineage=[]
SQL: -- TeaQL PLAIN
SELECT id, create_time AS createTime, last_update_time AS lastUpdateTime, name, version FROM platform_data WHERE (version > 0) AND (id = 1) LIMIT 1 OFFSET 0
[TeaQL SQL][query][267us] 1 rows returned outcome=success batchOutcome=not_applicable comment=matched merchant read with relation purpose=matched benchmark read auditReason= tracePath=[0:OPERATION:Merchant=query -> 1:REQUEST:Merchant= -> 2:RELATION:platform=Merchant.platform -> 3:PROVIDER:postgresql= -> 4:SQL:select=] mutationLineage=[]
SQL: -- TeaQL PLAIN
SELECT id, create_time AS createTime, last_update_time AS lastUpdateTime, name, version FROM platform_data WHERE (version > 0) AND (id = 1) LIMIT 1 OFFSET 0
[TeaQL SQL][query][337us] 1 rows returned outcome=success batchOutcome=not_applicable comment=matched merchant read with relation purpose=matched benchmark read auditReason= tracePath=[0:OPERATION:Merchant=query -> 1:REQUEST:Merchant= -> 2:PROVIDER:postgresql= -> 3:SQL:select=] mutationLineage=[]
SQL: -- TeaQL PLAIN
SELECT id, name, code, external_id AS externalId, task_life_hours AS taskLifeHours, version, platform FROM merchant_data WHERE (version > 0) AND (external_id = 'matched-merchant') LIMIT 1000 OFFSET 0
[TeaQL SQL][query][341us] 1 rows returned outcome=success batchOutcome=not_applicable comment=matched merchant read with relation purpose=matched benchmark read auditReason= tracePath=[0:OPERATION:Merchant=query -> 1:REQUEST:Merchant= -> 2:PROVIDER:postgresql= -> 3:SQL:select=] mutationLineage=[]
SQL: -- TeaQL PLAIN
SELECT id, name, code, external_id AS externalId, task_life_hours AS taskLifeHours, version, platform FROM merchant_data WHERE (version > 0) AND (external_id = 'matched-merchant') LIMIT 1000 OFFSET 0
[TeaQL SQL][query][453us] 1 rows returned outcome=success batchOutcome=not_applicable comment=matched merchant read with relation purpose=matched benchmark read auditReason= tracePath=[0:OPERATION:Merchant=query -> 1:REQUEST:Merchant= -> 2:RELATION:platform=Merchant.platform -> 3:PROVIDER:postgresql= -> 4:SQL:select=] mutationLineage=[]
SQL: -- TeaQL PLAIN
SELECT id, create_time AS createTime, last_update_time AS lastUpdateTime, name, version FROM platform_data WHERE (version > 0) AND (id = 1) LIMIT 1 OFFSET 0
[TeaQL SQL][query][443us] 1 rows returned outcome=success batchOutcome=not_applicable comment=matched merchant read with relation purpose=matched benchmark read auditReason= tracePath=[0:OPERATION:Merchant=query -> 1:REQUEST:Merchant= -> 2:RELATION:platform=Merchant.platform -> 3:PROVIDER:postgresql= -> 4:SQL:select=] mutationLineage=[]
SQL: -- TeaQL PLAIN
SELECT id, create_time AS createTime, last_update_time AS lastUpdateTime, name, version FROM platform_data WHERE (version > 0) AND (id = 1) LIMIT 1 OFFSET 0
[TeaQL SQL][query][400us] 1 rows returned outcome=success batchOutcome=not_applicable comment=matched merchant read with relation purpose=matched benchmark read auditReason= tracePath=[0:OPERATION:Merchant=query -> 1:REQUEST:Merchant= -> 2:PROVIDER:postgresql= -> 3:SQL:select=] mutationLineage=[]
SQL: -- TeaQL PLAIN
SELECT id, name, code, external_id AS externalId, task_life_hours AS taskLifeHours, version, platform FROM merchant_data WHERE (version > 0) AND (external_id = 'matched-merchant') LIMIT 1000 OFFSET 0
[TeaQL SQL][query][400us] 1 rows returned outcome=success batchOutcome=not_applicable comment=matched merchant read with relation purpose=matched benchmark read auditReason= tracePath=[0:OPERATION:Merchant=query -> 1:REQUEST:Merchant= -> 2:PROVIDER:postgresql= -> 3:SQL:select=] mutationLineage=[]
SQL: -- TeaQL PLAIN
SELECT id, name, code, external_id AS externalId, task_life_hours AS taskLifeHours, version, platform FROM merchant_data WHERE (version > 0) AND (external_id = 'matched-merchant') LIMIT 1000 OFFSET 0
[TeaQL SQL][query][301us] 1 rows returned outcome=success batchOutcome=not_applicable comment=matched merchant read with relation purpose=matched benchmark read auditReason= tracePath=[0:OPERATION:Merchant=query -> 1:REQUEST:Merchant= -> 2:RELATION:platform=Merchant.platform -> 3:PROVIDER:postgresql= -> 4:SQL:select=] mutationLineage=[]
SQL: -- TeaQL PLAIN
SELECT id, create_time AS createTime, last_update_time AS lastUpdateTime, name, version FROM platform_data WHERE (version > 0) AND (id = 1) LIMIT 1 OFFSET 0
[TeaQL SQL][query][309us] 1 rows returned outcome=success batchOutcome=not_applicable comment=matched merchant read with relation purpose=matched benchmark read auditReason= tracePath=[0:OPERATION:Merchant=query -> 1:REQUEST:Merchant= -> 2:RELATION:platform=Merchant.platform -> 3:PROVIDER:postgresql= -> 4:SQL:select=] mutationLineage=[]
SQL: -- TeaQL PLAIN
SELECT id, create_time AS createTime, last_update_time AS lastUpdateTime, name, version FROM platform_data WHERE (version > 0) AND (id = 1) LIMIT 1 OFFSET 0
[TeaQL SQL][query][318us] 1 rows returned outcome=success batchOutcome=not_applicable comment=matched merchant read with relation purpose=matched benchmark read auditReason= tracePath=[0:OPERATION:Merchant=query -> 1:REQUEST:Merchant= -> 2:PROVIDER:postgresql= -> 3:SQL:select=] mutationLineage=[]
SQL: -- TeaQL PLAIN
SELECT id, name, code, external_id AS externalId, task_life_hours AS taskLifeHours, version, platform FROM merchant_data WHERE (version > 0) AND (external_id = 'matched-merchant') LIMIT 1000 OFFSET 0
[TeaQL SQL][query][300us] 1 rows returned outcome=success batchOutcome=not_applicable comment=matched merchant read with relation purpose=matched benchmark read auditReason= tracePath=[0:OPERATION:Merchant=query -> 1:REQUEST:Merchant= -> 2:PROVIDER:postgresql= -> 3:SQL:select=] mutationLineage=[]
SQL: -- TeaQL PLAIN
SELECT id, name, code, external_id AS externalId, task_life_hours AS taskLifeHours, version, platform FROM merchant_data WHERE (version > 0) AND (external_id = 'matched-merchant') LIMIT 1000 OFFSET 0
[TeaQL SQL][query][260us] 1 rows returned outcome=success batchOutcome=not_applicable comment=matched merchant read with relation purpose=matched benchmark read auditReason= tracePath=[0:OPERATION:Merchant=query -> 1:REQUEST:Merchant= -> 2:RELATION:platform=Merchant.platform -> 3:PROVIDER:postgresql= -> 4:SQL:select=] mutationLineage=[]
SQL: -- TeaQL PLAIN
SELECT id, create_time AS createTime, last_update_time AS lastUpdateTime, name, version FROM platform_data WHERE (version > 0) AND (id = 1) LIMIT 1 OFFSET 0
[TeaQL SQL][query][270us] 1 rows returned outcome=success batchOutcome=not_applicable comment=matched merchant read with relation purpose=matched benchmark read auditReason= tracePath=[0:OPERATION:Merchant=query -> 1:REQUEST:Merchant= -> 2:RELATION:platform=Merchant.platform -> 3:PROVIDER:postgresql= -> 4:SQL:select=] mutationLineage=[]
SQL: -- TeaQL PLAIN
SELECT id, create_time AS createTime, last_update_time AS lastUpdateTime, name, version FROM platform_data WHERE (version > 0) AND (id = 1) LIMIT 1 OFFSET 0
[TeaQL SQL][query][326us] 1 rows returned outcome=success batchOutcome=not_applicable comment=matched merchant read with relation purpose=matched benchmark read auditReason= tracePath=[0:OPERATION:Merchant=query -> 1:REQUEST:Merchant= -> 2:PROVIDER:postgresql= -> 3:SQL:select=] mutationLineage=[]
SQL: -- TeaQL PLAIN
SELECT id, name, code, external_id AS externalId, task_life_hours AS taskLifeHours, version, platform FROM merchant_data WHERE (version > 0) AND (external_id = 'matched-merchant') LIMIT 1000 OFFSET 0
[TeaQL SQL][query][270us] 1 rows returned outcome=success batchOutcome=not_applicable comment=matched merchant read with relation purpose=matched benchmark read auditReason= tracePath=[0:OPERATION:Merchant=query -> 1:REQUEST:Merchant= -> 2:PROVIDER:postgresql= -> 3:SQL:select=] mutationLineage=[]
SQL: -- TeaQL PLAIN
SELECT id, name, code, external_id AS externalId, task_life_hours AS taskLifeHours, version, platform FROM merchant_data WHERE (version > 0) AND (external_id = 'matched-merchant') LIMIT 1000 OFFSET 0
[TeaQL SQL][query][256us] 1 rows returned outcome=success batchOutcome=not_applicable comment=matched merchant read with relation purpose=matched benchmark read auditReason= tracePath=[0:OPERATION:Merchant=query -> 1:REQUEST:Merchant= -> 2:RELATION:platform=Merchant.platform -> 3:PROVIDER:postgresql= -> 4:SQL:select=] mutationLineage=[]
SQL: -- TeaQL PLAIN
SELECT id, create_time AS createTime, last_update_time AS lastUpdateTime, name, version FROM platform_data WHERE (version > 0) AND (id = 1) LIMIT 1 OFFSET 0
[TeaQL SQL][query][278us] 1 rows returned outcome=success batchOutcome=not_applicable comment=matched merchant read with relation purpose=matched benchmark read auditReason= tracePath=[0:OPERATION:Merchant=query -> 1:REQUEST:Merchant= -> 2:RELATION:platform=Merchant.platform -> 3:PROVIDER:postgresql= -> 4:SQL:select=] mutationLineage=[]
SQL: -- TeaQL PLAIN
SELECT id, create_time AS createTime, last_update_time AS lastUpdateTime, name, version FROM platform_data WHERE (version > 0) AND (id = 1) LIMIT 1 OFFSET 0
[TeaQL SQL][query][486us] 1 rows returned outcome=success batchOutcome=not_applicable comment=matched merchant read with relation purpose=matched benchmark read auditReason= tracePath=[0:OPERATION:Merchant=query -> 1:REQUEST:Merchant= -> 2:PROVIDER:postgresql= -> 3:SQL:select=] mutationLineage=[]
SQL: -- TeaQL PLAIN
SELECT id, name, code, external_id AS externalId, task_life_hours AS taskLifeHours, version, platform FROM merchant_data WHERE (version > 0) AND (external_id = 'matched-merchant') LIMIT 1000 OFFSET 0
[TeaQL SQL][query][1088us] 1 rows returned outcome=success batchOutcome=not_applicable comment=matched merchant read with relation purpose=matched benchmark read auditReason= tracePath=[0:OPERATION:Merchant=query -> 1:REQUEST:Merchant= -> 2:PROVIDER:postgresql= -> 3:SQL:select=] mutationLineage=[]
SQL: -- TeaQL PLAIN
SELECT id, name, code, external_id AS externalId, task_life_hours AS taskLifeHours, version, platform FROM merchant_data WHERE (version > 0) AND (external_id = 'matched-merchant') LIMIT 1000 OFFSET 0
[TeaQL SQL][query][669us] 1 rows returned outcome=success batchOutcome=not_applicable comment=matched merchant read with relation purpose=matched benchmark read auditReason= tracePath=[0:OPERATION:Merchant=query -> 1:REQUEST:Merchant= -> 2:RELATION:platform=Merchant.platform -> 3:PROVIDER:postgresql= -> 4:SQL:select=] mutationLineage=[]
SQL: -- TeaQL PLAIN
SELECT id, create_time AS createTime, last_update_time AS lastUpdateTime, name, version FROM platform_data WHERE (version > 0) AND (id = 1) LIMIT 1 OFFSET 0
[TeaQL SQL][query][290us] 1 rows returned outcome=success batchOutcome=not_applicable comment=matched merchant read with relation purpose=matched benchmark read auditReason= tracePath=[0:OPERATION:Merchant=query -> 1:REQUEST:Merchant= -> 2:RELATION:platform=Merchant.platform -> 3:PROVIDER:postgresql= -> 4:SQL:select=] mutationLineage=[]
SQL: -- TeaQL PLAIN
SELECT id, create_time AS createTime, last_update_time AS lastUpdateTime, name, version FROM platform_data WHERE (version > 0) AND (id = 1) LIMIT 1 OFFSET 0
[TeaQL SQL][query][318us] 1 rows returned outcome=success batchOutcome=not_applicable comment=matched merchant read with relation purpose=matched benchmark read auditReason= tracePath=[0:OPERATION:Merchant=query -> 1:REQUEST:Merchant= -> 2:PROVIDER:postgresql= -> 3:SQL:select=] mutationLineage=[]
SQL: -- TeaQL PLAIN
SELECT id, name, code, external_id AS externalId, task_life_hours AS taskLifeHours, version, platform FROM merchant_data WHERE (version > 0) AND (external_id = 'matched-merchant') LIMIT 1000 OFFSET 0
[TeaQL SQL][query][318us] 1 rows returned outcome=success batchOutcome=not_applicable comment=matched merchant read with relation purpose=matched benchmark read auditReason= tracePath=[0:OPERATION:Merchant=query -> 1:REQUEST:Merchant= -> 2:PROVIDER:postgresql= -> 3:SQL:select=] mutationLineage=[]
SQL: -- TeaQL PLAIN
SELECT id, name, code, external_id AS externalId, task_life_hours AS taskLifeHours, version, platform FROM merchant_data WHERE (version > 0) AND (external_id = 'matched-merchant') LIMIT 1000 OFFSET 0
[TeaQL SQL][query][217us] 1 rows returned outcome=success batchOutcome=not_applicable comment=matched merchant read with relation purpose=matched benchmark read auditReason= tracePath=[0:OPERATION:Merchant=query -> 1:REQUEST:Merchant= -> 2:RELATION:platform=Merchant.platform -> 3:PROVIDER:postgresql= -> 4:SQL:select=] mutationLineage=[]
SQL: -- TeaQL PLAIN
SELECT id, create_time AS createTime, last_update_time AS lastUpdateTime, name, version FROM platform_data WHERE (version > 0) AND (id = 1) LIMIT 1 OFFSET 0
[TeaQL SQL][query][253us] 1 rows returned outcome=success batchOutcome=not_applicable comment=matched merchant read with relation purpose=matched benchmark read auditReason= tracePath=[0:OPERATION:Merchant=query -> 1:REQUEST:Merchant= -> 2:RELATION:platform=Merchant.platform -> 3:PROVIDER:postgresql= -> 4:SQL:select=] mutationLineage=[]
SQL: -- TeaQL PLAIN
SELECT id, create_time AS createTime, last_update_time AS lastUpdateTime, name, version FROM platform_data WHERE (version > 0) AND (id = 1) LIMIT 1 OFFSET 0
[TeaQL SQL][query][323us] 1 rows returned outcome=success batchOutcome=not_applicable comment=matched merchant read with relation purpose=matched benchmark read auditReason= tracePath=[0:OPERATION:Merchant=query -> 1:REQUEST:Merchant= -> 2:PROVIDER:postgresql= -> 3:SQL:select=] mutationLineage=[]
SQL: -- TeaQL PLAIN
SELECT id, name, code, external_id AS externalId, task_life_hours AS taskLifeHours, version, platform FROM merchant_data WHERE (version > 0) AND (external_id = 'matched-merchant') LIMIT 1000 OFFSET 0
[TeaQL SQL][query][252us] 1 rows returned outcome=success batchOutcome=not_applicable comment=matched merchant read with relation purpose=matched benchmark read auditReason= tracePath=[0:OPERATION:Merchant=query -> 1:REQUEST:Merchant= -> 2:PROVIDER:postgresql= -> 3:SQL:select=] mutationLineage=[]
SQL: -- TeaQL PLAIN
SELECT id, name, code, external_id AS externalId, task_life_hours AS taskLifeHours, version, platform FROM merchant_data WHERE (version > 0) AND (external_id = 'matched-merchant') LIMIT 1000 OFFSET 0
[TeaQL SQL][query][242us] 1 rows returned outcome=success batchOutcome=not_applicable comment=matched merchant read with relation purpose=matched benchmark read auditReason= tracePath=[0:OPERATION:Merchant=query -> 1:REQUEST:Merchant= -> 2:RELATION:platform=Merchant.platform -> 3:PROVIDER:postgresql= -> 4:SQL:select=] mutationLineage=[]
SQL: -- TeaQL PLAIN
SELECT id, create_time AS createTime, last_update_time AS lastUpdateTime, name, version FROM platform_data WHERE (version > 0) AND (id = 1) LIMIT 1 OFFSET 0
[TeaQL SQL][query][310us] 1 rows returned outcome=success batchOutcome=not_applicable comment=matched merchant read with relation purpose=matched benchmark read auditReason= tracePath=[0:OPERATION:Merchant=query -> 1:REQUEST:Merchant= -> 2:RELATION:platform=Merchant.platform -> 3:PROVIDER:postgresql= -> 4:SQL:select=] mutationLineage=[]
SQL: -- TeaQL PLAIN
SELECT id, create_time AS createTime, last_update_time AS lastUpdateTime, name, version FROM platform_data WHERE (version > 0) AND (id = 1) LIMIT 1 OFFSET 0
[TeaQL SQL][query][404us] 1 rows returned outcome=success batchOutcome=not_applicable comment=matched merchant read with relation purpose=matched benchmark read auditReason= tracePath=[0:OPERATION:Merchant=query -> 1:REQUEST:Merchant= -> 2:PROVIDER:postgresql= -> 3:SQL:select=] mutationLineage=[]
SQL: -- TeaQL PLAIN
SELECT id, name, code, external_id AS externalId, task_life_hours AS taskLifeHours, version, platform FROM merchant_data WHERE (version > 0) AND (external_id = 'matched-merchant') LIMIT 1000 OFFSET 0
[TeaQL SQL][query][403us] 1 rows returned outcome=success batchOutcome=not_applicable comment=matched merchant read with relation purpose=matched benchmark read auditReason= tracePath=[0:OPERATION:Merchant=query -> 1:REQUEST:Merchant= -> 2:PROVIDER:postgresql= -> 3:SQL:select=] mutationLineage=[]
SQL: -- TeaQL PLAIN
SELECT id, name, code, external_id AS externalId, task_life_hours AS taskLifeHours, version, platform FROM merchant_data WHERE (version > 0) AND (external_id = 'matched-merchant') LIMIT 1000 OFFSET 0
[TeaQL SQL][query][304us] 1 rows returned outcome=success batchOutcome=not_applicable comment=matched merchant read with relation purpose=matched benchmark read auditReason= tracePath=[0:OPERATION:Merchant=query -> 1:REQUEST:Merchant= -> 2:RELATION:platform=Merchant.platform -> 3:PROVIDER:postgresql= -> 4:SQL:select=] mutationLineage=[]
SQL: -- TeaQL PLAIN
SELECT id, create_time AS createTime, last_update_time AS lastUpdateTime, name, version FROM platform_data WHERE (version > 0) AND (id = 1) LIMIT 1 OFFSET 0
[TeaQL SQL][query][264us] 1 rows returned outcome=success batchOutcome=not_applicable comment=matched merchant read with relation purpose=matched benchmark read auditReason= tracePath=[0:OPERATION:Merchant=query -> 1:REQUEST:Merchant= -> 2:RELATION:platform=Merchant.platform -> 3:PROVIDER:postgresql= -> 4:SQL:select=] mutationLineage=[]
SQL: -- TeaQL PLAIN
SELECT id, create_time AS createTime, last_update_time AS lastUpdateTime, name, version FROM platform_data WHERE (version > 0) AND (id = 1) LIMIT 1 OFFSET 0
[TeaQL SQL][query][375us] 1 rows returned outcome=success batchOutcome=not_applicable comment=matched merchant read with relation purpose=matched benchmark read auditReason= tracePath=[0:OPERATION:Merchant=query -> 1:REQUEST:Merchant= -> 2:PROVIDER:postgresql= -> 3:SQL:select=] mutationLineage=[]
SQL: -- TeaQL PLAIN
SELECT id, name, code, external_id AS externalId, task_life_hours AS taskLifeHours, version, platform FROM merchant_data WHERE (version > 0) AND (external_id = 'matched-merchant') LIMIT 1000 OFFSET 0
[TeaQL SQL][query][320us] 1 rows returned outcome=success batchOutcome=not_applicable comment=matched merchant read with relation purpose=matched benchmark read auditReason= tracePath=[0:OPERATION:Merchant=query -> 1:REQUEST:Merchant= -> 2:RELATION:platform=Merchant.platform -> 3:PROVIDER:postgresql= -> 4:SQL:select=] mutationLineage=[]
SQL: -- TeaQL PLAIN
SELECT id, create_time AS createTime, last_update_time AS lastUpdateTime, name, version FROM platform_data WHERE (version > 0) AND (id = 1) LIMIT 1 OFFSET 0
[TeaQL SQL][query][384us] 1 rows returned outcome=success batchOutcome=not_applicable comment=matched merchant read with relation purpose=matched benchmark read auditReason= tracePath=[0:OPERATION:Merchant=query -> 1:REQUEST:Merchant= -> 2:PROVIDER:postgresql= -> 3:SQL:select=] mutationLineage=[]
SQL: -- TeaQL PLAIN
SELECT id, name, code, external_id AS externalId, task_life_hours AS taskLifeHours, version, platform FROM merchant_data WHERE (version > 0) AND (external_id = 'matched-merchant') LIMIT 1000 OFFSET 0
[TeaQL SQL][query][323us] 1 rows returned outcome=success batchOutcome=not_applicable comment=matched merchant read with relation purpose=matched benchmark read auditReason= tracePath=[0:OPERATION:Merchant=query -> 1:REQUEST:Merchant= -> 2:RELATION:platform=Merchant.platform -> 3:PROVIDER:postgresql= -> 4:SQL:select=] mutationLineage=[]
SQL: -- TeaQL PLAIN
SELECT id, create_time AS createTime, last_update_time AS lastUpdateTime, name, version FROM platform_data WHERE (version > 0) AND (id = 1) LIMIT 1 OFFSET 0
[TeaQL SQL][query][286us] 1 rows returned outcome=success batchOutcome=not_applicable comment=matched merchant read with relation purpose=matched benchmark read auditReason= tracePath=[0:OPERATION:Merchant=query -> 1:REQUEST:Merchant= -> 2:PROVIDER:postgresql= -> 3:SQL:select=] mutationLineage=[]
SQL: -- TeaQL PLAIN
SELECT id, name, code, external_id AS externalId, task_life_hours AS taskLifeHours, version, platform FROM merchant_data WHERE (version > 0) AND (external_id = 'matched-merchant') LIMIT 1000 OFFSET 0
[TeaQL SQL][query][329us] 1 rows returned outcome=success batchOutcome=not_applicable comment=matched merchant read with relation purpose=matched benchmark read auditReason= tracePath=[0:OPERATION:Merchant=query -> 1:REQUEST:Merchant= -> 2:RELATION:platform=Merchant.platform -> 3:PROVIDER:postgresql= -> 4:SQL:select=] mutationLineage=[]
SQL: -- TeaQL PLAIN
SELECT id, create_time AS createTime, last_update_time AS lastUpdateTime, name, version FROM platform_data WHERE (version > 0) AND (id = 1) LIMIT 1 OFFSET 0
[TeaQL SQL][query][324us] 1 rows returned outcome=success batchOutcome=not_applicable comment=matched merchant read with relation purpose=matched benchmark read auditReason= tracePath=[0:OPERATION:Merchant=query -> 1:REQUEST:Merchant= -> 2:PROVIDER:postgresql= -> 3:SQL:select=] mutationLineage=[]
SQL: -- TeaQL PLAIN
SELECT id, name, code, external_id AS externalId, task_life_hours AS taskLifeHours, version, platform FROM merchant_data WHERE (version > 0) AND (external_id = 'matched-merchant') LIMIT 1000 OFFSET 0
[TeaQL SQL][query][260us] 1 rows returned outcome=success batchOutcome=not_applicable comment=matched merchant read with relation purpose=matched benchmark read auditReason= tracePath=[0:OPERATION:Merchant=query -> 1:REQUEST:Merchant= -> 2:RELATION:platform=Merchant.platform -> 3:PROVIDER:postgresql= -> 4:SQL:select=] mutationLineage=[]
SQL: -- TeaQL PLAIN
SELECT id, create_time AS createTime, last_update_time AS lastUpdateTime, name, version FROM platform_data WHERE (version > 0) AND (id = 1) LIMIT 1 OFFSET 0
[TeaQL SQL][query][381us] 1 rows returned outcome=success batchOutcome=not_applicable comment=matched merchant read with relation purpose=matched benchmark read auditReason= tracePath=[0:OPERATION:Merchant=query -> 1:REQUEST:Merchant= -> 2:PROVIDER:postgresql= -> 3:SQL:select=] mutationLineage=[]
SQL: -- TeaQL PLAIN
SELECT id, name, code, external_id AS externalId, task_life_hours AS taskLifeHours, version, platform FROM merchant_data WHERE (version > 0) AND (external_id = 'matched-merchant') LIMIT 1000 OFFSET 0
[TeaQL SQL][query][288us] 1 rows returned outcome=success batchOutcome=not_applicable comment=matched merchant read with relation purpose=matched benchmark read auditReason= tracePath=[0:OPERATION:Merchant=query -> 1:REQUEST:Merchant= -> 2:RELATION:platform=Merchant.platform -> 3:PROVIDER:postgresql= -> 4:SQL:select=] mutationLineage=[]
SQL: -- TeaQL PLAIN
SELECT id, create_time AS createTime, last_update_time AS lastUpdateTime, name, version FROM platform_data WHERE (version > 0) AND (id = 1) LIMIT 1 OFFSET 0
[TeaQL SQL][query][382us] 1 rows returned outcome=success batchOutcome=not_applicable comment=matched merchant read with relation purpose=matched benchmark read auditReason= tracePath=[0:OPERATION:Merchant=query -> 1:REQUEST:Merchant= -> 2:PROVIDER:postgresql= -> 3:SQL:select=] mutationLineage=[]
SQL: -- TeaQL PLAIN
SELECT id, name, code, external_id AS externalId, task_life_hours AS taskLifeHours, version, platform FROM merchant_data WHERE (version > 0) AND (external_id = 'matched-merchant') LIMIT 1000 OFFSET 0
[TeaQL SQL][query][381us] 1 rows returned outcome=success batchOutcome=not_applicable comment=matched merchant read with relation purpose=matched benchmark read auditReason= tracePath=[0:OPERATION:Merchant=query -> 1:REQUEST:Merchant= -> 2:PROVIDER:postgresql= -> 3:SQL:select=] mutationLineage=[]
SQL: -- TeaQL PLAIN
SELECT id, name, code, external_id AS externalId, task_life_hours AS taskLifeHours, version, platform FROM merchant_data WHERE (version > 0) AND (external_id = 'matched-merchant') LIMIT 1000 OFFSET 0
[TeaQL SQL][query][274us] 1 rows returned outcome=success batchOutcome=not_applicable comment=matched merchant read with relation purpose=matched benchmark read auditReason= tracePath=[0:OPERATION:Merchant=query -> 1:REQUEST:Merchant= -> 2:RELATION:platform=Merchant.platform -> 3:PROVIDER:postgresql= -> 4:SQL:select=] mutationLineage=[]
SQL: -- TeaQL PLAIN
SELECT id, create_time AS createTime, last_update_time AS lastUpdateTime, name, version FROM platform_data WHERE (version > 0) AND (id = 1) LIMIT 1 OFFSET 0
[TeaQL SQL][query][257us] 1 rows returned outcome=success batchOutcome=not_applicable comment=matched merchant read with relation purpose=matched benchmark read auditReason= tracePath=[0:OPERATION:Merchant=query -> 1:REQUEST:Merchant= -> 2:RELATION:platform=Merchant.platform -> 3:PROVIDER:postgresql= -> 4:SQL:select=] mutationLineage=[]
SQL: -- TeaQL PLAIN
SELECT id, create_time AS createTime, last_update_time AS lastUpdateTime, name, version FROM platform_data WHERE (version > 0) AND (id = 1) LIMIT 1 OFFSET 0
[TeaQL SQL][query][281us] 1 rows returned outcome=success batchOutcome=not_applicable comment=matched merchant read with relation purpose=matched benchmark read auditReason= tracePath=[0:OPERATION:Merchant=query -> 1:REQUEST:Merchant= -> 2:PROVIDER:postgresql= -> 3:SQL:select=] mutationLineage=[]
SQL: -- TeaQL PLAIN
SELECT id, name, code, external_id AS externalId, task_life_hours AS taskLifeHours, version, platform FROM merchant_data WHERE (version > 0) AND (external_id = 'matched-merchant') LIMIT 1000 OFFSET 0
[TeaQL SQL][query][233us] 1 rows returned outcome=success batchOutcome=not_applicable comment=matched merchant read with relation purpose=matched benchmark read auditReason= tracePath=[0:OPERATION:Merchant=query -> 1:REQUEST:Merchant= -> 2:RELATION:platform=Merchant.platform -> 3:PROVIDER:postgresql= -> 4:SQL:select=] mutationLineage=[]
SQL: -- TeaQL PLAIN
SELECT id, create_time AS createTime, last_update_time AS lastUpdateTime, name, version FROM platform_data WHERE (version > 0) AND (id = 1) LIMIT 1 OFFSET 0
[TeaQL SQL][query][303us] 1 rows returned outcome=success batchOutcome=not_applicable comment=matched merchant read with relation purpose=matched benchmark read auditReason= tracePath=[0:OPERATION:Merchant=query -> 1:REQUEST:Merchant= -> 2:PROVIDER:postgresql= -> 3:SQL:select=] mutationLineage=[]
SQL: -- TeaQL PLAIN
SELECT id, name, code, external_id AS externalId, task_life_hours AS taskLifeHours, version, platform FROM merchant_data WHERE (version > 0) AND (external_id = 'matched-merchant') LIMIT 1000 OFFSET 0
[TeaQL SQL][query][284us] 1 rows returned outcome=success batchOutcome=not_applicable comment=matched merchant read with relation purpose=matched benchmark read auditReason= tracePath=[0:OPERATION:Merchant=query -> 1:REQUEST:Merchant= -> 2:RELATION:platform=Merchant.platform -> 3:PROVIDER:postgresql= -> 4:SQL:select=] mutationLineage=[]
SQL: -- TeaQL PLAIN
SELECT id, create_time AS createTime, last_update_time AS lastUpdateTime, name, version FROM platform_data WHERE (version > 0) AND (id = 1) LIMIT 1 OFFSET 0
[TeaQL SQL][query][318us] 1 rows returned outcome=success batchOutcome=not_applicable comment=matched merchant read with relation purpose=matched benchmark read auditReason= tracePath=[0:OPERATION:Merchant=query -> 1:REQUEST:Merchant= -> 2:PROVIDER:postgresql= -> 3:SQL:select=] mutationLineage=[]
SQL: -- TeaQL PLAIN
SELECT id, name, code, external_id AS externalId, task_life_hours AS taskLifeHours, version, platform FROM merchant_data WHERE (version > 0) AND (external_id = 'matched-merchant') LIMIT 1000 OFFSET 0
[TeaQL SQL][query][274us] 1 rows returned outcome=success batchOutcome=not_applicable comment=matched merchant read with relation purpose=matched benchmark read auditReason= tracePath=[0:OPERATION:Merchant=query -> 1:REQUEST:Merchant= -> 2:RELATION:platform=Merchant.platform -> 3:PROVIDER:postgresql= -> 4:SQL:select=] mutationLineage=[]
SQL: -- TeaQL PLAIN
SELECT id, create_time AS createTime, last_update_time AS lastUpdateTime, name, version FROM platform_data WHERE (version > 0) AND (id = 1) LIMIT 1 OFFSET 0
[TeaQL SQL][query][302us] 1 rows returned outcome=success batchOutcome=not_applicable comment=matched merchant read with relation purpose=matched benchmark read auditReason= tracePath=[0:OPERATION:Merchant=query -> 1:REQUEST:Merchant= -> 2:PROVIDER:postgresql= -> 3:SQL:select=] mutationLineage=[]
SQL: -- TeaQL PLAIN
SELECT id, name, code, external_id AS externalId, task_life_hours AS taskLifeHours, version, platform FROM merchant_data WHERE (version > 0) AND (external_id = 'matched-merchant') LIMIT 1000 OFFSET 0
[TeaQL SQL][query][263us] 1 rows returned outcome=success batchOutcome=not_applicable comment=matched merchant read with relation purpose=matched benchmark read auditReason= tracePath=[0:OPERATION:Merchant=query -> 1:REQUEST:Merchant= -> 2:RELATION:platform=Merchant.platform -> 3:PROVIDER:postgresql= -> 4:SQL:select=] mutationLineage=[]
SQL: -- TeaQL PLAIN
SELECT id, create_time AS createTime, last_update_time AS lastUpdateTime, name, version FROM platform_data WHERE (version > 0) AND (id = 1) LIMIT 1 OFFSET 0
[TeaQL SQL][query][279us] 1 rows returned outcome=success batchOutcome=not_applicable comment=matched merchant read with relation purpose=matched benchmark read auditReason= tracePath=[0:OPERATION:Merchant=query -> 1:REQUEST:Merchant= -> 2:PROVIDER:postgresql= -> 3:SQL:select=] mutationLineage=[]
SQL: -- TeaQL PLAIN
SELECT id, name, code, external_id AS externalId, task_life_hours AS taskLifeHours, version, platform FROM merchant_data WHERE (version > 0) AND (external_id = 'matched-merchant') LIMIT 1000 OFFSET 0
[TeaQL SQL][query][228us] 1 rows returned outcome=success batchOutcome=not_applicable comment=matched merchant read with relation purpose=matched benchmark read auditReason= tracePath=[0:OPERATION:Merchant=query -> 1:REQUEST:Merchant= -> 2:RELATION:platform=Merchant.platform -> 3:PROVIDER:postgresql= -> 4:SQL:select=] mutationLineage=[]
SQL: -- TeaQL PLAIN
SELECT id, create_time AS createTime, last_update_time AS lastUpdateTime, name, version FROM platform_data WHERE (version > 0) AND (id = 1) LIMIT 1 OFFSET 0
[TeaQL SQL][query][521us] 1 rows returned outcome=success batchOutcome=not_applicable comment=matched merchant read with relation purpose=matched benchmark read auditReason= tracePath=[0:OPERATION:Merchant=query -> 1:REQUEST:Merchant= -> 2:PROVIDER:postgresql= -> 3:SQL:select=] mutationLineage=[]
SQL: -- TeaQL PLAIN
SELECT id, name, code, external_id AS externalId, task_life_hours AS taskLifeHours, version, platform FROM merchant_data WHERE (version > 0) AND (external_id = 'matched-merchant') LIMIT 1000 OFFSET 0
[TeaQL SQL][query][486us] 1 rows returned outcome=success batchOutcome=not_applicable comment=matched merchant read with relation purpose=matched benchmark read auditReason= tracePath=[0:OPERATION:Merchant=query -> 1:REQUEST:Merchant= -> 2:PROVIDER:postgresql= -> 3:SQL:select=] mutationLineage=[]
SQL: -- TeaQL PLAIN
SELECT id, name, code, external_id AS externalId, task_life_hours AS taskLifeHours, version, platform FROM merchant_data WHERE (version > 0) AND (external_id = 'matched-merchant') LIMIT 1000 OFFSET 0
[TeaQL SQL][query][460us] 1 rows returned outcome=success batchOutcome=not_applicable comment=matched merchant read with relation purpose=matched benchmark read auditReason= tracePath=[0:OPERATION:Merchant=query -> 1:REQUEST:Merchant= -> 2:PROVIDER:postgresql= -> 3:SQL:select=] mutationLineage=[]
SQL: -- TeaQL PLAIN
SELECT id, name, code, external_id AS externalId, task_life_hours AS taskLifeHours, version, platform FROM merchant_data WHERE (version > 0) AND (external_id = 'matched-merchant') LIMIT 1000 OFFSET 0
[TeaQL SQL][query][460us] 1 rows returned outcome=success batchOutcome=not_applicable comment=matched merchant read with relation purpose=matched benchmark read auditReason= tracePath=[0:OPERATION:Merchant=query -> 1:REQUEST:Merchant= -> 2:PROVIDER:postgresql= -> 3:SQL:select=] mutationLineage=[]
SQL: -- TeaQL PLAIN
SELECT id, name, code, external_id AS externalId, task_life_hours AS taskLifeHours, version, platform FROM merchant_data WHERE (version > 0) AND (external_id = 'matched-merchant') LIMIT 1000 OFFSET 0
[TeaQL SQL][query][309us] 1 rows returned outcome=success batchOutcome=not_applicable comment=matched merchant read with relation purpose=matched benchmark read auditReason= tracePath=[0:OPERATION:Merchant=query -> 1:REQUEST:Merchant= -> 2:RELATION:platform=Merchant.platform -> 3:PROVIDER:postgresql= -> 4:SQL:select=] mutationLineage=[]
SQL: -- TeaQL PLAIN
SELECT id, create_time AS createTime, last_update_time AS lastUpdateTime, name, version FROM platform_data WHERE (version > 0) AND (id = 1) LIMIT 1 OFFSET 0
[TeaQL SQL][query][282us] 1 rows returned outcome=success batchOutcome=not_applicable comment=matched merchant read with relation purpose=matched benchmark read auditReason= tracePath=[0:OPERATION:Merchant=query -> 1:REQUEST:Merchant= -> 2:RELATION:platform=Merchant.platform -> 3:PROVIDER:postgresql= -> 4:SQL:select=] mutationLineage=[]
SQL: -- TeaQL PLAIN
SELECT id, create_time AS createTime, last_update_time AS lastUpdateTime, name, version FROM platform_data WHERE (version > 0) AND (id = 1) LIMIT 1 OFFSET 0
[TeaQL SQL][query][325us] 1 rows returned outcome=success batchOutcome=not_applicable comment=matched merchant read with relation purpose=matched benchmark read auditReason= tracePath=[0:OPERATION:Merchant=query -> 1:REQUEST:Merchant= -> 2:RELATION:platform=Merchant.platform -> 3:PROVIDER:postgresql= -> 4:SQL:select=] mutationLineage=[]
SQL: -- TeaQL PLAIN
SELECT id, create_time AS createTime, last_update_time AS lastUpdateTime, name, version FROM platform_data WHERE (version > 0) AND (id = 1) LIMIT 1 OFFSET 0
[TeaQL SQL][query][277us] 1 rows returned outcome=success batchOutcome=not_applicable comment=matched merchant read with relation purpose=matched benchmark read auditReason= tracePath=[0:OPERATION:Merchant=query -> 1:REQUEST:Merchant= -> 2:RELATION:platform=Merchant.platform -> 3:PROVIDER:postgresql= -> 4:SQL:select=] mutationLineage=[]
SQL: -- TeaQL PLAIN
SELECT id, create_time AS createTime, last_update_time AS lastUpdateTime, name, version FROM platform_data WHERE (version > 0) AND (id = 1) LIMIT 1 OFFSET 0
[TeaQL SQL][query][277us] 1 rows returned outcome=success batchOutcome=not_applicable comment=matched merchant read with relation purpose=matched benchmark read auditReason= tracePath=[0:OPERATION:Merchant=query -> 1:REQUEST:Merchant= -> 2:PROVIDER:postgresql= -> 3:SQL:select=] mutationLineage=[]
SQL: -- TeaQL PLAIN
SELECT id, name, code, external_id AS externalId, task_life_hours AS taskLifeHours, version, platform FROM merchant_data WHERE (version > 0) AND (external_id = 'matched-merchant') LIMIT 1000 OFFSET 0
[TeaQL SQL][query][249us] 1 rows returned outcome=success batchOutcome=not_applicable comment=matched merchant read with relation purpose=matched benchmark read auditReason= tracePath=[0:OPERATION:Merchant=query -> 1:REQUEST:Merchant= -> 2:RELATION:platform=Merchant.platform -> 3:PROVIDER:postgresql= -> 4:SQL:select=] mutationLineage=[]
SQL: -- TeaQL PLAIN
SELECT id, create_time AS createTime, last_update_time AS lastUpdateTime, name, version FROM platform_data WHERE (version > 0) AND (id = 1) LIMIT 1 OFFSET 0
[TeaQL SQL][query][433us] 1 rows returned outcome=success batchOutcome=not_applicable comment=matched merchant read with relation purpose=matched benchmark read auditReason= tracePath=[0:OPERATION:Merchant=query -> 1:REQUEST:Merchant= -> 2:PROVIDER:postgresql= -> 3:SQL:select=] mutationLineage=[]
SQL: -- TeaQL PLAIN
SELECT id, name, code, external_id AS externalId, task_life_hours AS taskLifeHours, version, platform FROM merchant_data WHERE (version > 0) AND (external_id = 'matched-merchant') LIMIT 1000 OFFSET 0
[TeaQL SQL][query][476us] 1 rows returned outcome=success batchOutcome=not_applicable comment=matched merchant read with relation purpose=matched benchmark read auditReason= tracePath=[0:OPERATION:Merchant=query -> 1:REQUEST:Merchant= -> 2:PROVIDER:postgresql= -> 3:SQL:select=] mutationLineage=[]
SQL: -- TeaQL PLAIN
SELECT id, name, code, external_id AS externalId, task_life_hours AS taskLifeHours, version, platform FROM merchant_data WHERE (version > 0) AND (external_id = 'matched-merchant') LIMIT 1000 OFFSET 0
[TeaQL SQL][query][437us] 1 rows returned outcome=success batchOutcome=not_applicable comment=matched merchant read with relation purpose=matched benchmark read auditReason= tracePath=[0:OPERATION:Merchant=query -> 1:REQUEST:Merchant= -> 2:PROVIDER:postgresql= -> 3:SQL:select=] mutationLineage=[]
SQL: -- TeaQL PLAIN
SELECT id, name, code, external_id AS externalId, task_life_hours AS taskLifeHours, version, platform FROM merchant_data WHERE (version > 0) AND (external_id = 'matched-merchant') LIMIT 1000 OFFSET 0
[TeaQL SQL][query][277us] 1 rows returned outcome=success batchOutcome=not_applicable comment=matched merchant read with relation purpose=matched benchmark read auditReason= tracePath=[0:OPERATION:Merchant=query -> 1:REQUEST:Merchant= -> 2:RELATION:platform=Merchant.platform -> 3:PROVIDER:postgresql= -> 4:SQL:select=] mutationLineage=[]
SQL: -- TeaQL PLAIN
SELECT id, create_time AS createTime, last_update_time AS lastUpdateTime, name, version FROM platform_data WHERE (version > 0) AND (id = 1) LIMIT 1 OFFSET 0
[TeaQL SQL][query][287us] 1 rows returned outcome=success batchOutcome=not_applicable comment=matched merchant read with relation purpose=matched benchmark read auditReason= tracePath=[0:OPERATION:Merchant=query -> 1:REQUEST:Merchant= -> 2:RELATION:platform=Merchant.platform -> 3:PROVIDER:postgresql= -> 4:SQL:select=] mutationLineage=[]
SQL: -- TeaQL PLAIN
SELECT id, create_time AS createTime, last_update_time AS lastUpdateTime, name, version FROM platform_data WHERE (version > 0) AND (id = 1) LIMIT 1 OFFSET 0
[TeaQL SQL][query][252us] 1 rows returned outcome=success batchOutcome=not_applicable comment=matched merchant read with relation purpose=matched benchmark read auditReason= tracePath=[0:OPERATION:Merchant=query -> 1:REQUEST:Merchant= -> 2:RELATION:platform=Merchant.platform -> 3:PROVIDER:postgresql= -> 4:SQL:select=] mutationLineage=[]
SQL: -- TeaQL PLAIN
SELECT id, create_time AS createTime, last_update_time AS lastUpdateTime, name, version FROM platform_data WHERE (version > 0) AND (id = 1) LIMIT 1 OFFSET 0
[TeaQL SQL][query][255us] 1 rows returned outcome=success batchOutcome=not_applicable comment=matched merchant read with relation purpose=matched benchmark read auditReason= tracePath=[0:OPERATION:Merchant=query -> 1:REQUEST:Merchant= -> 2:PROVIDER:postgresql= -> 3:SQL:select=] mutationLineage=[]
SQL: -- TeaQL PLAIN
SELECT id, name, code, external_id AS externalId, task_life_hours AS taskLifeHours, version, platform FROM merchant_data WHERE (version > 0) AND (external_id = 'matched-merchant') LIMIT 1000 OFFSET 0
[TeaQL SQL][query][216us] 1 rows returned outcome=success batchOutcome=not_applicable comment=matched merchant read with relation purpose=matched benchmark read auditReason= tracePath=[0:OPERATION:Merchant=query -> 1:REQUEST:Merchant= -> 2:RELATION:platform=Merchant.platform -> 3:PROVIDER:postgresql= -> 4:SQL:select=] mutationLineage=[]
SQL: -- TeaQL PLAIN
SELECT id, create_time AS createTime, last_update_time AS lastUpdateTime, name, version FROM platform_data WHERE (version > 0) AND (id = 1) LIMIT 1 OFFSET 0
[TeaQL SQL][query][268us] 1 rows returned outcome=success batchOutcome=not_applicable comment=matched merchant read with relation purpose=matched benchmark read auditReason= tracePath=[0:OPERATION:Merchant=query -> 1:REQUEST:Merchant= -> 2:PROVIDER:postgresql= -> 3:SQL:select=] mutationLineage=[]
SQL: -- TeaQL PLAIN
SELECT id, name, code, external_id AS externalId, task_life_hours AS taskLifeHours, version, platform FROM merchant_data WHERE (version > 0) AND (external_id = 'matched-merchant') LIMIT 1000 OFFSET 0
[TeaQL SQL][query][223us] 1 rows returned outcome=success batchOutcome=not_applicable comment=matched merchant read with relation purpose=matched benchmark read auditReason= tracePath=[0:OPERATION:Merchant=query -> 1:REQUEST:Merchant= -> 2:RELATION:platform=Merchant.platform -> 3:PROVIDER:postgresql= -> 4:SQL:select=] mutationLineage=[]
SQL: -- TeaQL PLAIN
SELECT id, create_time AS createTime, last_update_time AS lastUpdateTime, name, version FROM platform_data WHERE (version > 0) AND (id = 1) LIMIT 1 OFFSET 0
[TeaQL SQL][query][395us] 1 rows returned outcome=success batchOutcome=not_applicable comment=matched merchant read with relation purpose=matched benchmark read auditReason= tracePath=[0:OPERATION:Merchant=query -> 1:REQUEST:Merchant= -> 2:PROVIDER:postgresql= -> 3:SQL:select=] mutationLineage=[]
SQL: -- TeaQL PLAIN
SELECT id, name, code, external_id AS externalId, task_life_hours AS taskLifeHours, version, platform FROM merchant_data WHERE (version > 0) AND (external_id = 'matched-merchant') LIMIT 1000 OFFSET 0
[TeaQL SQL][query][404us] 1 rows returned outcome=success batchOutcome=not_applicable comment=matched merchant read with relation purpose=matched benchmark read auditReason= tracePath=[0:OPERATION:Merchant=query -> 1:REQUEST:Merchant= -> 2:PROVIDER:postgresql= -> 3:SQL:select=] mutationLineage=[]
SQL: -- TeaQL PLAIN
SELECT id, name, code, external_id AS externalId, task_life_hours AS taskLifeHours, version, platform FROM merchant_data WHERE (version > 0) AND (external_id = 'matched-merchant') LIMIT 1000 OFFSET 0
[TeaQL SQL][query][394us] 1 rows returned outcome=success batchOutcome=not_applicable comment=matched merchant read with relation purpose=matched benchmark read auditReason= tracePath=[0:OPERATION:Merchant=query -> 1:REQUEST:Merchant= -> 2:PROVIDER:postgresql= -> 3:SQL:select=] mutationLineage=[]
SQL: -- TeaQL PLAIN
SELECT id, name, code, external_id AS externalId, task_life_hours AS taskLifeHours, version, platform FROM merchant_data WHERE (version > 0) AND (external_id = 'matched-merchant') LIMIT 1000 OFFSET 0
[TeaQL SQL][query][343us] 1 rows returned outcome=success batchOutcome=not_applicable comment=matched merchant read with relation purpose=matched benchmark read auditReason= tracePath=[0:OPERATION:Merchant=query -> 1:REQUEST:Merchant= -> 2:RELATION:platform=Merchant.platform -> 3:PROVIDER:postgresql= -> 4:SQL:select=] mutationLineage=[]
SQL: -- TeaQL PLAIN
SELECT id, create_time AS createTime, last_update_time AS lastUpdateTime, name, version FROM platform_data WHERE (version > 0) AND (id = 1) LIMIT 1 OFFSET 0
[TeaQL SQL][query][343us] 1 rows returned outcome=success batchOutcome=not_applicable comment=matched merchant read with relation purpose=matched benchmark read auditReason= tracePath=[0:OPERATION:Merchant=query -> 1:REQUEST:Merchant= -> 2:RELATION:platform=Merchant.platform -> 3:PROVIDER:postgresql= -> 4:SQL:select=] mutationLineage=[]
SQL: -- TeaQL PLAIN
SELECT id, create_time AS createTime, last_update_time AS lastUpdateTime, name, version FROM platform_data WHERE (version > 0) AND (id = 1) LIMIT 1 OFFSET 0
[TeaQL SQL][query][279us] 1 rows returned outcome=success batchOutcome=not_applicable comment=matched merchant read with relation purpose=matched benchmark read auditReason= tracePath=[0:OPERATION:Merchant=query -> 1:REQUEST:Merchant= -> 2:RELATION:platform=Merchant.platform -> 3:PROVIDER:postgresql= -> 4:SQL:select=] mutationLineage=[]
SQL: -- TeaQL PLAIN
SELECT id, create_time AS createTime, last_update_time AS lastUpdateTime, name, version FROM platform_data WHERE (version > 0) AND (id = 1) LIMIT 1 OFFSET 0
[TeaQL SQL][query][284us] 1 rows returned outcome=success batchOutcome=not_applicable comment=matched merchant read with relation purpose=matched benchmark read auditReason= tracePath=[0:OPERATION:Merchant=query -> 1:REQUEST:Merchant= -> 2:PROVIDER:postgresql= -> 3:SQL:select=] mutationLineage=[]
SQL: -- TeaQL PLAIN
SELECT id, name, code, external_id AS externalId, task_life_hours AS taskLifeHours, version, platform FROM merchant_data WHERE (version > 0) AND (external_id = 'matched-merchant') LIMIT 1000 OFFSET 0
[TeaQL SQL][query][225us] 1 rows returned outcome=success batchOutcome=not_applicable comment=matched merchant read with relation purpose=matched benchmark read auditReason= tracePath=[0:OPERATION:Merchant=query -> 1:REQUEST:Merchant= -> 2:RELATION:platform=Merchant.platform -> 3:PROVIDER:postgresql= -> 4:SQL:select=] mutationLineage=[]
SQL: -- TeaQL PLAIN
SELECT id, create_time AS createTime, last_update_time AS lastUpdateTime, name, version FROM platform_data WHERE (version > 0) AND (id = 1) LIMIT 1 OFFSET 0
[TeaQL SQL][query][278us] 1 rows returned outcome=success batchOutcome=not_applicable comment=matched merchant read with relation purpose=matched benchmark read auditReason= tracePath=[0:OPERATION:Merchant=query -> 1:REQUEST:Merchant= -> 2:PROVIDER:postgresql= -> 3:SQL:select=] mutationLineage=[]
SQL: -- TeaQL PLAIN
SELECT id, name, code, external_id AS externalId, task_life_hours AS taskLifeHours, version, platform FROM merchant_data WHERE (version > 0) AND (external_id = 'matched-merchant') LIMIT 1000 OFFSET 0
[TeaQL SQL][query][244us] 1 rows returned outcome=success batchOutcome=not_applicable comment=matched merchant read with relation purpose=matched benchmark read auditReason= tracePath=[0:OPERATION:Merchant=query -> 1:REQUEST:Merchant= -> 2:RELATION:platform=Merchant.platform -> 3:PROVIDER:postgresql= -> 4:SQL:select=] mutationLineage=[]
SQL: -- TeaQL PLAIN
SELECT id, create_time AS createTime, last_update_time AS lastUpdateTime, name, version FROM platform_data WHERE (version > 0) AND (id = 1) LIMIT 1 OFFSET 0
[TeaQL SQL][query][408us] 1 rows returned outcome=success batchOutcome=not_applicable comment=matched merchant read with relation purpose=matched benchmark read auditReason= tracePath=[0:OPERATION:Merchant=query -> 1:REQUEST:Merchant= -> 2:PROVIDER:postgresql= -> 3:SQL:select=] mutationLineage=[]
SQL: -- TeaQL PLAIN
SELECT id, name, code, external_id AS externalId, task_life_hours AS taskLifeHours, version, platform FROM merchant_data WHERE (version > 0) AND (external_id = 'matched-merchant') LIMIT 1000 OFFSET 0
[TeaQL SQL][query][408us] 1 rows returned outcome=success batchOutcome=not_applicable comment=matched merchant read with relation purpose=matched benchmark read auditReason= tracePath=[0:OPERATION:Merchant=query -> 1:REQUEST:Merchant= -> 2:PROVIDER:postgresql= -> 3:SQL:select=] mutationLineage=[]
SQL: -- TeaQL PLAIN
SELECT id, name, code, external_id AS externalId, task_life_hours AS taskLifeHours, version, platform FROM merchant_data WHERE (version > 0) AND (external_id = 'matched-merchant') LIMIT 1000 OFFSET 0
[TeaQL SQL][query][301us] 1 rows returned outcome=success batchOutcome=not_applicable comment=matched merchant read with relation purpose=matched benchmark read auditReason= tracePath=[0:OPERATION:Merchant=query -> 1:REQUEST:Merchant= -> 2:RELATION:platform=Merchant.platform -> 3:PROVIDER:postgresql= -> 4:SQL:select=] mutationLineage=[]
SQL: -- TeaQL PLAIN
SELECT id, create_time AS createTime, last_update_time AS lastUpdateTime, name, version FROM platform_data WHERE (version > 0) AND (id = 1) LIMIT 1 OFFSET 0
[TeaQL SQL][query][241us] 1 rows returned outcome=success batchOutcome=not_applicable comment=matched merchant read with relation purpose=matched benchmark read auditReason= tracePath=[0:OPERATION:Merchant=query -> 1:REQUEST:Merchant= -> 2:RELATION:platform=Merchant.platform -> 3:PROVIDER:postgresql= -> 4:SQL:select=] mutationLineage=[]
SQL: -- TeaQL PLAIN
SELECT id, create_time AS createTime, last_update_time AS lastUpdateTime, name, version FROM platform_data WHERE (version > 0) AND (id = 1) LIMIT 1 OFFSET 0
[TeaQL SQL][query][306us] 1 rows returned outcome=success batchOutcome=not_applicable comment=matched merchant read with relation purpose=matched benchmark read auditReason= tracePath=[0:OPERATION:Merchant=query -> 1:REQUEST:Merchant= -> 2:PROVIDER:postgresql= -> 3:SQL:select=] mutationLineage=[]
SQL: -- TeaQL PLAIN
SELECT id, name, code, external_id AS externalId, task_life_hours AS taskLifeHours, version, platform FROM merchant_data WHERE (version > 0) AND (external_id = 'matched-merchant') LIMIT 1000 OFFSET 0
[TeaQL SQL][query][226us] 1 rows returned outcome=success batchOutcome=not_applicable comment=matched merchant read with relation purpose=matched benchmark read auditReason= tracePath=[0:OPERATION:Merchant=query -> 1:REQUEST:Merchant= -> 2:RELATION:platform=Merchant.platform -> 3:PROVIDER:postgresql= -> 4:SQL:select=] mutationLineage=[]
SQL: -- TeaQL PLAIN
SELECT id, create_time AS createTime, last_update_time AS lastUpdateTime, name, version FROM platform_data WHERE (version > 0) AND (id = 1) LIMIT 1 OFFSET 0
[TeaQL SQL][query][313us] 1 rows returned outcome=success batchOutcome=not_applicable comment=matched merchant read with relation purpose=matched benchmark read auditReason= tracePath=[0:OPERATION:Merchant=query -> 1:REQUEST:Merchant= -> 2:PROVIDER:postgresql= -> 3:SQL:select=] mutationLineage=[]
SQL: -- TeaQL PLAIN
SELECT id, name, code, external_id AS externalId, task_life_hours AS taskLifeHours, version, platform FROM merchant_data WHERE (version > 0) AND (external_id = 'matched-merchant') LIMIT 1000 OFFSET 0
[TeaQL SQL][query][258us] 1 rows returned outcome=success batchOutcome=not_applicable comment=matched merchant read with relation purpose=matched benchmark read auditReason= tracePath=[0:OPERATION:Merchant=query -> 1:REQUEST:Merchant= -> 2:RELATION:platform=Merchant.platform -> 3:PROVIDER:postgresql= -> 4:SQL:select=] mutationLineage=[]
SQL: -- TeaQL PLAIN
SELECT id, create_time AS createTime, last_update_time AS lastUpdateTime, name, version FROM platform_data WHERE (version > 0) AND (id = 1) LIMIT 1 OFFSET 0
[TeaQL SQL][query][271us] 1 rows returned outcome=success batchOutcome=not_applicable comment=matched merchant read with relation purpose=matched benchmark read auditReason= tracePath=[0:OPERATION:Merchant=query -> 1:REQUEST:Merchant= -> 2:PROVIDER:postgresql= -> 3:SQL:select=] mutationLineage=[]
SQL: -- TeaQL PLAIN
SELECT id, name, code, external_id AS externalId, task_life_hours AS taskLifeHours, version, platform FROM merchant_data WHERE (version > 0) AND (external_id = 'matched-merchant') LIMIT 1000 OFFSET 0
[TeaQL SQL][query][264us] 1 rows returned outcome=success batchOutcome=not_applicable comment=matched merchant read with relation purpose=matched benchmark read auditReason= tracePath=[0:OPERATION:Merchant=query -> 1:REQUEST:Merchant= -> 2:PROVIDER:postgresql= -> 3:SQL:select=] mutationLineage=[]
SQL: -- TeaQL PLAIN
SELECT id, name, code, external_id AS externalId, task_life_hours AS taskLifeHours, version, platform FROM merchant_data WHERE (version > 0) AND (external_id = 'matched-merchant') LIMIT 1000 OFFSET 0
[TeaQL SQL][query][237us] 1 rows returned outcome=success batchOutcome=not_applicable comment=matched merchant read with relation purpose=matched benchmark read auditReason= tracePath=[0:OPERATION:Merchant=query -> 1:REQUEST:Merchant= -> 2:RELATION:platform=Merchant.platform -> 3:PROVIDER:postgresql= -> 4:SQL:select=] mutationLineage=[]
SQL: -- TeaQL PLAIN
SELECT id, create_time AS createTime, last_update_time AS lastUpdateTime, name, version FROM platform_data WHERE (version > 0) AND (id = 1) LIMIT 1 OFFSET 0
[TeaQL SQL][query][244us] 1 rows returned outcome=success batchOutcome=not_applicable comment=matched merchant read with relation purpose=matched benchmark read auditReason= tracePath=[0:OPERATION:Merchant=query -> 1:REQUEST:Merchant= -> 2:RELATION:platform=Merchant.platform -> 3:PROVIDER:postgresql= -> 4:SQL:select=] mutationLineage=[]
SQL: -- TeaQL PLAIN
SELECT id, create_time AS createTime, last_update_time AS lastUpdateTime, name, version FROM platform_data WHERE (version > 0) AND (id = 1) LIMIT 1 OFFSET 0
[TeaQL SQL][query][274us] 1 rows returned outcome=success batchOutcome=not_applicable comment=matched merchant read with relation purpose=matched benchmark read auditReason= tracePath=[0:OPERATION:Merchant=query -> 1:REQUEST:Merchant= -> 2:PROVIDER:postgresql= -> 3:SQL:select=] mutationLineage=[]
SQL: -- TeaQL PLAIN
SELECT id, name, code, external_id AS externalId, task_life_hours AS taskLifeHours, version, platform FROM merchant_data WHERE (version > 0) AND (external_id = 'matched-merchant') LIMIT 1000 OFFSET 0
[TeaQL SQL][query][238us] 1 rows returned outcome=success batchOutcome=not_applicable comment=matched merchant read with relation purpose=matched benchmark read auditReason= tracePath=[0:OPERATION:Merchant=query -> 1:REQUEST:Merchant= -> 2:RELATION:platform=Merchant.platform -> 3:PROVIDER:postgresql= -> 4:SQL:select=] mutationLineage=[]
SQL: -- TeaQL PLAIN
SELECT id, create_time AS createTime, last_update_time AS lastUpdateTime, name, version FROM platform_data WHERE (version > 0) AND (id = 1) LIMIT 1 OFFSET 0
[TeaQL SQL][query][287us] 1 rows returned outcome=success batchOutcome=not_applicable comment=matched merchant read with relation purpose=matched benchmark read auditReason= tracePath=[0:OPERATION:Merchant=query -> 1:REQUEST:Merchant= -> 2:PROVIDER:postgresql= -> 3:SQL:select=] mutationLineage=[]
SQL: -- TeaQL PLAIN
SELECT id, name, code, external_id AS externalId, task_life_hours AS taskLifeHours, version, platform FROM merchant_data WHERE (version > 0) AND (external_id = 'matched-merchant') LIMIT 1000 OFFSET 0
[TeaQL SQL][query][245us] 1 rows returned outcome=success batchOutcome=not_applicable comment=matched merchant read with relation purpose=matched benchmark read auditReason= tracePath=[0:OPERATION:Merchant=query -> 1:REQUEST:Merchant= -> 2:PROVIDER:postgresql= -> 3:SQL:select=] mutationLineage=[]
SQL: -- TeaQL PLAIN
SELECT id, name, code, external_id AS externalId, task_life_hours AS taskLifeHours, version, platform FROM merchant_data WHERE (version > 0) AND (external_id = 'matched-merchant') LIMIT 1000 OFFSET 0
[TeaQL SQL][query][225us] 1 rows returned outcome=success batchOutcome=not_applicable comment=matched merchant read with relation purpose=matched benchmark read auditReason= tracePath=[0:OPERATION:Merchant=query -> 1:REQUEST:Merchant= -> 2:PROVIDER:postgresql= -> 3:SQL:select=] mutationLineage=[]
SQL: -- TeaQL PLAIN
SELECT id, name, code, external_id AS externalId, task_life_hours AS taskLifeHours, version, platform FROM merchant_data WHERE (version > 0) AND (external_id = 'matched-merchant') LIMIT 1000 OFFSET 0
[TeaQL SQL][query][245us] 1 rows returned outcome=success batchOutcome=not_applicable comment=matched merchant read with relation purpose=matched benchmark read auditReason= tracePath=[0:OPERATION:Merchant=query -> 1:REQUEST:Merchant= -> 2:RELATION:platform=Merchant.platform -> 3:PROVIDER:postgresql= -> 4:SQL:select=] mutationLineage=[]
SQL: -- TeaQL PLAIN
SELECT id, create_time AS createTime, last_update_time AS lastUpdateTime, name, version FROM platform_data WHERE (version > 0) AND (id = 1) LIMIT 1 OFFSET 0
[TeaQL SQL][query][206us] 1 rows returned outcome=success batchOutcome=not_applicable comment=matched merchant read with relation purpose=matched benchmark read auditReason= tracePath=[0:OPERATION:Merchant=query -> 1:REQUEST:Merchant= -> 2:RELATION:platform=Merchant.platform -> 3:PROVIDER:postgresql= -> 4:SQL:select=] mutationLineage=[]
SQL: -- TeaQL PLAIN
SELECT id, create_time AS createTime, last_update_time AS lastUpdateTime, name, version FROM platform_data WHERE (version > 0) AND (id = 1) LIMIT 1 OFFSET 0
[TeaQL SQL][query][283us] 1 rows returned outcome=success batchOutcome=not_applicable comment=matched merchant read with relation purpose=matched benchmark read auditReason= tracePath=[0:OPERATION:Merchant=query -> 1:REQUEST:Merchant= -> 2:RELATION:platform=Merchant.platform -> 3:PROVIDER:postgresql= -> 4:SQL:select=] mutationLineage=[]
SQL: -- TeaQL PLAIN
SELECT id, create_time AS createTime, last_update_time AS lastUpdateTime, name, version FROM platform_data WHERE (version > 0) AND (id = 1) LIMIT 1 OFFSET 0
[TeaQL SQL][query][480us] 1 rows returned outcome=success batchOutcome=not_applicable comment=matched merchant read with relation purpose=matched benchmark read auditReason= tracePath=[0:OPERATION:Merchant=query -> 1:REQUEST:Merchant= -> 2:PROVIDER:postgresql= -> 3:SQL:select=] mutationLineage=[]
SQL: -- TeaQL PLAIN
SELECT id, name, code, external_id AS externalId, task_life_hours AS taskLifeHours, version, platform FROM merchant_data WHERE (version > 0) AND (external_id = 'matched-merchant') LIMIT 1000 OFFSET 0
[TeaQL SQL][query][365us] 1 rows returned outcome=success batchOutcome=not_applicable comment=matched merchant read with relation purpose=matched benchmark read auditReason= tracePath=[0:OPERATION:Merchant=query -> 1:REQUEST:Merchant= -> 2:RELATION:platform=Merchant.platform -> 3:PROVIDER:postgresql= -> 4:SQL:select=] mutationLineage=[]
SQL: -- TeaQL PLAIN
SELECT id, create_time AS createTime, last_update_time AS lastUpdateTime, name, version FROM platform_data WHERE (version > 0) AND (id = 1) LIMIT 1 OFFSET 0
[TeaQL SQL][query][428us] 1 rows returned outcome=success batchOutcome=not_applicable comment=matched merchant read with relation purpose=matched benchmark read auditReason= tracePath=[0:OPERATION:Merchant=query -> 1:REQUEST:Merchant= -> 2:PROVIDER:postgresql= -> 3:SQL:select=] mutationLineage=[]
SQL: -- TeaQL PLAIN
SELECT id, name, code, external_id AS externalId, task_life_hours AS taskLifeHours, version, platform FROM merchant_data WHERE (version > 0) AND (external_id = 'matched-merchant') LIMIT 1000 OFFSET 0
[TeaQL SQL][query][508us] 1 rows returned outcome=success batchOutcome=not_applicable comment=matched merchant read with relation purpose=matched benchmark read auditReason= tracePath=[0:OPERATION:Merchant=query -> 1:REQUEST:Merchant= -> 2:PROVIDER:postgresql= -> 3:SQL:select=] mutationLineage=[]
SQL: -- TeaQL PLAIN
SELECT id, name, code, external_id AS externalId, task_life_hours AS taskLifeHours, version, platform FROM merchant_data WHERE (version > 0) AND (external_id = 'matched-merchant') LIMIT 1000 OFFSET 0
[TeaQL SQL][query][251us] 1 rows returned outcome=success batchOutcome=not_applicable comment=matched merchant read with relation purpose=matched benchmark read auditReason= tracePath=[0:OPERATION:Merchant=query -> 1:REQUEST:Merchant= -> 2:RELATION:platform=Merchant.platform -> 3:PROVIDER:postgresql= -> 4:SQL:select=] mutationLineage=[]
SQL: -- TeaQL PLAIN
SELECT id, create_time AS createTime, last_update_time AS lastUpdateTime, name, version FROM platform_data WHERE (version > 0) AND (id = 1) LIMIT 1 OFFSET 0
[TeaQL SQL][query][276us] 1 rows returned outcome=success batchOutcome=not_applicable comment=matched merchant read with relation purpose=matched benchmark read auditReason= tracePath=[0:OPERATION:Merchant=query -> 1:REQUEST:Merchant= -> 2:RELATION:platform=Merchant.platform -> 3:PROVIDER:postgresql= -> 4:SQL:select=] mutationLineage=[]
SQL: -- TeaQL PLAIN
SELECT id, create_time AS createTime, last_update_time AS lastUpdateTime, name, version FROM platform_data WHERE (version > 0) AND (id = 1) LIMIT 1 OFFSET 0
[TeaQL SQL][query][306us] 1 rows returned outcome=success batchOutcome=not_applicable comment=matched merchant read with relation purpose=matched benchmark read auditReason= tracePath=[0:OPERATION:Merchant=query -> 1:REQUEST:Merchant= -> 2:PROVIDER:postgresql= -> 3:SQL:select=] mutationLineage=[]
SQL: -- TeaQL PLAIN
SELECT id, name, code, external_id AS externalId, task_life_hours AS taskLifeHours, version, platform FROM merchant_data WHERE (version > 0) AND (external_id = 'matched-merchant') LIMIT 1000 OFFSET 0
[TeaQL SQL][query][237us] 1 rows returned outcome=success batchOutcome=not_applicable comment=matched merchant read with relation purpose=matched benchmark read auditReason= tracePath=[0:OPERATION:Merchant=query -> 1:REQUEST:Merchant= -> 2:RELATION:platform=Merchant.platform -> 3:PROVIDER:postgresql= -> 4:SQL:select=] mutationLineage=[]
SQL: -- TeaQL PLAIN
SELECT id, create_time AS createTime, last_update_time AS lastUpdateTime, name, version FROM platform_data WHERE (version > 0) AND (id = 1) LIMIT 1 OFFSET 0
[TeaQL SQL][query][331us] 1 rows returned outcome=success batchOutcome=not_applicable comment=matched merchant read with relation purpose=matched benchmark read auditReason= tracePath=[0:OPERATION:Merchant=query -> 1:REQUEST:Merchant= -> 2:PROVIDER:postgresql= -> 3:SQL:select=] mutationLineage=[]
SQL: -- TeaQL PLAIN
SELECT id, name, code, external_id AS externalId, task_life_hours AS taskLifeHours, version, platform FROM merchant_data WHERE (version > 0) AND (external_id = 'matched-merchant') LIMIT 1000 OFFSET 0
[TeaQL SQL][query][268us] 1 rows returned outcome=success batchOutcome=not_applicable comment=matched merchant read with relation purpose=matched benchmark read auditReason= tracePath=[0:OPERATION:Merchant=query -> 1:REQUEST:Merchant= -> 2:RELATION:platform=Merchant.platform -> 3:PROVIDER:postgresql= -> 4:SQL:select=] mutationLineage=[]
SQL: -- TeaQL PLAIN
SELECT id, create_time AS createTime, last_update_time AS lastUpdateTime, name, version FROM platform_data WHERE (version > 0) AND (id = 1) LIMIT 1 OFFSET 0
[TeaQL SQL][query][263us] 1 rows returned outcome=success batchOutcome=not_applicable comment=matched merchant read with relation purpose=matched benchmark read auditReason= tracePath=[0:OPERATION:Merchant=query -> 1:REQUEST:Merchant= -> 2:PROVIDER:postgresql= -> 3:SQL:select=] mutationLineage=[]
SQL: -- TeaQL PLAIN
SELECT id, name, code, external_id AS externalId, task_life_hours AS taskLifeHours, version, platform FROM merchant_data WHERE (version > 0) AND (external_id = 'matched-merchant') LIMIT 1000 OFFSET 0
[TeaQL SQL][query][201us] 1 rows returned outcome=success batchOutcome=not_applicable comment=matched merchant read with relation purpose=matched benchmark read auditReason= tracePath=[0:OPERATION:Merchant=query -> 1:REQUEST:Merchant= -> 2:RELATION:platform=Merchant.platform -> 3:PROVIDER:postgresql= -> 4:SQL:select=] mutationLineage=[]
SQL: -- TeaQL PLAIN
SELECT id, create_time AS createTime, last_update_time AS lastUpdateTime, name, version FROM platform_data WHERE (version > 0) AND (id = 1) LIMIT 1 OFFSET 0
[TeaQL SQL][query][270us] 1 rows returned outcome=success batchOutcome=not_applicable comment=matched merchant read with relation purpose=matched benchmark read auditReason= tracePath=[0:OPERATION:Merchant=query -> 1:REQUEST:Merchant= -> 2:PROVIDER:postgresql= -> 3:SQL:select=] mutationLineage=[]
SQL: -- TeaQL PLAIN
SELECT id, name, code, external_id AS externalId, task_life_hours AS taskLifeHours, version, platform FROM merchant_data WHERE (version > 0) AND (external_id = 'matched-merchant') LIMIT 1000 OFFSET 0
[TeaQL SQL][query][241us] 1 rows returned outcome=success batchOutcome=not_applicable comment=matched merchant read with relation purpose=matched benchmark read auditReason= tracePath=[0:OPERATION:Merchant=query -> 1:REQUEST:Merchant= -> 2:PROVIDER:postgresql= -> 3:SQL:select=] mutationLineage=[]
SQL: -- TeaQL PLAIN
SELECT id, name, code, external_id AS externalId, task_life_hours AS taskLifeHours, version, platform FROM merchant_data WHERE (version > 0) AND (external_id = 'matched-merchant') LIMIT 1000 OFFSET 0
[TeaQL SQL][query][232us] 1 rows returned outcome=success batchOutcome=not_applicable comment=matched merchant read with relation purpose=matched benchmark read auditReason= tracePath=[0:OPERATION:Merchant=query -> 1:REQUEST:Merchant= -> 2:RELATION:platform=Merchant.platform -> 3:PROVIDER:postgresql= -> 4:SQL:select=] mutationLineage=[]
SQL: -- TeaQL PLAIN
SELECT id, create_time AS createTime, last_update_time AS lastUpdateTime, name, version FROM platform_data WHERE (version > 0) AND (id = 1) LIMIT 1 OFFSET 0
[TeaQL SQL][query][215us] 1 rows returned outcome=success batchOutcome=not_applicable comment=matched merchant read with relation purpose=matched benchmark read auditReason= tracePath=[0:OPERATION:Merchant=query -> 1:REQUEST:Merchant= -> 2:RELATION:platform=Merchant.platform -> 3:PROVIDER:postgresql= -> 4:SQL:select=] mutationLineage=[]
SQL: -- TeaQL PLAIN
SELECT id, create_time AS createTime, last_update_time AS lastUpdateTime, name, version FROM platform_data WHERE (version > 0) AND (id = 1) LIMIT 1 OFFSET 0
[TeaQL SQL][query][295us] 1 rows returned outcome=success batchOutcome=not_applicable comment=matched merchant read with relation purpose=matched benchmark read auditReason= tracePath=[0:OPERATION:Merchant=query -> 1:REQUEST:Merchant= -> 2:PROVIDER:postgresql= -> 3:SQL:select=] mutationLineage=[]
SQL: -- TeaQL PLAIN
SELECT id, name, code, external_id AS externalId, task_life_hours AS taskLifeHours, version, platform FROM merchant_data WHERE (version > 0) AND (external_id = 'matched-merchant') LIMIT 1000 OFFSET 0
[TeaQL SQL][query][252us] 1 rows returned outcome=success batchOutcome=not_applicable comment=matched merchant read with relation purpose=matched benchmark read auditReason= tracePath=[0:OPERATION:Merchant=query -> 1:REQUEST:Merchant= -> 2:RELATION:platform=Merchant.platform -> 3:PROVIDER:postgresql= -> 4:SQL:select=] mutationLineage=[]
SQL: -- TeaQL PLAIN
SELECT id, create_time AS createTime, last_update_time AS lastUpdateTime, name, version FROM platform_data WHERE (version > 0) AND (id = 1) LIMIT 1 OFFSET 0
[TeaQL SQL][query][254us] 1 rows returned outcome=success batchOutcome=not_applicable comment=matched merchant read with relation purpose=matched benchmark read auditReason= tracePath=[0:OPERATION:Merchant=query -> 1:REQUEST:Merchant= -> 2:PROVIDER:postgresql= -> 3:SQL:select=] mutationLineage=[]
SQL: -- TeaQL PLAIN
SELECT id, name, code, external_id AS externalId, task_life_hours AS taskLifeHours, version, platform FROM merchant_data WHERE (version > 0) AND (external_id = 'matched-merchant') LIMIT 1000 OFFSET 0
[TeaQL SQL][query][199us] 1 rows returned outcome=success batchOutcome=not_applicable comment=matched merchant read with relation purpose=matched benchmark read auditReason= tracePath=[0:OPERATION:Merchant=query -> 1:REQUEST:Merchant= -> 2:RELATION:platform=Merchant.platform -> 3:PROVIDER:postgresql= -> 4:SQL:select=] mutationLineage=[]
SQL: -- TeaQL PLAIN
SELECT id, create_time AS createTime, last_update_time AS lastUpdateTime, name, version FROM platform_data WHERE (version > 0) AND (id = 1) LIMIT 1 OFFSET 0
[TeaQL SQL][query][238us] 1 rows returned outcome=success batchOutcome=not_applicable comment=matched merchant read with relation purpose=matched benchmark read auditReason= tracePath=[0:OPERATION:Merchant=query -> 1:REQUEST:Merchant= -> 2:PROVIDER:postgresql= -> 3:SQL:select=] mutationLineage=[]
SQL: -- TeaQL PLAIN
SELECT id, name, code, external_id AS externalId, task_life_hours AS taskLifeHours, version, platform FROM merchant_data WHERE (version > 0) AND (external_id = 'matched-merchant') LIMIT 1000 OFFSET 0
[TeaQL SQL][query][226us] 1 rows returned outcome=success batchOutcome=not_applicable comment=matched merchant read with relation purpose=matched benchmark read auditReason= tracePath=[0:OPERATION:Merchant=query -> 1:REQUEST:Merchant= -> 2:RELATION:platform=Merchant.platform -> 3:PROVIDER:postgresql= -> 4:SQL:select=] mutationLineage=[]
SQL: -- TeaQL PLAIN
SELECT id, create_time AS createTime, last_update_time AS lastUpdateTime, name, version FROM platform_data WHERE (version > 0) AND (id = 1) LIMIT 1 OFFSET 0
[TeaQL SQL][query][591us] 1 rows returned outcome=success batchOutcome=not_applicable comment=matched merchant read with relation purpose=matched benchmark read auditReason= tracePath=[0:OPERATION:Merchant=query -> 1:REQUEST:Merchant= -> 2:PROVIDER:postgresql= -> 3:SQL:select=] mutationLineage=[]
SQL: -- TeaQL PLAIN
SELECT id, name, code, external_id AS externalId, task_life_hours AS taskLifeHours, version, platform FROM merchant_data WHERE (version > 0) AND (external_id = 'matched-merchant') LIMIT 1000 OFFSET 0
[TeaQL SQL][query][591us] 1 rows returned outcome=success batchOutcome=not_applicable comment=matched merchant read with relation purpose=matched benchmark read auditReason= tracePath=[0:OPERATION:Merchant=query -> 1:REQUEST:Merchant= -> 2:PROVIDER:postgresql= -> 3:SQL:select=] mutationLineage=[]
SQL: -- TeaQL PLAIN
SELECT id, name, code, external_id AS externalId, task_life_hours AS taskLifeHours, version, platform FROM merchant_data WHERE (version > 0) AND (external_id = 'matched-merchant') LIMIT 1000 OFFSET 0
[TeaQL SQL][query][354us] 1 rows returned outcome=success batchOutcome=not_applicable comment=matched merchant read with relation purpose=matched benchmark read auditReason= tracePath=[0:OPERATION:Merchant=query -> 1:REQUEST:Merchant= -> 2:RELATION:platform=Merchant.platform -> 3:PROVIDER:postgresql= -> 4:SQL:select=] mutationLineage=[]
SQL: -- TeaQL PLAIN
SELECT id, create_time AS createTime, last_update_time AS lastUpdateTime, name, version FROM platform_data WHERE (version > 0) AND (id = 1) LIMIT 1 OFFSET 0
[TeaQL SQL][query][354us] 1 rows returned outcome=success batchOutcome=not_applicable comment=matched merchant read with relation purpose=matched benchmark read auditReason= tracePath=[0:OPERATION:Merchant=query -> 1:REQUEST:Merchant= -> 2:RELATION:platform=Merchant.platform -> 3:PROVIDER:postgresql= -> 4:SQL:select=] mutationLineage=[]
SQL: -- TeaQL PLAIN
SELECT id, create_time AS createTime, last_update_time AS lastUpdateTime, name, version FROM platform_data WHERE (version > 0) AND (id = 1) LIMIT 1 OFFSET 0
[TeaQL SQL][query][424us] 1 rows returned outcome=success batchOutcome=not_applicable comment=matched merchant read with relation purpose=matched benchmark read auditReason= tracePath=[0:OPERATION:Merchant=query -> 1:REQUEST:Merchant= -> 2:PROVIDER:postgresql= -> 3:SQL:select=] mutationLineage=[]
SQL: -- TeaQL PLAIN
SELECT id, name, code, external_id AS externalId, task_life_hours AS taskLifeHours, version, platform FROM merchant_data WHERE (version > 0) AND (external_id = 'matched-merchant') LIMIT 1000 OFFSET 0
[TeaQL SQL][query][360us] 1 rows returned outcome=success batchOutcome=not_applicable comment=matched merchant read with relation purpose=matched benchmark read auditReason= tracePath=[0:OPERATION:Merchant=query -> 1:REQUEST:Merchant= -> 2:RELATION:platform=Merchant.platform -> 3:PROVIDER:postgresql= -> 4:SQL:select=] mutationLineage=[]
SQL: -- TeaQL PLAIN
SELECT id, create_time AS createTime, last_update_time AS lastUpdateTime, name, version FROM platform_data WHERE (version > 0) AND (id = 1) LIMIT 1 OFFSET 0
[TeaQL SQL][query][308us] 1 rows returned outcome=success batchOutcome=not_applicable comment=matched merchant read with relation purpose=matched benchmark read auditReason= tracePath=[0:OPERATION:Merchant=query -> 1:REQUEST:Merchant= -> 2:PROVIDER:postgresql= -> 3:SQL:select=] mutationLineage=[]
SQL: -- TeaQL PLAIN
SELECT id, name, code, external_id AS externalId, task_life_hours AS taskLifeHours, version, platform FROM merchant_data WHERE (version > 0) AND (external_id = 'matched-merchant') LIMIT 1000 OFFSET 0
[TeaQL SQL][query][261us] 1 rows returned outcome=success batchOutcome=not_applicable comment=matched merchant read with relation purpose=matched benchmark read auditReason= tracePath=[0:OPERATION:Merchant=query -> 1:REQUEST:Merchant= -> 2:RELATION:platform=Merchant.platform -> 3:PROVIDER:postgresql= -> 4:SQL:select=] mutationLineage=[]
SQL: -- TeaQL PLAIN
SELECT id, create_time AS createTime, last_update_time AS lastUpdateTime, name, version FROM platform_data WHERE (version > 0) AND (id = 1) LIMIT 1 OFFSET 0
[TeaQL SQL][query][333us] 1 rows returned outcome=success batchOutcome=not_applicable comment=matched merchant read with relation purpose=matched benchmark read auditReason= tracePath=[0:OPERATION:Merchant=query -> 1:REQUEST:Merchant= -> 2:PROVIDER:postgresql= -> 3:SQL:select=] mutationLineage=[]
SQL: -- TeaQL PLAIN
SELECT id, name, code, external_id AS externalId, task_life_hours AS taskLifeHours, version, platform FROM merchant_data WHERE (version > 0) AND (external_id = 'matched-merchant') LIMIT 1000 OFFSET 0
[TeaQL SQL][query][287us] 1 rows returned outcome=success batchOutcome=not_applicable comment=matched merchant read with relation purpose=matched benchmark read auditReason= tracePath=[0:OPERATION:Merchant=query -> 1:REQUEST:Merchant= -> 2:RELATION:platform=Merchant.platform -> 3:PROVIDER:postgresql= -> 4:SQL:select=] mutationLineage=[]
SQL: -- TeaQL PLAIN
SELECT id, create_time AS createTime, last_update_time AS lastUpdateTime, name, version FROM platform_data WHERE (version > 0) AND (id = 1) LIMIT 1 OFFSET 0
[TeaQL SQL][query][262us] 1 rows returned outcome=success batchOutcome=not_applicable comment=matched merchant read with relation purpose=matched benchmark read auditReason= tracePath=[0:OPERATION:Merchant=query -> 1:REQUEST:Merchant= -> 2:PROVIDER:postgresql= -> 3:SQL:select=] mutationLineage=[]
SQL: -- TeaQL PLAIN
SELECT id, name, code, external_id AS externalId, task_life_hours AS taskLifeHours, version, platform FROM merchant_data WHERE (version > 0) AND (external_id = 'matched-merchant') LIMIT 1000 OFFSET 0
[TeaQL SQL][query][230us] 1 rows returned outcome=success batchOutcome=not_applicable comment=matched merchant read with relation purpose=matched benchmark read auditReason= tracePath=[0:OPERATION:Merchant=query -> 1:REQUEST:Merchant= -> 2:RELATION:platform=Merchant.platform -> 3:PROVIDER:postgresql= -> 4:SQL:select=] mutationLineage=[]
SQL: -- TeaQL PLAIN
SELECT id, create_time AS createTime, last_update_time AS lastUpdateTime, name, version FROM platform_data WHERE (version > 0) AND (id = 1) LIMIT 1 OFFSET 0
[TeaQL SQL][query][329us] 1 rows returned outcome=success batchOutcome=not_applicable comment=matched merchant read with relation purpose=matched benchmark read auditReason= tracePath=[0:OPERATION:Merchant=query -> 1:REQUEST:Merchant= -> 2:PROVIDER:postgresql= -> 3:SQL:select=] mutationLineage=[]
SQL: -- TeaQL PLAIN
SELECT id, name, code, external_id AS externalId, task_life_hours AS taskLifeHours, version, platform FROM merchant_data WHERE (version > 0) AND (external_id = 'matched-merchant') LIMIT 1000 OFFSET 0
[TeaQL SQL][query][275us] 1 rows returned outcome=success batchOutcome=not_applicable comment=matched merchant read with relation purpose=matched benchmark read auditReason= tracePath=[0:OPERATION:Merchant=query -> 1:REQUEST:Merchant= -> 2:RELATION:platform=Merchant.platform -> 3:PROVIDER:postgresql= -> 4:SQL:select=] mutationLineage=[]
SQL: -- TeaQL PLAIN
SELECT id, create_time AS createTime, last_update_time AS lastUpdateTime, name, version FROM platform_data WHERE (version > 0) AND (id = 1) LIMIT 1 OFFSET 0
[TeaQL SQL][query][288us] 1 rows returned outcome=success batchOutcome=not_applicable comment=matched merchant read with relation purpose=matched benchmark read auditReason= tracePath=[0:OPERATION:Merchant=query -> 1:REQUEST:Merchant= -> 2:PROVIDER:postgresql= -> 3:SQL:select=] mutationLineage=[]
SQL: -- TeaQL PLAIN
SELECT id, name, code, external_id AS externalId, task_life_hours AS taskLifeHours, version, platform FROM merchant_data WHERE (version > 0) AND (external_id = 'matched-merchant') LIMIT 1000 OFFSET 0
[TeaQL SQL][query][257us] 1 rows returned outcome=success batchOutcome=not_applicable comment=matched merchant read with relation purpose=matched benchmark read auditReason= tracePath=[0:OPERATION:Merchant=query -> 1:REQUEST:Merchant= -> 2:RELATION:platform=Merchant.platform -> 3:PROVIDER:postgresql= -> 4:SQL:select=] mutationLineage=[]
SQL: -- TeaQL PLAIN
SELECT id, create_time AS createTime, last_update_time AS lastUpdateTime, name, version FROM platform_data WHERE (version > 0) AND (id = 1) LIMIT 1 OFFSET 0
[TeaQL SQL][query][315us] 1 rows returned outcome=success batchOutcome=not_applicable comment=matched merchant read with relation purpose=matched benchmark read auditReason= tracePath=[0:OPERATION:Merchant=query -> 1:REQUEST:Merchant= -> 2:PROVIDER:postgresql= -> 3:SQL:select=] mutationLineage=[]
SQL: -- TeaQL PLAIN
SELECT id, name, code, external_id AS externalId, task_life_hours AS taskLifeHours, version, platform FROM merchant_data WHERE (version > 0) AND (external_id = 'matched-merchant') LIMIT 1000 OFFSET 0
[TeaQL SQL][query][244us] 1 rows returned outcome=success batchOutcome=not_applicable comment=matched merchant read with relation purpose=matched benchmark read auditReason= tracePath=[0:OPERATION:Merchant=query -> 1:REQUEST:Merchant= -> 2:RELATION:platform=Merchant.platform -> 3:PROVIDER:postgresql= -> 4:SQL:select=] mutationLineage=[]
SQL: -- TeaQL PLAIN
SELECT id, create_time AS createTime, last_update_time AS lastUpdateTime, name, version FROM platform_data WHERE (version > 0) AND (id = 1) LIMIT 1 OFFSET 0
[TeaQL SQL][query][244us] 1 rows returned outcome=success batchOutcome=not_applicable comment=matched merchant read with relation purpose=matched benchmark read auditReason= tracePath=[0:OPERATION:Merchant=query -> 1:REQUEST:Merchant= -> 2:PROVIDER:postgresql= -> 3:SQL:select=] mutationLineage=[]
SQL: -- TeaQL PLAIN
SELECT id, name, code, external_id AS externalId, task_life_hours AS taskLifeHours, version, platform FROM merchant_data WHERE (version > 0) AND (external_id = 'matched-merchant') LIMIT 1000 OFFSET 0
[TeaQL SQL][query][239us] 1 rows returned outcome=success batchOutcome=not_applicable comment=matched merchant read with relation purpose=matched benchmark read auditReason= tracePath=[0:OPERATION:Merchant=query -> 1:REQUEST:Merchant= -> 2:RELATION:platform=Merchant.platform -> 3:PROVIDER:postgresql= -> 4:SQL:select=] mutationLineage=[]
SQL: -- TeaQL PLAIN
SELECT id, create_time AS createTime, last_update_time AS lastUpdateTime, name, version FROM platform_data WHERE (version > 0) AND (id = 1) LIMIT 1 OFFSET 0
[TeaQL SQL][query][316us] 1 rows returned outcome=success batchOutcome=not_applicable comment=matched merchant read with relation purpose=matched benchmark read auditReason= tracePath=[0:OPERATION:Merchant=query -> 1:REQUEST:Merchant= -> 2:PROVIDER:postgresql= -> 3:SQL:select=] mutationLineage=[]
SQL: -- TeaQL PLAIN
SELECT id, name, code, external_id AS externalId, task_life_hours AS taskLifeHours, version, platform FROM merchant_data WHERE (version > 0) AND (external_id = 'matched-merchant') LIMIT 1000 OFFSET 0
[TeaQL SQL][query][269us] 1 rows returned outcome=success batchOutcome=not_applicable comment=matched merchant read with relation purpose=matched benchmark read auditReason= tracePath=[0:OPERATION:Merchant=query -> 1:REQUEST:Merchant= -> 2:RELATION:platform=Merchant.platform -> 3:PROVIDER:postgresql= -> 4:SQL:select=] mutationLineage=[]
SQL: -- TeaQL PLAIN
SELECT id, create_time AS createTime, last_update_time AS lastUpdateTime, name, version FROM platform_data WHERE (version > 0) AND (id = 1) LIMIT 1 OFFSET 0
[TeaQL SQL][query][286us] 1 rows returned outcome=success batchOutcome=not_applicable comment=matched merchant read with relation purpose=matched benchmark read auditReason= tracePath=[0:OPERATION:Merchant=query -> 1:REQUEST:Merchant= -> 2:PROVIDER:postgresql= -> 3:SQL:select=] mutationLineage=[]
SQL: -- TeaQL PLAIN
SELECT id, name, code, external_id AS externalId, task_life_hours AS taskLifeHours, version, platform FROM merchant_data WHERE (version > 0) AND (external_id = 'matched-merchant') LIMIT 1000 OFFSET 0
[TeaQL SQL][query][230us] 1 rows returned outcome=success batchOutcome=not_applicable comment=matched merchant read with relation purpose=matched benchmark read auditReason= tracePath=[0:OPERATION:Merchant=query -> 1:REQUEST:Merchant= -> 2:PROVIDER:postgresql= -> 3:SQL:select=] mutationLineage=[]
SQL: -- TeaQL PLAIN
SELECT id, name, code, external_id AS externalId, task_life_hours AS taskLifeHours, version, platform FROM merchant_data WHERE (version > 0) AND (external_id = 'matched-merchant') LIMIT 1000 OFFSET 0
[TeaQL SQL][query][275us] 1 rows returned outcome=success batchOutcome=not_applicable comment=matched merchant read with relation purpose=matched benchmark read auditReason= tracePath=[0:OPERATION:Merchant=query -> 1:REQUEST:Merchant= -> 2:RELATION:platform=Merchant.platform -> 3:PROVIDER:postgresql= -> 4:SQL:select=] mutationLineage=[]
SQL: -- TeaQL PLAIN
SELECT id, create_time AS createTime, last_update_time AS lastUpdateTime, name, version FROM platform_data WHERE (version > 0) AND (id = 1) LIMIT 1 OFFSET 0
[TeaQL SQL][query][251us] 1 rows returned outcome=success batchOutcome=not_applicable comment=matched merchant read with relation purpose=matched benchmark read auditReason= tracePath=[0:OPERATION:Merchant=query -> 1:REQUEST:Merchant= -> 2:PROVIDER:postgresql= -> 3:SQL:select=] mutationLineage=[]
SQL: -- TeaQL PLAIN
SELECT id, name, code, external_id AS externalId, task_life_hours AS taskLifeHours, version, platform FROM merchant_data WHERE (version > 0) AND (external_id = 'matched-merchant') LIMIT 1000 OFFSET 0
[TeaQL SQL][query][288us] 1 rows returned outcome=success batchOutcome=not_applicable comment=matched merchant read with relation purpose=matched benchmark read auditReason= tracePath=[0:OPERATION:Merchant=query -> 1:REQUEST:Merchant= -> 2:RELATION:platform=Merchant.platform -> 3:PROVIDER:postgresql= -> 4:SQL:select=] mutationLineage=[]
SQL: -- TeaQL PLAIN
SELECT id, create_time AS createTime, last_update_time AS lastUpdateTime, name, version FROM platform_data WHERE (version > 0) AND (id = 1) LIMIT 1 OFFSET 0
[TeaQL SQL][query][209us] 1 rows returned outcome=success batchOutcome=not_applicable comment=matched merchant read with relation purpose=matched benchmark read auditReason= tracePath=[0:OPERATION:Merchant=query -> 1:REQUEST:Merchant= -> 2:RELATION:platform=Merchant.platform -> 3:PROVIDER:postgresql= -> 4:SQL:select=] mutationLineage=[]
SQL: -- TeaQL PLAIN
SELECT id, create_time AS createTime, last_update_time AS lastUpdateTime, name, version FROM platform_data WHERE (version > 0) AND (id = 1) LIMIT 1 OFFSET 0
[TeaQL SQL][query][262us] 1 rows returned outcome=success batchOutcome=not_applicable comment=matched merchant read with relation purpose=matched benchmark read auditReason= tracePath=[0:OPERATION:Merchant=query -> 1:REQUEST:Merchant= -> 2:PROVIDER:postgresql= -> 3:SQL:select=] mutationLineage=[]
SQL: -- TeaQL PLAIN
SELECT id, name, code, external_id AS externalId, task_life_hours AS taskLifeHours, version, platform FROM merchant_data WHERE (version > 0) AND (external_id = 'matched-merchant') LIMIT 1000 OFFSET 0
[TeaQL SQL][query][231us] 1 rows returned outcome=success batchOutcome=not_applicable comment=matched merchant read with relation purpose=matched benchmark read auditReason= tracePath=[0:OPERATION:Merchant=query -> 1:REQUEST:Merchant= -> 2:PROVIDER:postgresql= -> 3:SQL:select=] mutationLineage=[]
SQL: -- TeaQL PLAIN
SELECT id, name, code, external_id AS externalId, task_life_hours AS taskLifeHours, version, platform FROM merchant_data WHERE (version > 0) AND (external_id = 'matched-merchant') LIMIT 1000 OFFSET 0
[TeaQL SQL][query][214us] 1 rows returned outcome=success batchOutcome=not_applicable comment=matched merchant read with relation purpose=matched benchmark read auditReason= tracePath=[0:OPERATION:Merchant=query -> 1:REQUEST:Merchant= -> 2:RELATION:platform=Merchant.platform -> 3:PROVIDER:postgresql= -> 4:SQL:select=] mutationLineage=[]
SQL: -- TeaQL PLAIN
SELECT id, create_time AS createTime, last_update_time AS lastUpdateTime, name, version FROM platform_data WHERE (version > 0) AND (id = 1) LIMIT 1 OFFSET 0
[TeaQL SQL][query][211us] 1 rows returned outcome=success batchOutcome=not_applicable comment=matched merchant read with relation purpose=matched benchmark read auditReason= tracePath=[0:OPERATION:Merchant=query -> 1:REQUEST:Merchant= -> 2:RELATION:platform=Merchant.platform -> 3:PROVIDER:postgresql= -> 4:SQL:select=] mutationLineage=[]
SQL: -- TeaQL PLAIN
SELECT id, create_time AS createTime, last_update_time AS lastUpdateTime, name, version FROM platform_data WHERE (version > 0) AND (id = 1) LIMIT 1 OFFSET 0
[TeaQL SQL][query][318us] 1 rows returned outcome=success batchOutcome=not_applicable comment=matched merchant read with relation purpose=matched benchmark read auditReason= tracePath=[0:OPERATION:Merchant=query -> 1:REQUEST:Merchant= -> 2:PROVIDER:postgresql= -> 3:SQL:select=] mutationLineage=[]
SQL: -- TeaQL PLAIN
SELECT id, name, code, external_id AS externalId, task_life_hours AS taskLifeHours, version, platform FROM merchant_data WHERE (version > 0) AND (external_id = 'matched-merchant') LIMIT 1000 OFFSET 0
[TeaQL SQL][query][267us] 1 rows returned outcome=success batchOutcome=not_applicable comment=matched merchant read with relation purpose=matched benchmark read auditReason= tracePath=[0:OPERATION:Merchant=query -> 1:REQUEST:Merchant= -> 2:RELATION:platform=Merchant.platform -> 3:PROVIDER:postgresql= -> 4:SQL:select=] mutationLineage=[]
SQL: -- TeaQL PLAIN
SELECT id, create_time AS createTime, last_update_time AS lastUpdateTime, name, version FROM platform_data WHERE (version > 0) AND (id = 1) LIMIT 1 OFFSET 0
[TeaQL SQL][query][279us] 1 rows returned outcome=success batchOutcome=not_applicable comment=matched merchant read with relation purpose=matched benchmark read auditReason= tracePath=[0:OPERATION:Merchant=query -> 1:REQUEST:Merchant= -> 2:PROVIDER:postgresql= -> 3:SQL:select=] mutationLineage=[]
SQL: -- TeaQL PLAIN
SELECT id, name, code, external_id AS externalId, task_life_hours AS taskLifeHours, version, platform FROM merchant_data WHERE (version > 0) AND (external_id = 'matched-merchant') LIMIT 1000 OFFSET 0
[TeaQL SQL][query][279us] 1 rows returned outcome=success batchOutcome=not_applicable comment=matched merchant read with relation purpose=matched benchmark read auditReason= tracePath=[0:OPERATION:Merchant=query -> 1:REQUEST:Merchant= -> 2:RELATION:platform=Merchant.platform -> 3:PROVIDER:postgresql= -> 4:SQL:select=] mutationLineage=[]
SQL: -- TeaQL PLAIN
SELECT id, create_time AS createTime, last_update_time AS lastUpdateTime, name, version FROM platform_data WHERE (version > 0) AND (id = 1) LIMIT 1 OFFSET 0
[TeaQL SQL][query][283us] 1 rows returned outcome=success batchOutcome=not_applicable comment=matched merchant read with relation purpose=matched benchmark read auditReason= tracePath=[0:OPERATION:Merchant=query -> 1:REQUEST:Merchant= -> 2:PROVIDER:postgresql= -> 3:SQL:select=] mutationLineage=[]
SQL: -- TeaQL PLAIN
SELECT id, name, code, external_id AS externalId, task_life_hours AS taskLifeHours, version, platform FROM merchant_data WHERE (version > 0) AND (external_id = 'matched-merchant') LIMIT 1000 OFFSET 0
[TeaQL SQL][query][283us] 1 rows returned outcome=success batchOutcome=not_applicable comment=matched merchant read with relation purpose=matched benchmark read auditReason= tracePath=[0:OPERATION:Merchant=query -> 1:REQUEST:Merchant= -> 2:RELATION:platform=Merchant.platform -> 3:PROVIDER:postgresql= -> 4:SQL:select=] mutationLineage=[]
SQL: -- TeaQL PLAIN
SELECT id, create_time AS createTime, last_update_time AS lastUpdateTime, name, version FROM platform_data WHERE (version > 0) AND (id = 1) LIMIT 1 OFFSET 0
[TeaQL SQL][query][325us] 1 rows returned outcome=success batchOutcome=not_applicable comment=matched merchant read with relation purpose=matched benchmark read auditReason= tracePath=[0:OPERATION:Merchant=query -> 1:REQUEST:Merchant= -> 2:PROVIDER:postgresql= -> 3:SQL:select=] mutationLineage=[]
SQL: -- TeaQL PLAIN
SELECT id, name, code, external_id AS externalId, task_life_hours AS taskLifeHours, version, platform FROM merchant_data WHERE (version > 0) AND (external_id = 'matched-merchant') LIMIT 1000 OFFSET 0
[TeaQL SQL][query][268us] 1 rows returned outcome=success batchOutcome=not_applicable comment=matched merchant read with relation purpose=matched benchmark read auditReason= tracePath=[0:OPERATION:Merchant=query -> 1:REQUEST:Merchant= -> 2:RELATION:platform=Merchant.platform -> 3:PROVIDER:postgresql= -> 4:SQL:select=] mutationLineage=[]
SQL: -- TeaQL PLAIN
SELECT id, create_time AS createTime, last_update_time AS lastUpdateTime, name, version FROM platform_data WHERE (version > 0) AND (id = 1) LIMIT 1 OFFSET 0
[TeaQL SQL][query][310us] 1 rows returned outcome=success batchOutcome=not_applicable comment=matched merchant read with relation purpose=matched benchmark read auditReason= tracePath=[0:OPERATION:Merchant=query -> 1:REQUEST:Merchant= -> 2:PROVIDER:postgresql= -> 3:SQL:select=] mutationLineage=[]
SQL: -- TeaQL PLAIN
SELECT id, name, code, external_id AS externalId, task_life_hours AS taskLifeHours, version, platform FROM merchant_data WHERE (version > 0) AND (external_id = 'matched-merchant') LIMIT 1000 OFFSET 0
[TeaQL SQL][query][266us] 1 rows returned outcome=success batchOutcome=not_applicable comment=matched merchant read with relation purpose=matched benchmark read auditReason= tracePath=[0:OPERATION:Merchant=query -> 1:REQUEST:Merchant= -> 2:RELATION:platform=Merchant.platform -> 3:PROVIDER:postgresql= -> 4:SQL:select=] mutationLineage=[]
SQL: -- TeaQL PLAIN
SELECT id, create_time AS createTime, last_update_time AS lastUpdateTime, name, version FROM platform_data WHERE (version > 0) AND (id = 1) LIMIT 1 OFFSET 0
[TeaQL SQL][query][223us] 1 rows returned outcome=success batchOutcome=not_applicable comment=matched merchant read with relation purpose=matched benchmark read auditReason= tracePath=[0:OPERATION:Merchant=query -> 1:REQUEST:Merchant= -> 2:PROVIDER:postgresql= -> 3:SQL:select=] mutationLineage=[]
SQL: -- TeaQL PLAIN
SELECT id, name, code, external_id AS externalId, task_life_hours AS taskLifeHours, version, platform FROM merchant_data WHERE (version > 0) AND (external_id = 'matched-merchant') LIMIT 1000 OFFSET 0
[TeaQL SQL][query][220us] 1 rows returned outcome=success batchOutcome=not_applicable comment=matched merchant read with relation purpose=matched benchmark read auditReason= tracePath=[0:OPERATION:Merchant=query -> 1:REQUEST:Merchant= -> 2:PROVIDER:postgresql= -> 3:SQL:select=] mutationLineage=[]
SQL: -- TeaQL PLAIN
SELECT id, name, code, external_id AS externalId, task_life_hours AS taskLifeHours, version, platform FROM merchant_data WHERE (version > 0) AND (external_id = 'matched-merchant') LIMIT 1000 OFFSET 0
[TeaQL SQL][query][197us] 1 rows returned outcome=success batchOutcome=not_applicable comment=matched merchant read with relation purpose=matched benchmark read auditReason= tracePath=[0:OPERATION:Merchant=query -> 1:REQUEST:Merchant= -> 2:RELATION:platform=Merchant.platform -> 3:PROVIDER:postgresql= -> 4:SQL:select=] mutationLineage=[]
SQL: -- TeaQL PLAIN
SELECT id, create_time AS createTime, last_update_time AS lastUpdateTime, name, version FROM platform_data WHERE (version > 0) AND (id = 1) LIMIT 1 OFFSET 0
[TeaQL SQL][query][232us] 1 rows returned outcome=success batchOutcome=not_applicable comment=matched merchant read with relation purpose=matched benchmark read auditReason= tracePath=[0:OPERATION:Merchant=query -> 1:REQUEST:Merchant= -> 2:RELATION:platform=Merchant.platform -> 3:PROVIDER:postgresql= -> 4:SQL:select=] mutationLineage=[]
SQL: -- TeaQL PLAIN
SELECT id, create_time AS createTime, last_update_time AS lastUpdateTime, name, version FROM platform_data WHERE (version > 0) AND (id = 1) LIMIT 1 OFFSET 0
[TeaQL SQL][query][499us] 1 rows returned outcome=success batchOutcome=not_applicable comment=matched merchant read with relation purpose=matched benchmark read auditReason= tracePath=[0:OPERATION:Merchant=query -> 1:REQUEST:Merchant= -> 2:PROVIDER:postgresql= -> 3:SQL:select=] mutationLineage=[]
SQL: -- TeaQL PLAIN
SELECT id, name, code, external_id AS externalId, task_life_hours AS taskLifeHours, version, platform FROM merchant_data WHERE (version > 0) AND (external_id = 'matched-merchant') LIMIT 1000 OFFSET 0
[TeaQL SQL][query][382us] 1 rows returned outcome=success batchOutcome=not_applicable comment=matched merchant read with relation purpose=matched benchmark read auditReason= tracePath=[0:OPERATION:Merchant=query -> 1:REQUEST:Merchant= -> 2:PROVIDER:postgresql= -> 3:SQL:select=] mutationLineage=[]
SQL: -- TeaQL PLAIN
SELECT id, name, code, external_id AS externalId, task_life_hours AS taskLifeHours, version, platform FROM merchant_data WHERE (version > 0) AND (external_id = 'matched-merchant') LIMIT 1000 OFFSET 0
[TeaQL SQL][query][328us] 1 rows returned outcome=success batchOutcome=not_applicable comment=matched merchant read with relation purpose=matched benchmark read auditReason= tracePath=[0:OPERATION:Merchant=query -> 1:REQUEST:Merchant= -> 2:RELATION:platform=Merchant.platform -> 3:PROVIDER:postgresql= -> 4:SQL:select=] mutationLineage=[]
SQL: -- TeaQL PLAIN
SELECT id, create_time AS createTime, last_update_time AS lastUpdateTime, name, version FROM platform_data WHERE (version > 0) AND (id = 1) LIMIT 1 OFFSET 0
[TeaQL SQL][query][280us] 1 rows returned outcome=success batchOutcome=not_applicable comment=matched merchant read with relation purpose=matched benchmark read auditReason= tracePath=[0:OPERATION:Merchant=query -> 1:REQUEST:Merchant= -> 2:RELATION:platform=Merchant.platform -> 3:PROVIDER:postgresql= -> 4:SQL:select=] mutationLineage=[]
SQL: -- TeaQL PLAIN
SELECT id, create_time AS createTime, last_update_time AS lastUpdateTime, name, version FROM platform_data WHERE (version > 0) AND (id = 1) LIMIT 1 OFFSET 0
[TeaQL SQL][query][288us] 1 rows returned outcome=success batchOutcome=not_applicable comment=matched merchant read with relation purpose=matched benchmark read auditReason= tracePath=[0:OPERATION:Merchant=query -> 1:REQUEST:Merchant= -> 2:PROVIDER:postgresql= -> 3:SQL:select=] mutationLineage=[]
SQL: -- TeaQL PLAIN
SELECT id, name, code, external_id AS externalId, task_life_hours AS taskLifeHours, version, platform FROM merchant_data WHERE (version > 0) AND (external_id = 'matched-merchant') LIMIT 1000 OFFSET 0
[TeaQL SQL][query][298us] 1 rows returned outcome=success batchOutcome=not_applicable comment=matched merchant read with relation purpose=matched benchmark read auditReason= tracePath=[0:OPERATION:Merchant=query -> 1:REQUEST:Merchant= -> 2:RELATION:platform=Merchant.platform -> 3:PROVIDER:postgresql= -> 4:SQL:select=] mutationLineage=[]
SQL: -- TeaQL PLAIN
SELECT id, create_time AS createTime, last_update_time AS lastUpdateTime, name, version FROM platform_data WHERE (version > 0) AND (id = 1) LIMIT 1 OFFSET 0
[TeaQL SQL][query][272us] 1 rows returned outcome=success batchOutcome=not_applicable comment=matched merchant read with relation purpose=matched benchmark read auditReason= tracePath=[0:OPERATION:Merchant=query -> 1:REQUEST:Merchant= -> 2:PROVIDER:postgresql= -> 3:SQL:select=] mutationLineage=[]
SQL: -- TeaQL PLAIN
SELECT id, name, code, external_id AS externalId, task_life_hours AS taskLifeHours, version, platform FROM merchant_data WHERE (version > 0) AND (external_id = 'matched-merchant') LIMIT 1000 OFFSET 0
[TeaQL SQL][query][219us] 1 rows returned outcome=success batchOutcome=not_applicable comment=matched merchant read with relation purpose=matched benchmark read auditReason= tracePath=[0:OPERATION:Merchant=query -> 1:REQUEST:Merchant= -> 2:RELATION:platform=Merchant.platform -> 3:PROVIDER:postgresql= -> 4:SQL:select=] mutationLineage=[]
SQL: -- TeaQL PLAIN
SELECT id, create_time AS createTime, last_update_time AS lastUpdateTime, name, version FROM platform_data WHERE (version > 0) AND (id = 1) LIMIT 1 OFFSET 0
[TeaQL SQL][query][301us] 1 rows returned outcome=success batchOutcome=not_applicable comment=matched merchant read with relation purpose=matched benchmark read auditReason= tracePath=[0:OPERATION:Merchant=query -> 1:REQUEST:Merchant= -> 2:PROVIDER:postgresql= -> 3:SQL:select=] mutationLineage=[]
SQL: -- TeaQL PLAIN
SELECT id, name, code, external_id AS externalId, task_life_hours AS taskLifeHours, version, platform FROM merchant_data WHERE (version > 0) AND (external_id = 'matched-merchant') LIMIT 1000 OFFSET 0
[TeaQL SQL][query][247us] 1 rows returned outcome=success batchOutcome=not_applicable comment=matched merchant read with relation purpose=matched benchmark read auditReason= tracePath=[0:OPERATION:Merchant=query -> 1:REQUEST:Merchant= -> 2:RELATION:platform=Merchant.platform -> 3:PROVIDER:postgresql= -> 4:SQL:select=] mutationLineage=[]
SQL: -- TeaQL PLAIN
SELECT id, create_time AS createTime, last_update_time AS lastUpdateTime, name, version FROM platform_data WHERE (version > 0) AND (id = 1) LIMIT 1 OFFSET 0
[TeaQL SQL][query][424us] 1 rows returned outcome=success batchOutcome=not_applicable comment=matched merchant read with relation purpose=matched benchmark read auditReason= tracePath=[0:OPERATION:Merchant=query -> 1:REQUEST:Merchant= -> 2:PROVIDER:postgresql= -> 3:SQL:select=] mutationLineage=[]
SQL: -- TeaQL PLAIN
SELECT id, name, code, external_id AS externalId, task_life_hours AS taskLifeHours, version, platform FROM merchant_data WHERE (version > 0) AND (external_id = 'matched-merchant') LIMIT 1000 OFFSET 0
[TeaQL SQL][query][424us] 1 rows returned outcome=success batchOutcome=not_applicable comment=matched merchant read with relation purpose=matched benchmark read auditReason= tracePath=[0:OPERATION:Merchant=query -> 1:REQUEST:Merchant= -> 2:PROVIDER:postgresql= -> 3:SQL:select=] mutationLineage=[]
SQL: -- TeaQL PLAIN
SELECT id, name, code, external_id AS externalId, task_life_hours AS taskLifeHours, version, platform FROM merchant_data WHERE (version > 0) AND (external_id = 'matched-merchant') LIMIT 1000 OFFSET 0
[TeaQL SQL][query][324us] 1 rows returned outcome=success batchOutcome=not_applicable comment=matched merchant read with relation purpose=matched benchmark read auditReason= tracePath=[0:OPERATION:Merchant=query -> 1:REQUEST:Merchant= -> 2:RELATION:platform=Merchant.platform -> 3:PROVIDER:postgresql= -> 4:SQL:select=] mutationLineage=[]
SQL: -- TeaQL PLAIN
SELECT id, create_time AS createTime, last_update_time AS lastUpdateTime, name, version FROM platform_data WHERE (version > 0) AND (id = 1) LIMIT 1 OFFSET 0
[TeaQL SQL][query][324us] 1 rows returned outcome=success batchOutcome=not_applicable comment=matched merchant read with relation purpose=matched benchmark read auditReason= tracePath=[0:OPERATION:Merchant=query -> 1:REQUEST:Merchant= -> 2:RELATION:platform=Merchant.platform -> 3:PROVIDER:postgresql= -> 4:SQL:select=] mutationLineage=[]
SQL: -- TeaQL PLAIN
SELECT id, create_time AS createTime, last_update_time AS lastUpdateTime, name, version FROM platform_data WHERE (version > 0) AND (id = 1) LIMIT 1 OFFSET 0
[TeaQL SQL][query][363us] 1 rows returned outcome=success batchOutcome=not_applicable comment=matched merchant read with relation purpose=matched benchmark read auditReason= tracePath=[0:OPERATION:Merchant=query -> 1:REQUEST:Merchant= -> 2:PROVIDER:postgresql= -> 3:SQL:select=] mutationLineage=[]
SQL: -- TeaQL PLAIN
SELECT id, name, code, external_id AS externalId, task_life_hours AS taskLifeHours, version, platform FROM merchant_data WHERE (version > 0) AND (external_id = 'matched-merchant') LIMIT 1000 OFFSET 0
[TeaQL SQL][query][242us] 1 rows returned outcome=success batchOutcome=not_applicable comment=matched merchant read with relation purpose=matched benchmark read auditReason= tracePath=[0:OPERATION:Merchant=query -> 1:REQUEST:Merchant= -> 2:PROVIDER:postgresql= -> 3:SQL:select=] mutationLineage=[]
SQL: -- TeaQL PLAIN
SELECT id, name, code, external_id AS externalId, task_life_hours AS taskLifeHours, version, platform FROM merchant_data WHERE (version > 0) AND (external_id = 'matched-merchant') LIMIT 1000 OFFSET 0
[TeaQL SQL][query][243us] 1 rows returned outcome=success batchOutcome=not_applicable comment=matched merchant read with relation purpose=matched benchmark read auditReason= tracePath=[0:OPERATION:Merchant=query -> 1:REQUEST:Merchant= -> 2:RELATION:platform=Merchant.platform -> 3:PROVIDER:postgresql= -> 4:SQL:select=] mutationLineage=[]
SQL: -- TeaQL PLAIN
SELECT id, create_time AS createTime, last_update_time AS lastUpdateTime, name, version FROM platform_data WHERE (version > 0) AND (id = 1) LIMIT 1 OFFSET 0
[TeaQL SQL][query][208us] 1 rows returned outcome=success batchOutcome=not_applicable comment=matched merchant read with relation purpose=matched benchmark read auditReason= tracePath=[0:OPERATION:Merchant=query -> 1:REQUEST:Merchant= -> 2:RELATION:platform=Merchant.platform -> 3:PROVIDER:postgresql= -> 4:SQL:select=] mutationLineage=[]
SQL: -- TeaQL PLAIN
SELECT id, create_time AS createTime, last_update_time AS lastUpdateTime, name, version FROM platform_data WHERE (version > 0) AND (id = 1) LIMIT 1 OFFSET 0
[TeaQL SQL][query][267us] 1 rows returned outcome=success batchOutcome=not_applicable comment=matched merchant read with relation purpose=matched benchmark read auditReason= tracePath=[0:OPERATION:Merchant=query -> 1:REQUEST:Merchant= -> 2:PROVIDER:postgresql= -> 3:SQL:select=] mutationLineage=[]
SQL: -- TeaQL PLAIN
SELECT id, name, code, external_id AS externalId, task_life_hours AS taskLifeHours, version, platform FROM merchant_data WHERE (version > 0) AND (external_id = 'matched-merchant') LIMIT 1000 OFFSET 0
[TeaQL SQL][query][223us] 1 rows returned outcome=success batchOutcome=not_applicable comment=matched merchant read with relation purpose=matched benchmark read auditReason= tracePath=[0:OPERATION:Merchant=query -> 1:REQUEST:Merchant= -> 2:RELATION:platform=Merchant.platform -> 3:PROVIDER:postgresql= -> 4:SQL:select=] mutationLineage=[]
SQL: -- TeaQL PLAIN
SELECT id, create_time AS createTime, last_update_time AS lastUpdateTime, name, version FROM platform_data WHERE (version > 0) AND (id = 1) LIMIT 1 OFFSET 0
[TeaQL SQL][query][379us] 1 rows returned outcome=success batchOutcome=not_applicable comment=matched merchant read with relation purpose=matched benchmark read auditReason= tracePath=[0:OPERATION:Merchant=query -> 1:REQUEST:Merchant= -> 2:PROVIDER:postgresql= -> 3:SQL:select=] mutationLineage=[]
SQL: -- TeaQL PLAIN
SELECT id, name, code, external_id AS externalId, task_life_hours AS taskLifeHours, version, platform FROM merchant_data WHERE (version > 0) AND (external_id = 'matched-merchant') LIMIT 1000 OFFSET 0
[TeaQL SQL][query][348us] 1 rows returned outcome=success batchOutcome=not_applicable comment=matched merchant read with relation purpose=matched benchmark read auditReason= tracePath=[0:OPERATION:Merchant=query -> 1:REQUEST:Merchant= -> 2:PROVIDER:postgresql= -> 3:SQL:select=] mutationLineage=[]
SQL: -- TeaQL PLAIN
SELECT id, name, code, external_id AS externalId, task_life_hours AS taskLifeHours, version, platform FROM merchant_data WHERE (version > 0) AND (external_id = 'matched-merchant') LIMIT 1000 OFFSET 0
[TeaQL SQL][query][261us] 1 rows returned outcome=success batchOutcome=not_applicable comment=matched merchant read with relation purpose=matched benchmark read auditReason= tracePath=[0:OPERATION:Merchant=query -> 1:REQUEST:Merchant= -> 2:RELATION:platform=Merchant.platform -> 3:PROVIDER:postgresql= -> 4:SQL:select=] mutationLineage=[]
SQL: -- TeaQL PLAIN
SELECT id, create_time AS createTime, last_update_time AS lastUpdateTime, name, version FROM platform_data WHERE (version > 0) AND (id = 1) LIMIT 1 OFFSET 0
[TeaQL SQL][query][272us] 1 rows returned outcome=success batchOutcome=not_applicable comment=matched merchant read with relation purpose=matched benchmark read auditReason= tracePath=[0:OPERATION:Merchant=query -> 1:REQUEST:Merchant= -> 2:RELATION:platform=Merchant.platform -> 3:PROVIDER:postgresql= -> 4:SQL:select=] mutationLineage=[]
SQL: -- TeaQL PLAIN
SELECT id, create_time AS createTime, last_update_time AS lastUpdateTime, name, version FROM platform_data WHERE (version > 0) AND (id = 1) LIMIT 1 OFFSET 0
[TeaQL SQL][query][399us] 1 rows returned outcome=success batchOutcome=not_applicable comment=matched merchant read with relation purpose=matched benchmark read auditReason= tracePath=[0:OPERATION:Merchant=query -> 1:REQUEST:Merchant= -> 2:PROVIDER:postgresql= -> 3:SQL:select=] mutationLineage=[]
SQL: -- TeaQL PLAIN
SELECT id, name, code, external_id AS externalId, task_life_hours AS taskLifeHours, version, platform FROM merchant_data WHERE (version > 0) AND (external_id = 'matched-merchant') LIMIT 1000 OFFSET 0
[TeaQL SQL][query][302us] 1 rows returned outcome=success batchOutcome=not_applicable comment=matched merchant read with relation purpose=matched benchmark read auditReason= tracePath=[0:OPERATION:Merchant=query -> 1:REQUEST:Merchant= -> 2:RELATION:platform=Merchant.platform -> 3:PROVIDER:postgresql= -> 4:SQL:select=] mutationLineage=[]
SQL: -- TeaQL PLAIN
SELECT id, create_time AS createTime, last_update_time AS lastUpdateTime, name, version FROM platform_data WHERE (version > 0) AND (id = 1) LIMIT 1 OFFSET 0
[TeaQL SQL][query][318us] 1 rows returned outcome=success batchOutcome=not_applicable comment=matched merchant read with relation purpose=matched benchmark read auditReason= tracePath=[0:OPERATION:Merchant=query -> 1:REQUEST:Merchant= -> 2:PROVIDER:postgresql= -> 3:SQL:select=] mutationLineage=[]
SQL: -- TeaQL PLAIN
SELECT id, name, code, external_id AS externalId, task_life_hours AS taskLifeHours, version, platform FROM merchant_data WHERE (version > 0) AND (external_id = 'matched-merchant') LIMIT 1000 OFFSET 0
[TeaQL SQL][query][226us] 1 rows returned outcome=success batchOutcome=not_applicable comment=matched merchant read with relation purpose=matched benchmark read auditReason= tracePath=[0:OPERATION:Merchant=query -> 1:REQUEST:Merchant= -> 2:RELATION:platform=Merchant.platform -> 3:PROVIDER:postgresql= -> 4:SQL:select=] mutationLineage=[]
SQL: -- TeaQL PLAIN
SELECT id, create_time AS createTime, last_update_time AS lastUpdateTime, name, version FROM platform_data WHERE (version > 0) AND (id = 1) LIMIT 1 OFFSET 0
[TeaQL SQL][query][373us] 1 rows returned outcome=success batchOutcome=not_applicable comment=matched merchant read with relation purpose=matched benchmark read auditReason= tracePath=[0:OPERATION:Merchant=query -> 1:REQUEST:Merchant= -> 2:PROVIDER:postgresql= -> 3:SQL:select=] mutationLineage=[]
SQL: -- TeaQL PLAIN
SELECT id, name, code, external_id AS externalId, task_life_hours AS taskLifeHours, version, platform FROM merchant_data WHERE (version > 0) AND (external_id = 'matched-merchant') LIMIT 1000 OFFSET 0
[TeaQL SQL][query][334us] 1 rows returned outcome=success batchOutcome=not_applicable comment=matched merchant read with relation purpose=matched benchmark read auditReason= tracePath=[0:OPERATION:Merchant=query -> 1:REQUEST:Merchant= -> 2:PROVIDER:postgresql= -> 3:SQL:select=] mutationLineage=[]
SQL: -- TeaQL PLAIN
SELECT id, name, code, external_id AS externalId, task_life_hours AS taskLifeHours, version, platform FROM merchant_data WHERE (version > 0) AND (external_id = 'matched-merchant') LIMIT 1000 OFFSET 0
[TeaQL SQL][query][354us] 1 rows returned outcome=success batchOutcome=not_applicable comment=matched merchant read with relation purpose=matched benchmark read auditReason= tracePath=[0:OPERATION:Merchant=query -> 1:REQUEST:Merchant= -> 2:PROVIDER:postgresql= -> 3:SQL:select=] mutationLineage=[]
SQL: -- TeaQL PLAIN
SELECT id, name, code, external_id AS externalId, task_life_hours AS taskLifeHours, version, platform FROM merchant_data WHERE (version > 0) AND (external_id = 'matched-merchant') LIMIT 1000 OFFSET 0
[TeaQL SQL][query][273us] 1 rows returned outcome=success batchOutcome=not_applicable comment=matched merchant read with relation purpose=matched benchmark read auditReason= tracePath=[0:OPERATION:Merchant=query -> 1:REQUEST:Merchant= -> 2:RELATION:platform=Merchant.platform -> 3:PROVIDER:postgresql= -> 4:SQL:select=] mutationLineage=[]
SQL: -- TeaQL PLAIN
SELECT id, create_time AS createTime, last_update_time AS lastUpdateTime, name, version FROM platform_data WHERE (version > 0) AND (id = 1) LIMIT 1 OFFSET 0
[TeaQL SQL][query][206us] 1 rows returned outcome=success batchOutcome=not_applicable comment=matched merchant read with relation purpose=matched benchmark read auditReason= tracePath=[0:OPERATION:Merchant=query -> 1:REQUEST:Merchant= -> 2:RELATION:platform=Merchant.platform -> 3:PROVIDER:postgresql= -> 4:SQL:select=] mutationLineage=[]
SQL: -- TeaQL PLAIN
SELECT id, create_time AS createTime, last_update_time AS lastUpdateTime, name, version FROM platform_data WHERE (version > 0) AND (id = 1) LIMIT 1 OFFSET 0
[TeaQL SQL][query][279us] 1 rows returned outcome=success batchOutcome=not_applicable comment=matched merchant read with relation purpose=matched benchmark read auditReason= tracePath=[0:OPERATION:Merchant=query -> 1:REQUEST:Merchant= -> 2:RELATION:platform=Merchant.platform -> 3:PROVIDER:postgresql= -> 4:SQL:select=] mutationLineage=[]
SQL: -- TeaQL PLAIN
SELECT id, create_time AS createTime, last_update_time AS lastUpdateTime, name, version FROM platform_data WHERE (version > 0) AND (id = 1) LIMIT 1 OFFSET 0
[TeaQL SQL][query][547us] 1 rows returned outcome=success batchOutcome=not_applicable comment=matched merchant read with relation purpose=matched benchmark read auditReason= tracePath=[0:OPERATION:Merchant=query -> 1:REQUEST:Merchant= -> 2:PROVIDER:postgresql= -> 3:SQL:select=] mutationLineage=[]
SQL: -- TeaQL PLAIN
SELECT id, name, code, external_id AS externalId, task_life_hours AS taskLifeHours, version, platform FROM merchant_data WHERE (version > 0) AND (external_id = 'matched-merchant') LIMIT 1000 OFFSET 0
[TeaQL SQL][query][512us] 1 rows returned outcome=success batchOutcome=not_applicable comment=matched merchant read with relation purpose=matched benchmark read auditReason= tracePath=[0:OPERATION:Merchant=query -> 1:REQUEST:Merchant= -> 2:PROVIDER:postgresql= -> 3:SQL:select=] mutationLineage=[]
SQL: -- TeaQL PLAIN
SELECT id, name, code, external_id AS externalId, task_life_hours AS taskLifeHours, version, platform FROM merchant_data WHERE (version > 0) AND (external_id = 'matched-merchant') LIMIT 1000 OFFSET 0
[TeaQL SQL][query][381us] 1 rows returned outcome=success batchOutcome=not_applicable comment=matched merchant read with relation purpose=matched benchmark read auditReason= tracePath=[0:OPERATION:Merchant=query -> 1:REQUEST:Merchant= -> 2:RELATION:platform=Merchant.platform -> 3:PROVIDER:postgresql= -> 4:SQL:select=] mutationLineage=[]
SQL: -- TeaQL PLAIN
SELECT id, create_time AS createTime, last_update_time AS lastUpdateTime, name, version FROM platform_data WHERE (version > 0) AND (id = 1) LIMIT 1 OFFSET 0
[TeaQL SQL][query][378us] 1 rows returned outcome=success batchOutcome=not_applicable comment=matched merchant read with relation purpose=matched benchmark read auditReason= tracePath=[0:OPERATION:Merchant=query -> 1:REQUEST:Merchant= -> 2:RELATION:platform=Merchant.platform -> 3:PROVIDER:postgresql= -> 4:SQL:select=] mutationLineage=[]
SQL: -- TeaQL PLAIN
SELECT id, create_time AS createTime, last_update_time AS lastUpdateTime, name, version FROM platform_data WHERE (version > 0) AND (id = 1) LIMIT 1 OFFSET 0
[TeaQL SQL][query][315us] 1 rows returned outcome=success batchOutcome=not_applicable comment=matched merchant read with relation purpose=matched benchmark read auditReason= tracePath=[0:OPERATION:Merchant=query -> 1:REQUEST:Merchant= -> 2:PROVIDER:postgresql= -> 3:SQL:select=] mutationLineage=[]
SQL: -- TeaQL PLAIN
SELECT id, name, code, external_id AS externalId, task_life_hours AS taskLifeHours, version, platform FROM merchant_data WHERE (version > 0) AND (external_id = 'matched-merchant') LIMIT 1000 OFFSET 0
[TeaQL SQL][query][270us] 1 rows returned outcome=success batchOutcome=not_applicable comment=matched merchant read with relation purpose=matched benchmark read auditReason= tracePath=[0:OPERATION:Merchant=query -> 1:REQUEST:Merchant= -> 2:RELATION:platform=Merchant.platform -> 3:PROVIDER:postgresql= -> 4:SQL:select=] mutationLineage=[]
SQL: -- TeaQL PLAIN
SELECT id, create_time AS createTime, last_update_time AS lastUpdateTime, name, version FROM platform_data WHERE (version > 0) AND (id = 1) LIMIT 1 OFFSET 0
[TeaQL SQL][query][237us] 1 rows returned outcome=success batchOutcome=not_applicable comment=matched merchant read with relation purpose=matched benchmark read auditReason= tracePath=[0:OPERATION:Merchant=query -> 1:REQUEST:Merchant= -> 2:PROVIDER:postgresql= -> 3:SQL:select=] mutationLineage=[]
SQL: -- TeaQL PLAIN
SELECT id, name, code, external_id AS externalId, task_life_hours AS taskLifeHours, version, platform FROM merchant_data WHERE (version > 0) AND (external_id = 'matched-merchant') LIMIT 1000 OFFSET 0
[TeaQL SQL][query][269us] 1 rows returned outcome=success batchOutcome=not_applicable comment=matched merchant read with relation purpose=matched benchmark read auditReason= tracePath=[0:OPERATION:Merchant=query -> 1:REQUEST:Merchant= -> 2:RELATION:platform=Merchant.platform -> 3:PROVIDER:postgresql= -> 4:SQL:select=] mutationLineage=[]
SQL: -- TeaQL PLAIN
SELECT id, create_time AS createTime, last_update_time AS lastUpdateTime, name, version FROM platform_data WHERE (version > 0) AND (id = 1) LIMIT 1 OFFSET 0
[TeaQL SQL][query][301us] 1 rows returned outcome=success batchOutcome=not_applicable comment=matched merchant read with relation purpose=matched benchmark read auditReason= tracePath=[0:OPERATION:Merchant=query -> 1:REQUEST:Merchant= -> 2:PROVIDER:postgresql= -> 3:SQL:select=] mutationLineage=[]
SQL: -- TeaQL PLAIN
SELECT id, name, code, external_id AS externalId, task_life_hours AS taskLifeHours, version, platform FROM merchant_data WHERE (version > 0) AND (external_id = 'matched-merchant') LIMIT 1000 OFFSET 0
[TeaQL SQL][query][265us] 1 rows returned outcome=success batchOutcome=not_applicable comment=matched merchant read with relation purpose=matched benchmark read auditReason= tracePath=[0:OPERATION:Merchant=query -> 1:REQUEST:Merchant= -> 2:RELATION:platform=Merchant.platform -> 3:PROVIDER:postgresql= -> 4:SQL:select=] mutationLineage=[]
SQL: -- TeaQL PLAIN
SELECT id, create_time AS createTime, last_update_time AS lastUpdateTime, name, version FROM platform_data WHERE (version > 0) AND (id = 1) LIMIT 1 OFFSET 0
[TeaQL SQL][query][232us] 1 rows returned outcome=success batchOutcome=not_applicable comment=matched merchant read with relation purpose=matched benchmark read auditReason= tracePath=[0:OPERATION:Merchant=query -> 1:REQUEST:Merchant= -> 2:PROVIDER:postgresql= -> 3:SQL:select=] mutationLineage=[]
SQL: -- TeaQL PLAIN
SELECT id, name, code, external_id AS externalId, task_life_hours AS taskLifeHours, version, platform FROM merchant_data WHERE (version > 0) AND (external_id = 'matched-merchant') LIMIT 1000 OFFSET 0
[TeaQL SQL][query][232us] 1 rows returned outcome=success batchOutcome=not_applicable comment=matched merchant read with relation purpose=matched benchmark read auditReason= tracePath=[0:OPERATION:Merchant=query -> 1:REQUEST:Merchant= -> 2:RELATION:platform=Merchant.platform -> 3:PROVIDER:postgresql= -> 4:SQL:select=] mutationLineage=[]
SQL: -- TeaQL PLAIN
SELECT id, create_time AS createTime, last_update_time AS lastUpdateTime, name, version FROM platform_data WHERE (version > 0) AND (id = 1) LIMIT 1 OFFSET 0
[TeaQL SQL][query][387us] 1 rows returned outcome=success batchOutcome=not_applicable comment=matched merchant read with relation purpose=matched benchmark read auditReason= tracePath=[0:OPERATION:Merchant=query -> 1:REQUEST:Merchant= -> 2:PROVIDER:postgresql= -> 3:SQL:select=] mutationLineage=[]
SQL: -- TeaQL PLAIN
SELECT id, name, code, external_id AS externalId, task_life_hours AS taskLifeHours, version, platform FROM merchant_data WHERE (version > 0) AND (external_id = 'matched-merchant') LIMIT 1000 OFFSET 0
[TeaQL SQL][query][459us] 1 rows returned outcome=success batchOutcome=not_applicable comment=matched merchant read with relation purpose=matched benchmark read auditReason= tracePath=[0:OPERATION:Merchant=query -> 1:REQUEST:Merchant= -> 2:RELATION:platform=Merchant.platform -> 3:PROVIDER:postgresql= -> 4:SQL:select=] mutationLineage=[]
SQL: -- TeaQL PLAIN
SELECT id, create_time AS createTime, last_update_time AS lastUpdateTime, name, version FROM platform_data WHERE (version > 0) AND (id = 1) LIMIT 1 OFFSET 0
[TeaQL SQL][query][405us] 1 rows returned outcome=success batchOutcome=not_applicable comment=matched merchant read with relation purpose=matched benchmark read auditReason= tracePath=[0:OPERATION:Merchant=query -> 1:REQUEST:Merchant= -> 2:PROVIDER:postgresql= -> 3:SQL:select=] mutationLineage=[]
SQL: -- TeaQL PLAIN
SELECT id, name, code, external_id AS externalId, task_life_hours AS taskLifeHours, version, platform FROM merchant_data WHERE (version > 0) AND (external_id = 'matched-merchant') LIMIT 1000 OFFSET 0
[TeaQL SQL][query][315us] 1 rows returned outcome=success batchOutcome=not_applicable comment=matched merchant read with relation purpose=matched benchmark read auditReason= tracePath=[0:OPERATION:Merchant=query -> 1:REQUEST:Merchant= -> 2:RELATION:platform=Merchant.platform -> 3:PROVIDER:postgresql= -> 4:SQL:select=] mutationLineage=[]
SQL: -- TeaQL PLAIN
SELECT id, create_time AS createTime, last_update_time AS lastUpdateTime, name, version FROM platform_data WHERE (version > 0) AND (id = 1) LIMIT 1 OFFSET 0
[TeaQL SQL][query][354us] 1 rows returned outcome=success batchOutcome=not_applicable comment=matched merchant read with relation purpose=matched benchmark read auditReason= tracePath=[0:OPERATION:Merchant=query -> 1:REQUEST:Merchant= -> 2:PROVIDER:postgresql= -> 3:SQL:select=] mutationLineage=[]
SQL: -- TeaQL PLAIN
SELECT id, name, code, external_id AS externalId, task_life_hours AS taskLifeHours, version, platform FROM merchant_data WHERE (version > 0) AND (external_id = 'matched-merchant') LIMIT 1000 OFFSET 0
[TeaQL SQL][query][257us] 1 rows returned outcome=success batchOutcome=not_applicable comment=matched merchant read with relation purpose=matched benchmark read auditReason= tracePath=[0:OPERATION:Merchant=query -> 1:REQUEST:Merchant= -> 2:PROVIDER:postgresql= -> 3:SQL:select=] mutationLineage=[]
SQL: -- TeaQL PLAIN
SELECT id, name, code, external_id AS externalId, task_life_hours AS taskLifeHours, version, platform FROM merchant_data WHERE (version > 0) AND (external_id = 'matched-merchant') LIMIT 1000 OFFSET 0
[TeaQL SQL][query][333us] 1 rows returned outcome=success batchOutcome=not_applicable comment=matched merchant read with relation purpose=matched benchmark read auditReason= tracePath=[0:OPERATION:Merchant=query -> 1:REQUEST:Merchant= -> 2:RELATION:platform=Merchant.platform -> 3:PROVIDER:postgresql= -> 4:SQL:select=] mutationLineage=[]
SQL: -- TeaQL PLAIN
SELECT id, create_time AS createTime, last_update_time AS lastUpdateTime, name, version FROM platform_data WHERE (version > 0) AND (id = 1) LIMIT 1 OFFSET 0
[TeaQL SQL][query][225us] 1 rows returned outcome=success batchOutcome=not_applicable comment=matched merchant read with relation purpose=matched benchmark read auditReason= tracePath=[0:OPERATION:Merchant=query -> 1:REQUEST:Merchant= -> 2:PROVIDER:postgresql= -> 3:SQL:select=] mutationLineage=[]
SQL: -- TeaQL PLAIN
SELECT id, name, code, external_id AS externalId, task_life_hours AS taskLifeHours, version, platform FROM merchant_data WHERE (version > 0) AND (external_id = 'matched-merchant') LIMIT 1000 OFFSET 0
[TeaQL SQL][query][243us] 1 rows returned outcome=success batchOutcome=not_applicable comment=matched merchant read with relation purpose=matched benchmark read auditReason= tracePath=[0:OPERATION:Merchant=query -> 1:REQUEST:Merchant= -> 2:RELATION:platform=Merchant.platform -> 3:PROVIDER:postgresql= -> 4:SQL:select=] mutationLineage=[]
SQL: -- TeaQL PLAIN
SELECT id, create_time AS createTime, last_update_time AS lastUpdateTime, name, version FROM platform_data WHERE (version > 0) AND (id = 1) LIMIT 1 OFFSET 0
[TeaQL SQL][query][204us] 1 rows returned outcome=success batchOutcome=not_applicable comment=matched merchant read with relation purpose=matched benchmark read auditReason= tracePath=[0:OPERATION:Merchant=query -> 1:REQUEST:Merchant= -> 2:RELATION:platform=Merchant.platform -> 3:PROVIDER:postgresql= -> 4:SQL:select=] mutationLineage=[]
SQL: -- TeaQL PLAIN
SELECT id, create_time AS createTime, last_update_time AS lastUpdateTime, name, version FROM platform_data WHERE (version > 0) AND (id = 1) LIMIT 1 OFFSET 0
[TeaQL SQL][query][285us] 1 rows returned outcome=success batchOutcome=not_applicable comment=matched merchant read with relation purpose=matched benchmark read auditReason= tracePath=[0:OPERATION:Merchant=query -> 1:REQUEST:Merchant= -> 2:PROVIDER:postgresql= -> 3:SQL:select=] mutationLineage=[]
SQL: -- TeaQL PLAIN
SELECT id, name, code, external_id AS externalId, task_life_hours AS taskLifeHours, version, platform FROM merchant_data WHERE (version > 0) AND (external_id = 'matched-merchant') LIMIT 1000 OFFSET 0
[TeaQL SQL][query][241us] 1 rows returned outcome=success batchOutcome=not_applicable comment=matched merchant read with relation purpose=matched benchmark read auditReason= tracePath=[0:OPERATION:Merchant=query -> 1:REQUEST:Merchant= -> 2:RELATION:platform=Merchant.platform -> 3:PROVIDER:postgresql= -> 4:SQL:select=] mutationLineage=[]
SQL: -- TeaQL PLAIN
SELECT id, create_time AS createTime, last_update_time AS lastUpdateTime, name, version FROM platform_data WHERE (version > 0) AND (id = 1) LIMIT 1 OFFSET 0
[TeaQL SQL][query][429us] 1 rows returned outcome=success batchOutcome=not_applicable comment=matched merchant read with relation purpose=matched benchmark read auditReason= tracePath=[0:OPERATION:Merchant=query -> 1:REQUEST:Merchant= -> 2:PROVIDER:postgresql= -> 3:SQL:select=] mutationLineage=[]
SQL: -- TeaQL PLAIN
SELECT id, name, code, external_id AS externalId, task_life_hours AS taskLifeHours, version, platform FROM merchant_data WHERE (version > 0) AND (external_id = 'matched-merchant') LIMIT 1000 OFFSET 0
[TeaQL SQL][query][340us] 1 rows returned outcome=success batchOutcome=not_applicable comment=matched merchant read with relation purpose=matched benchmark read auditReason= tracePath=[0:OPERATION:Merchant=query -> 1:REQUEST:Merchant= -> 2:RELATION:platform=Merchant.platform -> 3:PROVIDER:postgresql= -> 4:SQL:select=] mutationLineage=[]
SQL: -- TeaQL PLAIN
SELECT id, create_time AS createTime, last_update_time AS lastUpdateTime, name, version FROM platform_data WHERE (version > 0) AND (id = 1) LIMIT 1 OFFSET 0
[TeaQL SQL][query][300us] 1 rows returned outcome=success batchOutcome=not_applicable comment=matched merchant read with relation purpose=matched benchmark read auditReason= tracePath=[0:OPERATION:Merchant=query -> 1:REQUEST:Merchant= -> 2:PROVIDER:postgresql= -> 3:SQL:select=] mutationLineage=[]
SQL: -- TeaQL PLAIN
SELECT id, name, code, external_id AS externalId, task_life_hours AS taskLifeHours, version, platform FROM merchant_data WHERE (version > 0) AND (external_id = 'matched-merchant') LIMIT 1000 OFFSET 0
[TeaQL SQL][query][221us] 1 rows returned outcome=success batchOutcome=not_applicable comment=matched merchant read with relation purpose=matched benchmark read auditReason= tracePath=[0:OPERATION:Merchant=query -> 1:REQUEST:Merchant= -> 2:RELATION:platform=Merchant.platform -> 3:PROVIDER:postgresql= -> 4:SQL:select=] mutationLineage=[]
SQL: -- TeaQL PLAIN
SELECT id, create_time AS createTime, last_update_time AS lastUpdateTime, name, version FROM platform_data WHERE (version > 0) AND (id = 1) LIMIT 1 OFFSET 0
[TeaQL SQL][query][326us] 1 rows returned outcome=success batchOutcome=not_applicable comment=matched merchant read with relation purpose=matched benchmark read auditReason= tracePath=[0:OPERATION:Merchant=query -> 1:REQUEST:Merchant= -> 2:PROVIDER:postgresql= -> 3:SQL:select=] mutationLineage=[]
SQL: -- TeaQL PLAIN
SELECT id, name, code, external_id AS externalId, task_life_hours AS taskLifeHours, version, platform FROM merchant_data WHERE (version > 0) AND (external_id = 'matched-merchant') LIMIT 1000 OFFSET 0
[TeaQL SQL][query][304us] 1 rows returned outcome=success batchOutcome=not_applicable comment=matched merchant read with relation purpose=matched benchmark read auditReason= tracePath=[0:OPERATION:Merchant=query -> 1:REQUEST:Merchant= -> 2:PROVIDER:postgresql= -> 3:SQL:select=] mutationLineage=[]
SQL: -- TeaQL PLAIN
SELECT id, name, code, external_id AS externalId, task_life_hours AS taskLifeHours, version, platform FROM merchant_data WHERE (version > 0) AND (external_id = 'matched-merchant') LIMIT 1000 OFFSET 0
[TeaQL SQL][query][251us] 1 rows returned outcome=success batchOutcome=not_applicable comment=matched merchant read with relation purpose=matched benchmark read auditReason= tracePath=[0:OPERATION:Merchant=query -> 1:REQUEST:Merchant= -> 2:RELATION:platform=Merchant.platform -> 3:PROVIDER:postgresql= -> 4:SQL:select=] mutationLineage=[]
SQL: -- TeaQL PLAIN
SELECT id, create_time AS createTime, last_update_time AS lastUpdateTime, name, version FROM platform_data WHERE (version > 0) AND (id = 1) LIMIT 1 OFFSET 0
[TeaQL SQL][query][220us] 1 rows returned outcome=success batchOutcome=not_applicable comment=matched merchant read with relation purpose=matched benchmark read auditReason= tracePath=[0:OPERATION:Merchant=query -> 1:REQUEST:Merchant= -> 2:RELATION:platform=Merchant.platform -> 3:PROVIDER:postgresql= -> 4:SQL:select=] mutationLineage=[]
SQL: -- TeaQL PLAIN
SELECT id, create_time AS createTime, last_update_time AS lastUpdateTime, name, version FROM platform_data WHERE (version > 0) AND (id = 1) LIMIT 1 OFFSET 0
[TeaQL SQL][query][282us] 1 rows returned outcome=success batchOutcome=not_applicable comment=matched merchant read with relation purpose=matched benchmark read auditReason= tracePath=[0:OPERATION:Merchant=query -> 1:REQUEST:Merchant= -> 2:PROVIDER:postgresql= -> 3:SQL:select=] mutationLineage=[]
SQL: -- TeaQL PLAIN
SELECT id, name, code, external_id AS externalId, task_life_hours AS taskLifeHours, version, platform FROM merchant_data WHERE (version > 0) AND (external_id = 'matched-merchant') LIMIT 1000 OFFSET 0
[TeaQL SQL][query][220us] 1 rows returned outcome=success batchOutcome=not_applicable comment=matched merchant read with relation purpose=matched benchmark read auditReason= tracePath=[0:OPERATION:Merchant=query -> 1:REQUEST:Merchant= -> 2:RELATION:platform=Merchant.platform -> 3:PROVIDER:postgresql= -> 4:SQL:select=] mutationLineage=[]
SQL: -- TeaQL PLAIN
SELECT id, create_time AS createTime, last_update_time AS lastUpdateTime, name, version FROM platform_data WHERE (version > 0) AND (id = 1) LIMIT 1 OFFSET 0
[TeaQL SQL][query][252us] 1 rows returned outcome=success batchOutcome=not_applicable comment=matched merchant read with relation purpose=matched benchmark read auditReason= tracePath=[0:OPERATION:Merchant=query -> 1:REQUEST:Merchant= -> 2:PROVIDER:postgresql= -> 3:SQL:select=] mutationLineage=[]
SQL: -- TeaQL PLAIN
SELECT id, name, code, external_id AS externalId, task_life_hours AS taskLifeHours, version, platform FROM merchant_data WHERE (version > 0) AND (external_id = 'matched-merchant') LIMIT 1000 OFFSET 0
[TeaQL SQL][query][232us] 1 rows returned outcome=success batchOutcome=not_applicable comment=matched merchant read with relation purpose=matched benchmark read auditReason= tracePath=[0:OPERATION:Merchant=query -> 1:REQUEST:Merchant= -> 2:RELATION:platform=Merchant.platform -> 3:PROVIDER:postgresql= -> 4:SQL:select=] mutationLineage=[]
SQL: -- TeaQL PLAIN
SELECT id, create_time AS createTime, last_update_time AS lastUpdateTime, name, version FROM platform_data WHERE (version > 0) AND (id = 1) LIMIT 1 OFFSET 0
[TeaQL SQL][query][402us] 1 rows returned outcome=success batchOutcome=not_applicable comment=matched merchant read with relation purpose=matched benchmark read auditReason= tracePath=[0:OPERATION:Merchant=query -> 1:REQUEST:Merchant= -> 2:PROVIDER:postgresql= -> 3:SQL:select=] mutationLineage=[]
SQL: -- TeaQL PLAIN
SELECT id, name, code, external_id AS externalId, task_life_hours AS taskLifeHours, version, platform FROM merchant_data WHERE (version > 0) AND (external_id = 'matched-merchant') LIMIT 1000 OFFSET 0
[TeaQL SQL][query][264us] 1 rows returned outcome=success batchOutcome=not_applicable comment=matched merchant read with relation purpose=matched benchmark read auditReason= tracePath=[0:OPERATION:Merchant=query -> 1:REQUEST:Merchant= -> 2:RELATION:platform=Merchant.platform -> 3:PROVIDER:postgresql= -> 4:SQL:select=] mutationLineage=[]
SQL: -- TeaQL PLAIN
SELECT id, create_time AS createTime, last_update_time AS lastUpdateTime, name, version FROM platform_data WHERE (version > 0) AND (id = 1) LIMIT 1 OFFSET 0
[TeaQL SQL][query][368us] 1 rows returned outcome=success batchOutcome=not_applicable comment=matched merchant read with relation purpose=matched benchmark read auditReason= tracePath=[0:OPERATION:Merchant=query -> 1:REQUEST:Merchant= -> 2:PROVIDER:postgresql= -> 3:SQL:select=] mutationLineage=[]
SQL: -- TeaQL PLAIN
SELECT id, name, code, external_id AS externalId, task_life_hours AS taskLifeHours, version, platform FROM merchant_data WHERE (version > 0) AND (external_id = 'matched-merchant') LIMIT 1000 OFFSET 0
[TeaQL SQL][query][270us] 1 rows returned outcome=success batchOutcome=not_applicable comment=matched merchant read with relation purpose=matched benchmark read auditReason= tracePath=[0:OPERATION:Merchant=query -> 1:REQUEST:Merchant= -> 2:PROVIDER:postgresql= -> 3:SQL:select=] mutationLineage=[]
SQL: -- TeaQL PLAIN
SELECT id, name, code, external_id AS externalId, task_life_hours AS taskLifeHours, version, platform FROM merchant_data WHERE (version > 0) AND (external_id = 'matched-merchant') LIMIT 1000 OFFSET 0
[TeaQL SQL][query][275us] 1 rows returned outcome=success batchOutcome=not_applicable comment=matched merchant read with relation purpose=matched benchmark read auditReason= tracePath=[0:OPERATION:Merchant=query -> 1:REQUEST:Merchant= -> 2:RELATION:platform=Merchant.platform -> 3:PROVIDER:postgresql= -> 4:SQL:select=] mutationLineage=[]
SQL: -- TeaQL PLAIN
SELECT id, create_time AS createTime, last_update_time AS lastUpdateTime, name, version FROM platform_data WHERE (version > 0) AND (id = 1) LIMIT 1 OFFSET 0
[TeaQL SQL][query][274us] 1 rows returned outcome=success batchOutcome=not_applicable comment=matched merchant read with relation purpose=matched benchmark read auditReason= tracePath=[0:OPERATION:Merchant=query -> 1:REQUEST:Merchant= -> 2:PROVIDER:postgresql= -> 3:SQL:select=] mutationLineage=[]
SQL: -- TeaQL PLAIN
SELECT id, name, code, external_id AS externalId, task_life_hours AS taskLifeHours, version, platform FROM merchant_data WHERE (version > 0) AND (external_id = 'matched-merchant') LIMIT 1000 OFFSET 0
[TeaQL SQL][query][238us] 1 rows returned outcome=success batchOutcome=not_applicable comment=matched merchant read with relation purpose=matched benchmark read auditReason= tracePath=[0:OPERATION:Merchant=query -> 1:REQUEST:Merchant= -> 2:RELATION:platform=Merchant.platform -> 3:PROVIDER:postgresql= -> 4:SQL:select=] mutationLineage=[]
SQL: -- TeaQL PLAIN
SELECT id, create_time AS createTime, last_update_time AS lastUpdateTime, name, version FROM platform_data WHERE (version > 0) AND (id = 1) LIMIT 1 OFFSET 0
[TeaQL SQL][query][294us] 1 rows returned outcome=success batchOutcome=not_applicable comment=matched merchant read with relation purpose=matched benchmark read auditReason= tracePath=[0:OPERATION:Merchant=query -> 1:REQUEST:Merchant= -> 2:RELATION:platform=Merchant.platform -> 3:PROVIDER:postgresql= -> 4:SQL:select=] mutationLineage=[]
SQL: -- TeaQL PLAIN
SELECT id, create_time AS createTime, last_update_time AS lastUpdateTime, name, version FROM platform_data WHERE (version > 0) AND (id = 1) LIMIT 1 OFFSET 0
[TeaQL SQL][query][287us] 1 rows returned outcome=success batchOutcome=not_applicable comment=matched merchant read with relation purpose=matched benchmark read auditReason= tracePath=[0:OPERATION:Merchant=query -> 1:REQUEST:Merchant= -> 2:PROVIDER:postgresql= -> 3:SQL:select=] mutationLineage=[]
SQL: -- TeaQL PLAIN
SELECT id, name, code, external_id AS externalId, task_life_hours AS taskLifeHours, version, platform FROM merchant_data WHERE (version > 0) AND (external_id = 'matched-merchant') LIMIT 1000 OFFSET 0
[TeaQL SQL][query][302us] 1 rows returned outcome=success batchOutcome=not_applicable comment=matched merchant read with relation purpose=matched benchmark read auditReason= tracePath=[0:OPERATION:Merchant=query -> 1:REQUEST:Merchant= -> 2:PROVIDER:postgresql= -> 3:SQL:select=] mutationLineage=[]
SQL: -- TeaQL PLAIN
SELECT id, name, code, external_id AS externalId, task_life_hours AS taskLifeHours, version, platform FROM merchant_data WHERE (version > 0) AND (external_id = 'matched-merchant') LIMIT 1000 OFFSET 0
[TeaQL SQL][query][228us] 1 rows returned outcome=success batchOutcome=not_applicable comment=matched merchant read with relation purpose=matched benchmark read auditReason= tracePath=[0:OPERATION:Merchant=query -> 1:REQUEST:Merchant= -> 2:RELATION:platform=Merchant.platform -> 3:PROVIDER:postgresql= -> 4:SQL:select=] mutationLineage=[]
SQL: -- TeaQL PLAIN
SELECT id, create_time AS createTime, last_update_time AS lastUpdateTime, name, version FROM platform_data WHERE (version > 0) AND (id = 1) LIMIT 1 OFFSET 0
[TeaQL SQL][query][234us] 1 rows returned outcome=success batchOutcome=not_applicable comment=matched merchant read with relation purpose=matched benchmark read auditReason= tracePath=[0:OPERATION:Merchant=query -> 1:REQUEST:Merchant= -> 2:RELATION:platform=Merchant.platform -> 3:PROVIDER:postgresql= -> 4:SQL:select=] mutationLineage=[]
SQL: -- TeaQL PLAIN
SELECT id, create_time AS createTime, last_update_time AS lastUpdateTime, name, version FROM platform_data WHERE (version > 0) AND (id = 1) LIMIT 1 OFFSET 0
[TeaQL SQL][query][293us] 1 rows returned outcome=success batchOutcome=not_applicable comment=matched merchant read with relation purpose=matched benchmark read auditReason= tracePath=[0:OPERATION:Merchant=query -> 1:REQUEST:Merchant= -> 2:PROVIDER:postgresql= -> 3:SQL:select=] mutationLineage=[]
SQL: -- TeaQL PLAIN
SELECT id, name, code, external_id AS externalId, task_life_hours AS taskLifeHours, version, platform FROM merchant_data WHERE (version > 0) AND (external_id = 'matched-merchant') LIMIT 1000 OFFSET 0
[TeaQL SQL][query][266us] 1 rows returned outcome=success batchOutcome=not_applicable comment=matched merchant read with relation purpose=matched benchmark read auditReason= tracePath=[0:OPERATION:Merchant=query -> 1:REQUEST:Merchant= -> 2:RELATION:platform=Merchant.platform -> 3:PROVIDER:postgresql= -> 4:SQL:select=] mutationLineage=[]
SQL: -- TeaQL PLAIN
SELECT id, create_time AS createTime, last_update_time AS lastUpdateTime, name, version FROM platform_data WHERE (version > 0) AND (id = 1) LIMIT 1 OFFSET 0
[TeaQL SQL][query][295us] 1 rows returned outcome=success batchOutcome=not_applicable comment=matched merchant read with relation purpose=matched benchmark read auditReason= tracePath=[0:OPERATION:Merchant=query -> 1:REQUEST:Merchant= -> 2:PROVIDER:postgresql= -> 3:SQL:select=] mutationLineage=[]
SQL: -- TeaQL PLAIN
SELECT id, name, code, external_id AS externalId, task_life_hours AS taskLifeHours, version, platform FROM merchant_data WHERE (version > 0) AND (external_id = 'matched-merchant') LIMIT 1000 OFFSET 0
[TeaQL SQL][query][254us] 1 rows returned outcome=success batchOutcome=not_applicable comment=matched merchant read with relation purpose=matched benchmark read auditReason= tracePath=[0:OPERATION:Merchant=query -> 1:REQUEST:Merchant= -> 2:RELATION:platform=Merchant.platform -> 3:PROVIDER:postgresql= -> 4:SQL:select=] mutationLineage=[]
SQL: -- TeaQL PLAIN
SELECT id, create_time AS createTime, last_update_time AS lastUpdateTime, name, version FROM platform_data WHERE (version > 0) AND (id = 1) LIMIT 1 OFFSET 0
[TeaQL SQL][query][260us] 1 rows returned outcome=success batchOutcome=not_applicable comment=matched merchant read with relation purpose=matched benchmark read auditReason= tracePath=[0:OPERATION:Merchant=query -> 1:REQUEST:Merchant= -> 2:PROVIDER:postgresql= -> 3:SQL:select=] mutationLineage=[]
SQL: -- TeaQL PLAIN
SELECT id, name, code, external_id AS externalId, task_life_hours AS taskLifeHours, version, platform FROM merchant_data WHERE (version > 0) AND (external_id = 'matched-merchant') LIMIT 1000 OFFSET 0
[TeaQL SQL][query][235us] 1 rows returned outcome=success batchOutcome=not_applicable comment=matched merchant read with relation purpose=matched benchmark read auditReason= tracePath=[0:OPERATION:Merchant=query -> 1:REQUEST:Merchant= -> 2:PROVIDER:postgresql= -> 3:SQL:select=] mutationLineage=[]
SQL: -- TeaQL PLAIN
SELECT id, name, code, external_id AS externalId, task_life_hours AS taskLifeHours, version, platform FROM merchant_data WHERE (version > 0) AND (external_id = 'matched-merchant') LIMIT 1000 OFFSET 0
[TeaQL SQL][query][234us] 1 rows returned outcome=success batchOutcome=not_applicable comment=matched merchant read with relation purpose=matched benchmark read auditReason= tracePath=[0:OPERATION:Merchant=query -> 1:REQUEST:Merchant= -> 2:RELATION:platform=Merchant.platform -> 3:PROVIDER:postgresql= -> 4:SQL:select=] mutationLineage=[]
SQL: -- TeaQL PLAIN
SELECT id, create_time AS createTime, last_update_time AS lastUpdateTime, name, version FROM platform_data WHERE (version > 0) AND (id = 1) LIMIT 1 OFFSET 0
[TeaQL SQL][query][217us] 1 rows returned outcome=success batchOutcome=not_applicable comment=matched merchant read with relation purpose=matched benchmark read auditReason= tracePath=[0:OPERATION:Merchant=query -> 1:REQUEST:Merchant= -> 2:RELATION:platform=Merchant.platform -> 3:PROVIDER:postgresql= -> 4:SQL:select=] mutationLineage=[]
SQL: -- TeaQL PLAIN
SELECT id, create_time AS createTime, last_update_time AS lastUpdateTime, name, version FROM platform_data WHERE (version > 0) AND (id = 1) LIMIT 1 OFFSET 0
[TeaQL SQL][query][307us] 1 rows returned outcome=success batchOutcome=not_applicable comment=matched merchant read with relation purpose=matched benchmark read auditReason= tracePath=[0:OPERATION:Merchant=query -> 1:REQUEST:Merchant= -> 2:PROVIDER:postgresql= -> 3:SQL:select=] mutationLineage=[]
SQL: -- TeaQL PLAIN
SELECT id, name, code, external_id AS externalId, task_life_hours AS taskLifeHours, version, platform FROM merchant_data WHERE (version > 0) AND (external_id = 'matched-merchant') LIMIT 1000 OFFSET 0
[TeaQL SQL][query][251us] 1 rows returned outcome=success batchOutcome=not_applicable comment=matched merchant read with relation purpose=matched benchmark read auditReason= tracePath=[0:OPERATION:Merchant=query -> 1:REQUEST:Merchant= -> 2:RELATION:platform=Merchant.platform -> 3:PROVIDER:postgresql= -> 4:SQL:select=] mutationLineage=[]
SQL: -- TeaQL PLAIN
SELECT id, create_time AS createTime, last_update_time AS lastUpdateTime, name, version FROM platform_data WHERE (version > 0) AND (id = 1) LIMIT 1 OFFSET 0
[TeaQL SQL][query][295us] 1 rows returned outcome=success batchOutcome=not_applicable comment=matched merchant read with relation purpose=matched benchmark read auditReason= tracePath=[0:OPERATION:Merchant=query -> 1:REQUEST:Merchant= -> 2:PROVIDER:postgresql= -> 3:SQL:select=] mutationLineage=[]
SQL: -- TeaQL PLAIN
SELECT id, name, code, external_id AS externalId, task_life_hours AS taskLifeHours, version, platform FROM merchant_data WHERE (version > 0) AND (external_id = 'matched-merchant') LIMIT 1000 OFFSET 0
[TeaQL SQL][query][245us] 1 rows returned outcome=success batchOutcome=not_applicable comment=matched merchant read with relation purpose=matched benchmark read auditReason= tracePath=[0:OPERATION:Merchant=query -> 1:REQUEST:Merchant= -> 2:RELATION:platform=Merchant.platform -> 3:PROVIDER:postgresql= -> 4:SQL:select=] mutationLineage=[]
SQL: -- TeaQL PLAIN
SELECT id, create_time AS createTime, last_update_time AS lastUpdateTime, name, version FROM platform_data WHERE (version > 0) AND (id = 1) LIMIT 1 OFFSET 0
[TeaQL SQL][query][407us] 1 rows returned outcome=success batchOutcome=not_applicable comment=matched merchant read with relation purpose=matched benchmark read auditReason= tracePath=[0:OPERATION:Merchant=query -> 1:REQUEST:Merchant= -> 2:PROVIDER:postgresql= -> 3:SQL:select=] mutationLineage=[]
SQL: -- TeaQL PLAIN
SELECT id, name, code, external_id AS externalId, task_life_hours AS taskLifeHours, version, platform FROM merchant_data WHERE (version > 0) AND (external_id = 'matched-merchant') LIMIT 1000 OFFSET 0
[TeaQL SQL][query][407us] 1 rows returned outcome=success batchOutcome=not_applicable comment=matched merchant read with relation purpose=matched benchmark read auditReason= tracePath=[0:OPERATION:Merchant=query -> 1:REQUEST:Merchant= -> 2:PROVIDER:postgresql= -> 3:SQL:select=] mutationLineage=[]
SQL: -- TeaQL PLAIN
SELECT id, name, code, external_id AS externalId, task_life_hours AS taskLifeHours, version, platform FROM merchant_data WHERE (version > 0) AND (external_id = 'matched-merchant') LIMIT 1000 OFFSET 0
[TeaQL SQL][query][304us] 1 rows returned outcome=success batchOutcome=not_applicable comment=matched merchant read with relation purpose=matched benchmark read auditReason= tracePath=[0:OPERATION:Merchant=query -> 1:REQUEST:Merchant= -> 2:RELATION:platform=Merchant.platform -> 3:PROVIDER:postgresql= -> 4:SQL:select=] mutationLineage=[]
SQL: -- TeaQL PLAIN
SELECT id, create_time AS createTime, last_update_time AS lastUpdateTime, name, version FROM platform_data WHERE (version > 0) AND (id = 1) LIMIT 1 OFFSET 0
[TeaQL SQL][query][267us] 1 rows returned outcome=success batchOutcome=not_applicable comment=matched merchant read with relation purpose=matched benchmark read auditReason= tracePath=[0:OPERATION:Merchant=query -> 1:REQUEST:Merchant= -> 2:RELATION:platform=Merchant.platform -> 3:PROVIDER:postgresql= -> 4:SQL:select=] mutationLineage=[]
SQL: -- TeaQL PLAIN
SELECT id, create_time AS createTime, last_update_time AS lastUpdateTime, name, version FROM platform_data WHERE (version > 0) AND (id = 1) LIMIT 1 OFFSET 0
[TeaQL SQL][query][390us] 1 rows returned outcome=success batchOutcome=not_applicable comment=matched merchant read with relation purpose=matched benchmark read auditReason= tracePath=[0:OPERATION:Merchant=query -> 1:REQUEST:Merchant= -> 2:PROVIDER:postgresql= -> 3:SQL:select=] mutationLineage=[]
SQL: -- TeaQL PLAIN
SELECT id, name, code, external_id AS externalId, task_life_hours AS taskLifeHours, version, platform FROM merchant_data WHERE (version > 0) AND (external_id = 'matched-merchant') LIMIT 1000 OFFSET 0
[TeaQL SQL][query][243us] 1 rows returned outcome=success batchOutcome=not_applicable comment=matched merchant read with relation purpose=matched benchmark read auditReason= tracePath=[0:OPERATION:Merchant=query -> 1:REQUEST:Merchant= -> 2:RELATION:platform=Merchant.platform -> 3:PROVIDER:postgresql= -> 4:SQL:select=] mutationLineage=[]
SQL: -- TeaQL PLAIN
SELECT id, create_time AS createTime, last_update_time AS lastUpdateTime, name, version FROM platform_data WHERE (version > 0) AND (id = 1) LIMIT 1 OFFSET 0
[TeaQL SQL][query][296us] 1 rows returned outcome=success batchOutcome=not_applicable comment=matched merchant read with relation purpose=matched benchmark read auditReason= tracePath=[0:OPERATION:Merchant=query -> 1:REQUEST:Merchant= -> 2:PROVIDER:postgresql= -> 3:SQL:select=] mutationLineage=[]
SQL: -- TeaQL PLAIN
SELECT id, name, code, external_id AS externalId, task_life_hours AS taskLifeHours, version, platform FROM merchant_data WHERE (version > 0) AND (external_id = 'matched-merchant') LIMIT 1000 OFFSET 0
[TeaQL SQL][query][284us] 1 rows returned outcome=success batchOutcome=not_applicable comment=matched merchant read with relation purpose=matched benchmark read auditReason= tracePath=[0:OPERATION:Merchant=query -> 1:REQUEST:Merchant= -> 2:RELATION:platform=Merchant.platform -> 3:PROVIDER:postgresql= -> 4:SQL:select=] mutationLineage=[]
SQL: -- TeaQL PLAIN
SELECT id, create_time AS createTime, last_update_time AS lastUpdateTime, name, version FROM platform_data WHERE (version > 0) AND (id = 1) LIMIT 1 OFFSET 0
[TeaQL SQL][query][293us] 1 rows returned outcome=success batchOutcome=not_applicable comment=matched merchant read with relation purpose=matched benchmark read auditReason= tracePath=[0:OPERATION:Merchant=query -> 1:REQUEST:Merchant= -> 2:PROVIDER:postgresql= -> 3:SQL:select=] mutationLineage=[]
SQL: -- TeaQL PLAIN
SELECT id, name, code, external_id AS externalId, task_life_hours AS taskLifeHours, version, platform FROM merchant_data WHERE (version > 0) AND (external_id = 'matched-merchant') LIMIT 1000 OFFSET 0
[TeaQL SQL][query][223us] 1 rows returned outcome=success batchOutcome=not_applicable comment=matched merchant read with relation purpose=matched benchmark read auditReason= tracePath=[0:OPERATION:Merchant=query -> 1:REQUEST:Merchant= -> 2:RELATION:platform=Merchant.platform -> 3:PROVIDER:postgresql= -> 4:SQL:select=] mutationLineage=[]
SQL: -- TeaQL PLAIN
SELECT id, create_time AS createTime, last_update_time AS lastUpdateTime, name, version FROM platform_data WHERE (version > 0) AND (id = 1) LIMIT 1 OFFSET 0
[TeaQL SQL][query][347us] 1 rows returned outcome=success batchOutcome=not_applicable comment=matched merchant read with relation purpose=matched benchmark read auditReason= tracePath=[0:OPERATION:Merchant=query -> 1:REQUEST:Merchant= -> 2:PROVIDER:postgresql= -> 3:SQL:select=] mutationLineage=[]
SQL: -- TeaQL PLAIN
SELECT id, name, code, external_id AS externalId, task_life_hours AS taskLifeHours, version, platform FROM merchant_data WHERE (version > 0) AND (external_id = 'matched-merchant') LIMIT 1000 OFFSET 0
[TeaQL SQL][query][435us] 1 rows returned outcome=success batchOutcome=not_applicable comment=matched merchant read with relation purpose=matched benchmark read auditReason= tracePath=[0:OPERATION:Merchant=query -> 1:REQUEST:Merchant= -> 2:PROVIDER:postgresql= -> 3:SQL:select=] mutationLineage=[]
SQL: -- TeaQL PLAIN
SELECT id, name, code, external_id AS externalId, task_life_hours AS taskLifeHours, version, platform FROM merchant_data WHERE (version > 0) AND (external_id = 'matched-merchant') LIMIT 1000 OFFSET 0
[TeaQL SQL][query][364us] 1 rows returned outcome=success batchOutcome=not_applicable comment=matched merchant read with relation purpose=matched benchmark read auditReason= tracePath=[0:OPERATION:Merchant=query -> 1:REQUEST:Merchant= -> 2:RELATION:platform=Merchant.platform -> 3:PROVIDER:postgresql= -> 4:SQL:select=] mutationLineage=[]
SQL: -- TeaQL PLAIN
SELECT id, create_time AS createTime, last_update_time AS lastUpdateTime, name, version FROM platform_data WHERE (version > 0) AND (id = 1) LIMIT 1 OFFSET 0
[TeaQL SQL][query][351us] 1 rows returned outcome=success batchOutcome=not_applicable comment=matched merchant read with relation purpose=matched benchmark read auditReason= tracePath=[0:OPERATION:Merchant=query -> 1:REQUEST:Merchant= -> 2:RELATION:platform=Merchant.platform -> 3:PROVIDER:postgresql= -> 4:SQL:select=] mutationLineage=[]
SQL: -- TeaQL PLAIN
SELECT id, create_time AS createTime, last_update_time AS lastUpdateTime, name, version FROM platform_data WHERE (version > 0) AND (id = 1) LIMIT 1 OFFSET 0
[TeaQL SQL][query][521us] 1 rows returned outcome=success batchOutcome=not_applicable comment=matched merchant read with relation purpose=matched benchmark read auditReason= tracePath=[0:OPERATION:Merchant=query -> 1:REQUEST:Merchant= -> 2:PROVIDER:postgresql= -> 3:SQL:select=] mutationLineage=[]
SQL: -- TeaQL PLAIN
SELECT id, name, code, external_id AS externalId, task_life_hours AS taskLifeHours, version, platform FROM merchant_data WHERE (version > 0) AND (external_id = 'matched-merchant') LIMIT 1000 OFFSET 0
[TeaQL SQL][query][328us] 1 rows returned outcome=success batchOutcome=not_applicable comment=matched merchant read with relation purpose=matched benchmark read auditReason= tracePath=[0:OPERATION:Merchant=query -> 1:REQUEST:Merchant= -> 2:RELATION:platform=Merchant.platform -> 3:PROVIDER:postgresql= -> 4:SQL:select=] mutationLineage=[]
SQL: -- TeaQL PLAIN
SELECT id, create_time AS createTime, last_update_time AS lastUpdateTime, name, version FROM platform_data WHERE (version > 0) AND (id = 1) LIMIT 1 OFFSET 0
[TeaQL SQL][query][1083us] 1 rows returned outcome=success batchOutcome=not_applicable comment=matched merchant read with relation purpose=matched benchmark read auditReason= tracePath=[0:OPERATION:Merchant=query -> 1:REQUEST:Merchant= -> 2:PROVIDER:postgresql= -> 3:SQL:select=] mutationLineage=[]
SQL: -- TeaQL PLAIN
SELECT id, name, code, external_id AS externalId, task_life_hours AS taskLifeHours, version, platform FROM merchant_data WHERE (version > 0) AND (external_id = 'matched-merchant') LIMIT 1000 OFFSET 0
[TeaQL SQL][query][276us] 1 rows returned outcome=success batchOutcome=not_applicable comment=matched merchant read with relation purpose=matched benchmark read auditReason= tracePath=[0:OPERATION:Merchant=query -> 1:REQUEST:Merchant= -> 2:RELATION:platform=Merchant.platform -> 3:PROVIDER:postgresql= -> 4:SQL:select=] mutationLineage=[]
SQL: -- TeaQL PLAIN
SELECT id, create_time AS createTime, last_update_time AS lastUpdateTime, name, version FROM platform_data WHERE (version > 0) AND (id = 1) LIMIT 1 OFFSET 0
[TeaQL SQL][query][394us] 1 rows returned outcome=success batchOutcome=not_applicable comment=matched merchant read with relation purpose=matched benchmark read auditReason= tracePath=[0:OPERATION:Merchant=query -> 1:REQUEST:Merchant= -> 2:PROVIDER:postgresql= -> 3:SQL:select=] mutationLineage=[]
SQL: -- TeaQL PLAIN
SELECT id, name, code, external_id AS externalId, task_life_hours AS taskLifeHours, version, platform FROM merchant_data WHERE (version > 0) AND (external_id = 'matched-merchant') LIMIT 1000 OFFSET 0
[TeaQL SQL][query][284us] 1 rows returned outcome=success batchOutcome=not_applicable comment=matched merchant read with relation purpose=matched benchmark read auditReason= tracePath=[0:OPERATION:Merchant=query -> 1:REQUEST:Merchant= -> 2:RELATION:platform=Merchant.platform -> 3:PROVIDER:postgresql= -> 4:SQL:select=] mutationLineage=[]
SQL: -- TeaQL PLAIN
SELECT id, create_time AS createTime, last_update_time AS lastUpdateTime, name, version FROM platform_data WHERE (version > 0) AND (id = 1) LIMIT 1 OFFSET 0
[TeaQL SQL][query][310us] 1 rows returned outcome=success batchOutcome=not_applicable comment=matched merchant read with relation purpose=matched benchmark read auditReason= tracePath=[0:OPERATION:Merchant=query -> 1:REQUEST:Merchant= -> 2:PROVIDER:postgresql= -> 3:SQL:select=] mutationLineage=[]
SQL: -- TeaQL PLAIN
SELECT id, name, code, external_id AS externalId, task_life_hours AS taskLifeHours, version, platform FROM merchant_data WHERE (version > 0) AND (external_id = 'matched-merchant') LIMIT 1000 OFFSET 0
[TeaQL SQL][query][281us] 1 rows returned outcome=success batchOutcome=not_applicable comment=matched merchant read with relation purpose=matched benchmark read auditReason= tracePath=[0:OPERATION:Merchant=query -> 1:REQUEST:Merchant= -> 2:RELATION:platform=Merchant.platform -> 3:PROVIDER:postgresql= -> 4:SQL:select=] mutationLineage=[]
SQL: -- TeaQL PLAIN
SELECT id, create_time AS createTime, last_update_time AS lastUpdateTime, name, version FROM platform_data WHERE (version > 0) AND (id = 1) LIMIT 1 OFFSET 0
[TeaQL SQL][query][350us] 1 rows returned outcome=success batchOutcome=not_applicable comment=matched merchant read with relation purpose=matched benchmark read auditReason= tracePath=[0:OPERATION:Merchant=query -> 1:REQUEST:Merchant= -> 2:PROVIDER:postgresql= -> 3:SQL:select=] mutationLineage=[]
SQL: -- TeaQL PLAIN
SELECT id, name, code, external_id AS externalId, task_life_hours AS taskLifeHours, version, platform FROM merchant_data WHERE (version > 0) AND (external_id = 'matched-merchant') LIMIT 1000 OFFSET 0
[TeaQL SQL][query][390us] 1 rows returned outcome=success batchOutcome=not_applicable comment=matched merchant read with relation purpose=matched benchmark read auditReason= tracePath=[0:OPERATION:Merchant=query -> 1:REQUEST:Merchant= -> 2:RELATION:platform=Merchant.platform -> 3:PROVIDER:postgresql= -> 4:SQL:select=] mutationLineage=[]
SQL: -- TeaQL PLAIN
SELECT id, create_time AS createTime, last_update_time AS lastUpdateTime, name, version FROM platform_data WHERE (version > 0) AND (id = 1) LIMIT 1 OFFSET 0
[TeaQL SQL][query][288us] 1 rows returned outcome=success batchOutcome=not_applicable comment=matched merchant read with relation purpose=matched benchmark read auditReason= tracePath=[0:OPERATION:Merchant=query -> 1:REQUEST:Merchant= -> 2:PROVIDER:postgresql= -> 3:SQL:select=] mutationLineage=[]
SQL: -- TeaQL PLAIN
SELECT id, name, code, external_id AS externalId, task_life_hours AS taskLifeHours, version, platform FROM merchant_data WHERE (version > 0) AND (external_id = 'matched-merchant') LIMIT 1000 OFFSET 0
[TeaQL SQL][query][266us] 1 rows returned outcome=success batchOutcome=not_applicable comment=matched merchant read with relation purpose=matched benchmark read auditReason= tracePath=[0:OPERATION:Merchant=query -> 1:REQUEST:Merchant= -> 2:RELATION:platform=Merchant.platform -> 3:PROVIDER:postgresql= -> 4:SQL:select=] mutationLineage=[]
SQL: -- TeaQL PLAIN
SELECT id, create_time AS createTime, last_update_time AS lastUpdateTime, name, version FROM platform_data WHERE (version > 0) AND (id = 1) LIMIT 1 OFFSET 0
[TeaQL SQL][query][314us] 1 rows returned outcome=success batchOutcome=not_applicable comment=matched merchant read with relation purpose=matched benchmark read auditReason= tracePath=[0:OPERATION:Merchant=query -> 1:REQUEST:Merchant= -> 2:PROVIDER:postgresql= -> 3:SQL:select=] mutationLineage=[]
SQL: -- TeaQL PLAIN
SELECT id, name, code, external_id AS externalId, task_life_hours AS taskLifeHours, version, platform FROM merchant_data WHERE (version > 0) AND (external_id = 'matched-merchant') LIMIT 1000 OFFSET 0
[TeaQL SQL][query][215us] 1 rows returned outcome=success batchOutcome=not_applicable comment=matched merchant read with relation purpose=matched benchmark read auditReason= tracePath=[0:OPERATION:Merchant=query -> 1:REQUEST:Merchant= -> 2:RELATION:platform=Merchant.platform -> 3:PROVIDER:postgresql= -> 4:SQL:select=] mutationLineage=[]
SQL: -- TeaQL PLAIN
SELECT id, create_time AS createTime, last_update_time AS lastUpdateTime, name, version FROM platform_data WHERE (version > 0) AND (id = 1) LIMIT 1 OFFSET 0
[TeaQL SQL][query][265us] 1 rows returned outcome=success batchOutcome=not_applicable comment=matched merchant read with relation purpose=matched benchmark read auditReason= tracePath=[0:OPERATION:Merchant=query -> 1:REQUEST:Merchant= -> 2:PROVIDER:postgresql= -> 3:SQL:select=] mutationLineage=[]
SQL: -- TeaQL PLAIN
SELECT id, name, code, external_id AS externalId, task_life_hours AS taskLifeHours, version, platform FROM merchant_data WHERE (version > 0) AND (external_id = 'matched-merchant') LIMIT 1000 OFFSET 0
[TeaQL SQL][query][214us] 1 rows returned outcome=success batchOutcome=not_applicable comment=matched merchant read with relation purpose=matched benchmark read auditReason= tracePath=[0:OPERATION:Merchant=query -> 1:REQUEST:Merchant= -> 2:RELATION:platform=Merchant.platform -> 3:PROVIDER:postgresql= -> 4:SQL:select=] mutationLineage=[]
SQL: -- TeaQL PLAIN
SELECT id, create_time AS createTime, last_update_time AS lastUpdateTime, name, version FROM platform_data WHERE (version > 0) AND (id = 1) LIMIT 1 OFFSET 0
[TeaQL SQL][query][243us] 1 rows returned outcome=success batchOutcome=not_applicable comment=matched merchant read with relation purpose=matched benchmark read auditReason= tracePath=[0:OPERATION:Merchant=query -> 1:REQUEST:Merchant= -> 2:PROVIDER:postgresql= -> 3:SQL:select=] mutationLineage=[]
SQL: -- TeaQL PLAIN
SELECT id, name, code, external_id AS externalId, task_life_hours AS taskLifeHours, version, platform FROM merchant_data WHERE (version > 0) AND (external_id = 'matched-merchant') LIMIT 1000 OFFSET 0
[TeaQL SQL][query][208us] 1 rows returned outcome=success batchOutcome=not_applicable comment=matched merchant read with relation purpose=matched benchmark read auditReason= tracePath=[0:OPERATION:Merchant=query -> 1:REQUEST:Merchant= -> 2:RELATION:platform=Merchant.platform -> 3:PROVIDER:postgresql= -> 4:SQL:select=] mutationLineage=[]
SQL: -- TeaQL PLAIN
SELECT id, create_time AS createTime, last_update_time AS lastUpdateTime, name, version FROM platform_data WHERE (version > 0) AND (id = 1) LIMIT 1 OFFSET 0
[TeaQL SQL][query][244us] 1 rows returned outcome=success batchOutcome=not_applicable comment=matched merchant read with relation purpose=matched benchmark read auditReason= tracePath=[0:OPERATION:Merchant=query -> 1:REQUEST:Merchant= -> 2:PROVIDER:postgresql= -> 3:SQL:select=] mutationLineage=[]
SQL: -- TeaQL PLAIN
SELECT id, name, code, external_id AS externalId, task_life_hours AS taskLifeHours, version, platform FROM merchant_data WHERE (version > 0) AND (external_id = 'matched-merchant') LIMIT 1000 OFFSET 0
[TeaQL SQL][query][211us] 1 rows returned outcome=success batchOutcome=not_applicable comment=matched merchant read with relation purpose=matched benchmark read auditReason= tracePath=[0:OPERATION:Merchant=query -> 1:REQUEST:Merchant= -> 2:RELATION:platform=Merchant.platform -> 3:PROVIDER:postgresql= -> 4:SQL:select=] mutationLineage=[]
SQL: -- TeaQL PLAIN
SELECT id, create_time AS createTime, last_update_time AS lastUpdateTime, name, version FROM platform_data WHERE (version > 0) AND (id = 1) LIMIT 1 OFFSET 0
[TeaQL SQL][query][382us] 1 rows returned outcome=success batchOutcome=not_applicable comment=matched merchant read with relation purpose=matched benchmark read auditReason= tracePath=[0:OPERATION:Merchant=query -> 1:REQUEST:Merchant= -> 2:PROVIDER:postgresql= -> 3:SQL:select=] mutationLineage=[]
SQL: -- TeaQL PLAIN
SELECT id, name, code, external_id AS externalId, task_life_hours AS taskLifeHours, version, platform FROM merchant_data WHERE (version > 0) AND (external_id = 'matched-merchant') LIMIT 1000 OFFSET 0
[TeaQL SQL][query][363us] 1 rows returned outcome=success batchOutcome=not_applicable comment=matched merchant read with relation purpose=matched benchmark read auditReason= tracePath=[0:OPERATION:Merchant=query -> 1:REQUEST:Merchant= -> 2:RELATION:platform=Merchant.platform -> 3:PROVIDER:postgresql= -> 4:SQL:select=] mutationLineage=[]
SQL: -- TeaQL PLAIN
SELECT id, create_time AS createTime, last_update_time AS lastUpdateTime, name, version FROM platform_data WHERE (version > 0) AND (id = 1) LIMIT 1 OFFSET 0
[TeaQL SQL][query][410us] 1 rows returned outcome=success batchOutcome=not_applicable comment=matched merchant read with relation purpose=matched benchmark read auditReason= tracePath=[0:OPERATION:Merchant=query -> 1:REQUEST:Merchant= -> 2:PROVIDER:postgresql= -> 3:SQL:select=] mutationLineage=[]
SQL: -- TeaQL PLAIN
SELECT id, name, code, external_id AS externalId, task_life_hours AS taskLifeHours, version, platform FROM merchant_data WHERE (version > 0) AND (external_id = 'matched-merchant') LIMIT 1000 OFFSET 0
[TeaQL SQL][query][295us] 1 rows returned outcome=success batchOutcome=not_applicable comment=matched merchant read with relation purpose=matched benchmark read auditReason= tracePath=[0:OPERATION:Merchant=query -> 1:REQUEST:Merchant= -> 2:RELATION:platform=Merchant.platform -> 3:PROVIDER:postgresql= -> 4:SQL:select=] mutationLineage=[]
SQL: -- TeaQL PLAIN
SELECT id, create_time AS createTime, last_update_time AS lastUpdateTime, name, version FROM platform_data WHERE (version > 0) AND (id = 1) LIMIT 1 OFFSET 0
[TeaQL SQL][query][316us] 1 rows returned outcome=success batchOutcome=not_applicable comment=matched merchant read with relation purpose=matched benchmark read auditReason= tracePath=[0:OPERATION:Merchant=query -> 1:REQUEST:Merchant= -> 2:PROVIDER:postgresql= -> 3:SQL:select=] mutationLineage=[]
SQL: -- TeaQL PLAIN
SELECT id, name, code, external_id AS externalId, task_life_hours AS taskLifeHours, version, platform FROM merchant_data WHERE (version > 0) AND (external_id = 'matched-merchant') LIMIT 1000 OFFSET 0
[TeaQL SQL][query][272us] 1 rows returned outcome=success batchOutcome=not_applicable comment=matched merchant read with relation purpose=matched benchmark read auditReason= tracePath=[0:OPERATION:Merchant=query -> 1:REQUEST:Merchant= -> 2:RELATION:platform=Merchant.platform -> 3:PROVIDER:postgresql= -> 4:SQL:select=] mutationLineage=[]
SQL: -- TeaQL PLAIN
SELECT id, create_time AS createTime, last_update_time AS lastUpdateTime, name, version FROM platform_data WHERE (version > 0) AND (id = 1) LIMIT 1 OFFSET 0
[TeaQL SQL][query][331us] 1 rows returned outcome=success batchOutcome=not_applicable comment=matched merchant read with relation purpose=matched benchmark read auditReason= tracePath=[0:OPERATION:Merchant=query -> 1:REQUEST:Merchant= -> 2:PROVIDER:postgresql= -> 3:SQL:select=] mutationLineage=[]
SQL: -- TeaQL PLAIN
SELECT id, name, code, external_id AS externalId, task_life_hours AS taskLifeHours, version, platform FROM merchant_data WHERE (version > 0) AND (external_id = 'matched-merchant') LIMIT 1000 OFFSET 0
[TeaQL SQL][query][280us] 1 rows returned outcome=success batchOutcome=not_applicable comment=matched merchant read with relation purpose=matched benchmark read auditReason= tracePath=[0:OPERATION:Merchant=query -> 1:REQUEST:Merchant= -> 2:RELATION:platform=Merchant.platform -> 3:PROVIDER:postgresql= -> 4:SQL:select=] mutationLineage=[]
SQL: -- TeaQL PLAIN
SELECT id, create_time AS createTime, last_update_time AS lastUpdateTime, name, version FROM platform_data WHERE (version > 0) AND (id = 1) LIMIT 1 OFFSET 0
[TeaQL SQL][query][322us] 1 rows returned outcome=success batchOutcome=not_applicable comment=matched merchant read with relation purpose=matched benchmark read auditReason= tracePath=[0:OPERATION:Merchant=query -> 1:REQUEST:Merchant= -> 2:PROVIDER:postgresql= -> 3:SQL:select=] mutationLineage=[]
SQL: -- TeaQL PLAIN
SELECT id, name, code, external_id AS externalId, task_life_hours AS taskLifeHours, version, platform FROM merchant_data WHERE (version > 0) AND (external_id = 'matched-merchant') LIMIT 1000 OFFSET 0
[TeaQL SQL][query][271us] 1 rows returned outcome=success batchOutcome=not_applicable comment=matched merchant read with relation purpose=matched benchmark read auditReason= tracePath=[0:OPERATION:Merchant=query -> 1:REQUEST:Merchant= -> 2:RELATION:platform=Merchant.platform -> 3:PROVIDER:postgresql= -> 4:SQL:select=] mutationLineage=[]
SQL: -- TeaQL PLAIN
SELECT id, create_time AS createTime, last_update_time AS lastUpdateTime, name, version FROM platform_data WHERE (version > 0) AND (id = 1) LIMIT 1 OFFSET 0
[TeaQL SQL][query][296us] 1 rows returned outcome=success batchOutcome=not_applicable comment=matched merchant read with relation purpose=matched benchmark read auditReason= tracePath=[0:OPERATION:Merchant=query -> 1:REQUEST:Merchant= -> 2:PROVIDER:postgresql= -> 3:SQL:select=] mutationLineage=[]
SQL: -- TeaQL PLAIN
SELECT id, name, code, external_id AS externalId, task_life_hours AS taskLifeHours, version, platform FROM merchant_data WHERE (version > 0) AND (external_id = 'matched-merchant') LIMIT 1000 OFFSET 0
[TeaQL SQL][query][262us] 1 rows returned outcome=success batchOutcome=not_applicable comment=matched merchant read with relation purpose=matched benchmark read auditReason= tracePath=[0:OPERATION:Merchant=query -> 1:REQUEST:Merchant= -> 2:RELATION:platform=Merchant.platform -> 3:PROVIDER:postgresql= -> 4:SQL:select=] mutationLineage=[]
SQL: -- TeaQL PLAIN
SELECT id, create_time AS createTime, last_update_time AS lastUpdateTime, name, version FROM platform_data WHERE (version > 0) AND (id = 1) LIMIT 1 OFFSET 0
[TeaQL SQL][query][298us] 1 rows returned outcome=success batchOutcome=not_applicable comment=matched merchant read with relation purpose=matched benchmark read auditReason= tracePath=[0:OPERATION:Merchant=query -> 1:REQUEST:Merchant= -> 2:PROVIDER:postgresql= -> 3:SQL:select=] mutationLineage=[]
SQL: -- TeaQL PLAIN
SELECT id, name, code, external_id AS externalId, task_life_hours AS taskLifeHours, version, platform FROM merchant_data WHERE (version > 0) AND (external_id = 'matched-merchant') LIMIT 1000 OFFSET 0
[TeaQL SQL][query][244us] 1 rows returned outcome=success batchOutcome=not_applicable comment=matched merchant read with relation purpose=matched benchmark read auditReason= tracePath=[0:OPERATION:Merchant=query -> 1:REQUEST:Merchant= -> 2:RELATION:platform=Merchant.platform -> 3:PROVIDER:postgresql= -> 4:SQL:select=] mutationLineage=[]
SQL: -- TeaQL PLAIN
SELECT id, create_time AS createTime, last_update_time AS lastUpdateTime, name, version FROM platform_data WHERE (version > 0) AND (id = 1) LIMIT 1 OFFSET 0
[TeaQL SQL][query][289us] 1 rows returned outcome=success batchOutcome=not_applicable comment=matched merchant read with relation purpose=matched benchmark read auditReason= tracePath=[0:OPERATION:Merchant=query -> 1:REQUEST:Merchant= -> 2:PROVIDER:postgresql= -> 3:SQL:select=] mutationLineage=[]
SQL: -- TeaQL PLAIN
SELECT id, name, code, external_id AS externalId, task_life_hours AS taskLifeHours, version, platform FROM merchant_data WHERE (version > 0) AND (external_id = 'matched-merchant') LIMIT 1000 OFFSET 0
[TeaQL SQL][query][250us] 1 rows returned outcome=success batchOutcome=not_applicable comment=matched merchant read with relation purpose=matched benchmark read auditReason= tracePath=[0:OPERATION:Merchant=query -> 1:REQUEST:Merchant= -> 2:PROVIDER:postgresql= -> 3:SQL:select=] mutationLineage=[]
SQL: -- TeaQL PLAIN
SELECT id, name, code, external_id AS externalId, task_life_hours AS taskLifeHours, version, platform FROM merchant_data WHERE (version > 0) AND (external_id = 'matched-merchant') LIMIT 1000 OFFSET 0
[TeaQL SQL][query][265us] 1 rows returned outcome=success batchOutcome=not_applicable comment=matched merchant read with relation purpose=matched benchmark read auditReason= tracePath=[0:OPERATION:Merchant=query -> 1:REQUEST:Merchant= -> 2:RELATION:platform=Merchant.platform -> 3:PROVIDER:postgresql= -> 4:SQL:select=] mutationLineage=[]
SQL: -- TeaQL PLAIN
SELECT id, create_time AS createTime, last_update_time AS lastUpdateTime, name, version FROM platform_data WHERE (version > 0) AND (id = 1) LIMIT 1 OFFSET 0
[TeaQL SQL][query][239us] 1 rows returned outcome=success batchOutcome=not_applicable comment=matched merchant read with relation purpose=matched benchmark read auditReason= tracePath=[0:OPERATION:Merchant=query -> 1:REQUEST:Merchant= -> 2:RELATION:platform=Merchant.platform -> 3:PROVIDER:postgresql= -> 4:SQL:select=] mutationLineage=[]
SQL: -- TeaQL PLAIN
SELECT id, create_time AS createTime, last_update_time AS lastUpdateTime, name, version FROM platform_data WHERE (version > 0) AND (id = 1) LIMIT 1 OFFSET 0
[TeaQL SQL][query][269us] 1 rows returned outcome=success batchOutcome=not_applicable comment=matched merchant read with relation purpose=matched benchmark read auditReason= tracePath=[0:OPERATION:Merchant=query -> 1:REQUEST:Merchant= -> 2:PROVIDER:postgresql= -> 3:SQL:select=] mutationLineage=[]
SQL: -- TeaQL PLAIN
SELECT id, name, code, external_id AS externalId, task_life_hours AS taskLifeHours, version, platform FROM merchant_data WHERE (version > 0) AND (external_id = 'matched-merchant') LIMIT 1000 OFFSET 0
[TeaQL SQL][query][205us] 1 rows returned outcome=success batchOutcome=not_applicable comment=matched merchant read with relation purpose=matched benchmark read auditReason= tracePath=[0:OPERATION:Merchant=query -> 1:REQUEST:Merchant= -> 2:RELATION:platform=Merchant.platform -> 3:PROVIDER:postgresql= -> 4:SQL:select=] mutationLineage=[]
SQL: -- TeaQL PLAIN
SELECT id, create_time AS createTime, last_update_time AS lastUpdateTime, name, version FROM platform_data WHERE (version > 0) AND (id = 1) LIMIT 1 OFFSET 0
[TeaQL SQL][query][359us] 1 rows returned outcome=success batchOutcome=not_applicable comment=matched merchant read with relation purpose=matched benchmark read auditReason= tracePath=[0:OPERATION:Merchant=query -> 1:REQUEST:Merchant= -> 2:PROVIDER:postgresql= -> 3:SQL:select=] mutationLineage=[]
SQL: -- TeaQL PLAIN
SELECT id, name, code, external_id AS externalId, task_life_hours AS taskLifeHours, version, platform FROM merchant_data WHERE (version > 0) AND (external_id = 'matched-merchant') LIMIT 1000 OFFSET 0
[TeaQL SQL][query][295us] 1 rows returned outcome=success batchOutcome=not_applicable comment=matched merchant read with relation purpose=matched benchmark read auditReason= tracePath=[0:OPERATION:Merchant=query -> 1:REQUEST:Merchant= -> 2:RELATION:platform=Merchant.platform -> 3:PROVIDER:postgresql= -> 4:SQL:select=] mutationLineage=[]
SQL: -- TeaQL PLAIN
SELECT id, create_time AS createTime, last_update_time AS lastUpdateTime, name, version FROM platform_data WHERE (version > 0) AND (id = 1) LIMIT 1 OFFSET 0
[TeaQL SQL][query][328us] 1 rows returned outcome=success batchOutcome=not_applicable comment=matched merchant read with relation purpose=matched benchmark read auditReason= tracePath=[0:OPERATION:Merchant=query -> 1:REQUEST:Merchant= -> 2:PROVIDER:postgresql= -> 3:SQL:select=] mutationLineage=[]
SQL: -- TeaQL PLAIN
SELECT id, name, code, external_id AS externalId, task_life_hours AS taskLifeHours, version, platform FROM merchant_data WHERE (version > 0) AND (external_id = 'matched-merchant') LIMIT 1000 OFFSET 0
[TeaQL SQL][query][292us] 1 rows returned outcome=success batchOutcome=not_applicable comment=matched merchant read with relation purpose=matched benchmark read auditReason= tracePath=[0:OPERATION:Merchant=query -> 1:REQUEST:Merchant= -> 2:RELATION:platform=Merchant.platform -> 3:PROVIDER:postgresql= -> 4:SQL:select=] mutationLineage=[]
SQL: -- TeaQL PLAIN
SELECT id, create_time AS createTime, last_update_time AS lastUpdateTime, name, version FROM platform_data WHERE (version > 0) AND (id = 1) LIMIT 1 OFFSET 0
[TeaQL SQL][query][360us] 1 rows returned outcome=success batchOutcome=not_applicable comment=matched merchant read with relation purpose=matched benchmark read auditReason= tracePath=[0:OPERATION:Merchant=query -> 1:REQUEST:Merchant= -> 2:PROVIDER:postgresql= -> 3:SQL:select=] mutationLineage=[]
SQL: -- TeaQL PLAIN
SELECT id, name, code, external_id AS externalId, task_life_hours AS taskLifeHours, version, platform FROM merchant_data WHERE (version > 0) AND (external_id = 'matched-merchant') LIMIT 1000 OFFSET 0
[TeaQL SQL][query][293us] 1 rows returned outcome=success batchOutcome=not_applicable comment=matched merchant read with relation purpose=matched benchmark read auditReason= tracePath=[0:OPERATION:Merchant=query -> 1:REQUEST:Merchant= -> 2:RELATION:platform=Merchant.platform -> 3:PROVIDER:postgresql= -> 4:SQL:select=] mutationLineage=[]
SQL: -- TeaQL PLAIN
SELECT id, create_time AS createTime, last_update_time AS lastUpdateTime, name, version FROM platform_data WHERE (version > 0) AND (id = 1) LIMIT 1 OFFSET 0
[TeaQL SQL][query][243us] 1 rows returned outcome=success batchOutcome=not_applicable comment=matched merchant read with relation purpose=matched benchmark read auditReason= tracePath=[0:OPERATION:Merchant=query -> 1:REQUEST:Merchant= -> 2:PROVIDER:postgresql= -> 3:SQL:select=] mutationLineage=[]
SQL: -- TeaQL PLAIN
SELECT id, name, code, external_id AS externalId, task_life_hours AS taskLifeHours, version, platform FROM merchant_data WHERE (version > 0) AND (external_id = 'matched-merchant') LIMIT 1000 OFFSET 0
[TeaQL SQL][query][208us] 1 rows returned outcome=success batchOutcome=not_applicable comment=matched merchant read with relation purpose=matched benchmark read auditReason= tracePath=[0:OPERATION:Merchant=query -> 1:REQUEST:Merchant= -> 2:RELATION:platform=Merchant.platform -> 3:PROVIDER:postgresql= -> 4:SQL:select=] mutationLineage=[]
SQL: -- TeaQL PLAIN
SELECT id, create_time AS createTime, last_update_time AS lastUpdateTime, name, version FROM platform_data WHERE (version > 0) AND (id = 1) LIMIT 1 OFFSET 0
[TeaQL SQL][query][310us] 1 rows returned outcome=success batchOutcome=not_applicable comment=matched merchant read with relation purpose=matched benchmark read auditReason= tracePath=[0:OPERATION:Merchant=query -> 1:REQUEST:Merchant= -> 2:PROVIDER:postgresql= -> 3:SQL:select=] mutationLineage=[]
SQL: -- TeaQL PLAIN
SELECT id, name, code, external_id AS externalId, task_life_hours AS taskLifeHours, version, platform FROM merchant_data WHERE (version > 0) AND (external_id = 'matched-merchant') LIMIT 1000 OFFSET 0
[TeaQL SQL][query][243us] 1 rows returned outcome=success batchOutcome=not_applicable comment=matched merchant read with relation purpose=matched benchmark read auditReason= tracePath=[0:OPERATION:Merchant=query -> 1:REQUEST:Merchant= -> 2:RELATION:platform=Merchant.platform -> 3:PROVIDER:postgresql= -> 4:SQL:select=] mutationLineage=[]
SQL: -- TeaQL PLAIN
SELECT id, create_time AS createTime, last_update_time AS lastUpdateTime, name, version FROM platform_data WHERE (version > 0) AND (id = 1) LIMIT 1 OFFSET 0
[TeaQL SQL][query][251us] 1 rows returned outcome=success batchOutcome=not_applicable comment=matched merchant read with relation purpose=matched benchmark read auditReason= tracePath=[0:OPERATION:Merchant=query -> 1:REQUEST:Merchant= -> 2:PROVIDER:postgresql= -> 3:SQL:select=] mutationLineage=[]
SQL: -- TeaQL PLAIN
SELECT id, name, code, external_id AS externalId, task_life_hours AS taskLifeHours, version, platform FROM merchant_data WHERE (version > 0) AND (external_id = 'matched-merchant') LIMIT 1000 OFFSET 0
[TeaQL SQL][query][190us] 1 rows returned outcome=success batchOutcome=not_applicable comment=matched merchant read with relation purpose=matched benchmark read auditReason= tracePath=[0:OPERATION:Merchant=query -> 1:REQUEST:Merchant= -> 2:RELATION:platform=Merchant.platform -> 3:PROVIDER:postgresql= -> 4:SQL:select=] mutationLineage=[]
SQL: -- TeaQL PLAIN
SELECT id, create_time AS createTime, last_update_time AS lastUpdateTime, name, version FROM platform_data WHERE (version > 0) AND (id = 1) LIMIT 1 OFFSET 0
[TeaQL SQL][query][441us] 1 rows returned outcome=success batchOutcome=not_applicable comment=matched merchant read with relation purpose=matched benchmark read auditReason= tracePath=[0:OPERATION:Merchant=query -> 1:REQUEST:Merchant= -> 2:PROVIDER:postgresql= -> 3:SQL:select=] mutationLineage=[]
SQL: -- TeaQL PLAIN
SELECT id, name, code, external_id AS externalId, task_life_hours AS taskLifeHours, version, platform FROM merchant_data WHERE (version > 0) AND (external_id = 'matched-merchant') LIMIT 1000 OFFSET 0
[TeaQL SQL][query][368us] 1 rows returned outcome=success batchOutcome=not_applicable comment=matched merchant read with relation purpose=matched benchmark read auditReason= tracePath=[0:OPERATION:Merchant=query -> 1:REQUEST:Merchant= -> 2:RELATION:platform=Merchant.platform -> 3:PROVIDER:postgresql= -> 4:SQL:select=] mutationLineage=[]
SQL: -- TeaQL PLAIN
SELECT id, create_time AS createTime, last_update_time AS lastUpdateTime, name, version FROM platform_data WHERE (version > 0) AND (id = 1) LIMIT 1 OFFSET 0
[TeaQL SQL][query][378us] 1 rows returned outcome=success batchOutcome=not_applicable comment=matched merchant read with relation purpose=matched benchmark read auditReason= tracePath=[0:OPERATION:Merchant=query -> 1:REQUEST:Merchant= -> 2:PROVIDER:postgresql= -> 3:SQL:select=] mutationLineage=[]
SQL: -- TeaQL PLAIN
SELECT id, name, code, external_id AS externalId, task_life_hours AS taskLifeHours, version, platform FROM merchant_data WHERE (version > 0) AND (external_id = 'matched-merchant') LIMIT 1000 OFFSET 0
[TeaQL SQL][query][301us] 1 rows returned outcome=success batchOutcome=not_applicable comment=matched merchant read with relation purpose=matched benchmark read auditReason= tracePath=[0:OPERATION:Merchant=query -> 1:REQUEST:Merchant= -> 2:RELATION:platform=Merchant.platform -> 3:PROVIDER:postgresql= -> 4:SQL:select=] mutationLineage=[]
SQL: -- TeaQL PLAIN
SELECT id, create_time AS createTime, last_update_time AS lastUpdateTime, name, version FROM platform_data WHERE (version > 0) AND (id = 1) LIMIT 1 OFFSET 0
[TeaQL SQL][query][323us] 1 rows returned outcome=success batchOutcome=not_applicable comment=matched merchant read with relation purpose=matched benchmark read auditReason= tracePath=[0:OPERATION:Merchant=query -> 1:REQUEST:Merchant= -> 2:PROVIDER:postgresql= -> 3:SQL:select=] mutationLineage=[]
SQL: -- TeaQL PLAIN
SELECT id, name, code, external_id AS externalId, task_life_hours AS taskLifeHours, version, platform FROM merchant_data WHERE (version > 0) AND (external_id = 'matched-merchant') LIMIT 1000 OFFSET 0
[TeaQL SQL][query][277us] 1 rows returned outcome=success batchOutcome=not_applicable comment=matched merchant read with relation purpose=matched benchmark read auditReason= tracePath=[0:OPERATION:Merchant=query -> 1:REQUEST:Merchant= -> 2:RELATION:platform=Merchant.platform -> 3:PROVIDER:postgresql= -> 4:SQL:select=] mutationLineage=[]
SQL: -- TeaQL PLAIN
SELECT id, create_time AS createTime, last_update_time AS lastUpdateTime, name, version FROM platform_data WHERE (version > 0) AND (id = 1) LIMIT 1 OFFSET 0
[TeaQL SQL][query][267us] 1 rows returned outcome=success batchOutcome=not_applicable comment=matched merchant read with relation purpose=matched benchmark read auditReason= tracePath=[0:OPERATION:Merchant=query -> 1:REQUEST:Merchant= -> 2:PROVIDER:postgresql= -> 3:SQL:select=] mutationLineage=[]
SQL: -- TeaQL PLAIN
SELECT id, name, code, external_id AS externalId, task_life_hours AS taskLifeHours, version, platform FROM merchant_data WHERE (version > 0) AND (external_id = 'matched-merchant') LIMIT 1000 OFFSET 0
[TeaQL SQL][query][238us] 1 rows returned outcome=success batchOutcome=not_applicable comment=matched merchant read with relation purpose=matched benchmark read auditReason= tracePath=[0:OPERATION:Merchant=query -> 1:REQUEST:Merchant= -> 2:RELATION:platform=Merchant.platform -> 3:PROVIDER:postgresql= -> 4:SQL:select=] mutationLineage=[]
SQL: -- TeaQL PLAIN
SELECT id, create_time AS createTime, last_update_time AS lastUpdateTime, name, version FROM platform_data WHERE (version > 0) AND (id = 1) LIMIT 1 OFFSET 0
[TeaQL SQL][query][350us] 1 rows returned outcome=success batchOutcome=not_applicable comment=matched merchant read with relation purpose=matched benchmark read auditReason= tracePath=[0:OPERATION:Merchant=query -> 1:REQUEST:Merchant= -> 2:PROVIDER:postgresql= -> 3:SQL:select=] mutationLineage=[]
SQL: -- TeaQL PLAIN
SELECT id, name, code, external_id AS externalId, task_life_hours AS taskLifeHours, version, platform FROM merchant_data WHERE (version > 0) AND (external_id = 'matched-merchant') LIMIT 1000 OFFSET 0
[TeaQL SQL][query][294us] 1 rows returned outcome=success batchOutcome=not_applicable comment=matched merchant read with relation purpose=matched benchmark read auditReason= tracePath=[0:OPERATION:Merchant=query -> 1:REQUEST:Merchant= -> 2:RELATION:platform=Merchant.platform -> 3:PROVIDER:postgresql= -> 4:SQL:select=] mutationLineage=[]
SQL: -- TeaQL PLAIN
SELECT id, create_time AS createTime, last_update_time AS lastUpdateTime, name, version FROM platform_data WHERE (version > 0) AND (id = 1) LIMIT 1 OFFSET 0
[TeaQL SQL][query][296us] 1 rows returned outcome=success batchOutcome=not_applicable comment=matched merchant read with relation purpose=matched benchmark read auditReason= tracePath=[0:OPERATION:Merchant=query -> 1:REQUEST:Merchant= -> 2:PROVIDER:postgresql= -> 3:SQL:select=] mutationLineage=[]
SQL: -- TeaQL PLAIN
SELECT id, name, code, external_id AS externalId, task_life_hours AS taskLifeHours, version, platform FROM merchant_data WHERE (version > 0) AND (external_id = 'matched-merchant') LIMIT 1000 OFFSET 0
[TeaQL SQL][query][268us] 1 rows returned outcome=success batchOutcome=not_applicable comment=matched merchant read with relation purpose=matched benchmark read auditReason= tracePath=[0:OPERATION:Merchant=query -> 1:REQUEST:Merchant= -> 2:RELATION:platform=Merchant.platform -> 3:PROVIDER:postgresql= -> 4:SQL:select=] mutationLineage=[]
SQL: -- TeaQL PLAIN
SELECT id, create_time AS createTime, last_update_time AS lastUpdateTime, name, version FROM platform_data WHERE (version > 0) AND (id = 1) LIMIT 1 OFFSET 0
[TeaQL SQL][query][417us] 1 rows returned outcome=success batchOutcome=not_applicable comment=matched merchant read with relation purpose=matched benchmark read auditReason= tracePath=[0:OPERATION:Merchant=query -> 1:REQUEST:Merchant= -> 2:PROVIDER:postgresql= -> 3:SQL:select=] mutationLineage=[]
SQL: -- TeaQL PLAIN
SELECT id, name, code, external_id AS externalId, task_life_hours AS taskLifeHours, version, platform FROM merchant_data WHERE (version > 0) AND (external_id = 'matched-merchant') LIMIT 1000 OFFSET 0
[TeaQL SQL][query][417us] 1 rows returned outcome=success batchOutcome=not_applicable comment=matched merchant read with relation purpose=matched benchmark read auditReason= tracePath=[0:OPERATION:Merchant=query -> 1:REQUEST:Merchant= -> 2:PROVIDER:postgresql= -> 3:SQL:select=] mutationLineage=[]
SQL: -- TeaQL PLAIN
SELECT id, name, code, external_id AS externalId, task_life_hours AS taskLifeHours, version, platform FROM merchant_data WHERE (version > 0) AND (external_id = 'matched-merchant') LIMIT 1000 OFFSET 0
[TeaQL SQL][query][320us] 1 rows returned outcome=success batchOutcome=not_applicable comment=matched merchant read with relation purpose=matched benchmark read auditReason= tracePath=[0:OPERATION:Merchant=query -> 1:REQUEST:Merchant= -> 2:RELATION:platform=Merchant.platform -> 3:PROVIDER:postgresql= -> 4:SQL:select=] mutationLineage=[]
SQL: -- TeaQL PLAIN
SELECT id, create_time AS createTime, last_update_time AS lastUpdateTime, name, version FROM platform_data WHERE (version > 0) AND (id = 1) LIMIT 1 OFFSET 0
[TeaQL SQL][query][296us] 1 rows returned outcome=success batchOutcome=not_applicable comment=matched merchant read with relation purpose=matched benchmark read auditReason= tracePath=[0:OPERATION:Merchant=query -> 1:REQUEST:Merchant= -> 2:RELATION:platform=Merchant.platform -> 3:PROVIDER:postgresql= -> 4:SQL:select=] mutationLineage=[]
SQL: -- TeaQL PLAIN
SELECT id, create_time AS createTime, last_update_time AS lastUpdateTime, name, version FROM platform_data WHERE (version > 0) AND (id = 1) LIMIT 1 OFFSET 0
[TeaQL SQL][query][288us] 1 rows returned outcome=success batchOutcome=not_applicable comment=matched merchant read with relation purpose=matched benchmark read auditReason= tracePath=[0:OPERATION:Merchant=query -> 1:REQUEST:Merchant= -> 2:PROVIDER:postgresql= -> 3:SQL:select=] mutationLineage=[]
SQL: -- TeaQL PLAIN
SELECT id, name, code, external_id AS externalId, task_life_hours AS taskLifeHours, version, platform FROM merchant_data WHERE (version > 0) AND (external_id = 'matched-merchant') LIMIT 1000 OFFSET 0
[TeaQL SQL][query][476us] 1 rows returned outcome=success batchOutcome=not_applicable comment=matched merchant read with relation purpose=matched benchmark read auditReason= tracePath=[0:OPERATION:Merchant=query -> 1:REQUEST:Merchant= -> 2:PROVIDER:postgresql= -> 3:SQL:select=] mutationLineage=[]
SQL: -- TeaQL PLAIN
SELECT id, name, code, external_id AS externalId, task_life_hours AS taskLifeHours, version, platform FROM merchant_data WHERE (version > 0) AND (external_id = 'matched-merchant') LIMIT 1000 OFFSET 0
[TeaQL SQL][query][299us] 1 rows returned outcome=success batchOutcome=not_applicable comment=matched merchant read with relation purpose=matched benchmark read auditReason= tracePath=[0:OPERATION:Merchant=query -> 1:REQUEST:Merchant= -> 2:RELATION:platform=Merchant.platform -> 3:PROVIDER:postgresql= -> 4:SQL:select=] mutationLineage=[]
SQL: -- TeaQL PLAIN
SELECT id, create_time AS createTime, last_update_time AS lastUpdateTime, name, version FROM platform_data WHERE (version > 0) AND (id = 1) LIMIT 1 OFFSET 0
[TeaQL SQL][query][260us] 1 rows returned outcome=success batchOutcome=not_applicable comment=matched merchant read with relation purpose=matched benchmark read auditReason= tracePath=[0:OPERATION:Merchant=query -> 1:REQUEST:Merchant= -> 2:RELATION:platform=Merchant.platform -> 3:PROVIDER:postgresql= -> 4:SQL:select=] mutationLineage=[]
SQL: -- TeaQL PLAIN
SELECT id, create_time AS createTime, last_update_time AS lastUpdateTime, name, version FROM platform_data WHERE (version > 0) AND (id = 1) LIMIT 1 OFFSET 0
[TeaQL SQL][query][304us] 1 rows returned outcome=success batchOutcome=not_applicable comment=matched merchant read with relation purpose=matched benchmark read auditReason= tracePath=[0:OPERATION:Merchant=query -> 1:REQUEST:Merchant= -> 2:PROVIDER:postgresql= -> 3:SQL:select=] mutationLineage=[]
SQL: -- TeaQL PLAIN
SELECT id, name, code, external_id AS externalId, task_life_hours AS taskLifeHours, version, platform FROM merchant_data WHERE (version > 0) AND (external_id = 'matched-merchant') LIMIT 1000 OFFSET 0
[TeaQL SQL][query][290us] 1 rows returned outcome=success batchOutcome=not_applicable comment=matched merchant read with relation purpose=matched benchmark read auditReason= tracePath=[0:OPERATION:Merchant=query -> 1:REQUEST:Merchant= -> 2:RELATION:platform=Merchant.platform -> 3:PROVIDER:postgresql= -> 4:SQL:select=] mutationLineage=[]
SQL: -- TeaQL PLAIN
SELECT id, create_time AS createTime, last_update_time AS lastUpdateTime, name, version FROM platform_data WHERE (version > 0) AND (id = 1) LIMIT 1 OFFSET 0
[TeaQL SQL][query][271us] 1 rows returned outcome=success batchOutcome=not_applicable comment=matched merchant read with relation purpose=matched benchmark read auditReason= tracePath=[0:OPERATION:Merchant=query -> 1:REQUEST:Merchant= -> 2:PROVIDER:postgresql= -> 3:SQL:select=] mutationLineage=[]
SQL: -- TeaQL PLAIN
SELECT id, name, code, external_id AS externalId, task_life_hours AS taskLifeHours, version, platform FROM merchant_data WHERE (version > 0) AND (external_id = 'matched-merchant') LIMIT 1000 OFFSET 0
[TeaQL SQL][query][203us] 1 rows returned outcome=success batchOutcome=not_applicable comment=matched merchant read with relation purpose=matched benchmark read auditReason= tracePath=[0:OPERATION:Merchant=query -> 1:REQUEST:Merchant= -> 2:RELATION:platform=Merchant.platform -> 3:PROVIDER:postgresql= -> 4:SQL:select=] mutationLineage=[]
SQL: -- TeaQL PLAIN
SELECT id, create_time AS createTime, last_update_time AS lastUpdateTime, name, version FROM platform_data WHERE (version > 0) AND (id = 1) LIMIT 1 OFFSET 0
[TeaQL SQL][query][252us] 1 rows returned outcome=success batchOutcome=not_applicable comment=matched merchant read with relation purpose=matched benchmark read auditReason= tracePath=[0:OPERATION:Merchant=query -> 1:REQUEST:Merchant= -> 2:PROVIDER:postgresql= -> 3:SQL:select=] mutationLineage=[]
SQL: -- TeaQL PLAIN
SELECT id, name, code, external_id AS externalId, task_life_hours AS taskLifeHours, version, platform FROM merchant_data WHERE (version > 0) AND (external_id = 'matched-merchant') LIMIT 1000 OFFSET 0
[TeaQL SQL][query][202us] 1 rows returned outcome=success batchOutcome=not_applicable comment=matched merchant read with relation purpose=matched benchmark read auditReason= tracePath=[0:OPERATION:Merchant=query -> 1:REQUEST:Merchant= -> 2:RELATION:platform=Merchant.platform -> 3:PROVIDER:postgresql= -> 4:SQL:select=] mutationLineage=[]
SQL: -- TeaQL PLAIN
SELECT id, create_time AS createTime, last_update_time AS lastUpdateTime, name, version FROM platform_data WHERE (version > 0) AND (id = 1) LIMIT 1 OFFSET 0
[TeaQL SQL][query][303us] 1 rows returned outcome=success batchOutcome=not_applicable comment=matched merchant read with relation purpose=matched benchmark read auditReason= tracePath=[0:OPERATION:Merchant=query -> 1:REQUEST:Merchant= -> 2:PROVIDER:postgresql= -> 3:SQL:select=] mutationLineage=[]
SQL: -- TeaQL PLAIN
SELECT id, name, code, external_id AS externalId, task_life_hours AS taskLifeHours, version, platform FROM merchant_data WHERE (version > 0) AND (external_id = 'matched-merchant') LIMIT 1000 OFFSET 0
[TeaQL SQL][query][402us] 1 rows returned outcome=success batchOutcome=not_applicable comment=matched merchant read with relation purpose=matched benchmark read auditReason= tracePath=[0:OPERATION:Merchant=query -> 1:REQUEST:Merchant= -> 2:PROVIDER:postgresql= -> 3:SQL:select=] mutationLineage=[]
SQL: -- TeaQL PLAIN
SELECT id, name, code, external_id AS externalId, task_life_hours AS taskLifeHours, version, platform FROM merchant_data WHERE (version > 0) AND (external_id = 'matched-merchant') LIMIT 1000 OFFSET 0
[TeaQL SQL][query][308us] 1 rows returned outcome=success batchOutcome=not_applicable comment=matched merchant read with relation purpose=matched benchmark read auditReason= tracePath=[0:OPERATION:Merchant=query -> 1:REQUEST:Merchant= -> 2:RELATION:platform=Merchant.platform -> 3:PROVIDER:postgresql= -> 4:SQL:select=] mutationLineage=[]
SQL: -- TeaQL PLAIN
SELECT id, create_time AS createTime, last_update_time AS lastUpdateTime, name, version FROM platform_data WHERE (version > 0) AND (id = 1) LIMIT 1 OFFSET 0
[TeaQL SQL][query][287us] 1 rows returned outcome=success batchOutcome=not_applicable comment=matched merchant read with relation purpose=matched benchmark read auditReason= tracePath=[0:OPERATION:Merchant=query -> 1:REQUEST:Merchant= -> 2:RELATION:platform=Merchant.platform -> 3:PROVIDER:postgresql= -> 4:SQL:select=] mutationLineage=[]
SQL: -- TeaQL PLAIN
SELECT id, create_time AS createTime, last_update_time AS lastUpdateTime, name, version FROM platform_data WHERE (version > 0) AND (id = 1) LIMIT 1 OFFSET 0
[TeaQL SQL][query][350us] 1 rows returned outcome=success batchOutcome=not_applicable comment=matched merchant read with relation purpose=matched benchmark read auditReason= tracePath=[0:OPERATION:Merchant=query -> 1:REQUEST:Merchant= -> 2:PROVIDER:postgresql= -> 3:SQL:select=] mutationLineage=[]
SQL: -- TeaQL PLAIN
SELECT id, name, code, external_id AS externalId, task_life_hours AS taskLifeHours, version, platform FROM merchant_data WHERE (version > 0) AND (external_id = 'matched-merchant') LIMIT 1000 OFFSET 0
[TeaQL SQL][query][293us] 1 rows returned outcome=success batchOutcome=not_applicable comment=matched merchant read with relation purpose=matched benchmark read auditReason= tracePath=[0:OPERATION:Merchant=query -> 1:REQUEST:Merchant= -> 2:RELATION:platform=Merchant.platform -> 3:PROVIDER:postgresql= -> 4:SQL:select=] mutationLineage=[]
SQL: -- TeaQL PLAIN
SELECT id, create_time AS createTime, last_update_time AS lastUpdateTime, name, version FROM platform_data WHERE (version > 0) AND (id = 1) LIMIT 1 OFFSET 0
[TeaQL SQL][query][315us] 1 rows returned outcome=success batchOutcome=not_applicable comment=matched merchant read with relation purpose=matched benchmark read auditReason= tracePath=[0:OPERATION:Merchant=query -> 1:REQUEST:Merchant= -> 2:PROVIDER:postgresql= -> 3:SQL:select=] mutationLineage=[]
SQL: -- TeaQL PLAIN
SELECT id, name, code, external_id AS externalId, task_life_hours AS taskLifeHours, version, platform FROM merchant_data WHERE (version > 0) AND (external_id = 'matched-merchant') LIMIT 1000 OFFSET 0
[TeaQL SQL][query][270us] 1 rows returned outcome=success batchOutcome=not_applicable comment=matched merchant read with relation purpose=matched benchmark read auditReason= tracePath=[0:OPERATION:Merchant=query -> 1:REQUEST:Merchant= -> 2:RELATION:platform=Merchant.platform -> 3:PROVIDER:postgresql= -> 4:SQL:select=] mutationLineage=[]
SQL: -- TeaQL PLAIN
SELECT id, create_time AS createTime, last_update_time AS lastUpdateTime, name, version FROM platform_data WHERE (version > 0) AND (id = 1) LIMIT 1 OFFSET 0
[TeaQL SQL][query][271us] 1 rows returned outcome=success batchOutcome=not_applicable comment=matched merchant read with relation purpose=matched benchmark read auditReason= tracePath=[0:OPERATION:Merchant=query -> 1:REQUEST:Merchant= -> 2:PROVIDER:postgresql= -> 3:SQL:select=] mutationLineage=[]
SQL: -- TeaQL PLAIN
SELECT id, name, code, external_id AS externalId, task_life_hours AS taskLifeHours, version, platform FROM merchant_data WHERE (version > 0) AND (external_id = 'matched-merchant') LIMIT 1000 OFFSET 0
[TeaQL SQL][query][2385us] 1 rows returned outcome=success batchOutcome=not_applicable comment=matched merchant read with relation purpose=matched benchmark read auditReason= tracePath=[0:OPERATION:Merchant=query -> 1:REQUEST:Merchant= -> 2:PROVIDER:postgresql= -> 3:SQL:select=] mutationLineage=[]
SQL: -- TeaQL PLAIN
SELECT id, name, code, external_id AS externalId, task_life_hours AS taskLifeHours, version, platform FROM merchant_data WHERE (version > 0) AND (external_id = 'matched-merchant') LIMIT 1000 OFFSET 0
[TeaQL SQL][query][330us] 1 rows returned outcome=success batchOutcome=not_applicable comment=matched merchant read with relation purpose=matched benchmark read auditReason= tracePath=[0:OPERATION:Merchant=query -> 1:REQUEST:Merchant= -> 2:RELATION:platform=Merchant.platform -> 3:PROVIDER:postgresql= -> 4:SQL:select=] mutationLineage=[]
SQL: -- TeaQL PLAIN
SELECT id, create_time AS createTime, last_update_time AS lastUpdateTime, name, version FROM platform_data WHERE (version > 0) AND (id = 1) LIMIT 1 OFFSET 0
[TeaQL SQL][query][1387us] 1 rows returned outcome=success batchOutcome=not_applicable comment=matched merchant read with relation purpose=matched benchmark read auditReason= tracePath=[0:OPERATION:Merchant=query -> 1:REQUEST:Merchant= -> 2:PROVIDER:postgresql= -> 3:SQL:select=] mutationLineage=[]
SQL: -- TeaQL PLAIN
SELECT id, name, code, external_id AS externalId, task_life_hours AS taskLifeHours, version, platform FROM merchant_data WHERE (version > 0) AND (external_id = 'matched-merchant') LIMIT 1000 OFFSET 0
[TeaQL SQL][query][245us] 1 rows returned outcome=success batchOutcome=not_applicable comment=matched merchant read with relation purpose=matched benchmark read auditReason= tracePath=[0:OPERATION:Merchant=query -> 1:REQUEST:Merchant= -> 2:RELATION:platform=Merchant.platform -> 3:PROVIDER:postgresql= -> 4:SQL:select=] mutationLineage=[]
SQL: -- TeaQL PLAIN
SELECT id, create_time AS createTime, last_update_time AS lastUpdateTime, name, version FROM platform_data WHERE (version > 0) AND (id = 1) LIMIT 1 OFFSET 0
[TeaQL SQL][query][424us] 1 rows returned outcome=success batchOutcome=not_applicable comment=matched merchant read with relation purpose=matched benchmark read auditReason= tracePath=[0:OPERATION:Merchant=query -> 1:REQUEST:Merchant= -> 2:RELATION:platform=Merchant.platform -> 3:PROVIDER:postgresql= -> 4:SQL:select=] mutationLineage=[]
SQL: -- TeaQL PLAIN
SELECT id, create_time AS createTime, last_update_time AS lastUpdateTime, name, version FROM platform_data WHERE (version > 0) AND (id = 1) LIMIT 1 OFFSET 0
[TeaQL SQL][query][331us] 1 rows returned outcome=success batchOutcome=not_applicable comment=matched merchant read with relation purpose=matched benchmark read auditReason= tracePath=[0:OPERATION:Merchant=query -> 1:REQUEST:Merchant= -> 2:PROVIDER:postgresql= -> 3:SQL:select=] mutationLineage=[]
SQL: -- TeaQL PLAIN
SELECT id, name, code, external_id AS externalId, task_life_hours AS taskLifeHours, version, platform FROM merchant_data WHERE (version > 0) AND (external_id = 'matched-merchant') LIMIT 1000 OFFSET 0
[TeaQL SQL][query][322us] 1 rows returned outcome=success batchOutcome=not_applicable comment=matched merchant read with relation purpose=matched benchmark read auditReason= tracePath=[0:OPERATION:Merchant=query -> 1:REQUEST:Merchant= -> 2:RELATION:platform=Merchant.platform -> 3:PROVIDER:postgresql= -> 4:SQL:select=] mutationLineage=[]
SQL: -- TeaQL PLAIN
SELECT id, create_time AS createTime, last_update_time AS lastUpdateTime, name, version FROM platform_data WHERE (version > 0) AND (id = 1) LIMIT 1 OFFSET 0
[TeaQL SQL][query][386us] 1 rows returned outcome=success batchOutcome=not_applicable comment=matched merchant read with relation purpose=matched benchmark read auditReason= tracePath=[0:OPERATION:Merchant=query -> 1:REQUEST:Merchant= -> 2:PROVIDER:postgresql= -> 3:SQL:select=] mutationLineage=[]
SQL: -- TeaQL PLAIN
SELECT id, name, code, external_id AS externalId, task_life_hours AS taskLifeHours, version, platform FROM merchant_data WHERE (version > 0) AND (external_id = 'matched-merchant') LIMIT 1000 OFFSET 0
[TeaQL SQL][query][276us] 1 rows returned outcome=success batchOutcome=not_applicable comment=matched merchant read with relation purpose=matched benchmark read auditReason= tracePath=[0:OPERATION:Merchant=query -> 1:REQUEST:Merchant= -> 2:RELATION:platform=Merchant.platform -> 3:PROVIDER:postgresql= -> 4:SQL:select=] mutationLineage=[]
SQL: -- TeaQL PLAIN
SELECT id, create_time AS createTime, last_update_time AS lastUpdateTime, name, version FROM platform_data WHERE (version > 0) AND (id = 1) LIMIT 1 OFFSET 0
[TeaQL SQL][query][397us] 1 rows returned outcome=success batchOutcome=not_applicable comment=matched merchant read with relation purpose=matched benchmark read auditReason= tracePath=[0:OPERATION:Merchant=query -> 1:REQUEST:Merchant= -> 2:PROVIDER:postgresql= -> 3:SQL:select=] mutationLineage=[]
SQL: -- TeaQL PLAIN
SELECT id, name, code, external_id AS externalId, task_life_hours AS taskLifeHours, version, platform FROM merchant_data WHERE (version > 0) AND (external_id = 'matched-merchant') LIMIT 1000 OFFSET 0
[TeaQL SQL][query][264us] 1 rows returned outcome=success batchOutcome=not_applicable comment=matched merchant read with relation purpose=matched benchmark read auditReason= tracePath=[0:OPERATION:Merchant=query -> 1:REQUEST:Merchant= -> 2:PROVIDER:postgresql= -> 3:SQL:select=] mutationLineage=[]
SQL: -- TeaQL PLAIN
SELECT id, name, code, external_id AS externalId, task_life_hours AS taskLifeHours, version, platform FROM merchant_data WHERE (version > 0) AND (external_id = 'matched-merchant') LIMIT 1000 OFFSET 0
[TeaQL SQL][query][264us] 1 rows returned outcome=success batchOutcome=not_applicable comment=matched merchant read with relation purpose=matched benchmark read auditReason= tracePath=[0:OPERATION:Merchant=query -> 1:REQUEST:Merchant= -> 2:RELATION:platform=Merchant.platform -> 3:PROVIDER:postgresql= -> 4:SQL:select=] mutationLineage=[]
SQL: -- TeaQL PLAIN
SELECT id, create_time AS createTime, last_update_time AS lastUpdateTime, name, version FROM platform_data WHERE (version > 0) AND (id = 1) LIMIT 1 OFFSET 0
[TeaQL SQL][query][208us] 1 rows returned outcome=success batchOutcome=not_applicable comment=matched merchant read with relation purpose=matched benchmark read auditReason= tracePath=[0:OPERATION:Merchant=query -> 1:REQUEST:Merchant= -> 2:RELATION:platform=Merchant.platform -> 3:PROVIDER:postgresql= -> 4:SQL:select=] mutationLineage=[]
SQL: -- TeaQL PLAIN
SELECT id, create_time AS createTime, last_update_time AS lastUpdateTime, name, version FROM platform_data WHERE (version > 0) AND (id = 1) LIMIT 1 OFFSET 0
[TeaQL SQL][query][366us] 1 rows returned outcome=success batchOutcome=not_applicable comment=matched merchant read with relation purpose=matched benchmark read auditReason= tracePath=[0:OPERATION:Merchant=query -> 1:REQUEST:Merchant= -> 2:PROVIDER:postgresql= -> 3:SQL:select=] mutationLineage=[]
SQL: -- TeaQL PLAIN
SELECT id, name, code, external_id AS externalId, task_life_hours AS taskLifeHours, version, platform FROM merchant_data WHERE (version > 0) AND (external_id = 'matched-merchant') LIMIT 1000 OFFSET 0
[TeaQL SQL][query][265us] 1 rows returned outcome=success batchOutcome=not_applicable comment=matched merchant read with relation purpose=matched benchmark read auditReason= tracePath=[0:OPERATION:Merchant=query -> 1:REQUEST:Merchant= -> 2:RELATION:platform=Merchant.platform -> 3:PROVIDER:postgresql= -> 4:SQL:select=] mutationLineage=[]
SQL: -- TeaQL PLAIN
SELECT id, create_time AS createTime, last_update_time AS lastUpdateTime, name, version FROM platform_data WHERE (version > 0) AND (id = 1) LIMIT 1 OFFSET 0
[TeaQL SQL][query][288us] 1 rows returned outcome=success batchOutcome=not_applicable comment=matched merchant read with relation purpose=matched benchmark read auditReason= tracePath=[0:OPERATION:Merchant=query -> 1:REQUEST:Merchant= -> 2:PROVIDER:postgresql= -> 3:SQL:select=] mutationLineage=[]
SQL: -- TeaQL PLAIN
SELECT id, name, code, external_id AS externalId, task_life_hours AS taskLifeHours, version, platform FROM merchant_data WHERE (version > 0) AND (external_id = 'matched-merchant') LIMIT 1000 OFFSET 0
[TeaQL SQL][query][252us] 1 rows returned outcome=success batchOutcome=not_applicable comment=matched merchant read with relation purpose=matched benchmark read auditReason= tracePath=[0:OPERATION:Merchant=query -> 1:REQUEST:Merchant= -> 2:RELATION:platform=Merchant.platform -> 3:PROVIDER:postgresql= -> 4:SQL:select=] mutationLineage=[]
SQL: -- TeaQL PLAIN
SELECT id, create_time AS createTime, last_update_time AS lastUpdateTime, name, version FROM platform_data WHERE (version > 0) AND (id = 1) LIMIT 1 OFFSET 0
[TeaQL SQL][query][332us] 1 rows returned outcome=success batchOutcome=not_applicable comment=matched merchant read with relation purpose=matched benchmark read auditReason= tracePath=[0:OPERATION:Merchant=query -> 1:REQUEST:Merchant= -> 2:PROVIDER:postgresql= -> 3:SQL:select=] mutationLineage=[]
SQL: -- TeaQL PLAIN
SELECT id, name, code, external_id AS externalId, task_life_hours AS taskLifeHours, version, platform FROM merchant_data WHERE (version > 0) AND (external_id = 'matched-merchant') LIMIT 1000 OFFSET 0
[TeaQL SQL][query][287us] 1 rows returned outcome=success batchOutcome=not_applicable comment=matched merchant read with relation purpose=matched benchmark read auditReason= tracePath=[0:OPERATION:Merchant=query -> 1:REQUEST:Merchant= -> 2:PROVIDER:postgresql= -> 3:SQL:select=] mutationLineage=[]
SQL: -- TeaQL PLAIN
SELECT id, name, code, external_id AS externalId, task_life_hours AS taskLifeHours, version, platform FROM merchant_data WHERE (version > 0) AND (external_id = 'matched-merchant') LIMIT 1000 OFFSET 0
[TeaQL SQL][query][241us] 1 rows returned outcome=success batchOutcome=not_applicable comment=matched merchant read with relation purpose=matched benchmark read auditReason= tracePath=[0:OPERATION:Merchant=query -> 1:REQUEST:Merchant= -> 2:RELATION:platform=Merchant.platform -> 3:PROVIDER:postgresql= -> 4:SQL:select=] mutationLineage=[]
SQL: -- TeaQL PLAIN
SELECT id, create_time AS createTime, last_update_time AS lastUpdateTime, name, version FROM platform_data WHERE (version > 0) AND (id = 1) LIMIT 1 OFFSET 0
[TeaQL SQL][query][232us] 1 rows returned outcome=success batchOutcome=not_applicable comment=matched merchant read with relation purpose=matched benchmark read auditReason= tracePath=[0:OPERATION:Merchant=query -> 1:REQUEST:Merchant= -> 2:RELATION:platform=Merchant.platform -> 3:PROVIDER:postgresql= -> 4:SQL:select=] mutationLineage=[]
SQL: -- TeaQL PLAIN
SELECT id, create_time AS createTime, last_update_time AS lastUpdateTime, name, version FROM platform_data WHERE (version > 0) AND (id = 1) LIMIT 1 OFFSET 0
[TeaQL SQL][query][323us] 1 rows returned outcome=success batchOutcome=not_applicable comment=matched merchant read with relation purpose=matched benchmark read auditReason= tracePath=[0:OPERATION:Merchant=query -> 1:REQUEST:Merchant= -> 2:PROVIDER:postgresql= -> 3:SQL:select=] mutationLineage=[]
SQL: -- TeaQL PLAIN
SELECT id, name, code, external_id AS externalId, task_life_hours AS taskLifeHours, version, platform FROM merchant_data WHERE (version > 0) AND (external_id = 'matched-merchant') LIMIT 1000 OFFSET 0
[TeaQL SQL][query][219us] 1 rows returned outcome=success batchOutcome=not_applicable comment=matched merchant read with relation purpose=matched benchmark read auditReason= tracePath=[0:OPERATION:Merchant=query -> 1:REQUEST:Merchant= -> 2:RELATION:platform=Merchant.platform -> 3:PROVIDER:postgresql= -> 4:SQL:select=] mutationLineage=[]
SQL: -- TeaQL PLAIN
SELECT id, create_time AS createTime, last_update_time AS lastUpdateTime, name, version FROM platform_data WHERE (version > 0) AND (id = 1) LIMIT 1 OFFSET 0
[TeaQL SQL][query][308us] 1 rows returned outcome=success batchOutcome=not_applicable comment=matched merchant read with relation purpose=matched benchmark read auditReason= tracePath=[0:OPERATION:Merchant=query -> 1:REQUEST:Merchant= -> 2:PROVIDER:postgresql= -> 3:SQL:select=] mutationLineage=[]
SQL: -- TeaQL PLAIN
SELECT id, name, code, external_id AS externalId, task_life_hours AS taskLifeHours, version, platform FROM merchant_data WHERE (version > 0) AND (external_id = 'matched-merchant') LIMIT 1000 OFFSET 0
[TeaQL SQL][query][251us] 1 rows returned outcome=success batchOutcome=not_applicable comment=matched merchant read with relation purpose=matched benchmark read auditReason= tracePath=[0:OPERATION:Merchant=query -> 1:REQUEST:Merchant= -> 2:RELATION:platform=Merchant.platform -> 3:PROVIDER:postgresql= -> 4:SQL:select=] mutationLineage=[]
SQL: -- TeaQL PLAIN
SELECT id, create_time AS createTime, last_update_time AS lastUpdateTime, name, version FROM platform_data WHERE (version > 0) AND (id = 1) LIMIT 1 OFFSET 0
[TeaQL SQL][query][274us] 1 rows returned outcome=success batchOutcome=not_applicable comment=matched merchant read with relation purpose=matched benchmark read auditReason= tracePath=[0:OPERATION:Merchant=query -> 1:REQUEST:Merchant= -> 2:PROVIDER:postgresql= -> 3:SQL:select=] mutationLineage=[]
SQL: -- TeaQL PLAIN
SELECT id, name, code, external_id AS externalId, task_life_hours AS taskLifeHours, version, platform FROM merchant_data WHERE (version > 0) AND (external_id = 'matched-merchant') LIMIT 1000 OFFSET 0
[TeaQL SQL][query][220us] 1 rows returned outcome=success batchOutcome=not_applicable comment=matched merchant read with relation purpose=matched benchmark read auditReason= tracePath=[0:OPERATION:Merchant=query -> 1:REQUEST:Merchant= -> 2:RELATION:platform=Merchant.platform -> 3:PROVIDER:postgresql= -> 4:SQL:select=] mutationLineage=[]
SQL: -- TeaQL PLAIN
SELECT id, create_time AS createTime, last_update_time AS lastUpdateTime, name, version FROM platform_data WHERE (version > 0) AND (id = 1) LIMIT 1 OFFSET 0
[TeaQL SQL][query][259us] 1 rows returned outcome=success batchOutcome=not_applicable comment=matched merchant read with relation purpose=matched benchmark read auditReason= tracePath=[0:OPERATION:Merchant=query -> 1:REQUEST:Merchant= -> 2:PROVIDER:postgresql= -> 3:SQL:select=] mutationLineage=[]
SQL: -- TeaQL PLAIN
SELECT id, name, code, external_id AS externalId, task_life_hours AS taskLifeHours, version, platform FROM merchant_data WHERE (version > 0) AND (external_id = 'matched-merchant') LIMIT 1000 OFFSET 0
[TeaQL SQL][query][195us] 1 rows returned outcome=success batchOutcome=not_applicable comment=matched merchant read with relation purpose=matched benchmark read auditReason= tracePath=[0:OPERATION:Merchant=query -> 1:REQUEST:Merchant= -> 2:RELATION:platform=Merchant.platform -> 3:PROVIDER:postgresql= -> 4:SQL:select=] mutationLineage=[]
SQL: -- TeaQL PLAIN
SELECT id, create_time AS createTime, last_update_time AS lastUpdateTime, name, version FROM platform_data WHERE (version > 0) AND (id = 1) LIMIT 1 OFFSET 0
[TeaQL SQL][query][323us] 1 rows returned outcome=success batchOutcome=not_applicable comment=matched merchant read with relation purpose=matched benchmark read auditReason= tracePath=[0:OPERATION:Merchant=query -> 1:REQUEST:Merchant= -> 2:PROVIDER:postgresql= -> 3:SQL:select=] mutationLineage=[]
SQL: -- TeaQL PLAIN
SELECT id, name, code, external_id AS externalId, task_life_hours AS taskLifeHours, version, platform FROM merchant_data WHERE (version > 0) AND (external_id = 'matched-merchant') LIMIT 1000 OFFSET 0
[TeaQL SQL][query][233us] 1 rows returned outcome=success batchOutcome=not_applicable comment=matched merchant read with relation purpose=matched benchmark read auditReason= tracePath=[0:OPERATION:Merchant=query -> 1:REQUEST:Merchant= -> 2:RELATION:platform=Merchant.platform -> 3:PROVIDER:postgresql= -> 4:SQL:select=] mutationLineage=[]
SQL: -- TeaQL PLAIN
SELECT id, create_time AS createTime, last_update_time AS lastUpdateTime, name, version FROM platform_data WHERE (version > 0) AND (id = 1) LIMIT 1 OFFSET 0
[TeaQL SQL][query][319us] 1 rows returned outcome=success batchOutcome=not_applicable comment=matched merchant read with relation purpose=matched benchmark read auditReason= tracePath=[0:OPERATION:Merchant=query -> 1:REQUEST:Merchant= -> 2:PROVIDER:postgresql= -> 3:SQL:select=] mutationLineage=[]
SQL: -- TeaQL PLAIN
SELECT id, name, code, external_id AS externalId, task_life_hours AS taskLifeHours, version, platform FROM merchant_data WHERE (version > 0) AND (external_id = 'matched-merchant') LIMIT 1000 OFFSET 0
[TeaQL SQL][query][255us] 1 rows returned outcome=success batchOutcome=not_applicable comment=matched merchant read with relation purpose=matched benchmark read auditReason= tracePath=[0:OPERATION:Merchant=query -> 1:REQUEST:Merchant= -> 2:PROVIDER:postgresql= -> 3:SQL:select=] mutationLineage=[]
SQL: -- TeaQL PLAIN
SELECT id, name, code, external_id AS externalId, task_life_hours AS taskLifeHours, version, platform FROM merchant_data WHERE (version > 0) AND (external_id = 'matched-merchant') LIMIT 1000 OFFSET 0
[TeaQL SQL][query][211us] 1 rows returned outcome=success batchOutcome=not_applicable comment=matched merchant read with relation purpose=matched benchmark read auditReason= tracePath=[0:OPERATION:Merchant=query -> 1:REQUEST:Merchant= -> 2:RELATION:platform=Merchant.platform -> 3:PROVIDER:postgresql= -> 4:SQL:select=] mutationLineage=[]
SQL: -- TeaQL PLAIN
SELECT id, create_time AS createTime, last_update_time AS lastUpdateTime, name, version FROM platform_data WHERE (version > 0) AND (id = 1) LIMIT 1 OFFSET 0
[TeaQL SQL][query][209us] 1 rows returned outcome=success batchOutcome=not_applicable comment=matched merchant read with relation purpose=matched benchmark read auditReason= tracePath=[0:OPERATION:Merchant=query -> 1:REQUEST:Merchant= -> 2:RELATION:platform=Merchant.platform -> 3:PROVIDER:postgresql= -> 4:SQL:select=] mutationLineage=[]
SQL: -- TeaQL PLAIN
SELECT id, create_time AS createTime, last_update_time AS lastUpdateTime, name, version FROM platform_data WHERE (version > 0) AND (id = 1) LIMIT 1 OFFSET 0
[TeaQL SQL][query][249us] 1 rows returned outcome=success batchOutcome=not_applicable comment=matched merchant read with relation purpose=matched benchmark read auditReason= tracePath=[0:OPERATION:Merchant=query -> 1:REQUEST:Merchant= -> 2:PROVIDER:postgresql= -> 3:SQL:select=] mutationLineage=[]
SQL: -- TeaQL PLAIN
SELECT id, name, code, external_id AS externalId, task_life_hours AS taskLifeHours, version, platform FROM merchant_data WHERE (version > 0) AND (external_id = 'matched-merchant') LIMIT 1000 OFFSET 0
[TeaQL SQL][query][205us] 1 rows returned outcome=success batchOutcome=not_applicable comment=matched merchant read with relation purpose=matched benchmark read auditReason= tracePath=[0:OPERATION:Merchant=query -> 1:REQUEST:Merchant= -> 2:RELATION:platform=Merchant.platform -> 3:PROVIDER:postgresql= -> 4:SQL:select=] mutationLineage=[]
SQL: -- TeaQL PLAIN
SELECT id, create_time AS createTime, last_update_time AS lastUpdateTime, name, version FROM platform_data WHERE (version > 0) AND (id = 1) LIMIT 1 OFFSET 0
[TeaQL SQL][query][248us] 1 rows returned outcome=success batchOutcome=not_applicable comment=matched merchant read with relation purpose=matched benchmark read auditReason= tracePath=[0:OPERATION:Merchant=query -> 1:REQUEST:Merchant= -> 2:PROVIDER:postgresql= -> 3:SQL:select=] mutationLineage=[]
SQL: -- TeaQL PLAIN
SELECT id, name, code, external_id AS externalId, task_life_hours AS taskLifeHours, version, platform FROM merchant_data WHERE (version > 0) AND (external_id = 'matched-merchant') LIMIT 1000 OFFSET 0
[TeaQL SQL][query][222us] 1 rows returned outcome=success batchOutcome=not_applicable comment=matched merchant read with relation purpose=matched benchmark read auditReason= tracePath=[0:OPERATION:Merchant=query -> 1:REQUEST:Merchant= -> 2:RELATION:platform=Merchant.platform -> 3:PROVIDER:postgresql= -> 4:SQL:select=] mutationLineage=[]
SQL: -- TeaQL PLAIN
SELECT id, create_time AS createTime, last_update_time AS lastUpdateTime, name, version FROM platform_data WHERE (version > 0) AND (id = 1) LIMIT 1 OFFSET 0
[TeaQL SQL][query][306us] 1 rows returned outcome=success batchOutcome=not_applicable comment=matched merchant read with relation purpose=matched benchmark read auditReason= tracePath=[0:OPERATION:Merchant=query -> 1:REQUEST:Merchant= -> 2:PROVIDER:postgresql= -> 3:SQL:select=] mutationLineage=[]
SQL: -- TeaQL PLAIN
SELECT id, name, code, external_id AS externalId, task_life_hours AS taskLifeHours, version, platform FROM merchant_data WHERE (version > 0) AND (external_id = 'matched-merchant') LIMIT 1000 OFFSET 0
[TeaQL SQL][query][241us] 1 rows returned outcome=success batchOutcome=not_applicable comment=matched merchant read with relation purpose=matched benchmark read auditReason= tracePath=[0:OPERATION:Merchant=query -> 1:REQUEST:Merchant= -> 2:RELATION:platform=Merchant.platform -> 3:PROVIDER:postgresql= -> 4:SQL:select=] mutationLineage=[]
SQL: -- TeaQL PLAIN
SELECT id, create_time AS createTime, last_update_time AS lastUpdateTime, name, version FROM platform_data WHERE (version > 0) AND (id = 1) LIMIT 1 OFFSET 0
[TeaQL SQL][query][321us] 1 rows returned outcome=success batchOutcome=not_applicable comment=matched merchant read with relation purpose=matched benchmark read auditReason= tracePath=[0:OPERATION:Merchant=query -> 1:REQUEST:Merchant= -> 2:PROVIDER:postgresql= -> 3:SQL:select=] mutationLineage=[]
SQL: -- TeaQL PLAIN
SELECT id, name, code, external_id AS externalId, task_life_hours AS taskLifeHours, version, platform FROM merchant_data WHERE (version > 0) AND (external_id = 'matched-merchant') LIMIT 1000 OFFSET 0
[TeaQL SQL][query][228us] 1 rows returned outcome=success batchOutcome=not_applicable comment=matched merchant read with relation purpose=matched benchmark read auditReason= tracePath=[0:OPERATION:Merchant=query -> 1:REQUEST:Merchant= -> 2:RELATION:platform=Merchant.platform -> 3:PROVIDER:postgresql= -> 4:SQL:select=] mutationLineage=[]
SQL: -- TeaQL PLAIN
SELECT id, create_time AS createTime, last_update_time AS lastUpdateTime, name, version FROM platform_data WHERE (version > 0) AND (id = 1) LIMIT 1 OFFSET 0
[TeaQL SQL][query][378us] 1 rows returned outcome=success batchOutcome=not_applicable comment=matched merchant read with relation purpose=matched benchmark read auditReason= tracePath=[0:OPERATION:Merchant=query -> 1:REQUEST:Merchant= -> 2:PROVIDER:postgresql= -> 3:SQL:select=] mutationLineage=[]
SQL: -- TeaQL PLAIN
SELECT id, name, code, external_id AS externalId, task_life_hours AS taskLifeHours, version, platform FROM merchant_data WHERE (version > 0) AND (external_id = 'matched-merchant') LIMIT 1000 OFFSET 0
[TeaQL SQL][query][257us] 1 rows returned outcome=success batchOutcome=not_applicable comment=matched merchant read with relation purpose=matched benchmark read auditReason= tracePath=[0:OPERATION:Merchant=query -> 1:REQUEST:Merchant= -> 2:RELATION:platform=Merchant.platform -> 3:PROVIDER:postgresql= -> 4:SQL:select=] mutationLineage=[]
SQL: -- TeaQL PLAIN
SELECT id, create_time AS createTime, last_update_time AS lastUpdateTime, name, version FROM platform_data WHERE (version > 0) AND (id = 1) LIMIT 1 OFFSET 0
[TeaQL SQL][query][387us] 1 rows returned outcome=success batchOutcome=not_applicable comment=matched merchant read with relation purpose=matched benchmark read auditReason= tracePath=[0:OPERATION:Merchant=query -> 1:REQUEST:Merchant= -> 2:PROVIDER:postgresql= -> 3:SQL:select=] mutationLineage=[]
SQL: -- TeaQL PLAIN
SELECT id, name, code, external_id AS externalId, task_life_hours AS taskLifeHours, version, platform FROM merchant_data WHERE (version > 0) AND (external_id = 'matched-merchant') LIMIT 1000 OFFSET 0
[TeaQL SQL][query][332us] 1 rows returned outcome=success batchOutcome=not_applicable comment=matched merchant read with relation purpose=matched benchmark read auditReason= tracePath=[0:OPERATION:Merchant=query -> 1:REQUEST:Merchant= -> 2:RELATION:platform=Merchant.platform -> 3:PROVIDER:postgresql= -> 4:SQL:select=] mutationLineage=[]
SQL: -- TeaQL PLAIN
SELECT id, create_time AS createTime, last_update_time AS lastUpdateTime, name, version FROM platform_data WHERE (version > 0) AND (id = 1) LIMIT 1 OFFSET 0
[TeaQL SQL][query][330us] 1 rows returned outcome=success batchOutcome=not_applicable comment=matched merchant read with relation purpose=matched benchmark read auditReason= tracePath=[0:OPERATION:Merchant=query -> 1:REQUEST:Merchant= -> 2:PROVIDER:postgresql= -> 3:SQL:select=] mutationLineage=[]
SQL: -- TeaQL PLAIN
SELECT id, name, code, external_id AS externalId, task_life_hours AS taskLifeHours, version, platform FROM merchant_data WHERE (version > 0) AND (external_id = 'matched-merchant') LIMIT 1000 OFFSET 0
[TeaQL SQL][query][268us] 1 rows returned outcome=success batchOutcome=not_applicable comment=matched merchant read with relation purpose=matched benchmark read auditReason= tracePath=[0:OPERATION:Merchant=query -> 1:REQUEST:Merchant= -> 2:RELATION:platform=Merchant.platform -> 3:PROVIDER:postgresql= -> 4:SQL:select=] mutationLineage=[]
SQL: -- TeaQL PLAIN
SELECT id, create_time AS createTime, last_update_time AS lastUpdateTime, name, version FROM platform_data WHERE (version > 0) AND (id = 1) LIMIT 1 OFFSET 0
[TeaQL SQL][query][307us] 1 rows returned outcome=success batchOutcome=not_applicable comment=matched merchant read with relation purpose=matched benchmark read auditReason= tracePath=[0:OPERATION:Merchant=query -> 1:REQUEST:Merchant= -> 2:PROVIDER:postgresql= -> 3:SQL:select=] mutationLineage=[]
SQL: -- TeaQL PLAIN
SELECT id, name, code, external_id AS externalId, task_life_hours AS taskLifeHours, version, platform FROM merchant_data WHERE (version > 0) AND (external_id = 'matched-merchant') LIMIT 1000 OFFSET 0
[TeaQL SQL][query][254us] 1 rows returned outcome=success batchOutcome=not_applicable comment=matched merchant read with relation purpose=matched benchmark read auditReason= tracePath=[0:OPERATION:Merchant=query -> 1:REQUEST:Merchant= -> 2:RELATION:platform=Merchant.platform -> 3:PROVIDER:postgresql= -> 4:SQL:select=] mutationLineage=[]
SQL: -- TeaQL PLAIN
SELECT id, create_time AS createTime, last_update_time AS lastUpdateTime, name, version FROM platform_data WHERE (version > 0) AND (id = 1) LIMIT 1 OFFSET 0
[TeaQL SQL][query][279us] 1 rows returned outcome=success batchOutcome=not_applicable comment=matched merchant read with relation purpose=matched benchmark read auditReason= tracePath=[0:OPERATION:Merchant=query -> 1:REQUEST:Merchant= -> 2:PROVIDER:postgresql= -> 3:SQL:select=] mutationLineage=[]
SQL: -- TeaQL PLAIN
SELECT id, name, code, external_id AS externalId, task_life_hours AS taskLifeHours, version, platform FROM merchant_data WHERE (version > 0) AND (external_id = 'matched-merchant') LIMIT 1000 OFFSET 0
[TeaQL SQL][query][249us] 1 rows returned outcome=success batchOutcome=not_applicable comment=matched merchant read with relation purpose=matched benchmark read auditReason= tracePath=[0:OPERATION:Merchant=query -> 1:REQUEST:Merchant= -> 2:RELATION:platform=Merchant.platform -> 3:PROVIDER:postgresql= -> 4:SQL:select=] mutationLineage=[]
SQL: -- TeaQL PLAIN
SELECT id, create_time AS createTime, last_update_time AS lastUpdateTime, name, version FROM platform_data WHERE (version > 0) AND (id = 1) LIMIT 1 OFFSET 0
[TeaQL SQL][query][245us] 1 rows returned outcome=success batchOutcome=not_applicable comment=matched merchant read with relation purpose=matched benchmark read auditReason= tracePath=[0:OPERATION:Merchant=query -> 1:REQUEST:Merchant= -> 2:PROVIDER:postgresql= -> 3:SQL:select=] mutationLineage=[]
SQL: -- TeaQL PLAIN
SELECT id, name, code, external_id AS externalId, task_life_hours AS taskLifeHours, version, platform FROM merchant_data WHERE (version > 0) AND (external_id = 'matched-merchant') LIMIT 1000 OFFSET 0
[TeaQL SQL][query][240us] 1 rows returned outcome=success batchOutcome=not_applicable comment=matched merchant read with relation purpose=matched benchmark read auditReason= tracePath=[0:OPERATION:Merchant=query -> 1:REQUEST:Merchant= -> 2:RELATION:platform=Merchant.platform -> 3:PROVIDER:postgresql= -> 4:SQL:select=] mutationLineage=[]
SQL: -- TeaQL PLAIN
SELECT id, create_time AS createTime, last_update_time AS lastUpdateTime, name, version FROM platform_data WHERE (version > 0) AND (id = 1) LIMIT 1 OFFSET 0
[TeaQL SQL][query][403us] 1 rows returned outcome=success batchOutcome=not_applicable comment=matched merchant read with relation purpose=matched benchmark read auditReason= tracePath=[0:OPERATION:Merchant=query -> 1:REQUEST:Merchant= -> 2:PROVIDER:postgresql= -> 3:SQL:select=] mutationLineage=[]
SQL: -- TeaQL PLAIN
SELECT id, name, code, external_id AS externalId, task_life_hours AS taskLifeHours, version, platform FROM merchant_data WHERE (version > 0) AND (external_id = 'matched-merchant') LIMIT 1000 OFFSET 0
[TeaQL SQL][query][400us] 1 rows returned outcome=success batchOutcome=not_applicable comment=matched merchant read with relation purpose=matched benchmark read auditReason= tracePath=[0:OPERATION:Merchant=query -> 1:REQUEST:Merchant= -> 2:PROVIDER:postgresql= -> 3:SQL:select=] mutationLineage=[]
SQL: -- TeaQL PLAIN
SELECT id, name, code, external_id AS externalId, task_life_hours AS taskLifeHours, version, platform FROM merchant_data WHERE (version > 0) AND (external_id = 'matched-merchant') LIMIT 1000 OFFSET 0
[TeaQL SQL][query][280us] 1 rows returned outcome=success batchOutcome=not_applicable comment=matched merchant read with relation purpose=matched benchmark read auditReason= tracePath=[0:OPERATION:Merchant=query -> 1:REQUEST:Merchant= -> 2:RELATION:platform=Merchant.platform -> 3:PROVIDER:postgresql= -> 4:SQL:select=] mutationLineage=[]
SQL: -- TeaQL PLAIN
SELECT id, create_time AS createTime, last_update_time AS lastUpdateTime, name, version FROM platform_data WHERE (version > 0) AND (id = 1) LIMIT 1 OFFSET 0
[TeaQL SQL][query][242us] 1 rows returned outcome=success batchOutcome=not_applicable comment=matched merchant read with relation purpose=matched benchmark read auditReason= tracePath=[0:OPERATION:Merchant=query -> 1:REQUEST:Merchant= -> 2:RELATION:platform=Merchant.platform -> 3:PROVIDER:postgresql= -> 4:SQL:select=] mutationLineage=[]
SQL: -- TeaQL PLAIN
SELECT id, create_time AS createTime, last_update_time AS lastUpdateTime, name, version FROM platform_data WHERE (version > 0) AND (id = 1) LIMIT 1 OFFSET 0
[TeaQL SQL][query][274us] 1 rows returned outcome=success batchOutcome=not_applicable comment=matched merchant read with relation purpose=matched benchmark read auditReason= tracePath=[0:OPERATION:Merchant=query -> 1:REQUEST:Merchant= -> 2:PROVIDER:postgresql= -> 3:SQL:select=] mutationLineage=[]
SQL: -- TeaQL PLAIN
SELECT id, name, code, external_id AS externalId, task_life_hours AS taskLifeHours, version, platform FROM merchant_data WHERE (version > 0) AND (external_id = 'matched-merchant') LIMIT 1000 OFFSET 0
[TeaQL SQL][query][251us] 1 rows returned outcome=success batchOutcome=not_applicable comment=matched merchant read with relation purpose=matched benchmark read auditReason= tracePath=[0:OPERATION:Merchant=query -> 1:REQUEST:Merchant= -> 2:RELATION:platform=Merchant.platform -> 3:PROVIDER:postgresql= -> 4:SQL:select=] mutationLineage=[]
SQL: -- TeaQL PLAIN
SELECT id, create_time AS createTime, last_update_time AS lastUpdateTime, name, version FROM platform_data WHERE (version > 0) AND (id = 1) LIMIT 1 OFFSET 0
[TeaQL SQL][query][301us] 1 rows returned outcome=success batchOutcome=not_applicable comment=matched merchant read with relation purpose=matched benchmark read auditReason= tracePath=[0:OPERATION:Merchant=query -> 1:REQUEST:Merchant= -> 2:PROVIDER:postgresql= -> 3:SQL:select=] mutationLineage=[]
SQL: -- TeaQL PLAIN
SELECT id, name, code, external_id AS externalId, task_life_hours AS taskLifeHours, version, platform FROM merchant_data WHERE (version > 0) AND (external_id = 'matched-merchant') LIMIT 1000 OFFSET 0
[TeaQL SQL][query][252us] 1 rows returned outcome=success batchOutcome=not_applicable comment=matched merchant read with relation purpose=matched benchmark read auditReason= tracePath=[0:OPERATION:Merchant=query -> 1:REQUEST:Merchant= -> 2:RELATION:platform=Merchant.platform -> 3:PROVIDER:postgresql= -> 4:SQL:select=] mutationLineage=[]
SQL: -- TeaQL PLAIN
SELECT id, create_time AS createTime, last_update_time AS lastUpdateTime, name, version FROM platform_data WHERE (version > 0) AND (id = 1) LIMIT 1 OFFSET 0
[TeaQL SQL][query][312us] 1 rows returned outcome=success batchOutcome=not_applicable comment=matched merchant read with relation purpose=matched benchmark read auditReason= tracePath=[0:OPERATION:Merchant=query -> 1:REQUEST:Merchant= -> 2:PROVIDER:postgresql= -> 3:SQL:select=] mutationLineage=[]
SQL: -- TeaQL PLAIN
SELECT id, name, code, external_id AS externalId, task_life_hours AS taskLifeHours, version, platform FROM merchant_data WHERE (version > 0) AND (external_id = 'matched-merchant') LIMIT 1000 OFFSET 0
[TeaQL SQL][query][271us] 1 rows returned outcome=success batchOutcome=not_applicable comment=matched merchant read with relation purpose=matched benchmark read auditReason= tracePath=[0:OPERATION:Merchant=query -> 1:REQUEST:Merchant= -> 2:RELATION:platform=Merchant.platform -> 3:PROVIDER:postgresql= -> 4:SQL:select=] mutationLineage=[]
SQL: -- TeaQL PLAIN
SELECT id, create_time AS createTime, last_update_time AS lastUpdateTime, name, version FROM platform_data WHERE (version > 0) AND (id = 1) LIMIT 1 OFFSET 0
[TeaQL SQL][query][240us] 1 rows returned outcome=success batchOutcome=not_applicable comment=matched merchant read with relation purpose=matched benchmark read auditReason= tracePath=[0:OPERATION:Merchant=query -> 1:REQUEST:Merchant= -> 2:PROVIDER:postgresql= -> 3:SQL:select=] mutationLineage=[]
SQL: -- TeaQL PLAIN
SELECT id, name, code, external_id AS externalId, task_life_hours AS taskLifeHours, version, platform FROM merchant_data WHERE (version > 0) AND (external_id = 'matched-merchant') LIMIT 1000 OFFSET 0
[TeaQL SQL][query][190us] 1 rows returned outcome=success batchOutcome=not_applicable comment=matched merchant read with relation purpose=matched benchmark read auditReason= tracePath=[0:OPERATION:Merchant=query -> 1:REQUEST:Merchant= -> 2:RELATION:platform=Merchant.platform -> 3:PROVIDER:postgresql= -> 4:SQL:select=] mutationLineage=[]
SQL: -- TeaQL PLAIN
SELECT id, create_time AS createTime, last_update_time AS lastUpdateTime, name, version FROM platform_data WHERE (version > 0) AND (id = 1) LIMIT 1 OFFSET 0
[TeaQL SQL][query][291us] 1 rows returned outcome=success batchOutcome=not_applicable comment=matched merchant read with relation purpose=matched benchmark read auditReason= tracePath=[0:OPERATION:Merchant=query -> 1:REQUEST:Merchant= -> 2:PROVIDER:postgresql= -> 3:SQL:select=] mutationLineage=[]
SQL: -- TeaQL PLAIN
SELECT id, name, code, external_id AS externalId, task_life_hours AS taskLifeHours, version, platform FROM merchant_data WHERE (version > 0) AND (external_id = 'matched-merchant') LIMIT 1000 OFFSET 0
[TeaQL SQL][query][227us] 1 rows returned outcome=success batchOutcome=not_applicable comment=matched merchant read with relation purpose=matched benchmark read auditReason= tracePath=[0:OPERATION:Merchant=query -> 1:REQUEST:Merchant= -> 2:RELATION:platform=Merchant.platform -> 3:PROVIDER:postgresql= -> 4:SQL:select=] mutationLineage=[]
SQL: -- TeaQL PLAIN
SELECT id, create_time AS createTime, last_update_time AS lastUpdateTime, name, version FROM platform_data WHERE (version > 0) AND (id = 1) LIMIT 1 OFFSET 0
[TeaQL SQL][query][305us] 1 rows returned outcome=success batchOutcome=not_applicable comment=matched merchant read with relation purpose=matched benchmark read auditReason= tracePath=[0:OPERATION:Merchant=query -> 1:REQUEST:Merchant= -> 2:PROVIDER:postgresql= -> 3:SQL:select=] mutationLineage=[]
SQL: -- TeaQL PLAIN
SELECT id, name, code, external_id AS externalId, task_life_hours AS taskLifeHours, version, platform FROM merchant_data WHERE (version > 0) AND (external_id = 'matched-merchant') LIMIT 1000 OFFSET 0
[TeaQL SQL][query][274us] 1 rows returned outcome=success batchOutcome=not_applicable comment=matched merchant read with relation purpose=matched benchmark read auditReason= tracePath=[0:OPERATION:Merchant=query -> 1:REQUEST:Merchant= -> 2:RELATION:platform=Merchant.platform -> 3:PROVIDER:postgresql= -> 4:SQL:select=] mutationLineage=[]
SQL: -- TeaQL PLAIN
SELECT id, create_time AS createTime, last_update_time AS lastUpdateTime, name, version FROM platform_data WHERE (version > 0) AND (id = 1) LIMIT 1 OFFSET 0
[TeaQL SQL][query][381us] 1 rows returned outcome=success batchOutcome=not_applicable comment=matched merchant read with relation purpose=matched benchmark read auditReason= tracePath=[0:OPERATION:Merchant=query -> 1:REQUEST:Merchant= -> 2:PROVIDER:postgresql= -> 3:SQL:select=] mutationLineage=[]
SQL: -- TeaQL PLAIN
SELECT id, name, code, external_id AS externalId, task_life_hours AS taskLifeHours, version, platform FROM merchant_data WHERE (version > 0) AND (external_id = 'matched-merchant') LIMIT 1000 OFFSET 0
[TeaQL SQL][query][295us] 1 rows returned outcome=success batchOutcome=not_applicable comment=matched merchant read with relation purpose=matched benchmark read auditReason= tracePath=[0:OPERATION:Merchant=query -> 1:REQUEST:Merchant= -> 2:RELATION:platform=Merchant.platform -> 3:PROVIDER:postgresql= -> 4:SQL:select=] mutationLineage=[]
SQL: -- TeaQL PLAIN
SELECT id, create_time AS createTime, last_update_time AS lastUpdateTime, name, version FROM platform_data WHERE (version > 0) AND (id = 1) LIMIT 1 OFFSET 0
[TeaQL SQL][query][307us] 1 rows returned outcome=success batchOutcome=not_applicable comment=matched merchant read with relation purpose=matched benchmark read auditReason= tracePath=[0:OPERATION:Merchant=query -> 1:REQUEST:Merchant= -> 2:PROVIDER:postgresql= -> 3:SQL:select=] mutationLineage=[]
SQL: -- TeaQL PLAIN
SELECT id, name, code, external_id AS externalId, task_life_hours AS taskLifeHours, version, platform FROM merchant_data WHERE (version > 0) AND (external_id = 'matched-merchant') LIMIT 1000 OFFSET 0
[TeaQL SQL][query][3202us] 1 rows returned outcome=success batchOutcome=not_applicable comment=matched merchant read with relation purpose=matched benchmark read auditReason= tracePath=[0:OPERATION:Merchant=query -> 1:REQUEST:Merchant= -> 2:RELATION:platform=Merchant.platform -> 3:PROVIDER:postgresql= -> 4:SQL:select=] mutationLineage=[]
SQL: -- TeaQL PLAIN
SELECT id, create_time AS createTime, last_update_time AS lastUpdateTime, name, version FROM platform_data WHERE (version > 0) AND (id = 1) LIMIT 1 OFFSET 0
[TeaQL SQL][query][353us] 1 rows returned outcome=success batchOutcome=not_applicable comment=matched merchant read with relation purpose=matched benchmark read auditReason= tracePath=[0:OPERATION:Merchant=query -> 1:REQUEST:Merchant= -> 2:PROVIDER:postgresql= -> 3:SQL:select=] mutationLineage=[]
SQL: -- TeaQL PLAIN
SELECT id, name, code, external_id AS externalId, task_life_hours AS taskLifeHours, version, platform FROM merchant_data WHERE (version > 0) AND (external_id = 'matched-merchant') LIMIT 1000 OFFSET 0
[TeaQL SQL][query][248us] 1 rows returned outcome=success batchOutcome=not_applicable comment=matched merchant read with relation purpose=matched benchmark read auditReason= tracePath=[0:OPERATION:Merchant=query -> 1:REQUEST:Merchant= -> 2:RELATION:platform=Merchant.platform -> 3:PROVIDER:postgresql= -> 4:SQL:select=] mutationLineage=[]
SQL: -- TeaQL PLAIN
SELECT id, create_time AS createTime, last_update_time AS lastUpdateTime, name, version FROM platform_data WHERE (version > 0) AND (id = 1) LIMIT 1 OFFSET 0
[TeaQL SQL][query][267us] 1 rows returned outcome=success batchOutcome=not_applicable comment=matched merchant read with relation purpose=matched benchmark read auditReason= tracePath=[0:OPERATION:Merchant=query -> 1:REQUEST:Merchant= -> 2:PROVIDER:postgresql= -> 3:SQL:select=] mutationLineage=[]
SQL: -- TeaQL PLAIN
SELECT id, name, code, external_id AS externalId, task_life_hours AS taskLifeHours, version, platform FROM merchant_data WHERE (version > 0) AND (external_id = 'matched-merchant') LIMIT 1000 OFFSET 0
[TeaQL SQL][query][220us] 1 rows returned outcome=success batchOutcome=not_applicable comment=matched merchant read with relation purpose=matched benchmark read auditReason= tracePath=[0:OPERATION:Merchant=query -> 1:REQUEST:Merchant= -> 2:RELATION:platform=Merchant.platform -> 3:PROVIDER:postgresql= -> 4:SQL:select=] mutationLineage=[]
SQL: -- TeaQL PLAIN
SELECT id, create_time AS createTime, last_update_time AS lastUpdateTime, name, version FROM platform_data WHERE (version > 0) AND (id = 1) LIMIT 1 OFFSET 0
[TeaQL SQL][query][306us] 1 rows returned outcome=success batchOutcome=not_applicable comment=matched merchant read with relation purpose=matched benchmark read auditReason= tracePath=[0:OPERATION:Merchant=query -> 1:REQUEST:Merchant= -> 2:PROVIDER:postgresql= -> 3:SQL:select=] mutationLineage=[]
SQL: -- TeaQL PLAIN
SELECT id, name, code, external_id AS externalId, task_life_hours AS taskLifeHours, version, platform FROM merchant_data WHERE (version > 0) AND (external_id = 'matched-merchant') LIMIT 1000 OFFSET 0
[TeaQL SQL][query][244us] 1 rows returned outcome=success batchOutcome=not_applicable comment=matched merchant read with relation purpose=matched benchmark read auditReason= tracePath=[0:OPERATION:Merchant=query -> 1:REQUEST:Merchant= -> 2:RELATION:platform=Merchant.platform -> 3:PROVIDER:postgresql= -> 4:SQL:select=] mutationLineage=[]
SQL: -- TeaQL PLAIN
SELECT id, create_time AS createTime, last_update_time AS lastUpdateTime, name, version FROM platform_data WHERE (version > 0) AND (id = 1) LIMIT 1 OFFSET 0
[TeaQL SQL][query][378us] 1 rows returned outcome=success batchOutcome=not_applicable comment=matched merchant read with relation purpose=matched benchmark read auditReason= tracePath=[0:OPERATION:Merchant=query -> 1:REQUEST:Merchant= -> 2:PROVIDER:postgresql= -> 3:SQL:select=] mutationLineage=[]
SQL: -- TeaQL PLAIN
SELECT id, name, code, external_id AS externalId, task_life_hours AS taskLifeHours, version, platform FROM merchant_data WHERE (version > 0) AND (external_id = 'matched-merchant') LIMIT 1000 OFFSET 0
[TeaQL SQL][query][322us] 1 rows returned outcome=success batchOutcome=not_applicable comment=matched merchant read with relation purpose=matched benchmark read auditReason= tracePath=[0:OPERATION:Merchant=query -> 1:REQUEST:Merchant= -> 2:RELATION:platform=Merchant.platform -> 3:PROVIDER:postgresql= -> 4:SQL:select=] mutationLineage=[]
SQL: -- TeaQL PLAIN
SELECT id, create_time AS createTime, last_update_time AS lastUpdateTime, name, version FROM platform_data WHERE (version > 0) AND (id = 1) LIMIT 1 OFFSET 0
[TeaQL SQL][query][422us] 1 rows returned outcome=success batchOutcome=not_applicable comment=matched merchant read with relation purpose=matched benchmark read auditReason= tracePath=[0:OPERATION:Merchant=query -> 1:REQUEST:Merchant= -> 2:PROVIDER:postgresql= -> 3:SQL:select=] mutationLineage=[]
SQL: -- TeaQL PLAIN
SELECT id, name, code, external_id AS externalId, task_life_hours AS taskLifeHours, version, platform FROM merchant_data WHERE (version > 0) AND (external_id = 'matched-merchant') LIMIT 1000 OFFSET 0
[TeaQL SQL][query][302us] 1 rows returned outcome=success batchOutcome=not_applicable comment=matched merchant read with relation purpose=matched benchmark read auditReason= tracePath=[0:OPERATION:Merchant=query -> 1:REQUEST:Merchant= -> 2:RELATION:platform=Merchant.platform -> 3:PROVIDER:postgresql= -> 4:SQL:select=] mutationLineage=[]
SQL: -- TeaQL PLAIN
SELECT id, create_time AS createTime, last_update_time AS lastUpdateTime, name, version FROM platform_data WHERE (version > 0) AND (id = 1) LIMIT 1 OFFSET 0
[TeaQL SQL][query][312us] 1 rows returned outcome=success batchOutcome=not_applicable comment=matched merchant read with relation purpose=matched benchmark read auditReason= tracePath=[0:OPERATION:Merchant=query -> 1:REQUEST:Merchant= -> 2:PROVIDER:postgresql= -> 3:SQL:select=] mutationLineage=[]
SQL: -- TeaQL PLAIN
SELECT id, name, code, external_id AS externalId, task_life_hours AS taskLifeHours, version, platform FROM merchant_data WHERE (version > 0) AND (external_id = 'matched-merchant') LIMIT 1000 OFFSET 0
[TeaQL SQL][query][226us] 1 rows returned outcome=success batchOutcome=not_applicable comment=matched merchant read with relation purpose=matched benchmark read auditReason= tracePath=[0:OPERATION:Merchant=query -> 1:REQUEST:Merchant= -> 2:RELATION:platform=Merchant.platform -> 3:PROVIDER:postgresql= -> 4:SQL:select=] mutationLineage=[]
SQL: -- TeaQL PLAIN
SELECT id, create_time AS createTime, last_update_time AS lastUpdateTime, name, version FROM platform_data WHERE (version > 0) AND (id = 1) LIMIT 1 OFFSET 0
[TeaQL SQL][query][327us] 1 rows returned outcome=success batchOutcome=not_applicable comment=matched merchant read with relation purpose=matched benchmark read auditReason= tracePath=[0:OPERATION:Merchant=query -> 1:REQUEST:Merchant= -> 2:PROVIDER:postgresql= -> 3:SQL:select=] mutationLineage=[]
SQL: -- TeaQL PLAIN
SELECT id, name, code, external_id AS externalId, task_life_hours AS taskLifeHours, version, platform FROM merchant_data WHERE (version > 0) AND (external_id = 'matched-merchant') LIMIT 1000 OFFSET 0
[TeaQL SQL][query][243us] 1 rows returned outcome=success batchOutcome=not_applicable comment=matched merchant read with relation purpose=matched benchmark read auditReason= tracePath=[0:OPERATION:Merchant=query -> 1:REQUEST:Merchant= -> 2:RELATION:platform=Merchant.platform -> 3:PROVIDER:postgresql= -> 4:SQL:select=] mutationLineage=[]
SQL: -- TeaQL PLAIN
SELECT id, create_time AS createTime, last_update_time AS lastUpdateTime, name, version FROM platform_data WHERE (version > 0) AND (id = 1) LIMIT 1 OFFSET 0
[TeaQL SQL][query][331us] 1 rows returned outcome=success batchOutcome=not_applicable comment=matched merchant read with relation purpose=matched benchmark read auditReason= tracePath=[0:OPERATION:Merchant=query -> 1:REQUEST:Merchant= -> 2:PROVIDER:postgresql= -> 3:SQL:select=] mutationLineage=[]
SQL: -- TeaQL PLAIN
SELECT id, name, code, external_id AS externalId, task_life_hours AS taskLifeHours, version, platform FROM merchant_data WHERE (version > 0) AND (external_id = 'matched-merchant') LIMIT 1000 OFFSET 0
[TeaQL SQL][query][259us] 1 rows returned outcome=success batchOutcome=not_applicable comment=matched merchant read with relation purpose=matched benchmark read auditReason= tracePath=[0:OPERATION:Merchant=query -> 1:REQUEST:Merchant= -> 2:RELATION:platform=Merchant.platform -> 3:PROVIDER:postgresql= -> 4:SQL:select=] mutationLineage=[]
SQL: -- TeaQL PLAIN
SELECT id, create_time AS createTime, last_update_time AS lastUpdateTime, name, version FROM platform_data WHERE (version > 0) AND (id = 1) LIMIT 1 OFFSET 0
[TeaQL SQL][query][269us] 1 rows returned outcome=success batchOutcome=not_applicable comment=matched merchant read with relation purpose=matched benchmark read auditReason= tracePath=[0:OPERATION:Merchant=query -> 1:REQUEST:Merchant= -> 2:PROVIDER:postgresql= -> 3:SQL:select=] mutationLineage=[]
SQL: -- TeaQL PLAIN
SELECT id, name, code, external_id AS externalId, task_life_hours AS taskLifeHours, version, platform FROM merchant_data WHERE (version > 0) AND (external_id = 'matched-merchant') LIMIT 1000 OFFSET 0
[TeaQL SQL][query][240us] 1 rows returned outcome=success batchOutcome=not_applicable comment=matched merchant read with relation purpose=matched benchmark read auditReason= tracePath=[0:OPERATION:Merchant=query -> 1:REQUEST:Merchant= -> 2:RELATION:platform=Merchant.platform -> 3:PROVIDER:postgresql= -> 4:SQL:select=] mutationLineage=[]
SQL: -- TeaQL PLAIN
SELECT id, create_time AS createTime, last_update_time AS lastUpdateTime, name, version FROM platform_data WHERE (version > 0) AND (id = 1) LIMIT 1 OFFSET 0
[TeaQL SQL][query][281us] 1 rows returned outcome=success batchOutcome=not_applicable comment=matched merchant read with relation purpose=matched benchmark read auditReason= tracePath=[0:OPERATION:Merchant=query -> 1:REQUEST:Merchant= -> 2:PROVIDER:postgresql= -> 3:SQL:select=] mutationLineage=[]
SQL: -- TeaQL PLAIN
SELECT id, name, code, external_id AS externalId, task_life_hours AS taskLifeHours, version, platform FROM merchant_data WHERE (version > 0) AND (external_id = 'matched-merchant') LIMIT 1000 OFFSET 0
[TeaQL SQL][query][244us] 1 rows returned outcome=success batchOutcome=not_applicable comment=matched merchant read with relation purpose=matched benchmark read auditReason= tracePath=[0:OPERATION:Merchant=query -> 1:REQUEST:Merchant= -> 2:RELATION:platform=Merchant.platform -> 3:PROVIDER:postgresql= -> 4:SQL:select=] mutationLineage=[]
SQL: -- TeaQL PLAIN
SELECT id, create_time AS createTime, last_update_time AS lastUpdateTime, name, version FROM platform_data WHERE (version > 0) AND (id = 1) LIMIT 1 OFFSET 0
[TeaQL SQL][query][279us] 1 rows returned outcome=success batchOutcome=not_applicable comment=matched merchant read with relation purpose=matched benchmark read auditReason= tracePath=[0:OPERATION:Merchant=query -> 1:REQUEST:Merchant= -> 2:PROVIDER:postgresql= -> 3:SQL:select=] mutationLineage=[]
SQL: -- TeaQL PLAIN
SELECT id, name, code, external_id AS externalId, task_life_hours AS taskLifeHours, version, platform FROM merchant_data WHERE (version > 0) AND (external_id = 'matched-merchant') LIMIT 1000 OFFSET 0
[TeaQL SQL][query][264us] 1 rows returned outcome=success batchOutcome=not_applicable comment=matched merchant read with relation purpose=matched benchmark read auditReason= tracePath=[0:OPERATION:Merchant=query -> 1:REQUEST:Merchant= -> 2:RELATION:platform=Merchant.platform -> 3:PROVIDER:postgresql= -> 4:SQL:select=] mutationLineage=[]
SQL: -- TeaQL PLAIN
SELECT id, create_time AS createTime, last_update_time AS lastUpdateTime, name, version FROM platform_data WHERE (version > 0) AND (id = 1) LIMIT 1 OFFSET 0
[TeaQL SQL][query][275us] 1 rows returned outcome=success batchOutcome=not_applicable comment=matched merchant read with relation purpose=matched benchmark read auditReason= tracePath=[0:OPERATION:Merchant=query -> 1:REQUEST:Merchant= -> 2:PROVIDER:postgresql= -> 3:SQL:select=] mutationLineage=[]
SQL: -- TeaQL PLAIN
SELECT id, name, code, external_id AS externalId, task_life_hours AS taskLifeHours, version, platform FROM merchant_data WHERE (version > 0) AND (external_id = 'matched-merchant') LIMIT 1000 OFFSET 0
[TeaQL SQL][query][275us] 1 rows returned outcome=success batchOutcome=not_applicable comment=matched merchant read with relation purpose=matched benchmark read auditReason= tracePath=[0:OPERATION:Merchant=query -> 1:REQUEST:Merchant= -> 2:PROVIDER:postgresql= -> 3:SQL:select=] mutationLineage=[]
SQL: -- TeaQL PLAIN
SELECT id, name, code, external_id AS externalId, task_life_hours AS taskLifeHours, version, platform FROM merchant_data WHERE (version > 0) AND (external_id = 'matched-merchant') LIMIT 1000 OFFSET 0
[TeaQL SQL][query][249us] 1 rows returned outcome=success batchOutcome=not_applicable comment=matched merchant read with relation purpose=matched benchmark read auditReason= tracePath=[0:OPERATION:Merchant=query -> 1:REQUEST:Merchant= -> 2:RELATION:platform=Merchant.platform -> 3:PROVIDER:postgresql= -> 4:SQL:select=] mutationLineage=[]
SQL: -- TeaQL PLAIN
SELECT id, create_time AS createTime, last_update_time AS lastUpdateTime, name, version FROM platform_data WHERE (version > 0) AND (id = 1) LIMIT 1 OFFSET 0
[TeaQL SQL][query][234us] 1 rows returned outcome=success batchOutcome=not_applicable comment=matched merchant read with relation purpose=matched benchmark read auditReason= tracePath=[0:OPERATION:Merchant=query -> 1:REQUEST:Merchant= -> 2:RELATION:platform=Merchant.platform -> 3:PROVIDER:postgresql= -> 4:SQL:select=] mutationLineage=[]
SQL: -- TeaQL PLAIN
SELECT id, create_time AS createTime, last_update_time AS lastUpdateTime, name, version FROM platform_data WHERE (version > 0) AND (id = 1) LIMIT 1 OFFSET 0
[TeaQL SQL][query][252us] 1 rows returned outcome=success batchOutcome=not_applicable comment=matched merchant read with relation purpose=matched benchmark read auditReason= tracePath=[0:OPERATION:Merchant=query -> 1:REQUEST:Merchant= -> 2:PROVIDER:postgresql= -> 3:SQL:select=] mutationLineage=[]
SQL: -- TeaQL PLAIN
SELECT id, name, code, external_id AS externalId, task_life_hours AS taskLifeHours, version, platform FROM merchant_data WHERE (version > 0) AND (external_id = 'matched-merchant') LIMIT 1000 OFFSET 0
[TeaQL SQL][query][239us] 1 rows returned outcome=success batchOutcome=not_applicable comment=matched merchant read with relation purpose=matched benchmark read auditReason= tracePath=[0:OPERATION:Merchant=query -> 1:REQUEST:Merchant= -> 2:PROVIDER:postgresql= -> 3:SQL:select=] mutationLineage=[]
SQL: -- TeaQL PLAIN
SELECT id, name, code, external_id AS externalId, task_life_hours AS taskLifeHours, version, platform FROM merchant_data WHERE (version > 0) AND (external_id = 'matched-merchant') LIMIT 1000 OFFSET 0
[TeaQL SQL][query][216us] 1 rows returned outcome=success batchOutcome=not_applicable comment=matched merchant read with relation purpose=matched benchmark read auditReason= tracePath=[0:OPERATION:Merchant=query -> 1:REQUEST:Merchant= -> 2:RELATION:platform=Merchant.platform -> 3:PROVIDER:postgresql= -> 4:SQL:select=] mutationLineage=[]
SQL: -- TeaQL PLAIN
SELECT id, create_time AS createTime, last_update_time AS lastUpdateTime, name, version FROM platform_data WHERE (version > 0) AND (id = 1) LIMIT 1 OFFSET 0
[TeaQL SQL][query][232us] 1 rows returned outcome=success batchOutcome=not_applicable comment=matched merchant read with relation purpose=matched benchmark read auditReason= tracePath=[0:OPERATION:Merchant=query -> 1:REQUEST:Merchant= -> 2:RELATION:platform=Merchant.platform -> 3:PROVIDER:postgresql= -> 4:SQL:select=] mutationLineage=[]
SQL: -- TeaQL PLAIN
SELECT id, create_time AS createTime, last_update_time AS lastUpdateTime, name, version FROM platform_data WHERE (version > 0) AND (id = 1) LIMIT 1 OFFSET 0
[TeaQL SQL][query][244us] 1 rows returned outcome=success batchOutcome=not_applicable comment=matched merchant read with relation purpose=matched benchmark read auditReason= tracePath=[0:OPERATION:Merchant=query -> 1:REQUEST:Merchant= -> 2:PROVIDER:postgresql= -> 3:SQL:select=] mutationLineage=[]
SQL: -- TeaQL PLAIN
SELECT id, name, code, external_id AS externalId, task_life_hours AS taskLifeHours, version, platform FROM merchant_data WHERE (version > 0) AND (external_id = 'matched-merchant') LIMIT 1000 OFFSET 0
[TeaQL SQL][query][205us] 1 rows returned outcome=success batchOutcome=not_applicable comment=matched merchant read with relation purpose=matched benchmark read auditReason= tracePath=[0:OPERATION:Merchant=query -> 1:REQUEST:Merchant= -> 2:RELATION:platform=Merchant.platform -> 3:PROVIDER:postgresql= -> 4:SQL:select=] mutationLineage=[]
SQL: -- TeaQL PLAIN
SELECT id, create_time AS createTime, last_update_time AS lastUpdateTime, name, version FROM platform_data WHERE (version > 0) AND (id = 1) LIMIT 1 OFFSET 0
[TeaQL SQL][query][248us] 1 rows returned outcome=success batchOutcome=not_applicable comment=matched merchant read with relation purpose=matched benchmark read auditReason= tracePath=[0:OPERATION:Merchant=query -> 1:REQUEST:Merchant= -> 2:PROVIDER:postgresql= -> 3:SQL:select=] mutationLineage=[]
SQL: -- TeaQL PLAIN
SELECT id, name, code, external_id AS externalId, task_life_hours AS taskLifeHours, version, platform FROM merchant_data WHERE (version > 0) AND (external_id = 'matched-merchant') LIMIT 1000 OFFSET 0
[TeaQL SQL][query][202us] 1 rows returned outcome=success batchOutcome=not_applicable comment=matched merchant read with relation purpose=matched benchmark read auditReason= tracePath=[0:OPERATION:Merchant=query -> 1:REQUEST:Merchant= -> 2:RELATION:platform=Merchant.platform -> 3:PROVIDER:postgresql= -> 4:SQL:select=] mutationLineage=[]
SQL: -- TeaQL PLAIN
SELECT id, create_time AS createTime, last_update_time AS lastUpdateTime, name, version FROM platform_data WHERE (version > 0) AND (id = 1) LIMIT 1 OFFSET 0
[TeaQL SQL][query][297us] 1 rows returned outcome=success batchOutcome=not_applicable comment=matched merchant read with relation purpose=matched benchmark read auditReason= tracePath=[0:OPERATION:Merchant=query -> 1:REQUEST:Merchant= -> 2:PROVIDER:postgresql= -> 3:SQL:select=] mutationLineage=[]
SQL: -- TeaQL PLAIN
SELECT id, name, code, external_id AS externalId, task_life_hours AS taskLifeHours, version, platform FROM merchant_data WHERE (version > 0) AND (external_id = 'matched-merchant') LIMIT 1000 OFFSET 0
[TeaQL SQL][query][209us] 1 rows returned outcome=success batchOutcome=not_applicable comment=matched merchant read with relation purpose=matched benchmark read auditReason= tracePath=[0:OPERATION:Merchant=query -> 1:REQUEST:Merchant= -> 2:RELATION:platform=Merchant.platform -> 3:PROVIDER:postgresql= -> 4:SQL:select=] mutationLineage=[]
SQL: -- TeaQL PLAIN
SELECT id, create_time AS createTime, last_update_time AS lastUpdateTime, name, version FROM platform_data WHERE (version > 0) AND (id = 1) LIMIT 1 OFFSET 0
[TeaQL SQL][query][313us] 1 rows returned outcome=success batchOutcome=not_applicable comment=matched merchant read with relation purpose=matched benchmark read auditReason= tracePath=[0:OPERATION:Merchant=query -> 1:REQUEST:Merchant= -> 2:PROVIDER:postgresql= -> 3:SQL:select=] mutationLineage=[]
SQL: -- TeaQL PLAIN
SELECT id, name, code, external_id AS externalId, task_life_hours AS taskLifeHours, version, platform FROM merchant_data WHERE (version > 0) AND (external_id = 'matched-merchant') LIMIT 1000 OFFSET 0
[TeaQL SQL][query][253us] 1 rows returned outcome=success batchOutcome=not_applicable comment=matched merchant read with relation purpose=matched benchmark read auditReason= tracePath=[0:OPERATION:Merchant=query -> 1:REQUEST:Merchant= -> 2:RELATION:platform=Merchant.platform -> 3:PROVIDER:postgresql= -> 4:SQL:select=] mutationLineage=[]
SQL: -- TeaQL PLAIN
SELECT id, create_time AS createTime, last_update_time AS lastUpdateTime, name, version FROM platform_data WHERE (version > 0) AND (id = 1) LIMIT 1 OFFSET 0
[TeaQL SQL][query][250us] 1 rows returned outcome=success batchOutcome=not_applicable comment=matched merchant read with relation purpose=matched benchmark read auditReason= tracePath=[0:OPERATION:Merchant=query -> 1:REQUEST:Merchant= -> 2:PROVIDER:postgresql= -> 3:SQL:select=] mutationLineage=[]
SQL: -- TeaQL PLAIN
SELECT id, name, code, external_id AS externalId, task_life_hours AS taskLifeHours, version, platform FROM merchant_data WHERE (version > 0) AND (external_id = 'matched-merchant') LIMIT 1000 OFFSET 0
[TeaQL SQL][query][211us] 1 rows returned outcome=success batchOutcome=not_applicable comment=matched merchant read with relation purpose=matched benchmark read auditReason= tracePath=[0:OPERATION:Merchant=query -> 1:REQUEST:Merchant= -> 2:RELATION:platform=Merchant.platform -> 3:PROVIDER:postgresql= -> 4:SQL:select=] mutationLineage=[]
SQL: -- TeaQL PLAIN
SELECT id, create_time AS createTime, last_update_time AS lastUpdateTime, name, version FROM platform_data WHERE (version > 0) AND (id = 1) LIMIT 1 OFFSET 0
[TeaQL SQL][query][228us] 1 rows returned outcome=success batchOutcome=not_applicable comment=matched merchant read with relation purpose=matched benchmark read auditReason= tracePath=[0:OPERATION:Merchant=query -> 1:REQUEST:Merchant= -> 2:PROVIDER:postgresql= -> 3:SQL:select=] mutationLineage=[]
SQL: -- TeaQL PLAIN
SELECT id, name, code, external_id AS externalId, task_life_hours AS taskLifeHours, version, platform FROM merchant_data WHERE (version > 0) AND (external_id = 'matched-merchant') LIMIT 1000 OFFSET 0
[TeaQL SQL][query][196us] 1 rows returned outcome=success batchOutcome=not_applicable comment=matched merchant read with relation purpose=matched benchmark read auditReason= tracePath=[0:OPERATION:Merchant=query -> 1:REQUEST:Merchant= -> 2:RELATION:platform=Merchant.platform -> 3:PROVIDER:postgresql= -> 4:SQL:select=] mutationLineage=[]
SQL: -- TeaQL PLAIN
SELECT id, create_time AS createTime, last_update_time AS lastUpdateTime, name, version FROM platform_data WHERE (version > 0) AND (id = 1) LIMIT 1 OFFSET 0
[TeaQL SQL][query][417us] 1 rows returned outcome=success batchOutcome=not_applicable comment=matched merchant read with relation purpose=matched benchmark read auditReason= tracePath=[0:OPERATION:Merchant=query -> 1:REQUEST:Merchant= -> 2:PROVIDER:postgresql= -> 3:SQL:select=] mutationLineage=[]
SQL: -- TeaQL PLAIN
SELECT id, name, code, external_id AS externalId, task_life_hours AS taskLifeHours, version, platform FROM merchant_data WHERE (version > 0) AND (external_id = 'matched-merchant') LIMIT 1000 OFFSET 0
[TeaQL SQL][query][457us] 1 rows returned outcome=success batchOutcome=not_applicable comment=matched merchant read with relation purpose=matched benchmark read auditReason= tracePath=[0:OPERATION:Merchant=query -> 1:REQUEST:Merchant= -> 2:PROVIDER:postgresql= -> 3:SQL:select=] mutationLineage=[]
SQL: -- TeaQL PLAIN
SELECT id, name, code, external_id AS externalId, task_life_hours AS taskLifeHours, version, platform FROM merchant_data WHERE (version > 0) AND (external_id = 'matched-merchant') LIMIT 1000 OFFSET 0
[TeaQL SQL][query][494us] 1 rows returned outcome=success batchOutcome=not_applicable comment=matched merchant read with relation purpose=matched benchmark read auditReason= tracePath=[0:OPERATION:Merchant=query -> 1:REQUEST:Merchant= -> 2:PROVIDER:postgresql= -> 3:SQL:select=] mutationLineage=[]
SQL: -- TeaQL PLAIN
SELECT id, name, code, external_id AS externalId, task_life_hours AS taskLifeHours, version, platform FROM merchant_data WHERE (version > 0) AND (external_id = 'matched-merchant') LIMIT 1000 OFFSET 0
[TeaQL SQL][query][242us] 1 rows returned outcome=success batchOutcome=not_applicable comment=matched merchant read with relation purpose=matched benchmark read auditReason= tracePath=[0:OPERATION:Merchant=query -> 1:REQUEST:Merchant= -> 2:RELATION:platform=Merchant.platform -> 3:PROVIDER:postgresql= -> 4:SQL:select=] mutationLineage=[]
SQL: -- TeaQL PLAIN
SELECT id, create_time AS createTime, last_update_time AS lastUpdateTime, name, version FROM platform_data WHERE (version > 0) AND (id = 1) LIMIT 1 OFFSET 0
[TeaQL SQL][query][251us] 1 rows returned outcome=success batchOutcome=not_applicable comment=matched merchant read with relation purpose=matched benchmark read auditReason= tracePath=[0:OPERATION:Merchant=query -> 1:REQUEST:Merchant= -> 2:RELATION:platform=Merchant.platform -> 3:PROVIDER:postgresql= -> 4:SQL:select=] mutationLineage=[]
SQL: -- TeaQL PLAIN
SELECT id, create_time AS createTime, last_update_time AS lastUpdateTime, name, version FROM platform_data WHERE (version > 0) AND (id = 1) LIMIT 1 OFFSET 0
[TeaQL SQL][query][206us] 1 rows returned outcome=success batchOutcome=not_applicable comment=matched merchant read with relation purpose=matched benchmark read auditReason= tracePath=[0:OPERATION:Merchant=query -> 1:REQUEST:Merchant= -> 2:RELATION:platform=Merchant.platform -> 3:PROVIDER:postgresql= -> 4:SQL:select=] mutationLineage=[]
SQL: -- TeaQL PLAIN
SELECT id, create_time AS createTime, last_update_time AS lastUpdateTime, name, version FROM platform_data WHERE (version > 0) AND (id = 1) LIMIT 1 OFFSET 0
[TeaQL SQL][query][361us] 1 rows returned outcome=success batchOutcome=not_applicable comment=matched merchant read with relation purpose=matched benchmark read auditReason= tracePath=[0:OPERATION:Merchant=query -> 1:REQUEST:Merchant= -> 2:PROVIDER:postgresql= -> 3:SQL:select=] mutationLineage=[]
SQL: -- TeaQL PLAIN
SELECT id, name, code, external_id AS externalId, task_life_hours AS taskLifeHours, version, platform FROM merchant_data WHERE (version > 0) AND (external_id = 'matched-merchant') LIMIT 1000 OFFSET 0
[TeaQL SQL][query][280us] 1 rows returned outcome=success batchOutcome=not_applicable comment=matched merchant read with relation purpose=matched benchmark read auditReason= tracePath=[0:OPERATION:Merchant=query -> 1:REQUEST:Merchant= -> 2:RELATION:platform=Merchant.platform -> 3:PROVIDER:postgresql= -> 4:SQL:select=] mutationLineage=[]
SQL: -- TeaQL PLAIN
SELECT id, create_time AS createTime, last_update_time AS lastUpdateTime, name, version FROM platform_data WHERE (version > 0) AND (id = 1) LIMIT 1 OFFSET 0
[TeaQL SQL][query][323us] 1 rows returned outcome=success batchOutcome=not_applicable comment=matched merchant read with relation purpose=matched benchmark read auditReason= tracePath=[0:OPERATION:Merchant=query -> 1:REQUEST:Merchant= -> 2:PROVIDER:postgresql= -> 3:SQL:select=] mutationLineage=[]
SQL: -- TeaQL PLAIN
SELECT id, name, code, external_id AS externalId, task_life_hours AS taskLifeHours, version, platform FROM merchant_data WHERE (version > 0) AND (external_id = 'matched-merchant') LIMIT 1000 OFFSET 0
[TeaQL SQL][query][212us] 1 rows returned outcome=success batchOutcome=not_applicable comment=matched merchant read with relation purpose=matched benchmark read auditReason= tracePath=[0:OPERATION:Merchant=query -> 1:REQUEST:Merchant= -> 2:RELATION:platform=Merchant.platform -> 3:PROVIDER:postgresql= -> 4:SQL:select=] mutationLineage=[]
SQL: -- TeaQL PLAIN
SELECT id, create_time AS createTime, last_update_time AS lastUpdateTime, name, version FROM platform_data WHERE (version > 0) AND (id = 1) LIMIT 1 OFFSET 0
[TeaQL SQL][query][298us] 1 rows returned outcome=success batchOutcome=not_applicable comment=matched merchant read with relation purpose=matched benchmark read auditReason= tracePath=[0:OPERATION:Merchant=query -> 1:REQUEST:Merchant= -> 2:PROVIDER:postgresql= -> 3:SQL:select=] mutationLineage=[]
SQL: -- TeaQL PLAIN
SELECT id, name, code, external_id AS externalId, task_life_hours AS taskLifeHours, version, platform FROM merchant_data WHERE (version > 0) AND (external_id = 'matched-merchant') LIMIT 1000 OFFSET 0
[TeaQL SQL][query][326us] 1 rows returned outcome=success batchOutcome=not_applicable comment=matched merchant read with relation purpose=matched benchmark read auditReason= tracePath=[0:OPERATION:Merchant=query -> 1:REQUEST:Merchant= -> 2:PROVIDER:postgresql= -> 3:SQL:select=] mutationLineage=[]
SQL: -- TeaQL PLAIN
SELECT id, name, code, external_id AS externalId, task_life_hours AS taskLifeHours, version, platform FROM merchant_data WHERE (version > 0) AND (external_id = 'matched-merchant') LIMIT 1000 OFFSET 0
[TeaQL SQL][query][256us] 1 rows returned outcome=success batchOutcome=not_applicable comment=matched merchant read with relation purpose=matched benchmark read auditReason= tracePath=[0:OPERATION:Merchant=query -> 1:REQUEST:Merchant= -> 2:RELATION:platform=Merchant.platform -> 3:PROVIDER:postgresql= -> 4:SQL:select=] mutationLineage=[]
SQL: -- TeaQL PLAIN
SELECT id, create_time AS createTime, last_update_time AS lastUpdateTime, name, version FROM platform_data WHERE (version > 0) AND (id = 1) LIMIT 1 OFFSET 0
[TeaQL SQL][query][207us] 1 rows returned outcome=success batchOutcome=not_applicable comment=matched merchant read with relation purpose=matched benchmark read auditReason= tracePath=[0:OPERATION:Merchant=query -> 1:REQUEST:Merchant= -> 2:RELATION:platform=Merchant.platform -> 3:PROVIDER:postgresql= -> 4:SQL:select=] mutationLineage=[]
SQL: -- TeaQL PLAIN
SELECT id, create_time AS createTime, last_update_time AS lastUpdateTime, name, version FROM platform_data WHERE (version > 0) AND (id = 1) LIMIT 1 OFFSET 0
[TeaQL SQL][query][325us] 1 rows returned outcome=success batchOutcome=not_applicable comment=matched merchant read with relation purpose=matched benchmark read auditReason= tracePath=[0:OPERATION:Merchant=query -> 1:REQUEST:Merchant= -> 2:PROVIDER:postgresql= -> 3:SQL:select=] mutationLineage=[]
SQL: -- TeaQL PLAIN
SELECT id, name, code, external_id AS externalId, task_life_hours AS taskLifeHours, version, platform FROM merchant_data WHERE (version > 0) AND (external_id = 'matched-merchant') LIMIT 1000 OFFSET 0
[TeaQL SQL][query][271us] 1 rows returned outcome=success batchOutcome=not_applicable comment=matched merchant read with relation purpose=matched benchmark read auditReason= tracePath=[0:OPERATION:Merchant=query -> 1:REQUEST:Merchant= -> 2:RELATION:platform=Merchant.platform -> 3:PROVIDER:postgresql= -> 4:SQL:select=] mutationLineage=[]
SQL: -- TeaQL PLAIN
SELECT id, create_time AS createTime, last_update_time AS lastUpdateTime, name, version FROM platform_data WHERE (version > 0) AND (id = 1) LIMIT 1 OFFSET 0
[TeaQL SQL][query][374us] 1 rows returned outcome=success batchOutcome=not_applicable comment=matched merchant read with relation purpose=matched benchmark read auditReason= tracePath=[0:OPERATION:Merchant=query -> 1:REQUEST:Merchant= -> 2:PROVIDER:postgresql= -> 3:SQL:select=] mutationLineage=[]
SQL: -- TeaQL PLAIN
SELECT id, name, code, external_id AS externalId, task_life_hours AS taskLifeHours, version, platform FROM merchant_data WHERE (version > 0) AND (external_id = 'matched-merchant') LIMIT 1000 OFFSET 0
[TeaQL SQL][query][297us] 1 rows returned outcome=success batchOutcome=not_applicable comment=matched merchant read with relation purpose=matched benchmark read auditReason= tracePath=[0:OPERATION:Merchant=query -> 1:REQUEST:Merchant= -> 2:PROVIDER:postgresql= -> 3:SQL:select=] mutationLineage=[]
SQL: -- TeaQL PLAIN
SELECT id, name, code, external_id AS externalId, task_life_hours AS taskLifeHours, version, platform FROM merchant_data WHERE (version > 0) AND (external_id = 'matched-merchant') LIMIT 1000 OFFSET 0
[TeaQL SQL][query][216us] 1 rows returned outcome=success batchOutcome=not_applicable comment=matched merchant read with relation purpose=matched benchmark read auditReason= tracePath=[0:OPERATION:Merchant=query -> 1:REQUEST:Merchant= -> 2:RELATION:platform=Merchant.platform -> 3:PROVIDER:postgresql= -> 4:SQL:select=] mutationLineage=[]
SQL: -- TeaQL PLAIN
SELECT id, create_time AS createTime, last_update_time AS lastUpdateTime, name, version FROM platform_data WHERE (version > 0) AND (id = 1) LIMIT 1 OFFSET 0
[TeaQL SQL][query][268us] 1 rows returned outcome=success batchOutcome=not_applicable comment=matched merchant read with relation purpose=matched benchmark read auditReason= tracePath=[0:OPERATION:Merchant=query -> 1:REQUEST:Merchant= -> 2:PROVIDER:postgresql= -> 3:SQL:select=] mutationLineage=[]
SQL: -- TeaQL PLAIN
SELECT id, name, code, external_id AS externalId, task_life_hours AS taskLifeHours, version, platform FROM merchant_data WHERE (version > 0) AND (external_id = 'matched-merchant') LIMIT 1000 OFFSET 0
[TeaQL SQL][query][259us] 1 rows returned outcome=success batchOutcome=not_applicable comment=matched merchant read with relation purpose=matched benchmark read auditReason= tracePath=[0:OPERATION:Merchant=query -> 1:REQUEST:Merchant= -> 2:RELATION:platform=Merchant.platform -> 3:PROVIDER:postgresql= -> 4:SQL:select=] mutationLineage=[]
SQL: -- TeaQL PLAIN
SELECT id, create_time AS createTime, last_update_time AS lastUpdateTime, name, version FROM platform_data WHERE (version > 0) AND (id = 1) LIMIT 1 OFFSET 0
[TeaQL SQL][query][293us] 1 rows returned outcome=success batchOutcome=not_applicable comment=matched merchant read with relation purpose=matched benchmark read auditReason= tracePath=[0:OPERATION:Merchant=query -> 1:REQUEST:Merchant= -> 2:RELATION:platform=Merchant.platform -> 3:PROVIDER:postgresql= -> 4:SQL:select=] mutationLineage=[]
SQL: -- TeaQL PLAIN
SELECT id, create_time AS createTime, last_update_time AS lastUpdateTime, name, version FROM platform_data WHERE (version > 0) AND (id = 1) LIMIT 1 OFFSET 0
[TeaQL SQL][query][382us] 1 rows returned outcome=success batchOutcome=not_applicable comment=matched merchant read with relation purpose=matched benchmark read auditReason= tracePath=[0:OPERATION:Merchant=query -> 1:REQUEST:Merchant= -> 2:PROVIDER:postgresql= -> 3:SQL:select=] mutationLineage=[]
SQL: -- TeaQL PLAIN
SELECT id, name, code, external_id AS externalId, task_life_hours AS taskLifeHours, version, platform FROM merchant_data WHERE (version > 0) AND (external_id = 'matched-merchant') LIMIT 1000 OFFSET 0
[TeaQL SQL][query][241us] 1 rows returned outcome=success batchOutcome=not_applicable comment=matched merchant read with relation purpose=matched benchmark read auditReason= tracePath=[0:OPERATION:Merchant=query -> 1:REQUEST:Merchant= -> 2:RELATION:platform=Merchant.platform -> 3:PROVIDER:postgresql= -> 4:SQL:select=] mutationLineage=[]
SQL: -- TeaQL PLAIN
SELECT id, create_time AS createTime, last_update_time AS lastUpdateTime, name, version FROM platform_data WHERE (version > 0) AND (id = 1) LIMIT 1 OFFSET 0
[TeaQL SQL][query][459us] 1 rows returned outcome=success batchOutcome=not_applicable comment=matched merchant read with relation purpose=matched benchmark read auditReason= tracePath=[0:OPERATION:Merchant=query -> 1:REQUEST:Merchant= -> 2:PROVIDER:postgresql= -> 3:SQL:select=] mutationLineage=[]
SQL: -- TeaQL PLAIN
SELECT id, name, code, external_id AS externalId, task_life_hours AS taskLifeHours, version, platform FROM merchant_data WHERE (version > 0) AND (external_id = 'matched-merchant') LIMIT 1000 OFFSET 0
[TeaQL SQL][query][244us] 1 rows returned outcome=success batchOutcome=not_applicable comment=matched merchant read with relation purpose=matched benchmark read auditReason= tracePath=[0:OPERATION:Merchant=query -> 1:REQUEST:Merchant= -> 2:PROVIDER:postgresql= -> 3:SQL:select=] mutationLineage=[]
SQL: -- TeaQL PLAIN
SELECT id, name, code, external_id AS externalId, task_life_hours AS taskLifeHours, version, platform FROM merchant_data WHERE (version > 0) AND (external_id = 'matched-merchant') LIMIT 1000 OFFSET 0
[TeaQL SQL][query][269us] 1 rows returned outcome=success batchOutcome=not_applicable comment=matched merchant read with relation purpose=matched benchmark read auditReason= tracePath=[0:OPERATION:Merchant=query -> 1:REQUEST:Merchant= -> 2:PROVIDER:postgresql= -> 3:SQL:select=] mutationLineage=[]
SQL: -- TeaQL PLAIN
SELECT id, name, code, external_id AS externalId, task_life_hours AS taskLifeHours, version, platform FROM merchant_data WHERE (version > 0) AND (external_id = 'matched-merchant') LIMIT 1000 OFFSET 0
[TeaQL SQL][query][263us] 1 rows returned outcome=success batchOutcome=not_applicable comment=matched merchant read with relation purpose=matched benchmark read auditReason= tracePath=[0:OPERATION:Merchant=query -> 1:REQUEST:Merchant= -> 2:RELATION:platform=Merchant.platform -> 3:PROVIDER:postgresql= -> 4:SQL:select=] mutationLineage=[]
SQL: -- TeaQL PLAIN
SELECT id, create_time AS createTime, last_update_time AS lastUpdateTime, name, version FROM platform_data WHERE (version > 0) AND (id = 1) LIMIT 1 OFFSET 0
[TeaQL SQL][query][190us] 1 rows returned outcome=success batchOutcome=not_applicable comment=matched merchant read with relation purpose=matched benchmark read auditReason= tracePath=[0:OPERATION:Merchant=query -> 1:REQUEST:Merchant= -> 2:RELATION:platform=Merchant.platform -> 3:PROVIDER:postgresql= -> 4:SQL:select=] mutationLineage=[]
SQL: -- TeaQL PLAIN
SELECT id, create_time AS createTime, last_update_time AS lastUpdateTime, name, version FROM platform_data WHERE (version > 0) AND (id = 1) LIMIT 1 OFFSET 0
[TeaQL SQL][query][226us] 1 rows returned outcome=success batchOutcome=not_applicable comment=matched merchant read with relation purpose=matched benchmark read auditReason= tracePath=[0:OPERATION:Merchant=query -> 1:REQUEST:Merchant= -> 2:RELATION:platform=Merchant.platform -> 3:PROVIDER:postgresql= -> 4:SQL:select=] mutationLineage=[]
SQL: -- TeaQL PLAIN
SELECT id, create_time AS createTime, last_update_time AS lastUpdateTime, name, version FROM platform_data WHERE (version > 0) AND (id = 1) LIMIT 1 OFFSET 0
[TeaQL SQL][query][303us] 1 rows returned outcome=success batchOutcome=not_applicable comment=matched merchant read with relation purpose=matched benchmark read auditReason= tracePath=[0:OPERATION:Merchant=query -> 1:REQUEST:Merchant= -> 2:PROVIDER:postgresql= -> 3:SQL:select=] mutationLineage=[]
SQL: -- TeaQL PLAIN
SELECT id, name, code, external_id AS externalId, task_life_hours AS taskLifeHours, version, platform FROM merchant_data WHERE (version > 0) AND (external_id = 'matched-merchant') LIMIT 1000 OFFSET 0
[TeaQL SQL][query][233us] 1 rows returned outcome=success batchOutcome=not_applicable comment=matched merchant read with relation purpose=matched benchmark read auditReason= tracePath=[0:OPERATION:Merchant=query -> 1:REQUEST:Merchant= -> 2:RELATION:platform=Merchant.platform -> 3:PROVIDER:postgresql= -> 4:SQL:select=] mutationLineage=[]
SQL: -- TeaQL PLAIN
SELECT id, create_time AS createTime, last_update_time AS lastUpdateTime, name, version FROM platform_data WHERE (version > 0) AND (id = 1) LIMIT 1 OFFSET 0
[TeaQL SQL][query][262us] 1 rows returned outcome=success batchOutcome=not_applicable comment=matched merchant read with relation purpose=matched benchmark read auditReason= tracePath=[0:OPERATION:Merchant=query -> 1:REQUEST:Merchant= -> 2:PROVIDER:postgresql= -> 3:SQL:select=] mutationLineage=[]
SQL: -- TeaQL PLAIN
SELECT id, name, code, external_id AS externalId, task_life_hours AS taskLifeHours, version, platform FROM merchant_data WHERE (version > 0) AND (external_id = 'matched-merchant') LIMIT 1000 OFFSET 0
[TeaQL SQL][query][231us] 1 rows returned outcome=success batchOutcome=not_applicable comment=matched merchant read with relation purpose=matched benchmark read auditReason= tracePath=[0:OPERATION:Merchant=query -> 1:REQUEST:Merchant= -> 2:RELATION:platform=Merchant.platform -> 3:PROVIDER:postgresql= -> 4:SQL:select=] mutationLineage=[]
SQL: -- TeaQL PLAIN
SELECT id, create_time AS createTime, last_update_time AS lastUpdateTime, name, version FROM platform_data WHERE (version > 0) AND (id = 1) LIMIT 1 OFFSET 0
[TeaQL SQL][query][429us] 1 rows returned outcome=success batchOutcome=not_applicable comment=matched merchant read with relation purpose=matched benchmark read auditReason= tracePath=[0:OPERATION:Merchant=query -> 1:REQUEST:Merchant= -> 2:PROVIDER:postgresql= -> 3:SQL:select=] mutationLineage=[]
SQL: -- TeaQL PLAIN
SELECT id, name, code, external_id AS externalId, task_life_hours AS taskLifeHours, version, platform FROM merchant_data WHERE (version > 0) AND (external_id = 'matched-merchant') LIMIT 1000 OFFSET 0
[TeaQL SQL][query][460us] 1 rows returned outcome=success batchOutcome=not_applicable comment=matched merchant read with relation purpose=matched benchmark read auditReason= tracePath=[0:OPERATION:Merchant=query -> 1:REQUEST:Merchant= -> 2:PROVIDER:postgresql= -> 3:SQL:select=] mutationLineage=[]
SQL: -- TeaQL PLAIN
SELECT id, name, code, external_id AS externalId, task_life_hours AS taskLifeHours, version, platform FROM merchant_data WHERE (version > 0) AND (external_id = 'matched-merchant') LIMIT 1000 OFFSET 0
[TeaQL SQL][query][336us] 1 rows returned outcome=success batchOutcome=not_applicable comment=matched merchant read with relation purpose=matched benchmark read auditReason= tracePath=[0:OPERATION:Merchant=query -> 1:REQUEST:Merchant= -> 2:RELATION:platform=Merchant.platform -> 3:PROVIDER:postgresql= -> 4:SQL:select=] mutationLineage=[]
SQL: -- TeaQL PLAIN
SELECT id, create_time AS createTime, last_update_time AS lastUpdateTime, name, version FROM platform_data WHERE (version > 0) AND (id = 1) LIMIT 1 OFFSET 0
[TeaQL SQL][query][272us] 1 rows returned outcome=success batchOutcome=not_applicable comment=matched merchant read with relation purpose=matched benchmark read auditReason= tracePath=[0:OPERATION:Merchant=query -> 1:REQUEST:Merchant= -> 2:RELATION:platform=Merchant.platform -> 3:PROVIDER:postgresql= -> 4:SQL:select=] mutationLineage=[]
SQL: -- TeaQL PLAIN
SELECT id, create_time AS createTime, last_update_time AS lastUpdateTime, name, version FROM platform_data WHERE (version > 0) AND (id = 1) LIMIT 1 OFFSET 0
[TeaQL SQL][query][692us] 1 rows returned outcome=success batchOutcome=not_applicable comment=matched update lookup purpose=matched benchmark write auditReason= tracePath=[0:OPERATION:Merchant=query -> 1:REQUEST:Merchant= -> 2:PROVIDER:postgresql= -> 3:SQL:select=] mutationLineage=[]
SQL: -- TeaQL PLAIN
SELECT id, name, code, external_id AS externalId, task_life_hours AS taskLifeHours, platform, version FROM merchant_data WHERE (version > 0) AND (external_id = 'matched-merchant') LIMIT 1000 OFFSET 0
[TeaQL SQL][mutation][518us] 1 rows affected outcome=success batchOutcome=not_applicable comment= purpose= auditReason=matched benchmark update tracePath=[0:OPERATION:Merchant=mutation -> 1:ENTITY:Merchant= -> 2:PROVIDER:postgresql= -> 3:SQL:update=] mutationLineage=[0:AUDIT_REASON:Merchant#1=matched benchmark update]
SQL: -- TeaQL PLAIN
UPDATE merchant_data SET task_life_hours = 49 , version = 468 WHERE id = 1 AND version = 467
[TeaQL SQL][query][392us] 1 rows returned outcome=success batchOutcome=not_applicable comment=matched benchmark update purpose=runtime: read authoritative persisted mutation result auditReason=matched benchmark update tracePath=[0:OPERATION:Merchant=query -> 1:REQUEST:Merchant= -> 2:PROVIDER:postgresql= -> 3:SQL:select=] mutationLineage=[0:AUDIT_REASON:Merchant#1=matched benchmark update]
SQL: -- TeaQL PLAIN
SELECT * FROM merchant_data WHERE id = 1
[TeaQL SQL][query][402us] 1 rows returned outcome=success batchOutcome=not_applicable comment=matched merchant read with relation purpose=matched benchmark read auditReason= tracePath=[0:OPERATION:Merchant=query -> 1:REQUEST:Merchant= -> 2:PROVIDER:postgresql= -> 3:SQL:select=] mutationLineage=[]
SQL: -- TeaQL PLAIN
SELECT id, name, code, external_id AS externalId, task_life_hours AS taskLifeHours, version, platform FROM merchant_data WHERE (version > 0) AND (external_id = 'matched-merchant') LIMIT 1000 OFFSET 0
[TeaQL SQL][query][334us] 1 rows returned outcome=success batchOutcome=not_applicable comment=matched merchant read with relation purpose=matched benchmark read auditReason= tracePath=[0:OPERATION:Merchant=query -> 1:REQUEST:Merchant= -> 2:RELATION:platform=Merchant.platform -> 3:PROVIDER:postgresql= -> 4:SQL:select=] mutationLineage=[]
SQL: -- TeaQL PLAIN
SELECT id, create_time AS createTime, last_update_time AS lastUpdateTime, name, version FROM platform_data WHERE (version > 0) AND (id = 1) LIMIT 1 OFFSET 0
[TeaQL SQL][query][391us] 1 rows returned outcome=success batchOutcome=not_applicable comment=matched update lookup purpose=matched benchmark write auditReason= tracePath=[0:OPERATION:Merchant=query -> 1:REQUEST:Merchant= -> 2:PROVIDER:postgresql= -> 3:SQL:select=] mutationLineage=[]
SQL: -- TeaQL PLAIN
SELECT id, name, code, external_id AS externalId, task_life_hours AS taskLifeHours, platform, version FROM merchant_data WHERE (version > 0) AND (external_id = 'matched-merchant') LIMIT 1000 OFFSET 0
[TeaQL SQL][mutation][332us] 1 rows affected outcome=success batchOutcome=not_applicable comment= purpose= auditReason=matched benchmark update tracePath=[0:OPERATION:Merchant=mutation -> 1:ENTITY:Merchant= -> 2:PROVIDER:postgresql= -> 3:SQL:update=] mutationLineage=[0:AUDIT_REASON:Merchant#1=matched benchmark update]
SQL: -- TeaQL PLAIN
UPDATE merchant_data SET task_life_hours = 48 , version = 469 WHERE id = 1 AND version = 468
[TeaQL SQL][query][221us] 1 rows returned outcome=success batchOutcome=not_applicable comment=matched benchmark update purpose=runtime: read authoritative persisted mutation result auditReason=matched benchmark update tracePath=[0:OPERATION:Merchant=query -> 1:REQUEST:Merchant= -> 2:PROVIDER:postgresql= -> 3:SQL:select=] mutationLineage=[0:AUDIT_REASON:Merchant#1=matched benchmark update]
SQL: -- TeaQL PLAIN
SELECT * FROM merchant_data WHERE id = 1
[TeaQL SQL][query][439us] 1 rows returned outcome=success batchOutcome=not_applicable comment=matched merchant read with relation purpose=matched benchmark read auditReason= tracePath=[0:OPERATION:Merchant=query -> 1:REQUEST:Merchant= -> 2:PROVIDER:postgresql= -> 3:SQL:select=] mutationLineage=[]
SQL: -- TeaQL PLAIN
SELECT id, name, code, external_id AS externalId, task_life_hours AS taskLifeHours, version, platform FROM merchant_data WHERE (version > 0) AND (external_id = 'matched-merchant') LIMIT 1000 OFFSET 0
[TeaQL SQL][query][372us] 1 rows returned outcome=success batchOutcome=not_applicable comment=matched merchant read with relation purpose=matched benchmark read auditReason= tracePath=[0:OPERATION:Merchant=query -> 1:REQUEST:Merchant= -> 2:RELATION:platform=Merchant.platform -> 3:PROVIDER:postgresql= -> 4:SQL:select=] mutationLineage=[]
SQL: -- TeaQL PLAIN
SELECT id, create_time AS createTime, last_update_time AS lastUpdateTime, name, version FROM platform_data WHERE (version > 0) AND (id = 1) LIMIT 1 OFFSET 0
[TeaQL SQL][query][689us] 1 rows returned outcome=success batchOutcome=not_applicable comment=matched update lookup purpose=matched benchmark write auditReason= tracePath=[0:OPERATION:Merchant=query -> 1:REQUEST:Merchant= -> 2:PROVIDER:postgresql= -> 3:SQL:select=] mutationLineage=[]
SQL: -- TeaQL PLAIN
SELECT id, name, code, external_id AS externalId, task_life_hours AS taskLifeHours, platform, version FROM merchant_data WHERE (version > 0) AND (external_id = 'matched-merchant') LIMIT 1000 OFFSET 0
[TeaQL SQL][mutation][584us] 1 rows affected outcome=success batchOutcome=not_applicable comment= purpose= auditReason=matched benchmark update tracePath=[0:OPERATION:Merchant=mutation -> 1:ENTITY:Merchant= -> 2:PROVIDER:postgresql= -> 3:SQL:update=] mutationLineage=[0:AUDIT_REASON:Merchant#1=matched benchmark update]
SQL: -- TeaQL PLAIN
UPDATE merchant_data SET task_life_hours = 49 , version = 470 WHERE id = 1 AND version = 469
[TeaQL SQL][query][394us] 1 rows returned outcome=success batchOutcome=not_applicable comment=matched benchmark update purpose=runtime: read authoritative persisted mutation result auditReason=matched benchmark update tracePath=[0:OPERATION:Merchant=query -> 1:REQUEST:Merchant= -> 2:PROVIDER:postgresql= -> 3:SQL:select=] mutationLineage=[0:AUDIT_REASON:Merchant#1=matched benchmark update]
SQL: -- TeaQL PLAIN
SELECT * FROM merchant_data WHERE id = 1
[TeaQL SQL][query][417us] 1 rows returned outcome=success batchOutcome=not_applicable comment=matched merchant read with relation purpose=matched benchmark read auditReason= tracePath=[0:OPERATION:Merchant=query -> 1:REQUEST:Merchant= -> 2:PROVIDER:postgresql= -> 3:SQL:select=] mutationLineage=[]
SQL: -- TeaQL PLAIN
SELECT id, name, code, external_id AS externalId, task_life_hours AS taskLifeHours, version, platform FROM merchant_data WHERE (version > 0) AND (external_id = 'matched-merchant') LIMIT 1000 OFFSET 0
[TeaQL SQL][query][226us] 1 rows returned outcome=success batchOutcome=not_applicable comment=matched merchant read with relation purpose=matched benchmark read auditReason= tracePath=[0:OPERATION:Merchant=query -> 1:REQUEST:Merchant= -> 2:RELATION:platform=Merchant.platform -> 3:PROVIDER:postgresql= -> 4:SQL:select=] mutationLineage=[]
SQL: -- TeaQL PLAIN
SELECT id, create_time AS createTime, last_update_time AS lastUpdateTime, name, version FROM platform_data WHERE (version > 0) AND (id = 1) LIMIT 1 OFFSET 0
[TeaQL SQL][query][685us] 1 rows returned outcome=success batchOutcome=not_applicable comment=matched update lookup purpose=matched benchmark write auditReason= tracePath=[0:OPERATION:Merchant=query -> 1:REQUEST:Merchant= -> 2:PROVIDER:postgresql= -> 3:SQL:select=] mutationLineage=[]
SQL: -- TeaQL PLAIN
SELECT id, name, code, external_id AS externalId, task_life_hours AS taskLifeHours, platform, version FROM merchant_data WHERE (version > 0) AND (external_id = 'matched-merchant') LIMIT 1000 OFFSET 0
[TeaQL SQL][mutation][620us] 1 rows affected outcome=success batchOutcome=not_applicable comment= purpose= auditReason=matched benchmark update tracePath=[0:OPERATION:Merchant=mutation -> 1:ENTITY:Merchant= -> 2:PROVIDER:postgresql= -> 3:SQL:update=] mutationLineage=[0:AUDIT_REASON:Merchant#1=matched benchmark update]
SQL: -- TeaQL PLAIN
UPDATE merchant_data SET task_life_hours = 48 , version = 471 WHERE id = 1 AND version = 470
[TeaQL SQL][query][355us] 1 rows returned outcome=success batchOutcome=not_applicable comment=matched benchmark update purpose=runtime: read authoritative persisted mutation result auditReason=matched benchmark update tracePath=[0:OPERATION:Merchant=query -> 1:REQUEST:Merchant= -> 2:PROVIDER:postgresql= -> 3:SQL:select=] mutationLineage=[0:AUDIT_REASON:Merchant#1=matched benchmark update]
SQL: -- TeaQL PLAIN
SELECT * FROM merchant_data WHERE id = 1
[TeaQL SQL][query][289us] 1 rows returned outcome=success batchOutcome=not_applicable comment=matched merchant read with relation purpose=matched benchmark read auditReason= tracePath=[0:OPERATION:Merchant=query -> 1:REQUEST:Merchant= -> 2:PROVIDER:postgresql= -> 3:SQL:select=] mutationLineage=[]
SQL: -- TeaQL PLAIN
SELECT id, name, code, external_id AS externalId, task_life_hours AS taskLifeHours, version, platform FROM merchant_data WHERE (version > 0) AND (external_id = 'matched-merchant') LIMIT 1000 OFFSET 0
[TeaQL SQL][query][218us] 1 rows returned outcome=success batchOutcome=not_applicable comment=matched merchant read with relation purpose=matched benchmark read auditReason= tracePath=[0:OPERATION:Merchant=query -> 1:REQUEST:Merchant= -> 2:RELATION:platform=Merchant.platform -> 3:PROVIDER:postgresql= -> 4:SQL:select=] mutationLineage=[]
SQL: -- TeaQL PLAIN
SELECT id, create_time AS createTime, last_update_time AS lastUpdateTime, name, version FROM platform_data WHERE (version > 0) AND (id = 1) LIMIT 1 OFFSET 0
[TeaQL SQL][query][826us] 1 rows returned outcome=success batchOutcome=not_applicable comment=matched update lookup purpose=matched benchmark write auditReason= tracePath=[0:OPERATION:Merchant=query -> 1:REQUEST:Merchant= -> 2:PROVIDER:postgresql= -> 3:SQL:select=] mutationLineage=[]
SQL: -- TeaQL PLAIN
SELECT id, name, code, external_id AS externalId, task_life_hours AS taskLifeHours, platform, version FROM merchant_data WHERE (version > 0) AND (external_id = 'matched-merchant') LIMIT 1000 OFFSET 0
[TeaQL SQL][mutation][476us] 1 rows affected outcome=success batchOutcome=not_applicable comment= purpose= auditReason=matched benchmark update tracePath=[0:OPERATION:Merchant=mutation -> 1:ENTITY:Merchant= -> 2:PROVIDER:postgresql= -> 3:SQL:update=] mutationLineage=[0:AUDIT_REASON:Merchant#1=matched benchmark update]
SQL: -- TeaQL PLAIN
UPDATE merchant_data SET task_life_hours = 49 , version = 472 WHERE id = 1 AND version = 471
[TeaQL SQL][query][387us] 1 rows returned outcome=success batchOutcome=not_applicable comment=matched benchmark update purpose=runtime: read authoritative persisted mutation result auditReason=matched benchmark update tracePath=[0:OPERATION:Merchant=query -> 1:REQUEST:Merchant= -> 2:PROVIDER:postgresql= -> 3:SQL:select=] mutationLineage=[0:AUDIT_REASON:Merchant#1=matched benchmark update]
SQL: -- TeaQL PLAIN
SELECT * FROM merchant_data WHERE id = 1
[TeaQL SQL][query][257us] 1 rows returned outcome=success batchOutcome=not_applicable comment=matched merchant read with relation purpose=matched benchmark read auditReason= tracePath=[0:OPERATION:Merchant=query -> 1:REQUEST:Merchant= -> 2:PROVIDER:postgresql= -> 3:SQL:select=] mutationLineage=[]
SQL: -- TeaQL PLAIN
SELECT id, name, code, external_id AS externalId, task_life_hours AS taskLifeHours, version, platform FROM merchant_data WHERE (version > 0) AND (external_id = 'matched-merchant') LIMIT 1000 OFFSET 0
[TeaQL SQL][query][278us] 1 rows returned outcome=success batchOutcome=not_applicable comment=matched merchant read with relation purpose=matched benchmark read auditReason= tracePath=[0:OPERATION:Merchant=query -> 1:REQUEST:Merchant= -> 2:RELATION:platform=Merchant.platform -> 3:PROVIDER:postgresql= -> 4:SQL:select=] mutationLineage=[]
SQL: -- TeaQL PLAIN
SELECT id, create_time AS createTime, last_update_time AS lastUpdateTime, name, version FROM platform_data WHERE (version > 0) AND (id = 1) LIMIT 1 OFFSET 0
[TeaQL SQL][query][332us] 1 rows returned outcome=success batchOutcome=not_applicable comment=matched update lookup purpose=matched benchmark write auditReason= tracePath=[0:OPERATION:Merchant=query -> 1:REQUEST:Merchant= -> 2:PROVIDER:postgresql= -> 3:SQL:select=] mutationLineage=[]
SQL: -- TeaQL PLAIN
SELECT id, name, code, external_id AS externalId, task_life_hours AS taskLifeHours, platform, version FROM merchant_data WHERE (version > 0) AND (external_id = 'matched-merchant') LIMIT 1000 OFFSET 0
[TeaQL SQL][mutation][274us] 1 rows affected outcome=success batchOutcome=not_applicable comment= purpose= auditReason=matched benchmark update tracePath=[0:OPERATION:Merchant=mutation -> 1:ENTITY:Merchant= -> 2:PROVIDER:postgresql= -> 3:SQL:update=] mutationLineage=[0:AUDIT_REASON:Merchant#1=matched benchmark update]
SQL: -- TeaQL PLAIN
UPDATE merchant_data SET task_life_hours = 48 , version = 473 WHERE id = 1 AND version = 472
[TeaQL SQL][query][210us] 1 rows returned outcome=success batchOutcome=not_applicable comment=matched benchmark update purpose=runtime: read authoritative persisted mutation result auditReason=matched benchmark update tracePath=[0:OPERATION:Merchant=query -> 1:REQUEST:Merchant= -> 2:PROVIDER:postgresql= -> 3:SQL:select=] mutationLineage=[0:AUDIT_REASON:Merchant#1=matched benchmark update]
SQL: -- TeaQL PLAIN
SELECT * FROM merchant_data WHERE id = 1
[TeaQL SQL][query][318us] 1 rows returned outcome=success batchOutcome=not_applicable comment=matched merchant read with relation purpose=matched benchmark read auditReason= tracePath=[0:OPERATION:Merchant=query -> 1:REQUEST:Merchant= -> 2:PROVIDER:postgresql= -> 3:SQL:select=] mutationLineage=[]
SQL: -- TeaQL PLAIN
SELECT id, name, code, external_id AS externalId, task_life_hours AS taskLifeHours, version, platform FROM merchant_data WHERE (version > 0) AND (external_id = 'matched-merchant') LIMIT 1000 OFFSET 0
[TeaQL SQL][query][363us] 1 rows returned outcome=success batchOutcome=not_applicable comment=matched merchant read with relation purpose=matched benchmark read auditReason= tracePath=[0:OPERATION:Merchant=query -> 1:REQUEST:Merchant= -> 2:RELATION:platform=Merchant.platform -> 3:PROVIDER:postgresql= -> 4:SQL:select=] mutationLineage=[]
SQL: -- TeaQL PLAIN
SELECT id, create_time AS createTime, last_update_time AS lastUpdateTime, name, version FROM platform_data WHERE (version > 0) AND (id = 1) LIMIT 1 OFFSET 0
[TeaQL SQL][query][519us] 1 rows returned outcome=success batchOutcome=not_applicable comment=matched update lookup purpose=matched benchmark write auditReason= tracePath=[0:OPERATION:Merchant=query -> 1:REQUEST:Merchant= -> 2:PROVIDER:postgresql= -> 3:SQL:select=] mutationLineage=[]
SQL: -- TeaQL PLAIN
SELECT id, name, code, external_id AS externalId, task_life_hours AS taskLifeHours, platform, version FROM merchant_data WHERE (version > 0) AND (external_id = 'matched-merchant') LIMIT 1000 OFFSET 0
[TeaQL SQL][mutation][363us] 1 rows affected outcome=success batchOutcome=not_applicable comment= purpose= auditReason=matched benchmark update tracePath=[0:OPERATION:Merchant=mutation -> 1:ENTITY:Merchant= -> 2:PROVIDER:postgresql= -> 3:SQL:update=] mutationLineage=[0:AUDIT_REASON:Merchant#1=matched benchmark update]
SQL: -- TeaQL PLAIN
UPDATE merchant_data SET task_life_hours = 49 , version = 474 WHERE id = 1 AND version = 473
[TeaQL SQL][query][269us] 1 rows returned outcome=success batchOutcome=not_applicable comment=matched benchmark update purpose=runtime: read authoritative persisted mutation result auditReason=matched benchmark update tracePath=[0:OPERATION:Merchant=query -> 1:REQUEST:Merchant= -> 2:PROVIDER:postgresql= -> 3:SQL:select=] mutationLineage=[0:AUDIT_REASON:Merchant#1=matched benchmark update]
SQL: -- TeaQL PLAIN
SELECT * FROM merchant_data WHERE id = 1
[TeaQL SQL][query][244us] 1 rows returned outcome=success batchOutcome=not_applicable comment=matched merchant read with relation purpose=matched benchmark read auditReason= tracePath=[0:OPERATION:Merchant=query -> 1:REQUEST:Merchant= -> 2:PROVIDER:postgresql= -> 3:SQL:select=] mutationLineage=[]
SQL: -- TeaQL PLAIN
SELECT id, name, code, external_id AS externalId, task_life_hours AS taskLifeHours, version, platform FROM merchant_data WHERE (version > 0) AND (external_id = 'matched-merchant') LIMIT 1000 OFFSET 0
[TeaQL SQL][query][222us] 1 rows returned outcome=success batchOutcome=not_applicable comment=matched merchant read with relation purpose=matched benchmark read auditReason= tracePath=[0:OPERATION:Merchant=query -> 1:REQUEST:Merchant= -> 2:RELATION:platform=Merchant.platform -> 3:PROVIDER:postgresql= -> 4:SQL:select=] mutationLineage=[]
SQL: -- TeaQL PLAIN
SELECT id, create_time AS createTime, last_update_time AS lastUpdateTime, name, version FROM platform_data WHERE (version > 0) AND (id = 1) LIMIT 1 OFFSET 0
[TeaQL SQL][query][658us] 1 rows returned outcome=success batchOutcome=not_applicable comment=matched update lookup purpose=matched benchmark write auditReason= tracePath=[0:OPERATION:Merchant=query -> 1:REQUEST:Merchant= -> 2:PROVIDER:postgresql= -> 3:SQL:select=] mutationLineage=[]
SQL: -- TeaQL PLAIN
SELECT id, name, code, external_id AS externalId, task_life_hours AS taskLifeHours, platform, version FROM merchant_data WHERE (version > 0) AND (external_id = 'matched-merchant') LIMIT 1000 OFFSET 0
[TeaQL SQL][mutation][451us] 1 rows affected outcome=success batchOutcome=not_applicable comment= purpose= auditReason=matched benchmark update tracePath=[0:OPERATION:Merchant=mutation -> 1:ENTITY:Merchant= -> 2:PROVIDER:postgresql= -> 3:SQL:update=] mutationLineage=[0:AUDIT_REASON:Merchant#1=matched benchmark update]
SQL: -- TeaQL PLAIN
UPDATE merchant_data SET task_life_hours = 48 , version = 475 WHERE id = 1 AND version = 474
[TeaQL SQL][query][454us] 1 rows returned outcome=success batchOutcome=not_applicable comment=matched benchmark update purpose=runtime: read authoritative persisted mutation result auditReason=matched benchmark update tracePath=[0:OPERATION:Merchant=query -> 1:REQUEST:Merchant= -> 2:PROVIDER:postgresql= -> 3:SQL:select=] mutationLineage=[0:AUDIT_REASON:Merchant#1=matched benchmark update]
SQL: -- TeaQL PLAIN
SELECT * FROM merchant_data WHERE id = 1
[TeaQL SQL][query][345us] 1 rows returned outcome=success batchOutcome=not_applicable comment=matched merchant read with relation purpose=matched benchmark read auditReason= tracePath=[0:OPERATION:Merchant=query -> 1:REQUEST:Merchant= -> 2:PROVIDER:postgresql= -> 3:SQL:select=] mutationLineage=[]
SQL: -- TeaQL PLAIN
SELECT id, name, code, external_id AS externalId, task_life_hours AS taskLifeHours, version, platform FROM merchant_data WHERE (version > 0) AND (external_id = 'matched-merchant') LIMIT 1000 OFFSET 0
[TeaQL SQL][query][284us] 1 rows returned outcome=success batchOutcome=not_applicable comment=matched merchant read with relation purpose=matched benchmark read auditReason= tracePath=[0:OPERATION:Merchant=query -> 1:REQUEST:Merchant= -> 2:RELATION:platform=Merchant.platform -> 3:PROVIDER:postgresql= -> 4:SQL:select=] mutationLineage=[]
SQL: -- TeaQL PLAIN
SELECT id, create_time AS createTime, last_update_time AS lastUpdateTime, name, version FROM platform_data WHERE (version > 0) AND (id = 1) LIMIT 1 OFFSET 0
[TeaQL SQL][query][585us] 1 rows returned outcome=success batchOutcome=not_applicable comment=matched update lookup purpose=matched benchmark write auditReason= tracePath=[0:OPERATION:Merchant=query -> 1:REQUEST:Merchant= -> 2:PROVIDER:postgresql= -> 3:SQL:select=] mutationLineage=[]
SQL: -- TeaQL PLAIN
SELECT id, name, code, external_id AS externalId, task_life_hours AS taskLifeHours, platform, version FROM merchant_data WHERE (version > 0) AND (external_id = 'matched-merchant') LIMIT 1000 OFFSET 0
[TeaQL SQL][mutation][530us] 1 rows affected outcome=success batchOutcome=not_applicable comment= purpose= auditReason=matched benchmark update tracePath=[0:OPERATION:Merchant=mutation -> 1:ENTITY:Merchant= -> 2:PROVIDER:postgresql= -> 3:SQL:update=] mutationLineage=[0:AUDIT_REASON:Merchant#1=matched benchmark update]
SQL: -- TeaQL PLAIN
UPDATE merchant_data SET task_life_hours = 49 , version = 476 WHERE id = 1 AND version = 475
[TeaQL SQL][query][388us] 1 rows returned outcome=success batchOutcome=not_applicable comment=matched benchmark update purpose=runtime: read authoritative persisted mutation result auditReason=matched benchmark update tracePath=[0:OPERATION:Merchant=query -> 1:REQUEST:Merchant= -> 2:PROVIDER:postgresql= -> 3:SQL:select=] mutationLineage=[0:AUDIT_REASON:Merchant#1=matched benchmark update]
SQL: -- TeaQL PLAIN
SELECT * FROM merchant_data WHERE id = 1
[TeaQL SQL][query][320us] 1 rows returned outcome=success batchOutcome=not_applicable comment=matched merchant read with relation purpose=matched benchmark read auditReason= tracePath=[0:OPERATION:Merchant=query -> 1:REQUEST:Merchant= -> 2:PROVIDER:postgresql= -> 3:SQL:select=] mutationLineage=[]
SQL: -- TeaQL PLAIN
SELECT id, name, code, external_id AS externalId, task_life_hours AS taskLifeHours, version, platform FROM merchant_data WHERE (version > 0) AND (external_id = 'matched-merchant') LIMIT 1000 OFFSET 0
[TeaQL SQL][query][244us] 1 rows returned outcome=success batchOutcome=not_applicable comment=matched merchant read with relation purpose=matched benchmark read auditReason= tracePath=[0:OPERATION:Merchant=query -> 1:REQUEST:Merchant= -> 2:RELATION:platform=Merchant.platform -> 3:PROVIDER:postgresql= -> 4:SQL:select=] mutationLineage=[]
SQL: -- TeaQL PLAIN
SELECT id, create_time AS createTime, last_update_time AS lastUpdateTime, name, version FROM platform_data WHERE (version > 0) AND (id = 1) LIMIT 1 OFFSET 0
[TeaQL SQL][query][458us] 1 rows returned outcome=success batchOutcome=not_applicable comment=matched update lookup purpose=matched benchmark write auditReason= tracePath=[0:OPERATION:Merchant=query -> 1:REQUEST:Merchant= -> 2:PROVIDER:postgresql= -> 3:SQL:select=] mutationLineage=[]
SQL: -- TeaQL PLAIN
SELECT id, name, code, external_id AS externalId, task_life_hours AS taskLifeHours, platform, version FROM merchant_data WHERE (version > 0) AND (external_id = 'matched-merchant') LIMIT 1000 OFFSET 0
[TeaQL SQL][mutation][342us] 1 rows affected outcome=success batchOutcome=not_applicable comment= purpose= auditReason=matched benchmark update tracePath=[0:OPERATION:Merchant=mutation -> 1:ENTITY:Merchant= -> 2:PROVIDER:postgresql= -> 3:SQL:update=] mutationLineage=[0:AUDIT_REASON:Merchant#1=matched benchmark update]
SQL: -- TeaQL PLAIN
UPDATE merchant_data SET task_life_hours = 48 , version = 477 WHERE id = 1 AND version = 476
[TeaQL SQL][query][280us] 1 rows returned outcome=success batchOutcome=not_applicable comment=matched benchmark update purpose=runtime: read authoritative persisted mutation result auditReason=matched benchmark update tracePath=[0:OPERATION:Merchant=query -> 1:REQUEST:Merchant= -> 2:PROVIDER:postgresql= -> 3:SQL:select=] mutationLineage=[0:AUDIT_REASON:Merchant#1=matched benchmark update]
SQL: -- TeaQL PLAIN
SELECT * FROM merchant_data WHERE id = 1
[TeaQL SQL][query][349us] 1 rows returned outcome=success batchOutcome=not_applicable comment=matched merchant read with relation purpose=matched benchmark read auditReason= tracePath=[0:OPERATION:Merchant=query -> 1:REQUEST:Merchant= -> 2:PROVIDER:postgresql= -> 3:SQL:select=] mutationLineage=[]
SQL: -- TeaQL PLAIN
SELECT id, name, code, external_id AS externalId, task_life_hours AS taskLifeHours, version, platform FROM merchant_data WHERE (version > 0) AND (external_id = 'matched-merchant') LIMIT 1000 OFFSET 0
[TeaQL SQL][query][312us] 1 rows returned outcome=success batchOutcome=not_applicable comment=matched merchant read with relation purpose=matched benchmark read auditReason= tracePath=[0:OPERATION:Merchant=query -> 1:REQUEST:Merchant= -> 2:RELATION:platform=Merchant.platform -> 3:PROVIDER:postgresql= -> 4:SQL:select=] mutationLineage=[]
SQL: -- TeaQL PLAIN
SELECT id, create_time AS createTime, last_update_time AS lastUpdateTime, name, version FROM platform_data WHERE (version > 0) AND (id = 1) LIMIT 1 OFFSET 0
[TeaQL SQL][query][665us] 1 rows returned outcome=success batchOutcome=not_applicable comment=matched update lookup purpose=matched benchmark write auditReason= tracePath=[0:OPERATION:Merchant=query -> 1:REQUEST:Merchant= -> 2:PROVIDER:postgresql= -> 3:SQL:select=] mutationLineage=[]
SQL: -- TeaQL PLAIN
SELECT id, name, code, external_id AS externalId, task_life_hours AS taskLifeHours, platform, version FROM merchant_data WHERE (version > 0) AND (external_id = 'matched-merchant') LIMIT 1000 OFFSET 0
[TeaQL SQL][mutation][483us] 1 rows affected outcome=success batchOutcome=not_applicable comment= purpose= auditReason=matched benchmark update tracePath=[0:OPERATION:Merchant=mutation -> 1:ENTITY:Merchant= -> 2:PROVIDER:postgresql= -> 3:SQL:update=] mutationLineage=[0:AUDIT_REASON:Merchant#1=matched benchmark update]
SQL: -- TeaQL PLAIN
UPDATE merchant_data SET task_life_hours = 49 , version = 478 WHERE id = 1 AND version = 477
[TeaQL SQL][query][445us] 1 rows returned outcome=success batchOutcome=not_applicable comment=matched benchmark update purpose=runtime: read authoritative persisted mutation result auditReason=matched benchmark update tracePath=[0:OPERATION:Merchant=query -> 1:REQUEST:Merchant= -> 2:PROVIDER:postgresql= -> 3:SQL:select=] mutationLineage=[0:AUDIT_REASON:Merchant#1=matched benchmark update]
SQL: -- TeaQL PLAIN
SELECT * FROM merchant_data WHERE id = 1
[TeaQL SQL][query][303us] 1 rows returned outcome=success batchOutcome=not_applicable comment=matched merchant read with relation purpose=matched benchmark read auditReason= tracePath=[0:OPERATION:Merchant=query -> 1:REQUEST:Merchant= -> 2:PROVIDER:postgresql= -> 3:SQL:select=] mutationLineage=[]
SQL: -- TeaQL PLAIN
SELECT id, name, code, external_id AS externalId, task_life_hours AS taskLifeHours, version, platform FROM merchant_data WHERE (version > 0) AND (external_id = 'matched-merchant') LIMIT 1000 OFFSET 0
[TeaQL SQL][query][276us] 1 rows returned outcome=success batchOutcome=not_applicable comment=matched merchant read with relation purpose=matched benchmark read auditReason= tracePath=[0:OPERATION:Merchant=query -> 1:REQUEST:Merchant= -> 2:RELATION:platform=Merchant.platform -> 3:PROVIDER:postgresql= -> 4:SQL:select=] mutationLineage=[]
SQL: -- TeaQL PLAIN
SELECT id, create_time AS createTime, last_update_time AS lastUpdateTime, name, version FROM platform_data WHERE (version > 0) AND (id = 1) LIMIT 1 OFFSET 0
[TeaQL SQL][query][658us] 1 rows returned outcome=success batchOutcome=not_applicable comment=matched update lookup purpose=matched benchmark write auditReason= tracePath=[0:OPERATION:Merchant=query -> 1:REQUEST:Merchant= -> 2:PROVIDER:postgresql= -> 3:SQL:select=] mutationLineage=[]
SQL: -- TeaQL PLAIN
SELECT id, name, code, external_id AS externalId, task_life_hours AS taskLifeHours, platform, version FROM merchant_data WHERE (version > 0) AND (external_id = 'matched-merchant') LIMIT 1000 OFFSET 0
[TeaQL SQL][mutation][712us] 1 rows affected outcome=success batchOutcome=not_applicable comment= purpose= auditReason=matched benchmark update tracePath=[0:OPERATION:Merchant=mutation -> 1:ENTITY:Merchant= -> 2:PROVIDER:postgresql= -> 3:SQL:update=] mutationLineage=[0:AUDIT_REASON:Merchant#1=matched benchmark update]
SQL: -- TeaQL PLAIN
UPDATE merchant_data SET task_life_hours = 48 , version = 479 WHERE id = 1 AND version = 478
[TeaQL SQL][query][581us] 1 rows returned outcome=success batchOutcome=not_applicable comment=matched benchmark update purpose=runtime: read authoritative persisted mutation result auditReason=matched benchmark update tracePath=[0:OPERATION:Merchant=query -> 1:REQUEST:Merchant= -> 2:PROVIDER:postgresql= -> 3:SQL:select=] mutationLineage=[0:AUDIT_REASON:Merchant#1=matched benchmark update]
SQL: -- TeaQL PLAIN
SELECT * FROM merchant_data WHERE id = 1
[TeaQL SQL][query][333us] 1 rows returned outcome=success batchOutcome=not_applicable comment=matched merchant read with relation purpose=matched benchmark read auditReason= tracePath=[0:OPERATION:Merchant=query -> 1:REQUEST:Merchant= -> 2:PROVIDER:postgresql= -> 3:SQL:select=] mutationLineage=[]
SQL: -- TeaQL PLAIN
SELECT id, name, code, external_id AS externalId, task_life_hours AS taskLifeHours, version, platform FROM merchant_data WHERE (version > 0) AND (external_id = 'matched-merchant') LIMIT 1000 OFFSET 0
[TeaQL SQL][query][301us] 1 rows returned outcome=success batchOutcome=not_applicable comment=matched merchant read with relation purpose=matched benchmark read auditReason= tracePath=[0:OPERATION:Merchant=query -> 1:REQUEST:Merchant= -> 2:RELATION:platform=Merchant.platform -> 3:PROVIDER:postgresql= -> 4:SQL:select=] mutationLineage=[]
SQL: -- TeaQL PLAIN
SELECT id, create_time AS createTime, last_update_time AS lastUpdateTime, name, version FROM platform_data WHERE (version > 0) AND (id = 1) LIMIT 1 OFFSET 0
[TeaQL SQL][query][553us] 1 rows returned outcome=success batchOutcome=not_applicable comment=matched update lookup purpose=matched benchmark write auditReason= tracePath=[0:OPERATION:Merchant=query -> 1:REQUEST:Merchant= -> 2:PROVIDER:postgresql= -> 3:SQL:select=] mutationLineage=[]
SQL: -- TeaQL PLAIN
SELECT id, name, code, external_id AS externalId, task_life_hours AS taskLifeHours, platform, version FROM merchant_data WHERE (version > 0) AND (external_id = 'matched-merchant') LIMIT 1000 OFFSET 0
[TeaQL SQL][mutation][442us] 1 rows affected outcome=success batchOutcome=not_applicable comment= purpose= auditReason=matched benchmark update tracePath=[0:OPERATION:Merchant=mutation -> 1:ENTITY:Merchant= -> 2:PROVIDER:postgresql= -> 3:SQL:update=] mutationLineage=[0:AUDIT_REASON:Merchant#1=matched benchmark update]
SQL: -- TeaQL PLAIN
UPDATE merchant_data SET task_life_hours = 49 , version = 480 WHERE id = 1 AND version = 479
[TeaQL SQL][query][319us] 1 rows returned outcome=success batchOutcome=not_applicable comment=matched benchmark update purpose=runtime: read authoritative persisted mutation result auditReason=matched benchmark update tracePath=[0:OPERATION:Merchant=query -> 1:REQUEST:Merchant= -> 2:PROVIDER:postgresql= -> 3:SQL:select=] mutationLineage=[0:AUDIT_REASON:Merchant#1=matched benchmark update]
SQL: -- TeaQL PLAIN
SELECT * FROM merchant_data WHERE id = 1
[TeaQL SQL][query][412us] 1 rows returned outcome=success batchOutcome=not_applicable comment=matched merchant read with relation purpose=matched benchmark read auditReason= tracePath=[0:OPERATION:Merchant=query -> 1:REQUEST:Merchant= -> 2:PROVIDER:postgresql= -> 3:SQL:select=] mutationLineage=[]
SQL: -- TeaQL PLAIN
SELECT id, name, code, external_id AS externalId, task_life_hours AS taskLifeHours, version, platform FROM merchant_data WHERE (version > 0) AND (external_id = 'matched-merchant') LIMIT 1000 OFFSET 0
[TeaQL SQL][query][279us] 1 rows returned outcome=success batchOutcome=not_applicable comment=matched merchant read with relation purpose=matched benchmark read auditReason= tracePath=[0:OPERATION:Merchant=query -> 1:REQUEST:Merchant= -> 2:RELATION:platform=Merchant.platform -> 3:PROVIDER:postgresql= -> 4:SQL:select=] mutationLineage=[]
SQL: -- TeaQL PLAIN
SELECT id, create_time AS createTime, last_update_time AS lastUpdateTime, name, version FROM platform_data WHERE (version > 0) AND (id = 1) LIMIT 1 OFFSET 0
[TeaQL SQL][query][497us] 1 rows returned outcome=success batchOutcome=not_applicable comment=matched update lookup purpose=matched benchmark write auditReason= tracePath=[0:OPERATION:Merchant=query -> 1:REQUEST:Merchant= -> 2:PROVIDER:postgresql= -> 3:SQL:select=] mutationLineage=[]
SQL: -- TeaQL PLAIN
SELECT id, name, code, external_id AS externalId, task_life_hours AS taskLifeHours, platform, version FROM merchant_data WHERE (version > 0) AND (external_id = 'matched-merchant') LIMIT 1000 OFFSET 0
[TeaQL SQL][mutation][346us] 1 rows affected outcome=success batchOutcome=not_applicable comment= purpose= auditReason=matched benchmark update tracePath=[0:OPERATION:Merchant=mutation -> 1:ENTITY:Merchant= -> 2:PROVIDER:postgresql= -> 3:SQL:update=] mutationLineage=[0:AUDIT_REASON:Merchant#1=matched benchmark update]
SQL: -- TeaQL PLAIN
UPDATE merchant_data SET task_life_hours = 48 , version = 481 WHERE id = 1 AND version = 480
[TeaQL SQL][query][318us] 1 rows returned outcome=success batchOutcome=not_applicable comment=matched benchmark update purpose=runtime: read authoritative persisted mutation result auditReason=matched benchmark update tracePath=[0:OPERATION:Merchant=query -> 1:REQUEST:Merchant= -> 2:PROVIDER:postgresql= -> 3:SQL:select=] mutationLineage=[0:AUDIT_REASON:Merchant#1=matched benchmark update]
SQL: -- TeaQL PLAIN
SELECT * FROM merchant_data WHERE id = 1
[TeaQL SQL][query][468us] 1 rows returned outcome=success batchOutcome=not_applicable comment=matched merchant read with relation purpose=matched benchmark read auditReason= tracePath=[0:OPERATION:Merchant=query -> 1:REQUEST:Merchant= -> 2:PROVIDER:postgresql= -> 3:SQL:select=] mutationLineage=[]
SQL: -- TeaQL PLAIN
SELECT id, name, code, external_id AS externalId, task_life_hours AS taskLifeHours, version, platform FROM merchant_data WHERE (version > 0) AND (external_id = 'matched-merchant') LIMIT 1000 OFFSET 0
[TeaQL SQL][query][340us] 1 rows returned outcome=success batchOutcome=not_applicable comment=matched merchant read with relation purpose=matched benchmark read auditReason= tracePath=[0:OPERATION:Merchant=query -> 1:REQUEST:Merchant= -> 2:RELATION:platform=Merchant.platform -> 3:PROVIDER:postgresql= -> 4:SQL:select=] mutationLineage=[]
SQL: -- TeaQL PLAIN
SELECT id, create_time AS createTime, last_update_time AS lastUpdateTime, name, version FROM platform_data WHERE (version > 0) AND (id = 1) LIMIT 1 OFFSET 0
[TeaQL SQL][query][596us] 1 rows returned outcome=success batchOutcome=not_applicable comment=matched update lookup purpose=matched benchmark write auditReason= tracePath=[0:OPERATION:Merchant=query -> 1:REQUEST:Merchant= -> 2:PROVIDER:postgresql= -> 3:SQL:select=] mutationLineage=[]
SQL: -- TeaQL PLAIN
SELECT id, name, code, external_id AS externalId, task_life_hours AS taskLifeHours, platform, version FROM merchant_data WHERE (version > 0) AND (external_id = 'matched-merchant') LIMIT 1000 OFFSET 0
[TeaQL SQL][mutation][426us] 1 rows affected outcome=success batchOutcome=not_applicable comment= purpose= auditReason=matched benchmark update tracePath=[0:OPERATION:Merchant=mutation -> 1:ENTITY:Merchant= -> 2:PROVIDER:postgresql= -> 3:SQL:update=] mutationLineage=[0:AUDIT_REASON:Merchant#1=matched benchmark update]
SQL: -- TeaQL PLAIN
UPDATE merchant_data SET task_life_hours = 49 , version = 482 WHERE id = 1 AND version = 481
[TeaQL SQL][query][387us] 1 rows returned outcome=success batchOutcome=not_applicable comment=matched benchmark update purpose=runtime: read authoritative persisted mutation result auditReason=matched benchmark update tracePath=[0:OPERATION:Merchant=query -> 1:REQUEST:Merchant= -> 2:PROVIDER:postgresql= -> 3:SQL:select=] mutationLineage=[0:AUDIT_REASON:Merchant#1=matched benchmark update]
SQL: -- TeaQL PLAIN
SELECT * FROM merchant_data WHERE id = 1
[TeaQL SQL][query][370us] 1 rows returned outcome=success batchOutcome=not_applicable comment=matched merchant read with relation purpose=matched benchmark read auditReason= tracePath=[0:OPERATION:Merchant=query -> 1:REQUEST:Merchant= -> 2:PROVIDER:postgresql= -> 3:SQL:select=] mutationLineage=[]
SQL: -- TeaQL PLAIN
SELECT id, name, code, external_id AS externalId, task_life_hours AS taskLifeHours, version, platform FROM merchant_data WHERE (version > 0) AND (external_id = 'matched-merchant') LIMIT 1000 OFFSET 0
[TeaQL SQL][query][290us] 1 rows returned outcome=success batchOutcome=not_applicable comment=matched merchant read with relation purpose=matched benchmark read auditReason= tracePath=[0:OPERATION:Merchant=query -> 1:REQUEST:Merchant= -> 2:RELATION:platform=Merchant.platform -> 3:PROVIDER:postgresql= -> 4:SQL:select=] mutationLineage=[]
SQL: -- TeaQL PLAIN
SELECT id, create_time AS createTime, last_update_time AS lastUpdateTime, name, version FROM platform_data WHERE (version > 0) AND (id = 1) LIMIT 1 OFFSET 0
[TeaQL SQL][query][617us] 1 rows returned outcome=success batchOutcome=not_applicable comment=matched update lookup purpose=matched benchmark write auditReason= tracePath=[0:OPERATION:Merchant=query -> 1:REQUEST:Merchant= -> 2:PROVIDER:postgresql= -> 3:SQL:select=] mutationLineage=[]
SQL: -- TeaQL PLAIN
SELECT id, name, code, external_id AS externalId, task_life_hours AS taskLifeHours, platform, version FROM merchant_data WHERE (version > 0) AND (external_id = 'matched-merchant') LIMIT 1000 OFFSET 0
[TeaQL SQL][mutation][487us] 1 rows affected outcome=success batchOutcome=not_applicable comment= purpose= auditReason=matched benchmark update tracePath=[0:OPERATION:Merchant=mutation -> 1:ENTITY:Merchant= -> 2:PROVIDER:postgresql= -> 3:SQL:update=] mutationLineage=[0:AUDIT_REASON:Merchant#1=matched benchmark update]
SQL: -- TeaQL PLAIN
UPDATE merchant_data SET task_life_hours = 48 , version = 483 WHERE id = 1 AND version = 482
[TeaQL SQL][query][345us] 1 rows returned outcome=success batchOutcome=not_applicable comment=matched benchmark update purpose=runtime: read authoritative persisted mutation result auditReason=matched benchmark update tracePath=[0:OPERATION:Merchant=query -> 1:REQUEST:Merchant= -> 2:PROVIDER:postgresql= -> 3:SQL:select=] mutationLineage=[0:AUDIT_REASON:Merchant#1=matched benchmark update]
SQL: -- TeaQL PLAIN
SELECT * FROM merchant_data WHERE id = 1
[TeaQL SQL][query][397us] 1 rows returned outcome=success batchOutcome=not_applicable comment=matched merchant read with relation purpose=matched benchmark read auditReason= tracePath=[0:OPERATION:Merchant=query -> 1:REQUEST:Merchant= -> 2:PROVIDER:postgresql= -> 3:SQL:select=] mutationLineage=[]
SQL: -- TeaQL PLAIN
SELECT id, name, code, external_id AS externalId, task_life_hours AS taskLifeHours, version, platform FROM merchant_data WHERE (version > 0) AND (external_id = 'matched-merchant') LIMIT 1000 OFFSET 0
[TeaQL SQL][query][316us] 1 rows returned outcome=success batchOutcome=not_applicable comment=matched merchant read with relation purpose=matched benchmark read auditReason= tracePath=[0:OPERATION:Merchant=query -> 1:REQUEST:Merchant= -> 2:RELATION:platform=Merchant.platform -> 3:PROVIDER:postgresql= -> 4:SQL:select=] mutationLineage=[]
SQL: -- TeaQL PLAIN
SELECT id, create_time AS createTime, last_update_time AS lastUpdateTime, name, version FROM platform_data WHERE (version > 0) AND (id = 1) LIMIT 1 OFFSET 0
[TeaQL SQL][query][712us] 1 rows returned outcome=success batchOutcome=not_applicable comment=matched update lookup purpose=matched benchmark write auditReason= tracePath=[0:OPERATION:Merchant=query -> 1:REQUEST:Merchant= -> 2:PROVIDER:postgresql= -> 3:SQL:select=] mutationLineage=[]
SQL: -- TeaQL PLAIN
SELECT id, name, code, external_id AS externalId, task_life_hours AS taskLifeHours, platform, version FROM merchant_data WHERE (version > 0) AND (external_id = 'matched-merchant') LIMIT 1000 OFFSET 0
[TeaQL SQL][mutation][472us] 1 rows affected outcome=success batchOutcome=not_applicable comment= purpose= auditReason=matched benchmark update tracePath=[0:OPERATION:Merchant=mutation -> 1:ENTITY:Merchant= -> 2:PROVIDER:postgresql= -> 3:SQL:update=] mutationLineage=[0:AUDIT_REASON:Merchant#1=matched benchmark update]
SQL: -- TeaQL PLAIN
UPDATE merchant_data SET task_life_hours = 49 , version = 484 WHERE id = 1 AND version = 483
[TeaQL SQL][query][374us] 1 rows returned outcome=success batchOutcome=not_applicable comment=matched benchmark update purpose=runtime: read authoritative persisted mutation result auditReason=matched benchmark update tracePath=[0:OPERATION:Merchant=query -> 1:REQUEST:Merchant= -> 2:PROVIDER:postgresql= -> 3:SQL:select=] mutationLineage=[0:AUDIT_REASON:Merchant#1=matched benchmark update]
SQL: -- TeaQL PLAIN
SELECT * FROM merchant_data WHERE id = 1
[TeaQL SQL][query][379us] 1 rows returned outcome=success batchOutcome=not_applicable comment=matched merchant read with relation purpose=matched benchmark read auditReason= tracePath=[0:OPERATION:Merchant=query -> 1:REQUEST:Merchant= -> 2:PROVIDER:postgresql= -> 3:SQL:select=] mutationLineage=[]
SQL: -- TeaQL PLAIN
SELECT id, name, code, external_id AS externalId, task_life_hours AS taskLifeHours, version, platform FROM merchant_data WHERE (version > 0) AND (external_id = 'matched-merchant') LIMIT 1000 OFFSET 0
[TeaQL SQL][query][344us] 1 rows returned outcome=success batchOutcome=not_applicable comment=matched merchant read with relation purpose=matched benchmark read auditReason= tracePath=[0:OPERATION:Merchant=query -> 1:REQUEST:Merchant= -> 2:RELATION:platform=Merchant.platform -> 3:PROVIDER:postgresql= -> 4:SQL:select=] mutationLineage=[]
SQL: -- TeaQL PLAIN
SELECT id, create_time AS createTime, last_update_time AS lastUpdateTime, name, version FROM platform_data WHERE (version > 0) AND (id = 1) LIMIT 1 OFFSET 0
[TeaQL SQL][query][478us] 1 rows returned outcome=success batchOutcome=not_applicable comment=matched update lookup purpose=matched benchmark write auditReason= tracePath=[0:OPERATION:Merchant=query -> 1:REQUEST:Merchant= -> 2:PROVIDER:postgresql= -> 3:SQL:select=] mutationLineage=[]
SQL: -- TeaQL PLAIN
SELECT id, name, code, external_id AS externalId, task_life_hours AS taskLifeHours, platform, version FROM merchant_data WHERE (version > 0) AND (external_id = 'matched-merchant') LIMIT 1000 OFFSET 0
[TeaQL SQL][mutation][314us] 1 rows affected outcome=success batchOutcome=not_applicable comment= purpose= auditReason=matched benchmark update tracePath=[0:OPERATION:Merchant=mutation -> 1:ENTITY:Merchant= -> 2:PROVIDER:postgresql= -> 3:SQL:update=] mutationLineage=[0:AUDIT_REASON:Merchant#1=matched benchmark update]
SQL: -- TeaQL PLAIN
UPDATE merchant_data SET task_life_hours = 48 , version = 485 WHERE id = 1 AND version = 484
[TeaQL SQL][query][232us] 1 rows returned outcome=success batchOutcome=not_applicable comment=matched benchmark update purpose=runtime: read authoritative persisted mutation result auditReason=matched benchmark update tracePath=[0:OPERATION:Merchant=query -> 1:REQUEST:Merchant= -> 2:PROVIDER:postgresql= -> 3:SQL:select=] mutationLineage=[0:AUDIT_REASON:Merchant#1=matched benchmark update]
SQL: -- TeaQL PLAIN
SELECT * FROM merchant_data WHERE id = 1
[TeaQL SQL][query][359us] 1 rows returned outcome=success batchOutcome=not_applicable comment=matched merchant read with relation purpose=matched benchmark read auditReason= tracePath=[0:OPERATION:Merchant=query -> 1:REQUEST:Merchant= -> 2:PROVIDER:postgresql= -> 3:SQL:select=] mutationLineage=[]
SQL: -- TeaQL PLAIN
SELECT id, name, code, external_id AS externalId, task_life_hours AS taskLifeHours, version, platform FROM merchant_data WHERE (version > 0) AND (external_id = 'matched-merchant') LIMIT 1000 OFFSET 0
[TeaQL SQL][query][329us] 1 rows returned outcome=success batchOutcome=not_applicable comment=matched merchant read with relation purpose=matched benchmark read auditReason= tracePath=[0:OPERATION:Merchant=query -> 1:REQUEST:Merchant= -> 2:RELATION:platform=Merchant.platform -> 3:PROVIDER:postgresql= -> 4:SQL:select=] mutationLineage=[]
SQL: -- TeaQL PLAIN
SELECT id, create_time AS createTime, last_update_time AS lastUpdateTime, name, version FROM platform_data WHERE (version > 0) AND (id = 1) LIMIT 1 OFFSET 0
[TeaQL SQL][query][656us] 1 rows returned outcome=success batchOutcome=not_applicable comment=matched update lookup purpose=matched benchmark write auditReason= tracePath=[0:OPERATION:Merchant=query -> 1:REQUEST:Merchant= -> 2:PROVIDER:postgresql= -> 3:SQL:select=] mutationLineage=[]
SQL: -- TeaQL PLAIN
SELECT id, name, code, external_id AS externalId, task_life_hours AS taskLifeHours, platform, version FROM merchant_data WHERE (version > 0) AND (external_id = 'matched-merchant') LIMIT 1000 OFFSET 0
[TeaQL SQL][mutation][513us] 1 rows affected outcome=success batchOutcome=not_applicable comment= purpose= auditReason=matched benchmark update tracePath=[0:OPERATION:Merchant=mutation -> 1:ENTITY:Merchant= -> 2:PROVIDER:postgresql= -> 3:SQL:update=] mutationLineage=[0:AUDIT_REASON:Merchant#1=matched benchmark update]
SQL: -- TeaQL PLAIN
UPDATE merchant_data SET task_life_hours = 49 , version = 486 WHERE id = 1 AND version = 485
[TeaQL SQL][query][362us] 1 rows returned outcome=success batchOutcome=not_applicable comment=matched benchmark update purpose=runtime: read authoritative persisted mutation result auditReason=matched benchmark update tracePath=[0:OPERATION:Merchant=query -> 1:REQUEST:Merchant= -> 2:PROVIDER:postgresql= -> 3:SQL:select=] mutationLineage=[0:AUDIT_REASON:Merchant#1=matched benchmark update]
SQL: -- TeaQL PLAIN
SELECT * FROM merchant_data WHERE id = 1
[TeaQL SQL][query][348us] 1 rows returned outcome=success batchOutcome=not_applicable comment=matched merchant read with relation purpose=matched benchmark read auditReason= tracePath=[0:OPERATION:Merchant=query -> 1:REQUEST:Merchant= -> 2:PROVIDER:postgresql= -> 3:SQL:select=] mutationLineage=[]
SQL: -- TeaQL PLAIN
SELECT id, name, code, external_id AS externalId, task_life_hours AS taskLifeHours, version, platform FROM merchant_data WHERE (version > 0) AND (external_id = 'matched-merchant') LIMIT 1000 OFFSET 0
[TeaQL SQL][query][395us] 1 rows returned outcome=success batchOutcome=not_applicable comment=matched merchant read with relation purpose=matched benchmark read auditReason= tracePath=[0:OPERATION:Merchant=query -> 1:REQUEST:Merchant= -> 2:RELATION:platform=Merchant.platform -> 3:PROVIDER:postgresql= -> 4:SQL:select=] mutationLineage=[]
SQL: -- TeaQL PLAIN
SELECT id, create_time AS createTime, last_update_time AS lastUpdateTime, name, version FROM platform_data WHERE (version > 0) AND (id = 1) LIMIT 1 OFFSET 0
[TeaQL SQL][query][626us] 1 rows returned outcome=success batchOutcome=not_applicable comment=matched update lookup purpose=matched benchmark write auditReason= tracePath=[0:OPERATION:Merchant=query -> 1:REQUEST:Merchant= -> 2:PROVIDER:postgresql= -> 3:SQL:select=] mutationLineage=[]
SQL: -- TeaQL PLAIN
SELECT id, name, code, external_id AS externalId, task_life_hours AS taskLifeHours, platform, version FROM merchant_data WHERE (version > 0) AND (external_id = 'matched-merchant') LIMIT 1000 OFFSET 0
[TeaQL SQL][mutation][471us] 1 rows affected outcome=success batchOutcome=not_applicable comment= purpose= auditReason=matched benchmark update tracePath=[0:OPERATION:Merchant=mutation -> 1:ENTITY:Merchant= -> 2:PROVIDER:postgresql= -> 3:SQL:update=] mutationLineage=[0:AUDIT_REASON:Merchant#1=matched benchmark update]
SQL: -- TeaQL PLAIN
UPDATE merchant_data SET task_life_hours = 48 , version = 487 WHERE id = 1 AND version = 486
[TeaQL SQL][query][353us] 1 rows returned outcome=success batchOutcome=not_applicable comment=matched benchmark update purpose=runtime: read authoritative persisted mutation result auditReason=matched benchmark update tracePath=[0:OPERATION:Merchant=query -> 1:REQUEST:Merchant= -> 2:PROVIDER:postgresql= -> 3:SQL:select=] mutationLineage=[0:AUDIT_REASON:Merchant#1=matched benchmark update]
SQL: -- TeaQL PLAIN
SELECT * FROM merchant_data WHERE id = 1
[TeaQL SQL][query][346us] 1 rows returned outcome=success batchOutcome=not_applicable comment=matched merchant read with relation purpose=matched benchmark read auditReason= tracePath=[0:OPERATION:Merchant=query -> 1:REQUEST:Merchant= -> 2:PROVIDER:postgresql= -> 3:SQL:select=] mutationLineage=[]
SQL: -- TeaQL PLAIN
SELECT id, name, code, external_id AS externalId, task_life_hours AS taskLifeHours, version, platform FROM merchant_data WHERE (version > 0) AND (external_id = 'matched-merchant') LIMIT 1000 OFFSET 0
[TeaQL SQL][query][304us] 1 rows returned outcome=success batchOutcome=not_applicable comment=matched merchant read with relation purpose=matched benchmark read auditReason= tracePath=[0:OPERATION:Merchant=query -> 1:REQUEST:Merchant= -> 2:RELATION:platform=Merchant.platform -> 3:PROVIDER:postgresql= -> 4:SQL:select=] mutationLineage=[]
SQL: -- TeaQL PLAIN
SELECT id, create_time AS createTime, last_update_time AS lastUpdateTime, name, version FROM platform_data WHERE (version > 0) AND (id = 1) LIMIT 1 OFFSET 0
[TeaQL SQL][query][543us] 1 rows returned outcome=success batchOutcome=not_applicable comment=matched update lookup purpose=matched benchmark write auditReason= tracePath=[0:OPERATION:Merchant=query -> 1:REQUEST:Merchant= -> 2:PROVIDER:postgresql= -> 3:SQL:select=] mutationLineage=[]
SQL: -- TeaQL PLAIN
SELECT id, name, code, external_id AS externalId, task_life_hours AS taskLifeHours, platform, version FROM merchant_data WHERE (version > 0) AND (external_id = 'matched-merchant') LIMIT 1000 OFFSET 0
[TeaQL SQL][mutation][345us] 1 rows affected outcome=success batchOutcome=not_applicable comment= purpose= auditReason=matched benchmark update tracePath=[0:OPERATION:Merchant=mutation -> 1:ENTITY:Merchant= -> 2:PROVIDER:postgresql= -> 3:SQL:update=] mutationLineage=[0:AUDIT_REASON:Merchant#1=matched benchmark update]
SQL: -- TeaQL PLAIN
UPDATE merchant_data SET task_life_hours = 49 , version = 488 WHERE id = 1 AND version = 487
[TeaQL SQL][query][292us] 1 rows returned outcome=success batchOutcome=not_applicable comment=matched benchmark update purpose=runtime: read authoritative persisted mutation result auditReason=matched benchmark update tracePath=[0:OPERATION:Merchant=query -> 1:REQUEST:Merchant= -> 2:PROVIDER:postgresql= -> 3:SQL:select=] mutationLineage=[0:AUDIT_REASON:Merchant#1=matched benchmark update]
SQL: -- TeaQL PLAIN
SELECT * FROM merchant_data WHERE id = 1
[TeaQL SQL][query][320us] 1 rows returned outcome=success batchOutcome=not_applicable comment=matched merchant read with relation purpose=matched benchmark read auditReason= tracePath=[0:OPERATION:Merchant=query -> 1:REQUEST:Merchant= -> 2:PROVIDER:postgresql= -> 3:SQL:select=] mutationLineage=[]
SQL: -- TeaQL PLAIN
SELECT id, name, code, external_id AS externalId, task_life_hours AS taskLifeHours, version, platform FROM merchant_data WHERE (version > 0) AND (external_id = 'matched-merchant') LIMIT 1000 OFFSET 0
[TeaQL SQL][query][290us] 1 rows returned outcome=success batchOutcome=not_applicable comment=matched merchant read with relation purpose=matched benchmark read auditReason= tracePath=[0:OPERATION:Merchant=query -> 1:REQUEST:Merchant= -> 2:RELATION:platform=Merchant.platform -> 3:PROVIDER:postgresql= -> 4:SQL:select=] mutationLineage=[]
SQL: -- TeaQL PLAIN
SELECT id, create_time AS createTime, last_update_time AS lastUpdateTime, name, version FROM platform_data WHERE (version > 0) AND (id = 1) LIMIT 1 OFFSET 0
[TeaQL SQL][query][424us] 1 rows returned outcome=success batchOutcome=not_applicable comment=matched update lookup purpose=matched benchmark write auditReason= tracePath=[0:OPERATION:Merchant=query -> 1:REQUEST:Merchant= -> 2:PROVIDER:postgresql= -> 3:SQL:select=] mutationLineage=[]
SQL: -- TeaQL PLAIN
SELECT id, name, code, external_id AS externalId, task_life_hours AS taskLifeHours, platform, version FROM merchant_data WHERE (version > 0) AND (external_id = 'matched-merchant') LIMIT 1000 OFFSET 0
[TeaQL SQL][mutation][358us] 1 rows affected outcome=success batchOutcome=not_applicable comment= purpose= auditReason=matched benchmark update tracePath=[0:OPERATION:Merchant=mutation -> 1:ENTITY:Merchant= -> 2:PROVIDER:postgresql= -> 3:SQL:update=] mutationLineage=[0:AUDIT_REASON:Merchant#1=matched benchmark update]
SQL: -- TeaQL PLAIN
UPDATE merchant_data SET task_life_hours = 48 , version = 489 WHERE id = 1 AND version = 488
[TeaQL SQL][query][290us] 1 rows returned outcome=success batchOutcome=not_applicable comment=matched benchmark update purpose=runtime: read authoritative persisted mutation result auditReason=matched benchmark update tracePath=[0:OPERATION:Merchant=query -> 1:REQUEST:Merchant= -> 2:PROVIDER:postgresql= -> 3:SQL:select=] mutationLineage=[0:AUDIT_REASON:Merchant#1=matched benchmark update]
SQL: -- TeaQL PLAIN
SELECT * FROM merchant_data WHERE id = 1
[TeaQL SQL][query][381us] 1 rows returned outcome=success batchOutcome=not_applicable comment=matched merchant read with relation purpose=matched benchmark read auditReason= tracePath=[0:OPERATION:Merchant=query -> 1:REQUEST:Merchant= -> 2:PROVIDER:postgresql= -> 3:SQL:select=] mutationLineage=[]
SQL: -- TeaQL PLAIN
SELECT id, name, code, external_id AS externalId, task_life_hours AS taskLifeHours, version, platform FROM merchant_data WHERE (version > 0) AND (external_id = 'matched-merchant') LIMIT 1000 OFFSET 0
[TeaQL SQL][query][369us] 1 rows returned outcome=success batchOutcome=not_applicable comment=matched merchant read with relation purpose=matched benchmark read auditReason= tracePath=[0:OPERATION:Merchant=query -> 1:REQUEST:Merchant= -> 2:RELATION:platform=Merchant.platform -> 3:PROVIDER:postgresql= -> 4:SQL:select=] mutationLineage=[]
SQL: -- TeaQL PLAIN
SELECT id, create_time AS createTime, last_update_time AS lastUpdateTime, name, version FROM platform_data WHERE (version > 0) AND (id = 1) LIMIT 1 OFFSET 0
[TeaQL SQL][query][544us] 1 rows returned outcome=success batchOutcome=not_applicable comment=matched update lookup purpose=matched benchmark write auditReason= tracePath=[0:OPERATION:Merchant=query -> 1:REQUEST:Merchant= -> 2:PROVIDER:postgresql= -> 3:SQL:select=] mutationLineage=[]
SQL: -- TeaQL PLAIN
SELECT id, name, code, external_id AS externalId, task_life_hours AS taskLifeHours, platform, version FROM merchant_data WHERE (version > 0) AND (external_id = 'matched-merchant') LIMIT 1000 OFFSET 0
[TeaQL SQL][mutation][511us] 1 rows affected outcome=success batchOutcome=not_applicable comment= purpose= auditReason=matched benchmark update tracePath=[0:OPERATION:Merchant=mutation -> 1:ENTITY:Merchant= -> 2:PROVIDER:postgresql= -> 3:SQL:update=] mutationLineage=[0:AUDIT_REASON:Merchant#1=matched benchmark update]
SQL: -- TeaQL PLAIN
UPDATE merchant_data SET task_life_hours = 49 , version = 490 WHERE id = 1 AND version = 489
[TeaQL SQL][query][421us] 1 rows returned outcome=success batchOutcome=not_applicable comment=matched benchmark update purpose=runtime: read authoritative persisted mutation result auditReason=matched benchmark update tracePath=[0:OPERATION:Merchant=query -> 1:REQUEST:Merchant= -> 2:PROVIDER:postgresql= -> 3:SQL:select=] mutationLineage=[0:AUDIT_REASON:Merchant#1=matched benchmark update]
SQL: -- TeaQL PLAIN
SELECT * FROM merchant_data WHERE id = 1
[TeaQL SQL][query][360us] 1 rows returned outcome=success batchOutcome=not_applicable comment=matched merchant read with relation purpose=matched benchmark read auditReason= tracePath=[0:OPERATION:Merchant=query -> 1:REQUEST:Merchant= -> 2:PROVIDER:postgresql= -> 3:SQL:select=] mutationLineage=[]
SQL: -- TeaQL PLAIN
SELECT id, name, code, external_id AS externalId, task_life_hours AS taskLifeHours, version, platform FROM merchant_data WHERE (version > 0) AND (external_id = 'matched-merchant') LIMIT 1000 OFFSET 0
[TeaQL SQL][query][295us] 1 rows returned outcome=success batchOutcome=not_applicable comment=matched merchant read with relation purpose=matched benchmark read auditReason= tracePath=[0:OPERATION:Merchant=query -> 1:REQUEST:Merchant= -> 2:RELATION:platform=Merchant.platform -> 3:PROVIDER:postgresql= -> 4:SQL:select=] mutationLineage=[]
SQL: -- TeaQL PLAIN
SELECT id, create_time AS createTime, last_update_time AS lastUpdateTime, name, version FROM platform_data WHERE (version > 0) AND (id = 1) LIMIT 1 OFFSET 0
[TeaQL SQL][query][508us] 1 rows returned outcome=success batchOutcome=not_applicable comment=matched update lookup purpose=matched benchmark write auditReason= tracePath=[0:OPERATION:Merchant=query -> 1:REQUEST:Merchant= -> 2:PROVIDER:postgresql= -> 3:SQL:select=] mutationLineage=[]
SQL: -- TeaQL PLAIN
SELECT id, name, code, external_id AS externalId, task_life_hours AS taskLifeHours, platform, version FROM merchant_data WHERE (version > 0) AND (external_id = 'matched-merchant') LIMIT 1000 OFFSET 0
[TeaQL SQL][mutation][394us] 1 rows affected outcome=success batchOutcome=not_applicable comment= purpose= auditReason=matched benchmark update tracePath=[0:OPERATION:Merchant=mutation -> 1:ENTITY:Merchant= -> 2:PROVIDER:postgresql= -> 3:SQL:update=] mutationLineage=[0:AUDIT_REASON:Merchant#1=matched benchmark update]
SQL: -- TeaQL PLAIN
UPDATE merchant_data SET task_life_hours = 48 , version = 491 WHERE id = 1 AND version = 490
[TeaQL SQL][query][280us] 1 rows returned outcome=success batchOutcome=not_applicable comment=matched benchmark update purpose=runtime: read authoritative persisted mutation result auditReason=matched benchmark update tracePath=[0:OPERATION:Merchant=query -> 1:REQUEST:Merchant= -> 2:PROVIDER:postgresql= -> 3:SQL:select=] mutationLineage=[0:AUDIT_REASON:Merchant#1=matched benchmark update]
SQL: -- TeaQL PLAIN
SELECT * FROM merchant_data WHERE id = 1
[TeaQL SQL][query][317us] 1 rows returned outcome=success batchOutcome=not_applicable comment=matched merchant read with relation purpose=matched benchmark read auditReason= tracePath=[0:OPERATION:Merchant=query -> 1:REQUEST:Merchant= -> 2:PROVIDER:postgresql= -> 3:SQL:select=] mutationLineage=[]
SQL: -- TeaQL PLAIN
SELECT id, name, code, external_id AS externalId, task_life_hours AS taskLifeHours, version, platform FROM merchant_data WHERE (version > 0) AND (external_id = 'matched-merchant') LIMIT 1000 OFFSET 0
[TeaQL SQL][query][318us] 1 rows returned outcome=success batchOutcome=not_applicable comment=matched merchant read with relation purpose=matched benchmark read auditReason= tracePath=[0:OPERATION:Merchant=query -> 1:REQUEST:Merchant= -> 2:RELATION:platform=Merchant.platform -> 3:PROVIDER:postgresql= -> 4:SQL:select=] mutationLineage=[]
SQL: -- TeaQL PLAIN
SELECT id, create_time AS createTime, last_update_time AS lastUpdateTime, name, version FROM platform_data WHERE (version > 0) AND (id = 1) LIMIT 1 OFFSET 0
[TeaQL SQL][query][523us] 1 rows returned outcome=success batchOutcome=not_applicable comment=matched update lookup purpose=matched benchmark write auditReason= tracePath=[0:OPERATION:Merchant=query -> 1:REQUEST:Merchant= -> 2:PROVIDER:postgresql= -> 3:SQL:select=] mutationLineage=[]
SQL: -- TeaQL PLAIN
SELECT id, name, code, external_id AS externalId, task_life_hours AS taskLifeHours, platform, version FROM merchant_data WHERE (version > 0) AND (external_id = 'matched-merchant') LIMIT 1000 OFFSET 0
[TeaQL SQL][mutation][360us] 1 rows affected outcome=success batchOutcome=not_applicable comment= purpose= auditReason=matched benchmark update tracePath=[0:OPERATION:Merchant=mutation -> 1:ENTITY:Merchant= -> 2:PROVIDER:postgresql= -> 3:SQL:update=] mutationLineage=[0:AUDIT_REASON:Merchant#1=matched benchmark update]
SQL: -- TeaQL PLAIN
UPDATE merchant_data SET task_life_hours = 49 , version = 492 WHERE id = 1 AND version = 491
[TeaQL SQL][query][316us] 1 rows returned outcome=success batchOutcome=not_applicable comment=matched benchmark update purpose=runtime: read authoritative persisted mutation result auditReason=matched benchmark update tracePath=[0:OPERATION:Merchant=query -> 1:REQUEST:Merchant= -> 2:PROVIDER:postgresql= -> 3:SQL:select=] mutationLineage=[0:AUDIT_REASON:Merchant#1=matched benchmark update]
SQL: -- TeaQL PLAIN
SELECT * FROM merchant_data WHERE id = 1
[TeaQL SQL][query][315us] 1 rows returned outcome=success batchOutcome=not_applicable comment=matched merchant read with relation purpose=matched benchmark read auditReason= tracePath=[0:OPERATION:Merchant=query -> 1:REQUEST:Merchant= -> 2:PROVIDER:postgresql= -> 3:SQL:select=] mutationLineage=[]
SQL: -- TeaQL PLAIN
SELECT id, name, code, external_id AS externalId, task_life_hours AS taskLifeHours, version, platform FROM merchant_data WHERE (version > 0) AND (external_id = 'matched-merchant') LIMIT 1000 OFFSET 0
[TeaQL SQL][query][292us] 1 rows returned outcome=success batchOutcome=not_applicable comment=matched merchant read with relation purpose=matched benchmark read auditReason= tracePath=[0:OPERATION:Merchant=query -> 1:REQUEST:Merchant= -> 2:RELATION:platform=Merchant.platform -> 3:PROVIDER:postgresql= -> 4:SQL:select=] mutationLineage=[]
SQL: -- TeaQL PLAIN
SELECT id, create_time AS createTime, last_update_time AS lastUpdateTime, name, version FROM platform_data WHERE (version > 0) AND (id = 1) LIMIT 1 OFFSET 0
[TeaQL SQL][query][475us] 1 rows returned outcome=success batchOutcome=not_applicable comment=matched update lookup purpose=matched benchmark write auditReason= tracePath=[0:OPERATION:Merchant=query -> 1:REQUEST:Merchant= -> 2:PROVIDER:postgresql= -> 3:SQL:select=] mutationLineage=[]
SQL: -- TeaQL PLAIN
SELECT id, name, code, external_id AS externalId, task_life_hours AS taskLifeHours, platform, version FROM merchant_data WHERE (version > 0) AND (external_id = 'matched-merchant') LIMIT 1000 OFFSET 0
[TeaQL SQL][mutation][407us] 1 rows affected outcome=success batchOutcome=not_applicable comment= purpose= auditReason=matched benchmark update tracePath=[0:OPERATION:Merchant=mutation -> 1:ENTITY:Merchant= -> 2:PROVIDER:postgresql= -> 3:SQL:update=] mutationLineage=[0:AUDIT_REASON:Merchant#1=matched benchmark update]
SQL: -- TeaQL PLAIN
UPDATE merchant_data SET task_life_hours = 48 , version = 493 WHERE id = 1 AND version = 492
[TeaQL SQL][query][304us] 1 rows returned outcome=success batchOutcome=not_applicable comment=matched benchmark update purpose=runtime: read authoritative persisted mutation result auditReason=matched benchmark update tracePath=[0:OPERATION:Merchant=query -> 1:REQUEST:Merchant= -> 2:PROVIDER:postgresql= -> 3:SQL:select=] mutationLineage=[0:AUDIT_REASON:Merchant#1=matched benchmark update]
SQL: -- TeaQL PLAIN
SELECT * FROM merchant_data WHERE id = 1
[TeaQL SQL][query][368us] 1 rows returned outcome=success batchOutcome=not_applicable comment=matched merchant read with relation purpose=matched benchmark read auditReason= tracePath=[0:OPERATION:Merchant=query -> 1:REQUEST:Merchant= -> 2:PROVIDER:postgresql= -> 3:SQL:select=] mutationLineage=[]
SQL: -- TeaQL PLAIN
SELECT id, name, code, external_id AS externalId, task_life_hours AS taskLifeHours, version, platform FROM merchant_data WHERE (version > 0) AND (external_id = 'matched-merchant') LIMIT 1000 OFFSET 0
[TeaQL SQL][query][303us] 1 rows returned outcome=success batchOutcome=not_applicable comment=matched merchant read with relation purpose=matched benchmark read auditReason= tracePath=[0:OPERATION:Merchant=query -> 1:REQUEST:Merchant= -> 2:RELATION:platform=Merchant.platform -> 3:PROVIDER:postgresql= -> 4:SQL:select=] mutationLineage=[]
SQL: -- TeaQL PLAIN
SELECT id, create_time AS createTime, last_update_time AS lastUpdateTime, name, version FROM platform_data WHERE (version > 0) AND (id = 1) LIMIT 1 OFFSET 0
[TeaQL SQL][query][469us] 1 rows returned outcome=success batchOutcome=not_applicable comment=matched update lookup purpose=matched benchmark write auditReason= tracePath=[0:OPERATION:Merchant=query -> 1:REQUEST:Merchant= -> 2:PROVIDER:postgresql= -> 3:SQL:select=] mutationLineage=[]
SQL: -- TeaQL PLAIN
SELECT id, name, code, external_id AS externalId, task_life_hours AS taskLifeHours, platform, version FROM merchant_data WHERE (version > 0) AND (external_id = 'matched-merchant') LIMIT 1000 OFFSET 0
[TeaQL SQL][mutation][397us] 1 rows affected outcome=success batchOutcome=not_applicable comment= purpose= auditReason=matched benchmark update tracePath=[0:OPERATION:Merchant=mutation -> 1:ENTITY:Merchant= -> 2:PROVIDER:postgresql= -> 3:SQL:update=] mutationLineage=[0:AUDIT_REASON:Merchant#1=matched benchmark update]
SQL: -- TeaQL PLAIN
UPDATE merchant_data SET task_life_hours = 49 , version = 494 WHERE id = 1 AND version = 493
[TeaQL SQL][query][373us] 1 rows returned outcome=success batchOutcome=not_applicable comment=matched benchmark update purpose=runtime: read authoritative persisted mutation result auditReason=matched benchmark update tracePath=[0:OPERATION:Merchant=query -> 1:REQUEST:Merchant= -> 2:PROVIDER:postgresql= -> 3:SQL:select=] mutationLineage=[0:AUDIT_REASON:Merchant#1=matched benchmark update]
SQL: -- TeaQL PLAIN
SELECT * FROM merchant_data WHERE id = 1
[TeaQL SQL][query][389us] 1 rows returned outcome=success batchOutcome=not_applicable comment=matched merchant read with relation purpose=matched benchmark read auditReason= tracePath=[0:OPERATION:Merchant=query -> 1:REQUEST:Merchant= -> 2:PROVIDER:postgresql= -> 3:SQL:select=] mutationLineage=[]
SQL: -- TeaQL PLAIN
SELECT id, name, code, external_id AS externalId, task_life_hours AS taskLifeHours, version, platform FROM merchant_data WHERE (version > 0) AND (external_id = 'matched-merchant') LIMIT 1000 OFFSET 0
[TeaQL SQL][query][313us] 1 rows returned outcome=success batchOutcome=not_applicable comment=matched merchant read with relation purpose=matched benchmark read auditReason= tracePath=[0:OPERATION:Merchant=query -> 1:REQUEST:Merchant= -> 2:RELATION:platform=Merchant.platform -> 3:PROVIDER:postgresql= -> 4:SQL:select=] mutationLineage=[]
SQL: -- TeaQL PLAIN
SELECT id, create_time AS createTime, last_update_time AS lastUpdateTime, name, version FROM platform_data WHERE (version > 0) AND (id = 1) LIMIT 1 OFFSET 0
[TeaQL SQL][query][440us] 1 rows returned outcome=success batchOutcome=not_applicable comment=matched update lookup purpose=matched benchmark write auditReason= tracePath=[0:OPERATION:Merchant=query -> 1:REQUEST:Merchant= -> 2:PROVIDER:postgresql= -> 3:SQL:select=] mutationLineage=[]
SQL: -- TeaQL PLAIN
SELECT id, name, code, external_id AS externalId, task_life_hours AS taskLifeHours, platform, version FROM merchant_data WHERE (version > 0) AND (external_id = 'matched-merchant') LIMIT 1000 OFFSET 0
[TeaQL SQL][mutation][379us] 1 rows affected outcome=success batchOutcome=not_applicable comment= purpose= auditReason=matched benchmark update tracePath=[0:OPERATION:Merchant=mutation -> 1:ENTITY:Merchant= -> 2:PROVIDER:postgresql= -> 3:SQL:update=] mutationLineage=[0:AUDIT_REASON:Merchant#1=matched benchmark update]
SQL: -- TeaQL PLAIN
UPDATE merchant_data SET task_life_hours = 48 , version = 495 WHERE id = 1 AND version = 494
[TeaQL SQL][query][314us] 1 rows returned outcome=success batchOutcome=not_applicable comment=matched benchmark update purpose=runtime: read authoritative persisted mutation result auditReason=matched benchmark update tracePath=[0:OPERATION:Merchant=query -> 1:REQUEST:Merchant= -> 2:PROVIDER:postgresql= -> 3:SQL:select=] mutationLineage=[0:AUDIT_REASON:Merchant#1=matched benchmark update]
SQL: -- TeaQL PLAIN
SELECT * FROM merchant_data WHERE id = 1
[TeaQL SQL][query][324us] 1 rows returned outcome=success batchOutcome=not_applicable comment=matched merchant read with relation purpose=matched benchmark read auditReason= tracePath=[0:OPERATION:Merchant=query -> 1:REQUEST:Merchant= -> 2:PROVIDER:postgresql= -> 3:SQL:select=] mutationLineage=[]
SQL: -- TeaQL PLAIN
SELECT id, name, code, external_id AS externalId, task_life_hours AS taskLifeHours, version, platform FROM merchant_data WHERE (version > 0) AND (external_id = 'matched-merchant') LIMIT 1000 OFFSET 0
[TeaQL SQL][query][274us] 1 rows returned outcome=success batchOutcome=not_applicable comment=matched merchant read with relation purpose=matched benchmark read auditReason= tracePath=[0:OPERATION:Merchant=query -> 1:REQUEST:Merchant= -> 2:RELATION:platform=Merchant.platform -> 3:PROVIDER:postgresql= -> 4:SQL:select=] mutationLineage=[]
SQL: -- TeaQL PLAIN
SELECT id, create_time AS createTime, last_update_time AS lastUpdateTime, name, version FROM platform_data WHERE (version > 0) AND (id = 1) LIMIT 1 OFFSET 0
[TeaQL SQL][query][466us] 1 rows returned outcome=success batchOutcome=not_applicable comment=matched update lookup purpose=matched benchmark write auditReason= tracePath=[0:OPERATION:Merchant=query -> 1:REQUEST:Merchant= -> 2:PROVIDER:postgresql= -> 3:SQL:select=] mutationLineage=[]
SQL: -- TeaQL PLAIN
SELECT id, name, code, external_id AS externalId, task_life_hours AS taskLifeHours, platform, version FROM merchant_data WHERE (version > 0) AND (external_id = 'matched-merchant') LIMIT 1000 OFFSET 0
[TeaQL SQL][mutation][354us] 1 rows affected outcome=success batchOutcome=not_applicable comment= purpose= auditReason=matched benchmark update tracePath=[0:OPERATION:Merchant=mutation -> 1:ENTITY:Merchant= -> 2:PROVIDER:postgresql= -> 3:SQL:update=] mutationLineage=[0:AUDIT_REASON:Merchant#1=matched benchmark update]
SQL: -- TeaQL PLAIN
UPDATE merchant_data SET task_life_hours = 49 , version = 496 WHERE id = 1 AND version = 495
[TeaQL SQL][query][249us] 1 rows returned outcome=success batchOutcome=not_applicable comment=matched benchmark update purpose=runtime: read authoritative persisted mutation result auditReason=matched benchmark update tracePath=[0:OPERATION:Merchant=query -> 1:REQUEST:Merchant= -> 2:PROVIDER:postgresql= -> 3:SQL:select=] mutationLineage=[0:AUDIT_REASON:Merchant#1=matched benchmark update]
SQL: -- TeaQL PLAIN
SELECT * FROM merchant_data WHERE id = 1
[TeaQL SQL][query][341us] 1 rows returned outcome=success batchOutcome=not_applicable comment=matched merchant read with relation purpose=matched benchmark read auditReason= tracePath=[0:OPERATION:Merchant=query -> 1:REQUEST:Merchant= -> 2:PROVIDER:postgresql= -> 3:SQL:select=] mutationLineage=[]
SQL: -- TeaQL PLAIN
SELECT id, name, code, external_id AS externalId, task_life_hours AS taskLifeHours, version, platform FROM merchant_data WHERE (version > 0) AND (external_id = 'matched-merchant') LIMIT 1000 OFFSET 0
[TeaQL SQL][query][392us] 1 rows returned outcome=success batchOutcome=not_applicable comment=matched merchant read with relation purpose=matched benchmark read auditReason= tracePath=[0:OPERATION:Merchant=query -> 1:REQUEST:Merchant= -> 2:RELATION:platform=Merchant.platform -> 3:PROVIDER:postgresql= -> 4:SQL:select=] mutationLineage=[]
SQL: -- TeaQL PLAIN
SELECT id, create_time AS createTime, last_update_time AS lastUpdateTime, name, version FROM platform_data WHERE (version > 0) AND (id = 1) LIMIT 1 OFFSET 0
[TeaQL SQL][query][376us] 1 rows returned outcome=success batchOutcome=not_applicable comment=matched update lookup purpose=matched benchmark write auditReason= tracePath=[0:OPERATION:Merchant=query -> 1:REQUEST:Merchant= -> 2:PROVIDER:postgresql= -> 3:SQL:select=] mutationLineage=[]
SQL: -- TeaQL PLAIN
SELECT id, name, code, external_id AS externalId, task_life_hours AS taskLifeHours, platform, version FROM merchant_data WHERE (version > 0) AND (external_id = 'matched-merchant') LIMIT 1000 OFFSET 0
[TeaQL SQL][mutation][320us] 1 rows affected outcome=success batchOutcome=not_applicable comment= purpose= auditReason=matched benchmark update tracePath=[0:OPERATION:Merchant=mutation -> 1:ENTITY:Merchant= -> 2:PROVIDER:postgresql= -> 3:SQL:update=] mutationLineage=[0:AUDIT_REASON:Merchant#1=matched benchmark update]
SQL: -- TeaQL PLAIN
UPDATE merchant_data SET task_life_hours = 48 , version = 497 WHERE id = 1 AND version = 496
[TeaQL SQL][query][258us] 1 rows returned outcome=success batchOutcome=not_applicable comment=matched benchmark update purpose=runtime: read authoritative persisted mutation result auditReason=matched benchmark update tracePath=[0:OPERATION:Merchant=query -> 1:REQUEST:Merchant= -> 2:PROVIDER:postgresql= -> 3:SQL:select=] mutationLineage=[0:AUDIT_REASON:Merchant#1=matched benchmark update]
SQL: -- TeaQL PLAIN
SELECT * FROM merchant_data WHERE id = 1
[TeaQL SQL][query][425us] 1 rows returned outcome=success batchOutcome=not_applicable comment=matched merchant read with relation purpose=matched benchmark read auditReason= tracePath=[0:OPERATION:Merchant=query -> 1:REQUEST:Merchant= -> 2:PROVIDER:postgresql= -> 3:SQL:select=] mutationLineage=[]
SQL: -- TeaQL PLAIN
SELECT id, name, code, external_id AS externalId, task_life_hours AS taskLifeHours, version, platform FROM merchant_data WHERE (version > 0) AND (external_id = 'matched-merchant') LIMIT 1000 OFFSET 0
[TeaQL SQL][query][360us] 1 rows returned outcome=success batchOutcome=not_applicable comment=matched merchant read with relation purpose=matched benchmark read auditReason= tracePath=[0:OPERATION:Merchant=query -> 1:REQUEST:Merchant= -> 2:RELATION:platform=Merchant.platform -> 3:PROVIDER:postgresql= -> 4:SQL:select=] mutationLineage=[]
SQL: -- TeaQL PLAIN
SELECT id, create_time AS createTime, last_update_time AS lastUpdateTime, name, version FROM platform_data WHERE (version > 0) AND (id = 1) LIMIT 1 OFFSET 0
[TeaQL SQL][query][535us] 1 rows returned outcome=success batchOutcome=not_applicable comment=matched update lookup purpose=matched benchmark write auditReason= tracePath=[0:OPERATION:Merchant=query -> 1:REQUEST:Merchant= -> 2:PROVIDER:postgresql= -> 3:SQL:select=] mutationLineage=[]
SQL: -- TeaQL PLAIN
SELECT id, name, code, external_id AS externalId, task_life_hours AS taskLifeHours, platform, version FROM merchant_data WHERE (version > 0) AND (external_id = 'matched-merchant') LIMIT 1000 OFFSET 0
[TeaQL SQL][mutation][407us] 1 rows affected outcome=success batchOutcome=not_applicable comment= purpose= auditReason=matched benchmark update tracePath=[0:OPERATION:Merchant=mutation -> 1:ENTITY:Merchant= -> 2:PROVIDER:postgresql= -> 3:SQL:update=] mutationLineage=[0:AUDIT_REASON:Merchant#1=matched benchmark update]
SQL: -- TeaQL PLAIN
UPDATE merchant_data SET task_life_hours = 49 , version = 498 WHERE id = 1 AND version = 497
[TeaQL SQL][query][318us] 1 rows returned outcome=success batchOutcome=not_applicable comment=matched benchmark update purpose=runtime: read authoritative persisted mutation result auditReason=matched benchmark update tracePath=[0:OPERATION:Merchant=query -> 1:REQUEST:Merchant= -> 2:PROVIDER:postgresql= -> 3:SQL:select=] mutationLineage=[0:AUDIT_REASON:Merchant#1=matched benchmark update]
SQL: -- TeaQL PLAIN
SELECT * FROM merchant_data WHERE id = 1
[TeaQL SQL][query][346us] 1 rows returned outcome=success batchOutcome=not_applicable comment=matched merchant read with relation purpose=matched benchmark read auditReason= tracePath=[0:OPERATION:Merchant=query -> 1:REQUEST:Merchant= -> 2:PROVIDER:postgresql= -> 3:SQL:select=] mutationLineage=[]
SQL: -- TeaQL PLAIN
SELECT id, name, code, external_id AS externalId, task_life_hours AS taskLifeHours, version, platform FROM merchant_data WHERE (version > 0) AND (external_id = 'matched-merchant') LIMIT 1000 OFFSET 0
[TeaQL SQL][query][344us] 1 rows returned outcome=success batchOutcome=not_applicable comment=matched merchant read with relation purpose=matched benchmark read auditReason= tracePath=[0:OPERATION:Merchant=query -> 1:REQUEST:Merchant= -> 2:RELATION:platform=Merchant.platform -> 3:PROVIDER:postgresql= -> 4:SQL:select=] mutationLineage=[]
SQL: -- TeaQL PLAIN
SELECT id, create_time AS createTime, last_update_time AS lastUpdateTime, name, version FROM platform_data WHERE (version > 0) AND (id = 1) LIMIT 1 OFFSET 0
[TeaQL SQL][query][486us] 1 rows returned outcome=success batchOutcome=not_applicable comment=matched update lookup purpose=matched benchmark write auditReason= tracePath=[0:OPERATION:Merchant=query -> 1:REQUEST:Merchant= -> 2:PROVIDER:postgresql= -> 3:SQL:select=] mutationLineage=[]
SQL: -- TeaQL PLAIN
SELECT id, name, code, external_id AS externalId, task_life_hours AS taskLifeHours, platform, version FROM merchant_data WHERE (version > 0) AND (external_id = 'matched-merchant') LIMIT 1000 OFFSET 0
[TeaQL SQL][mutation][379us] 1 rows affected outcome=success batchOutcome=not_applicable comment= purpose= auditReason=matched benchmark update tracePath=[0:OPERATION:Merchant=mutation -> 1:ENTITY:Merchant= -> 2:PROVIDER:postgresql= -> 3:SQL:update=] mutationLineage=[0:AUDIT_REASON:Merchant#1=matched benchmark update]
SQL: -- TeaQL PLAIN
UPDATE merchant_data SET task_life_hours = 48 , version = 499 WHERE id = 1 AND version = 498
[TeaQL SQL][query][301us] 1 rows returned outcome=success batchOutcome=not_applicable comment=matched benchmark update purpose=runtime: read authoritative persisted mutation result auditReason=matched benchmark update tracePath=[0:OPERATION:Merchant=query -> 1:REQUEST:Merchant= -> 2:PROVIDER:postgresql= -> 3:SQL:select=] mutationLineage=[0:AUDIT_REASON:Merchant#1=matched benchmark update]
SQL: -- TeaQL PLAIN
SELECT * FROM merchant_data WHERE id = 1
[TeaQL SQL][query][334us] 1 rows returned outcome=success batchOutcome=not_applicable comment=matched merchant read with relation purpose=matched benchmark read auditReason= tracePath=[0:OPERATION:Merchant=query -> 1:REQUEST:Merchant= -> 2:PROVIDER:postgresql= -> 3:SQL:select=] mutationLineage=[]
SQL: -- TeaQL PLAIN
SELECT id, name, code, external_id AS externalId, task_life_hours AS taskLifeHours, version, platform FROM merchant_data WHERE (version > 0) AND (external_id = 'matched-merchant') LIMIT 1000 OFFSET 0
[TeaQL SQL][query][302us] 1 rows returned outcome=success batchOutcome=not_applicable comment=matched merchant read with relation purpose=matched benchmark read auditReason= tracePath=[0:OPERATION:Merchant=query -> 1:REQUEST:Merchant= -> 2:RELATION:platform=Merchant.platform -> 3:PROVIDER:postgresql= -> 4:SQL:select=] mutationLineage=[]
SQL: -- TeaQL PLAIN
SELECT id, create_time AS createTime, last_update_time AS lastUpdateTime, name, version FROM platform_data WHERE (version > 0) AND (id = 1) LIMIT 1 OFFSET 0
[TeaQL SQL][query][482us] 1 rows returned outcome=success batchOutcome=not_applicable comment=matched update lookup purpose=matched benchmark write auditReason= tracePath=[0:OPERATION:Merchant=query -> 1:REQUEST:Merchant= -> 2:PROVIDER:postgresql= -> 3:SQL:select=] mutationLineage=[]
SQL: -- TeaQL PLAIN
SELECT id, name, code, external_id AS externalId, task_life_hours AS taskLifeHours, platform, version FROM merchant_data WHERE (version > 0) AND (external_id = 'matched-merchant') LIMIT 1000 OFFSET 0
[TeaQL SQL][mutation][376us] 1 rows affected outcome=success batchOutcome=not_applicable comment= purpose= auditReason=matched benchmark update tracePath=[0:OPERATION:Merchant=mutation -> 1:ENTITY:Merchant= -> 2:PROVIDER:postgresql= -> 3:SQL:update=] mutationLineage=[0:AUDIT_REASON:Merchant#1=matched benchmark update]
SQL: -- TeaQL PLAIN
UPDATE merchant_data SET task_life_hours = 49 , version = 500 WHERE id = 1 AND version = 499
[TeaQL SQL][query][324us] 1 rows returned outcome=success batchOutcome=not_applicable comment=matched benchmark update purpose=runtime: read authoritative persisted mutation result auditReason=matched benchmark update tracePath=[0:OPERATION:Merchant=query -> 1:REQUEST:Merchant= -> 2:PROVIDER:postgresql= -> 3:SQL:select=] mutationLineage=[0:AUDIT_REASON:Merchant#1=matched benchmark update]
SQL: -- TeaQL PLAIN
SELECT * FROM merchant_data WHERE id = 1
[TeaQL SQL][query][379us] 1 rows returned outcome=success batchOutcome=not_applicable comment=matched merchant read with relation purpose=matched benchmark read auditReason= tracePath=[0:OPERATION:Merchant=query -> 1:REQUEST:Merchant= -> 2:PROVIDER:postgresql= -> 3:SQL:select=] mutationLineage=[]
SQL: -- TeaQL PLAIN
SELECT id, name, code, external_id AS externalId, task_life_hours AS taskLifeHours, version, platform FROM merchant_data WHERE (version > 0) AND (external_id = 'matched-merchant') LIMIT 1000 OFFSET 0
[TeaQL SQL][query][290us] 1 rows returned outcome=success batchOutcome=not_applicable comment=matched merchant read with relation purpose=matched benchmark read auditReason= tracePath=[0:OPERATION:Merchant=query -> 1:REQUEST:Merchant= -> 2:RELATION:platform=Merchant.platform -> 3:PROVIDER:postgresql= -> 4:SQL:select=] mutationLineage=[]
SQL: -- TeaQL PLAIN
SELECT id, create_time AS createTime, last_update_time AS lastUpdateTime, name, version FROM platform_data WHERE (version > 0) AND (id = 1) LIMIT 1 OFFSET 0
[TeaQL SQL][query][390us] 1 rows returned outcome=success batchOutcome=not_applicable comment=matched update lookup purpose=matched benchmark write auditReason= tracePath=[0:OPERATION:Merchant=query -> 1:REQUEST:Merchant= -> 2:PROVIDER:postgresql= -> 3:SQL:select=] mutationLineage=[]
SQL: -- TeaQL PLAIN
SELECT id, name, code, external_id AS externalId, task_life_hours AS taskLifeHours, platform, version FROM merchant_data WHERE (version > 0) AND (external_id = 'matched-merchant') LIMIT 1000 OFFSET 0
[TeaQL SQL][mutation][386us] 1 rows affected outcome=success batchOutcome=not_applicable comment= purpose= auditReason=matched benchmark update tracePath=[0:OPERATION:Merchant=mutation -> 1:ENTITY:Merchant= -> 2:PROVIDER:postgresql= -> 3:SQL:update=] mutationLineage=[0:AUDIT_REASON:Merchant#1=matched benchmark update]
SQL: -- TeaQL PLAIN
UPDATE merchant_data SET task_life_hours = 48 , version = 501 WHERE id = 1 AND version = 500
[TeaQL SQL][query][290us] 1 rows returned outcome=success batchOutcome=not_applicable comment=matched benchmark update purpose=runtime: read authoritative persisted mutation result auditReason=matched benchmark update tracePath=[0:OPERATION:Merchant=query -> 1:REQUEST:Merchant= -> 2:PROVIDER:postgresql= -> 3:SQL:select=] mutationLineage=[0:AUDIT_REASON:Merchant#1=matched benchmark update]
SQL: -- TeaQL PLAIN
SELECT * FROM merchant_data WHERE id = 1
[TeaQL SQL][query][469us] 1 rows returned outcome=success batchOutcome=not_applicable comment=matched merchant read with relation purpose=matched benchmark read auditReason= tracePath=[0:OPERATION:Merchant=query -> 1:REQUEST:Merchant= -> 2:PROVIDER:postgresql= -> 3:SQL:select=] mutationLineage=[]
SQL: -- TeaQL PLAIN
SELECT id, name, code, external_id AS externalId, task_life_hours AS taskLifeHours, version, platform FROM merchant_data WHERE (version > 0) AND (external_id = 'matched-merchant') LIMIT 1000 OFFSET 0
[TeaQL SQL][query][361us] 1 rows returned outcome=success batchOutcome=not_applicable comment=matched merchant read with relation purpose=matched benchmark read auditReason= tracePath=[0:OPERATION:Merchant=query -> 1:REQUEST:Merchant= -> 2:RELATION:platform=Merchant.platform -> 3:PROVIDER:postgresql= -> 4:SQL:select=] mutationLineage=[]
SQL: -- TeaQL PLAIN
SELECT id, create_time AS createTime, last_update_time AS lastUpdateTime, name, version FROM platform_data WHERE (version > 0) AND (id = 1) LIMIT 1 OFFSET 0
[TeaQL SQL][query][536us] 1 rows returned outcome=success batchOutcome=not_applicable comment=matched update lookup purpose=matched benchmark write auditReason= tracePath=[0:OPERATION:Merchant=query -> 1:REQUEST:Merchant= -> 2:PROVIDER:postgresql= -> 3:SQL:select=] mutationLineage=[]
SQL: -- TeaQL PLAIN
SELECT id, name, code, external_id AS externalId, task_life_hours AS taskLifeHours, platform, version FROM merchant_data WHERE (version > 0) AND (external_id = 'matched-merchant') LIMIT 1000 OFFSET 0
[TeaQL SQL][mutation][404us] 1 rows affected outcome=success batchOutcome=not_applicable comment= purpose= auditReason=matched benchmark update tracePath=[0:OPERATION:Merchant=mutation -> 1:ENTITY:Merchant= -> 2:PROVIDER:postgresql= -> 3:SQL:update=] mutationLineage=[0:AUDIT_REASON:Merchant#1=matched benchmark update]
SQL: -- TeaQL PLAIN
UPDATE merchant_data SET task_life_hours = 49 , version = 502 WHERE id = 1 AND version = 501
[TeaQL SQL][query][323us] 1 rows returned outcome=success batchOutcome=not_applicable comment=matched benchmark update purpose=runtime: read authoritative persisted mutation result auditReason=matched benchmark update tracePath=[0:OPERATION:Merchant=query -> 1:REQUEST:Merchant= -> 2:PROVIDER:postgresql= -> 3:SQL:select=] mutationLineage=[0:AUDIT_REASON:Merchant#1=matched benchmark update]
SQL: -- TeaQL PLAIN
SELECT * FROM merchant_data WHERE id = 1
[TeaQL SQL][query][319us] 1 rows returned outcome=success batchOutcome=not_applicable comment=matched merchant read with relation purpose=matched benchmark read auditReason= tracePath=[0:OPERATION:Merchant=query -> 1:REQUEST:Merchant= -> 2:PROVIDER:postgresql= -> 3:SQL:select=] mutationLineage=[]
SQL: -- TeaQL PLAIN
SELECT id, name, code, external_id AS externalId, task_life_hours AS taskLifeHours, version, platform FROM merchant_data WHERE (version > 0) AND (external_id = 'matched-merchant') LIMIT 1000 OFFSET 0
[TeaQL SQL][query][325us] 1 rows returned outcome=success batchOutcome=not_applicable comment=matched merchant read with relation purpose=matched benchmark read auditReason= tracePath=[0:OPERATION:Merchant=query -> 1:REQUEST:Merchant= -> 2:RELATION:platform=Merchant.platform -> 3:PROVIDER:postgresql= -> 4:SQL:select=] mutationLineage=[]
SQL: -- TeaQL PLAIN
SELECT id, create_time AS createTime, last_update_time AS lastUpdateTime, name, version FROM platform_data WHERE (version > 0) AND (id = 1) LIMIT 1 OFFSET 0
[TeaQL SQL][query][509us] 1 rows returned outcome=success batchOutcome=not_applicable comment=matched update lookup purpose=matched benchmark write auditReason= tracePath=[0:OPERATION:Merchant=query -> 1:REQUEST:Merchant= -> 2:PROVIDER:postgresql= -> 3:SQL:select=] mutationLineage=[]
SQL: -- TeaQL PLAIN
SELECT id, name, code, external_id AS externalId, task_life_hours AS taskLifeHours, platform, version FROM merchant_data WHERE (version > 0) AND (external_id = 'matched-merchant') LIMIT 1000 OFFSET 0
[TeaQL SQL][mutation][410us] 1 rows affected outcome=success batchOutcome=not_applicable comment= purpose= auditReason=matched benchmark update tracePath=[0:OPERATION:Merchant=mutation -> 1:ENTITY:Merchant= -> 2:PROVIDER:postgresql= -> 3:SQL:update=] mutationLineage=[0:AUDIT_REASON:Merchant#1=matched benchmark update]
SQL: -- TeaQL PLAIN
UPDATE merchant_data SET task_life_hours = 48 , version = 503 WHERE id = 1 AND version = 502
[TeaQL SQL][query][319us] 1 rows returned outcome=success batchOutcome=not_applicable comment=matched benchmark update purpose=runtime: read authoritative persisted mutation result auditReason=matched benchmark update tracePath=[0:OPERATION:Merchant=query -> 1:REQUEST:Merchant= -> 2:PROVIDER:postgresql= -> 3:SQL:select=] mutationLineage=[0:AUDIT_REASON:Merchant#1=matched benchmark update]
SQL: -- TeaQL PLAIN
SELECT * FROM merchant_data WHERE id = 1
[TeaQL SQL][query][311us] 1 rows returned outcome=success batchOutcome=not_applicable comment=matched merchant read with relation purpose=matched benchmark read auditReason= tracePath=[0:OPERATION:Merchant=query -> 1:REQUEST:Merchant= -> 2:PROVIDER:postgresql= -> 3:SQL:select=] mutationLineage=[]
SQL: -- TeaQL PLAIN
SELECT id, name, code, external_id AS externalId, task_life_hours AS taskLifeHours, version, platform FROM merchant_data WHERE (version > 0) AND (external_id = 'matched-merchant') LIMIT 1000 OFFSET 0
[TeaQL SQL][query][381us] 1 rows returned outcome=success batchOutcome=not_applicable comment=matched merchant read with relation purpose=matched benchmark read auditReason= tracePath=[0:OPERATION:Merchant=query -> 1:REQUEST:Merchant= -> 2:RELATION:platform=Merchant.platform -> 3:PROVIDER:postgresql= -> 4:SQL:select=] mutationLineage=[]
SQL: -- TeaQL PLAIN
SELECT id, create_time AS createTime, last_update_time AS lastUpdateTime, name, version FROM platform_data WHERE (version > 0) AND (id = 1) LIMIT 1 OFFSET 0
[TeaQL SQL][query][556us] 1 rows returned outcome=success batchOutcome=not_applicable comment=matched update lookup purpose=matched benchmark write auditReason= tracePath=[0:OPERATION:Merchant=query -> 1:REQUEST:Merchant= -> 2:PROVIDER:postgresql= -> 3:SQL:select=] mutationLineage=[]
SQL: -- TeaQL PLAIN
SELECT id, name, code, external_id AS externalId, task_life_hours AS taskLifeHours, platform, version FROM merchant_data WHERE (version > 0) AND (external_id = 'matched-merchant') LIMIT 1000 OFFSET 0
[TeaQL SQL][mutation][397us] 1 rows affected outcome=success batchOutcome=not_applicable comment= purpose= auditReason=matched benchmark update tracePath=[0:OPERATION:Merchant=mutation -> 1:ENTITY:Merchant= -> 2:PROVIDER:postgresql= -> 3:SQL:update=] mutationLineage=[0:AUDIT_REASON:Merchant#1=matched benchmark update]
SQL: -- TeaQL PLAIN
UPDATE merchant_data SET task_life_hours = 49 , version = 504 WHERE id = 1 AND version = 503
[TeaQL SQL][query][306us] 1 rows returned outcome=success batchOutcome=not_applicable comment=matched benchmark update purpose=runtime: read authoritative persisted mutation result auditReason=matched benchmark update tracePath=[0:OPERATION:Merchant=query -> 1:REQUEST:Merchant= -> 2:PROVIDER:postgresql= -> 3:SQL:select=] mutationLineage=[0:AUDIT_REASON:Merchant#1=matched benchmark update]
SQL: -- TeaQL PLAIN
SELECT * FROM merchant_data WHERE id = 1
[TeaQL SQL][query][416us] 1 rows returned outcome=success batchOutcome=not_applicable comment=matched merchant read with relation purpose=matched benchmark read auditReason= tracePath=[0:OPERATION:Merchant=query -> 1:REQUEST:Merchant= -> 2:PROVIDER:postgresql= -> 3:SQL:select=] mutationLineage=[]
SQL: -- TeaQL PLAIN
SELECT id, name, code, external_id AS externalId, task_life_hours AS taskLifeHours, version, platform FROM merchant_data WHERE (version > 0) AND (external_id = 'matched-merchant') LIMIT 1000 OFFSET 0
[TeaQL SQL][query][333us] 1 rows returned outcome=success batchOutcome=not_applicable comment=matched merchant read with relation purpose=matched benchmark read auditReason= tracePath=[0:OPERATION:Merchant=query -> 1:REQUEST:Merchant= -> 2:RELATION:platform=Merchant.platform -> 3:PROVIDER:postgresql= -> 4:SQL:select=] mutationLineage=[]
SQL: -- TeaQL PLAIN
SELECT id, create_time AS createTime, last_update_time AS lastUpdateTime, name, version FROM platform_data WHERE (version > 0) AND (id = 1) LIMIT 1 OFFSET 0
[TeaQL SQL][query][435us] 1 rows returned outcome=success batchOutcome=not_applicable comment=matched update lookup purpose=matched benchmark write auditReason= tracePath=[0:OPERATION:Merchant=query -> 1:REQUEST:Merchant= -> 2:PROVIDER:postgresql= -> 3:SQL:select=] mutationLineage=[]
SQL: -- TeaQL PLAIN
SELECT id, name, code, external_id AS externalId, task_life_hours AS taskLifeHours, platform, version FROM merchant_data WHERE (version > 0) AND (external_id = 'matched-merchant') LIMIT 1000 OFFSET 0
[TeaQL SQL][mutation][340us] 1 rows affected outcome=success batchOutcome=not_applicable comment= purpose= auditReason=matched benchmark update tracePath=[0:OPERATION:Merchant=mutation -> 1:ENTITY:Merchant= -> 2:PROVIDER:postgresql= -> 3:SQL:update=] mutationLineage=[0:AUDIT_REASON:Merchant#1=matched benchmark update]
SQL: -- TeaQL PLAIN
UPDATE merchant_data SET task_life_hours = 48 , version = 505 WHERE id = 1 AND version = 504
[TeaQL SQL][query][256us] 1 rows returned outcome=success batchOutcome=not_applicable comment=matched benchmark update purpose=runtime: read authoritative persisted mutation result auditReason=matched benchmark update tracePath=[0:OPERATION:Merchant=query -> 1:REQUEST:Merchant= -> 2:PROVIDER:postgresql= -> 3:SQL:select=] mutationLineage=[0:AUDIT_REASON:Merchant#1=matched benchmark update]
SQL: -- TeaQL PLAIN
SELECT * FROM merchant_data WHERE id = 1
[TeaQL SQL][query][315us] 1 rows returned outcome=success batchOutcome=not_applicable comment=matched merchant read with relation purpose=matched benchmark read auditReason= tracePath=[0:OPERATION:Merchant=query -> 1:REQUEST:Merchant= -> 2:PROVIDER:postgresql= -> 3:SQL:select=] mutationLineage=[]
SQL: -- TeaQL PLAIN
SELECT id, name, code, external_id AS externalId, task_life_hours AS taskLifeHours, version, platform FROM merchant_data WHERE (version > 0) AND (external_id = 'matched-merchant') LIMIT 1000 OFFSET 0
[TeaQL SQL][query][295us] 1 rows returned outcome=success batchOutcome=not_applicable comment=matched merchant read with relation purpose=matched benchmark read auditReason= tracePath=[0:OPERATION:Merchant=query -> 1:REQUEST:Merchant= -> 2:RELATION:platform=Merchant.platform -> 3:PROVIDER:postgresql= -> 4:SQL:select=] mutationLineage=[]
SQL: -- TeaQL PLAIN
SELECT id, create_time AS createTime, last_update_time AS lastUpdateTime, name, version FROM platform_data WHERE (version > 0) AND (id = 1) LIMIT 1 OFFSET 0
[TeaQL SQL][query][547us] 1 rows returned outcome=success batchOutcome=not_applicable comment=matched update lookup purpose=matched benchmark write auditReason= tracePath=[0:OPERATION:Merchant=query -> 1:REQUEST:Merchant= -> 2:PROVIDER:postgresql= -> 3:SQL:select=] mutationLineage=[]
SQL: -- TeaQL PLAIN
SELECT id, name, code, external_id AS externalId, task_life_hours AS taskLifeHours, platform, version FROM merchant_data WHERE (version > 0) AND (external_id = 'matched-merchant') LIMIT 1000 OFFSET 0
[TeaQL SQL][mutation][450us] 1 rows affected outcome=success batchOutcome=not_applicable comment= purpose= auditReason=matched benchmark update tracePath=[0:OPERATION:Merchant=mutation -> 1:ENTITY:Merchant= -> 2:PROVIDER:postgresql= -> 3:SQL:update=] mutationLineage=[0:AUDIT_REASON:Merchant#1=matched benchmark update]
SQL: -- TeaQL PLAIN
UPDATE merchant_data SET task_life_hours = 49 , version = 506 WHERE id = 1 AND version = 505
[TeaQL SQL][query][348us] 1 rows returned outcome=success batchOutcome=not_applicable comment=matched benchmark update purpose=runtime: read authoritative persisted mutation result auditReason=matched benchmark update tracePath=[0:OPERATION:Merchant=query -> 1:REQUEST:Merchant= -> 2:PROVIDER:postgresql= -> 3:SQL:select=] mutationLineage=[0:AUDIT_REASON:Merchant#1=matched benchmark update]
SQL: -- TeaQL PLAIN
SELECT * FROM merchant_data WHERE id = 1
[TeaQL SQL][query][402us] 1 rows returned outcome=success batchOutcome=not_applicable comment=matched merchant read with relation purpose=matched benchmark read auditReason= tracePath=[0:OPERATION:Merchant=query -> 1:REQUEST:Merchant= -> 2:PROVIDER:postgresql= -> 3:SQL:select=] mutationLineage=[]
SQL: -- TeaQL PLAIN
SELECT id, name, code, external_id AS externalId, task_life_hours AS taskLifeHours, version, platform FROM merchant_data WHERE (version > 0) AND (external_id = 'matched-merchant') LIMIT 1000 OFFSET 0
[TeaQL SQL][query][369us] 1 rows returned outcome=success batchOutcome=not_applicable comment=matched merchant read with relation purpose=matched benchmark read auditReason= tracePath=[0:OPERATION:Merchant=query -> 1:REQUEST:Merchant= -> 2:RELATION:platform=Merchant.platform -> 3:PROVIDER:postgresql= -> 4:SQL:select=] mutationLineage=[]
SQL: -- TeaQL PLAIN
SELECT id, create_time AS createTime, last_update_time AS lastUpdateTime, name, version FROM platform_data WHERE (version > 0) AND (id = 1) LIMIT 1 OFFSET 0
[TeaQL SQL][query][504us] 1 rows returned outcome=success batchOutcome=not_applicable comment=matched update lookup purpose=matched benchmark write auditReason= tracePath=[0:OPERATION:Merchant=query -> 1:REQUEST:Merchant= -> 2:PROVIDER:postgresql= -> 3:SQL:select=] mutationLineage=[]
SQL: -- TeaQL PLAIN
SELECT id, name, code, external_id AS externalId, task_life_hours AS taskLifeHours, platform, version FROM merchant_data WHERE (version > 0) AND (external_id = 'matched-merchant') LIMIT 1000 OFFSET 0
[TeaQL SQL][mutation][399us] 1 rows affected outcome=success batchOutcome=not_applicable comment= purpose= auditReason=matched benchmark update tracePath=[0:OPERATION:Merchant=mutation -> 1:ENTITY:Merchant= -> 2:PROVIDER:postgresql= -> 3:SQL:update=] mutationLineage=[0:AUDIT_REASON:Merchant#1=matched benchmark update]
SQL: -- TeaQL PLAIN
UPDATE merchant_data SET task_life_hours = 48 , version = 507 WHERE id = 1 AND version = 506
[TeaQL SQL][query][350us] 1 rows returned outcome=success batchOutcome=not_applicable comment=matched benchmark update purpose=runtime: read authoritative persisted mutation result auditReason=matched benchmark update tracePath=[0:OPERATION:Merchant=query -> 1:REQUEST:Merchant= -> 2:PROVIDER:postgresql= -> 3:SQL:select=] mutationLineage=[0:AUDIT_REASON:Merchant#1=matched benchmark update]
SQL: -- TeaQL PLAIN
SELECT * FROM merchant_data WHERE id = 1
[TeaQL SQL][query][287us] 1 rows returned outcome=success batchOutcome=not_applicable comment=matched merchant read with relation purpose=matched benchmark read auditReason= tracePath=[0:OPERATION:Merchant=query -> 1:REQUEST:Merchant= -> 2:PROVIDER:postgresql= -> 3:SQL:select=] mutationLineage=[]
SQL: -- TeaQL PLAIN
SELECT id, name, code, external_id AS externalId, task_life_hours AS taskLifeHours, version, platform FROM merchant_data WHERE (version > 0) AND (external_id = 'matched-merchant') LIMIT 1000 OFFSET 0
[TeaQL SQL][query][275us] 1 rows returned outcome=success batchOutcome=not_applicable comment=matched merchant read with relation purpose=matched benchmark read auditReason= tracePath=[0:OPERATION:Merchant=query -> 1:REQUEST:Merchant= -> 2:RELATION:platform=Merchant.platform -> 3:PROVIDER:postgresql= -> 4:SQL:select=] mutationLineage=[]
SQL: -- TeaQL PLAIN
SELECT id, create_time AS createTime, last_update_time AS lastUpdateTime, name, version FROM platform_data WHERE (version > 0) AND (id = 1) LIMIT 1 OFFSET 0
