Started StandaloneProbe in 0.457 seconds
[TeaQL SQL][query][221988us] 1 rows returned outcome=success batchOutcome=not_applicable comment=matched merchant read with relation purpose=matched benchmark read auditReason= tracePath=[0:OPERATION:Merchant=query -> 1:REQUEST:Merchant= -> 2:PROVIDER:postgresql= -> 3:SQL:select=] mutationLineage=[]
SQL: -- TeaQL PLAIN
SELECT id, name, code, external_id AS externalId, task_life_hours AS taskLifeHours, version, platform FROM merchant_data WHERE (version > 0) AND (external_id = 'matched-merchant') LIMIT 1000 OFFSET 0
[TeaQL SQL][query][1778us] 1 rows returned outcome=success batchOutcome=not_applicable comment=matched merchant read with relation purpose=matched benchmark read auditReason= tracePath=[0:OPERATION:Merchant=query -> 1:REQUEST:Merchant= -> 2:RELATION:platform=Merchant.platform -> 3:PROVIDER:postgresql= -> 4:SQL:select=] mutationLineage=[]
SQL: -- TeaQL PLAIN
SELECT id, create_time AS createTime, last_update_time AS lastUpdateTime, name, version FROM platform_data WHERE (version > 0) AND (id = 1) LIMIT 1 OFFSET 0
[TeaQL SQL][query][692us] 1 rows returned outcome=success batchOutcome=not_applicable comment=matched merchant read with relation purpose=matched benchmark read auditReason= tracePath=[0:OPERATION:Merchant=query -> 1:REQUEST:Merchant= -> 2:PROVIDER:postgresql= -> 3:SQL:select=] mutationLineage=[]
SQL: -- TeaQL PLAIN
SELECT id, name, code, external_id AS externalId, task_life_hours AS taskLifeHours, version, platform FROM merchant_data WHERE (version > 0) AND (external_id = 'matched-merchant') LIMIT 1000 OFFSET 0
[TeaQL SQL][query][734us] 1 rows returned outcome=success batchOutcome=not_applicable comment=matched merchant read with relation purpose=matched benchmark read auditReason= tracePath=[0:OPERATION:Merchant=query -> 1:REQUEST:Merchant= -> 2:RELATION:platform=Merchant.platform -> 3:PROVIDER:postgresql= -> 4:SQL:select=] mutationLineage=[]
SQL: -- TeaQL PLAIN
SELECT id, create_time AS createTime, last_update_time AS lastUpdateTime, name, version FROM platform_data WHERE (version > 0) AND (id = 1) LIMIT 1 OFFSET 0
[TeaQL SQL][query][669us] 1 rows returned outcome=success batchOutcome=not_applicable comment=matched merchant read with relation purpose=matched benchmark read auditReason= tracePath=[0:OPERATION:Merchant=query -> 1:REQUEST:Merchant= -> 2:PROVIDER:postgresql= -> 3:SQL:select=] mutationLineage=[]
SQL: -- TeaQL PLAIN
SELECT id, name, code, external_id AS externalId, task_life_hours AS taskLifeHours, version, platform FROM merchant_data WHERE (version > 0) AND (external_id = 'matched-merchant') LIMIT 1000 OFFSET 0
[TeaQL SQL][query][664us] 1 rows returned outcome=success batchOutcome=not_applicable comment=matched merchant read with relation purpose=matched benchmark read auditReason= tracePath=[0:OPERATION:Merchant=query -> 1:REQUEST:Merchant= -> 2:RELATION:platform=Merchant.platform -> 3:PROVIDER:postgresql= -> 4:SQL:select=] mutationLineage=[]
SQL: -- TeaQL PLAIN
SELECT id, create_time AS createTime, last_update_time AS lastUpdateTime, name, version FROM platform_data WHERE (version > 0) AND (id = 1) LIMIT 1 OFFSET 0
[TeaQL SQL][query][1037us] 1 rows returned outcome=success batchOutcome=not_applicable comment=matched merchant read with relation purpose=matched benchmark read auditReason= tracePath=[0:OPERATION:Merchant=query -> 1:REQUEST:Merchant= -> 2:PROVIDER:postgresql= -> 3:SQL:select=] mutationLineage=[]
SQL: -- TeaQL PLAIN
SELECT id, name, code, external_id AS externalId, task_life_hours AS taskLifeHours, version, platform FROM merchant_data WHERE (version > 0) AND (external_id = 'matched-merchant') LIMIT 1000 OFFSET 0
[TeaQL SQL][query][1151us] 1 rows returned outcome=success batchOutcome=not_applicable comment=matched merchant read with relation purpose=matched benchmark read auditReason= tracePath=[0:OPERATION:Merchant=query -> 1:REQUEST:Merchant= -> 2:RELATION:platform=Merchant.platform -> 3:PROVIDER:postgresql= -> 4:SQL:select=] mutationLineage=[]
SQL: -- TeaQL PLAIN
SELECT id, create_time AS createTime, last_update_time AS lastUpdateTime, name, version FROM platform_data WHERE (version > 0) AND (id = 1) LIMIT 1 OFFSET 0
[TeaQL SQL][query][857us] 1 rows returned outcome=success batchOutcome=not_applicable comment=matched merchant read with relation purpose=matched benchmark read auditReason= tracePath=[0:OPERATION:Merchant=query -> 1:REQUEST:Merchant= -> 2:PROVIDER:postgresql= -> 3:SQL:select=] mutationLineage=[]
SQL: -- TeaQL PLAIN
SELECT id, name, code, external_id AS externalId, task_life_hours AS taskLifeHours, version, platform FROM merchant_data WHERE (version > 0) AND (external_id = 'matched-merchant') LIMIT 1000 OFFSET 0
[TeaQL SQL][query][871us] 1 rows returned outcome=success batchOutcome=not_applicable comment=matched merchant read with relation purpose=matched benchmark read auditReason= tracePath=[0:OPERATION:Merchant=query -> 1:REQUEST:Merchant= -> 2:RELATION:platform=Merchant.platform -> 3:PROVIDER:postgresql= -> 4:SQL:select=] mutationLineage=[]
SQL: -- TeaQL PLAIN
SELECT id, create_time AS createTime, last_update_time AS lastUpdateTime, name, version FROM platform_data WHERE (version > 0) AND (id = 1) LIMIT 1 OFFSET 0
[TeaQL SQL][query][792us] 1 rows returned outcome=success batchOutcome=not_applicable comment=matched merchant read with relation purpose=matched benchmark read auditReason= tracePath=[0:OPERATION:Merchant=query -> 1:REQUEST:Merchant= -> 2:PROVIDER:postgresql= -> 3:SQL:select=] mutationLineage=[]
SQL: -- TeaQL PLAIN
SELECT id, name, code, external_id AS externalId, task_life_hours AS taskLifeHours, version, platform FROM merchant_data WHERE (version > 0) AND (external_id = 'matched-merchant') LIMIT 1000 OFFSET 0
[TeaQL SQL][query][1392us] 1 rows returned outcome=success batchOutcome=not_applicable comment=matched merchant read with relation purpose=matched benchmark read auditReason= tracePath=[0:OPERATION:Merchant=query -> 1:REQUEST:Merchant= -> 2:RELATION:platform=Merchant.platform -> 3:PROVIDER:postgresql= -> 4:SQL:select=] mutationLineage=[]
SQL: -- TeaQL PLAIN
SELECT id, create_time AS createTime, last_update_time AS lastUpdateTime, name, version FROM platform_data WHERE (version > 0) AND (id = 1) LIMIT 1 OFFSET 0
[TeaQL SQL][query][711us] 1 rows returned outcome=success batchOutcome=not_applicable comment=matched merchant read with relation purpose=matched benchmark read auditReason= tracePath=[0:OPERATION:Merchant=query -> 1:REQUEST:Merchant= -> 2:PROVIDER:postgresql= -> 3:SQL:select=] mutationLineage=[]
SQL: -- TeaQL PLAIN
SELECT id, name, code, external_id AS externalId, task_life_hours AS taskLifeHours, version, platform FROM merchant_data WHERE (version > 0) AND (external_id = 'matched-merchant') LIMIT 1000 OFFSET 0
[TeaQL SQL][query][732us] 1 rows returned outcome=success batchOutcome=not_applicable comment=matched merchant read with relation purpose=matched benchmark read auditReason= tracePath=[0:OPERATION:Merchant=query -> 1:REQUEST:Merchant= -> 2:RELATION:platform=Merchant.platform -> 3:PROVIDER:postgresql= -> 4:SQL:select=] mutationLineage=[]
SQL: -- TeaQL PLAIN
SELECT id, create_time AS createTime, last_update_time AS lastUpdateTime, name, version FROM platform_data WHERE (version > 0) AND (id = 1) LIMIT 1 OFFSET 0
[TeaQL SQL][query][455us] 1 rows returned outcome=success batchOutcome=not_applicable comment=matched merchant read with relation purpose=matched benchmark read auditReason= tracePath=[0:OPERATION:Merchant=query -> 1:REQUEST:Merchant= -> 2:PROVIDER:postgresql= -> 3:SQL:select=] mutationLineage=[]
SQL: -- TeaQL PLAIN
SELECT id, name, code, external_id AS externalId, task_life_hours AS taskLifeHours, version, platform FROM merchant_data WHERE (version > 0) AND (external_id = 'matched-merchant') LIMIT 1000 OFFSET 0
[TeaQL SQL][query][591us] 1 rows returned outcome=success batchOutcome=not_applicable comment=matched merchant read with relation purpose=matched benchmark read auditReason= tracePath=[0:OPERATION:Merchant=query -> 1:REQUEST:Merchant= -> 2:RELATION:platform=Merchant.platform -> 3:PROVIDER:postgresql= -> 4:SQL:select=] mutationLineage=[]
SQL: -- TeaQL PLAIN
SELECT id, create_time AS createTime, last_update_time AS lastUpdateTime, name, version FROM platform_data WHERE (version > 0) AND (id = 1) LIMIT 1 OFFSET 0
[TeaQL SQL][query][597us] 1 rows returned outcome=success batchOutcome=not_applicable comment=matched merchant read with relation purpose=matched benchmark read auditReason= tracePath=[0:OPERATION:Merchant=query -> 1:REQUEST:Merchant= -> 2:PROVIDER:postgresql= -> 3:SQL:select=] mutationLineage=[]
SQL: -- TeaQL PLAIN
SELECT id, name, code, external_id AS externalId, task_life_hours AS taskLifeHours, version, platform FROM merchant_data WHERE (version > 0) AND (external_id = 'matched-merchant') LIMIT 1000 OFFSET 0
[TeaQL SQL][query][725us] 1 rows returned outcome=success batchOutcome=not_applicable comment=matched merchant read with relation purpose=matched benchmark read auditReason= tracePath=[0:OPERATION:Merchant=query -> 1:REQUEST:Merchant= -> 2:RELATION:platform=Merchant.platform -> 3:PROVIDER:postgresql= -> 4:SQL:select=] mutationLineage=[]
SQL: -- TeaQL PLAIN
SELECT id, create_time AS createTime, last_update_time AS lastUpdateTime, name, version FROM platform_data WHERE (version > 0) AND (id = 1) LIMIT 1 OFFSET 0
[TeaQL SQL][query][539us] 1 rows returned outcome=success batchOutcome=not_applicable comment=matched merchant read with relation purpose=matched benchmark read auditReason= tracePath=[0:OPERATION:Merchant=query -> 1:REQUEST:Merchant= -> 2:PROVIDER:postgresql= -> 3:SQL:select=] mutationLineage=[]
SQL: -- TeaQL PLAIN
SELECT id, name, code, external_id AS externalId, task_life_hours AS taskLifeHours, version, platform FROM merchant_data WHERE (version > 0) AND (external_id = 'matched-merchant') LIMIT 1000 OFFSET 0
[TeaQL SQL][query][761us] 1 rows returned outcome=success batchOutcome=not_applicable comment=matched merchant read with relation purpose=matched benchmark read auditReason= tracePath=[0:OPERATION:Merchant=query -> 1:REQUEST:Merchant= -> 2:RELATION:platform=Merchant.platform -> 3:PROVIDER:postgresql= -> 4:SQL:select=] mutationLineage=[]
SQL: -- TeaQL PLAIN
SELECT id, create_time AS createTime, last_update_time AS lastUpdateTime, name, version FROM platform_data WHERE (version > 0) AND (id = 1) LIMIT 1 OFFSET 0
[TeaQL SQL][query][533us] 1 rows returned outcome=success batchOutcome=not_applicable comment=matched merchant read with relation purpose=matched benchmark read auditReason= tracePath=[0:OPERATION:Merchant=query -> 1:REQUEST:Merchant= -> 2:PROVIDER:postgresql= -> 3:SQL:select=] mutationLineage=[]
SQL: -- TeaQL PLAIN
SELECT id, name, code, external_id AS externalId, task_life_hours AS taskLifeHours, version, platform FROM merchant_data WHERE (version > 0) AND (external_id = 'matched-merchant') LIMIT 1000 OFFSET 0
[TeaQL SQL][query][609us] 1 rows returned outcome=success batchOutcome=not_applicable comment=matched merchant read with relation purpose=matched benchmark read auditReason= tracePath=[0:OPERATION:Merchant=query -> 1:REQUEST:Merchant= -> 2:RELATION:platform=Merchant.platform -> 3:PROVIDER:postgresql= -> 4:SQL:select=] mutationLineage=[]
SQL: -- TeaQL PLAIN
SELECT id, create_time AS createTime, last_update_time AS lastUpdateTime, name, version FROM platform_data WHERE (version > 0) AND (id = 1) LIMIT 1 OFFSET 0
[TeaQL SQL][query][498us] 1 rows returned outcome=success batchOutcome=not_applicable comment=matched merchant read with relation purpose=matched benchmark read auditReason= tracePath=[0:OPERATION:Merchant=query -> 1:REQUEST:Merchant= -> 2:PROVIDER:postgresql= -> 3:SQL:select=] mutationLineage=[]
SQL: -- TeaQL PLAIN
SELECT id, name, code, external_id AS externalId, task_life_hours AS taskLifeHours, version, platform FROM merchant_data WHERE (version > 0) AND (external_id = 'matched-merchant') LIMIT 1000 OFFSET 0
[TeaQL SQL][query][590us] 1 rows returned outcome=success batchOutcome=not_applicable comment=matched merchant read with relation purpose=matched benchmark read auditReason= tracePath=[0:OPERATION:Merchant=query -> 1:REQUEST:Merchant= -> 2:RELATION:platform=Merchant.platform -> 3:PROVIDER:postgresql= -> 4:SQL:select=] mutationLineage=[]
SQL: -- TeaQL PLAIN
SELECT id, create_time AS createTime, last_update_time AS lastUpdateTime, name, version FROM platform_data WHERE (version > 0) AND (id = 1) LIMIT 1 OFFSET 0
[TeaQL SQL][query][536us] 1 rows returned outcome=success batchOutcome=not_applicable comment=matched merchant read with relation purpose=matched benchmark read auditReason= tracePath=[0:OPERATION:Merchant=query -> 1:REQUEST:Merchant= -> 2:PROVIDER:postgresql= -> 3:SQL:select=] mutationLineage=[]
SQL: -- TeaQL PLAIN
SELECT id, name, code, external_id AS externalId, task_life_hours AS taskLifeHours, version, platform FROM merchant_data WHERE (version > 0) AND (external_id = 'matched-merchant') LIMIT 1000 OFFSET 0
[TeaQL SQL][query][591us] 1 rows returned outcome=success batchOutcome=not_applicable comment=matched merchant read with relation purpose=matched benchmark read auditReason= tracePath=[0:OPERATION:Merchant=query -> 1:REQUEST:Merchant= -> 2:RELATION:platform=Merchant.platform -> 3:PROVIDER:postgresql= -> 4:SQL:select=] mutationLineage=[]
SQL: -- TeaQL PLAIN
SELECT id, create_time AS createTime, last_update_time AS lastUpdateTime, name, version FROM platform_data WHERE (version > 0) AND (id = 1) LIMIT 1 OFFSET 0
[TeaQL SQL][query][548us] 1 rows returned outcome=success batchOutcome=not_applicable comment=matched merchant read with relation purpose=matched benchmark read auditReason= tracePath=[0:OPERATION:Merchant=query -> 1:REQUEST:Merchant= -> 2:PROVIDER:postgresql= -> 3:SQL:select=] mutationLineage=[]
SQL: -- TeaQL PLAIN
SELECT id, name, code, external_id AS externalId, task_life_hours AS taskLifeHours, version, platform FROM merchant_data WHERE (version > 0) AND (external_id = 'matched-merchant') LIMIT 1000 OFFSET 0
[TeaQL SQL][query][573us] 1 rows returned outcome=success batchOutcome=not_applicable comment=matched merchant read with relation purpose=matched benchmark read auditReason= tracePath=[0:OPERATION:Merchant=query -> 1:REQUEST:Merchant= -> 2:RELATION:platform=Merchant.platform -> 3:PROVIDER:postgresql= -> 4:SQL:select=] mutationLineage=[]
SQL: -- TeaQL PLAIN
SELECT id, create_time AS createTime, last_update_time AS lastUpdateTime, name, version FROM platform_data WHERE (version > 0) AND (id = 1) LIMIT 1 OFFSET 0
[TeaQL SQL][query][474us] 1 rows returned outcome=success batchOutcome=not_applicable comment=matched merchant read with relation purpose=matched benchmark read auditReason= tracePath=[0:OPERATION:Merchant=query -> 1:REQUEST:Merchant= -> 2:PROVIDER:postgresql= -> 3:SQL:select=] mutationLineage=[]
SQL: -- TeaQL PLAIN
SELECT id, name, code, external_id AS externalId, task_life_hours AS taskLifeHours, version, platform FROM merchant_data WHERE (version > 0) AND (external_id = 'matched-merchant') LIMIT 1000 OFFSET 0
[TeaQL SQL][query][557us] 1 rows returned outcome=success batchOutcome=not_applicable comment=matched merchant read with relation purpose=matched benchmark read auditReason= tracePath=[0:OPERATION:Merchant=query -> 1:REQUEST:Merchant= -> 2:RELATION:platform=Merchant.platform -> 3:PROVIDER:postgresql= -> 4:SQL:select=] mutationLineage=[]
SQL: -- TeaQL PLAIN
SELECT id, create_time AS createTime, last_update_time AS lastUpdateTime, name, version FROM platform_data WHERE (version > 0) AND (id = 1) LIMIT 1 OFFSET 0
[TeaQL SQL][query][516us] 1 rows returned outcome=success batchOutcome=not_applicable comment=matched merchant read with relation purpose=matched benchmark read auditReason= tracePath=[0:OPERATION:Merchant=query -> 1:REQUEST:Merchant= -> 2:PROVIDER:postgresql= -> 3:SQL:select=] mutationLineage=[]
SQL: -- TeaQL PLAIN
SELECT id, name, code, external_id AS externalId, task_life_hours AS taskLifeHours, version, platform FROM merchant_data WHERE (version > 0) AND (external_id = 'matched-merchant') LIMIT 1000 OFFSET 0
[TeaQL SQL][query][517us] 1 rows returned outcome=success batchOutcome=not_applicable comment=matched merchant read with relation purpose=matched benchmark read auditReason= tracePath=[0:OPERATION:Merchant=query -> 1:REQUEST:Merchant= -> 2:RELATION:platform=Merchant.platform -> 3:PROVIDER:postgresql= -> 4:SQL:select=] mutationLineage=[]
SQL: -- TeaQL PLAIN
SELECT id, create_time AS createTime, last_update_time AS lastUpdateTime, name, version FROM platform_data WHERE (version > 0) AND (id = 1) LIMIT 1 OFFSET 0
[TeaQL SQL][query][624us] 1 rows returned outcome=success batchOutcome=not_applicable comment=matched merchant read with relation purpose=matched benchmark read auditReason= tracePath=[0:OPERATION:Merchant=query -> 1:REQUEST:Merchant= -> 2:PROVIDER:postgresql= -> 3:SQL:select=] mutationLineage=[]
SQL: -- TeaQL PLAIN
SELECT id, name, code, external_id AS externalId, task_life_hours AS taskLifeHours, version, platform FROM merchant_data WHERE (version > 0) AND (external_id = 'matched-merchant') LIMIT 1000 OFFSET 0
[TeaQL SQL][query][604us] 1 rows returned outcome=success batchOutcome=not_applicable comment=matched merchant read with relation purpose=matched benchmark read auditReason= tracePath=[0:OPERATION:Merchant=query -> 1:REQUEST:Merchant= -> 2:RELATION:platform=Merchant.platform -> 3:PROVIDER:postgresql= -> 4:SQL:select=] mutationLineage=[]
SQL: -- TeaQL PLAIN
SELECT id, create_time AS createTime, last_update_time AS lastUpdateTime, name, version FROM platform_data WHERE (version > 0) AND (id = 1) LIMIT 1 OFFSET 0
[TeaQL SQL][query][499us] 1 rows returned outcome=success batchOutcome=not_applicable comment=matched merchant read with relation purpose=matched benchmark read auditReason= tracePath=[0:OPERATION:Merchant=query -> 1:REQUEST:Merchant= -> 2:PROVIDER:postgresql= -> 3:SQL:select=] mutationLineage=[]
SQL: -- TeaQL PLAIN
SELECT id, name, code, external_id AS externalId, task_life_hours AS taskLifeHours, version, platform FROM merchant_data WHERE (version > 0) AND (external_id = 'matched-merchant') LIMIT 1000 OFFSET 0
[TeaQL SQL][query][765us] 1 rows returned outcome=success batchOutcome=not_applicable comment=matched merchant read with relation purpose=matched benchmark read auditReason= tracePath=[0:OPERATION:Merchant=query -> 1:REQUEST:Merchant= -> 2:RELATION:platform=Merchant.platform -> 3:PROVIDER:postgresql= -> 4:SQL:select=] mutationLineage=[]
SQL: -- TeaQL PLAIN
SELECT id, create_time AS createTime, last_update_time AS lastUpdateTime, name, version FROM platform_data WHERE (version > 0) AND (id = 1) LIMIT 1 OFFSET 0
[TeaQL SQL][query][466us] 1 rows returned outcome=success batchOutcome=not_applicable comment=matched merchant read with relation purpose=matched benchmark read auditReason= tracePath=[0:OPERATION:Merchant=query -> 1:REQUEST:Merchant= -> 2:PROVIDER:postgresql= -> 3:SQL:select=] mutationLineage=[]
SQL: -- TeaQL PLAIN
SELECT id, name, code, external_id AS externalId, task_life_hours AS taskLifeHours, version, platform FROM merchant_data WHERE (version > 0) AND (external_id = 'matched-merchant') LIMIT 1000 OFFSET 0
[TeaQL SQL][query][614us] 1 rows returned outcome=success batchOutcome=not_applicable comment=matched merchant read with relation purpose=matched benchmark read auditReason= tracePath=[0:OPERATION:Merchant=query -> 1:REQUEST:Merchant= -> 2:RELATION:platform=Merchant.platform -> 3:PROVIDER:postgresql= -> 4:SQL:select=] mutationLineage=[]
SQL: -- TeaQL PLAIN
SELECT id, create_time AS createTime, last_update_time AS lastUpdateTime, name, version FROM platform_data WHERE (version > 0) AND (id = 1) LIMIT 1 OFFSET 0
[TeaQL SQL][query][469us] 1 rows returned outcome=success batchOutcome=not_applicable comment=matched merchant read with relation purpose=matched benchmark read auditReason= tracePath=[0:OPERATION:Merchant=query -> 1:REQUEST:Merchant= -> 2:PROVIDER:postgresql= -> 3:SQL:select=] mutationLineage=[]
SQL: -- TeaQL PLAIN
SELECT id, name, code, external_id AS externalId, task_life_hours AS taskLifeHours, version, platform FROM merchant_data WHERE (version > 0) AND (external_id = 'matched-merchant') LIMIT 1000 OFFSET 0
[TeaQL SQL][query][480us] 1 rows returned outcome=success batchOutcome=not_applicable comment=matched merchant read with relation purpose=matched benchmark read auditReason= tracePath=[0:OPERATION:Merchant=query -> 1:REQUEST:Merchant= -> 2:RELATION:platform=Merchant.platform -> 3:PROVIDER:postgresql= -> 4:SQL:select=] mutationLineage=[]
SQL: -- TeaQL PLAIN
SELECT id, create_time AS createTime, last_update_time AS lastUpdateTime, name, version FROM platform_data WHERE (version > 0) AND (id = 1) LIMIT 1 OFFSET 0
[TeaQL SQL][query][521us] 1 rows returned outcome=success batchOutcome=not_applicable comment=matched merchant read with relation purpose=matched benchmark read auditReason= tracePath=[0:OPERATION:Merchant=query -> 1:REQUEST:Merchant= -> 2:PROVIDER:postgresql= -> 3:SQL:select=] mutationLineage=[]
SQL: -- TeaQL PLAIN
SELECT id, name, code, external_id AS externalId, task_life_hours AS taskLifeHours, version, platform FROM merchant_data WHERE (version > 0) AND (external_id = 'matched-merchant') LIMIT 1000 OFFSET 0
[TeaQL SQL][query][580us] 1 rows returned outcome=success batchOutcome=not_applicable comment=matched merchant read with relation purpose=matched benchmark read auditReason= tracePath=[0:OPERATION:Merchant=query -> 1:REQUEST:Merchant= -> 2:RELATION:platform=Merchant.platform -> 3:PROVIDER:postgresql= -> 4:SQL:select=] mutationLineage=[]
SQL: -- TeaQL PLAIN
SELECT id, create_time AS createTime, last_update_time AS lastUpdateTime, name, version FROM platform_data WHERE (version > 0) AND (id = 1) LIMIT 1 OFFSET 0
[TeaQL SQL][query][496us] 1 rows returned outcome=success batchOutcome=not_applicable comment=matched merchant read with relation purpose=matched benchmark read auditReason= tracePath=[0:OPERATION:Merchant=query -> 1:REQUEST:Merchant= -> 2:PROVIDER:postgresql= -> 3:SQL:select=] mutationLineage=[]
SQL: -- TeaQL PLAIN
SELECT id, name, code, external_id AS externalId, task_life_hours AS taskLifeHours, version, platform FROM merchant_data WHERE (version > 0) AND (external_id = 'matched-merchant') LIMIT 1000 OFFSET 0
[TeaQL SQL][query][611us] 1 rows returned outcome=success batchOutcome=not_applicable comment=matched merchant read with relation purpose=matched benchmark read auditReason= tracePath=[0:OPERATION:Merchant=query -> 1:REQUEST:Merchant= -> 2:RELATION:platform=Merchant.platform -> 3:PROVIDER:postgresql= -> 4:SQL:select=] mutationLineage=[]
SQL: -- TeaQL PLAIN
SELECT id, create_time AS createTime, last_update_time AS lastUpdateTime, name, version FROM platform_data WHERE (version > 0) AND (id = 1) LIMIT 1 OFFSET 0
[TeaQL SQL][query][504us] 1 rows returned outcome=success batchOutcome=not_applicable comment=matched merchant read with relation purpose=matched benchmark read auditReason= tracePath=[0:OPERATION:Merchant=query -> 1:REQUEST:Merchant= -> 2:PROVIDER:postgresql= -> 3:SQL:select=] mutationLineage=[]
SQL: -- TeaQL PLAIN
SELECT id, name, code, external_id AS externalId, task_life_hours AS taskLifeHours, version, platform FROM merchant_data WHERE (version > 0) AND (external_id = 'matched-merchant') LIMIT 1000 OFFSET 0
[TeaQL SQL][query][614us] 1 rows returned outcome=success batchOutcome=not_applicable comment=matched merchant read with relation purpose=matched benchmark read auditReason= tracePath=[0:OPERATION:Merchant=query -> 1:REQUEST:Merchant= -> 2:RELATION:platform=Merchant.platform -> 3:PROVIDER:postgresql= -> 4:SQL:select=] mutationLineage=[]
SQL: -- TeaQL PLAIN
SELECT id, create_time AS createTime, last_update_time AS lastUpdateTime, name, version FROM platform_data WHERE (version > 0) AND (id = 1) LIMIT 1 OFFSET 0
[TeaQL SQL][query][458us] 1 rows returned outcome=success batchOutcome=not_applicable comment=matched merchant read with relation purpose=matched benchmark read auditReason= tracePath=[0:OPERATION:Merchant=query -> 1:REQUEST:Merchant= -> 2:PROVIDER:postgresql= -> 3:SQL:select=] mutationLineage=[]
SQL: -- TeaQL PLAIN
SELECT id, name, code, external_id AS externalId, task_life_hours AS taskLifeHours, version, platform FROM merchant_data WHERE (version > 0) AND (external_id = 'matched-merchant') LIMIT 1000 OFFSET 0
[TeaQL SQL][query][481us] 1 rows returned outcome=success batchOutcome=not_applicable comment=matched merchant read with relation purpose=matched benchmark read auditReason= tracePath=[0:OPERATION:Merchant=query -> 1:REQUEST:Merchant= -> 2:RELATION:platform=Merchant.platform -> 3:PROVIDER:postgresql= -> 4:SQL:select=] mutationLineage=[]
SQL: -- TeaQL PLAIN
SELECT id, create_time AS createTime, last_update_time AS lastUpdateTime, name, version FROM platform_data WHERE (version > 0) AND (id = 1) LIMIT 1 OFFSET 0
[TeaQL SQL][query][681us] 1 rows returned outcome=success batchOutcome=not_applicable comment=matched merchant read with relation purpose=matched benchmark read auditReason= tracePath=[0:OPERATION:Merchant=query -> 1:REQUEST:Merchant= -> 2:PROVIDER:postgresql= -> 3:SQL:select=] mutationLineage=[]
SQL: -- TeaQL PLAIN
SELECT id, name, code, external_id AS externalId, task_life_hours AS taskLifeHours, version, platform FROM merchant_data WHERE (version > 0) AND (external_id = 'matched-merchant') LIMIT 1000 OFFSET 0
[TeaQL SQL][query][518us] 1 rows returned outcome=success batchOutcome=not_applicable comment=matched merchant read with relation purpose=matched benchmark read auditReason= tracePath=[0:OPERATION:Merchant=query -> 1:REQUEST:Merchant= -> 2:RELATION:platform=Merchant.platform -> 3:PROVIDER:postgresql= -> 4:SQL:select=] mutationLineage=[]
SQL: -- TeaQL PLAIN
SELECT id, create_time AS createTime, last_update_time AS lastUpdateTime, name, version FROM platform_data WHERE (version > 0) AND (id = 1) LIMIT 1 OFFSET 0
[TeaQL SQL][query][427us] 1 rows returned outcome=success batchOutcome=not_applicable comment=matched merchant read with relation purpose=matched benchmark read auditReason= tracePath=[0:OPERATION:Merchant=query -> 1:REQUEST:Merchant= -> 2:PROVIDER:postgresql= -> 3:SQL:select=] mutationLineage=[]
SQL: -- TeaQL PLAIN
SELECT id, name, code, external_id AS externalId, task_life_hours AS taskLifeHours, version, platform FROM merchant_data WHERE (version > 0) AND (external_id = 'matched-merchant') LIMIT 1000 OFFSET 0
[TeaQL SQL][query][510us] 1 rows returned outcome=success batchOutcome=not_applicable comment=matched merchant read with relation purpose=matched benchmark read auditReason= tracePath=[0:OPERATION:Merchant=query -> 1:REQUEST:Merchant= -> 2:RELATION:platform=Merchant.platform -> 3:PROVIDER:postgresql= -> 4:SQL:select=] mutationLineage=[]
SQL: -- TeaQL PLAIN
SELECT id, create_time AS createTime, last_update_time AS lastUpdateTime, name, version FROM platform_data WHERE (version > 0) AND (id = 1) LIMIT 1 OFFSET 0
[TeaQL SQL][query][616us] 1 rows returned outcome=success batchOutcome=not_applicable comment=matched merchant read with relation purpose=matched benchmark read auditReason= tracePath=[0:OPERATION:Merchant=query -> 1:REQUEST:Merchant= -> 2:PROVIDER:postgresql= -> 3:SQL:select=] mutationLineage=[]
SQL: -- TeaQL PLAIN
SELECT id, name, code, external_id AS externalId, task_life_hours AS taskLifeHours, version, platform FROM merchant_data WHERE (version > 0) AND (external_id = 'matched-merchant') LIMIT 1000 OFFSET 0
[TeaQL SQL][query][599us] 1 rows returned outcome=success batchOutcome=not_applicable comment=matched merchant read with relation purpose=matched benchmark read auditReason= tracePath=[0:OPERATION:Merchant=query -> 1:REQUEST:Merchant= -> 2:RELATION:platform=Merchant.platform -> 3:PROVIDER:postgresql= -> 4:SQL:select=] mutationLineage=[]
SQL: -- TeaQL PLAIN
SELECT id, create_time AS createTime, last_update_time AS lastUpdateTime, name, version FROM platform_data WHERE (version > 0) AND (id = 1) LIMIT 1 OFFSET 0
[TeaQL SQL][query][595us] 1 rows returned outcome=success batchOutcome=not_applicable comment=matched merchant read with relation purpose=matched benchmark read auditReason= tracePath=[0:OPERATION:Merchant=query -> 1:REQUEST:Merchant= -> 2:PROVIDER:postgresql= -> 3:SQL:select=] mutationLineage=[]
SQL: -- TeaQL PLAIN
SELECT id, name, code, external_id AS externalId, task_life_hours AS taskLifeHours, version, platform FROM merchant_data WHERE (version > 0) AND (external_id = 'matched-merchant') LIMIT 1000 OFFSET 0
[TeaQL SQL][query][521us] 1 rows returned outcome=success batchOutcome=not_applicable comment=matched merchant read with relation purpose=matched benchmark read auditReason= tracePath=[0:OPERATION:Merchant=query -> 1:REQUEST:Merchant= -> 2:RELATION:platform=Merchant.platform -> 3:PROVIDER:postgresql= -> 4:SQL:select=] mutationLineage=[]
SQL: -- TeaQL PLAIN
SELECT id, create_time AS createTime, last_update_time AS lastUpdateTime, name, version FROM platform_data WHERE (version > 0) AND (id = 1) LIMIT 1 OFFSET 0
[TeaQL SQL][query][649us] 1 rows returned outcome=success batchOutcome=not_applicable comment=matched merchant read with relation purpose=matched benchmark read auditReason= tracePath=[0:OPERATION:Merchant=query -> 1:REQUEST:Merchant= -> 2:PROVIDER:postgresql= -> 3:SQL:select=] mutationLineage=[]
SQL: -- TeaQL PLAIN
SELECT id, name, code, external_id AS externalId, task_life_hours AS taskLifeHours, version, platform FROM merchant_data WHERE (version > 0) AND (external_id = 'matched-merchant') LIMIT 1000 OFFSET 0
[TeaQL SQL][query][731us] 1 rows returned outcome=success batchOutcome=not_applicable comment=matched merchant read with relation purpose=matched benchmark read auditReason= tracePath=[0:OPERATION:Merchant=query -> 1:REQUEST:Merchant= -> 2:RELATION:platform=Merchant.platform -> 3:PROVIDER:postgresql= -> 4:SQL:select=] mutationLineage=[]
SQL: -- TeaQL PLAIN
SELECT id, create_time AS createTime, last_update_time AS lastUpdateTime, name, version FROM platform_data WHERE (version > 0) AND (id = 1) LIMIT 1 OFFSET 0
[TeaQL SQL][query][440us] 1 rows returned outcome=success batchOutcome=not_applicable comment=matched merchant read with relation purpose=matched benchmark read auditReason= tracePath=[0:OPERATION:Merchant=query -> 1:REQUEST:Merchant= -> 2:PROVIDER:postgresql= -> 3:SQL:select=] mutationLineage=[]
SQL: -- TeaQL PLAIN
SELECT id, name, code, external_id AS externalId, task_life_hours AS taskLifeHours, version, platform FROM merchant_data WHERE (version > 0) AND (external_id = 'matched-merchant') LIMIT 1000 OFFSET 0
[TeaQL SQL][query][434us] 1 rows returned outcome=success batchOutcome=not_applicable comment=matched merchant read with relation purpose=matched benchmark read auditReason= tracePath=[0:OPERATION:Merchant=query -> 1:REQUEST:Merchant= -> 2:RELATION:platform=Merchant.platform -> 3:PROVIDER:postgresql= -> 4:SQL:select=] mutationLineage=[]
SQL: -- TeaQL PLAIN
SELECT id, create_time AS createTime, last_update_time AS lastUpdateTime, name, version FROM platform_data WHERE (version > 0) AND (id = 1) LIMIT 1 OFFSET 0
[TeaQL SQL][query][561us] 1 rows returned outcome=success batchOutcome=not_applicable comment=matched merchant read with relation purpose=matched benchmark read auditReason= tracePath=[0:OPERATION:Merchant=query -> 1:REQUEST:Merchant= -> 2:PROVIDER:postgresql= -> 3:SQL:select=] mutationLineage=[]
SQL: -- TeaQL PLAIN
SELECT id, name, code, external_id AS externalId, task_life_hours AS taskLifeHours, version, platform FROM merchant_data WHERE (version > 0) AND (external_id = 'matched-merchant') LIMIT 1000 OFFSET 0
[TeaQL SQL][query][692us] 1 rows returned outcome=success batchOutcome=not_applicable comment=matched merchant read with relation purpose=matched benchmark read auditReason= tracePath=[0:OPERATION:Merchant=query -> 1:REQUEST:Merchant= -> 2:RELATION:platform=Merchant.platform -> 3:PROVIDER:postgresql= -> 4:SQL:select=] mutationLineage=[]
SQL: -- TeaQL PLAIN
SELECT id, create_time AS createTime, last_update_time AS lastUpdateTime, name, version FROM platform_data WHERE (version > 0) AND (id = 1) LIMIT 1 OFFSET 0
[TeaQL SQL][query][637us] 1 rows returned outcome=success batchOutcome=not_applicable comment=matched merchant read with relation purpose=matched benchmark read auditReason= tracePath=[0:OPERATION:Merchant=query -> 1:REQUEST:Merchant= -> 2:PROVIDER:postgresql= -> 3:SQL:select=] mutationLineage=[]
SQL: -- TeaQL PLAIN
SELECT id, name, code, external_id AS externalId, task_life_hours AS taskLifeHours, version, platform FROM merchant_data WHERE (version > 0) AND (external_id = 'matched-merchant') LIMIT 1000 OFFSET 0
[TeaQL SQL][query][836us] 1 rows returned outcome=success batchOutcome=not_applicable comment=matched merchant read with relation purpose=matched benchmark read auditReason= tracePath=[0:OPERATION:Merchant=query -> 1:REQUEST:Merchant= -> 2:RELATION:platform=Merchant.platform -> 3:PROVIDER:postgresql= -> 4:SQL:select=] mutationLineage=[]
SQL: -- TeaQL PLAIN
SELECT id, create_time AS createTime, last_update_time AS lastUpdateTime, name, version FROM platform_data WHERE (version > 0) AND (id = 1) LIMIT 1 OFFSET 0
[TeaQL SQL][query][609us] 1 rows returned outcome=success batchOutcome=not_applicable comment=matched merchant read with relation purpose=matched benchmark read auditReason= tracePath=[0:OPERATION:Merchant=query -> 1:REQUEST:Merchant= -> 2:PROVIDER:postgresql= -> 3:SQL:select=] mutationLineage=[]
SQL: -- TeaQL PLAIN
SELECT id, name, code, external_id AS externalId, task_life_hours AS taskLifeHours, version, platform FROM merchant_data WHERE (version > 0) AND (external_id = 'matched-merchant') LIMIT 1000 OFFSET 0
[TeaQL SQL][query][551us] 1 rows returned outcome=success batchOutcome=not_applicable comment=matched merchant read with relation purpose=matched benchmark read auditReason= tracePath=[0:OPERATION:Merchant=query -> 1:REQUEST:Merchant= -> 2:RELATION:platform=Merchant.platform -> 3:PROVIDER:postgresql= -> 4:SQL:select=] mutationLineage=[]
SQL: -- TeaQL PLAIN
SELECT id, create_time AS createTime, last_update_time AS lastUpdateTime, name, version FROM platform_data WHERE (version > 0) AND (id = 1) LIMIT 1 OFFSET 0
[TeaQL SQL][query][623us] 1 rows returned outcome=success batchOutcome=not_applicable comment=matched merchant read with relation purpose=matched benchmark read auditReason= tracePath=[0:OPERATION:Merchant=query -> 1:REQUEST:Merchant= -> 2:PROVIDER:postgresql= -> 3:SQL:select=] mutationLineage=[]
SQL: -- TeaQL PLAIN
SELECT id, name, code, external_id AS externalId, task_life_hours AS taskLifeHours, version, platform FROM merchant_data WHERE (version > 0) AND (external_id = 'matched-merchant') LIMIT 1000 OFFSET 0
[TeaQL SQL][query][616us] 1 rows returned outcome=success batchOutcome=not_applicable comment=matched merchant read with relation purpose=matched benchmark read auditReason= tracePath=[0:OPERATION:Merchant=query -> 1:REQUEST:Merchant= -> 2:RELATION:platform=Merchant.platform -> 3:PROVIDER:postgresql= -> 4:SQL:select=] mutationLineage=[]
SQL: -- TeaQL PLAIN
SELECT id, create_time AS createTime, last_update_time AS lastUpdateTime, name, version FROM platform_data WHERE (version > 0) AND (id = 1) LIMIT 1 OFFSET 0
[TeaQL SQL][query][542us] 1 rows returned outcome=success batchOutcome=not_applicable comment=matched merchant read with relation purpose=matched benchmark read auditReason= tracePath=[0:OPERATION:Merchant=query -> 1:REQUEST:Merchant= -> 2:PROVIDER:postgresql= -> 3:SQL:select=] mutationLineage=[]
SQL: -- TeaQL PLAIN
SELECT id, name, code, external_id AS externalId, task_life_hours AS taskLifeHours, version, platform FROM merchant_data WHERE (version > 0) AND (external_id = 'matched-merchant') LIMIT 1000 OFFSET 0
[TeaQL SQL][query][495us] 1 rows returned outcome=success batchOutcome=not_applicable comment=matched merchant read with relation purpose=matched benchmark read auditReason= tracePath=[0:OPERATION:Merchant=query -> 1:REQUEST:Merchant= -> 2:RELATION:platform=Merchant.platform -> 3:PROVIDER:postgresql= -> 4:SQL:select=] mutationLineage=[]
SQL: -- TeaQL PLAIN
SELECT id, create_time AS createTime, last_update_time AS lastUpdateTime, name, version FROM platform_data WHERE (version > 0) AND (id = 1) LIMIT 1 OFFSET 0
[TeaQL SQL][query][678us] 1 rows returned outcome=success batchOutcome=not_applicable comment=matched merchant read with relation purpose=matched benchmark read auditReason= tracePath=[0:OPERATION:Merchant=query -> 1:REQUEST:Merchant= -> 2:PROVIDER:postgresql= -> 3:SQL:select=] mutationLineage=[]
SQL: -- TeaQL PLAIN
SELECT id, name, code, external_id AS externalId, task_life_hours AS taskLifeHours, version, platform FROM merchant_data WHERE (version > 0) AND (external_id = 'matched-merchant') LIMIT 1000 OFFSET 0
[TeaQL SQL][query][555us] 1 rows returned outcome=success batchOutcome=not_applicable comment=matched merchant read with relation purpose=matched benchmark read auditReason= tracePath=[0:OPERATION:Merchant=query -> 1:REQUEST:Merchant= -> 2:RELATION:platform=Merchant.platform -> 3:PROVIDER:postgresql= -> 4:SQL:select=] mutationLineage=[]
SQL: -- TeaQL PLAIN
SELECT id, create_time AS createTime, last_update_time AS lastUpdateTime, name, version FROM platform_data WHERE (version > 0) AND (id = 1) LIMIT 1 OFFSET 0
[TeaQL SQL][query][583us] 1 rows returned outcome=success batchOutcome=not_applicable comment=matched merchant read with relation purpose=matched benchmark read auditReason= tracePath=[0:OPERATION:Merchant=query -> 1:REQUEST:Merchant= -> 2:PROVIDER:postgresql= -> 3:SQL:select=] mutationLineage=[]
SQL: -- TeaQL PLAIN
SELECT id, name, code, external_id AS externalId, task_life_hours AS taskLifeHours, version, platform FROM merchant_data WHERE (version > 0) AND (external_id = 'matched-merchant') LIMIT 1000 OFFSET 0
[TeaQL SQL][query][536us] 1 rows returned outcome=success batchOutcome=not_applicable comment=matched merchant read with relation purpose=matched benchmark read auditReason= tracePath=[0:OPERATION:Merchant=query -> 1:REQUEST:Merchant= -> 2:RELATION:platform=Merchant.platform -> 3:PROVIDER:postgresql= -> 4:SQL:select=] mutationLineage=[]
SQL: -- TeaQL PLAIN
SELECT id, create_time AS createTime, last_update_time AS lastUpdateTime, name, version FROM platform_data WHERE (version > 0) AND (id = 1) LIMIT 1 OFFSET 0
[TeaQL SQL][query][559us] 1 rows returned outcome=success batchOutcome=not_applicable comment=matched merchant read with relation purpose=matched benchmark read auditReason= tracePath=[0:OPERATION:Merchant=query -> 1:REQUEST:Merchant= -> 2:PROVIDER:postgresql= -> 3:SQL:select=] mutationLineage=[]
SQL: -- TeaQL PLAIN
SELECT id, name, code, external_id AS externalId, task_life_hours AS taskLifeHours, version, platform FROM merchant_data WHERE (version > 0) AND (external_id = 'matched-merchant') LIMIT 1000 OFFSET 0
[TeaQL SQL][query][484us] 1 rows returned outcome=success batchOutcome=not_applicable comment=matched merchant read with relation purpose=matched benchmark read auditReason= tracePath=[0:OPERATION:Merchant=query -> 1:REQUEST:Merchant= -> 2:RELATION:platform=Merchant.platform -> 3:PROVIDER:postgresql= -> 4:SQL:select=] mutationLineage=[]
SQL: -- TeaQL PLAIN
SELECT id, create_time AS createTime, last_update_time AS lastUpdateTime, name, version FROM platform_data WHERE (version > 0) AND (id = 1) LIMIT 1 OFFSET 0
[TeaQL SQL][query][516us] 1 rows returned outcome=success batchOutcome=not_applicable comment=matched merchant read with relation purpose=matched benchmark read auditReason= tracePath=[0:OPERATION:Merchant=query -> 1:REQUEST:Merchant= -> 2:PROVIDER:postgresql= -> 3:SQL:select=] mutationLineage=[]
SQL: -- TeaQL PLAIN
SELECT id, name, code, external_id AS externalId, task_life_hours AS taskLifeHours, version, platform FROM merchant_data WHERE (version > 0) AND (external_id = 'matched-merchant') LIMIT 1000 OFFSET 0
[TeaQL SQL][query][723us] 1 rows returned outcome=success batchOutcome=not_applicable comment=matched merchant read with relation purpose=matched benchmark read auditReason= tracePath=[0:OPERATION:Merchant=query -> 1:REQUEST:Merchant= -> 2:RELATION:platform=Merchant.platform -> 3:PROVIDER:postgresql= -> 4:SQL:select=] mutationLineage=[]
SQL: -- TeaQL PLAIN
SELECT id, create_time AS createTime, last_update_time AS lastUpdateTime, name, version FROM platform_data WHERE (version > 0) AND (id = 1) LIMIT 1 OFFSET 0
[TeaQL SQL][query][668us] 1 rows returned outcome=success batchOutcome=not_applicable comment=matched merchant read with relation purpose=matched benchmark read auditReason= tracePath=[0:OPERATION:Merchant=query -> 1:REQUEST:Merchant= -> 2:PROVIDER:postgresql= -> 3:SQL:select=] mutationLineage=[]
SQL: -- TeaQL PLAIN
SELECT id, name, code, external_id AS externalId, task_life_hours AS taskLifeHours, version, platform FROM merchant_data WHERE (version > 0) AND (external_id = 'matched-merchant') LIMIT 1000 OFFSET 0
[TeaQL SQL][query][699us] 1 rows returned outcome=success batchOutcome=not_applicable comment=matched merchant read with relation purpose=matched benchmark read auditReason= tracePath=[0:OPERATION:Merchant=query -> 1:REQUEST:Merchant= -> 2:RELATION:platform=Merchant.platform -> 3:PROVIDER:postgresql= -> 4:SQL:select=] mutationLineage=[]
SQL: -- TeaQL PLAIN
SELECT id, create_time AS createTime, last_update_time AS lastUpdateTime, name, version FROM platform_data WHERE (version > 0) AND (id = 1) LIMIT 1 OFFSET 0
[TeaQL SQL][query][665us] 1 rows returned outcome=success batchOutcome=not_applicable comment=matched merchant read with relation purpose=matched benchmark read auditReason= tracePath=[0:OPERATION:Merchant=query -> 1:REQUEST:Merchant= -> 2:PROVIDER:postgresql= -> 3:SQL:select=] mutationLineage=[]
SQL: -- TeaQL PLAIN
SELECT id, name, code, external_id AS externalId, task_life_hours AS taskLifeHours, version, platform FROM merchant_data WHERE (version > 0) AND (external_id = 'matched-merchant') LIMIT 1000 OFFSET 0
[TeaQL SQL][query][653us] 1 rows returned outcome=success batchOutcome=not_applicable comment=matched merchant read with relation purpose=matched benchmark read auditReason= tracePath=[0:OPERATION:Merchant=query -> 1:REQUEST:Merchant= -> 2:RELATION:platform=Merchant.platform -> 3:PROVIDER:postgresql= -> 4:SQL:select=] mutationLineage=[]
SQL: -- TeaQL PLAIN
SELECT id, create_time AS createTime, last_update_time AS lastUpdateTime, name, version FROM platform_data WHERE (version > 0) AND (id = 1) LIMIT 1 OFFSET 0
[TeaQL SQL][query][621us] 1 rows returned outcome=success batchOutcome=not_applicable comment=matched merchant read with relation purpose=matched benchmark read auditReason= tracePath=[0:OPERATION:Merchant=query -> 1:REQUEST:Merchant= -> 2:PROVIDER:postgresql= -> 3:SQL:select=] mutationLineage=[]
SQL: -- TeaQL PLAIN
SELECT id, name, code, external_id AS externalId, task_life_hours AS taskLifeHours, version, platform FROM merchant_data WHERE (version > 0) AND (external_id = 'matched-merchant') LIMIT 1000 OFFSET 0
[TeaQL SQL][query][678us] 1 rows returned outcome=success batchOutcome=not_applicable comment=matched merchant read with relation purpose=matched benchmark read auditReason= tracePath=[0:OPERATION:Merchant=query -> 1:REQUEST:Merchant= -> 2:RELATION:platform=Merchant.platform -> 3:PROVIDER:postgresql= -> 4:SQL:select=] mutationLineage=[]
SQL: -- TeaQL PLAIN
SELECT id, create_time AS createTime, last_update_time AS lastUpdateTime, name, version FROM platform_data WHERE (version > 0) AND (id = 1) LIMIT 1 OFFSET 0
[TeaQL SQL][query][658us] 1 rows returned outcome=success batchOutcome=not_applicable comment=matched merchant read with relation purpose=matched benchmark read auditReason= tracePath=[0:OPERATION:Merchant=query -> 1:REQUEST:Merchant= -> 2:PROVIDER:postgresql= -> 3:SQL:select=] mutationLineage=[]
SQL: -- TeaQL PLAIN
SELECT id, name, code, external_id AS externalId, task_life_hours AS taskLifeHours, version, platform FROM merchant_data WHERE (version > 0) AND (external_id = 'matched-merchant') LIMIT 1000 OFFSET 0
[TeaQL SQL][query][828us] 1 rows returned outcome=success batchOutcome=not_applicable comment=matched merchant read with relation purpose=matched benchmark read auditReason= tracePath=[0:OPERATION:Merchant=query -> 1:REQUEST:Merchant= -> 2:RELATION:platform=Merchant.platform -> 3:PROVIDER:postgresql= -> 4:SQL:select=] mutationLineage=[]
SQL: -- TeaQL PLAIN
SELECT id, create_time AS createTime, last_update_time AS lastUpdateTime, name, version FROM platform_data WHERE (version > 0) AND (id = 1) LIMIT 1 OFFSET 0
[TeaQL SQL][query][576us] 1 rows returned outcome=success batchOutcome=not_applicable comment=matched merchant read with relation purpose=matched benchmark read auditReason= tracePath=[0:OPERATION:Merchant=query -> 1:REQUEST:Merchant= -> 2:PROVIDER:postgresql= -> 3:SQL:select=] mutationLineage=[]
SQL: -- TeaQL PLAIN
SELECT id, name, code, external_id AS externalId, task_life_hours AS taskLifeHours, version, platform FROM merchant_data WHERE (version > 0) AND (external_id = 'matched-merchant') LIMIT 1000 OFFSET 0
[TeaQL SQL][query][585us] 1 rows returned outcome=success batchOutcome=not_applicable comment=matched merchant read with relation purpose=matched benchmark read auditReason= tracePath=[0:OPERATION:Merchant=query -> 1:REQUEST:Merchant= -> 2:RELATION:platform=Merchant.platform -> 3:PROVIDER:postgresql= -> 4:SQL:select=] mutationLineage=[]
SQL: -- TeaQL PLAIN
SELECT id, create_time AS createTime, last_update_time AS lastUpdateTime, name, version FROM platform_data WHERE (version > 0) AND (id = 1) LIMIT 1 OFFSET 0
[TeaQL SQL][query][800us] 1 rows returned outcome=success batchOutcome=not_applicable comment=matched merchant read with relation purpose=matched benchmark read auditReason= tracePath=[0:OPERATION:Merchant=query -> 1:REQUEST:Merchant= -> 2:PROVIDER:postgresql= -> 3:SQL:select=] mutationLineage=[]
SQL: -- TeaQL PLAIN
SELECT id, name, code, external_id AS externalId, task_life_hours AS taskLifeHours, version, platform FROM merchant_data WHERE (version > 0) AND (external_id = 'matched-merchant') LIMIT 1000 OFFSET 0
[TeaQL SQL][query][597us] 1 rows returned outcome=success batchOutcome=not_applicable comment=matched merchant read with relation purpose=matched benchmark read auditReason= tracePath=[0:OPERATION:Merchant=query -> 1:REQUEST:Merchant= -> 2:RELATION:platform=Merchant.platform -> 3:PROVIDER:postgresql= -> 4:SQL:select=] mutationLineage=[]
SQL: -- TeaQL PLAIN
SELECT id, create_time AS createTime, last_update_time AS lastUpdateTime, name, version FROM platform_data WHERE (version > 0) AND (id = 1) LIMIT 1 OFFSET 0
[TeaQL SQL][query][722us] 1 rows returned outcome=success batchOutcome=not_applicable comment=matched merchant read with relation purpose=matched benchmark read auditReason= tracePath=[0:OPERATION:Merchant=query -> 1:REQUEST:Merchant= -> 2:PROVIDER:postgresql= -> 3:SQL:select=] mutationLineage=[]
SQL: -- TeaQL PLAIN
SELECT id, name, code, external_id AS externalId, task_life_hours AS taskLifeHours, version, platform FROM merchant_data WHERE (version > 0) AND (external_id = 'matched-merchant') LIMIT 1000 OFFSET 0
[TeaQL SQL][query][603us] 1 rows returned outcome=success batchOutcome=not_applicable comment=matched merchant read with relation purpose=matched benchmark read auditReason= tracePath=[0:OPERATION:Merchant=query -> 1:REQUEST:Merchant= -> 2:RELATION:platform=Merchant.platform -> 3:PROVIDER:postgresql= -> 4:SQL:select=] mutationLineage=[]
SQL: -- TeaQL PLAIN
SELECT id, create_time AS createTime, last_update_time AS lastUpdateTime, name, version FROM platform_data WHERE (version > 0) AND (id = 1) LIMIT 1 OFFSET 0
[TeaQL SQL][query][644us] 1 rows returned outcome=success batchOutcome=not_applicable comment=matched merchant read with relation purpose=matched benchmark read auditReason= tracePath=[0:OPERATION:Merchant=query -> 1:REQUEST:Merchant= -> 2:PROVIDER:postgresql= -> 3:SQL:select=] mutationLineage=[]
SQL: -- TeaQL PLAIN
SELECT id, name, code, external_id AS externalId, task_life_hours AS taskLifeHours, version, platform FROM merchant_data WHERE (version > 0) AND (external_id = 'matched-merchant') LIMIT 1000 OFFSET 0
[TeaQL SQL][query][558us] 1 rows returned outcome=success batchOutcome=not_applicable comment=matched merchant read with relation purpose=matched benchmark read auditReason= tracePath=[0:OPERATION:Merchant=query -> 1:REQUEST:Merchant= -> 2:RELATION:platform=Merchant.platform -> 3:PROVIDER:postgresql= -> 4:SQL:select=] mutationLineage=[]
SQL: -- TeaQL PLAIN
SELECT id, create_time AS createTime, last_update_time AS lastUpdateTime, name, version FROM platform_data WHERE (version > 0) AND (id = 1) LIMIT 1 OFFSET 0
[TeaQL SQL][query][642us] 1 rows returned outcome=success batchOutcome=not_applicable comment=matched merchant read with relation purpose=matched benchmark read auditReason= tracePath=[0:OPERATION:Merchant=query -> 1:REQUEST:Merchant= -> 2:PROVIDER:postgresql= -> 3:SQL:select=] mutationLineage=[]
SQL: -- TeaQL PLAIN
SELECT id, name, code, external_id AS externalId, task_life_hours AS taskLifeHours, version, platform FROM merchant_data WHERE (version > 0) AND (external_id = 'matched-merchant') LIMIT 1000 OFFSET 0
[TeaQL SQL][query][597us] 1 rows returned outcome=success batchOutcome=not_applicable comment=matched merchant read with relation purpose=matched benchmark read auditReason= tracePath=[0:OPERATION:Merchant=query -> 1:REQUEST:Merchant= -> 2:RELATION:platform=Merchant.platform -> 3:PROVIDER:postgresql= -> 4:SQL:select=] mutationLineage=[]
SQL: -- TeaQL PLAIN
SELECT id, create_time AS createTime, last_update_time AS lastUpdateTime, name, version FROM platform_data WHERE (version > 0) AND (id = 1) LIMIT 1 OFFSET 0
[TeaQL SQL][query][719us] 1 rows returned outcome=success batchOutcome=not_applicable comment=matched merchant read with relation purpose=matched benchmark read auditReason= tracePath=[0:OPERATION:Merchant=query -> 1:REQUEST:Merchant= -> 2:PROVIDER:postgresql= -> 3:SQL:select=] mutationLineage=[]
SQL: -- TeaQL PLAIN
SELECT id, name, code, external_id AS externalId, task_life_hours AS taskLifeHours, version, platform FROM merchant_data WHERE (version > 0) AND (external_id = 'matched-merchant') LIMIT 1000 OFFSET 0
[TeaQL SQL][query][599us] 1 rows returned outcome=success batchOutcome=not_applicable comment=matched merchant read with relation purpose=matched benchmark read auditReason= tracePath=[0:OPERATION:Merchant=query -> 1:REQUEST:Merchant= -> 2:RELATION:platform=Merchant.platform -> 3:PROVIDER:postgresql= -> 4:SQL:select=] mutationLineage=[]
SQL: -- TeaQL PLAIN
SELECT id, create_time AS createTime, last_update_time AS lastUpdateTime, name, version FROM platform_data WHERE (version > 0) AND (id = 1) LIMIT 1 OFFSET 0
[TeaQL SQL][query][581us] 1 rows returned outcome=success batchOutcome=not_applicable comment=matched merchant read with relation purpose=matched benchmark read auditReason= tracePath=[0:OPERATION:Merchant=query -> 1:REQUEST:Merchant= -> 2:PROVIDER:postgresql= -> 3:SQL:select=] mutationLineage=[]
SQL: -- TeaQL PLAIN
SELECT id, name, code, external_id AS externalId, task_life_hours AS taskLifeHours, version, platform FROM merchant_data WHERE (version > 0) AND (external_id = 'matched-merchant') LIMIT 1000 OFFSET 0
[TeaQL SQL][query][569us] 1 rows returned outcome=success batchOutcome=not_applicable comment=matched merchant read with relation purpose=matched benchmark read auditReason= tracePath=[0:OPERATION:Merchant=query -> 1:REQUEST:Merchant= -> 2:RELATION:platform=Merchant.platform -> 3:PROVIDER:postgresql= -> 4:SQL:select=] mutationLineage=[]
SQL: -- TeaQL PLAIN
SELECT id, create_time AS createTime, last_update_time AS lastUpdateTime, name, version FROM platform_data WHERE (version > 0) AND (id = 1) LIMIT 1 OFFSET 0
[TeaQL SQL][query][590us] 1 rows returned outcome=success batchOutcome=not_applicable comment=matched merchant read with relation purpose=matched benchmark read auditReason= tracePath=[0:OPERATION:Merchant=query -> 1:REQUEST:Merchant= -> 2:PROVIDER:postgresql= -> 3:SQL:select=] mutationLineage=[]
SQL: -- TeaQL PLAIN
SELECT id, name, code, external_id AS externalId, task_life_hours AS taskLifeHours, version, platform FROM merchant_data WHERE (version > 0) AND (external_id = 'matched-merchant') LIMIT 1000 OFFSET 0
[TeaQL SQL][query][494us] 1 rows returned outcome=success batchOutcome=not_applicable comment=matched merchant read with relation purpose=matched benchmark read auditReason= tracePath=[0:OPERATION:Merchant=query -> 1:REQUEST:Merchant= -> 2:RELATION:platform=Merchant.platform -> 3:PROVIDER:postgresql= -> 4:SQL:select=] mutationLineage=[]
SQL: -- TeaQL PLAIN
SELECT id, create_time AS createTime, last_update_time AS lastUpdateTime, name, version FROM platform_data WHERE (version > 0) AND (id = 1) LIMIT 1 OFFSET 0
[TeaQL SQL][query][653us] 1 rows returned outcome=success batchOutcome=not_applicable comment=matched merchant read with relation purpose=matched benchmark read auditReason= tracePath=[0:OPERATION:Merchant=query -> 1:REQUEST:Merchant= -> 2:PROVIDER:postgresql= -> 3:SQL:select=] mutationLineage=[]
SQL: -- TeaQL PLAIN
SELECT id, name, code, external_id AS externalId, task_life_hours AS taskLifeHours, version, platform FROM merchant_data WHERE (version > 0) AND (external_id = 'matched-merchant') LIMIT 1000 OFFSET 0
[TeaQL SQL][query][634us] 1 rows returned outcome=success batchOutcome=not_applicable comment=matched merchant read with relation purpose=matched benchmark read auditReason= tracePath=[0:OPERATION:Merchant=query -> 1:REQUEST:Merchant= -> 2:RELATION:platform=Merchant.platform -> 3:PROVIDER:postgresql= -> 4:SQL:select=] mutationLineage=[]
SQL: -- TeaQL PLAIN
SELECT id, create_time AS createTime, last_update_time AS lastUpdateTime, name, version FROM platform_data WHERE (version > 0) AND (id = 1) LIMIT 1 OFFSET 0
[TeaQL SQL][query][683us] 1 rows returned outcome=success batchOutcome=not_applicable comment=matched merchant read with relation purpose=matched benchmark read auditReason= tracePath=[0:OPERATION:Merchant=query -> 1:REQUEST:Merchant= -> 2:PROVIDER:postgresql= -> 3:SQL:select=] mutationLineage=[]
SQL: -- TeaQL PLAIN
SELECT id, name, code, external_id AS externalId, task_life_hours AS taskLifeHours, version, platform FROM merchant_data WHERE (version > 0) AND (external_id = 'matched-merchant') LIMIT 1000 OFFSET 0
[TeaQL SQL][query][664us] 1 rows returned outcome=success batchOutcome=not_applicable comment=matched merchant read with relation purpose=matched benchmark read auditReason= tracePath=[0:OPERATION:Merchant=query -> 1:REQUEST:Merchant= -> 2:RELATION:platform=Merchant.platform -> 3:PROVIDER:postgresql= -> 4:SQL:select=] mutationLineage=[]
SQL: -- TeaQL PLAIN
SELECT id, create_time AS createTime, last_update_time AS lastUpdateTime, name, version FROM platform_data WHERE (version > 0) AND (id = 1) LIMIT 1 OFFSET 0
[TeaQL SQL][query][608us] 1 rows returned outcome=success batchOutcome=not_applicable comment=matched merchant read with relation purpose=matched benchmark read auditReason= tracePath=[0:OPERATION:Merchant=query -> 1:REQUEST:Merchant= -> 2:PROVIDER:postgresql= -> 3:SQL:select=] mutationLineage=[]
SQL: -- TeaQL PLAIN
SELECT id, name, code, external_id AS externalId, task_life_hours AS taskLifeHours, version, platform FROM merchant_data WHERE (version > 0) AND (external_id = 'matched-merchant') LIMIT 1000 OFFSET 0
[TeaQL SQL][query][454us] 1 rows returned outcome=success batchOutcome=not_applicable comment=matched merchant read with relation purpose=matched benchmark read auditReason= tracePath=[0:OPERATION:Merchant=query -> 1:REQUEST:Merchant= -> 2:RELATION:platform=Merchant.platform -> 3:PROVIDER:postgresql= -> 4:SQL:select=] mutationLineage=[]
SQL: -- TeaQL PLAIN
SELECT id, create_time AS createTime, last_update_time AS lastUpdateTime, name, version FROM platform_data WHERE (version > 0) AND (id = 1) LIMIT 1 OFFSET 0
[TeaQL SQL][query][680us] 1 rows returned outcome=success batchOutcome=not_applicable comment=matched merchant read with relation purpose=matched benchmark read auditReason= tracePath=[0:OPERATION:Merchant=query -> 1:REQUEST:Merchant= -> 2:PROVIDER:postgresql= -> 3:SQL:select=] mutationLineage=[]
SQL: -- TeaQL PLAIN
SELECT id, name, code, external_id AS externalId, task_life_hours AS taskLifeHours, version, platform FROM merchant_data WHERE (version > 0) AND (external_id = 'matched-merchant') LIMIT 1000 OFFSET 0
[TeaQL SQL][query][619us] 1 rows returned outcome=success batchOutcome=not_applicable comment=matched merchant read with relation purpose=matched benchmark read auditReason= tracePath=[0:OPERATION:Merchant=query -> 1:REQUEST:Merchant= -> 2:RELATION:platform=Merchant.platform -> 3:PROVIDER:postgresql= -> 4:SQL:select=] mutationLineage=[]
SQL: -- TeaQL PLAIN
SELECT id, create_time AS createTime, last_update_time AS lastUpdateTime, name, version FROM platform_data WHERE (version > 0) AND (id = 1) LIMIT 1 OFFSET 0
[TeaQL SQL][query][544us] 1 rows returned outcome=success batchOutcome=not_applicable comment=matched merchant read with relation purpose=matched benchmark read auditReason= tracePath=[0:OPERATION:Merchant=query -> 1:REQUEST:Merchant= -> 2:PROVIDER:postgresql= -> 3:SQL:select=] mutationLineage=[]
SQL: -- TeaQL PLAIN
SELECT id, name, code, external_id AS externalId, task_life_hours AS taskLifeHours, version, platform FROM merchant_data WHERE (version > 0) AND (external_id = 'matched-merchant') LIMIT 1000 OFFSET 0
[TeaQL SQL][query][438us] 1 rows returned outcome=success batchOutcome=not_applicable comment=matched merchant read with relation purpose=matched benchmark read auditReason= tracePath=[0:OPERATION:Merchant=query -> 1:REQUEST:Merchant= -> 2:RELATION:platform=Merchant.platform -> 3:PROVIDER:postgresql= -> 4:SQL:select=] mutationLineage=[]
SQL: -- TeaQL PLAIN
SELECT id, create_time AS createTime, last_update_time AS lastUpdateTime, name, version FROM platform_data WHERE (version > 0) AND (id = 1) LIMIT 1 OFFSET 0
[TeaQL SQL][query][607us] 1 rows returned outcome=success batchOutcome=not_applicable comment=matched merchant read with relation purpose=matched benchmark read auditReason= tracePath=[0:OPERATION:Merchant=query -> 1:REQUEST:Merchant= -> 2:PROVIDER:postgresql= -> 3:SQL:select=] mutationLineage=[]
SQL: -- TeaQL PLAIN
SELECT id, name, code, external_id AS externalId, task_life_hours AS taskLifeHours, version, platform FROM merchant_data WHERE (version > 0) AND (external_id = 'matched-merchant') LIMIT 1000 OFFSET 0
[TeaQL SQL][query][549us] 1 rows returned outcome=success batchOutcome=not_applicable comment=matched merchant read with relation purpose=matched benchmark read auditReason= tracePath=[0:OPERATION:Merchant=query -> 1:REQUEST:Merchant= -> 2:RELATION:platform=Merchant.platform -> 3:PROVIDER:postgresql= -> 4:SQL:select=] mutationLineage=[]
SQL: -- TeaQL PLAIN
SELECT id, create_time AS createTime, last_update_time AS lastUpdateTime, name, version FROM platform_data WHERE (version > 0) AND (id = 1) LIMIT 1 OFFSET 0
[TeaQL SQL][query][607us] 1 rows returned outcome=success batchOutcome=not_applicable comment=matched merchant read with relation purpose=matched benchmark read auditReason= tracePath=[0:OPERATION:Merchant=query -> 1:REQUEST:Merchant= -> 2:PROVIDER:postgresql= -> 3:SQL:select=] mutationLineage=[]
SQL: -- TeaQL PLAIN
SELECT id, name, code, external_id AS externalId, task_life_hours AS taskLifeHours, version, platform FROM merchant_data WHERE (version > 0) AND (external_id = 'matched-merchant') LIMIT 1000 OFFSET 0
[TeaQL SQL][query][545us] 1 rows returned outcome=success batchOutcome=not_applicable comment=matched merchant read with relation purpose=matched benchmark read auditReason= tracePath=[0:OPERATION:Merchant=query -> 1:REQUEST:Merchant= -> 2:RELATION:platform=Merchant.platform -> 3:PROVIDER:postgresql= -> 4:SQL:select=] mutationLineage=[]
SQL: -- TeaQL PLAIN
SELECT id, create_time AS createTime, last_update_time AS lastUpdateTime, name, version FROM platform_data WHERE (version > 0) AND (id = 1) LIMIT 1 OFFSET 0
[TeaQL SQL][query][599us] 1 rows returned outcome=success batchOutcome=not_applicable comment=matched merchant read with relation purpose=matched benchmark read auditReason= tracePath=[0:OPERATION:Merchant=query -> 1:REQUEST:Merchant= -> 2:PROVIDER:postgresql= -> 3:SQL:select=] mutationLineage=[]
SQL: -- TeaQL PLAIN
SELECT id, name, code, external_id AS externalId, task_life_hours AS taskLifeHours, version, platform FROM merchant_data WHERE (version > 0) AND (external_id = 'matched-merchant') LIMIT 1000 OFFSET 0
[TeaQL SQL][query][499us] 1 rows returned outcome=success batchOutcome=not_applicable comment=matched merchant read with relation purpose=matched benchmark read auditReason= tracePath=[0:OPERATION:Merchant=query -> 1:REQUEST:Merchant= -> 2:RELATION:platform=Merchant.platform -> 3:PROVIDER:postgresql= -> 4:SQL:select=] mutationLineage=[]
SQL: -- TeaQL PLAIN
SELECT id, create_time AS createTime, last_update_time AS lastUpdateTime, name, version FROM platform_data WHERE (version > 0) AND (id = 1) LIMIT 1 OFFSET 0
[TeaQL SQL][query][533us] 1 rows returned outcome=success batchOutcome=not_applicable comment=matched merchant read with relation purpose=matched benchmark read auditReason= tracePath=[0:OPERATION:Merchant=query -> 1:REQUEST:Merchant= -> 2:PROVIDER:postgresql= -> 3:SQL:select=] mutationLineage=[]
SQL: -- TeaQL PLAIN
SELECT id, name, code, external_id AS externalId, task_life_hours AS taskLifeHours, version, platform FROM merchant_data WHERE (version > 0) AND (external_id = 'matched-merchant') LIMIT 1000 OFFSET 0
[TeaQL SQL][query][550us] 1 rows returned outcome=success batchOutcome=not_applicable comment=matched merchant read with relation purpose=matched benchmark read auditReason= tracePath=[0:OPERATION:Merchant=query -> 1:REQUEST:Merchant= -> 2:RELATION:platform=Merchant.platform -> 3:PROVIDER:postgresql= -> 4:SQL:select=] mutationLineage=[]
SQL: -- TeaQL PLAIN
SELECT id, create_time AS createTime, last_update_time AS lastUpdateTime, name, version FROM platform_data WHERE (version > 0) AND (id = 1) LIMIT 1 OFFSET 0
[TeaQL SQL][query][718us] 1 rows returned outcome=success batchOutcome=not_applicable comment=matched merchant read with relation purpose=matched benchmark read auditReason= tracePath=[0:OPERATION:Merchant=query -> 1:REQUEST:Merchant= -> 2:PROVIDER:postgresql= -> 3:SQL:select=] mutationLineage=[]
SQL: -- TeaQL PLAIN
SELECT id, name, code, external_id AS externalId, task_life_hours AS taskLifeHours, version, platform FROM merchant_data WHERE (version > 0) AND (external_id = 'matched-merchant') LIMIT 1000 OFFSET 0
[TeaQL SQL][query][576us] 1 rows returned outcome=success batchOutcome=not_applicable comment=matched merchant read with relation purpose=matched benchmark read auditReason= tracePath=[0:OPERATION:Merchant=query -> 1:REQUEST:Merchant= -> 2:RELATION:platform=Merchant.platform -> 3:PROVIDER:postgresql= -> 4:SQL:select=] mutationLineage=[]
SQL: -- TeaQL PLAIN
SELECT id, create_time AS createTime, last_update_time AS lastUpdateTime, name, version FROM platform_data WHERE (version > 0) AND (id = 1) LIMIT 1 OFFSET 0
[TeaQL SQL][query][654us] 1 rows returned outcome=success batchOutcome=not_applicable comment=matched merchant read with relation purpose=matched benchmark read auditReason= tracePath=[0:OPERATION:Merchant=query -> 1:REQUEST:Merchant= -> 2:PROVIDER:postgresql= -> 3:SQL:select=] mutationLineage=[]
SQL: -- TeaQL PLAIN
SELECT id, name, code, external_id AS externalId, task_life_hours AS taskLifeHours, version, platform FROM merchant_data WHERE (version > 0) AND (external_id = 'matched-merchant') LIMIT 1000 OFFSET 0
[TeaQL SQL][query][606us] 1 rows returned outcome=success batchOutcome=not_applicable comment=matched merchant read with relation purpose=matched benchmark read auditReason= tracePath=[0:OPERATION:Merchant=query -> 1:REQUEST:Merchant= -> 2:RELATION:platform=Merchant.platform -> 3:PROVIDER:postgresql= -> 4:SQL:select=] mutationLineage=[]
SQL: -- TeaQL PLAIN
SELECT id, create_time AS createTime, last_update_time AS lastUpdateTime, name, version FROM platform_data WHERE (version > 0) AND (id = 1) LIMIT 1 OFFSET 0
[TeaQL SQL][query][555us] 1 rows returned outcome=success batchOutcome=not_applicable comment=matched merchant read with relation purpose=matched benchmark read auditReason= tracePath=[0:OPERATION:Merchant=query -> 1:REQUEST:Merchant= -> 2:PROVIDER:postgresql= -> 3:SQL:select=] mutationLineage=[]
SQL: -- TeaQL PLAIN
SELECT id, name, code, external_id AS externalId, task_life_hours AS taskLifeHours, version, platform FROM merchant_data WHERE (version > 0) AND (external_id = 'matched-merchant') LIMIT 1000 OFFSET 0
[TeaQL SQL][query][546us] 1 rows returned outcome=success batchOutcome=not_applicable comment=matched merchant read with relation purpose=matched benchmark read auditReason= tracePath=[0:OPERATION:Merchant=query -> 1:REQUEST:Merchant= -> 2:RELATION:platform=Merchant.platform -> 3:PROVIDER:postgresql= -> 4:SQL:select=] mutationLineage=[]
SQL: -- TeaQL PLAIN
SELECT id, create_time AS createTime, last_update_time AS lastUpdateTime, name, version FROM platform_data WHERE (version > 0) AND (id = 1) LIMIT 1 OFFSET 0
[TeaQL SQL][query][625us] 1 rows returned outcome=success batchOutcome=not_applicable comment=matched merchant read with relation purpose=matched benchmark read auditReason= tracePath=[0:OPERATION:Merchant=query -> 1:REQUEST:Merchant= -> 2:PROVIDER:postgresql= -> 3:SQL:select=] mutationLineage=[]
SQL: -- TeaQL PLAIN
SELECT id, name, code, external_id AS externalId, task_life_hours AS taskLifeHours, version, platform FROM merchant_data WHERE (version > 0) AND (external_id = 'matched-merchant') LIMIT 1000 OFFSET 0
[TeaQL SQL][query][563us] 1 rows returned outcome=success batchOutcome=not_applicable comment=matched merchant read with relation purpose=matched benchmark read auditReason= tracePath=[0:OPERATION:Merchant=query -> 1:REQUEST:Merchant= -> 2:RELATION:platform=Merchant.platform -> 3:PROVIDER:postgresql= -> 4:SQL:select=] mutationLineage=[]
SQL: -- TeaQL PLAIN
SELECT id, create_time AS createTime, last_update_time AS lastUpdateTime, name, version FROM platform_data WHERE (version > 0) AND (id = 1) LIMIT 1 OFFSET 0
[TeaQL SQL][query][684us] 1 rows returned outcome=success batchOutcome=not_applicable comment=matched merchant read with relation purpose=matched benchmark read auditReason= tracePath=[0:OPERATION:Merchant=query -> 1:REQUEST:Merchant= -> 2:PROVIDER:postgresql= -> 3:SQL:select=] mutationLineage=[]
SQL: -- TeaQL PLAIN
SELECT id, name, code, external_id AS externalId, task_life_hours AS taskLifeHours, version, platform FROM merchant_data WHERE (version > 0) AND (external_id = 'matched-merchant') LIMIT 1000 OFFSET 0
[TeaQL SQL][query][619us] 1 rows returned outcome=success batchOutcome=not_applicable comment=matched merchant read with relation purpose=matched benchmark read auditReason= tracePath=[0:OPERATION:Merchant=query -> 1:REQUEST:Merchant= -> 2:RELATION:platform=Merchant.platform -> 3:PROVIDER:postgresql= -> 4:SQL:select=] mutationLineage=[]
SQL: -- TeaQL PLAIN
SELECT id, create_time AS createTime, last_update_time AS lastUpdateTime, name, version FROM platform_data WHERE (version > 0) AND (id = 1) LIMIT 1 OFFSET 0
[TeaQL SQL][query][557us] 1 rows returned outcome=success batchOutcome=not_applicable comment=matched merchant read with relation purpose=matched benchmark read auditReason= tracePath=[0:OPERATION:Merchant=query -> 1:REQUEST:Merchant= -> 2:PROVIDER:postgresql= -> 3:SQL:select=] mutationLineage=[]
SQL: -- TeaQL PLAIN
SELECT id, name, code, external_id AS externalId, task_life_hours AS taskLifeHours, version, platform FROM merchant_data WHERE (version > 0) AND (external_id = 'matched-merchant') LIMIT 1000 OFFSET 0
[TeaQL SQL][query][502us] 1 rows returned outcome=success batchOutcome=not_applicable comment=matched merchant read with relation purpose=matched benchmark read auditReason= tracePath=[0:OPERATION:Merchant=query -> 1:REQUEST:Merchant= -> 2:RELATION:platform=Merchant.platform -> 3:PROVIDER:postgresql= -> 4:SQL:select=] mutationLineage=[]
SQL: -- TeaQL PLAIN
SELECT id, create_time AS createTime, last_update_time AS lastUpdateTime, name, version FROM platform_data WHERE (version > 0) AND (id = 1) LIMIT 1 OFFSET 0
[TeaQL SQL][query][774us] 1 rows returned outcome=success batchOutcome=not_applicable comment=matched merchant read with relation purpose=matched benchmark read auditReason= tracePath=[0:OPERATION:Merchant=query -> 1:REQUEST:Merchant= -> 2:PROVIDER:postgresql= -> 3:SQL:select=] mutationLineage=[]
SQL: -- TeaQL PLAIN
SELECT id, name, code, external_id AS externalId, task_life_hours AS taskLifeHours, version, platform FROM merchant_data WHERE (version > 0) AND (external_id = 'matched-merchant') LIMIT 1000 OFFSET 0
[TeaQL SQL][query][579us] 1 rows returned outcome=success batchOutcome=not_applicable comment=matched merchant read with relation purpose=matched benchmark read auditReason= tracePath=[0:OPERATION:Merchant=query -> 1:REQUEST:Merchant= -> 2:RELATION:platform=Merchant.platform -> 3:PROVIDER:postgresql= -> 4:SQL:select=] mutationLineage=[]
SQL: -- TeaQL PLAIN
SELECT id, create_time AS createTime, last_update_time AS lastUpdateTime, name, version FROM platform_data WHERE (version > 0) AND (id = 1) LIMIT 1 OFFSET 0
[TeaQL SQL][query][636us] 1 rows returned outcome=success batchOutcome=not_applicable comment=matched merchant read with relation purpose=matched benchmark read auditReason= tracePath=[0:OPERATION:Merchant=query -> 1:REQUEST:Merchant= -> 2:PROVIDER:postgresql= -> 3:SQL:select=] mutationLineage=[]
SQL: -- TeaQL PLAIN
SELECT id, name, code, external_id AS externalId, task_life_hours AS taskLifeHours, version, platform FROM merchant_data WHERE (version > 0) AND (external_id = 'matched-merchant') LIMIT 1000 OFFSET 0
[TeaQL SQL][query][582us] 1 rows returned outcome=success batchOutcome=not_applicable comment=matched merchant read with relation purpose=matched benchmark read auditReason= tracePath=[0:OPERATION:Merchant=query -> 1:REQUEST:Merchant= -> 2:RELATION:platform=Merchant.platform -> 3:PROVIDER:postgresql= -> 4:SQL:select=] mutationLineage=[]
SQL: -- TeaQL PLAIN
SELECT id, create_time AS createTime, last_update_time AS lastUpdateTime, name, version FROM platform_data WHERE (version > 0) AND (id = 1) LIMIT 1 OFFSET 0
[TeaQL SQL][query][632us] 1 rows returned outcome=success batchOutcome=not_applicable comment=matched merchant read with relation purpose=matched benchmark read auditReason= tracePath=[0:OPERATION:Merchant=query -> 1:REQUEST:Merchant= -> 2:PROVIDER:postgresql= -> 3:SQL:select=] mutationLineage=[]
SQL: -- TeaQL PLAIN
SELECT id, name, code, external_id AS externalId, task_life_hours AS taskLifeHours, version, platform FROM merchant_data WHERE (version > 0) AND (external_id = 'matched-merchant') LIMIT 1000 OFFSET 0
[TeaQL SQL][query][536us] 1 rows returned outcome=success batchOutcome=not_applicable comment=matched merchant read with relation purpose=matched benchmark read auditReason= tracePath=[0:OPERATION:Merchant=query -> 1:REQUEST:Merchant= -> 2:RELATION:platform=Merchant.platform -> 3:PROVIDER:postgresql= -> 4:SQL:select=] mutationLineage=[]
SQL: -- TeaQL PLAIN
SELECT id, create_time AS createTime, last_update_time AS lastUpdateTime, name, version FROM platform_data WHERE (version > 0) AND (id = 1) LIMIT 1 OFFSET 0
[TeaQL SQL][query][518us] 1 rows returned outcome=success batchOutcome=not_applicable comment=matched merchant read with relation purpose=matched benchmark read auditReason= tracePath=[0:OPERATION:Merchant=query -> 1:REQUEST:Merchant= -> 2:PROVIDER:postgresql= -> 3:SQL:select=] mutationLineage=[]
SQL: -- TeaQL PLAIN
SELECT id, name, code, external_id AS externalId, task_life_hours AS taskLifeHours, version, platform FROM merchant_data WHERE (version > 0) AND (external_id = 'matched-merchant') LIMIT 1000 OFFSET 0
[TeaQL SQL][query][462us] 1 rows returned outcome=success batchOutcome=not_applicable comment=matched merchant read with relation purpose=matched benchmark read auditReason= tracePath=[0:OPERATION:Merchant=query -> 1:REQUEST:Merchant= -> 2:RELATION:platform=Merchant.platform -> 3:PROVIDER:postgresql= -> 4:SQL:select=] mutationLineage=[]
SQL: -- TeaQL PLAIN
SELECT id, create_time AS createTime, last_update_time AS lastUpdateTime, name, version FROM platform_data WHERE (version > 0) AND (id = 1) LIMIT 1 OFFSET 0
[TeaQL SQL][query][548us] 1 rows returned outcome=success batchOutcome=not_applicable comment=matched merchant read with relation purpose=matched benchmark read auditReason= tracePath=[0:OPERATION:Merchant=query -> 1:REQUEST:Merchant= -> 2:PROVIDER:postgresql= -> 3:SQL:select=] mutationLineage=[]
SQL: -- TeaQL PLAIN
SELECT id, name, code, external_id AS externalId, task_life_hours AS taskLifeHours, version, platform FROM merchant_data WHERE (version > 0) AND (external_id = 'matched-merchant') LIMIT 1000 OFFSET 0
[TeaQL SQL][query][526us] 1 rows returned outcome=success batchOutcome=not_applicable comment=matched merchant read with relation purpose=matched benchmark read auditReason= tracePath=[0:OPERATION:Merchant=query -> 1:REQUEST:Merchant= -> 2:RELATION:platform=Merchant.platform -> 3:PROVIDER:postgresql= -> 4:SQL:select=] mutationLineage=[]
SQL: -- TeaQL PLAIN
SELECT id, create_time AS createTime, last_update_time AS lastUpdateTime, name, version FROM platform_data WHERE (version > 0) AND (id = 1) LIMIT 1 OFFSET 0
[TeaQL SQL][query][549us] 1 rows returned outcome=success batchOutcome=not_applicable comment=matched merchant read with relation purpose=matched benchmark read auditReason= tracePath=[0:OPERATION:Merchant=query -> 1:REQUEST:Merchant= -> 2:PROVIDER:postgresql= -> 3:SQL:select=] mutationLineage=[]
SQL: -- TeaQL PLAIN
SELECT id, name, code, external_id AS externalId, task_life_hours AS taskLifeHours, version, platform FROM merchant_data WHERE (version > 0) AND (external_id = 'matched-merchant') LIMIT 1000 OFFSET 0
[TeaQL SQL][query][491us] 1 rows returned outcome=success batchOutcome=not_applicable comment=matched merchant read with relation purpose=matched benchmark read auditReason= tracePath=[0:OPERATION:Merchant=query -> 1:REQUEST:Merchant= -> 2:RELATION:platform=Merchant.platform -> 3:PROVIDER:postgresql= -> 4:SQL:select=] mutationLineage=[]
SQL: -- TeaQL PLAIN
SELECT id, create_time AS createTime, last_update_time AS lastUpdateTime, name, version FROM platform_data WHERE (version > 0) AND (id = 1) LIMIT 1 OFFSET 0
[TeaQL SQL][query][601us] 1 rows returned outcome=success batchOutcome=not_applicable comment=matched merchant read with relation purpose=matched benchmark read auditReason= tracePath=[0:OPERATION:Merchant=query -> 1:REQUEST:Merchant= -> 2:PROVIDER:postgresql= -> 3:SQL:select=] mutationLineage=[]
SQL: -- TeaQL PLAIN
SELECT id, name, code, external_id AS externalId, task_life_hours AS taskLifeHours, version, platform FROM merchant_data WHERE (version > 0) AND (external_id = 'matched-merchant') LIMIT 1000 OFFSET 0
[TeaQL SQL][query][538us] 1 rows returned outcome=success batchOutcome=not_applicable comment=matched merchant read with relation purpose=matched benchmark read auditReason= tracePath=[0:OPERATION:Merchant=query -> 1:REQUEST:Merchant= -> 2:RELATION:platform=Merchant.platform -> 3:PROVIDER:postgresql= -> 4:SQL:select=] mutationLineage=[]
SQL: -- TeaQL PLAIN
SELECT id, create_time AS createTime, last_update_time AS lastUpdateTime, name, version FROM platform_data WHERE (version > 0) AND (id = 1) LIMIT 1 OFFSET 0
[TeaQL SQL][query][617us] 1 rows returned outcome=success batchOutcome=not_applicable comment=matched merchant read with relation purpose=matched benchmark read auditReason= tracePath=[0:OPERATION:Merchant=query -> 1:REQUEST:Merchant= -> 2:PROVIDER:postgresql= -> 3:SQL:select=] mutationLineage=[]
SQL: -- TeaQL PLAIN
SELECT id, name, code, external_id AS externalId, task_life_hours AS taskLifeHours, version, platform FROM merchant_data WHERE (version > 0) AND (external_id = 'matched-merchant') LIMIT 1000 OFFSET 0
[TeaQL SQL][query][504us] 1 rows returned outcome=success batchOutcome=not_applicable comment=matched merchant read with relation purpose=matched benchmark read auditReason= tracePath=[0:OPERATION:Merchant=query -> 1:REQUEST:Merchant= -> 2:RELATION:platform=Merchant.platform -> 3:PROVIDER:postgresql= -> 4:SQL:select=] mutationLineage=[]
SQL: -- TeaQL PLAIN
SELECT id, create_time AS createTime, last_update_time AS lastUpdateTime, name, version FROM platform_data WHERE (version > 0) AND (id = 1) LIMIT 1 OFFSET 0
[TeaQL SQL][query][646us] 1 rows returned outcome=success batchOutcome=not_applicable comment=matched merchant read with relation purpose=matched benchmark read auditReason= tracePath=[0:OPERATION:Merchant=query -> 1:REQUEST:Merchant= -> 2:PROVIDER:postgresql= -> 3:SQL:select=] mutationLineage=[]
SQL: -- TeaQL PLAIN
SELECT id, name, code, external_id AS externalId, task_life_hours AS taskLifeHours, version, platform FROM merchant_data WHERE (version > 0) AND (external_id = 'matched-merchant') LIMIT 1000 OFFSET 0
[TeaQL SQL][query][511us] 1 rows returned outcome=success batchOutcome=not_applicable comment=matched merchant read with relation purpose=matched benchmark read auditReason= tracePath=[0:OPERATION:Merchant=query -> 1:REQUEST:Merchant= -> 2:RELATION:platform=Merchant.platform -> 3:PROVIDER:postgresql= -> 4:SQL:select=] mutationLineage=[]
SQL: -- TeaQL PLAIN
SELECT id, create_time AS createTime, last_update_time AS lastUpdateTime, name, version FROM platform_data WHERE (version > 0) AND (id = 1) LIMIT 1 OFFSET 0
[TeaQL SQL][query][592us] 1 rows returned outcome=success batchOutcome=not_applicable comment=matched merchant read with relation purpose=matched benchmark read auditReason= tracePath=[0:OPERATION:Merchant=query -> 1:REQUEST:Merchant= -> 2:PROVIDER:postgresql= -> 3:SQL:select=] mutationLineage=[]
SQL: -- TeaQL PLAIN
SELECT id, name, code, external_id AS externalId, task_life_hours AS taskLifeHours, version, platform FROM merchant_data WHERE (version > 0) AND (external_id = 'matched-merchant') LIMIT 1000 OFFSET 0
[TeaQL SQL][query][573us] 1 rows returned outcome=success batchOutcome=not_applicable comment=matched merchant read with relation purpose=matched benchmark read auditReason= tracePath=[0:OPERATION:Merchant=query -> 1:REQUEST:Merchant= -> 2:RELATION:platform=Merchant.platform -> 3:PROVIDER:postgresql= -> 4:SQL:select=] mutationLineage=[]
SQL: -- TeaQL PLAIN
SELECT id, create_time AS createTime, last_update_time AS lastUpdateTime, name, version FROM platform_data WHERE (version > 0) AND (id = 1) LIMIT 1 OFFSET 0
[TeaQL SQL][query][656us] 1 rows returned outcome=success batchOutcome=not_applicable comment=matched merchant read with relation purpose=matched benchmark read auditReason= tracePath=[0:OPERATION:Merchant=query -> 1:REQUEST:Merchant= -> 2:PROVIDER:postgresql= -> 3:SQL:select=] mutationLineage=[]
SQL: -- TeaQL PLAIN
SELECT id, name, code, external_id AS externalId, task_life_hours AS taskLifeHours, version, platform FROM merchant_data WHERE (version > 0) AND (external_id = 'matched-merchant') LIMIT 1000 OFFSET 0
[TeaQL SQL][query][592us] 1 rows returned outcome=success batchOutcome=not_applicable comment=matched merchant read with relation purpose=matched benchmark read auditReason= tracePath=[0:OPERATION:Merchant=query -> 1:REQUEST:Merchant= -> 2:RELATION:platform=Merchant.platform -> 3:PROVIDER:postgresql= -> 4:SQL:select=] mutationLineage=[]
SQL: -- TeaQL PLAIN
SELECT id, create_time AS createTime, last_update_time AS lastUpdateTime, name, version FROM platform_data WHERE (version > 0) AND (id = 1) LIMIT 1 OFFSET 0
[TeaQL SQL][query][690us] 1 rows returned outcome=success batchOutcome=not_applicable comment=matched merchant read with relation purpose=matched benchmark read auditReason= tracePath=[0:OPERATION:Merchant=query -> 1:REQUEST:Merchant= -> 2:PROVIDER:postgresql= -> 3:SQL:select=] mutationLineage=[]
SQL: -- TeaQL PLAIN
SELECT id, name, code, external_id AS externalId, task_life_hours AS taskLifeHours, version, platform FROM merchant_data WHERE (version > 0) AND (external_id = 'matched-merchant') LIMIT 1000 OFFSET 0
[TeaQL SQL][query][581us] 1 rows returned outcome=success batchOutcome=not_applicable comment=matched merchant read with relation purpose=matched benchmark read auditReason= tracePath=[0:OPERATION:Merchant=query -> 1:REQUEST:Merchant= -> 2:RELATION:platform=Merchant.platform -> 3:PROVIDER:postgresql= -> 4:SQL:select=] mutationLineage=[]
SQL: -- TeaQL PLAIN
SELECT id, create_time AS createTime, last_update_time AS lastUpdateTime, name, version FROM platform_data WHERE (version > 0) AND (id = 1) LIMIT 1 OFFSET 0
[TeaQL SQL][query][575us] 1 rows returned outcome=success batchOutcome=not_applicable comment=matched merchant read with relation purpose=matched benchmark read auditReason= tracePath=[0:OPERATION:Merchant=query -> 1:REQUEST:Merchant= -> 2:PROVIDER:postgresql= -> 3:SQL:select=] mutationLineage=[]
SQL: -- TeaQL PLAIN
SELECT id, name, code, external_id AS externalId, task_life_hours AS taskLifeHours, version, platform FROM merchant_data WHERE (version > 0) AND (external_id = 'matched-merchant') LIMIT 1000 OFFSET 0
[TeaQL SQL][query][561us] 1 rows returned outcome=success batchOutcome=not_applicable comment=matched merchant read with relation purpose=matched benchmark read auditReason= tracePath=[0:OPERATION:Merchant=query -> 1:REQUEST:Merchant= -> 2:RELATION:platform=Merchant.platform -> 3:PROVIDER:postgresql= -> 4:SQL:select=] mutationLineage=[]
SQL: -- TeaQL PLAIN
SELECT id, create_time AS createTime, last_update_time AS lastUpdateTime, name, version FROM platform_data WHERE (version > 0) AND (id = 1) LIMIT 1 OFFSET 0
[TeaQL SQL][query][651us] 1 rows returned outcome=success batchOutcome=not_applicable comment=matched merchant read with relation purpose=matched benchmark read auditReason= tracePath=[0:OPERATION:Merchant=query -> 1:REQUEST:Merchant= -> 2:PROVIDER:postgresql= -> 3:SQL:select=] mutationLineage=[]
SQL: -- TeaQL PLAIN
SELECT id, name, code, external_id AS externalId, task_life_hours AS taskLifeHours, version, platform FROM merchant_data WHERE (version > 0) AND (external_id = 'matched-merchant') LIMIT 1000 OFFSET 0
[TeaQL SQL][query][512us] 1 rows returned outcome=success batchOutcome=not_applicable comment=matched merchant read with relation purpose=matched benchmark read auditReason= tracePath=[0:OPERATION:Merchant=query -> 1:REQUEST:Merchant= -> 2:RELATION:platform=Merchant.platform -> 3:PROVIDER:postgresql= -> 4:SQL:select=] mutationLineage=[]
SQL: -- TeaQL PLAIN
SELECT id, create_time AS createTime, last_update_time AS lastUpdateTime, name, version FROM platform_data WHERE (version > 0) AND (id = 1) LIMIT 1 OFFSET 0
[TeaQL SQL][query][579us] 1 rows returned outcome=success batchOutcome=not_applicable comment=matched merchant read with relation purpose=matched benchmark read auditReason= tracePath=[0:OPERATION:Merchant=query -> 1:REQUEST:Merchant= -> 2:PROVIDER:postgresql= -> 3:SQL:select=] mutationLineage=[]
SQL: -- TeaQL PLAIN
SELECT id, name, code, external_id AS externalId, task_life_hours AS taskLifeHours, version, platform FROM merchant_data WHERE (version > 0) AND (external_id = 'matched-merchant') LIMIT 1000 OFFSET 0
[TeaQL SQL][query][474us] 1 rows returned outcome=success batchOutcome=not_applicable comment=matched merchant read with relation purpose=matched benchmark read auditReason= tracePath=[0:OPERATION:Merchant=query -> 1:REQUEST:Merchant= -> 2:RELATION:platform=Merchant.platform -> 3:PROVIDER:postgresql= -> 4:SQL:select=] mutationLineage=[]
SQL: -- TeaQL PLAIN
SELECT id, create_time AS createTime, last_update_time AS lastUpdateTime, name, version FROM platform_data WHERE (version > 0) AND (id = 1) LIMIT 1 OFFSET 0
[TeaQL SQL][query][512us] 1 rows returned outcome=success batchOutcome=not_applicable comment=matched merchant read with relation purpose=matched benchmark read auditReason= tracePath=[0:OPERATION:Merchant=query -> 1:REQUEST:Merchant= -> 2:PROVIDER:postgresql= -> 3:SQL:select=] mutationLineage=[]
SQL: -- TeaQL PLAIN
SELECT id, name, code, external_id AS externalId, task_life_hours AS taskLifeHours, version, platform FROM merchant_data WHERE (version > 0) AND (external_id = 'matched-merchant') LIMIT 1000 OFFSET 0
[TeaQL SQL][query][605us] 1 rows returned outcome=success batchOutcome=not_applicable comment=matched merchant read with relation purpose=matched benchmark read auditReason= tracePath=[0:OPERATION:Merchant=query -> 1:REQUEST:Merchant= -> 2:RELATION:platform=Merchant.platform -> 3:PROVIDER:postgresql= -> 4:SQL:select=] mutationLineage=[]
SQL: -- TeaQL PLAIN
SELECT id, create_time AS createTime, last_update_time AS lastUpdateTime, name, version FROM platform_data WHERE (version > 0) AND (id = 1) LIMIT 1 OFFSET 0
[TeaQL SQL][query][525us] 1 rows returned outcome=success batchOutcome=not_applicable comment=matched merchant read with relation purpose=matched benchmark read auditReason= tracePath=[0:OPERATION:Merchant=query -> 1:REQUEST:Merchant= -> 2:PROVIDER:postgresql= -> 3:SQL:select=] mutationLineage=[]
SQL: -- TeaQL PLAIN
SELECT id, name, code, external_id AS externalId, task_life_hours AS taskLifeHours, version, platform FROM merchant_data WHERE (version > 0) AND (external_id = 'matched-merchant') LIMIT 1000 OFFSET 0
[TeaQL SQL][query][485us] 1 rows returned outcome=success batchOutcome=not_applicable comment=matched merchant read with relation purpose=matched benchmark read auditReason= tracePath=[0:OPERATION:Merchant=query -> 1:REQUEST:Merchant= -> 2:RELATION:platform=Merchant.platform -> 3:PROVIDER:postgresql= -> 4:SQL:select=] mutationLineage=[]
SQL: -- TeaQL PLAIN
SELECT id, create_time AS createTime, last_update_time AS lastUpdateTime, name, version FROM platform_data WHERE (version > 0) AND (id = 1) LIMIT 1 OFFSET 0
[TeaQL SQL][query][646us] 1 rows returned outcome=success batchOutcome=not_applicable comment=matched merchant read with relation purpose=matched benchmark read auditReason= tracePath=[0:OPERATION:Merchant=query -> 1:REQUEST:Merchant= -> 2:PROVIDER:postgresql= -> 3:SQL:select=] mutationLineage=[]
SQL: -- TeaQL PLAIN
SELECT id, name, code, external_id AS externalId, task_life_hours AS taskLifeHours, version, platform FROM merchant_data WHERE (version > 0) AND (external_id = 'matched-merchant') LIMIT 1000 OFFSET 0
[TeaQL SQL][query][522us] 1 rows returned outcome=success batchOutcome=not_applicable comment=matched merchant read with relation purpose=matched benchmark read auditReason= tracePath=[0:OPERATION:Merchant=query -> 1:REQUEST:Merchant= -> 2:RELATION:platform=Merchant.platform -> 3:PROVIDER:postgresql= -> 4:SQL:select=] mutationLineage=[]
SQL: -- TeaQL PLAIN
SELECT id, create_time AS createTime, last_update_time AS lastUpdateTime, name, version FROM platform_data WHERE (version > 0) AND (id = 1) LIMIT 1 OFFSET 0
[TeaQL SQL][query][527us] 1 rows returned outcome=success batchOutcome=not_applicable comment=matched merchant read with relation purpose=matched benchmark read auditReason= tracePath=[0:OPERATION:Merchant=query -> 1:REQUEST:Merchant= -> 2:PROVIDER:postgresql= -> 3:SQL:select=] mutationLineage=[]
SQL: -- TeaQL PLAIN
SELECT id, name, code, external_id AS externalId, task_life_hours AS taskLifeHours, version, platform FROM merchant_data WHERE (version > 0) AND (external_id = 'matched-merchant') LIMIT 1000 OFFSET 0
[TeaQL SQL][query][524us] 1 rows returned outcome=success batchOutcome=not_applicable comment=matched merchant read with relation purpose=matched benchmark read auditReason= tracePath=[0:OPERATION:Merchant=query -> 1:REQUEST:Merchant= -> 2:RELATION:platform=Merchant.platform -> 3:PROVIDER:postgresql= -> 4:SQL:select=] mutationLineage=[]
SQL: -- TeaQL PLAIN
SELECT id, create_time AS createTime, last_update_time AS lastUpdateTime, name, version FROM platform_data WHERE (version > 0) AND (id = 1) LIMIT 1 OFFSET 0
[TeaQL SQL][query][633us] 1 rows returned outcome=success batchOutcome=not_applicable comment=matched merchant read with relation purpose=matched benchmark read auditReason= tracePath=[0:OPERATION:Merchant=query -> 1:REQUEST:Merchant= -> 2:PROVIDER:postgresql= -> 3:SQL:select=] mutationLineage=[]
SQL: -- TeaQL PLAIN
SELECT id, name, code, external_id AS externalId, task_life_hours AS taskLifeHours, version, platform FROM merchant_data WHERE (version > 0) AND (external_id = 'matched-merchant') LIMIT 1000 OFFSET 0
[TeaQL SQL][query][696us] 1 rows returned outcome=success batchOutcome=not_applicable comment=matched merchant read with relation purpose=matched benchmark read auditReason= tracePath=[0:OPERATION:Merchant=query -> 1:REQUEST:Merchant= -> 2:RELATION:platform=Merchant.platform -> 3:PROVIDER:postgresql= -> 4:SQL:select=] mutationLineage=[]
SQL: -- TeaQL PLAIN
SELECT id, create_time AS createTime, last_update_time AS lastUpdateTime, name, version FROM platform_data WHERE (version > 0) AND (id = 1) LIMIT 1 OFFSET 0
[TeaQL SQL][query][624us] 1 rows returned outcome=success batchOutcome=not_applicable comment=matched merchant read with relation purpose=matched benchmark read auditReason= tracePath=[0:OPERATION:Merchant=query -> 1:REQUEST:Merchant= -> 2:PROVIDER:postgresql= -> 3:SQL:select=] mutationLineage=[]
SQL: -- TeaQL PLAIN
SELECT id, name, code, external_id AS externalId, task_life_hours AS taskLifeHours, version, platform FROM merchant_data WHERE (version > 0) AND (external_id = 'matched-merchant') LIMIT 1000 OFFSET 0
[TeaQL SQL][query][518us] 1 rows returned outcome=success batchOutcome=not_applicable comment=matched merchant read with relation purpose=matched benchmark read auditReason= tracePath=[0:OPERATION:Merchant=query -> 1:REQUEST:Merchant= -> 2:RELATION:platform=Merchant.platform -> 3:PROVIDER:postgresql= -> 4:SQL:select=] mutationLineage=[]
SQL: -- TeaQL PLAIN
SELECT id, create_time AS createTime, last_update_time AS lastUpdateTime, name, version FROM platform_data WHERE (version > 0) AND (id = 1) LIMIT 1 OFFSET 0
[TeaQL SQL][query][570us] 1 rows returned outcome=success batchOutcome=not_applicable comment=matched merchant read with relation purpose=matched benchmark read auditReason= tracePath=[0:OPERATION:Merchant=query -> 1:REQUEST:Merchant= -> 2:PROVIDER:postgresql= -> 3:SQL:select=] mutationLineage=[]
SQL: -- TeaQL PLAIN
SELECT id, name, code, external_id AS externalId, task_life_hours AS taskLifeHours, version, platform FROM merchant_data WHERE (version > 0) AND (external_id = 'matched-merchant') LIMIT 1000 OFFSET 0
[TeaQL SQL][query][513us] 1 rows returned outcome=success batchOutcome=not_applicable comment=matched merchant read with relation purpose=matched benchmark read auditReason= tracePath=[0:OPERATION:Merchant=query -> 1:REQUEST:Merchant= -> 2:RELATION:platform=Merchant.platform -> 3:PROVIDER:postgresql= -> 4:SQL:select=] mutationLineage=[]
SQL: -- TeaQL PLAIN
SELECT id, create_time AS createTime, last_update_time AS lastUpdateTime, name, version FROM platform_data WHERE (version > 0) AND (id = 1) LIMIT 1 OFFSET 0
[TeaQL SQL][query][789us] 1 rows returned outcome=success batchOutcome=not_applicable comment=matched merchant read with relation purpose=matched benchmark read auditReason= tracePath=[0:OPERATION:Merchant=query -> 1:REQUEST:Merchant= -> 2:PROVIDER:postgresql= -> 3:SQL:select=] mutationLineage=[]
SQL: -- TeaQL PLAIN
SELECT id, name, code, external_id AS externalId, task_life_hours AS taskLifeHours, version, platform FROM merchant_data WHERE (version > 0) AND (external_id = 'matched-merchant') LIMIT 1000 OFFSET 0
[TeaQL SQL][query][420us] 1 rows returned outcome=success batchOutcome=not_applicable comment=matched merchant read with relation purpose=matched benchmark read auditReason= tracePath=[0:OPERATION:Merchant=query -> 1:REQUEST:Merchant= -> 2:RELATION:platform=Merchant.platform -> 3:PROVIDER:postgresql= -> 4:SQL:select=] mutationLineage=[]
SQL: -- TeaQL PLAIN
SELECT id, create_time AS createTime, last_update_time AS lastUpdateTime, name, version FROM platform_data WHERE (version > 0) AND (id = 1) LIMIT 1 OFFSET 0
[TeaQL SQL][query][568us] 1 rows returned outcome=success batchOutcome=not_applicable comment=matched merchant read with relation purpose=matched benchmark read auditReason= tracePath=[0:OPERATION:Merchant=query -> 1:REQUEST:Merchant= -> 2:PROVIDER:postgresql= -> 3:SQL:select=] mutationLineage=[]
SQL: -- TeaQL PLAIN
SELECT id, name, code, external_id AS externalId, task_life_hours AS taskLifeHours, version, platform FROM merchant_data WHERE (version > 0) AND (external_id = 'matched-merchant') LIMIT 1000 OFFSET 0
[TeaQL SQL][query][556us] 1 rows returned outcome=success batchOutcome=not_applicable comment=matched merchant read with relation purpose=matched benchmark read auditReason= tracePath=[0:OPERATION:Merchant=query -> 1:REQUEST:Merchant= -> 2:RELATION:platform=Merchant.platform -> 3:PROVIDER:postgresql= -> 4:SQL:select=] mutationLineage=[]
SQL: -- TeaQL PLAIN
SELECT id, create_time AS createTime, last_update_time AS lastUpdateTime, name, version FROM platform_data WHERE (version > 0) AND (id = 1) LIMIT 1 OFFSET 0
[TeaQL SQL][query][561us] 1 rows returned outcome=success batchOutcome=not_applicable comment=matched merchant read with relation purpose=matched benchmark read auditReason= tracePath=[0:OPERATION:Merchant=query -> 1:REQUEST:Merchant= -> 2:PROVIDER:postgresql= -> 3:SQL:select=] mutationLineage=[]
SQL: -- TeaQL PLAIN
SELECT id, name, code, external_id AS externalId, task_life_hours AS taskLifeHours, version, platform FROM merchant_data WHERE (version > 0) AND (external_id = 'matched-merchant') LIMIT 1000 OFFSET 0
[TeaQL SQL][query][499us] 1 rows returned outcome=success batchOutcome=not_applicable comment=matched merchant read with relation purpose=matched benchmark read auditReason= tracePath=[0:OPERATION:Merchant=query -> 1:REQUEST:Merchant= -> 2:RELATION:platform=Merchant.platform -> 3:PROVIDER:postgresql= -> 4:SQL:select=] mutationLineage=[]
SQL: -- TeaQL PLAIN
SELECT id, create_time AS createTime, last_update_time AS lastUpdateTime, name, version FROM platform_data WHERE (version > 0) AND (id = 1) LIMIT 1 OFFSET 0
[TeaQL SQL][query][679us] 1 rows returned outcome=success batchOutcome=not_applicable comment=matched merchant read with relation purpose=matched benchmark read auditReason= tracePath=[0:OPERATION:Merchant=query -> 1:REQUEST:Merchant= -> 2:PROVIDER:postgresql= -> 3:SQL:select=] mutationLineage=[]
SQL: -- TeaQL PLAIN
SELECT id, name, code, external_id AS externalId, task_life_hours AS taskLifeHours, version, platform FROM merchant_data WHERE (version > 0) AND (external_id = 'matched-merchant') LIMIT 1000 OFFSET 0
[TeaQL SQL][query][524us] 1 rows returned outcome=success batchOutcome=not_applicable comment=matched merchant read with relation purpose=matched benchmark read auditReason= tracePath=[0:OPERATION:Merchant=query -> 1:REQUEST:Merchant= -> 2:RELATION:platform=Merchant.platform -> 3:PROVIDER:postgresql= -> 4:SQL:select=] mutationLineage=[]
SQL: -- TeaQL PLAIN
SELECT id, create_time AS createTime, last_update_time AS lastUpdateTime, name, version FROM platform_data WHERE (version > 0) AND (id = 1) LIMIT 1 OFFSET 0
[TeaQL SQL][query][628us] 1 rows returned outcome=success batchOutcome=not_applicable comment=matched merchant read with relation purpose=matched benchmark read auditReason= tracePath=[0:OPERATION:Merchant=query -> 1:REQUEST:Merchant= -> 2:PROVIDER:postgresql= -> 3:SQL:select=] mutationLineage=[]
SQL: -- TeaQL PLAIN
SELECT id, name, code, external_id AS externalId, task_life_hours AS taskLifeHours, version, platform FROM merchant_data WHERE (version > 0) AND (external_id = 'matched-merchant') LIMIT 1000 OFFSET 0
[TeaQL SQL][query][499us] 1 rows returned outcome=success batchOutcome=not_applicable comment=matched merchant read with relation purpose=matched benchmark read auditReason= tracePath=[0:OPERATION:Merchant=query -> 1:REQUEST:Merchant= -> 2:RELATION:platform=Merchant.platform -> 3:PROVIDER:postgresql= -> 4:SQL:select=] mutationLineage=[]
SQL: -- TeaQL PLAIN
SELECT id, create_time AS createTime, last_update_time AS lastUpdateTime, name, version FROM platform_data WHERE (version > 0) AND (id = 1) LIMIT 1 OFFSET 0
[TeaQL SQL][query][525us] 1 rows returned outcome=success batchOutcome=not_applicable comment=matched merchant read with relation purpose=matched benchmark read auditReason= tracePath=[0:OPERATION:Merchant=query -> 1:REQUEST:Merchant= -> 2:PROVIDER:postgresql= -> 3:SQL:select=] mutationLineage=[]
SQL: -- TeaQL PLAIN
SELECT id, name, code, external_id AS externalId, task_life_hours AS taskLifeHours, version, platform FROM merchant_data WHERE (version > 0) AND (external_id = 'matched-merchant') LIMIT 1000 OFFSET 0
[TeaQL SQL][query][515us] 1 rows returned outcome=success batchOutcome=not_applicable comment=matched merchant read with relation purpose=matched benchmark read auditReason= tracePath=[0:OPERATION:Merchant=query -> 1:REQUEST:Merchant= -> 2:RELATION:platform=Merchant.platform -> 3:PROVIDER:postgresql= -> 4:SQL:select=] mutationLineage=[]
SQL: -- TeaQL PLAIN
SELECT id, create_time AS createTime, last_update_time AS lastUpdateTime, name, version FROM platform_data WHERE (version > 0) AND (id = 1) LIMIT 1 OFFSET 0
[TeaQL SQL][query][589us] 1 rows returned outcome=success batchOutcome=not_applicable comment=matched merchant read with relation purpose=matched benchmark read auditReason= tracePath=[0:OPERATION:Merchant=query -> 1:REQUEST:Merchant= -> 2:PROVIDER:postgresql= -> 3:SQL:select=] mutationLineage=[]
SQL: -- TeaQL PLAIN
SELECT id, name, code, external_id AS externalId, task_life_hours AS taskLifeHours, version, platform FROM merchant_data WHERE (version > 0) AND (external_id = 'matched-merchant') LIMIT 1000 OFFSET 0
[TeaQL SQL][query][569us] 1 rows returned outcome=success batchOutcome=not_applicable comment=matched merchant read with relation purpose=matched benchmark read auditReason= tracePath=[0:OPERATION:Merchant=query -> 1:REQUEST:Merchant= -> 2:RELATION:platform=Merchant.platform -> 3:PROVIDER:postgresql= -> 4:SQL:select=] mutationLineage=[]
SQL: -- TeaQL PLAIN
SELECT id, create_time AS createTime, last_update_time AS lastUpdateTime, name, version FROM platform_data WHERE (version > 0) AND (id = 1) LIMIT 1 OFFSET 0
[TeaQL SQL][query][659us] 1 rows returned outcome=success batchOutcome=not_applicable comment=matched merchant read with relation purpose=matched benchmark read auditReason= tracePath=[0:OPERATION:Merchant=query -> 1:REQUEST:Merchant= -> 2:PROVIDER:postgresql= -> 3:SQL:select=] mutationLineage=[]
SQL: -- TeaQL PLAIN
SELECT id, name, code, external_id AS externalId, task_life_hours AS taskLifeHours, version, platform FROM merchant_data WHERE (version > 0) AND (external_id = 'matched-merchant') LIMIT 1000 OFFSET 0
[TeaQL SQL][query][542us] 1 rows returned outcome=success batchOutcome=not_applicable comment=matched merchant read with relation purpose=matched benchmark read auditReason= tracePath=[0:OPERATION:Merchant=query -> 1:REQUEST:Merchant= -> 2:RELATION:platform=Merchant.platform -> 3:PROVIDER:postgresql= -> 4:SQL:select=] mutationLineage=[]
SQL: -- TeaQL PLAIN
SELECT id, create_time AS createTime, last_update_time AS lastUpdateTime, name, version FROM platform_data WHERE (version > 0) AND (id = 1) LIMIT 1 OFFSET 0
[TeaQL SQL][query][670us] 1 rows returned outcome=success batchOutcome=not_applicable comment=matched merchant read with relation purpose=matched benchmark read auditReason= tracePath=[0:OPERATION:Merchant=query -> 1:REQUEST:Merchant= -> 2:PROVIDER:postgresql= -> 3:SQL:select=] mutationLineage=[]
SQL: -- TeaQL PLAIN
SELECT id, name, code, external_id AS externalId, task_life_hours AS taskLifeHours, version, platform FROM merchant_data WHERE (version > 0) AND (external_id = 'matched-merchant') LIMIT 1000 OFFSET 0
[TeaQL SQL][query][550us] 1 rows returned outcome=success batchOutcome=not_applicable comment=matched merchant read with relation purpose=matched benchmark read auditReason= tracePath=[0:OPERATION:Merchant=query -> 1:REQUEST:Merchant= -> 2:RELATION:platform=Merchant.platform -> 3:PROVIDER:postgresql= -> 4:SQL:select=] mutationLineage=[]
SQL: -- TeaQL PLAIN
SELECT id, create_time AS createTime, last_update_time AS lastUpdateTime, name, version FROM platform_data WHERE (version > 0) AND (id = 1) LIMIT 1 OFFSET 0
[TeaQL SQL][query][538us] 1 rows returned outcome=success batchOutcome=not_applicable comment=matched merchant read with relation purpose=matched benchmark read auditReason= tracePath=[0:OPERATION:Merchant=query -> 1:REQUEST:Merchant= -> 2:PROVIDER:postgresql= -> 3:SQL:select=] mutationLineage=[]
SQL: -- TeaQL PLAIN
SELECT id, name, code, external_id AS externalId, task_life_hours AS taskLifeHours, version, platform FROM merchant_data WHERE (version > 0) AND (external_id = 'matched-merchant') LIMIT 1000 OFFSET 0
[TeaQL SQL][query][438us] 1 rows returned outcome=success batchOutcome=not_applicable comment=matched merchant read with relation purpose=matched benchmark read auditReason= tracePath=[0:OPERATION:Merchant=query -> 1:REQUEST:Merchant= -> 2:RELATION:platform=Merchant.platform -> 3:PROVIDER:postgresql= -> 4:SQL:select=] mutationLineage=[]
SQL: -- TeaQL PLAIN
SELECT id, create_time AS createTime, last_update_time AS lastUpdateTime, name, version FROM platform_data WHERE (version > 0) AND (id = 1) LIMIT 1 OFFSET 0
[TeaQL SQL][query][547us] 1 rows returned outcome=success batchOutcome=not_applicable comment=matched merchant read with relation purpose=matched benchmark read auditReason= tracePath=[0:OPERATION:Merchant=query -> 1:REQUEST:Merchant= -> 2:PROVIDER:postgresql= -> 3:SQL:select=] mutationLineage=[]
SQL: -- TeaQL PLAIN
SELECT id, name, code, external_id AS externalId, task_life_hours AS taskLifeHours, version, platform FROM merchant_data WHERE (version > 0) AND (external_id = 'matched-merchant') LIMIT 1000 OFFSET 0
[TeaQL SQL][query][475us] 1 rows returned outcome=success batchOutcome=not_applicable comment=matched merchant read with relation purpose=matched benchmark read auditReason= tracePath=[0:OPERATION:Merchant=query -> 1:REQUEST:Merchant= -> 2:RELATION:platform=Merchant.platform -> 3:PROVIDER:postgresql= -> 4:SQL:select=] mutationLineage=[]
SQL: -- TeaQL PLAIN
SELECT id, create_time AS createTime, last_update_time AS lastUpdateTime, name, version FROM platform_data WHERE (version > 0) AND (id = 1) LIMIT 1 OFFSET 0
[TeaQL SQL][query][629us] 1 rows returned outcome=success batchOutcome=not_applicable comment=matched merchant read with relation purpose=matched benchmark read auditReason= tracePath=[0:OPERATION:Merchant=query -> 1:REQUEST:Merchant= -> 2:PROVIDER:postgresql= -> 3:SQL:select=] mutationLineage=[]
SQL: -- TeaQL PLAIN
SELECT id, name, code, external_id AS externalId, task_life_hours AS taskLifeHours, version, platform FROM merchant_data WHERE (version > 0) AND (external_id = 'matched-merchant') LIMIT 1000 OFFSET 0
[TeaQL SQL][query][479us] 1 rows returned outcome=success batchOutcome=not_applicable comment=matched merchant read with relation purpose=matched benchmark read auditReason= tracePath=[0:OPERATION:Merchant=query -> 1:REQUEST:Merchant= -> 2:RELATION:platform=Merchant.platform -> 3:PROVIDER:postgresql= -> 4:SQL:select=] mutationLineage=[]
SQL: -- TeaQL PLAIN
SELECT id, create_time AS createTime, last_update_time AS lastUpdateTime, name, version FROM platform_data WHERE (version > 0) AND (id = 1) LIMIT 1 OFFSET 0
[TeaQL SQL][query][569us] 1 rows returned outcome=success batchOutcome=not_applicable comment=matched merchant read with relation purpose=matched benchmark read auditReason= tracePath=[0:OPERATION:Merchant=query -> 1:REQUEST:Merchant= -> 2:PROVIDER:postgresql= -> 3:SQL:select=] mutationLineage=[]
SQL: -- TeaQL PLAIN
SELECT id, name, code, external_id AS externalId, task_life_hours AS taskLifeHours, version, platform FROM merchant_data WHERE (version > 0) AND (external_id = 'matched-merchant') LIMIT 1000 OFFSET 0
[TeaQL SQL][query][546us] 1 rows returned outcome=success batchOutcome=not_applicable comment=matched merchant read with relation purpose=matched benchmark read auditReason= tracePath=[0:OPERATION:Merchant=query -> 1:REQUEST:Merchant= -> 2:RELATION:platform=Merchant.platform -> 3:PROVIDER:postgresql= -> 4:SQL:select=] mutationLineage=[]
SQL: -- TeaQL PLAIN
SELECT id, create_time AS createTime, last_update_time AS lastUpdateTime, name, version FROM platform_data WHERE (version > 0) AND (id = 1) LIMIT 1 OFFSET 0
[TeaQL SQL][query][623us] 1 rows returned outcome=success batchOutcome=not_applicable comment=matched merchant read with relation purpose=matched benchmark read auditReason= tracePath=[0:OPERATION:Merchant=query -> 1:REQUEST:Merchant= -> 2:PROVIDER:postgresql= -> 3:SQL:select=] mutationLineage=[]
SQL: -- TeaQL PLAIN
SELECT id, name, code, external_id AS externalId, task_life_hours AS taskLifeHours, version, platform FROM merchant_data WHERE (version > 0) AND (external_id = 'matched-merchant') LIMIT 1000 OFFSET 0
[TeaQL SQL][query][540us] 1 rows returned outcome=success batchOutcome=not_applicable comment=matched merchant read with relation purpose=matched benchmark read auditReason= tracePath=[0:OPERATION:Merchant=query -> 1:REQUEST:Merchant= -> 2:RELATION:platform=Merchant.platform -> 3:PROVIDER:postgresql= -> 4:SQL:select=] mutationLineage=[]
SQL: -- TeaQL PLAIN
SELECT id, create_time AS createTime, last_update_time AS lastUpdateTime, name, version FROM platform_data WHERE (version > 0) AND (id = 1) LIMIT 1 OFFSET 0
[TeaQL SQL][query][579us] 1 rows returned outcome=success batchOutcome=not_applicable comment=matched merchant read with relation purpose=matched benchmark read auditReason= tracePath=[0:OPERATION:Merchant=query -> 1:REQUEST:Merchant= -> 2:PROVIDER:postgresql= -> 3:SQL:select=] mutationLineage=[]
SQL: -- TeaQL PLAIN
SELECT id, name, code, external_id AS externalId, task_life_hours AS taskLifeHours, version, platform FROM merchant_data WHERE (version > 0) AND (external_id = 'matched-merchant') LIMIT 1000 OFFSET 0
[TeaQL SQL][query][545us] 1 rows returned outcome=success batchOutcome=not_applicable comment=matched merchant read with relation purpose=matched benchmark read auditReason= tracePath=[0:OPERATION:Merchant=query -> 1:REQUEST:Merchant= -> 2:RELATION:platform=Merchant.platform -> 3:PROVIDER:postgresql= -> 4:SQL:select=] mutationLineage=[]
SQL: -- TeaQL PLAIN
SELECT id, create_time AS createTime, last_update_time AS lastUpdateTime, name, version FROM platform_data WHERE (version > 0) AND (id = 1) LIMIT 1 OFFSET 0
[TeaQL SQL][query][572us] 1 rows returned outcome=success batchOutcome=not_applicable comment=matched merchant read with relation purpose=matched benchmark read auditReason= tracePath=[0:OPERATION:Merchant=query -> 1:REQUEST:Merchant= -> 2:PROVIDER:postgresql= -> 3:SQL:select=] mutationLineage=[]
SQL: -- TeaQL PLAIN
SELECT id, name, code, external_id AS externalId, task_life_hours AS taskLifeHours, version, platform FROM merchant_data WHERE (version > 0) AND (external_id = 'matched-merchant') LIMIT 1000 OFFSET 0
[TeaQL SQL][query][455us] 1 rows returned outcome=success batchOutcome=not_applicable comment=matched merchant read with relation purpose=matched benchmark read auditReason= tracePath=[0:OPERATION:Merchant=query -> 1:REQUEST:Merchant= -> 2:RELATION:platform=Merchant.platform -> 3:PROVIDER:postgresql= -> 4:SQL:select=] mutationLineage=[]
SQL: -- TeaQL PLAIN
SELECT id, create_time AS createTime, last_update_time AS lastUpdateTime, name, version FROM platform_data WHERE (version > 0) AND (id = 1) LIMIT 1 OFFSET 0
[TeaQL SQL][query][594us] 1 rows returned outcome=success batchOutcome=not_applicable comment=matched merchant read with relation purpose=matched benchmark read auditReason= tracePath=[0:OPERATION:Merchant=query -> 1:REQUEST:Merchant= -> 2:PROVIDER:postgresql= -> 3:SQL:select=] mutationLineage=[]
SQL: -- TeaQL PLAIN
SELECT id, name, code, external_id AS externalId, task_life_hours AS taskLifeHours, version, platform FROM merchant_data WHERE (version > 0) AND (external_id = 'matched-merchant') LIMIT 1000 OFFSET 0
[TeaQL SQL][query][557us] 1 rows returned outcome=success batchOutcome=not_applicable comment=matched merchant read with relation purpose=matched benchmark read auditReason= tracePath=[0:OPERATION:Merchant=query -> 1:REQUEST:Merchant= -> 2:RELATION:platform=Merchant.platform -> 3:PROVIDER:postgresql= -> 4:SQL:select=] mutationLineage=[]
SQL: -- TeaQL PLAIN
SELECT id, create_time AS createTime, last_update_time AS lastUpdateTime, name, version FROM platform_data WHERE (version > 0) AND (id = 1) LIMIT 1 OFFSET 0
[TeaQL SQL][query][608us] 1 rows returned outcome=success batchOutcome=not_applicable comment=matched merchant read with relation purpose=matched benchmark read auditReason= tracePath=[0:OPERATION:Merchant=query -> 1:REQUEST:Merchant= -> 2:PROVIDER:postgresql= -> 3:SQL:select=] mutationLineage=[]
SQL: -- TeaQL PLAIN
SELECT id, name, code, external_id AS externalId, task_life_hours AS taskLifeHours, version, platform FROM merchant_data WHERE (version > 0) AND (external_id = 'matched-merchant') LIMIT 1000 OFFSET 0
[TeaQL SQL][query][550us] 1 rows returned outcome=success batchOutcome=not_applicable comment=matched merchant read with relation purpose=matched benchmark read auditReason= tracePath=[0:OPERATION:Merchant=query -> 1:REQUEST:Merchant= -> 2:RELATION:platform=Merchant.platform -> 3:PROVIDER:postgresql= -> 4:SQL:select=] mutationLineage=[]
SQL: -- TeaQL PLAIN
SELECT id, create_time AS createTime, last_update_time AS lastUpdateTime, name, version FROM platform_data WHERE (version > 0) AND (id = 1) LIMIT 1 OFFSET 0
[TeaQL SQL][query][553us] 1 rows returned outcome=success batchOutcome=not_applicable comment=matched merchant read with relation purpose=matched benchmark read auditReason= tracePath=[0:OPERATION:Merchant=query -> 1:REQUEST:Merchant= -> 2:PROVIDER:postgresql= -> 3:SQL:select=] mutationLineage=[]
SQL: -- TeaQL PLAIN
SELECT id, name, code, external_id AS externalId, task_life_hours AS taskLifeHours, version, platform FROM merchant_data WHERE (version > 0) AND (external_id = 'matched-merchant') LIMIT 1000 OFFSET 0
[TeaQL SQL][query][503us] 1 rows returned outcome=success batchOutcome=not_applicable comment=matched merchant read with relation purpose=matched benchmark read auditReason= tracePath=[0:OPERATION:Merchant=query -> 1:REQUEST:Merchant= -> 2:RELATION:platform=Merchant.platform -> 3:PROVIDER:postgresql= -> 4:SQL:select=] mutationLineage=[]
SQL: -- TeaQL PLAIN
SELECT id, create_time AS createTime, last_update_time AS lastUpdateTime, name, version FROM platform_data WHERE (version > 0) AND (id = 1) LIMIT 1 OFFSET 0
[TeaQL SQL][query][568us] 1 rows returned outcome=success batchOutcome=not_applicable comment=matched merchant read with relation purpose=matched benchmark read auditReason= tracePath=[0:OPERATION:Merchant=query -> 1:REQUEST:Merchant= -> 2:PROVIDER:postgresql= -> 3:SQL:select=] mutationLineage=[]
SQL: -- TeaQL PLAIN
SELECT id, name, code, external_id AS externalId, task_life_hours AS taskLifeHours, version, platform FROM merchant_data WHERE (version > 0) AND (external_id = 'matched-merchant') LIMIT 1000 OFFSET 0
[TeaQL SQL][query][570us] 1 rows returned outcome=success batchOutcome=not_applicable comment=matched merchant read with relation purpose=matched benchmark read auditReason= tracePath=[0:OPERATION:Merchant=query -> 1:REQUEST:Merchant= -> 2:RELATION:platform=Merchant.platform -> 3:PROVIDER:postgresql= -> 4:SQL:select=] mutationLineage=[]
SQL: -- TeaQL PLAIN
SELECT id, create_time AS createTime, last_update_time AS lastUpdateTime, name, version FROM platform_data WHERE (version > 0) AND (id = 1) LIMIT 1 OFFSET 0
[TeaQL SQL][query][716us] 1 rows returned outcome=success batchOutcome=not_applicable comment=matched merchant read with relation purpose=matched benchmark read auditReason= tracePath=[0:OPERATION:Merchant=query -> 1:REQUEST:Merchant= -> 2:PROVIDER:postgresql= -> 3:SQL:select=] mutationLineage=[]
SQL: -- TeaQL PLAIN
SELECT id, name, code, external_id AS externalId, task_life_hours AS taskLifeHours, version, platform FROM merchant_data WHERE (version > 0) AND (external_id = 'matched-merchant') LIMIT 1000 OFFSET 0
[TeaQL SQL][query][538us] 1 rows returned outcome=success batchOutcome=not_applicable comment=matched merchant read with relation purpose=matched benchmark read auditReason= tracePath=[0:OPERATION:Merchant=query -> 1:REQUEST:Merchant= -> 2:RELATION:platform=Merchant.platform -> 3:PROVIDER:postgresql= -> 4:SQL:select=] mutationLineage=[]
SQL: -- TeaQL PLAIN
SELECT id, create_time AS createTime, last_update_time AS lastUpdateTime, name, version FROM platform_data WHERE (version > 0) AND (id = 1) LIMIT 1 OFFSET 0
[TeaQL SQL][query][551us] 1 rows returned outcome=success batchOutcome=not_applicable comment=matched merchant read with relation purpose=matched benchmark read auditReason= tracePath=[0:OPERATION:Merchant=query -> 1:REQUEST:Merchant= -> 2:PROVIDER:postgresql= -> 3:SQL:select=] mutationLineage=[]
SQL: -- TeaQL PLAIN
SELECT id, name, code, external_id AS externalId, task_life_hours AS taskLifeHours, version, platform FROM merchant_data WHERE (version > 0) AND (external_id = 'matched-merchant') LIMIT 1000 OFFSET 0
[TeaQL SQL][query][442us] 1 rows returned outcome=success batchOutcome=not_applicable comment=matched merchant read with relation purpose=matched benchmark read auditReason= tracePath=[0:OPERATION:Merchant=query -> 1:REQUEST:Merchant= -> 2:RELATION:platform=Merchant.platform -> 3:PROVIDER:postgresql= -> 4:SQL:select=] mutationLineage=[]
SQL: -- TeaQL PLAIN
SELECT id, create_time AS createTime, last_update_time AS lastUpdateTime, name, version FROM platform_data WHERE (version > 0) AND (id = 1) LIMIT 1 OFFSET 0
[TeaQL SQL][query][558us] 1 rows returned outcome=success batchOutcome=not_applicable comment=matched merchant read with relation purpose=matched benchmark read auditReason= tracePath=[0:OPERATION:Merchant=query -> 1:REQUEST:Merchant= -> 2:PROVIDER:postgresql= -> 3:SQL:select=] mutationLineage=[]
SQL: -- TeaQL PLAIN
SELECT id, name, code, external_id AS externalId, task_life_hours AS taskLifeHours, version, platform FROM merchant_data WHERE (version > 0) AND (external_id = 'matched-merchant') LIMIT 1000 OFFSET 0
[TeaQL SQL][query][509us] 1 rows returned outcome=success batchOutcome=not_applicable comment=matched merchant read with relation purpose=matched benchmark read auditReason= tracePath=[0:OPERATION:Merchant=query -> 1:REQUEST:Merchant= -> 2:RELATION:platform=Merchant.platform -> 3:PROVIDER:postgresql= -> 4:SQL:select=] mutationLineage=[]
SQL: -- TeaQL PLAIN
SELECT id, create_time AS createTime, last_update_time AS lastUpdateTime, name, version FROM platform_data WHERE (version > 0) AND (id = 1) LIMIT 1 OFFSET 0
[TeaQL SQL][query][524us] 1 rows returned outcome=success batchOutcome=not_applicable comment=matched merchant read with relation purpose=matched benchmark read auditReason= tracePath=[0:OPERATION:Merchant=query -> 1:REQUEST:Merchant= -> 2:PROVIDER:postgresql= -> 3:SQL:select=] mutationLineage=[]
SQL: -- TeaQL PLAIN
SELECT id, name, code, external_id AS externalId, task_life_hours AS taskLifeHours, version, platform FROM merchant_data WHERE (version > 0) AND (external_id = 'matched-merchant') LIMIT 1000 OFFSET 0
[TeaQL SQL][query][541us] 1 rows returned outcome=success batchOutcome=not_applicable comment=matched merchant read with relation purpose=matched benchmark read auditReason= tracePath=[0:OPERATION:Merchant=query -> 1:REQUEST:Merchant= -> 2:RELATION:platform=Merchant.platform -> 3:PROVIDER:postgresql= -> 4:SQL:select=] mutationLineage=[]
SQL: -- TeaQL PLAIN
SELECT id, create_time AS createTime, last_update_time AS lastUpdateTime, name, version FROM platform_data WHERE (version > 0) AND (id = 1) LIMIT 1 OFFSET 0
[TeaQL SQL][query][634us] 1 rows returned outcome=success batchOutcome=not_applicable comment=matched merchant read with relation purpose=matched benchmark read auditReason= tracePath=[0:OPERATION:Merchant=query -> 1:REQUEST:Merchant= -> 2:PROVIDER:postgresql= -> 3:SQL:select=] mutationLineage=[]
SQL: -- TeaQL PLAIN
SELECT id, name, code, external_id AS externalId, task_life_hours AS taskLifeHours, version, platform FROM merchant_data WHERE (version > 0) AND (external_id = 'matched-merchant') LIMIT 1000 OFFSET 0
[TeaQL SQL][query][538us] 1 rows returned outcome=success batchOutcome=not_applicable comment=matched merchant read with relation purpose=matched benchmark read auditReason= tracePath=[0:OPERATION:Merchant=query -> 1:REQUEST:Merchant= -> 2:RELATION:platform=Merchant.platform -> 3:PROVIDER:postgresql= -> 4:SQL:select=] mutationLineage=[]
SQL: -- TeaQL PLAIN
SELECT id, create_time AS createTime, last_update_time AS lastUpdateTime, name, version FROM platform_data WHERE (version > 0) AND (id = 1) LIMIT 1 OFFSET 0
[TeaQL SQL][query][852us] 1 rows returned outcome=success batchOutcome=not_applicable comment=matched merchant read with relation purpose=matched benchmark read auditReason= tracePath=[0:OPERATION:Merchant=query -> 1:REQUEST:Merchant= -> 2:PROVIDER:postgresql= -> 3:SQL:select=] mutationLineage=[]
SQL: -- TeaQL PLAIN
SELECT id, name, code, external_id AS externalId, task_life_hours AS taskLifeHours, version, platform FROM merchant_data WHERE (version > 0) AND (external_id = 'matched-merchant') LIMIT 1000 OFFSET 0
[TeaQL SQL][query][523us] 1 rows returned outcome=success batchOutcome=not_applicable comment=matched merchant read with relation purpose=matched benchmark read auditReason= tracePath=[0:OPERATION:Merchant=query -> 1:REQUEST:Merchant= -> 2:RELATION:platform=Merchant.platform -> 3:PROVIDER:postgresql= -> 4:SQL:select=] mutationLineage=[]
SQL: -- TeaQL PLAIN
SELECT id, create_time AS createTime, last_update_time AS lastUpdateTime, name, version FROM platform_data WHERE (version > 0) AND (id = 1) LIMIT 1 OFFSET 0
[TeaQL SQL][query][505us] 1 rows returned outcome=success batchOutcome=not_applicable comment=matched merchant read with relation purpose=matched benchmark read auditReason= tracePath=[0:OPERATION:Merchant=query -> 1:REQUEST:Merchant= -> 2:PROVIDER:postgresql= -> 3:SQL:select=] mutationLineage=[]
SQL: -- TeaQL PLAIN
SELECT id, name, code, external_id AS externalId, task_life_hours AS taskLifeHours, version, platform FROM merchant_data WHERE (version > 0) AND (external_id = 'matched-merchant') LIMIT 1000 OFFSET 0
[TeaQL SQL][query][408us] 1 rows returned outcome=success batchOutcome=not_applicable comment=matched merchant read with relation purpose=matched benchmark read auditReason= tracePath=[0:OPERATION:Merchant=query -> 1:REQUEST:Merchant= -> 2:RELATION:platform=Merchant.platform -> 3:PROVIDER:postgresql= -> 4:SQL:select=] mutationLineage=[]
SQL: -- TeaQL PLAIN
SELECT id, create_time AS createTime, last_update_time AS lastUpdateTime, name, version FROM platform_data WHERE (version > 0) AND (id = 1) LIMIT 1 OFFSET 0
[TeaQL SQL][query][578us] 1 rows returned outcome=success batchOutcome=not_applicable comment=matched merchant read with relation purpose=matched benchmark read auditReason= tracePath=[0:OPERATION:Merchant=query -> 1:REQUEST:Merchant= -> 2:PROVIDER:postgresql= -> 3:SQL:select=] mutationLineage=[]
SQL: -- TeaQL PLAIN
SELECT id, name, code, external_id AS externalId, task_life_hours AS taskLifeHours, version, platform FROM merchant_data WHERE (version > 0) AND (external_id = 'matched-merchant') LIMIT 1000 OFFSET 0
[TeaQL SQL][query][470us] 1 rows returned outcome=success batchOutcome=not_applicable comment=matched merchant read with relation purpose=matched benchmark read auditReason= tracePath=[0:OPERATION:Merchant=query -> 1:REQUEST:Merchant= -> 2:RELATION:platform=Merchant.platform -> 3:PROVIDER:postgresql= -> 4:SQL:select=] mutationLineage=[]
SQL: -- TeaQL PLAIN
SELECT id, create_time AS createTime, last_update_time AS lastUpdateTime, name, version FROM platform_data WHERE (version > 0) AND (id = 1) LIMIT 1 OFFSET 0
[TeaQL SQL][query][462us] 1 rows returned outcome=success batchOutcome=not_applicable comment=matched merchant read with relation purpose=matched benchmark read auditReason= tracePath=[0:OPERATION:Merchant=query -> 1:REQUEST:Merchant= -> 2:PROVIDER:postgresql= -> 3:SQL:select=] mutationLineage=[]
SQL: -- TeaQL PLAIN
SELECT id, name, code, external_id AS externalId, task_life_hours AS taskLifeHours, version, platform FROM merchant_data WHERE (version > 0) AND (external_id = 'matched-merchant') LIMIT 1000 OFFSET 0
[TeaQL SQL][query][404us] 1 rows returned outcome=success batchOutcome=not_applicable comment=matched merchant read with relation purpose=matched benchmark read auditReason= tracePath=[0:OPERATION:Merchant=query -> 1:REQUEST:Merchant= -> 2:RELATION:platform=Merchant.platform -> 3:PROVIDER:postgresql= -> 4:SQL:select=] mutationLineage=[]
SQL: -- TeaQL PLAIN
SELECT id, create_time AS createTime, last_update_time AS lastUpdateTime, name, version FROM platform_data WHERE (version > 0) AND (id = 1) LIMIT 1 OFFSET 0
[TeaQL SQL][query][563us] 1 rows returned outcome=success batchOutcome=not_applicable comment=matched merchant read with relation purpose=matched benchmark read auditReason= tracePath=[0:OPERATION:Merchant=query -> 1:REQUEST:Merchant= -> 2:PROVIDER:postgresql= -> 3:SQL:select=] mutationLineage=[]
SQL: -- TeaQL PLAIN
SELECT id, name, code, external_id AS externalId, task_life_hours AS taskLifeHours, version, platform FROM merchant_data WHERE (version > 0) AND (external_id = 'matched-merchant') LIMIT 1000 OFFSET 0
[TeaQL SQL][query][587us] 1 rows returned outcome=success batchOutcome=not_applicable comment=matched merchant read with relation purpose=matched benchmark read auditReason= tracePath=[0:OPERATION:Merchant=query -> 1:REQUEST:Merchant= -> 2:RELATION:platform=Merchant.platform -> 3:PROVIDER:postgresql= -> 4:SQL:select=] mutationLineage=[]
SQL: -- TeaQL PLAIN
SELECT id, create_time AS createTime, last_update_time AS lastUpdateTime, name, version FROM platform_data WHERE (version > 0) AND (id = 1) LIMIT 1 OFFSET 0
[TeaQL SQL][query][514us] 1 rows returned outcome=success batchOutcome=not_applicable comment=matched merchant read with relation purpose=matched benchmark read auditReason= tracePath=[0:OPERATION:Merchant=query -> 1:REQUEST:Merchant= -> 2:PROVIDER:postgresql= -> 3:SQL:select=] mutationLineage=[]
SQL: -- TeaQL PLAIN
SELECT id, name, code, external_id AS externalId, task_life_hours AS taskLifeHours, version, platform FROM merchant_data WHERE (version > 0) AND (external_id = 'matched-merchant') LIMIT 1000 OFFSET 0
[TeaQL SQL][query][404us] 1 rows returned outcome=success batchOutcome=not_applicable comment=matched merchant read with relation purpose=matched benchmark read auditReason= tracePath=[0:OPERATION:Merchant=query -> 1:REQUEST:Merchant= -> 2:RELATION:platform=Merchant.platform -> 3:PROVIDER:postgresql= -> 4:SQL:select=] mutationLineage=[]
SQL: -- TeaQL PLAIN
SELECT id, create_time AS createTime, last_update_time AS lastUpdateTime, name, version FROM platform_data WHERE (version > 0) AND (id = 1) LIMIT 1 OFFSET 0
[TeaQL SQL][query][517us] 1 rows returned outcome=success batchOutcome=not_applicable comment=matched merchant read with relation purpose=matched benchmark read auditReason= tracePath=[0:OPERATION:Merchant=query -> 1:REQUEST:Merchant= -> 2:PROVIDER:postgresql= -> 3:SQL:select=] mutationLineage=[]
SQL: -- TeaQL PLAIN
SELECT id, name, code, external_id AS externalId, task_life_hours AS taskLifeHours, version, platform FROM merchant_data WHERE (version > 0) AND (external_id = 'matched-merchant') LIMIT 1000 OFFSET 0
[TeaQL SQL][query][511us] 1 rows returned outcome=success batchOutcome=not_applicable comment=matched merchant read with relation purpose=matched benchmark read auditReason= tracePath=[0:OPERATION:Merchant=query -> 1:REQUEST:Merchant= -> 2:RELATION:platform=Merchant.platform -> 3:PROVIDER:postgresql= -> 4:SQL:select=] mutationLineage=[]
SQL: -- TeaQL PLAIN
SELECT id, create_time AS createTime, last_update_time AS lastUpdateTime, name, version FROM platform_data WHERE (version > 0) AND (id = 1) LIMIT 1 OFFSET 0
[TeaQL SQL][query][468us] 1 rows returned outcome=success batchOutcome=not_applicable comment=matched merchant read with relation purpose=matched benchmark read auditReason= tracePath=[0:OPERATION:Merchant=query -> 1:REQUEST:Merchant= -> 2:PROVIDER:postgresql= -> 3:SQL:select=] mutationLineage=[]
SQL: -- TeaQL PLAIN
SELECT id, name, code, external_id AS externalId, task_life_hours AS taskLifeHours, version, platform FROM merchant_data WHERE (version > 0) AND (external_id = 'matched-merchant') LIMIT 1000 OFFSET 0
[TeaQL SQL][query][391us] 1 rows returned outcome=success batchOutcome=not_applicable comment=matched merchant read with relation purpose=matched benchmark read auditReason= tracePath=[0:OPERATION:Merchant=query -> 1:REQUEST:Merchant= -> 2:RELATION:platform=Merchant.platform -> 3:PROVIDER:postgresql= -> 4:SQL:select=] mutationLineage=[]
SQL: -- TeaQL PLAIN
SELECT id, create_time AS createTime, last_update_time AS lastUpdateTime, name, version FROM platform_data WHERE (version > 0) AND (id = 1) LIMIT 1 OFFSET 0
[TeaQL SQL][query][469us] 1 rows returned outcome=success batchOutcome=not_applicable comment=matched merchant read with relation purpose=matched benchmark read auditReason= tracePath=[0:OPERATION:Merchant=query -> 1:REQUEST:Merchant= -> 2:PROVIDER:postgresql= -> 3:SQL:select=] mutationLineage=[]
SQL: -- TeaQL PLAIN
SELECT id, name, code, external_id AS externalId, task_life_hours AS taskLifeHours, version, platform FROM merchant_data WHERE (version > 0) AND (external_id = 'matched-merchant') LIMIT 1000 OFFSET 0
[TeaQL SQL][query][433us] 1 rows returned outcome=success batchOutcome=not_applicable comment=matched merchant read with relation purpose=matched benchmark read auditReason= tracePath=[0:OPERATION:Merchant=query -> 1:REQUEST:Merchant= -> 2:RELATION:platform=Merchant.platform -> 3:PROVIDER:postgresql= -> 4:SQL:select=] mutationLineage=[]
SQL: -- TeaQL PLAIN
SELECT id, create_time AS createTime, last_update_time AS lastUpdateTime, name, version FROM platform_data WHERE (version > 0) AND (id = 1) LIMIT 1 OFFSET 0
[TeaQL SQL][query][465us] 1 rows returned outcome=success batchOutcome=not_applicable comment=matched merchant read with relation purpose=matched benchmark read auditReason= tracePath=[0:OPERATION:Merchant=query -> 1:REQUEST:Merchant= -> 2:PROVIDER:postgresql= -> 3:SQL:select=] mutationLineage=[]
SQL: -- TeaQL PLAIN
SELECT id, name, code, external_id AS externalId, task_life_hours AS taskLifeHours, version, platform FROM merchant_data WHERE (version > 0) AND (external_id = 'matched-merchant') LIMIT 1000 OFFSET 0
[TeaQL SQL][query][410us] 1 rows returned outcome=success batchOutcome=not_applicable comment=matched merchant read with relation purpose=matched benchmark read auditReason= tracePath=[0:OPERATION:Merchant=query -> 1:REQUEST:Merchant= -> 2:RELATION:platform=Merchant.platform -> 3:PROVIDER:postgresql= -> 4:SQL:select=] mutationLineage=[]
SQL: -- TeaQL PLAIN
SELECT id, create_time AS createTime, last_update_time AS lastUpdateTime, name, version FROM platform_data WHERE (version > 0) AND (id = 1) LIMIT 1 OFFSET 0
[TeaQL SQL][query][542us] 1 rows returned outcome=success batchOutcome=not_applicable comment=matched merchant read with relation purpose=matched benchmark read auditReason= tracePath=[0:OPERATION:Merchant=query -> 1:REQUEST:Merchant= -> 2:PROVIDER:postgresql= -> 3:SQL:select=] mutationLineage=[]
SQL: -- TeaQL PLAIN
SELECT id, name, code, external_id AS externalId, task_life_hours AS taskLifeHours, version, platform FROM merchant_data WHERE (version > 0) AND (external_id = 'matched-merchant') LIMIT 1000 OFFSET 0
[TeaQL SQL][query][552us] 1 rows returned outcome=success batchOutcome=not_applicable comment=matched merchant read with relation purpose=matched benchmark read auditReason= tracePath=[0:OPERATION:Merchant=query -> 1:REQUEST:Merchant= -> 2:RELATION:platform=Merchant.platform -> 3:PROVIDER:postgresql= -> 4:SQL:select=] mutationLineage=[]
SQL: -- TeaQL PLAIN
SELECT id, create_time AS createTime, last_update_time AS lastUpdateTime, name, version FROM platform_data WHERE (version > 0) AND (id = 1) LIMIT 1 OFFSET 0
[TeaQL SQL][query][592us] 1 rows returned outcome=success batchOutcome=not_applicable comment=matched merchant read with relation purpose=matched benchmark read auditReason= tracePath=[0:OPERATION:Merchant=query -> 1:REQUEST:Merchant= -> 2:PROVIDER:postgresql= -> 3:SQL:select=] mutationLineage=[]
SQL: -- TeaQL PLAIN
SELECT id, name, code, external_id AS externalId, task_life_hours AS taskLifeHours, version, platform FROM merchant_data WHERE (version > 0) AND (external_id = 'matched-merchant') LIMIT 1000 OFFSET 0
[TeaQL SQL][query][445us] 1 rows returned outcome=success batchOutcome=not_applicable comment=matched merchant read with relation purpose=matched benchmark read auditReason= tracePath=[0:OPERATION:Merchant=query -> 1:REQUEST:Merchant= -> 2:RELATION:platform=Merchant.platform -> 3:PROVIDER:postgresql= -> 4:SQL:select=] mutationLineage=[]
SQL: -- TeaQL PLAIN
SELECT id, create_time AS createTime, last_update_time AS lastUpdateTime, name, version FROM platform_data WHERE (version > 0) AND (id = 1) LIMIT 1 OFFSET 0
[TeaQL SQL][query][633us] 1 rows returned outcome=success batchOutcome=not_applicable comment=matched merchant read with relation purpose=matched benchmark read auditReason= tracePath=[0:OPERATION:Merchant=query -> 1:REQUEST:Merchant= -> 2:PROVIDER:postgresql= -> 3:SQL:select=] mutationLineage=[]
SQL: -- TeaQL PLAIN
SELECT id, name, code, external_id AS externalId, task_life_hours AS taskLifeHours, version, platform FROM merchant_data WHERE (version > 0) AND (external_id = 'matched-merchant') LIMIT 1000 OFFSET 0
[TeaQL SQL][query][622us] 1 rows returned outcome=success batchOutcome=not_applicable comment=matched merchant read with relation purpose=matched benchmark read auditReason= tracePath=[0:OPERATION:Merchant=query -> 1:REQUEST:Merchant= -> 2:RELATION:platform=Merchant.platform -> 3:PROVIDER:postgresql= -> 4:SQL:select=] mutationLineage=[]
SQL: -- TeaQL PLAIN
SELECT id, create_time AS createTime, last_update_time AS lastUpdateTime, name, version FROM platform_data WHERE (version > 0) AND (id = 1) LIMIT 1 OFFSET 0
[TeaQL SQL][query][518us] 1 rows returned outcome=success batchOutcome=not_applicable comment=matched merchant read with relation purpose=matched benchmark read auditReason= tracePath=[0:OPERATION:Merchant=query -> 1:REQUEST:Merchant= -> 2:PROVIDER:postgresql= -> 3:SQL:select=] mutationLineage=[]
SQL: -- TeaQL PLAIN
SELECT id, name, code, external_id AS externalId, task_life_hours AS taskLifeHours, version, platform FROM merchant_data WHERE (version > 0) AND (external_id = 'matched-merchant') LIMIT 1000 OFFSET 0
[TeaQL SQL][query][475us] 1 rows returned outcome=success batchOutcome=not_applicable comment=matched merchant read with relation purpose=matched benchmark read auditReason= tracePath=[0:OPERATION:Merchant=query -> 1:REQUEST:Merchant= -> 2:RELATION:platform=Merchant.platform -> 3:PROVIDER:postgresql= -> 4:SQL:select=] mutationLineage=[]
SQL: -- TeaQL PLAIN
SELECT id, create_time AS createTime, last_update_time AS lastUpdateTime, name, version FROM platform_data WHERE (version > 0) AND (id = 1) LIMIT 1 OFFSET 0
[TeaQL SQL][query][477us] 1 rows returned outcome=success batchOutcome=not_applicable comment=matched merchant read with relation purpose=matched benchmark read auditReason= tracePath=[0:OPERATION:Merchant=query -> 1:REQUEST:Merchant= -> 2:PROVIDER:postgresql= -> 3:SQL:select=] mutationLineage=[]
SQL: -- TeaQL PLAIN
SELECT id, name, code, external_id AS externalId, task_life_hours AS taskLifeHours, version, platform FROM merchant_data WHERE (version > 0) AND (external_id = 'matched-merchant') LIMIT 1000 OFFSET 0
[TeaQL SQL][query][634us] 1 rows returned outcome=success batchOutcome=not_applicable comment=matched merchant read with relation purpose=matched benchmark read auditReason= tracePath=[0:OPERATION:Merchant=query -> 1:REQUEST:Merchant= -> 2:RELATION:platform=Merchant.platform -> 3:PROVIDER:postgresql= -> 4:SQL:select=] mutationLineage=[]
SQL: -- TeaQL PLAIN
SELECT id, create_time AS createTime, last_update_time AS lastUpdateTime, name, version FROM platform_data WHERE (version > 0) AND (id = 1) LIMIT 1 OFFSET 0
[TeaQL SQL][query][518us] 1 rows returned outcome=success batchOutcome=not_applicable comment=matched merchant read with relation purpose=matched benchmark read auditReason= tracePath=[0:OPERATION:Merchant=query -> 1:REQUEST:Merchant= -> 2:PROVIDER:postgresql= -> 3:SQL:select=] mutationLineage=[]
SQL: -- TeaQL PLAIN
SELECT id, name, code, external_id AS externalId, task_life_hours AS taskLifeHours, version, platform FROM merchant_data WHERE (version > 0) AND (external_id = 'matched-merchant') LIMIT 1000 OFFSET 0
[TeaQL SQL][query][467us] 1 rows returned outcome=success batchOutcome=not_applicable comment=matched merchant read with relation purpose=matched benchmark read auditReason= tracePath=[0:OPERATION:Merchant=query -> 1:REQUEST:Merchant= -> 2:RELATION:platform=Merchant.platform -> 3:PROVIDER:postgresql= -> 4:SQL:select=] mutationLineage=[]
SQL: -- TeaQL PLAIN
SELECT id, create_time AS createTime, last_update_time AS lastUpdateTime, name, version FROM platform_data WHERE (version > 0) AND (id = 1) LIMIT 1 OFFSET 0
[TeaQL SQL][query][382us] 1 rows returned outcome=success batchOutcome=not_applicable comment=matched merchant read with relation purpose=matched benchmark read auditReason= tracePath=[0:OPERATION:Merchant=query -> 1:REQUEST:Merchant= -> 2:PROVIDER:postgresql= -> 3:SQL:select=] mutationLineage=[]
SQL: -- TeaQL PLAIN
SELECT id, name, code, external_id AS externalId, task_life_hours AS taskLifeHours, version, platform FROM merchant_data WHERE (version > 0) AND (external_id = 'matched-merchant') LIMIT 1000 OFFSET 0
[TeaQL SQL][query][379us] 1 rows returned outcome=success batchOutcome=not_applicable comment=matched merchant read with relation purpose=matched benchmark read auditReason= tracePath=[0:OPERATION:Merchant=query -> 1:REQUEST:Merchant= -> 2:RELATION:platform=Merchant.platform -> 3:PROVIDER:postgresql= -> 4:SQL:select=] mutationLineage=[]
SQL: -- TeaQL PLAIN
SELECT id, create_time AS createTime, last_update_time AS lastUpdateTime, name, version FROM platform_data WHERE (version > 0) AND (id = 1) LIMIT 1 OFFSET 0
[TeaQL SQL][query][482us] 1 rows returned outcome=success batchOutcome=not_applicable comment=matched merchant read with relation purpose=matched benchmark read auditReason= tracePath=[0:OPERATION:Merchant=query -> 1:REQUEST:Merchant= -> 2:PROVIDER:postgresql= -> 3:SQL:select=] mutationLineage=[]
SQL: -- TeaQL PLAIN
SELECT id, name, code, external_id AS externalId, task_life_hours AS taskLifeHours, version, platform FROM merchant_data WHERE (version > 0) AND (external_id = 'matched-merchant') LIMIT 1000 OFFSET 0
[TeaQL SQL][query][405us] 1 rows returned outcome=success batchOutcome=not_applicable comment=matched merchant read with relation purpose=matched benchmark read auditReason= tracePath=[0:OPERATION:Merchant=query -> 1:REQUEST:Merchant= -> 2:RELATION:platform=Merchant.platform -> 3:PROVIDER:postgresql= -> 4:SQL:select=] mutationLineage=[]
SQL: -- TeaQL PLAIN
SELECT id, create_time AS createTime, last_update_time AS lastUpdateTime, name, version FROM platform_data WHERE (version > 0) AND (id = 1) LIMIT 1 OFFSET 0
[TeaQL SQL][query][533us] 1 rows returned outcome=success batchOutcome=not_applicable comment=matched merchant read with relation purpose=matched benchmark read auditReason= tracePath=[0:OPERATION:Merchant=query -> 1:REQUEST:Merchant= -> 2:PROVIDER:postgresql= -> 3:SQL:select=] mutationLineage=[]
SQL: -- TeaQL PLAIN
SELECT id, name, code, external_id AS externalId, task_life_hours AS taskLifeHours, version, platform FROM merchant_data WHERE (version > 0) AND (external_id = 'matched-merchant') LIMIT 1000 OFFSET 0
[TeaQL SQL][query][404us] 1 rows returned outcome=success batchOutcome=not_applicable comment=matched merchant read with relation purpose=matched benchmark read auditReason= tracePath=[0:OPERATION:Merchant=query -> 1:REQUEST:Merchant= -> 2:RELATION:platform=Merchant.platform -> 3:PROVIDER:postgresql= -> 4:SQL:select=] mutationLineage=[]
SQL: -- TeaQL PLAIN
SELECT id, create_time AS createTime, last_update_time AS lastUpdateTime, name, version FROM platform_data WHERE (version > 0) AND (id = 1) LIMIT 1 OFFSET 0
[TeaQL SQL][query][450us] 1 rows returned outcome=success batchOutcome=not_applicable comment=matched merchant read with relation purpose=matched benchmark read auditReason= tracePath=[0:OPERATION:Merchant=query -> 1:REQUEST:Merchant= -> 2:PROVIDER:postgresql= -> 3:SQL:select=] mutationLineage=[]
SQL: -- TeaQL PLAIN
SELECT id, name, code, external_id AS externalId, task_life_hours AS taskLifeHours, version, platform FROM merchant_data WHERE (version > 0) AND (external_id = 'matched-merchant') LIMIT 1000 OFFSET 0
[TeaQL SQL][query][394us] 1 rows returned outcome=success batchOutcome=not_applicable comment=matched merchant read with relation purpose=matched benchmark read auditReason= tracePath=[0:OPERATION:Merchant=query -> 1:REQUEST:Merchant= -> 2:RELATION:platform=Merchant.platform -> 3:PROVIDER:postgresql= -> 4:SQL:select=] mutationLineage=[]
SQL: -- TeaQL PLAIN
SELECT id, create_time AS createTime, last_update_time AS lastUpdateTime, name, version FROM platform_data WHERE (version > 0) AND (id = 1) LIMIT 1 OFFSET 0
[TeaQL SQL][query][467us] 1 rows returned outcome=success batchOutcome=not_applicable comment=matched merchant read with relation purpose=matched benchmark read auditReason= tracePath=[0:OPERATION:Merchant=query -> 1:REQUEST:Merchant= -> 2:PROVIDER:postgresql= -> 3:SQL:select=] mutationLineage=[]
SQL: -- TeaQL PLAIN
SELECT id, name, code, external_id AS externalId, task_life_hours AS taskLifeHours, version, platform FROM merchant_data WHERE (version > 0) AND (external_id = 'matched-merchant') LIMIT 1000 OFFSET 0
[TeaQL SQL][query][406us] 1 rows returned outcome=success batchOutcome=not_applicable comment=matched merchant read with relation purpose=matched benchmark read auditReason= tracePath=[0:OPERATION:Merchant=query -> 1:REQUEST:Merchant= -> 2:RELATION:platform=Merchant.platform -> 3:PROVIDER:postgresql= -> 4:SQL:select=] mutationLineage=[]
SQL: -- TeaQL PLAIN
SELECT id, create_time AS createTime, last_update_time AS lastUpdateTime, name, version FROM platform_data WHERE (version > 0) AND (id = 1) LIMIT 1 OFFSET 0
[TeaQL SQL][query][459us] 1 rows returned outcome=success batchOutcome=not_applicable comment=matched merchant read with relation purpose=matched benchmark read auditReason= tracePath=[0:OPERATION:Merchant=query -> 1:REQUEST:Merchant= -> 2:PROVIDER:postgresql= -> 3:SQL:select=] mutationLineage=[]
SQL: -- TeaQL PLAIN
SELECT id, name, code, external_id AS externalId, task_life_hours AS taskLifeHours, version, platform FROM merchant_data WHERE (version > 0) AND (external_id = 'matched-merchant') LIMIT 1000 OFFSET 0
[TeaQL SQL][query][368us] 1 rows returned outcome=success batchOutcome=not_applicable comment=matched merchant read with relation purpose=matched benchmark read auditReason= tracePath=[0:OPERATION:Merchant=query -> 1:REQUEST:Merchant= -> 2:RELATION:platform=Merchant.platform -> 3:PROVIDER:postgresql= -> 4:SQL:select=] mutationLineage=[]
SQL: -- TeaQL PLAIN
SELECT id, create_time AS createTime, last_update_time AS lastUpdateTime, name, version FROM platform_data WHERE (version > 0) AND (id = 1) LIMIT 1 OFFSET 0
[TeaQL SQL][query][466us] 1 rows returned outcome=success batchOutcome=not_applicable comment=matched merchant read with relation purpose=matched benchmark read auditReason= tracePath=[0:OPERATION:Merchant=query -> 1:REQUEST:Merchant= -> 2:PROVIDER:postgresql= -> 3:SQL:select=] mutationLineage=[]
SQL: -- TeaQL PLAIN
SELECT id, name, code, external_id AS externalId, task_life_hours AS taskLifeHours, version, platform FROM merchant_data WHERE (version > 0) AND (external_id = 'matched-merchant') LIMIT 1000 OFFSET 0
[TeaQL SQL][query][463us] 1 rows returned outcome=success batchOutcome=not_applicable comment=matched merchant read with relation purpose=matched benchmark read auditReason= tracePath=[0:OPERATION:Merchant=query -> 1:REQUEST:Merchant= -> 2:RELATION:platform=Merchant.platform -> 3:PROVIDER:postgresql= -> 4:SQL:select=] mutationLineage=[]
SQL: -- TeaQL PLAIN
SELECT id, create_time AS createTime, last_update_time AS lastUpdateTime, name, version FROM platform_data WHERE (version > 0) AND (id = 1) LIMIT 1 OFFSET 0
[TeaQL SQL][query][498us] 1 rows returned outcome=success batchOutcome=not_applicable comment=matched merchant read with relation purpose=matched benchmark read auditReason= tracePath=[0:OPERATION:Merchant=query -> 1:REQUEST:Merchant= -> 2:PROVIDER:postgresql= -> 3:SQL:select=] mutationLineage=[]
SQL: -- TeaQL PLAIN
SELECT id, name, code, external_id AS externalId, task_life_hours AS taskLifeHours, version, platform FROM merchant_data WHERE (version > 0) AND (external_id = 'matched-merchant') LIMIT 1000 OFFSET 0
[TeaQL SQL][query][414us] 1 rows returned outcome=success batchOutcome=not_applicable comment=matched merchant read with relation purpose=matched benchmark read auditReason= tracePath=[0:OPERATION:Merchant=query -> 1:REQUEST:Merchant= -> 2:RELATION:platform=Merchant.platform -> 3:PROVIDER:postgresql= -> 4:SQL:select=] mutationLineage=[]
SQL: -- TeaQL PLAIN
SELECT id, create_time AS createTime, last_update_time AS lastUpdateTime, name, version FROM platform_data WHERE (version > 0) AND (id = 1) LIMIT 1 OFFSET 0
[TeaQL SQL][query][460us] 1 rows returned outcome=success batchOutcome=not_applicable comment=matched merchant read with relation purpose=matched benchmark read auditReason= tracePath=[0:OPERATION:Merchant=query -> 1:REQUEST:Merchant= -> 2:PROVIDER:postgresql= -> 3:SQL:select=] mutationLineage=[]
SQL: -- TeaQL PLAIN
SELECT id, name, code, external_id AS externalId, task_life_hours AS taskLifeHours, version, platform FROM merchant_data WHERE (version > 0) AND (external_id = 'matched-merchant') LIMIT 1000 OFFSET 0
[TeaQL SQL][query][398us] 1 rows returned outcome=success batchOutcome=not_applicable comment=matched merchant read with relation purpose=matched benchmark read auditReason= tracePath=[0:OPERATION:Merchant=query -> 1:REQUEST:Merchant= -> 2:RELATION:platform=Merchant.platform -> 3:PROVIDER:postgresql= -> 4:SQL:select=] mutationLineage=[]
SQL: -- TeaQL PLAIN
SELECT id, create_time AS createTime, last_update_time AS lastUpdateTime, name, version FROM platform_data WHERE (version > 0) AND (id = 1) LIMIT 1 OFFSET 0
[TeaQL SQL][query][478us] 1 rows returned outcome=success batchOutcome=not_applicable comment=matched merchant read with relation purpose=matched benchmark read auditReason= tracePath=[0:OPERATION:Merchant=query -> 1:REQUEST:Merchant= -> 2:PROVIDER:postgresql= -> 3:SQL:select=] mutationLineage=[]
SQL: -- TeaQL PLAIN
SELECT id, name, code, external_id AS externalId, task_life_hours AS taskLifeHours, version, platform FROM merchant_data WHERE (version > 0) AND (external_id = 'matched-merchant') LIMIT 1000 OFFSET 0
[TeaQL SQL][query][420us] 1 rows returned outcome=success batchOutcome=not_applicable comment=matched merchant read with relation purpose=matched benchmark read auditReason= tracePath=[0:OPERATION:Merchant=query -> 1:REQUEST:Merchant= -> 2:RELATION:platform=Merchant.platform -> 3:PROVIDER:postgresql= -> 4:SQL:select=] mutationLineage=[]
SQL: -- TeaQL PLAIN
SELECT id, create_time AS createTime, last_update_time AS lastUpdateTime, name, version FROM platform_data WHERE (version > 0) AND (id = 1) LIMIT 1 OFFSET 0
[TeaQL SQL][query][618us] 1 rows returned outcome=success batchOutcome=not_applicable comment=matched merchant read with relation purpose=matched benchmark read auditReason= tracePath=[0:OPERATION:Merchant=query -> 1:REQUEST:Merchant= -> 2:PROVIDER:postgresql= -> 3:SQL:select=] mutationLineage=[]
SQL: -- TeaQL PLAIN
SELECT id, name, code, external_id AS externalId, task_life_hours AS taskLifeHours, version, platform FROM merchant_data WHERE (version > 0) AND (external_id = 'matched-merchant') LIMIT 1000 OFFSET 0
[TeaQL SQL][query][472us] 1 rows returned outcome=success batchOutcome=not_applicable comment=matched merchant read with relation purpose=matched benchmark read auditReason= tracePath=[0:OPERATION:Merchant=query -> 1:REQUEST:Merchant= -> 2:RELATION:platform=Merchant.platform -> 3:PROVIDER:postgresql= -> 4:SQL:select=] mutationLineage=[]
SQL: -- TeaQL PLAIN
SELECT id, create_time AS createTime, last_update_time AS lastUpdateTime, name, version FROM platform_data WHERE (version > 0) AND (id = 1) LIMIT 1 OFFSET 0
[TeaQL SQL][query][517us] 1 rows returned outcome=success batchOutcome=not_applicable comment=matched merchant read with relation purpose=matched benchmark read auditReason= tracePath=[0:OPERATION:Merchant=query -> 1:REQUEST:Merchant= -> 2:PROVIDER:postgresql= -> 3:SQL:select=] mutationLineage=[]
SQL: -- TeaQL PLAIN
SELECT id, name, code, external_id AS externalId, task_life_hours AS taskLifeHours, version, platform FROM merchant_data WHERE (version > 0) AND (external_id = 'matched-merchant') LIMIT 1000 OFFSET 0
[TeaQL SQL][query][417us] 1 rows returned outcome=success batchOutcome=not_applicable comment=matched merchant read with relation purpose=matched benchmark read auditReason= tracePath=[0:OPERATION:Merchant=query -> 1:REQUEST:Merchant= -> 2:RELATION:platform=Merchant.platform -> 3:PROVIDER:postgresql= -> 4:SQL:select=] mutationLineage=[]
SQL: -- TeaQL PLAIN
SELECT id, create_time AS createTime, last_update_time AS lastUpdateTime, name, version FROM platform_data WHERE (version > 0) AND (id = 1) LIMIT 1 OFFSET 0
[TeaQL SQL][query][575us] 1 rows returned outcome=success batchOutcome=not_applicable comment=matched merchant read with relation purpose=matched benchmark read auditReason= tracePath=[0:OPERATION:Merchant=query -> 1:REQUEST:Merchant= -> 2:PROVIDER:postgresql= -> 3:SQL:select=] mutationLineage=[]
SQL: -- TeaQL PLAIN
SELECT id, name, code, external_id AS externalId, task_life_hours AS taskLifeHours, version, platform FROM merchant_data WHERE (version > 0) AND (external_id = 'matched-merchant') LIMIT 1000 OFFSET 0
[TeaQL SQL][query][475us] 1 rows returned outcome=success batchOutcome=not_applicable comment=matched merchant read with relation purpose=matched benchmark read auditReason= tracePath=[0:OPERATION:Merchant=query -> 1:REQUEST:Merchant= -> 2:RELATION:platform=Merchant.platform -> 3:PROVIDER:postgresql= -> 4:SQL:select=] mutationLineage=[]
SQL: -- TeaQL PLAIN
SELECT id, create_time AS createTime, last_update_time AS lastUpdateTime, name, version FROM platform_data WHERE (version > 0) AND (id = 1) LIMIT 1 OFFSET 0
[TeaQL SQL][query][515us] 1 rows returned outcome=success batchOutcome=not_applicable comment=matched merchant read with relation purpose=matched benchmark read auditReason= tracePath=[0:OPERATION:Merchant=query -> 1:REQUEST:Merchant= -> 2:PROVIDER:postgresql= -> 3:SQL:select=] mutationLineage=[]
SQL: -- TeaQL PLAIN
SELECT id, name, code, external_id AS externalId, task_life_hours AS taskLifeHours, version, platform FROM merchant_data WHERE (version > 0) AND (external_id = 'matched-merchant') LIMIT 1000 OFFSET 0
[TeaQL SQL][query][348us] 1 rows returned outcome=success batchOutcome=not_applicable comment=matched merchant read with relation purpose=matched benchmark read auditReason= tracePath=[0:OPERATION:Merchant=query -> 1:REQUEST:Merchant= -> 2:RELATION:platform=Merchant.platform -> 3:PROVIDER:postgresql= -> 4:SQL:select=] mutationLineage=[]
SQL: -- TeaQL PLAIN
SELECT id, create_time AS createTime, last_update_time AS lastUpdateTime, name, version FROM platform_data WHERE (version > 0) AND (id = 1) LIMIT 1 OFFSET 0
[TeaQL SQL][query][525us] 1 rows returned outcome=success batchOutcome=not_applicable comment=matched merchant read with relation purpose=matched benchmark read auditReason= tracePath=[0:OPERATION:Merchant=query -> 1:REQUEST:Merchant= -> 2:PROVIDER:postgresql= -> 3:SQL:select=] mutationLineage=[]
SQL: -- TeaQL PLAIN
SELECT id, name, code, external_id AS externalId, task_life_hours AS taskLifeHours, version, platform FROM merchant_data WHERE (version > 0) AND (external_id = 'matched-merchant') LIMIT 1000 OFFSET 0
[TeaQL SQL][query][454us] 1 rows returned outcome=success batchOutcome=not_applicable comment=matched merchant read with relation purpose=matched benchmark read auditReason= tracePath=[0:OPERATION:Merchant=query -> 1:REQUEST:Merchant= -> 2:RELATION:platform=Merchant.platform -> 3:PROVIDER:postgresql= -> 4:SQL:select=] mutationLineage=[]
SQL: -- TeaQL PLAIN
SELECT id, create_time AS createTime, last_update_time AS lastUpdateTime, name, version FROM platform_data WHERE (version > 0) AND (id = 1) LIMIT 1 OFFSET 0
[TeaQL SQL][query][518us] 1 rows returned outcome=success batchOutcome=not_applicable comment=matched merchant read with relation purpose=matched benchmark read auditReason= tracePath=[0:OPERATION:Merchant=query -> 1:REQUEST:Merchant= -> 2:PROVIDER:postgresql= -> 3:SQL:select=] mutationLineage=[]
SQL: -- TeaQL PLAIN
SELECT id, name, code, external_id AS externalId, task_life_hours AS taskLifeHours, version, platform FROM merchant_data WHERE (version > 0) AND (external_id = 'matched-merchant') LIMIT 1000 OFFSET 0
[TeaQL SQL][query][392us] 1 rows returned outcome=success batchOutcome=not_applicable comment=matched merchant read with relation purpose=matched benchmark read auditReason= tracePath=[0:OPERATION:Merchant=query -> 1:REQUEST:Merchant= -> 2:RELATION:platform=Merchant.platform -> 3:PROVIDER:postgresql= -> 4:SQL:select=] mutationLineage=[]
SQL: -- TeaQL PLAIN
SELECT id, create_time AS createTime, last_update_time AS lastUpdateTime, name, version FROM platform_data WHERE (version > 0) AND (id = 1) LIMIT 1 OFFSET 0
[TeaQL SQL][query][574us] 1 rows returned outcome=success batchOutcome=not_applicable comment=matched merchant read with relation purpose=matched benchmark read auditReason= tracePath=[0:OPERATION:Merchant=query -> 1:REQUEST:Merchant= -> 2:PROVIDER:postgresql= -> 3:SQL:select=] mutationLineage=[]
SQL: -- TeaQL PLAIN
SELECT id, name, code, external_id AS externalId, task_life_hours AS taskLifeHours, version, platform FROM merchant_data WHERE (version > 0) AND (external_id = 'matched-merchant') LIMIT 1000 OFFSET 0
[TeaQL SQL][query][488us] 1 rows returned outcome=success batchOutcome=not_applicable comment=matched merchant read with relation purpose=matched benchmark read auditReason= tracePath=[0:OPERATION:Merchant=query -> 1:REQUEST:Merchant= -> 2:RELATION:platform=Merchant.platform -> 3:PROVIDER:postgresql= -> 4:SQL:select=] mutationLineage=[]
SQL: -- TeaQL PLAIN
SELECT id, create_time AS createTime, last_update_time AS lastUpdateTime, name, version FROM platform_data WHERE (version > 0) AND (id = 1) LIMIT 1 OFFSET 0
[TeaQL SQL][query][494us] 1 rows returned outcome=success batchOutcome=not_applicable comment=matched merchant read with relation purpose=matched benchmark read auditReason= tracePath=[0:OPERATION:Merchant=query -> 1:REQUEST:Merchant= -> 2:PROVIDER:postgresql= -> 3:SQL:select=] mutationLineage=[]
SQL: -- TeaQL PLAIN
SELECT id, name, code, external_id AS externalId, task_life_hours AS taskLifeHours, version, platform FROM merchant_data WHERE (version > 0) AND (external_id = 'matched-merchant') LIMIT 1000 OFFSET 0
[TeaQL SQL][query][374us] 1 rows returned outcome=success batchOutcome=not_applicable comment=matched merchant read with relation purpose=matched benchmark read auditReason= tracePath=[0:OPERATION:Merchant=query -> 1:REQUEST:Merchant= -> 2:RELATION:platform=Merchant.platform -> 3:PROVIDER:postgresql= -> 4:SQL:select=] mutationLineage=[]
SQL: -- TeaQL PLAIN
SELECT id, create_time AS createTime, last_update_time AS lastUpdateTime, name, version FROM platform_data WHERE (version > 0) AND (id = 1) LIMIT 1 OFFSET 0
[TeaQL SQL][query][564us] 1 rows returned outcome=success batchOutcome=not_applicable comment=matched merchant read with relation purpose=matched benchmark read auditReason= tracePath=[0:OPERATION:Merchant=query -> 1:REQUEST:Merchant= -> 2:PROVIDER:postgresql= -> 3:SQL:select=] mutationLineage=[]
SQL: -- TeaQL PLAIN
SELECT id, name, code, external_id AS externalId, task_life_hours AS taskLifeHours, version, platform FROM merchant_data WHERE (version > 0) AND (external_id = 'matched-merchant') LIMIT 1000 OFFSET 0
[TeaQL SQL][query][454us] 1 rows returned outcome=success batchOutcome=not_applicable comment=matched merchant read with relation purpose=matched benchmark read auditReason= tracePath=[0:OPERATION:Merchant=query -> 1:REQUEST:Merchant= -> 2:RELATION:platform=Merchant.platform -> 3:PROVIDER:postgresql= -> 4:SQL:select=] mutationLineage=[]
SQL: -- TeaQL PLAIN
SELECT id, create_time AS createTime, last_update_time AS lastUpdateTime, name, version FROM platform_data WHERE (version > 0) AND (id = 1) LIMIT 1 OFFSET 0
[TeaQL SQL][query][505us] 1 rows returned outcome=success batchOutcome=not_applicable comment=matched merchant read with relation purpose=matched benchmark read auditReason= tracePath=[0:OPERATION:Merchant=query -> 1:REQUEST:Merchant= -> 2:PROVIDER:postgresql= -> 3:SQL:select=] mutationLineage=[]
SQL: -- TeaQL PLAIN
SELECT id, name, code, external_id AS externalId, task_life_hours AS taskLifeHours, version, platform FROM merchant_data WHERE (version > 0) AND (external_id = 'matched-merchant') LIMIT 1000 OFFSET 0
[TeaQL SQL][query][447us] 1 rows returned outcome=success batchOutcome=not_applicable comment=matched merchant read with relation purpose=matched benchmark read auditReason= tracePath=[0:OPERATION:Merchant=query -> 1:REQUEST:Merchant= -> 2:RELATION:platform=Merchant.platform -> 3:PROVIDER:postgresql= -> 4:SQL:select=] mutationLineage=[]
SQL: -- TeaQL PLAIN
SELECT id, create_time AS createTime, last_update_time AS lastUpdateTime, name, version FROM platform_data WHERE (version > 0) AND (id = 1) LIMIT 1 OFFSET 0
[TeaQL SQL][query][553us] 1 rows returned outcome=success batchOutcome=not_applicable comment=matched merchant read with relation purpose=matched benchmark read auditReason= tracePath=[0:OPERATION:Merchant=query -> 1:REQUEST:Merchant= -> 2:PROVIDER:postgresql= -> 3:SQL:select=] mutationLineage=[]
SQL: -- TeaQL PLAIN
SELECT id, name, code, external_id AS externalId, task_life_hours AS taskLifeHours, version, platform FROM merchant_data WHERE (version > 0) AND (external_id = 'matched-merchant') LIMIT 1000 OFFSET 0
[TeaQL SQL][query][521us] 1 rows returned outcome=success batchOutcome=not_applicable comment=matched merchant read with relation purpose=matched benchmark read auditReason= tracePath=[0:OPERATION:Merchant=query -> 1:REQUEST:Merchant= -> 2:RELATION:platform=Merchant.platform -> 3:PROVIDER:postgresql= -> 4:SQL:select=] mutationLineage=[]
SQL: -- TeaQL PLAIN
SELECT id, create_time AS createTime, last_update_time AS lastUpdateTime, name, version FROM platform_data WHERE (version > 0) AND (id = 1) LIMIT 1 OFFSET 0
[TeaQL SQL][query][480us] 1 rows returned outcome=success batchOutcome=not_applicable comment=matched merchant read with relation purpose=matched benchmark read auditReason= tracePath=[0:OPERATION:Merchant=query -> 1:REQUEST:Merchant= -> 2:PROVIDER:postgresql= -> 3:SQL:select=] mutationLineage=[]
SQL: -- TeaQL PLAIN
SELECT id, name, code, external_id AS externalId, task_life_hours AS taskLifeHours, version, platform FROM merchant_data WHERE (version > 0) AND (external_id = 'matched-merchant') LIMIT 1000 OFFSET 0
[TeaQL SQL][query][473us] 1 rows returned outcome=success batchOutcome=not_applicable comment=matched merchant read with relation purpose=matched benchmark read auditReason= tracePath=[0:OPERATION:Merchant=query -> 1:REQUEST:Merchant= -> 2:RELATION:platform=Merchant.platform -> 3:PROVIDER:postgresql= -> 4:SQL:select=] mutationLineage=[]
SQL: -- TeaQL PLAIN
SELECT id, create_time AS createTime, last_update_time AS lastUpdateTime, name, version FROM platform_data WHERE (version > 0) AND (id = 1) LIMIT 1 OFFSET 0
[TeaQL SQL][query][546us] 1 rows returned outcome=success batchOutcome=not_applicable comment=matched merchant read with relation purpose=matched benchmark read auditReason= tracePath=[0:OPERATION:Merchant=query -> 1:REQUEST:Merchant= -> 2:PROVIDER:postgresql= -> 3:SQL:select=] mutationLineage=[]
SQL: -- TeaQL PLAIN
SELECT id, name, code, external_id AS externalId, task_life_hours AS taskLifeHours, version, platform FROM merchant_data WHERE (version > 0) AND (external_id = 'matched-merchant') LIMIT 1000 OFFSET 0
[TeaQL SQL][query][474us] 1 rows returned outcome=success batchOutcome=not_applicable comment=matched merchant read with relation purpose=matched benchmark read auditReason= tracePath=[0:OPERATION:Merchant=query -> 1:REQUEST:Merchant= -> 2:RELATION:platform=Merchant.platform -> 3:PROVIDER:postgresql= -> 4:SQL:select=] mutationLineage=[]
SQL: -- TeaQL PLAIN
SELECT id, create_time AS createTime, last_update_time AS lastUpdateTime, name, version FROM platform_data WHERE (version > 0) AND (id = 1) LIMIT 1 OFFSET 0
[TeaQL SQL][query][502us] 1 rows returned outcome=success batchOutcome=not_applicable comment=matched merchant read with relation purpose=matched benchmark read auditReason= tracePath=[0:OPERATION:Merchant=query -> 1:REQUEST:Merchant= -> 2:PROVIDER:postgresql= -> 3:SQL:select=] mutationLineage=[]
SQL: -- TeaQL PLAIN
SELECT id, name, code, external_id AS externalId, task_life_hours AS taskLifeHours, version, platform FROM merchant_data WHERE (version > 0) AND (external_id = 'matched-merchant') LIMIT 1000 OFFSET 0
[TeaQL SQL][query][360us] 1 rows returned outcome=success batchOutcome=not_applicable comment=matched merchant read with relation purpose=matched benchmark read auditReason= tracePath=[0:OPERATION:Merchant=query -> 1:REQUEST:Merchant= -> 2:RELATION:platform=Merchant.platform -> 3:PROVIDER:postgresql= -> 4:SQL:select=] mutationLineage=[]
SQL: -- TeaQL PLAIN
SELECT id, create_time AS createTime, last_update_time AS lastUpdateTime, name, version FROM platform_data WHERE (version > 0) AND (id = 1) LIMIT 1 OFFSET 0
[TeaQL SQL][query][570us] 1 rows returned outcome=success batchOutcome=not_applicable comment=matched merchant read with relation purpose=matched benchmark read auditReason= tracePath=[0:OPERATION:Merchant=query -> 1:REQUEST:Merchant= -> 2:PROVIDER:postgresql= -> 3:SQL:select=] mutationLineage=[]
SQL: -- TeaQL PLAIN
SELECT id, name, code, external_id AS externalId, task_life_hours AS taskLifeHours, version, platform FROM merchant_data WHERE (version > 0) AND (external_id = 'matched-merchant') LIMIT 1000 OFFSET 0
[TeaQL SQL][query][500us] 1 rows returned outcome=success batchOutcome=not_applicable comment=matched merchant read with relation purpose=matched benchmark read auditReason= tracePath=[0:OPERATION:Merchant=query -> 1:REQUEST:Merchant= -> 2:RELATION:platform=Merchant.platform -> 3:PROVIDER:postgresql= -> 4:SQL:select=] mutationLineage=[]
SQL: -- TeaQL PLAIN
SELECT id, create_time AS createTime, last_update_time AS lastUpdateTime, name, version FROM platform_data WHERE (version > 0) AND (id = 1) LIMIT 1 OFFSET 0
[TeaQL SQL][query][507us] 1 rows returned outcome=success batchOutcome=not_applicable comment=matched merchant read with relation purpose=matched benchmark read auditReason= tracePath=[0:OPERATION:Merchant=query -> 1:REQUEST:Merchant= -> 2:PROVIDER:postgresql= -> 3:SQL:select=] mutationLineage=[]
SQL: -- TeaQL PLAIN
SELECT id, name, code, external_id AS externalId, task_life_hours AS taskLifeHours, version, platform FROM merchant_data WHERE (version > 0) AND (external_id = 'matched-merchant') LIMIT 1000 OFFSET 0
[TeaQL SQL][query][420us] 1 rows returned outcome=success batchOutcome=not_applicable comment=matched merchant read with relation purpose=matched benchmark read auditReason= tracePath=[0:OPERATION:Merchant=query -> 1:REQUEST:Merchant= -> 2:RELATION:platform=Merchant.platform -> 3:PROVIDER:postgresql= -> 4:SQL:select=] mutationLineage=[]
SQL: -- TeaQL PLAIN
SELECT id, create_time AS createTime, last_update_time AS lastUpdateTime, name, version FROM platform_data WHERE (version > 0) AND (id = 1) LIMIT 1 OFFSET 0
[TeaQL SQL][query][612us] 1 rows returned outcome=success batchOutcome=not_applicable comment=matched merchant read with relation purpose=matched benchmark read auditReason= tracePath=[0:OPERATION:Merchant=query -> 1:REQUEST:Merchant= -> 2:PROVIDER:postgresql= -> 3:SQL:select=] mutationLineage=[]
SQL: -- TeaQL PLAIN
SELECT id, name, code, external_id AS externalId, task_life_hours AS taskLifeHours, version, platform FROM merchant_data WHERE (version > 0) AND (external_id = 'matched-merchant') LIMIT 1000 OFFSET 0
[TeaQL SQL][query][466us] 1 rows returned outcome=success batchOutcome=not_applicable comment=matched merchant read with relation purpose=matched benchmark read auditReason= tracePath=[0:OPERATION:Merchant=query -> 1:REQUEST:Merchant= -> 2:RELATION:platform=Merchant.platform -> 3:PROVIDER:postgresql= -> 4:SQL:select=] mutationLineage=[]
SQL: -- TeaQL PLAIN
SELECT id, create_time AS createTime, last_update_time AS lastUpdateTime, name, version FROM platform_data WHERE (version > 0) AND (id = 1) LIMIT 1 OFFSET 0
[TeaQL SQL][query][470us] 1 rows returned outcome=success batchOutcome=not_applicable comment=matched merchant read with relation purpose=matched benchmark read auditReason= tracePath=[0:OPERATION:Merchant=query -> 1:REQUEST:Merchant= -> 2:PROVIDER:postgresql= -> 3:SQL:select=] mutationLineage=[]
SQL: -- TeaQL PLAIN
SELECT id, name, code, external_id AS externalId, task_life_hours AS taskLifeHours, version, platform FROM merchant_data WHERE (version > 0) AND (external_id = 'matched-merchant') LIMIT 1000 OFFSET 0
[TeaQL SQL][query][404us] 1 rows returned outcome=success batchOutcome=not_applicable comment=matched merchant read with relation purpose=matched benchmark read auditReason= tracePath=[0:OPERATION:Merchant=query -> 1:REQUEST:Merchant= -> 2:RELATION:platform=Merchant.platform -> 3:PROVIDER:postgresql= -> 4:SQL:select=] mutationLineage=[]
SQL: -- TeaQL PLAIN
SELECT id, create_time AS createTime, last_update_time AS lastUpdateTime, name, version FROM platform_data WHERE (version > 0) AND (id = 1) LIMIT 1 OFFSET 0
[TeaQL SQL][query][564us] 1 rows returned outcome=success batchOutcome=not_applicable comment=matched merchant read with relation purpose=matched benchmark read auditReason= tracePath=[0:OPERATION:Merchant=query -> 1:REQUEST:Merchant= -> 2:PROVIDER:postgresql= -> 3:SQL:select=] mutationLineage=[]
SQL: -- TeaQL PLAIN
SELECT id, name, code, external_id AS externalId, task_life_hours AS taskLifeHours, version, platform FROM merchant_data WHERE (version > 0) AND (external_id = 'matched-merchant') LIMIT 1000 OFFSET 0
[TeaQL SQL][query][464us] 1 rows returned outcome=success batchOutcome=not_applicable comment=matched merchant read with relation purpose=matched benchmark read auditReason= tracePath=[0:OPERATION:Merchant=query -> 1:REQUEST:Merchant= -> 2:RELATION:platform=Merchant.platform -> 3:PROVIDER:postgresql= -> 4:SQL:select=] mutationLineage=[]
SQL: -- TeaQL PLAIN
SELECT id, create_time AS createTime, last_update_time AS lastUpdateTime, name, version FROM platform_data WHERE (version > 0) AND (id = 1) LIMIT 1 OFFSET 0
[TeaQL SQL][query][505us] 1 rows returned outcome=success batchOutcome=not_applicable comment=matched merchant read with relation purpose=matched benchmark read auditReason= tracePath=[0:OPERATION:Merchant=query -> 1:REQUEST:Merchant= -> 2:PROVIDER:postgresql= -> 3:SQL:select=] mutationLineage=[]
SQL: -- TeaQL PLAIN
SELECT id, name, code, external_id AS externalId, task_life_hours AS taskLifeHours, version, platform FROM merchant_data WHERE (version > 0) AND (external_id = 'matched-merchant') LIMIT 1000 OFFSET 0
[TeaQL SQL][query][375us] 1 rows returned outcome=success batchOutcome=not_applicable comment=matched merchant read with relation purpose=matched benchmark read auditReason= tracePath=[0:OPERATION:Merchant=query -> 1:REQUEST:Merchant= -> 2:RELATION:platform=Merchant.platform -> 3:PROVIDER:postgresql= -> 4:SQL:select=] mutationLineage=[]
SQL: -- TeaQL PLAIN
SELECT id, create_time AS createTime, last_update_time AS lastUpdateTime, name, version FROM platform_data WHERE (version > 0) AND (id = 1) LIMIT 1 OFFSET 0
[TeaQL SQL][query][464us] 1 rows returned outcome=success batchOutcome=not_applicable comment=matched merchant read with relation purpose=matched benchmark read auditReason= tracePath=[0:OPERATION:Merchant=query -> 1:REQUEST:Merchant= -> 2:PROVIDER:postgresql= -> 3:SQL:select=] mutationLineage=[]
SQL: -- TeaQL PLAIN
SELECT id, name, code, external_id AS externalId, task_life_hours AS taskLifeHours, version, platform FROM merchant_data WHERE (version > 0) AND (external_id = 'matched-merchant') LIMIT 1000 OFFSET 0
[TeaQL SQL][query][482us] 1 rows returned outcome=success batchOutcome=not_applicable comment=matched merchant read with relation purpose=matched benchmark read auditReason= tracePath=[0:OPERATION:Merchant=query -> 1:REQUEST:Merchant= -> 2:RELATION:platform=Merchant.platform -> 3:PROVIDER:postgresql= -> 4:SQL:select=] mutationLineage=[]
SQL: -- TeaQL PLAIN
SELECT id, create_time AS createTime, last_update_time AS lastUpdateTime, name, version FROM platform_data WHERE (version > 0) AND (id = 1) LIMIT 1 OFFSET 0
[TeaQL SQL][query][525us] 1 rows returned outcome=success batchOutcome=not_applicable comment=matched merchant read with relation purpose=matched benchmark read auditReason= tracePath=[0:OPERATION:Merchant=query -> 1:REQUEST:Merchant= -> 2:PROVIDER:postgresql= -> 3:SQL:select=] mutationLineage=[]
SQL: -- TeaQL PLAIN
SELECT id, name, code, external_id AS externalId, task_life_hours AS taskLifeHours, version, platform FROM merchant_data WHERE (version > 0) AND (external_id = 'matched-merchant') LIMIT 1000 OFFSET 0
[TeaQL SQL][query][398us] 1 rows returned outcome=success batchOutcome=not_applicable comment=matched merchant read with relation purpose=matched benchmark read auditReason= tracePath=[0:OPERATION:Merchant=query -> 1:REQUEST:Merchant= -> 2:RELATION:platform=Merchant.platform -> 3:PROVIDER:postgresql= -> 4:SQL:select=] mutationLineage=[]
SQL: -- TeaQL PLAIN
SELECT id, create_time AS createTime, last_update_time AS lastUpdateTime, name, version FROM platform_data WHERE (version > 0) AND (id = 1) LIMIT 1 OFFSET 0
[TeaQL SQL][query][547us] 1 rows returned outcome=success batchOutcome=not_applicable comment=matched merchant read with relation purpose=matched benchmark read auditReason= tracePath=[0:OPERATION:Merchant=query -> 1:REQUEST:Merchant= -> 2:PROVIDER:postgresql= -> 3:SQL:select=] mutationLineage=[]
SQL: -- TeaQL PLAIN
SELECT id, name, code, external_id AS externalId, task_life_hours AS taskLifeHours, version, platform FROM merchant_data WHERE (version > 0) AND (external_id = 'matched-merchant') LIMIT 1000 OFFSET 0
[TeaQL SQL][query][522us] 1 rows returned outcome=success batchOutcome=not_applicable comment=matched merchant read with relation purpose=matched benchmark read auditReason= tracePath=[0:OPERATION:Merchant=query -> 1:REQUEST:Merchant= -> 2:RELATION:platform=Merchant.platform -> 3:PROVIDER:postgresql= -> 4:SQL:select=] mutationLineage=[]
SQL: -- TeaQL PLAIN
SELECT id, create_time AS createTime, last_update_time AS lastUpdateTime, name, version FROM platform_data WHERE (version > 0) AND (id = 1) LIMIT 1 OFFSET 0
[TeaQL SQL][query][473us] 1 rows returned outcome=success batchOutcome=not_applicable comment=matched merchant read with relation purpose=matched benchmark read auditReason= tracePath=[0:OPERATION:Merchant=query -> 1:REQUEST:Merchant= -> 2:PROVIDER:postgresql= -> 3:SQL:select=] mutationLineage=[]
SQL: -- TeaQL PLAIN
SELECT id, name, code, external_id AS externalId, task_life_hours AS taskLifeHours, version, platform FROM merchant_data WHERE (version > 0) AND (external_id = 'matched-merchant') LIMIT 1000 OFFSET 0
[TeaQL SQL][query][407us] 1 rows returned outcome=success batchOutcome=not_applicable comment=matched merchant read with relation purpose=matched benchmark read auditReason= tracePath=[0:OPERATION:Merchant=query -> 1:REQUEST:Merchant= -> 2:RELATION:platform=Merchant.platform -> 3:PROVIDER:postgresql= -> 4:SQL:select=] mutationLineage=[]
SQL: -- TeaQL PLAIN
SELECT id, create_time AS createTime, last_update_time AS lastUpdateTime, name, version FROM platform_data WHERE (version > 0) AND (id = 1) LIMIT 1 OFFSET 0
[TeaQL SQL][query][564us] 1 rows returned outcome=success batchOutcome=not_applicable comment=matched merchant read with relation purpose=matched benchmark read auditReason= tracePath=[0:OPERATION:Merchant=query -> 1:REQUEST:Merchant= -> 2:PROVIDER:postgresql= -> 3:SQL:select=] mutationLineage=[]
SQL: -- TeaQL PLAIN
SELECT id, name, code, external_id AS externalId, task_life_hours AS taskLifeHours, version, platform FROM merchant_data WHERE (version > 0) AND (external_id = 'matched-merchant') LIMIT 1000 OFFSET 0
[TeaQL SQL][query][555us] 1 rows returned outcome=success batchOutcome=not_applicable comment=matched merchant read with relation purpose=matched benchmark read auditReason= tracePath=[0:OPERATION:Merchant=query -> 1:REQUEST:Merchant= -> 2:RELATION:platform=Merchant.platform -> 3:PROVIDER:postgresql= -> 4:SQL:select=] mutationLineage=[]
SQL: -- TeaQL PLAIN
SELECT id, create_time AS createTime, last_update_time AS lastUpdateTime, name, version FROM platform_data WHERE (version > 0) AND (id = 1) LIMIT 1 OFFSET 0
[TeaQL SQL][query][437us] 1 rows returned outcome=success batchOutcome=not_applicable comment=matched merchant read with relation purpose=matched benchmark read auditReason= tracePath=[0:OPERATION:Merchant=query -> 1:REQUEST:Merchant= -> 2:PROVIDER:postgresql= -> 3:SQL:select=] mutationLineage=[]
SQL: -- TeaQL PLAIN
SELECT id, name, code, external_id AS externalId, task_life_hours AS taskLifeHours, version, platform FROM merchant_data WHERE (version > 0) AND (external_id = 'matched-merchant') LIMIT 1000 OFFSET 0
[TeaQL SQL][query][334us] 1 rows returned outcome=success batchOutcome=not_applicable comment=matched merchant read with relation purpose=matched benchmark read auditReason= tracePath=[0:OPERATION:Merchant=query -> 1:REQUEST:Merchant= -> 2:RELATION:platform=Merchant.platform -> 3:PROVIDER:postgresql= -> 4:SQL:select=] mutationLineage=[]
SQL: -- TeaQL PLAIN
SELECT id, create_time AS createTime, last_update_time AS lastUpdateTime, name, version FROM platform_data WHERE (version > 0) AND (id = 1) LIMIT 1 OFFSET 0
[TeaQL SQL][query][471us] 1 rows returned outcome=success batchOutcome=not_applicable comment=matched merchant read with relation purpose=matched benchmark read auditReason= tracePath=[0:OPERATION:Merchant=query -> 1:REQUEST:Merchant= -> 2:PROVIDER:postgresql= -> 3:SQL:select=] mutationLineage=[]
SQL: -- TeaQL PLAIN
SELECT id, name, code, external_id AS externalId, task_life_hours AS taskLifeHours, version, platform FROM merchant_data WHERE (version > 0) AND (external_id = 'matched-merchant') LIMIT 1000 OFFSET 0
[TeaQL SQL][query][441us] 1 rows returned outcome=success batchOutcome=not_applicable comment=matched merchant read with relation purpose=matched benchmark read auditReason= tracePath=[0:OPERATION:Merchant=query -> 1:REQUEST:Merchant= -> 2:RELATION:platform=Merchant.platform -> 3:PROVIDER:postgresql= -> 4:SQL:select=] mutationLineage=[]
SQL: -- TeaQL PLAIN
SELECT id, create_time AS createTime, last_update_time AS lastUpdateTime, name, version FROM platform_data WHERE (version > 0) AND (id = 1) LIMIT 1 OFFSET 0
[TeaQL SQL][query][482us] 1 rows returned outcome=success batchOutcome=not_applicable comment=matched merchant read with relation purpose=matched benchmark read auditReason= tracePath=[0:OPERATION:Merchant=query -> 1:REQUEST:Merchant= -> 2:PROVIDER:postgresql= -> 3:SQL:select=] mutationLineage=[]
SQL: -- TeaQL PLAIN
SELECT id, name, code, external_id AS externalId, task_life_hours AS taskLifeHours, version, platform FROM merchant_data WHERE (version > 0) AND (external_id = 'matched-merchant') LIMIT 1000 OFFSET 0
[TeaQL SQL][query][398us] 1 rows returned outcome=success batchOutcome=not_applicable comment=matched merchant read with relation purpose=matched benchmark read auditReason= tracePath=[0:OPERATION:Merchant=query -> 1:REQUEST:Merchant= -> 2:RELATION:platform=Merchant.platform -> 3:PROVIDER:postgresql= -> 4:SQL:select=] mutationLineage=[]
SQL: -- TeaQL PLAIN
SELECT id, create_time AS createTime, last_update_time AS lastUpdateTime, name, version FROM platform_data WHERE (version > 0) AND (id = 1) LIMIT 1 OFFSET 0
[TeaQL SQL][query][512us] 1 rows returned outcome=success batchOutcome=not_applicable comment=matched merchant read with relation purpose=matched benchmark read auditReason= tracePath=[0:OPERATION:Merchant=query -> 1:REQUEST:Merchant= -> 2:PROVIDER:postgresql= -> 3:SQL:select=] mutationLineage=[]
SQL: -- TeaQL PLAIN
SELECT id, name, code, external_id AS externalId, task_life_hours AS taskLifeHours, version, platform FROM merchant_data WHERE (version > 0) AND (external_id = 'matched-merchant') LIMIT 1000 OFFSET 0
[TeaQL SQL][query][412us] 1 rows returned outcome=success batchOutcome=not_applicable comment=matched merchant read with relation purpose=matched benchmark read auditReason= tracePath=[0:OPERATION:Merchant=query -> 1:REQUEST:Merchant= -> 2:RELATION:platform=Merchant.platform -> 3:PROVIDER:postgresql= -> 4:SQL:select=] mutationLineage=[]
SQL: -- TeaQL PLAIN
SELECT id, create_time AS createTime, last_update_time AS lastUpdateTime, name, version FROM platform_data WHERE (version > 0) AND (id = 1) LIMIT 1 OFFSET 0
[TeaQL SQL][query][424us] 1 rows returned outcome=success batchOutcome=not_applicable comment=matched merchant read with relation purpose=matched benchmark read auditReason= tracePath=[0:OPERATION:Merchant=query -> 1:REQUEST:Merchant= -> 2:PROVIDER:postgresql= -> 3:SQL:select=] mutationLineage=[]
SQL: -- TeaQL PLAIN
SELECT id, name, code, external_id AS externalId, task_life_hours AS taskLifeHours, version, platform FROM merchant_data WHERE (version > 0) AND (external_id = 'matched-merchant') LIMIT 1000 OFFSET 0
[TeaQL SQL][query][328us] 1 rows returned outcome=success batchOutcome=not_applicable comment=matched merchant read with relation purpose=matched benchmark read auditReason= tracePath=[0:OPERATION:Merchant=query -> 1:REQUEST:Merchant= -> 2:RELATION:platform=Merchant.platform -> 3:PROVIDER:postgresql= -> 4:SQL:select=] mutationLineage=[]
SQL: -- TeaQL PLAIN
SELECT id, create_time AS createTime, last_update_time AS lastUpdateTime, name, version FROM platform_data WHERE (version > 0) AND (id = 1) LIMIT 1 OFFSET 0
[TeaQL SQL][query][576us] 1 rows returned outcome=success batchOutcome=not_applicable comment=matched merchant read with relation purpose=matched benchmark read auditReason= tracePath=[0:OPERATION:Merchant=query -> 1:REQUEST:Merchant= -> 2:PROVIDER:postgresql= -> 3:SQL:select=] mutationLineage=[]
SQL: -- TeaQL PLAIN
SELECT id, name, code, external_id AS externalId, task_life_hours AS taskLifeHours, version, platform FROM merchant_data WHERE (version > 0) AND (external_id = 'matched-merchant') LIMIT 1000 OFFSET 0
[TeaQL SQL][query][401us] 1 rows returned outcome=success batchOutcome=not_applicable comment=matched merchant read with relation purpose=matched benchmark read auditReason= tracePath=[0:OPERATION:Merchant=query -> 1:REQUEST:Merchant= -> 2:RELATION:platform=Merchant.platform -> 3:PROVIDER:postgresql= -> 4:SQL:select=] mutationLineage=[]
SQL: -- TeaQL PLAIN
SELECT id, create_time AS createTime, last_update_time AS lastUpdateTime, name, version FROM platform_data WHERE (version > 0) AND (id = 1) LIMIT 1 OFFSET 0
[TeaQL SQL][query][521us] 1 rows returned outcome=success batchOutcome=not_applicable comment=matched merchant read with relation purpose=matched benchmark read auditReason= tracePath=[0:OPERATION:Merchant=query -> 1:REQUEST:Merchant= -> 2:PROVIDER:postgresql= -> 3:SQL:select=] mutationLineage=[]
SQL: -- TeaQL PLAIN
SELECT id, name, code, external_id AS externalId, task_life_hours AS taskLifeHours, version, platform FROM merchant_data WHERE (version > 0) AND (external_id = 'matched-merchant') LIMIT 1000 OFFSET 0
[TeaQL SQL][query][452us] 1 rows returned outcome=success batchOutcome=not_applicable comment=matched merchant read with relation purpose=matched benchmark read auditReason= tracePath=[0:OPERATION:Merchant=query -> 1:REQUEST:Merchant= -> 2:RELATION:platform=Merchant.platform -> 3:PROVIDER:postgresql= -> 4:SQL:select=] mutationLineage=[]
SQL: -- TeaQL PLAIN
SELECT id, create_time AS createTime, last_update_time AS lastUpdateTime, name, version FROM platform_data WHERE (version > 0) AND (id = 1) LIMIT 1 OFFSET 0
[TeaQL SQL][query][557us] 1 rows returned outcome=success batchOutcome=not_applicable comment=matched merchant read with relation purpose=matched benchmark read auditReason= tracePath=[0:OPERATION:Merchant=query -> 1:REQUEST:Merchant= -> 2:PROVIDER:postgresql= -> 3:SQL:select=] mutationLineage=[]
SQL: -- TeaQL PLAIN
SELECT id, name, code, external_id AS externalId, task_life_hours AS taskLifeHours, version, platform FROM merchant_data WHERE (version > 0) AND (external_id = 'matched-merchant') LIMIT 1000 OFFSET 0
[TeaQL SQL][query][497us] 1 rows returned outcome=success batchOutcome=not_applicable comment=matched merchant read with relation purpose=matched benchmark read auditReason= tracePath=[0:OPERATION:Merchant=query -> 1:REQUEST:Merchant= -> 2:RELATION:platform=Merchant.platform -> 3:PROVIDER:postgresql= -> 4:SQL:select=] mutationLineage=[]
SQL: -- TeaQL PLAIN
SELECT id, create_time AS createTime, last_update_time AS lastUpdateTime, name, version FROM platform_data WHERE (version > 0) AND (id = 1) LIMIT 1 OFFSET 0
[TeaQL SQL][query][458us] 1 rows returned outcome=success batchOutcome=not_applicable comment=matched merchant read with relation purpose=matched benchmark read auditReason= tracePath=[0:OPERATION:Merchant=query -> 1:REQUEST:Merchant= -> 2:PROVIDER:postgresql= -> 3:SQL:select=] mutationLineage=[]
SQL: -- TeaQL PLAIN
SELECT id, name, code, external_id AS externalId, task_life_hours AS taskLifeHours, version, platform FROM merchant_data WHERE (version > 0) AND (external_id = 'matched-merchant') LIMIT 1000 OFFSET 0
[TeaQL SQL][query][376us] 1 rows returned outcome=success batchOutcome=not_applicable comment=matched merchant read with relation purpose=matched benchmark read auditReason= tracePath=[0:OPERATION:Merchant=query -> 1:REQUEST:Merchant= -> 2:RELATION:platform=Merchant.platform -> 3:PROVIDER:postgresql= -> 4:SQL:select=] mutationLineage=[]
SQL: -- TeaQL PLAIN
SELECT id, create_time AS createTime, last_update_time AS lastUpdateTime, name, version FROM platform_data WHERE (version > 0) AND (id = 1) LIMIT 1 OFFSET 0
[TeaQL SQL][query][527us] 1 rows returned outcome=success batchOutcome=not_applicable comment=matched merchant read with relation purpose=matched benchmark read auditReason= tracePath=[0:OPERATION:Merchant=query -> 1:REQUEST:Merchant= -> 2:PROVIDER:postgresql= -> 3:SQL:select=] mutationLineage=[]
SQL: -- TeaQL PLAIN
SELECT id, name, code, external_id AS externalId, task_life_hours AS taskLifeHours, version, platform FROM merchant_data WHERE (version > 0) AND (external_id = 'matched-merchant') LIMIT 1000 OFFSET 0
[TeaQL SQL][query][432us] 1 rows returned outcome=success batchOutcome=not_applicable comment=matched merchant read with relation purpose=matched benchmark read auditReason= tracePath=[0:OPERATION:Merchant=query -> 1:REQUEST:Merchant= -> 2:RELATION:platform=Merchant.platform -> 3:PROVIDER:postgresql= -> 4:SQL:select=] mutationLineage=[]
SQL: -- TeaQL PLAIN
SELECT id, create_time AS createTime, last_update_time AS lastUpdateTime, name, version FROM platform_data WHERE (version > 0) AND (id = 1) LIMIT 1 OFFSET 0
[TeaQL SQL][query][453us] 1 rows returned outcome=success batchOutcome=not_applicable comment=matched merchant read with relation purpose=matched benchmark read auditReason= tracePath=[0:OPERATION:Merchant=query -> 1:REQUEST:Merchant= -> 2:PROVIDER:postgresql= -> 3:SQL:select=] mutationLineage=[]
SQL: -- TeaQL PLAIN
SELECT id, name, code, external_id AS externalId, task_life_hours AS taskLifeHours, version, platform FROM merchant_data WHERE (version > 0) AND (external_id = 'matched-merchant') LIMIT 1000 OFFSET 0
[TeaQL SQL][query][370us] 1 rows returned outcome=success batchOutcome=not_applicable comment=matched merchant read with relation purpose=matched benchmark read auditReason= tracePath=[0:OPERATION:Merchant=query -> 1:REQUEST:Merchant= -> 2:RELATION:platform=Merchant.platform -> 3:PROVIDER:postgresql= -> 4:SQL:select=] mutationLineage=[]
SQL: -- TeaQL PLAIN
SELECT id, create_time AS createTime, last_update_time AS lastUpdateTime, name, version FROM platform_data WHERE (version > 0) AND (id = 1) LIMIT 1 OFFSET 0
[TeaQL SQL][query][483us] 1 rows returned outcome=success batchOutcome=not_applicable comment=matched merchant read with relation purpose=matched benchmark read auditReason= tracePath=[0:OPERATION:Merchant=query -> 1:REQUEST:Merchant= -> 2:PROVIDER:postgresql= -> 3:SQL:select=] mutationLineage=[]
SQL: -- TeaQL PLAIN
SELECT id, name, code, external_id AS externalId, task_life_hours AS taskLifeHours, version, platform FROM merchant_data WHERE (version > 0) AND (external_id = 'matched-merchant') LIMIT 1000 OFFSET 0
[TeaQL SQL][query][437us] 1 rows returned outcome=success batchOutcome=not_applicable comment=matched merchant read with relation purpose=matched benchmark read auditReason= tracePath=[0:OPERATION:Merchant=query -> 1:REQUEST:Merchant= -> 2:RELATION:platform=Merchant.platform -> 3:PROVIDER:postgresql= -> 4:SQL:select=] mutationLineage=[]
SQL: -- TeaQL PLAIN
SELECT id, create_time AS createTime, last_update_time AS lastUpdateTime, name, version FROM platform_data WHERE (version > 0) AND (id = 1) LIMIT 1 OFFSET 0
[TeaQL SQL][query][384us] 1 rows returned outcome=success batchOutcome=not_applicable comment=matched merchant read with relation purpose=matched benchmark read auditReason= tracePath=[0:OPERATION:Merchant=query -> 1:REQUEST:Merchant= -> 2:PROVIDER:postgresql= -> 3:SQL:select=] mutationLineage=[]
SQL: -- TeaQL PLAIN
SELECT id, name, code, external_id AS externalId, task_life_hours AS taskLifeHours, version, platform FROM merchant_data WHERE (version > 0) AND (external_id = 'matched-merchant') LIMIT 1000 OFFSET 0
[TeaQL SQL][query][370us] 1 rows returned outcome=success batchOutcome=not_applicable comment=matched merchant read with relation purpose=matched benchmark read auditReason= tracePath=[0:OPERATION:Merchant=query -> 1:REQUEST:Merchant= -> 2:RELATION:platform=Merchant.platform -> 3:PROVIDER:postgresql= -> 4:SQL:select=] mutationLineage=[]
SQL: -- TeaQL PLAIN
SELECT id, create_time AS createTime, last_update_time AS lastUpdateTime, name, version FROM platform_data WHERE (version > 0) AND (id = 1) LIMIT 1 OFFSET 0
[TeaQL SQL][query][597us] 1 rows returned outcome=success batchOutcome=not_applicable comment=matched merchant read with relation purpose=matched benchmark read auditReason= tracePath=[0:OPERATION:Merchant=query -> 1:REQUEST:Merchant= -> 2:PROVIDER:postgresql= -> 3:SQL:select=] mutationLineage=[]
SQL: -- TeaQL PLAIN
SELECT id, name, code, external_id AS externalId, task_life_hours AS taskLifeHours, version, platform FROM merchant_data WHERE (version > 0) AND (external_id = 'matched-merchant') LIMIT 1000 OFFSET 0
[TeaQL SQL][query][506us] 1 rows returned outcome=success batchOutcome=not_applicable comment=matched merchant read with relation purpose=matched benchmark read auditReason= tracePath=[0:OPERATION:Merchant=query -> 1:REQUEST:Merchant= -> 2:RELATION:platform=Merchant.platform -> 3:PROVIDER:postgresql= -> 4:SQL:select=] mutationLineage=[]
SQL: -- TeaQL PLAIN
SELECT id, create_time AS createTime, last_update_time AS lastUpdateTime, name, version FROM platform_data WHERE (version > 0) AND (id = 1) LIMIT 1 OFFSET 0
[TeaQL SQL][query][453us] 1 rows returned outcome=success batchOutcome=not_applicable comment=matched merchant read with relation purpose=matched benchmark read auditReason= tracePath=[0:OPERATION:Merchant=query -> 1:REQUEST:Merchant= -> 2:PROVIDER:postgresql= -> 3:SQL:select=] mutationLineage=[]
SQL: -- TeaQL PLAIN
SELECT id, name, code, external_id AS externalId, task_life_hours AS taskLifeHours, version, platform FROM merchant_data WHERE (version > 0) AND (external_id = 'matched-merchant') LIMIT 1000 OFFSET 0
[TeaQL SQL][query][442us] 1 rows returned outcome=success batchOutcome=not_applicable comment=matched merchant read with relation purpose=matched benchmark read auditReason= tracePath=[0:OPERATION:Merchant=query -> 1:REQUEST:Merchant= -> 2:RELATION:platform=Merchant.platform -> 3:PROVIDER:postgresql= -> 4:SQL:select=] mutationLineage=[]
SQL: -- TeaQL PLAIN
SELECT id, create_time AS createTime, last_update_time AS lastUpdateTime, name, version FROM platform_data WHERE (version > 0) AND (id = 1) LIMIT 1 OFFSET 0
[TeaQL SQL][query][573us] 1 rows returned outcome=success batchOutcome=not_applicable comment=matched merchant read with relation purpose=matched benchmark read auditReason= tracePath=[0:OPERATION:Merchant=query -> 1:REQUEST:Merchant= -> 2:PROVIDER:postgresql= -> 3:SQL:select=] mutationLineage=[]
SQL: -- TeaQL PLAIN
SELECT id, name, code, external_id AS externalId, task_life_hours AS taskLifeHours, version, platform FROM merchant_data WHERE (version > 0) AND (external_id = 'matched-merchant') LIMIT 1000 OFFSET 0
[TeaQL SQL][query][474us] 1 rows returned outcome=success batchOutcome=not_applicable comment=matched merchant read with relation purpose=matched benchmark read auditReason= tracePath=[0:OPERATION:Merchant=query -> 1:REQUEST:Merchant= -> 2:RELATION:platform=Merchant.platform -> 3:PROVIDER:postgresql= -> 4:SQL:select=] mutationLineage=[]
SQL: -- TeaQL PLAIN
SELECT id, create_time AS createTime, last_update_time AS lastUpdateTime, name, version FROM platform_data WHERE (version > 0) AND (id = 1) LIMIT 1 OFFSET 0
[TeaQL SQL][query][401us] 1 rows returned outcome=success batchOutcome=not_applicable comment=matched merchant read with relation purpose=matched benchmark read auditReason= tracePath=[0:OPERATION:Merchant=query -> 1:REQUEST:Merchant= -> 2:PROVIDER:postgresql= -> 3:SQL:select=] mutationLineage=[]
SQL: -- TeaQL PLAIN
SELECT id, name, code, external_id AS externalId, task_life_hours AS taskLifeHours, version, platform FROM merchant_data WHERE (version > 0) AND (external_id = 'matched-merchant') LIMIT 1000 OFFSET 0
[TeaQL SQL][query][378us] 1 rows returned outcome=success batchOutcome=not_applicable comment=matched merchant read with relation purpose=matched benchmark read auditReason= tracePath=[0:OPERATION:Merchant=query -> 1:REQUEST:Merchant= -> 2:RELATION:platform=Merchant.platform -> 3:PROVIDER:postgresql= -> 4:SQL:select=] mutationLineage=[]
SQL: -- TeaQL PLAIN
SELECT id, create_time AS createTime, last_update_time AS lastUpdateTime, name, version FROM platform_data WHERE (version > 0) AND (id = 1) LIMIT 1 OFFSET 0
[TeaQL SQL][query][675us] 1 rows returned outcome=success batchOutcome=not_applicable comment=matched merchant read with relation purpose=matched benchmark read auditReason= tracePath=[0:OPERATION:Merchant=query -> 1:REQUEST:Merchant= -> 2:PROVIDER:postgresql= -> 3:SQL:select=] mutationLineage=[]
SQL: -- TeaQL PLAIN
SELECT id, name, code, external_id AS externalId, task_life_hours AS taskLifeHours, version, platform FROM merchant_data WHERE (version > 0) AND (external_id = 'matched-merchant') LIMIT 1000 OFFSET 0
[TeaQL SQL][query][482us] 1 rows returned outcome=success batchOutcome=not_applicable comment=matched merchant read with relation purpose=matched benchmark read auditReason= tracePath=[0:OPERATION:Merchant=query -> 1:REQUEST:Merchant= -> 2:RELATION:platform=Merchant.platform -> 3:PROVIDER:postgresql= -> 4:SQL:select=] mutationLineage=[]
SQL: -- TeaQL PLAIN
SELECT id, create_time AS createTime, last_update_time AS lastUpdateTime, name, version FROM platform_data WHERE (version > 0) AND (id = 1) LIMIT 1 OFFSET 0
[TeaQL SQL][query][435us] 1 rows returned outcome=success batchOutcome=not_applicable comment=matched merchant read with relation purpose=matched benchmark read auditReason= tracePath=[0:OPERATION:Merchant=query -> 1:REQUEST:Merchant= -> 2:PROVIDER:postgresql= -> 3:SQL:select=] mutationLineage=[]
SQL: -- TeaQL PLAIN
SELECT id, name, code, external_id AS externalId, task_life_hours AS taskLifeHours, version, platform FROM merchant_data WHERE (version > 0) AND (external_id = 'matched-merchant') LIMIT 1000 OFFSET 0
[TeaQL SQL][query][417us] 1 rows returned outcome=success batchOutcome=not_applicable comment=matched merchant read with relation purpose=matched benchmark read auditReason= tracePath=[0:OPERATION:Merchant=query -> 1:REQUEST:Merchant= -> 2:RELATION:platform=Merchant.platform -> 3:PROVIDER:postgresql= -> 4:SQL:select=] mutationLineage=[]
SQL: -- TeaQL PLAIN
SELECT id, create_time AS createTime, last_update_time AS lastUpdateTime, name, version FROM platform_data WHERE (version > 0) AND (id = 1) LIMIT 1 OFFSET 0
[TeaQL SQL][query][461us] 1 rows returned outcome=success batchOutcome=not_applicable comment=matched merchant read with relation purpose=matched benchmark read auditReason= tracePath=[0:OPERATION:Merchant=query -> 1:REQUEST:Merchant= -> 2:PROVIDER:postgresql= -> 3:SQL:select=] mutationLineage=[]
SQL: -- TeaQL PLAIN
SELECT id, name, code, external_id AS externalId, task_life_hours AS taskLifeHours, version, platform FROM merchant_data WHERE (version > 0) AND (external_id = 'matched-merchant') LIMIT 1000 OFFSET 0
[TeaQL SQL][query][357us] 1 rows returned outcome=success batchOutcome=not_applicable comment=matched merchant read with relation purpose=matched benchmark read auditReason= tracePath=[0:OPERATION:Merchant=query -> 1:REQUEST:Merchant= -> 2:RELATION:platform=Merchant.platform -> 3:PROVIDER:postgresql= -> 4:SQL:select=] mutationLineage=[]
SQL: -- TeaQL PLAIN
SELECT id, create_time AS createTime, last_update_time AS lastUpdateTime, name, version FROM platform_data WHERE (version > 0) AND (id = 1) LIMIT 1 OFFSET 0
[TeaQL SQL][query][411us] 1 rows returned outcome=success batchOutcome=not_applicable comment=matched merchant read with relation purpose=matched benchmark read auditReason= tracePath=[0:OPERATION:Merchant=query -> 1:REQUEST:Merchant= -> 2:PROVIDER:postgresql= -> 3:SQL:select=] mutationLineage=[]
SQL: -- TeaQL PLAIN
SELECT id, name, code, external_id AS externalId, task_life_hours AS taskLifeHours, version, platform FROM merchant_data WHERE (version > 0) AND (external_id = 'matched-merchant') LIMIT 1000 OFFSET 0
[TeaQL SQL][query][324us] 1 rows returned outcome=success batchOutcome=not_applicable comment=matched merchant read with relation purpose=matched benchmark read auditReason= tracePath=[0:OPERATION:Merchant=query -> 1:REQUEST:Merchant= -> 2:RELATION:platform=Merchant.platform -> 3:PROVIDER:postgresql= -> 4:SQL:select=] mutationLineage=[]
SQL: -- TeaQL PLAIN
SELECT id, create_time AS createTime, last_update_time AS lastUpdateTime, name, version FROM platform_data WHERE (version > 0) AND (id = 1) LIMIT 1 OFFSET 0
[TeaQL SQL][query][469us] 1 rows returned outcome=success batchOutcome=not_applicable comment=matched merchant read with relation purpose=matched benchmark read auditReason= tracePath=[0:OPERATION:Merchant=query -> 1:REQUEST:Merchant= -> 2:PROVIDER:postgresql= -> 3:SQL:select=] mutationLineage=[]
SQL: -- TeaQL PLAIN
SELECT id, name, code, external_id AS externalId, task_life_hours AS taskLifeHours, version, platform FROM merchant_data WHERE (version > 0) AND (external_id = 'matched-merchant') LIMIT 1000 OFFSET 0
[TeaQL SQL][query][385us] 1 rows returned outcome=success batchOutcome=not_applicable comment=matched merchant read with relation purpose=matched benchmark read auditReason= tracePath=[0:OPERATION:Merchant=query -> 1:REQUEST:Merchant= -> 2:RELATION:platform=Merchant.platform -> 3:PROVIDER:postgresql= -> 4:SQL:select=] mutationLineage=[]
SQL: -- TeaQL PLAIN
SELECT id, create_time AS createTime, last_update_time AS lastUpdateTime, name, version FROM platform_data WHERE (version > 0) AND (id = 1) LIMIT 1 OFFSET 0
[TeaQL SQL][query][462us] 1 rows returned outcome=success batchOutcome=not_applicable comment=matched merchant read with relation purpose=matched benchmark read auditReason= tracePath=[0:OPERATION:Merchant=query -> 1:REQUEST:Merchant= -> 2:PROVIDER:postgresql= -> 3:SQL:select=] mutationLineage=[]
SQL: -- TeaQL PLAIN
SELECT id, name, code, external_id AS externalId, task_life_hours AS taskLifeHours, version, platform FROM merchant_data WHERE (version > 0) AND (external_id = 'matched-merchant') LIMIT 1000 OFFSET 0
[TeaQL SQL][query][344us] 1 rows returned outcome=success batchOutcome=not_applicable comment=matched merchant read with relation purpose=matched benchmark read auditReason= tracePath=[0:OPERATION:Merchant=query -> 1:REQUEST:Merchant= -> 2:RELATION:platform=Merchant.platform -> 3:PROVIDER:postgresql= -> 4:SQL:select=] mutationLineage=[]
SQL: -- TeaQL PLAIN
SELECT id, create_time AS createTime, last_update_time AS lastUpdateTime, name, version FROM platform_data WHERE (version > 0) AND (id = 1) LIMIT 1 OFFSET 0
[TeaQL SQL][query][460us] 1 rows returned outcome=success batchOutcome=not_applicable comment=matched merchant read with relation purpose=matched benchmark read auditReason= tracePath=[0:OPERATION:Merchant=query -> 1:REQUEST:Merchant= -> 2:PROVIDER:postgresql= -> 3:SQL:select=] mutationLineage=[]
SQL: -- TeaQL PLAIN
SELECT id, name, code, external_id AS externalId, task_life_hours AS taskLifeHours, version, platform FROM merchant_data WHERE (version > 0) AND (external_id = 'matched-merchant') LIMIT 1000 OFFSET 0
[TeaQL SQL][query][401us] 1 rows returned outcome=success batchOutcome=not_applicable comment=matched merchant read with relation purpose=matched benchmark read auditReason= tracePath=[0:OPERATION:Merchant=query -> 1:REQUEST:Merchant= -> 2:RELATION:platform=Merchant.platform -> 3:PROVIDER:postgresql= -> 4:SQL:select=] mutationLineage=[]
SQL: -- TeaQL PLAIN
SELECT id, create_time AS createTime, last_update_time AS lastUpdateTime, name, version FROM platform_data WHERE (version > 0) AND (id = 1) LIMIT 1 OFFSET 0
[TeaQL SQL][query][474us] 1 rows returned outcome=success batchOutcome=not_applicable comment=matched merchant read with relation purpose=matched benchmark read auditReason= tracePath=[0:OPERATION:Merchant=query -> 1:REQUEST:Merchant= -> 2:PROVIDER:postgresql= -> 3:SQL:select=] mutationLineage=[]
SQL: -- TeaQL PLAIN
SELECT id, name, code, external_id AS externalId, task_life_hours AS taskLifeHours, version, platform FROM merchant_data WHERE (version > 0) AND (external_id = 'matched-merchant') LIMIT 1000 OFFSET 0
[TeaQL SQL][query][379us] 1 rows returned outcome=success batchOutcome=not_applicable comment=matched merchant read with relation purpose=matched benchmark read auditReason= tracePath=[0:OPERATION:Merchant=query -> 1:REQUEST:Merchant= -> 2:RELATION:platform=Merchant.platform -> 3:PROVIDER:postgresql= -> 4:SQL:select=] mutationLineage=[]
SQL: -- TeaQL PLAIN
SELECT id, create_time AS createTime, last_update_time AS lastUpdateTime, name, version FROM platform_data WHERE (version > 0) AND (id = 1) LIMIT 1 OFFSET 0
[TeaQL SQL][query][578us] 1 rows returned outcome=success batchOutcome=not_applicable comment=matched merchant read with relation purpose=matched benchmark read auditReason= tracePath=[0:OPERATION:Merchant=query -> 1:REQUEST:Merchant= -> 2:PROVIDER:postgresql= -> 3:SQL:select=] mutationLineage=[]
SQL: -- TeaQL PLAIN
SELECT id, name, code, external_id AS externalId, task_life_hours AS taskLifeHours, version, platform FROM merchant_data WHERE (version > 0) AND (external_id = 'matched-merchant') LIMIT 1000 OFFSET 0
[TeaQL SQL][query][496us] 1 rows returned outcome=success batchOutcome=not_applicable comment=matched merchant read with relation purpose=matched benchmark read auditReason= tracePath=[0:OPERATION:Merchant=query -> 1:REQUEST:Merchant= -> 2:RELATION:platform=Merchant.platform -> 3:PROVIDER:postgresql= -> 4:SQL:select=] mutationLineage=[]
SQL: -- TeaQL PLAIN
SELECT id, create_time AS createTime, last_update_time AS lastUpdateTime, name, version FROM platform_data WHERE (version > 0) AND (id = 1) LIMIT 1 OFFSET 0
[TeaQL SQL][query][447us] 1 rows returned outcome=success batchOutcome=not_applicable comment=matched merchant read with relation purpose=matched benchmark read auditReason= tracePath=[0:OPERATION:Merchant=query -> 1:REQUEST:Merchant= -> 2:PROVIDER:postgresql= -> 3:SQL:select=] mutationLineage=[]
SQL: -- TeaQL PLAIN
SELECT id, name, code, external_id AS externalId, task_life_hours AS taskLifeHours, version, platform FROM merchant_data WHERE (version > 0) AND (external_id = 'matched-merchant') LIMIT 1000 OFFSET 0
[TeaQL SQL][query][434us] 1 rows returned outcome=success batchOutcome=not_applicable comment=matched merchant read with relation purpose=matched benchmark read auditReason= tracePath=[0:OPERATION:Merchant=query -> 1:REQUEST:Merchant= -> 2:RELATION:platform=Merchant.platform -> 3:PROVIDER:postgresql= -> 4:SQL:select=] mutationLineage=[]
SQL: -- TeaQL PLAIN
SELECT id, create_time AS createTime, last_update_time AS lastUpdateTime, name, version FROM platform_data WHERE (version > 0) AND (id = 1) LIMIT 1 OFFSET 0
[TeaQL SQL][query][523us] 1 rows returned outcome=success batchOutcome=not_applicable comment=matched merchant read with relation purpose=matched benchmark read auditReason= tracePath=[0:OPERATION:Merchant=query -> 1:REQUEST:Merchant= -> 2:PROVIDER:postgresql= -> 3:SQL:select=] mutationLineage=[]
SQL: -- TeaQL PLAIN
SELECT id, name, code, external_id AS externalId, task_life_hours AS taskLifeHours, version, platform FROM merchant_data WHERE (version > 0) AND (external_id = 'matched-merchant') LIMIT 1000 OFFSET 0
[TeaQL SQL][query][454us] 1 rows returned outcome=success batchOutcome=not_applicable comment=matched merchant read with relation purpose=matched benchmark read auditReason= tracePath=[0:OPERATION:Merchant=query -> 1:REQUEST:Merchant= -> 2:RELATION:platform=Merchant.platform -> 3:PROVIDER:postgresql= -> 4:SQL:select=] mutationLineage=[]
SQL: -- TeaQL PLAIN
SELECT id, create_time AS createTime, last_update_time AS lastUpdateTime, name, version FROM platform_data WHERE (version > 0) AND (id = 1) LIMIT 1 OFFSET 0
[TeaQL SQL][query][545us] 1 rows returned outcome=success batchOutcome=not_applicable comment=matched merchant read with relation purpose=matched benchmark read auditReason= tracePath=[0:OPERATION:Merchant=query -> 1:REQUEST:Merchant= -> 2:PROVIDER:postgresql= -> 3:SQL:select=] mutationLineage=[]
SQL: -- TeaQL PLAIN
SELECT id, name, code, external_id AS externalId, task_life_hours AS taskLifeHours, version, platform FROM merchant_data WHERE (version > 0) AND (external_id = 'matched-merchant') LIMIT 1000 OFFSET 0
[TeaQL SQL][query][331us] 1 rows returned outcome=success batchOutcome=not_applicable comment=matched merchant read with relation purpose=matched benchmark read auditReason= tracePath=[0:OPERATION:Merchant=query -> 1:REQUEST:Merchant= -> 2:RELATION:platform=Merchant.platform -> 3:PROVIDER:postgresql= -> 4:SQL:select=] mutationLineage=[]
SQL: -- TeaQL PLAIN
SELECT id, create_time AS createTime, last_update_time AS lastUpdateTime, name, version FROM platform_data WHERE (version > 0) AND (id = 1) LIMIT 1 OFFSET 0
[TeaQL SQL][query][496us] 1 rows returned outcome=success batchOutcome=not_applicable comment=matched merchant read with relation purpose=matched benchmark read auditReason= tracePath=[0:OPERATION:Merchant=query -> 1:REQUEST:Merchant= -> 2:PROVIDER:postgresql= -> 3:SQL:select=] mutationLineage=[]
SQL: -- TeaQL PLAIN
SELECT id, name, code, external_id AS externalId, task_life_hours AS taskLifeHours, version, platform FROM merchant_data WHERE (version > 0) AND (external_id = 'matched-merchant') LIMIT 1000 OFFSET 0
[TeaQL SQL][query][361us] 1 rows returned outcome=success batchOutcome=not_applicable comment=matched merchant read with relation purpose=matched benchmark read auditReason= tracePath=[0:OPERATION:Merchant=query -> 1:REQUEST:Merchant= -> 2:RELATION:platform=Merchant.platform -> 3:PROVIDER:postgresql= -> 4:SQL:select=] mutationLineage=[]
SQL: -- TeaQL PLAIN
SELECT id, create_time AS createTime, last_update_time AS lastUpdateTime, name, version FROM platform_data WHERE (version > 0) AND (id = 1) LIMIT 1 OFFSET 0
[TeaQL SQL][query][426us] 1 rows returned outcome=success batchOutcome=not_applicable comment=matched merchant read with relation purpose=matched benchmark read auditReason= tracePath=[0:OPERATION:Merchant=query -> 1:REQUEST:Merchant= -> 2:PROVIDER:postgresql= -> 3:SQL:select=] mutationLineage=[]
SQL: -- TeaQL PLAIN
SELECT id, name, code, external_id AS externalId, task_life_hours AS taskLifeHours, version, platform FROM merchant_data WHERE (version > 0) AND (external_id = 'matched-merchant') LIMIT 1000 OFFSET 0
[TeaQL SQL][query][332us] 1 rows returned outcome=success batchOutcome=not_applicable comment=matched merchant read with relation purpose=matched benchmark read auditReason= tracePath=[0:OPERATION:Merchant=query -> 1:REQUEST:Merchant= -> 2:RELATION:platform=Merchant.platform -> 3:PROVIDER:postgresql= -> 4:SQL:select=] mutationLineage=[]
SQL: -- TeaQL PLAIN
SELECT id, create_time AS createTime, last_update_time AS lastUpdateTime, name, version FROM platform_data WHERE (version > 0) AND (id = 1) LIMIT 1 OFFSET 0
[TeaQL SQL][query][488us] 1 rows returned outcome=success batchOutcome=not_applicable comment=matched merchant read with relation purpose=matched benchmark read auditReason= tracePath=[0:OPERATION:Merchant=query -> 1:REQUEST:Merchant= -> 2:PROVIDER:postgresql= -> 3:SQL:select=] mutationLineage=[]
SQL: -- TeaQL PLAIN
SELECT id, name, code, external_id AS externalId, task_life_hours AS taskLifeHours, version, platform FROM merchant_data WHERE (version > 0) AND (external_id = 'matched-merchant') LIMIT 1000 OFFSET 0
[TeaQL SQL][query][442us] 1 rows returned outcome=success batchOutcome=not_applicable comment=matched merchant read with relation purpose=matched benchmark read auditReason= tracePath=[0:OPERATION:Merchant=query -> 1:REQUEST:Merchant= -> 2:RELATION:platform=Merchant.platform -> 3:PROVIDER:postgresql= -> 4:SQL:select=] mutationLineage=[]
SQL: -- TeaQL PLAIN
SELECT id, create_time AS createTime, last_update_time AS lastUpdateTime, name, version FROM platform_data WHERE (version > 0) AND (id = 1) LIMIT 1 OFFSET 0
[TeaQL SQL][query][446us] 1 rows returned outcome=success batchOutcome=not_applicable comment=matched merchant read with relation purpose=matched benchmark read auditReason= tracePath=[0:OPERATION:Merchant=query -> 1:REQUEST:Merchant= -> 2:PROVIDER:postgresql= -> 3:SQL:select=] mutationLineage=[]
SQL: -- TeaQL PLAIN
SELECT id, name, code, external_id AS externalId, task_life_hours AS taskLifeHours, version, platform FROM merchant_data WHERE (version > 0) AND (external_id = 'matched-merchant') LIMIT 1000 OFFSET 0
[TeaQL SQL][query][345us] 1 rows returned outcome=success batchOutcome=not_applicable comment=matched merchant read with relation purpose=matched benchmark read auditReason= tracePath=[0:OPERATION:Merchant=query -> 1:REQUEST:Merchant= -> 2:RELATION:platform=Merchant.platform -> 3:PROVIDER:postgresql= -> 4:SQL:select=] mutationLineage=[]
SQL: -- TeaQL PLAIN
SELECT id, create_time AS createTime, last_update_time AS lastUpdateTime, name, version FROM platform_data WHERE (version > 0) AND (id = 1) LIMIT 1 OFFSET 0
[TeaQL SQL][query][549us] 1 rows returned outcome=success batchOutcome=not_applicable comment=matched merchant read with relation purpose=matched benchmark read auditReason= tracePath=[0:OPERATION:Merchant=query -> 1:REQUEST:Merchant= -> 2:PROVIDER:postgresql= -> 3:SQL:select=] mutationLineage=[]
SQL: -- TeaQL PLAIN
SELECT id, name, code, external_id AS externalId, task_life_hours AS taskLifeHours, version, platform FROM merchant_data WHERE (version > 0) AND (external_id = 'matched-merchant') LIMIT 1000 OFFSET 0
[TeaQL SQL][query][628us] 1 rows returned outcome=success batchOutcome=not_applicable comment=matched merchant read with relation purpose=matched benchmark read auditReason= tracePath=[0:OPERATION:Merchant=query -> 1:REQUEST:Merchant= -> 2:RELATION:platform=Merchant.platform -> 3:PROVIDER:postgresql= -> 4:SQL:select=] mutationLineage=[]
SQL: -- TeaQL PLAIN
SELECT id, create_time AS createTime, last_update_time AS lastUpdateTime, name, version FROM platform_data WHERE (version > 0) AND (id = 1) LIMIT 1 OFFSET 0
[TeaQL SQL][query][470us] 1 rows returned outcome=success batchOutcome=not_applicable comment=matched merchant read with relation purpose=matched benchmark read auditReason= tracePath=[0:OPERATION:Merchant=query -> 1:REQUEST:Merchant= -> 2:PROVIDER:postgresql= -> 3:SQL:select=] mutationLineage=[]
SQL: -- TeaQL PLAIN
SELECT id, name, code, external_id AS externalId, task_life_hours AS taskLifeHours, version, platform FROM merchant_data WHERE (version > 0) AND (external_id = 'matched-merchant') LIMIT 1000 OFFSET 0
[TeaQL SQL][query][404us] 1 rows returned outcome=success batchOutcome=not_applicable comment=matched merchant read with relation purpose=matched benchmark read auditReason= tracePath=[0:OPERATION:Merchant=query -> 1:REQUEST:Merchant= -> 2:RELATION:platform=Merchant.platform -> 3:PROVIDER:postgresql= -> 4:SQL:select=] mutationLineage=[]
SQL: -- TeaQL PLAIN
SELECT id, create_time AS createTime, last_update_time AS lastUpdateTime, name, version FROM platform_data WHERE (version > 0) AND (id = 1) LIMIT 1 OFFSET 0
[TeaQL SQL][query][523us] 1 rows returned outcome=success batchOutcome=not_applicable comment=matched merchant read with relation purpose=matched benchmark read auditReason= tracePath=[0:OPERATION:Merchant=query -> 1:REQUEST:Merchant= -> 2:PROVIDER:postgresql= -> 3:SQL:select=] mutationLineage=[]
SQL: -- TeaQL PLAIN
SELECT id, name, code, external_id AS externalId, task_life_hours AS taskLifeHours, version, platform FROM merchant_data WHERE (version > 0) AND (external_id = 'matched-merchant') LIMIT 1000 OFFSET 0
[TeaQL SQL][query][465us] 1 rows returned outcome=success batchOutcome=not_applicable comment=matched merchant read with relation purpose=matched benchmark read auditReason= tracePath=[0:OPERATION:Merchant=query -> 1:REQUEST:Merchant= -> 2:RELATION:platform=Merchant.platform -> 3:PROVIDER:postgresql= -> 4:SQL:select=] mutationLineage=[]
SQL: -- TeaQL PLAIN
SELECT id, create_time AS createTime, last_update_time AS lastUpdateTime, name, version FROM platform_data WHERE (version > 0) AND (id = 1) LIMIT 1 OFFSET 0
[TeaQL SQL][query][868us] 1 rows returned outcome=success batchOutcome=not_applicable comment=matched update lookup purpose=matched benchmark write auditReason= tracePath=[0:OPERATION:Merchant=query -> 1:REQUEST:Merchant= -> 2:PROVIDER:postgresql= -> 3:SQL:select=] mutationLineage=[]
SQL: -- TeaQL PLAIN
SELECT id, name, code, external_id AS externalId, task_life_hours AS taskLifeHours, platform, version FROM merchant_data WHERE (version > 0) AND (external_id = 'matched-merchant') LIMIT 1000 OFFSET 0
[TeaQL MUTATION GOVERNANCE][MUTATION-POLICY-001] request=Merchant.saveGraph execution=161b939c-de6f-4421-a802-3606154f331b policy=none approval=NOT_APPLICABLE
[TeaQL SQL][mutation][1868us] 1 rows affected outcome=success batchOutcome=not_applicable comment= purpose= auditReason=matched benchmark update tracePath=[0:OPERATION:Merchant=mutation -> 1:ENTITY:Merchant= -> 2:PROVIDER:postgresql= -> 3:SQL:update=] mutationLineage=[0:AUDIT_REASON:Merchant#1=matched benchmark update]
SQL: -- TeaQL PLAIN
UPDATE merchant_data SET task_life_hours = 49 , version = 748 WHERE id = 1 AND version = 747
[TeaQL SQL][query][2212us] 1 rows returned outcome=success batchOutcome=not_applicable comment=matched benchmark update purpose=runtime: read authoritative persisted mutation result auditReason=matched benchmark update tracePath=[0:OPERATION:Merchant=query -> 1:REQUEST:Merchant= -> 2:PROVIDER:postgresql= -> 3:SQL:select=] mutationLineage=[0:AUDIT_REASON:Merchant#1=matched benchmark update]
SQL: -- TeaQL PLAIN
SELECT * FROM merchant_data WHERE id = 1
[TeaQL SQL][query][365us] 1 rows returned outcome=success batchOutcome=not_applicable comment=matched merchant read with relation purpose=matched benchmark read auditReason= tracePath=[0:OPERATION:Merchant=query -> 1:REQUEST:Merchant= -> 2:PROVIDER:postgresql= -> 3:SQL:select=] mutationLineage=[]
SQL: -- TeaQL PLAIN
SELECT id, name, code, external_id AS externalId, task_life_hours AS taskLifeHours, version, platform FROM merchant_data WHERE (version > 0) AND (external_id = 'matched-merchant') LIMIT 1000 OFFSET 0
[TeaQL SQL][query][381us] 1 rows returned outcome=success batchOutcome=not_applicable comment=matched merchant read with relation purpose=matched benchmark read auditReason= tracePath=[0:OPERATION:Merchant=query -> 1:REQUEST:Merchant= -> 2:RELATION:platform=Merchant.platform -> 3:PROVIDER:postgresql= -> 4:SQL:select=] mutationLineage=[]
SQL: -- TeaQL PLAIN
SELECT id, create_time AS createTime, last_update_time AS lastUpdateTime, name, version FROM platform_data WHERE (version > 0) AND (id = 1) LIMIT 1 OFFSET 0
[TeaQL SQL][query][718us] 1 rows returned outcome=success batchOutcome=not_applicable comment=matched update lookup purpose=matched benchmark write auditReason= tracePath=[0:OPERATION:Merchant=query -> 1:REQUEST:Merchant= -> 2:PROVIDER:postgresql= -> 3:SQL:select=] mutationLineage=[]
SQL: -- TeaQL PLAIN
SELECT id, name, code, external_id AS externalId, task_life_hours AS taskLifeHours, platform, version FROM merchant_data WHERE (version > 0) AND (external_id = 'matched-merchant') LIMIT 1000 OFFSET 0
[TeaQL SQL][mutation][597us] 1 rows affected outcome=success batchOutcome=not_applicable comment= purpose= auditReason=matched benchmark update tracePath=[0:OPERATION:Merchant=mutation -> 1:ENTITY:Merchant= -> 2:PROVIDER:postgresql= -> 3:SQL:update=] mutationLineage=[0:AUDIT_REASON:Merchant#1=matched benchmark update]
SQL: -- TeaQL PLAIN
UPDATE merchant_data SET task_life_hours = 48 , version = 749 WHERE id = 1 AND version = 748
[TeaQL SQL][query][472us] 1 rows returned outcome=success batchOutcome=not_applicable comment=matched benchmark update purpose=runtime: read authoritative persisted mutation result auditReason=matched benchmark update tracePath=[0:OPERATION:Merchant=query -> 1:REQUEST:Merchant= -> 2:PROVIDER:postgresql= -> 3:SQL:select=] mutationLineage=[0:AUDIT_REASON:Merchant#1=matched benchmark update]
SQL: -- TeaQL PLAIN
SELECT * FROM merchant_data WHERE id = 1
[TeaQL SQL][query][549us] 1 rows returned outcome=success batchOutcome=not_applicable comment=matched merchant read with relation purpose=matched benchmark read auditReason= tracePath=[0:OPERATION:Merchant=query -> 1:REQUEST:Merchant= -> 2:PROVIDER:postgresql= -> 3:SQL:select=] mutationLineage=[]
SQL: -- TeaQL PLAIN
SELECT id, name, code, external_id AS externalId, task_life_hours AS taskLifeHours, version, platform FROM merchant_data WHERE (version > 0) AND (external_id = 'matched-merchant') LIMIT 1000 OFFSET 0
[TeaQL SQL][query][460us] 1 rows returned outcome=success batchOutcome=not_applicable comment=matched merchant read with relation purpose=matched benchmark read auditReason= tracePath=[0:OPERATION:Merchant=query -> 1:REQUEST:Merchant= -> 2:RELATION:platform=Merchant.platform -> 3:PROVIDER:postgresql= -> 4:SQL:select=] mutationLineage=[]
SQL: -- TeaQL PLAIN
SELECT id, create_time AS createTime, last_update_time AS lastUpdateTime, name, version FROM platform_data WHERE (version > 0) AND (id = 1) LIMIT 1 OFFSET 0
[TeaQL SQL][query][672us] 1 rows returned outcome=success batchOutcome=not_applicable comment=matched update lookup purpose=matched benchmark write auditReason= tracePath=[0:OPERATION:Merchant=query -> 1:REQUEST:Merchant= -> 2:PROVIDER:postgresql= -> 3:SQL:select=] mutationLineage=[]
SQL: -- TeaQL PLAIN
SELECT id, name, code, external_id AS externalId, task_life_hours AS taskLifeHours, platform, version FROM merchant_data WHERE (version > 0) AND (external_id = 'matched-merchant') LIMIT 1000 OFFSET 0
[TeaQL SQL][mutation][442us] 1 rows affected outcome=success batchOutcome=not_applicable comment= purpose= auditReason=matched benchmark update tracePath=[0:OPERATION:Merchant=mutation -> 1:ENTITY:Merchant= -> 2:PROVIDER:postgresql= -> 3:SQL:update=] mutationLineage=[0:AUDIT_REASON:Merchant#1=matched benchmark update]
SQL: -- TeaQL PLAIN
UPDATE merchant_data SET task_life_hours = 49 , version = 750 WHERE id = 1 AND version = 749
[TeaQL SQL][query][361us] 1 rows returned outcome=success batchOutcome=not_applicable comment=matched benchmark update purpose=runtime: read authoritative persisted mutation result auditReason=matched benchmark update tracePath=[0:OPERATION:Merchant=query -> 1:REQUEST:Merchant= -> 2:PROVIDER:postgresql= -> 3:SQL:select=] mutationLineage=[0:AUDIT_REASON:Merchant#1=matched benchmark update]
SQL: -- TeaQL PLAIN
SELECT * FROM merchant_data WHERE id = 1
[TeaQL SQL][query][506us] 1 rows returned outcome=success batchOutcome=not_applicable comment=matched merchant read with relation purpose=matched benchmark read auditReason= tracePath=[0:OPERATION:Merchant=query -> 1:REQUEST:Merchant= -> 2:PROVIDER:postgresql= -> 3:SQL:select=] mutationLineage=[]
SQL: -- TeaQL PLAIN
SELECT id, name, code, external_id AS externalId, task_life_hours AS taskLifeHours, version, platform FROM merchant_data WHERE (version > 0) AND (external_id = 'matched-merchant') LIMIT 1000 OFFSET 0
[TeaQL SQL][query][502us] 1 rows returned outcome=success batchOutcome=not_applicable comment=matched merchant read with relation purpose=matched benchmark read auditReason= tracePath=[0:OPERATION:Merchant=query -> 1:REQUEST:Merchant= -> 2:RELATION:platform=Merchant.platform -> 3:PROVIDER:postgresql= -> 4:SQL:select=] mutationLineage=[]
SQL: -- TeaQL PLAIN
SELECT id, create_time AS createTime, last_update_time AS lastUpdateTime, name, version FROM platform_data WHERE (version > 0) AND (id = 1) LIMIT 1 OFFSET 0
[TeaQL SQL][query][715us] 1 rows returned outcome=success batchOutcome=not_applicable comment=matched update lookup purpose=matched benchmark write auditReason= tracePath=[0:OPERATION:Merchant=query -> 1:REQUEST:Merchant= -> 2:PROVIDER:postgresql= -> 3:SQL:select=] mutationLineage=[]
SQL: -- TeaQL PLAIN
SELECT id, name, code, external_id AS externalId, task_life_hours AS taskLifeHours, platform, version FROM merchant_data WHERE (version > 0) AND (external_id = 'matched-merchant') LIMIT 1000 OFFSET 0
[TeaQL SQL][mutation][666us] 1 rows affected outcome=success batchOutcome=not_applicable comment= purpose= auditReason=matched benchmark update tracePath=[0:OPERATION:Merchant=mutation -> 1:ENTITY:Merchant= -> 2:PROVIDER:postgresql= -> 3:SQL:update=] mutationLineage=[0:AUDIT_REASON:Merchant#1=matched benchmark update]
SQL: -- TeaQL PLAIN
UPDATE merchant_data SET task_life_hours = 48 , version = 751 WHERE id = 1 AND version = 750
[TeaQL SQL][query][560us] 1 rows returned outcome=success batchOutcome=not_applicable comment=matched benchmark update purpose=runtime: read authoritative persisted mutation result auditReason=matched benchmark update tracePath=[0:OPERATION:Merchant=query -> 1:REQUEST:Merchant= -> 2:PROVIDER:postgresql= -> 3:SQL:select=] mutationLineage=[0:AUDIT_REASON:Merchant#1=matched benchmark update]
SQL: -- TeaQL PLAIN
SELECT * FROM merchant_data WHERE id = 1
[TeaQL SQL][query][458us] 1 rows returned outcome=success batchOutcome=not_applicable comment=matched merchant read with relation purpose=matched benchmark read auditReason= tracePath=[0:OPERATION:Merchant=query -> 1:REQUEST:Merchant= -> 2:PROVIDER:postgresql= -> 3:SQL:select=] mutationLineage=[]
SQL: -- TeaQL PLAIN
SELECT id, name, code, external_id AS externalId, task_life_hours AS taskLifeHours, version, platform FROM merchant_data WHERE (version > 0) AND (external_id = 'matched-merchant') LIMIT 1000 OFFSET 0
[TeaQL SQL][query][484us] 1 rows returned outcome=success batchOutcome=not_applicable comment=matched merchant read with relation purpose=matched benchmark read auditReason= tracePath=[0:OPERATION:Merchant=query -> 1:REQUEST:Merchant= -> 2:RELATION:platform=Merchant.platform -> 3:PROVIDER:postgresql= -> 4:SQL:select=] mutationLineage=[]
SQL: -- TeaQL PLAIN
SELECT id, create_time AS createTime, last_update_time AS lastUpdateTime, name, version FROM platform_data WHERE (version > 0) AND (id = 1) LIMIT 1 OFFSET 0
[TeaQL SQL][query][725us] 1 rows returned outcome=success batchOutcome=not_applicable comment=matched update lookup purpose=matched benchmark write auditReason= tracePath=[0:OPERATION:Merchant=query -> 1:REQUEST:Merchant= -> 2:PROVIDER:postgresql= -> 3:SQL:select=] mutationLineage=[]
SQL: -- TeaQL PLAIN
SELECT id, name, code, external_id AS externalId, task_life_hours AS taskLifeHours, platform, version FROM merchant_data WHERE (version > 0) AND (external_id = 'matched-merchant') LIMIT 1000 OFFSET 0
[TeaQL SQL][mutation][492us] 1 rows affected outcome=success batchOutcome=not_applicable comment= purpose= auditReason=matched benchmark update tracePath=[0:OPERATION:Merchant=mutation -> 1:ENTITY:Merchant= -> 2:PROVIDER:postgresql= -> 3:SQL:update=] mutationLineage=[0:AUDIT_REASON:Merchant#1=matched benchmark update]
SQL: -- TeaQL PLAIN
UPDATE merchant_data SET task_life_hours = 49 , version = 752 WHERE id = 1 AND version = 751
[TeaQL SQL][query][418us] 1 rows returned outcome=success batchOutcome=not_applicable comment=matched benchmark update purpose=runtime: read authoritative persisted mutation result auditReason=matched benchmark update tracePath=[0:OPERATION:Merchant=query -> 1:REQUEST:Merchant= -> 2:PROVIDER:postgresql= -> 3:SQL:select=] mutationLineage=[0:AUDIT_REASON:Merchant#1=matched benchmark update]
SQL: -- TeaQL PLAIN
SELECT * FROM merchant_data WHERE id = 1
[TeaQL SQL][query][543us] 1 rows returned outcome=success batchOutcome=not_applicable comment=matched merchant read with relation purpose=matched benchmark read auditReason= tracePath=[0:OPERATION:Merchant=query -> 1:REQUEST:Merchant= -> 2:PROVIDER:postgresql= -> 3:SQL:select=] mutationLineage=[]
SQL: -- TeaQL PLAIN
SELECT id, name, code, external_id AS externalId, task_life_hours AS taskLifeHours, version, platform FROM merchant_data WHERE (version > 0) AND (external_id = 'matched-merchant') LIMIT 1000 OFFSET 0
[TeaQL SQL][query][507us] 1 rows returned outcome=success batchOutcome=not_applicable comment=matched merchant read with relation purpose=matched benchmark read auditReason= tracePath=[0:OPERATION:Merchant=query -> 1:REQUEST:Merchant= -> 2:RELATION:platform=Merchant.platform -> 3:PROVIDER:postgresql= -> 4:SQL:select=] mutationLineage=[]
SQL: -- TeaQL PLAIN
SELECT id, create_time AS createTime, last_update_time AS lastUpdateTime, name, version FROM platform_data WHERE (version > 0) AND (id = 1) LIMIT 1 OFFSET 0
[TeaQL SQL][query][620us] 1 rows returned outcome=success batchOutcome=not_applicable comment=matched update lookup purpose=matched benchmark write auditReason= tracePath=[0:OPERATION:Merchant=query -> 1:REQUEST:Merchant= -> 2:PROVIDER:postgresql= -> 3:SQL:select=] mutationLineage=[]
SQL: -- TeaQL PLAIN
SELECT id, name, code, external_id AS externalId, task_life_hours AS taskLifeHours, platform, version FROM merchant_data WHERE (version > 0) AND (external_id = 'matched-merchant') LIMIT 1000 OFFSET 0
[TeaQL SQL][mutation][447us] 1 rows affected outcome=success batchOutcome=not_applicable comment= purpose= auditReason=matched benchmark update tracePath=[0:OPERATION:Merchant=mutation -> 1:ENTITY:Merchant= -> 2:PROVIDER:postgresql= -> 3:SQL:update=] mutationLineage=[0:AUDIT_REASON:Merchant#1=matched benchmark update]
SQL: -- TeaQL PLAIN
UPDATE merchant_data SET task_life_hours = 48 , version = 753 WHERE id = 1 AND version = 752
[TeaQL SQL][query][378us] 1 rows returned outcome=success batchOutcome=not_applicable comment=matched benchmark update purpose=runtime: read authoritative persisted mutation result auditReason=matched benchmark update tracePath=[0:OPERATION:Merchant=query -> 1:REQUEST:Merchant= -> 2:PROVIDER:postgresql= -> 3:SQL:select=] mutationLineage=[0:AUDIT_REASON:Merchant#1=matched benchmark update]
SQL: -- TeaQL PLAIN
SELECT * FROM merchant_data WHERE id = 1
[TeaQL SQL][query][433us] 1 rows returned outcome=success batchOutcome=not_applicable comment=matched merchant read with relation purpose=matched benchmark read auditReason= tracePath=[0:OPERATION:Merchant=query -> 1:REQUEST:Merchant= -> 2:PROVIDER:postgresql= -> 3:SQL:select=] mutationLineage=[]
SQL: -- TeaQL PLAIN
SELECT id, name, code, external_id AS externalId, task_life_hours AS taskLifeHours, version, platform FROM merchant_data WHERE (version > 0) AND (external_id = 'matched-merchant') LIMIT 1000 OFFSET 0
[TeaQL SQL][query][412us] 1 rows returned outcome=success batchOutcome=not_applicable comment=matched merchant read with relation purpose=matched benchmark read auditReason= tracePath=[0:OPERATION:Merchant=query -> 1:REQUEST:Merchant= -> 2:RELATION:platform=Merchant.platform -> 3:PROVIDER:postgresql= -> 4:SQL:select=] mutationLineage=[]
SQL: -- TeaQL PLAIN
SELECT id, create_time AS createTime, last_update_time AS lastUpdateTime, name, version FROM platform_data WHERE (version > 0) AND (id = 1) LIMIT 1 OFFSET 0
[TeaQL SQL][query][580us] 1 rows returned outcome=success batchOutcome=not_applicable comment=matched update lookup purpose=matched benchmark write auditReason= tracePath=[0:OPERATION:Merchant=query -> 1:REQUEST:Merchant= -> 2:PROVIDER:postgresql= -> 3:SQL:select=] mutationLineage=[]
SQL: -- TeaQL PLAIN
SELECT id, name, code, external_id AS externalId, task_life_hours AS taskLifeHours, platform, version FROM merchant_data WHERE (version > 0) AND (external_id = 'matched-merchant') LIMIT 1000 OFFSET 0
[TeaQL SQL][mutation][430us] 1 rows affected outcome=success batchOutcome=not_applicable comment= purpose= auditReason=matched benchmark update tracePath=[0:OPERATION:Merchant=mutation -> 1:ENTITY:Merchant= -> 2:PROVIDER:postgresql= -> 3:SQL:update=] mutationLineage=[0:AUDIT_REASON:Merchant#1=matched benchmark update]
SQL: -- TeaQL PLAIN
UPDATE merchant_data SET task_life_hours = 49 , version = 754 WHERE id = 1 AND version = 753
[TeaQL SQL][query][356us] 1 rows returned outcome=success batchOutcome=not_applicable comment=matched benchmark update purpose=runtime: read authoritative persisted mutation result auditReason=matched benchmark update tracePath=[0:OPERATION:Merchant=query -> 1:REQUEST:Merchant= -> 2:PROVIDER:postgresql= -> 3:SQL:select=] mutationLineage=[0:AUDIT_REASON:Merchant#1=matched benchmark update]
SQL: -- TeaQL PLAIN
SELECT * FROM merchant_data WHERE id = 1
[TeaQL SQL][query][495us] 1 rows returned outcome=success batchOutcome=not_applicable comment=matched merchant read with relation purpose=matched benchmark read auditReason= tracePath=[0:OPERATION:Merchant=query -> 1:REQUEST:Merchant= -> 2:PROVIDER:postgresql= -> 3:SQL:select=] mutationLineage=[]
SQL: -- TeaQL PLAIN
SELECT id, name, code, external_id AS externalId, task_life_hours AS taskLifeHours, version, platform FROM merchant_data WHERE (version > 0) AND (external_id = 'matched-merchant') LIMIT 1000 OFFSET 0
[TeaQL SQL][query][482us] 1 rows returned outcome=success batchOutcome=not_applicable comment=matched merchant read with relation purpose=matched benchmark read auditReason= tracePath=[0:OPERATION:Merchant=query -> 1:REQUEST:Merchant= -> 2:RELATION:platform=Merchant.platform -> 3:PROVIDER:postgresql= -> 4:SQL:select=] mutationLineage=[]
SQL: -- TeaQL PLAIN
SELECT id, create_time AS createTime, last_update_time AS lastUpdateTime, name, version FROM platform_data WHERE (version > 0) AND (id = 1) LIMIT 1 OFFSET 0
[TeaQL SQL][query][652us] 1 rows returned outcome=success batchOutcome=not_applicable comment=matched update lookup purpose=matched benchmark write auditReason= tracePath=[0:OPERATION:Merchant=query -> 1:REQUEST:Merchant= -> 2:PROVIDER:postgresql= -> 3:SQL:select=] mutationLineage=[]
SQL: -- TeaQL PLAIN
SELECT id, name, code, external_id AS externalId, task_life_hours AS taskLifeHours, platform, version FROM merchant_data WHERE (version > 0) AND (external_id = 'matched-merchant') LIMIT 1000 OFFSET 0
[TeaQL SQL][mutation][426us] 1 rows affected outcome=success batchOutcome=not_applicable comment= purpose= auditReason=matched benchmark update tracePath=[0:OPERATION:Merchant=mutation -> 1:ENTITY:Merchant= -> 2:PROVIDER:postgresql= -> 3:SQL:update=] mutationLineage=[0:AUDIT_REASON:Merchant#1=matched benchmark update]
SQL: -- TeaQL PLAIN
UPDATE merchant_data SET task_life_hours = 48 , version = 755 WHERE id = 1 AND version = 754
[TeaQL SQL][query][383us] 1 rows returned outcome=success batchOutcome=not_applicable comment=matched benchmark update purpose=runtime: read authoritative persisted mutation result auditReason=matched benchmark update tracePath=[0:OPERATION:Merchant=query -> 1:REQUEST:Merchant= -> 2:PROVIDER:postgresql= -> 3:SQL:select=] mutationLineage=[0:AUDIT_REASON:Merchant#1=matched benchmark update]
SQL: -- TeaQL PLAIN
SELECT * FROM merchant_data WHERE id = 1
[TeaQL SQL][query][569us] 1 rows returned outcome=success batchOutcome=not_applicable comment=matched merchant read with relation purpose=matched benchmark read auditReason= tracePath=[0:OPERATION:Merchant=query -> 1:REQUEST:Merchant= -> 2:PROVIDER:postgresql= -> 3:SQL:select=] mutationLineage=[]
SQL: -- TeaQL PLAIN
SELECT id, name, code, external_id AS externalId, task_life_hours AS taskLifeHours, version, platform FROM merchant_data WHERE (version > 0) AND (external_id = 'matched-merchant') LIMIT 1000 OFFSET 0
[TeaQL SQL][query][573us] 1 rows returned outcome=success batchOutcome=not_applicable comment=matched merchant read with relation purpose=matched benchmark read auditReason= tracePath=[0:OPERATION:Merchant=query -> 1:REQUEST:Merchant= -> 2:RELATION:platform=Merchant.platform -> 3:PROVIDER:postgresql= -> 4:SQL:select=] mutationLineage=[]
SQL: -- TeaQL PLAIN
SELECT id, create_time AS createTime, last_update_time AS lastUpdateTime, name, version FROM platform_data WHERE (version > 0) AND (id = 1) LIMIT 1 OFFSET 0
[TeaQL SQL][query][596us] 1 rows returned outcome=success batchOutcome=not_applicable comment=matched update lookup purpose=matched benchmark write auditReason= tracePath=[0:OPERATION:Merchant=query -> 1:REQUEST:Merchant= -> 2:PROVIDER:postgresql= -> 3:SQL:select=] mutationLineage=[]
SQL: -- TeaQL PLAIN
SELECT id, name, code, external_id AS externalId, task_life_hours AS taskLifeHours, platform, version FROM merchant_data WHERE (version > 0) AND (external_id = 'matched-merchant') LIMIT 1000 OFFSET 0
[TeaQL SQL][mutation][475us] 1 rows affected outcome=success batchOutcome=not_applicable comment= purpose= auditReason=matched benchmark update tracePath=[0:OPERATION:Merchant=mutation -> 1:ENTITY:Merchant= -> 2:PROVIDER:postgresql= -> 3:SQL:update=] mutationLineage=[0:AUDIT_REASON:Merchant#1=matched benchmark update]
SQL: -- TeaQL PLAIN
UPDATE merchant_data SET task_life_hours = 49 , version = 756 WHERE id = 1 AND version = 755
[TeaQL SQL][query][285us] 1 rows returned outcome=success batchOutcome=not_applicable comment=matched benchmark update purpose=runtime: read authoritative persisted mutation result auditReason=matched benchmark update tracePath=[0:OPERATION:Merchant=query -> 1:REQUEST:Merchant= -> 2:PROVIDER:postgresql= -> 3:SQL:select=] mutationLineage=[0:AUDIT_REASON:Merchant#1=matched benchmark update]
SQL: -- TeaQL PLAIN
SELECT * FROM merchant_data WHERE id = 1
[TeaQL SQL][query][637us] 1 rows returned outcome=success batchOutcome=not_applicable comment=matched merchant read with relation purpose=matched benchmark read auditReason= tracePath=[0:OPERATION:Merchant=query -> 1:REQUEST:Merchant= -> 2:PROVIDER:postgresql= -> 3:SQL:select=] mutationLineage=[]
SQL: -- TeaQL PLAIN
SELECT id, name, code, external_id AS externalId, task_life_hours AS taskLifeHours, version, platform FROM merchant_data WHERE (version > 0) AND (external_id = 'matched-merchant') LIMIT 1000 OFFSET 0
[TeaQL SQL][query][547us] 1 rows returned outcome=success batchOutcome=not_applicable comment=matched merchant read with relation purpose=matched benchmark read auditReason= tracePath=[0:OPERATION:Merchant=query -> 1:REQUEST:Merchant= -> 2:RELATION:platform=Merchant.platform -> 3:PROVIDER:postgresql= -> 4:SQL:select=] mutationLineage=[]
SQL: -- TeaQL PLAIN
SELECT id, create_time AS createTime, last_update_time AS lastUpdateTime, name, version FROM platform_data WHERE (version > 0) AND (id = 1) LIMIT 1 OFFSET 0
[TeaQL SQL][query][591us] 1 rows returned outcome=success batchOutcome=not_applicable comment=matched update lookup purpose=matched benchmark write auditReason= tracePath=[0:OPERATION:Merchant=query -> 1:REQUEST:Merchant= -> 2:PROVIDER:postgresql= -> 3:SQL:select=] mutationLineage=[]
SQL: -- TeaQL PLAIN
SELECT id, name, code, external_id AS externalId, task_life_hours AS taskLifeHours, platform, version FROM merchant_data WHERE (version > 0) AND (external_id = 'matched-merchant') LIMIT 1000 OFFSET 0
[TeaQL SQL][mutation][486us] 1 rows affected outcome=success batchOutcome=not_applicable comment= purpose= auditReason=matched benchmark update tracePath=[0:OPERATION:Merchant=mutation -> 1:ENTITY:Merchant= -> 2:PROVIDER:postgresql= -> 3:SQL:update=] mutationLineage=[0:AUDIT_REASON:Merchant#1=matched benchmark update]
SQL: -- TeaQL PLAIN
UPDATE merchant_data SET task_life_hours = 48 , version = 757 WHERE id = 1 AND version = 756
[TeaQL SQL][query][380us] 1 rows returned outcome=success batchOutcome=not_applicable comment=matched benchmark update purpose=runtime: read authoritative persisted mutation result auditReason=matched benchmark update tracePath=[0:OPERATION:Merchant=query -> 1:REQUEST:Merchant= -> 2:PROVIDER:postgresql= -> 3:SQL:select=] mutationLineage=[0:AUDIT_REASON:Merchant#1=matched benchmark update]
SQL: -- TeaQL PLAIN
SELECT * FROM merchant_data WHERE id = 1
[TeaQL SQL][query][403us] 1 rows returned outcome=success batchOutcome=not_applicable comment=matched merchant read with relation purpose=matched benchmark read auditReason= tracePath=[0:OPERATION:Merchant=query -> 1:REQUEST:Merchant= -> 2:PROVIDER:postgresql= -> 3:SQL:select=] mutationLineage=[]
SQL: -- TeaQL PLAIN
SELECT id, name, code, external_id AS externalId, task_life_hours AS taskLifeHours, version, platform FROM merchant_data WHERE (version > 0) AND (external_id = 'matched-merchant') LIMIT 1000 OFFSET 0
[TeaQL SQL][query][421us] 1 rows returned outcome=success batchOutcome=not_applicable comment=matched merchant read with relation purpose=matched benchmark read auditReason= tracePath=[0:OPERATION:Merchant=query -> 1:REQUEST:Merchant= -> 2:RELATION:platform=Merchant.platform -> 3:PROVIDER:postgresql= -> 4:SQL:select=] mutationLineage=[]
SQL: -- TeaQL PLAIN
SELECT id, create_time AS createTime, last_update_time AS lastUpdateTime, name, version FROM platform_data WHERE (version > 0) AND (id = 1) LIMIT 1 OFFSET 0
[TeaQL SQL][query][451us] 1 rows returned outcome=success batchOutcome=not_applicable comment=matched update lookup purpose=matched benchmark write auditReason= tracePath=[0:OPERATION:Merchant=query -> 1:REQUEST:Merchant= -> 2:PROVIDER:postgresql= -> 3:SQL:select=] mutationLineage=[]
SQL: -- TeaQL PLAIN
SELECT id, name, code, external_id AS externalId, task_life_hours AS taskLifeHours, platform, version FROM merchant_data WHERE (version > 0) AND (external_id = 'matched-merchant') LIMIT 1000 OFFSET 0
[TeaQL SQL][mutation][294us] 1 rows affected outcome=success batchOutcome=not_applicable comment= purpose= auditReason=matched benchmark update tracePath=[0:OPERATION:Merchant=mutation -> 1:ENTITY:Merchant= -> 2:PROVIDER:postgresql= -> 3:SQL:update=] mutationLineage=[0:AUDIT_REASON:Merchant#1=matched benchmark update]
SQL: -- TeaQL PLAIN
UPDATE merchant_data SET task_life_hours = 49 , version = 758 WHERE id = 1 AND version = 757
[TeaQL SQL][query][239us] 1 rows returned outcome=success batchOutcome=not_applicable comment=matched benchmark update purpose=runtime: read authoritative persisted mutation result auditReason=matched benchmark update tracePath=[0:OPERATION:Merchant=query -> 1:REQUEST:Merchant= -> 2:PROVIDER:postgresql= -> 3:SQL:select=] mutationLineage=[0:AUDIT_REASON:Merchant#1=matched benchmark update]
SQL: -- TeaQL PLAIN
SELECT * FROM merchant_data WHERE id = 1
[TeaQL SQL][query][466us] 1 rows returned outcome=success batchOutcome=not_applicable comment=matched merchant read with relation purpose=matched benchmark read auditReason= tracePath=[0:OPERATION:Merchant=query -> 1:REQUEST:Merchant= -> 2:PROVIDER:postgresql= -> 3:SQL:select=] mutationLineage=[]
SQL: -- TeaQL PLAIN
SELECT id, name, code, external_id AS externalId, task_life_hours AS taskLifeHours, version, platform FROM merchant_data WHERE (version > 0) AND (external_id = 'matched-merchant') LIMIT 1000 OFFSET 0
[TeaQL SQL][query][496us] 1 rows returned outcome=success batchOutcome=not_applicable comment=matched merchant read with relation purpose=matched benchmark read auditReason= tracePath=[0:OPERATION:Merchant=query -> 1:REQUEST:Merchant= -> 2:RELATION:platform=Merchant.platform -> 3:PROVIDER:postgresql= -> 4:SQL:select=] mutationLineage=[]
SQL: -- TeaQL PLAIN
SELECT id, create_time AS createTime, last_update_time AS lastUpdateTime, name, version FROM platform_data WHERE (version > 0) AND (id = 1) LIMIT 1 OFFSET 0
[TeaQL SQL][query][497us] 1 rows returned outcome=success batchOutcome=not_applicable comment=matched update lookup purpose=matched benchmark write auditReason= tracePath=[0:OPERATION:Merchant=query -> 1:REQUEST:Merchant= -> 2:PROVIDER:postgresql= -> 3:SQL:select=] mutationLineage=[]
SQL: -- TeaQL PLAIN
SELECT id, name, code, external_id AS externalId, task_life_hours AS taskLifeHours, platform, version FROM merchant_data WHERE (version > 0) AND (external_id = 'matched-merchant') LIMIT 1000 OFFSET 0
[TeaQL SQL][mutation][369us] 1 rows affected outcome=success batchOutcome=not_applicable comment= purpose= auditReason=matched benchmark update tracePath=[0:OPERATION:Merchant=mutation -> 1:ENTITY:Merchant= -> 2:PROVIDER:postgresql= -> 3:SQL:update=] mutationLineage=[0:AUDIT_REASON:Merchant#1=matched benchmark update]
SQL: -- TeaQL PLAIN
UPDATE merchant_data SET task_life_hours = 48 , version = 759 WHERE id = 1 AND version = 758
[TeaQL SQL][query][350us] 1 rows returned outcome=success batchOutcome=not_applicable comment=matched benchmark update purpose=runtime: read authoritative persisted mutation result auditReason=matched benchmark update tracePath=[0:OPERATION:Merchant=query -> 1:REQUEST:Merchant= -> 2:PROVIDER:postgresql= -> 3:SQL:select=] mutationLineage=[0:AUDIT_REASON:Merchant#1=matched benchmark update]
SQL: -- TeaQL PLAIN
SELECT * FROM merchant_data WHERE id = 1
[TeaQL SQL][query][542us] 1 rows returned outcome=success batchOutcome=not_applicable comment=matched merchant read with relation purpose=matched benchmark read auditReason= tracePath=[0:OPERATION:Merchant=query -> 1:REQUEST:Merchant= -> 2:PROVIDER:postgresql= -> 3:SQL:select=] mutationLineage=[]
SQL: -- TeaQL PLAIN
SELECT id, name, code, external_id AS externalId, task_life_hours AS taskLifeHours, version, platform FROM merchant_data WHERE (version > 0) AND (external_id = 'matched-merchant') LIMIT 1000 OFFSET 0
[TeaQL SQL][query][502us] 1 rows returned outcome=success batchOutcome=not_applicable comment=matched merchant read with relation purpose=matched benchmark read auditReason= tracePath=[0:OPERATION:Merchant=query -> 1:REQUEST:Merchant= -> 2:RELATION:platform=Merchant.platform -> 3:PROVIDER:postgresql= -> 4:SQL:select=] mutationLineage=[]
SQL: -- TeaQL PLAIN
SELECT id, create_time AS createTime, last_update_time AS lastUpdateTime, name, version FROM platform_data WHERE (version > 0) AND (id = 1) LIMIT 1 OFFSET 0
[TeaQL SQL][query][626us] 1 rows returned outcome=success batchOutcome=not_applicable comment=matched update lookup purpose=matched benchmark write auditReason= tracePath=[0:OPERATION:Merchant=query -> 1:REQUEST:Merchant= -> 2:PROVIDER:postgresql= -> 3:SQL:select=] mutationLineage=[]
SQL: -- TeaQL PLAIN
SELECT id, name, code, external_id AS externalId, task_life_hours AS taskLifeHours, platform, version FROM merchant_data WHERE (version > 0) AND (external_id = 'matched-merchant') LIMIT 1000 OFFSET 0
[TeaQL SQL][mutation][410us] 1 rows affected outcome=success batchOutcome=not_applicable comment= purpose= auditReason=matched benchmark update tracePath=[0:OPERATION:Merchant=mutation -> 1:ENTITY:Merchant= -> 2:PROVIDER:postgresql= -> 3:SQL:update=] mutationLineage=[0:AUDIT_REASON:Merchant#1=matched benchmark update]
SQL: -- TeaQL PLAIN
UPDATE merchant_data SET task_life_hours = 49 , version = 760 WHERE id = 1 AND version = 759
[TeaQL SQL][query][416us] 1 rows returned outcome=success batchOutcome=not_applicable comment=matched benchmark update purpose=runtime: read authoritative persisted mutation result auditReason=matched benchmark update tracePath=[0:OPERATION:Merchant=query -> 1:REQUEST:Merchant= -> 2:PROVIDER:postgresql= -> 3:SQL:select=] mutationLineage=[0:AUDIT_REASON:Merchant#1=matched benchmark update]
SQL: -- TeaQL PLAIN
SELECT * FROM merchant_data WHERE id = 1
[TeaQL SQL][query][885us] 1 rows returned outcome=success batchOutcome=not_applicable comment=matched merchant read with relation purpose=matched benchmark read auditReason= tracePath=[0:OPERATION:Merchant=query -> 1:REQUEST:Merchant= -> 2:PROVIDER:postgresql= -> 3:SQL:select=] mutationLineage=[]
SQL: -- TeaQL PLAIN
SELECT id, name, code, external_id AS externalId, task_life_hours AS taskLifeHours, version, platform FROM merchant_data WHERE (version > 0) AND (external_id = 'matched-merchant') LIMIT 1000 OFFSET 0
[TeaQL SQL][query][527us] 1 rows returned outcome=success batchOutcome=not_applicable comment=matched merchant read with relation purpose=matched benchmark read auditReason= tracePath=[0:OPERATION:Merchant=query -> 1:REQUEST:Merchant= -> 2:RELATION:platform=Merchant.platform -> 3:PROVIDER:postgresql= -> 4:SQL:select=] mutationLineage=[]
SQL: -- TeaQL PLAIN
SELECT id, create_time AS createTime, last_update_time AS lastUpdateTime, name, version FROM platform_data WHERE (version > 0) AND (id = 1) LIMIT 1 OFFSET 0
[TeaQL SQL][query][554us] 1 rows returned outcome=success batchOutcome=not_applicable comment=matched update lookup purpose=matched benchmark write auditReason= tracePath=[0:OPERATION:Merchant=query -> 1:REQUEST:Merchant= -> 2:PROVIDER:postgresql= -> 3:SQL:select=] mutationLineage=[]
SQL: -- TeaQL PLAIN
SELECT id, name, code, external_id AS externalId, task_life_hours AS taskLifeHours, platform, version FROM merchant_data WHERE (version > 0) AND (external_id = 'matched-merchant') LIMIT 1000 OFFSET 0
[TeaQL SQL][mutation][302us] 1 rows affected outcome=success batchOutcome=not_applicable comment= purpose= auditReason=matched benchmark update tracePath=[0:OPERATION:Merchant=mutation -> 1:ENTITY:Merchant= -> 2:PROVIDER:postgresql= -> 3:SQL:update=] mutationLineage=[0:AUDIT_REASON:Merchant#1=matched benchmark update]
SQL: -- TeaQL PLAIN
UPDATE merchant_data SET task_life_hours = 48 , version = 761 WHERE id = 1 AND version = 760
[TeaQL SQL][query][200us] 1 rows returned outcome=success batchOutcome=not_applicable comment=matched benchmark update purpose=runtime: read authoritative persisted mutation result auditReason=matched benchmark update tracePath=[0:OPERATION:Merchant=query -> 1:REQUEST:Merchant= -> 2:PROVIDER:postgresql= -> 3:SQL:select=] mutationLineage=[0:AUDIT_REASON:Merchant#1=matched benchmark update]
SQL: -- TeaQL PLAIN
SELECT * FROM merchant_data WHERE id = 1
[TeaQL SQL][query][439us] 1 rows returned outcome=success batchOutcome=not_applicable comment=matched merchant read with relation purpose=matched benchmark read auditReason= tracePath=[0:OPERATION:Merchant=query -> 1:REQUEST:Merchant= -> 2:PROVIDER:postgresql= -> 3:SQL:select=] mutationLineage=[]
SQL: -- TeaQL PLAIN
SELECT id, name, code, external_id AS externalId, task_life_hours AS taskLifeHours, version, platform FROM merchant_data WHERE (version > 0) AND (external_id = 'matched-merchant') LIMIT 1000 OFFSET 0
[TeaQL SQL][query][435us] 1 rows returned outcome=success batchOutcome=not_applicable comment=matched merchant read with relation purpose=matched benchmark read auditReason= tracePath=[0:OPERATION:Merchant=query -> 1:REQUEST:Merchant= -> 2:RELATION:platform=Merchant.platform -> 3:PROVIDER:postgresql= -> 4:SQL:select=] mutationLineage=[]
SQL: -- TeaQL PLAIN
SELECT id, create_time AS createTime, last_update_time AS lastUpdateTime, name, version FROM platform_data WHERE (version > 0) AND (id = 1) LIMIT 1 OFFSET 0
[TeaQL SQL][query][535us] 1 rows returned outcome=success batchOutcome=not_applicable comment=matched update lookup purpose=matched benchmark write auditReason= tracePath=[0:OPERATION:Merchant=query -> 1:REQUEST:Merchant= -> 2:PROVIDER:postgresql= -> 3:SQL:select=] mutationLineage=[]
SQL: -- TeaQL PLAIN
SELECT id, name, code, external_id AS externalId, task_life_hours AS taskLifeHours, platform, version FROM merchant_data WHERE (version > 0) AND (external_id = 'matched-merchant') LIMIT 1000 OFFSET 0
[TeaQL SQL][mutation][344us] 1 rows affected outcome=success batchOutcome=not_applicable comment= purpose= auditReason=matched benchmark update tracePath=[0:OPERATION:Merchant=mutation -> 1:ENTITY:Merchant= -> 2:PROVIDER:postgresql= -> 3:SQL:update=] mutationLineage=[0:AUDIT_REASON:Merchant#1=matched benchmark update]
SQL: -- TeaQL PLAIN
UPDATE merchant_data SET task_life_hours = 49 , version = 762 WHERE id = 1 AND version = 761
[TeaQL SQL][query][246us] 1 rows returned outcome=success batchOutcome=not_applicable comment=matched benchmark update purpose=runtime: read authoritative persisted mutation result auditReason=matched benchmark update tracePath=[0:OPERATION:Merchant=query -> 1:REQUEST:Merchant= -> 2:PROVIDER:postgresql= -> 3:SQL:select=] mutationLineage=[0:AUDIT_REASON:Merchant#1=matched benchmark update]
SQL: -- TeaQL PLAIN
SELECT * FROM merchant_data WHERE id = 1
[TeaQL SQL][query][459us] 1 rows returned outcome=success batchOutcome=not_applicable comment=matched merchant read with relation purpose=matched benchmark read auditReason= tracePath=[0:OPERATION:Merchant=query -> 1:REQUEST:Merchant= -> 2:PROVIDER:postgresql= -> 3:SQL:select=] mutationLineage=[]
SQL: -- TeaQL PLAIN
SELECT id, name, code, external_id AS externalId, task_life_hours AS taskLifeHours, version, platform FROM merchant_data WHERE (version > 0) AND (external_id = 'matched-merchant') LIMIT 1000 OFFSET 0
[TeaQL SQL][query][563us] 1 rows returned outcome=success batchOutcome=not_applicable comment=matched merchant read with relation purpose=matched benchmark read auditReason= tracePath=[0:OPERATION:Merchant=query -> 1:REQUEST:Merchant= -> 2:RELATION:platform=Merchant.platform -> 3:PROVIDER:postgresql= -> 4:SQL:select=] mutationLineage=[]
SQL: -- TeaQL PLAIN
SELECT id, create_time AS createTime, last_update_time AS lastUpdateTime, name, version FROM platform_data WHERE (version > 0) AND (id = 1) LIMIT 1 OFFSET 0
[TeaQL SQL][query][689us] 1 rows returned outcome=success batchOutcome=not_applicable comment=matched update lookup purpose=matched benchmark write auditReason= tracePath=[0:OPERATION:Merchant=query -> 1:REQUEST:Merchant= -> 2:PROVIDER:postgresql= -> 3:SQL:select=] mutationLineage=[]
SQL: -- TeaQL PLAIN
SELECT id, name, code, external_id AS externalId, task_life_hours AS taskLifeHours, platform, version FROM merchant_data WHERE (version > 0) AND (external_id = 'matched-merchant') LIMIT 1000 OFFSET 0
[TeaQL SQL][mutation][332us] 1 rows affected outcome=success batchOutcome=not_applicable comment= purpose= auditReason=matched benchmark update tracePath=[0:OPERATION:Merchant=mutation -> 1:ENTITY:Merchant= -> 2:PROVIDER:postgresql= -> 3:SQL:update=] mutationLineage=[0:AUDIT_REASON:Merchant#1=matched benchmark update]
SQL: -- TeaQL PLAIN
UPDATE merchant_data SET task_life_hours = 48 , version = 763 WHERE id = 1 AND version = 762
[TeaQL SQL][query][229us] 1 rows returned outcome=success batchOutcome=not_applicable comment=matched benchmark update purpose=runtime: read authoritative persisted mutation result auditReason=matched benchmark update tracePath=[0:OPERATION:Merchant=query -> 1:REQUEST:Merchant= -> 2:PROVIDER:postgresql= -> 3:SQL:select=] mutationLineage=[0:AUDIT_REASON:Merchant#1=matched benchmark update]
SQL: -- TeaQL PLAIN
SELECT * FROM merchant_data WHERE id = 1
[TeaQL SQL][query][447us] 1 rows returned outcome=success batchOutcome=not_applicable comment=matched merchant read with relation purpose=matched benchmark read auditReason= tracePath=[0:OPERATION:Merchant=query -> 1:REQUEST:Merchant= -> 2:PROVIDER:postgresql= -> 3:SQL:select=] mutationLineage=[]
SQL: -- TeaQL PLAIN
SELECT id, name, code, external_id AS externalId, task_life_hours AS taskLifeHours, version, platform FROM merchant_data WHERE (version > 0) AND (external_id = 'matched-merchant') LIMIT 1000 OFFSET 0
[TeaQL SQL][query][362us] 1 rows returned outcome=success batchOutcome=not_applicable comment=matched merchant read with relation purpose=matched benchmark read auditReason= tracePath=[0:OPERATION:Merchant=query -> 1:REQUEST:Merchant= -> 2:RELATION:platform=Merchant.platform -> 3:PROVIDER:postgresql= -> 4:SQL:select=] mutationLineage=[]
SQL: -- TeaQL PLAIN
SELECT id, create_time AS createTime, last_update_time AS lastUpdateTime, name, version FROM platform_data WHERE (version > 0) AND (id = 1) LIMIT 1 OFFSET 0
[TeaQL SQL][query][468us] 1 rows returned outcome=success batchOutcome=not_applicable comment=matched update lookup purpose=matched benchmark write auditReason= tracePath=[0:OPERATION:Merchant=query -> 1:REQUEST:Merchant= -> 2:PROVIDER:postgresql= -> 3:SQL:select=] mutationLineage=[]
SQL: -- TeaQL PLAIN
SELECT id, name, code, external_id AS externalId, task_life_hours AS taskLifeHours, platform, version FROM merchant_data WHERE (version > 0) AND (external_id = 'matched-merchant') LIMIT 1000 OFFSET 0
[TeaQL SQL][mutation][325us] 1 rows affected outcome=success batchOutcome=not_applicable comment= purpose= auditReason=matched benchmark update tracePath=[0:OPERATION:Merchant=mutation -> 1:ENTITY:Merchant= -> 2:PROVIDER:postgresql= -> 3:SQL:update=] mutationLineage=[0:AUDIT_REASON:Merchant#1=matched benchmark update]
SQL: -- TeaQL PLAIN
UPDATE merchant_data SET task_life_hours = 49 , version = 764 WHERE id = 1 AND version = 763
[TeaQL SQL][query][274us] 1 rows returned outcome=success batchOutcome=not_applicable comment=matched benchmark update purpose=runtime: read authoritative persisted mutation result auditReason=matched benchmark update tracePath=[0:OPERATION:Merchant=query -> 1:REQUEST:Merchant= -> 2:PROVIDER:postgresql= -> 3:SQL:select=] mutationLineage=[0:AUDIT_REASON:Merchant#1=matched benchmark update]
SQL: -- TeaQL PLAIN
SELECT * FROM merchant_data WHERE id = 1
[TeaQL SQL][query][436us] 1 rows returned outcome=success batchOutcome=not_applicable comment=matched merchant read with relation purpose=matched benchmark read auditReason= tracePath=[0:OPERATION:Merchant=query -> 1:REQUEST:Merchant= -> 2:PROVIDER:postgresql= -> 3:SQL:select=] mutationLineage=[]
SQL: -- TeaQL PLAIN
SELECT id, name, code, external_id AS externalId, task_life_hours AS taskLifeHours, version, platform FROM merchant_data WHERE (version > 0) AND (external_id = 'matched-merchant') LIMIT 1000 OFFSET 0
[TeaQL SQL][query][390us] 1 rows returned outcome=success batchOutcome=not_applicable comment=matched merchant read with relation purpose=matched benchmark read auditReason= tracePath=[0:OPERATION:Merchant=query -> 1:REQUEST:Merchant= -> 2:RELATION:platform=Merchant.platform -> 3:PROVIDER:postgresql= -> 4:SQL:select=] mutationLineage=[]
SQL: -- TeaQL PLAIN
SELECT id, create_time AS createTime, last_update_time AS lastUpdateTime, name, version FROM platform_data WHERE (version > 0) AND (id = 1) LIMIT 1 OFFSET 0
[TeaQL SQL][query][521us] 1 rows returned outcome=success batchOutcome=not_applicable comment=matched update lookup purpose=matched benchmark write auditReason= tracePath=[0:OPERATION:Merchant=query -> 1:REQUEST:Merchant= -> 2:PROVIDER:postgresql= -> 3:SQL:select=] mutationLineage=[]
SQL: -- TeaQL PLAIN
SELECT id, name, code, external_id AS externalId, task_life_hours AS taskLifeHours, platform, version FROM merchant_data WHERE (version > 0) AND (external_id = 'matched-merchant') LIMIT 1000 OFFSET 0
[TeaQL SQL][mutation][349us] 1 rows affected outcome=success batchOutcome=not_applicable comment= purpose= auditReason=matched benchmark update tracePath=[0:OPERATION:Merchant=mutation -> 1:ENTITY:Merchant= -> 2:PROVIDER:postgresql= -> 3:SQL:update=] mutationLineage=[0:AUDIT_REASON:Merchant#1=matched benchmark update]
SQL: -- TeaQL PLAIN
UPDATE merchant_data SET task_life_hours = 48 , version = 765 WHERE id = 1 AND version = 764
[TeaQL SQL][query][282us] 1 rows returned outcome=success batchOutcome=not_applicable comment=matched benchmark update purpose=runtime: read authoritative persisted mutation result auditReason=matched benchmark update tracePath=[0:OPERATION:Merchant=query -> 1:REQUEST:Merchant= -> 2:PROVIDER:postgresql= -> 3:SQL:select=] mutationLineage=[0:AUDIT_REASON:Merchant#1=matched benchmark update]
SQL: -- TeaQL PLAIN
SELECT * FROM merchant_data WHERE id = 1
[TeaQL SQL][query][528us] 1 rows returned outcome=success batchOutcome=not_applicable comment=matched merchant read with relation purpose=matched benchmark read auditReason= tracePath=[0:OPERATION:Merchant=query -> 1:REQUEST:Merchant= -> 2:PROVIDER:postgresql= -> 3:SQL:select=] mutationLineage=[]
SQL: -- TeaQL PLAIN
SELECT id, name, code, external_id AS externalId, task_life_hours AS taskLifeHours, version, platform FROM merchant_data WHERE (version > 0) AND (external_id = 'matched-merchant') LIMIT 1000 OFFSET 0
[TeaQL SQL][query][419us] 1 rows returned outcome=success batchOutcome=not_applicable comment=matched merchant read with relation purpose=matched benchmark read auditReason= tracePath=[0:OPERATION:Merchant=query -> 1:REQUEST:Merchant= -> 2:RELATION:platform=Merchant.platform -> 3:PROVIDER:postgresql= -> 4:SQL:select=] mutationLineage=[]
SQL: -- TeaQL PLAIN
SELECT id, create_time AS createTime, last_update_time AS lastUpdateTime, name, version FROM platform_data WHERE (version > 0) AND (id = 1) LIMIT 1 OFFSET 0
[TeaQL SQL][query][434us] 1 rows returned outcome=success batchOutcome=not_applicable comment=matched update lookup purpose=matched benchmark write auditReason= tracePath=[0:OPERATION:Merchant=query -> 1:REQUEST:Merchant= -> 2:PROVIDER:postgresql= -> 3:SQL:select=] mutationLineage=[]
SQL: -- TeaQL PLAIN
SELECT id, name, code, external_id AS externalId, task_life_hours AS taskLifeHours, platform, version FROM merchant_data WHERE (version > 0) AND (external_id = 'matched-merchant') LIMIT 1000 OFFSET 0
[TeaQL SQL][mutation][368us] 1 rows affected outcome=success batchOutcome=not_applicable comment= purpose= auditReason=matched benchmark update tracePath=[0:OPERATION:Merchant=mutation -> 1:ENTITY:Merchant= -> 2:PROVIDER:postgresql= -> 3:SQL:update=] mutationLineage=[0:AUDIT_REASON:Merchant#1=matched benchmark update]
SQL: -- TeaQL PLAIN
UPDATE merchant_data SET task_life_hours = 49 , version = 766 WHERE id = 1 AND version = 765
[TeaQL SQL][query][271us] 1 rows returned outcome=success batchOutcome=not_applicable comment=matched benchmark update purpose=runtime: read authoritative persisted mutation result auditReason=matched benchmark update tracePath=[0:OPERATION:Merchant=query -> 1:REQUEST:Merchant= -> 2:PROVIDER:postgresql= -> 3:SQL:select=] mutationLineage=[0:AUDIT_REASON:Merchant#1=matched benchmark update]
SQL: -- TeaQL PLAIN
SELECT * FROM merchant_data WHERE id = 1
[TeaQL SQL][query][413us] 1 rows returned outcome=success batchOutcome=not_applicable comment=matched merchant read with relation purpose=matched benchmark read auditReason= tracePath=[0:OPERATION:Merchant=query -> 1:REQUEST:Merchant= -> 2:PROVIDER:postgresql= -> 3:SQL:select=] mutationLineage=[]
SQL: -- TeaQL PLAIN
SELECT id, name, code, external_id AS externalId, task_life_hours AS taskLifeHours, version, platform FROM merchant_data WHERE (version > 0) AND (external_id = 'matched-merchant') LIMIT 1000 OFFSET 0
[TeaQL SQL][query][367us] 1 rows returned outcome=success batchOutcome=not_applicable comment=matched merchant read with relation purpose=matched benchmark read auditReason= tracePath=[0:OPERATION:Merchant=query -> 1:REQUEST:Merchant= -> 2:RELATION:platform=Merchant.platform -> 3:PROVIDER:postgresql= -> 4:SQL:select=] mutationLineage=[]
SQL: -- TeaQL PLAIN
SELECT id, create_time AS createTime, last_update_time AS lastUpdateTime, name, version FROM platform_data WHERE (version > 0) AND (id = 1) LIMIT 1 OFFSET 0
[TeaQL SQL][query][566us] 1 rows returned outcome=success batchOutcome=not_applicable comment=matched update lookup purpose=matched benchmark write auditReason= tracePath=[0:OPERATION:Merchant=query -> 1:REQUEST:Merchant= -> 2:PROVIDER:postgresql= -> 3:SQL:select=] mutationLineage=[]
SQL: -- TeaQL PLAIN
SELECT id, name, code, external_id AS externalId, task_life_hours AS taskLifeHours, platform, version FROM merchant_data WHERE (version > 0) AND (external_id = 'matched-merchant') LIMIT 1000 OFFSET 0
[TeaQL SQL][mutation][339us] 1 rows affected outcome=success batchOutcome=not_applicable comment= purpose= auditReason=matched benchmark update tracePath=[0:OPERATION:Merchant=mutation -> 1:ENTITY:Merchant= -> 2:PROVIDER:postgresql= -> 3:SQL:update=] mutationLineage=[0:AUDIT_REASON:Merchant#1=matched benchmark update]
SQL: -- TeaQL PLAIN
UPDATE merchant_data SET task_life_hours = 48 , version = 767 WHERE id = 1 AND version = 766
[TeaQL SQL][query][279us] 1 rows returned outcome=success batchOutcome=not_applicable comment=matched benchmark update purpose=runtime: read authoritative persisted mutation result auditReason=matched benchmark update tracePath=[0:OPERATION:Merchant=query -> 1:REQUEST:Merchant= -> 2:PROVIDER:postgresql= -> 3:SQL:select=] mutationLineage=[0:AUDIT_REASON:Merchant#1=matched benchmark update]
SQL: -- TeaQL PLAIN
SELECT * FROM merchant_data WHERE id = 1
[TeaQL SQL][query][472us] 1 rows returned outcome=success batchOutcome=not_applicable comment=matched merchant read with relation purpose=matched benchmark read auditReason= tracePath=[0:OPERATION:Merchant=query -> 1:REQUEST:Merchant= -> 2:PROVIDER:postgresql= -> 3:SQL:select=] mutationLineage=[]
SQL: -- TeaQL PLAIN
SELECT id, name, code, external_id AS externalId, task_life_hours AS taskLifeHours, version, platform FROM merchant_data WHERE (version > 0) AND (external_id = 'matched-merchant') LIMIT 1000 OFFSET 0
[TeaQL SQL][query][395us] 1 rows returned outcome=success batchOutcome=not_applicable comment=matched merchant read with relation purpose=matched benchmark read auditReason= tracePath=[0:OPERATION:Merchant=query -> 1:REQUEST:Merchant= -> 2:RELATION:platform=Merchant.platform -> 3:PROVIDER:postgresql= -> 4:SQL:select=] mutationLineage=[]
SQL: -- TeaQL PLAIN
SELECT id, create_time AS createTime, last_update_time AS lastUpdateTime, name, version FROM platform_data WHERE (version > 0) AND (id = 1) LIMIT 1 OFFSET 0
[TeaQL SQL][query][519us] 1 rows returned outcome=success batchOutcome=not_applicable comment=matched merchant read with relation purpose=matched benchmark read auditReason= tracePath=[0:OPERATION:Merchant=query -> 1:REQUEST:Merchant= -> 2:PROVIDER:postgresql= -> 3:SQL:select=] mutationLineage=[]
SQL: -- TeaQL PLAIN
SELECT id, name, code, external_id AS externalId, task_life_hours AS taskLifeHours, version, platform FROM merchant_data WHERE (version > 0) AND (external_id = 'matched-merchant') LIMIT 1000 OFFSET 0
[TeaQL SQL][query][412us] 1 rows returned outcome=success batchOutcome=not_applicable comment=matched merchant read with relation purpose=matched benchmark read auditReason= tracePath=[0:OPERATION:Merchant=query -> 1:REQUEST:Merchant= -> 2:RELATION:platform=Merchant.platform -> 3:PROVIDER:postgresql= -> 4:SQL:select=] mutationLineage=[]
SQL: -- TeaQL PLAIN
SELECT id, create_time AS createTime, last_update_time AS lastUpdateTime, name, version FROM platform_data WHERE (version > 0) AND (id = 1) LIMIT 1 OFFSET 0
[TeaQL SQL][query][2055us] 1 rows returned outcome=success batchOutcome=not_applicable comment=matched merchant read with relation purpose=matched benchmark read auditReason= tracePath=[0:OPERATION:Merchant=query -> 1:REQUEST:Merchant= -> 2:PROVIDER:postgresql= -> 3:SQL:select=] mutationLineage=[]
SQL: -- TeaQL PLAIN
SELECT id, name, code, external_id AS externalId, task_life_hours AS taskLifeHours, version, platform FROM merchant_data WHERE (version > 0) AND (external_id = 'matched-merchant') LIMIT 1000 OFFSET 0
[TeaQL SQL][query][3193us] 1 rows returned outcome=success batchOutcome=not_applicable comment=matched merchant read with relation purpose=matched benchmark read auditReason= tracePath=[0:OPERATION:Merchant=query -> 1:REQUEST:Merchant= -> 2:PROVIDER:postgresql= -> 3:SQL:select=] mutationLineage=[]
SQL: -- TeaQL PLAIN
SELECT id, name, code, external_id AS externalId, task_life_hours AS taskLifeHours, version, platform FROM merchant_data WHERE (version > 0) AND (external_id = 'matched-merchant') LIMIT 1000 OFFSET 0
[TeaQL SQL][query][1233us] 1 rows returned outcome=success batchOutcome=not_applicable comment=matched merchant read with relation purpose=matched benchmark read auditReason= tracePath=[0:OPERATION:Merchant=query -> 1:REQUEST:Merchant= -> 2:RELATION:platform=Merchant.platform -> 3:PROVIDER:postgresql= -> 4:SQL:select=] mutationLineage=[]
SQL: -- TeaQL PLAIN
SELECT id, create_time AS createTime, last_update_time AS lastUpdateTime, name, version FROM platform_data WHERE (version > 0) AND (id = 1) LIMIT 1 OFFSET 0
[TeaQL SQL][query][261us] 1 rows returned outcome=success batchOutcome=not_applicable comment=matched merchant read with relation purpose=matched benchmark read auditReason= tracePath=[0:OPERATION:Merchant=query -> 1:REQUEST:Merchant= -> 2:PROVIDER:postgresql= -> 3:SQL:select=] mutationLineage=[]
SQL: -- TeaQL PLAIN
SELECT id, name, code, external_id AS externalId, task_life_hours AS taskLifeHours, version, platform FROM merchant_data WHERE (version > 0) AND (external_id = 'matched-merchant') LIMIT 1000 OFFSET 0
[TeaQL SQL][query][872us] 1 rows returned outcome=success batchOutcome=not_applicable comment=matched merchant read with relation purpose=matched benchmark read auditReason= tracePath=[0:OPERATION:Merchant=query -> 1:REQUEST:Merchant= -> 2:RELATION:platform=Merchant.platform -> 3:PROVIDER:postgresql= -> 4:SQL:select=] mutationLineage=[]
SQL: -- TeaQL PLAIN
SELECT id, create_time AS createTime, last_update_time AS lastUpdateTime, name, version FROM platform_data WHERE (version > 0) AND (id = 1) LIMIT 1 OFFSET 0
[TeaQL SQL][query][453us] 1 rows returned outcome=success batchOutcome=not_applicable comment=matched merchant read with relation purpose=matched benchmark read auditReason= tracePath=[0:OPERATION:Merchant=query -> 1:REQUEST:Merchant= -> 2:RELATION:platform=Merchant.platform -> 3:PROVIDER:postgresql= -> 4:SQL:select=] mutationLineage=[]
SQL: -- TeaQL PLAIN
SELECT id, create_time AS createTime, last_update_time AS lastUpdateTime, name, version FROM platform_data WHERE (version > 0) AND (id = 1) LIMIT 1 OFFSET 0
[TeaQL SQL][query][471us] 1 rows returned outcome=success batchOutcome=not_applicable comment=matched merchant read with relation purpose=matched benchmark read auditReason= tracePath=[0:OPERATION:Merchant=query -> 1:REQUEST:Merchant= -> 2:PROVIDER:postgresql= -> 3:SQL:select=] mutationLineage=[]
SQL: -- TeaQL PLAIN
SELECT id, name, code, external_id AS externalId, task_life_hours AS taskLifeHours, version, platform FROM merchant_data WHERE (version > 0) AND (external_id = 'matched-merchant') LIMIT 1000 OFFSET 0
[TeaQL SQL][query][739us] 1 rows returned outcome=success batchOutcome=not_applicable comment=matched merchant read with relation purpose=matched benchmark read auditReason= tracePath=[0:OPERATION:Merchant=query -> 1:REQUEST:Merchant= -> 2:PROVIDER:postgresql= -> 3:SQL:select=] mutationLineage=[]
SQL: -- TeaQL PLAIN
SELECT id, name, code, external_id AS externalId, task_life_hours AS taskLifeHours, version, platform FROM merchant_data WHERE (version > 0) AND (external_id = 'matched-merchant') LIMIT 1000 OFFSET 0
[TeaQL SQL][query][409us] 1 rows returned outcome=success batchOutcome=not_applicable comment=matched merchant read with relation purpose=matched benchmark read auditReason= tracePath=[0:OPERATION:Merchant=query -> 1:REQUEST:Merchant= -> 2:RELATION:platform=Merchant.platform -> 3:PROVIDER:postgresql= -> 4:SQL:select=] mutationLineage=[]
SQL: -- TeaQL PLAIN
SELECT id, create_time AS createTime, last_update_time AS lastUpdateTime, name, version FROM platform_data WHERE (version > 0) AND (id = 1) LIMIT 1 OFFSET 0
[TeaQL SQL][query][583us] 1 rows returned outcome=success batchOutcome=not_applicable comment=matched merchant read with relation purpose=matched benchmark read auditReason= tracePath=[0:OPERATION:Merchant=query -> 1:REQUEST:Merchant= -> 2:RELATION:platform=Merchant.platform -> 3:PROVIDER:postgresql= -> 4:SQL:select=] mutationLineage=[]
SQL: -- TeaQL PLAIN
SELECT id, create_time AS createTime, last_update_time AS lastUpdateTime, name, version FROM platform_data WHERE (version > 0) AND (id = 1) LIMIT 1 OFFSET 0
[TeaQL SQL][query][971us] 1 rows returned outcome=success batchOutcome=not_applicable comment=matched merchant read with relation purpose=matched benchmark read auditReason= tracePath=[0:OPERATION:Merchant=query -> 1:REQUEST:Merchant= -> 2:PROVIDER:postgresql= -> 3:SQL:select=] mutationLineage=[]
SQL: -- TeaQL PLAIN
SELECT id, name, code, external_id AS externalId, task_life_hours AS taskLifeHours, version, platform FROM merchant_data WHERE (version > 0) AND (external_id = 'matched-merchant') LIMIT 1000 OFFSET 0
[TeaQL SQL][query][397us] 1 rows returned outcome=success batchOutcome=not_applicable comment=matched merchant read with relation purpose=matched benchmark read auditReason= tracePath=[0:OPERATION:Merchant=query -> 1:REQUEST:Merchant= -> 2:PROVIDER:postgresql= -> 3:SQL:select=] mutationLineage=[]
SQL: -- TeaQL PLAIN
SELECT id, name, code, external_id AS externalId, task_life_hours AS taskLifeHours, version, platform FROM merchant_data WHERE (version > 0) AND (external_id = 'matched-merchant') LIMIT 1000 OFFSET 0
[TeaQL SQL][query][646us] 1 rows returned outcome=success batchOutcome=not_applicable comment=matched merchant read with relation purpose=matched benchmark read auditReason= tracePath=[0:OPERATION:Merchant=query -> 1:REQUEST:Merchant= -> 2:RELATION:platform=Merchant.platform -> 3:PROVIDER:postgresql= -> 4:SQL:select=] mutationLineage=[]
SQL: -- TeaQL PLAIN
SELECT id, create_time AS createTime, last_update_time AS lastUpdateTime, name, version FROM platform_data WHERE (version > 0) AND (id = 1) LIMIT 1 OFFSET 0
[TeaQL SQL][query][267us] 1 rows returned outcome=success batchOutcome=not_applicable comment=matched merchant read with relation purpose=matched benchmark read auditReason= tracePath=[0:OPERATION:Merchant=query -> 1:REQUEST:Merchant= -> 2:RELATION:platform=Merchant.platform -> 3:PROVIDER:postgresql= -> 4:SQL:select=] mutationLineage=[]
SQL: -- TeaQL PLAIN
SELECT id, create_time AS createTime, last_update_time AS lastUpdateTime, name, version FROM platform_data WHERE (version > 0) AND (id = 1) LIMIT 1 OFFSET 0
[TeaQL SQL][query][335us] 1 rows returned outcome=success batchOutcome=not_applicable comment=matched merchant read with relation purpose=matched benchmark read auditReason= tracePath=[0:OPERATION:Merchant=query -> 1:REQUEST:Merchant= -> 2:PROVIDER:postgresql= -> 3:SQL:select=] mutationLineage=[]
SQL: -- TeaQL PLAIN
SELECT id, name, code, external_id AS externalId, task_life_hours AS taskLifeHours, version, platform FROM merchant_data WHERE (version > 0) AND (external_id = 'matched-merchant') LIMIT 1000 OFFSET 0
[TeaQL SQL][query][291us] 1 rows returned outcome=success batchOutcome=not_applicable comment=matched merchant read with relation purpose=matched benchmark read auditReason= tracePath=[0:OPERATION:Merchant=query -> 1:REQUEST:Merchant= -> 2:RELATION:platform=Merchant.platform -> 3:PROVIDER:postgresql= -> 4:SQL:select=] mutationLineage=[]
SQL: -- TeaQL PLAIN
SELECT id, create_time AS createTime, last_update_time AS lastUpdateTime, name, version FROM platform_data WHERE (version > 0) AND (id = 1) LIMIT 1 OFFSET 0
[TeaQL SQL][query][474us] 1 rows returned outcome=success batchOutcome=not_applicable comment=matched merchant read with relation purpose=matched benchmark read auditReason= tracePath=[0:OPERATION:Merchant=query -> 1:REQUEST:Merchant= -> 2:PROVIDER:postgresql= -> 3:SQL:select=] mutationLineage=[]
SQL: -- TeaQL PLAIN
SELECT id, name, code, external_id AS externalId, task_life_hours AS taskLifeHours, version, platform FROM merchant_data WHERE (version > 0) AND (external_id = 'matched-merchant') LIMIT 1000 OFFSET 0
[TeaQL SQL][query][292us] 1 rows returned outcome=success batchOutcome=not_applicable comment=matched merchant read with relation purpose=matched benchmark read auditReason= tracePath=[0:OPERATION:Merchant=query -> 1:REQUEST:Merchant= -> 2:PROVIDER:postgresql= -> 3:SQL:select=] mutationLineage=[]
SQL: -- TeaQL PLAIN
SELECT id, name, code, external_id AS externalId, task_life_hours AS taskLifeHours, version, platform FROM merchant_data WHERE (version > 0) AND (external_id = 'matched-merchant') LIMIT 1000 OFFSET 0
[TeaQL SQL][query][331us] 1 rows returned outcome=success batchOutcome=not_applicable comment=matched merchant read with relation purpose=matched benchmark read auditReason= tracePath=[0:OPERATION:Merchant=query -> 1:REQUEST:Merchant= -> 2:RELATION:platform=Merchant.platform -> 3:PROVIDER:postgresql= -> 4:SQL:select=] mutationLineage=[]
SQL: -- TeaQL PLAIN
SELECT id, create_time AS createTime, last_update_time AS lastUpdateTime, name, version FROM platform_data WHERE (version > 0) AND (id = 1) LIMIT 1 OFFSET 0
[TeaQL SQL][query][531us] 1 rows returned outcome=success batchOutcome=not_applicable comment=matched merchant read with relation purpose=matched benchmark read auditReason= tracePath=[0:OPERATION:Merchant=query -> 1:REQUEST:Merchant= -> 2:RELATION:platform=Merchant.platform -> 3:PROVIDER:postgresql= -> 4:SQL:select=] mutationLineage=[]
SQL: -- TeaQL PLAIN
SELECT id, create_time AS createTime, last_update_time AS lastUpdateTime, name, version FROM platform_data WHERE (version > 0) AND (id = 1) LIMIT 1 OFFSET 0
[TeaQL SQL][query][500us] 1 rows returned outcome=success batchOutcome=not_applicable comment=matched merchant read with relation purpose=matched benchmark read auditReason= tracePath=[0:OPERATION:Merchant=query -> 1:REQUEST:Merchant= -> 2:PROVIDER:postgresql= -> 3:SQL:select=] mutationLineage=[]
SQL: -- TeaQL PLAIN
SELECT id, name, code, external_id AS externalId, task_life_hours AS taskLifeHours, version, platform FROM merchant_data WHERE (version > 0) AND (external_id = 'matched-merchant') LIMIT 1000 OFFSET 0
[TeaQL SQL][query][621us] 1 rows returned outcome=success batchOutcome=not_applicable comment=matched merchant read with relation purpose=matched benchmark read auditReason= tracePath=[0:OPERATION:Merchant=query -> 1:REQUEST:Merchant= -> 2:PROVIDER:postgresql= -> 3:SQL:select=] mutationLineage=[]
SQL: -- TeaQL PLAIN
SELECT id, name, code, external_id AS externalId, task_life_hours AS taskLifeHours, version, platform FROM merchant_data WHERE (version > 0) AND (external_id = 'matched-merchant') LIMIT 1000 OFFSET 0
[TeaQL SQL][query][391us] 1 rows returned outcome=success batchOutcome=not_applicable comment=matched merchant read with relation purpose=matched benchmark read auditReason= tracePath=[0:OPERATION:Merchant=query -> 1:REQUEST:Merchant= -> 2:RELATION:platform=Merchant.platform -> 3:PROVIDER:postgresql= -> 4:SQL:select=] mutationLineage=[]
SQL: -- TeaQL PLAIN
SELECT id, create_time AS createTime, last_update_time AS lastUpdateTime, name, version FROM platform_data WHERE (version > 0) AND (id = 1) LIMIT 1 OFFSET 0
[TeaQL SQL][query][495us] 1 rows returned outcome=success batchOutcome=not_applicable comment=matched merchant read with relation purpose=matched benchmark read auditReason= tracePath=[0:OPERATION:Merchant=query -> 1:REQUEST:Merchant= -> 2:RELATION:platform=Merchant.platform -> 3:PROVIDER:postgresql= -> 4:SQL:select=] mutationLineage=[]
SQL: -- TeaQL PLAIN
SELECT id, create_time AS createTime, last_update_time AS lastUpdateTime, name, version FROM platform_data WHERE (version > 0) AND (id = 1) LIMIT 1 OFFSET 0
[TeaQL SQL][query][431us] 1 rows returned outcome=success batchOutcome=not_applicable comment=matched merchant read with relation purpose=matched benchmark read auditReason= tracePath=[0:OPERATION:Merchant=query -> 1:REQUEST:Merchant= -> 2:PROVIDER:postgresql= -> 3:SQL:select=] mutationLineage=[]
SQL: -- TeaQL PLAIN
SELECT id, name, code, external_id AS externalId, task_life_hours AS taskLifeHours, version, platform FROM merchant_data WHERE (version > 0) AND (external_id = 'matched-merchant') LIMIT 1000 OFFSET 0
[TeaQL SQL][query][547us] 1 rows returned outcome=success batchOutcome=not_applicable comment=matched merchant read with relation purpose=matched benchmark read auditReason= tracePath=[0:OPERATION:Merchant=query -> 1:REQUEST:Merchant= -> 2:PROVIDER:postgresql= -> 3:SQL:select=] mutationLineage=[]
SQL: -- TeaQL PLAIN
SELECT id, name, code, external_id AS externalId, task_life_hours AS taskLifeHours, version, platform FROM merchant_data WHERE (version > 0) AND (external_id = 'matched-merchant') LIMIT 1000 OFFSET 0
[TeaQL SQL][query][306us] 1 rows returned outcome=success batchOutcome=not_applicable comment=matched merchant read with relation purpose=matched benchmark read auditReason= tracePath=[0:OPERATION:Merchant=query -> 1:REQUEST:Merchant= -> 2:RELATION:platform=Merchant.platform -> 3:PROVIDER:postgresql= -> 4:SQL:select=] mutationLineage=[]
SQL: -- TeaQL PLAIN
SELECT id, create_time AS createTime, last_update_time AS lastUpdateTime, name, version FROM platform_data WHERE (version > 0) AND (id = 1) LIMIT 1 OFFSET 0
[TeaQL SQL][query][393us] 1 rows returned outcome=success batchOutcome=not_applicable comment=matched merchant read with relation purpose=matched benchmark read auditReason= tracePath=[0:OPERATION:Merchant=query -> 1:REQUEST:Merchant= -> 2:RELATION:platform=Merchant.platform -> 3:PROVIDER:postgresql= -> 4:SQL:select=] mutationLineage=[]
SQL: -- TeaQL PLAIN
SELECT id, create_time AS createTime, last_update_time AS lastUpdateTime, name, version FROM platform_data WHERE (version > 0) AND (id = 1) LIMIT 1 OFFSET 0
[TeaQL SQL][query][765us] 1 rows returned outcome=success batchOutcome=not_applicable comment=matched merchant read with relation purpose=matched benchmark read auditReason= tracePath=[0:OPERATION:Merchant=query -> 1:REQUEST:Merchant= -> 2:PROVIDER:postgresql= -> 3:SQL:select=] mutationLineage=[]
SQL: -- TeaQL PLAIN
SELECT id, name, code, external_id AS externalId, task_life_hours AS taskLifeHours, version, platform FROM merchant_data WHERE (version > 0) AND (external_id = 'matched-merchant') LIMIT 1000 OFFSET 0
[TeaQL SQL][query][860us] 1 rows returned outcome=success batchOutcome=not_applicable comment=matched merchant read with relation purpose=matched benchmark read auditReason= tracePath=[0:OPERATION:Merchant=query -> 1:REQUEST:Merchant= -> 2:PROVIDER:postgresql= -> 3:SQL:select=] mutationLineage=[]
SQL: -- TeaQL PLAIN
SELECT id, name, code, external_id AS externalId, task_life_hours AS taskLifeHours, version, platform FROM merchant_data WHERE (version > 0) AND (external_id = 'matched-merchant') LIMIT 1000 OFFSET 0
[TeaQL SQL][query][480us] 1 rows returned outcome=success batchOutcome=not_applicable comment=matched merchant read with relation purpose=matched benchmark read auditReason= tracePath=[0:OPERATION:Merchant=query -> 1:REQUEST:Merchant= -> 2:RELATION:platform=Merchant.platform -> 3:PROVIDER:postgresql= -> 4:SQL:select=] mutationLineage=[]
SQL: -- TeaQL PLAIN
SELECT id, create_time AS createTime, last_update_time AS lastUpdateTime, name, version FROM platform_data WHERE (version > 0) AND (id = 1) LIMIT 1 OFFSET 0
[TeaQL SQL][query][635us] 1 rows returned outcome=success batchOutcome=not_applicable comment=matched merchant read with relation purpose=matched benchmark read auditReason= tracePath=[0:OPERATION:Merchant=query -> 1:REQUEST:Merchant= -> 2:RELATION:platform=Merchant.platform -> 3:PROVIDER:postgresql= -> 4:SQL:select=] mutationLineage=[]
SQL: -- TeaQL PLAIN
SELECT id, create_time AS createTime, last_update_time AS lastUpdateTime, name, version FROM platform_data WHERE (version > 0) AND (id = 1) LIMIT 1 OFFSET 0
[TeaQL SQL][query][503us] 1 rows returned outcome=success batchOutcome=not_applicable comment=matched merchant read with relation purpose=matched benchmark read auditReason= tracePath=[0:OPERATION:Merchant=query -> 1:REQUEST:Merchant= -> 2:PROVIDER:postgresql= -> 3:SQL:select=] mutationLineage=[]
SQL: -- TeaQL PLAIN
SELECT id, name, code, external_id AS externalId, task_life_hours AS taskLifeHours, version, platform FROM merchant_data WHERE (version > 0) AND (external_id = 'matched-merchant') LIMIT 1000 OFFSET 0
[TeaQL SQL][query][550us] 1 rows returned outcome=success batchOutcome=not_applicable comment=matched merchant read with relation purpose=matched benchmark read auditReason= tracePath=[0:OPERATION:Merchant=query -> 1:REQUEST:Merchant= -> 2:PROVIDER:postgresql= -> 3:SQL:select=] mutationLineage=[]
SQL: -- TeaQL PLAIN
SELECT id, name, code, external_id AS externalId, task_life_hours AS taskLifeHours, version, platform FROM merchant_data WHERE (version > 0) AND (external_id = 'matched-merchant') LIMIT 1000 OFFSET 0
[TeaQL SQL][query][404us] 1 rows returned outcome=success batchOutcome=not_applicable comment=matched merchant read with relation purpose=matched benchmark read auditReason= tracePath=[0:OPERATION:Merchant=query -> 1:REQUEST:Merchant= -> 2:RELATION:platform=Merchant.platform -> 3:PROVIDER:postgresql= -> 4:SQL:select=] mutationLineage=[]
SQL: -- TeaQL PLAIN
SELECT id, create_time AS createTime, last_update_time AS lastUpdateTime, name, version FROM platform_data WHERE (version > 0) AND (id = 1) LIMIT 1 OFFSET 0
[TeaQL SQL][query][551us] 1 rows returned outcome=success batchOutcome=not_applicable comment=matched merchant read with relation purpose=matched benchmark read auditReason= tracePath=[0:OPERATION:Merchant=query -> 1:REQUEST:Merchant= -> 2:RELATION:platform=Merchant.platform -> 3:PROVIDER:postgresql= -> 4:SQL:select=] mutationLineage=[]
SQL: -- TeaQL PLAIN
SELECT id, create_time AS createTime, last_update_time AS lastUpdateTime, name, version FROM platform_data WHERE (version > 0) AND (id = 1) LIMIT 1 OFFSET 0
[TeaQL SQL][query][405us] 1 rows returned outcome=success batchOutcome=not_applicable comment=matched merchant read with relation purpose=matched benchmark read auditReason= tracePath=[0:OPERATION:Merchant=query -> 1:REQUEST:Merchant= -> 2:PROVIDER:postgresql= -> 3:SQL:select=] mutationLineage=[]
SQL: -- TeaQL PLAIN
SELECT id, name, code, external_id AS externalId, task_life_hours AS taskLifeHours, version, platform FROM merchant_data WHERE (version > 0) AND (external_id = 'matched-merchant') LIMIT 1000 OFFSET 0
[TeaQL SQL][query][598us] 1 rows returned outcome=success batchOutcome=not_applicable comment=matched merchant read with relation purpose=matched benchmark read auditReason= tracePath=[0:OPERATION:Merchant=query -> 1:REQUEST:Merchant= -> 2:PROVIDER:postgresql= -> 3:SQL:select=] mutationLineage=[]
SQL: -- TeaQL PLAIN
SELECT id, name, code, external_id AS externalId, task_life_hours AS taskLifeHours, version, platform FROM merchant_data WHERE (version > 0) AND (external_id = 'matched-merchant') LIMIT 1000 OFFSET 0
[TeaQL SQL][query][413us] 1 rows returned outcome=success batchOutcome=not_applicable comment=matched merchant read with relation purpose=matched benchmark read auditReason= tracePath=[0:OPERATION:Merchant=query -> 1:REQUEST:Merchant= -> 2:RELATION:platform=Merchant.platform -> 3:PROVIDER:postgresql= -> 4:SQL:select=] mutationLineage=[]
SQL: -- TeaQL PLAIN
SELECT id, create_time AS createTime, last_update_time AS lastUpdateTime, name, version FROM platform_data WHERE (version > 0) AND (id = 1) LIMIT 1 OFFSET 0
[TeaQL SQL][query][570us] 1 rows returned outcome=success batchOutcome=not_applicable comment=matched merchant read with relation purpose=matched benchmark read auditReason= tracePath=[0:OPERATION:Merchant=query -> 1:REQUEST:Merchant= -> 2:RELATION:platform=Merchant.platform -> 3:PROVIDER:postgresql= -> 4:SQL:select=] mutationLineage=[]
SQL: -- TeaQL PLAIN
SELECT id, create_time AS createTime, last_update_time AS lastUpdateTime, name, version FROM platform_data WHERE (version > 0) AND (id = 1) LIMIT 1 OFFSET 0
[TeaQL SQL][query][390us] 1 rows returned outcome=success batchOutcome=not_applicable comment=matched merchant read with relation purpose=matched benchmark read auditReason= tracePath=[0:OPERATION:Merchant=query -> 1:REQUEST:Merchant= -> 2:PROVIDER:postgresql= -> 3:SQL:select=] mutationLineage=[]
SQL: -- TeaQL PLAIN
SELECT id, name, code, external_id AS externalId, task_life_hours AS taskLifeHours, version, platform FROM merchant_data WHERE (version > 0) AND (external_id = 'matched-merchant') LIMIT 1000 OFFSET 0
[TeaQL SQL][query][606us] 1 rows returned outcome=success batchOutcome=not_applicable comment=matched merchant read with relation purpose=matched benchmark read auditReason= tracePath=[0:OPERATION:Merchant=query -> 1:REQUEST:Merchant= -> 2:PROVIDER:postgresql= -> 3:SQL:select=] mutationLineage=[]
SQL: -- TeaQL PLAIN
SELECT id, name, code, external_id AS externalId, task_life_hours AS taskLifeHours, version, platform FROM merchant_data WHERE (version > 0) AND (external_id = 'matched-merchant') LIMIT 1000 OFFSET 0
[TeaQL SQL][query][276us] 1 rows returned outcome=success batchOutcome=not_applicable comment=matched merchant read with relation purpose=matched benchmark read auditReason= tracePath=[0:OPERATION:Merchant=query -> 1:REQUEST:Merchant= -> 2:RELATION:platform=Merchant.platform -> 3:PROVIDER:postgresql= -> 4:SQL:select=] mutationLineage=[]
SQL: -- TeaQL PLAIN
SELECT id, create_time AS createTime, last_update_time AS lastUpdateTime, name, version FROM platform_data WHERE (version > 0) AND (id = 1) LIMIT 1 OFFSET 0
[TeaQL SQL][query][360us] 1 rows returned outcome=success batchOutcome=not_applicable comment=matched merchant read with relation purpose=matched benchmark read auditReason= tracePath=[0:OPERATION:Merchant=query -> 1:REQUEST:Merchant= -> 2:RELATION:platform=Merchant.platform -> 3:PROVIDER:postgresql= -> 4:SQL:select=] mutationLineage=[]
SQL: -- TeaQL PLAIN
SELECT id, create_time AS createTime, last_update_time AS lastUpdateTime, name, version FROM platform_data WHERE (version > 0) AND (id = 1) LIMIT 1 OFFSET 0
[TeaQL SQL][query][295us] 1 rows returned outcome=success batchOutcome=not_applicable comment=matched merchant read with relation purpose=matched benchmark read auditReason= tracePath=[0:OPERATION:Merchant=query -> 1:REQUEST:Merchant= -> 2:PROVIDER:postgresql= -> 3:SQL:select=] mutationLineage=[]
SQL: -- TeaQL PLAIN
SELECT id, name, code, external_id AS externalId, task_life_hours AS taskLifeHours, version, platform FROM merchant_data WHERE (version > 0) AND (external_id = 'matched-merchant') LIMIT 1000 OFFSET 0
[TeaQL SQL][query][469us] 1 rows returned outcome=success batchOutcome=not_applicable comment=matched merchant read with relation purpose=matched benchmark read auditReason= tracePath=[0:OPERATION:Merchant=query -> 1:REQUEST:Merchant= -> 2:PROVIDER:postgresql= -> 3:SQL:select=] mutationLineage=[]
SQL: -- TeaQL PLAIN
SELECT id, name, code, external_id AS externalId, task_life_hours AS taskLifeHours, version, platform FROM merchant_data WHERE (version > 0) AND (external_id = 'matched-merchant') LIMIT 1000 OFFSET 0
[TeaQL SQL][query][334us] 1 rows returned outcome=success batchOutcome=not_applicable comment=matched merchant read with relation purpose=matched benchmark read auditReason= tracePath=[0:OPERATION:Merchant=query -> 1:REQUEST:Merchant= -> 2:RELATION:platform=Merchant.platform -> 3:PROVIDER:postgresql= -> 4:SQL:select=] mutationLineage=[]
SQL: -- TeaQL PLAIN
SELECT id, create_time AS createTime, last_update_time AS lastUpdateTime, name, version FROM platform_data WHERE (version > 0) AND (id = 1) LIMIT 1 OFFSET 0
[TeaQL SQL][query][380us] 1 rows returned outcome=success batchOutcome=not_applicable comment=matched merchant read with relation purpose=matched benchmark read auditReason= tracePath=[0:OPERATION:Merchant=query -> 1:REQUEST:Merchant= -> 2:RELATION:platform=Merchant.platform -> 3:PROVIDER:postgresql= -> 4:SQL:select=] mutationLineage=[]
SQL: -- TeaQL PLAIN
SELECT id, create_time AS createTime, last_update_time AS lastUpdateTime, name, version FROM platform_data WHERE (version > 0) AND (id = 1) LIMIT 1 OFFSET 0
[TeaQL SQL][query][522us] 1 rows returned outcome=success batchOutcome=not_applicable comment=matched merchant read with relation purpose=matched benchmark read auditReason= tracePath=[0:OPERATION:Merchant=query -> 1:REQUEST:Merchant= -> 2:PROVIDER:postgresql= -> 3:SQL:select=] mutationLineage=[]
SQL: -- TeaQL PLAIN
SELECT id, name, code, external_id AS externalId, task_life_hours AS taskLifeHours, version, platform FROM merchant_data WHERE (version > 0) AND (external_id = 'matched-merchant') LIMIT 1000 OFFSET 0
[TeaQL SQL][query][541us] 1 rows returned outcome=success batchOutcome=not_applicable comment=matched merchant read with relation purpose=matched benchmark read auditReason= tracePath=[0:OPERATION:Merchant=query -> 1:REQUEST:Merchant= -> 2:PROVIDER:postgresql= -> 3:SQL:select=] mutationLineage=[]
SQL: -- TeaQL PLAIN
SELECT id, name, code, external_id AS externalId, task_life_hours AS taskLifeHours, version, platform FROM merchant_data WHERE (version > 0) AND (external_id = 'matched-merchant') LIMIT 1000 OFFSET 0
[TeaQL SQL][query][425us] 1 rows returned outcome=success batchOutcome=not_applicable comment=matched merchant read with relation purpose=matched benchmark read auditReason= tracePath=[0:OPERATION:Merchant=query -> 1:REQUEST:Merchant= -> 2:RELATION:platform=Merchant.platform -> 3:PROVIDER:postgresql= -> 4:SQL:select=] mutationLineage=[]
SQL: -- TeaQL PLAIN
SELECT id, create_time AS createTime, last_update_time AS lastUpdateTime, name, version FROM platform_data WHERE (version > 0) AND (id = 1) LIMIT 1 OFFSET 0
[TeaQL SQL][query][2424us] 1 rows returned outcome=success batchOutcome=not_applicable comment=matched merchant read with relation purpose=matched benchmark read auditReason= tracePath=[0:OPERATION:Merchant=query -> 1:REQUEST:Merchant= -> 2:RELATION:platform=Merchant.platform -> 3:PROVIDER:postgresql= -> 4:SQL:select=] mutationLineage=[]
SQL: -- TeaQL PLAIN
SELECT id, create_time AS createTime, last_update_time AS lastUpdateTime, name, version FROM platform_data WHERE (version > 0) AND (id = 1) LIMIT 1 OFFSET 0
[TeaQL SQL][query][592us] 1 rows returned outcome=success batchOutcome=not_applicable comment=matched merchant read with relation purpose=matched benchmark read auditReason= tracePath=[0:OPERATION:Merchant=query -> 1:REQUEST:Merchant= -> 2:PROVIDER:postgresql= -> 3:SQL:select=] mutationLineage=[]
SQL: -- TeaQL PLAIN
SELECT id, name, code, external_id AS externalId, task_life_hours AS taskLifeHours, version, platform FROM merchant_data WHERE (version > 0) AND (external_id = 'matched-merchant') LIMIT 1000 OFFSET 0
[TeaQL SQL][query][382us] 1 rows returned outcome=success batchOutcome=not_applicable comment=matched merchant read with relation purpose=matched benchmark read auditReason= tracePath=[0:OPERATION:Merchant=query -> 1:REQUEST:Merchant= -> 2:RELATION:platform=Merchant.platform -> 3:PROVIDER:postgresql= -> 4:SQL:select=] mutationLineage=[]
SQL: -- TeaQL PLAIN
SELECT id, create_time AS createTime, last_update_time AS lastUpdateTime, name, version FROM platform_data WHERE (version > 0) AND (id = 1) LIMIT 1 OFFSET 0
[TeaQL SQL][query][2531us] 1 rows returned outcome=success batchOutcome=not_applicable comment=matched merchant read with relation purpose=matched benchmark read auditReason= tracePath=[0:OPERATION:Merchant=query -> 1:REQUEST:Merchant= -> 2:PROVIDER:postgresql= -> 3:SQL:select=] mutationLineage=[]
SQL: -- TeaQL PLAIN
SELECT id, name, code, external_id AS externalId, task_life_hours AS taskLifeHours, version, platform FROM merchant_data WHERE (version > 0) AND (external_id = 'matched-merchant') LIMIT 1000 OFFSET 0
[TeaQL SQL][query][467us] 1 rows returned outcome=success batchOutcome=not_applicable comment=matched merchant read with relation purpose=matched benchmark read auditReason= tracePath=[0:OPERATION:Merchant=query -> 1:REQUEST:Merchant= -> 2:RELATION:platform=Merchant.platform -> 3:PROVIDER:postgresql= -> 4:SQL:select=] mutationLineage=[]
SQL: -- TeaQL PLAIN
SELECT id, create_time AS createTime, last_update_time AS lastUpdateTime, name, version FROM platform_data WHERE (version > 0) AND (id = 1) LIMIT 1 OFFSET 0
[TeaQL SQL][query][761us] 1 rows returned outcome=success batchOutcome=not_applicable comment=matched merchant read with relation purpose=matched benchmark read auditReason= tracePath=[0:OPERATION:Merchant=query -> 1:REQUEST:Merchant= -> 2:PROVIDER:postgresql= -> 3:SQL:select=] mutationLineage=[]
SQL: -- TeaQL PLAIN
SELECT id, name, code, external_id AS externalId, task_life_hours AS taskLifeHours, version, platform FROM merchant_data WHERE (version > 0) AND (external_id = 'matched-merchant') LIMIT 1000 OFFSET 0
[TeaQL SQL][query][766us] 1 rows returned outcome=success batchOutcome=not_applicable comment=matched merchant read with relation purpose=matched benchmark read auditReason= tracePath=[0:OPERATION:Merchant=query -> 1:REQUEST:Merchant= -> 2:PROVIDER:postgresql= -> 3:SQL:select=] mutationLineage=[]
SQL: -- TeaQL PLAIN
SELECT id, name, code, external_id AS externalId, task_life_hours AS taskLifeHours, version, platform FROM merchant_data WHERE (version > 0) AND (external_id = 'matched-merchant') LIMIT 1000 OFFSET 0
[TeaQL SQL][query][308us] 1 rows returned outcome=success batchOutcome=not_applicable comment=matched merchant read with relation purpose=matched benchmark read auditReason= tracePath=[0:OPERATION:Merchant=query -> 1:REQUEST:Merchant= -> 2:PROVIDER:postgresql= -> 3:SQL:select=] mutationLineage=[]
SQL: -- TeaQL PLAIN
SELECT id, name, code, external_id AS externalId, task_life_hours AS taskLifeHours, version, platform FROM merchant_data WHERE (version > 0) AND (external_id = 'matched-merchant') LIMIT 1000 OFFSET 0
[TeaQL SQL][query][430us] 1 rows returned outcome=success batchOutcome=not_applicable comment=matched merchant read with relation purpose=matched benchmark read auditReason= tracePath=[0:OPERATION:Merchant=query -> 1:REQUEST:Merchant= -> 2:RELATION:platform=Merchant.platform -> 3:PROVIDER:postgresql= -> 4:SQL:select=] mutationLineage=[]
SQL: -- TeaQL PLAIN
SELECT id, create_time AS createTime, last_update_time AS lastUpdateTime, name, version FROM platform_data WHERE (version > 0) AND (id = 1) LIMIT 1 OFFSET 0
[TeaQL SQL][query][424us] 1 rows returned outcome=success batchOutcome=not_applicable comment=matched merchant read with relation purpose=matched benchmark read auditReason= tracePath=[0:OPERATION:Merchant=query -> 1:REQUEST:Merchant= -> 2:RELATION:platform=Merchant.platform -> 3:PROVIDER:postgresql= -> 4:SQL:select=] mutationLineage=[]
SQL: -- TeaQL PLAIN
SELECT id, create_time AS createTime, last_update_time AS lastUpdateTime, name, version FROM platform_data WHERE (version > 0) AND (id = 1) LIMIT 1 OFFSET 0
[TeaQL SQL][query][354us] 1 rows returned outcome=success batchOutcome=not_applicable comment=matched merchant read with relation purpose=matched benchmark read auditReason= tracePath=[0:OPERATION:Merchant=query -> 1:REQUEST:Merchant= -> 2:RELATION:platform=Merchant.platform -> 3:PROVIDER:postgresql= -> 4:SQL:select=] mutationLineage=[]
SQL: -- TeaQL PLAIN
SELECT id, create_time AS createTime, last_update_time AS lastUpdateTime, name, version FROM platform_data WHERE (version > 0) AND (id = 1) LIMIT 1 OFFSET 0
[TeaQL SQL][query][378us] 1 rows returned outcome=success batchOutcome=not_applicable comment=matched merchant read with relation purpose=matched benchmark read auditReason= tracePath=[0:OPERATION:Merchant=query -> 1:REQUEST:Merchant= -> 2:PROVIDER:postgresql= -> 3:SQL:select=] mutationLineage=[]
SQL: -- TeaQL PLAIN
SELECT id, name, code, external_id AS externalId, task_life_hours AS taskLifeHours, version, platform FROM merchant_data WHERE (version > 0) AND (external_id = 'matched-merchant') LIMIT 1000 OFFSET 0
[TeaQL SQL][query][341us] 1 rows returned outcome=success batchOutcome=not_applicable comment=matched merchant read with relation purpose=matched benchmark read auditReason= tracePath=[0:OPERATION:Merchant=query -> 1:REQUEST:Merchant= -> 2:RELATION:platform=Merchant.platform -> 3:PROVIDER:postgresql= -> 4:SQL:select=] mutationLineage=[]
SQL: -- TeaQL PLAIN
SELECT id, create_time AS createTime, last_update_time AS lastUpdateTime, name, version FROM platform_data WHERE (version > 0) AND (id = 1) LIMIT 1 OFFSET 0
[TeaQL SQL][query][554us] 1 rows returned outcome=success batchOutcome=not_applicable comment=matched merchant read with relation purpose=matched benchmark read auditReason= tracePath=[0:OPERATION:Merchant=query -> 1:REQUEST:Merchant= -> 2:PROVIDER:postgresql= -> 3:SQL:select=] mutationLineage=[]
SQL: -- TeaQL PLAIN
SELECT id, name, code, external_id AS externalId, task_life_hours AS taskLifeHours, version, platform FROM merchant_data WHERE (version > 0) AND (external_id = 'matched-merchant') LIMIT 1000 OFFSET 0
[TeaQL SQL][query][559us] 1 rows returned outcome=success batchOutcome=not_applicable comment=matched merchant read with relation purpose=matched benchmark read auditReason= tracePath=[0:OPERATION:Merchant=query -> 1:REQUEST:Merchant= -> 2:PROVIDER:postgresql= -> 3:SQL:select=] mutationLineage=[]
SQL: -- TeaQL PLAIN
SELECT id, name, code, external_id AS externalId, task_life_hours AS taskLifeHours, version, platform FROM merchant_data WHERE (version > 0) AND (external_id = 'matched-merchant') LIMIT 1000 OFFSET 0
[TeaQL SQL][query][523us] 1 rows returned outcome=success batchOutcome=not_applicable comment=matched merchant read with relation purpose=matched benchmark read auditReason= tracePath=[0:OPERATION:Merchant=query -> 1:REQUEST:Merchant= -> 2:RELATION:platform=Merchant.platform -> 3:PROVIDER:postgresql= -> 4:SQL:select=] mutationLineage=[]
SQL: -- TeaQL PLAIN
SELECT id, create_time AS createTime, last_update_time AS lastUpdateTime, name, version FROM platform_data WHERE (version > 0) AND (id = 1) LIMIT 1 OFFSET 0
[TeaQL SQL][query][399us] 1 rows returned outcome=success batchOutcome=not_applicable comment=matched merchant read with relation purpose=matched benchmark read auditReason= tracePath=[0:OPERATION:Merchant=query -> 1:REQUEST:Merchant= -> 2:PROVIDER:postgresql= -> 3:SQL:select=] mutationLineage=[]
SQL: -- TeaQL PLAIN
SELECT id, name, code, external_id AS externalId, task_life_hours AS taskLifeHours, version, platform FROM merchant_data WHERE (version > 0) AND (external_id = 'matched-merchant') LIMIT 1000 OFFSET 0
[TeaQL SQL][query][724us] 1 rows returned outcome=success batchOutcome=not_applicable comment=matched merchant read with relation purpose=matched benchmark read auditReason= tracePath=[0:OPERATION:Merchant=query -> 1:REQUEST:Merchant= -> 2:RELATION:platform=Merchant.platform -> 3:PROVIDER:postgresql= -> 4:SQL:select=] mutationLineage=[]
SQL: -- TeaQL PLAIN
SELECT id, create_time AS createTime, last_update_time AS lastUpdateTime, name, version FROM platform_data WHERE (version > 0) AND (id = 1) LIMIT 1 OFFSET 0
[TeaQL SQL][query][604us] 1 rows returned outcome=success batchOutcome=not_applicable comment=matched merchant read with relation purpose=matched benchmark read auditReason= tracePath=[0:OPERATION:Merchant=query -> 1:REQUEST:Merchant= -> 2:RELATION:platform=Merchant.platform -> 3:PROVIDER:postgresql= -> 4:SQL:select=] mutationLineage=[]
SQL: -- TeaQL PLAIN
SELECT id, create_time AS createTime, last_update_time AS lastUpdateTime, name, version FROM platform_data WHERE (version > 0) AND (id = 1) LIMIT 1 OFFSET 0
[TeaQL SQL][query][556us] 1 rows returned outcome=success batchOutcome=not_applicable comment=matched merchant read with relation purpose=matched benchmark read auditReason= tracePath=[0:OPERATION:Merchant=query -> 1:REQUEST:Merchant= -> 2:PROVIDER:postgresql= -> 3:SQL:select=] mutationLineage=[]
SQL: -- TeaQL PLAIN
SELECT id, name, code, external_id AS externalId, task_life_hours AS taskLifeHours, version, platform FROM merchant_data WHERE (version > 0) AND (external_id = 'matched-merchant') LIMIT 1000 OFFSET 0
[TeaQL SQL][query][361us] 1 rows returned outcome=success batchOutcome=not_applicable comment=matched merchant read with relation purpose=matched benchmark read auditReason= tracePath=[0:OPERATION:Merchant=query -> 1:REQUEST:Merchant= -> 2:RELATION:platform=Merchant.platform -> 3:PROVIDER:postgresql= -> 4:SQL:select=] mutationLineage=[]
SQL: -- TeaQL PLAIN
SELECT id, create_time AS createTime, last_update_time AS lastUpdateTime, name, version FROM platform_data WHERE (version > 0) AND (id = 1) LIMIT 1 OFFSET 0
[TeaQL SQL][query][306us] 1 rows returned outcome=success batchOutcome=not_applicable comment=matched merchant read with relation purpose=matched benchmark read auditReason= tracePath=[0:OPERATION:Merchant=query -> 1:REQUEST:Merchant= -> 2:PROVIDER:postgresql= -> 3:SQL:select=] mutationLineage=[]
SQL: -- TeaQL PLAIN
SELECT id, name, code, external_id AS externalId, task_life_hours AS taskLifeHours, version, platform FROM merchant_data WHERE (version > 0) AND (external_id = 'matched-merchant') LIMIT 1000 OFFSET 0
[TeaQL SQL][query][265us] 1 rows returned outcome=success batchOutcome=not_applicable comment=matched merchant read with relation purpose=matched benchmark read auditReason= tracePath=[0:OPERATION:Merchant=query -> 1:REQUEST:Merchant= -> 2:RELATION:platform=Merchant.platform -> 3:PROVIDER:postgresql= -> 4:SQL:select=] mutationLineage=[]
SQL: -- TeaQL PLAIN
SELECT id, create_time AS createTime, last_update_time AS lastUpdateTime, name, version FROM platform_data WHERE (version > 0) AND (id = 1) LIMIT 1 OFFSET 0
[TeaQL SQL][query][451us] 1 rows returned outcome=success batchOutcome=not_applicable comment=matched merchant read with relation purpose=matched benchmark read auditReason= tracePath=[0:OPERATION:Merchant=query -> 1:REQUEST:Merchant= -> 2:PROVIDER:postgresql= -> 3:SQL:select=] mutationLineage=[]
SQL: -- TeaQL PLAIN
SELECT id, name, code, external_id AS externalId, task_life_hours AS taskLifeHours, version, platform FROM merchant_data WHERE (version > 0) AND (external_id = 'matched-merchant') LIMIT 1000 OFFSET 0
[TeaQL SQL][query][485us] 1 rows returned outcome=success batchOutcome=not_applicable comment=matched merchant read with relation purpose=matched benchmark read auditReason= tracePath=[0:OPERATION:Merchant=query -> 1:REQUEST:Merchant= -> 2:RELATION:platform=Merchant.platform -> 3:PROVIDER:postgresql= -> 4:SQL:select=] mutationLineage=[]
SQL: -- TeaQL PLAIN
SELECT id, create_time AS createTime, last_update_time AS lastUpdateTime, name, version FROM platform_data WHERE (version > 0) AND (id = 1) LIMIT 1 OFFSET 0
[TeaQL SQL][query][296us] 1 rows returned outcome=success batchOutcome=not_applicable comment=matched merchant read with relation purpose=matched benchmark read auditReason= tracePath=[0:OPERATION:Merchant=query -> 1:REQUEST:Merchant= -> 2:PROVIDER:postgresql= -> 3:SQL:select=] mutationLineage=[]
SQL: -- TeaQL PLAIN
SELECT id, name, code, external_id AS externalId, task_life_hours AS taskLifeHours, version, platform FROM merchant_data WHERE (version > 0) AND (external_id = 'matched-merchant') LIMIT 1000 OFFSET 0
[TeaQL SQL][query][353us] 1 rows returned outcome=success batchOutcome=not_applicable comment=matched merchant read with relation purpose=matched benchmark read auditReason= tracePath=[0:OPERATION:Merchant=query -> 1:REQUEST:Merchant= -> 2:RELATION:platform=Merchant.platform -> 3:PROVIDER:postgresql= -> 4:SQL:select=] mutationLineage=[]
SQL: -- TeaQL PLAIN
SELECT id, create_time AS createTime, last_update_time AS lastUpdateTime, name, version FROM platform_data WHERE (version > 0) AND (id = 1) LIMIT 1 OFFSET 0
[TeaQL SQL][query][333us] 1 rows returned outcome=success batchOutcome=not_applicable comment=matched merchant read with relation purpose=matched benchmark read auditReason= tracePath=[0:OPERATION:Merchant=query -> 1:REQUEST:Merchant= -> 2:PROVIDER:postgresql= -> 3:SQL:select=] mutationLineage=[]
SQL: -- TeaQL PLAIN
SELECT id, name, code, external_id AS externalId, task_life_hours AS taskLifeHours, version, platform FROM merchant_data WHERE (version > 0) AND (external_id = 'matched-merchant') LIMIT 1000 OFFSET 0
[TeaQL SQL][query][358us] 1 rows returned outcome=success batchOutcome=not_applicable comment=matched merchant read with relation purpose=matched benchmark read auditReason= tracePath=[0:OPERATION:Merchant=query -> 1:REQUEST:Merchant= -> 2:RELATION:platform=Merchant.platform -> 3:PROVIDER:postgresql= -> 4:SQL:select=] mutationLineage=[]
SQL: -- TeaQL PLAIN
SELECT id, create_time AS createTime, last_update_time AS lastUpdateTime, name, version FROM platform_data WHERE (version > 0) AND (id = 1) LIMIT 1 OFFSET 0
[TeaQL SQL][query][555us] 1 rows returned outcome=success batchOutcome=not_applicable comment=matched merchant read with relation purpose=matched benchmark read auditReason= tracePath=[0:OPERATION:Merchant=query -> 1:REQUEST:Merchant= -> 2:PROVIDER:postgresql= -> 3:SQL:select=] mutationLineage=[]
SQL: -- TeaQL PLAIN
SELECT id, name, code, external_id AS externalId, task_life_hours AS taskLifeHours, version, platform FROM merchant_data WHERE (version > 0) AND (external_id = 'matched-merchant') LIMIT 1000 OFFSET 0
[TeaQL SQL][query][409us] 1 rows returned outcome=success batchOutcome=not_applicable comment=matched merchant read with relation purpose=matched benchmark read auditReason= tracePath=[0:OPERATION:Merchant=query -> 1:REQUEST:Merchant= -> 2:RELATION:platform=Merchant.platform -> 3:PROVIDER:postgresql= -> 4:SQL:select=] mutationLineage=[]
SQL: -- TeaQL PLAIN
SELECT id, create_time AS createTime, last_update_time AS lastUpdateTime, name, version FROM platform_data WHERE (version > 0) AND (id = 1) LIMIT 1 OFFSET 0
[TeaQL SQL][query][451us] 1 rows returned outcome=success batchOutcome=not_applicable comment=matched merchant read with relation purpose=matched benchmark read auditReason= tracePath=[0:OPERATION:Merchant=query -> 1:REQUEST:Merchant= -> 2:PROVIDER:postgresql= -> 3:SQL:select=] mutationLineage=[]
SQL: -- TeaQL PLAIN
SELECT id, name, code, external_id AS externalId, task_life_hours AS taskLifeHours, version, platform FROM merchant_data WHERE (version > 0) AND (external_id = 'matched-merchant') LIMIT 1000 OFFSET 0
[TeaQL SQL][query][452us] 1 rows returned outcome=success batchOutcome=not_applicable comment=matched merchant read with relation purpose=matched benchmark read auditReason= tracePath=[0:OPERATION:Merchant=query -> 1:REQUEST:Merchant= -> 2:PROVIDER:postgresql= -> 3:SQL:select=] mutationLineage=[]
SQL: -- TeaQL PLAIN
SELECT id, name, code, external_id AS externalId, task_life_hours AS taskLifeHours, version, platform FROM merchant_data WHERE (version > 0) AND (external_id = 'matched-merchant') LIMIT 1000 OFFSET 0
[TeaQL SQL][query][373us] 1 rows returned outcome=success batchOutcome=not_applicable comment=matched merchant read with relation purpose=matched benchmark read auditReason= tracePath=[0:OPERATION:Merchant=query -> 1:REQUEST:Merchant= -> 2:RELATION:platform=Merchant.platform -> 3:PROVIDER:postgresql= -> 4:SQL:select=] mutationLineage=[]
SQL: -- TeaQL PLAIN
SELECT id, create_time AS createTime, last_update_time AS lastUpdateTime, name, version FROM platform_data WHERE (version > 0) AND (id = 1) LIMIT 1 OFFSET 0
[TeaQL SQL][query][336us] 1 rows returned outcome=success batchOutcome=not_applicable comment=matched merchant read with relation purpose=matched benchmark read auditReason= tracePath=[0:OPERATION:Merchant=query -> 1:REQUEST:Merchant= -> 2:RELATION:platform=Merchant.platform -> 3:PROVIDER:postgresql= -> 4:SQL:select=] mutationLineage=[]
SQL: -- TeaQL PLAIN
SELECT id, create_time AS createTime, last_update_time AS lastUpdateTime, name, version FROM platform_data WHERE (version > 0) AND (id = 1) LIMIT 1 OFFSET 0
[TeaQL SQL][query][298us] 1 rows returned outcome=success batchOutcome=not_applicable comment=matched merchant read with relation purpose=matched benchmark read auditReason= tracePath=[0:OPERATION:Merchant=query -> 1:REQUEST:Merchant= -> 2:PROVIDER:postgresql= -> 3:SQL:select=] mutationLineage=[]
SQL: -- TeaQL PLAIN
SELECT id, name, code, external_id AS externalId, task_life_hours AS taskLifeHours, version, platform FROM merchant_data WHERE (version > 0) AND (external_id = 'matched-merchant') LIMIT 1000 OFFSET 0
[TeaQL SQL][query][270us] 1 rows returned outcome=success batchOutcome=not_applicable comment=matched merchant read with relation purpose=matched benchmark read auditReason= tracePath=[0:OPERATION:Merchant=query -> 1:REQUEST:Merchant= -> 2:RELATION:platform=Merchant.platform -> 3:PROVIDER:postgresql= -> 4:SQL:select=] mutationLineage=[]
SQL: -- TeaQL PLAIN
SELECT id, create_time AS createTime, last_update_time AS lastUpdateTime, name, version FROM platform_data WHERE (version > 0) AND (id = 1) LIMIT 1 OFFSET 0
[TeaQL SQL][query][375us] 1 rows returned outcome=success batchOutcome=not_applicable comment=matched merchant read with relation purpose=matched benchmark read auditReason= tracePath=[0:OPERATION:Merchant=query -> 1:REQUEST:Merchant= -> 2:PROVIDER:postgresql= -> 3:SQL:select=] mutationLineage=[]
SQL: -- TeaQL PLAIN
SELECT id, name, code, external_id AS externalId, task_life_hours AS taskLifeHours, version, platform FROM merchant_data WHERE (version > 0) AND (external_id = 'matched-merchant') LIMIT 1000 OFFSET 0
[TeaQL SQL][query][309us] 1 rows returned outcome=success batchOutcome=not_applicable comment=matched merchant read with relation purpose=matched benchmark read auditReason= tracePath=[0:OPERATION:Merchant=query -> 1:REQUEST:Merchant= -> 2:RELATION:platform=Merchant.platform -> 3:PROVIDER:postgresql= -> 4:SQL:select=] mutationLineage=[]
SQL: -- TeaQL PLAIN
SELECT id, create_time AS createTime, last_update_time AS lastUpdateTime, name, version FROM platform_data WHERE (version > 0) AND (id = 1) LIMIT 1 OFFSET 0
[TeaQL SQL][query][269us] 1 rows returned outcome=success batchOutcome=not_applicable comment=matched merchant read with relation purpose=matched benchmark read auditReason= tracePath=[0:OPERATION:Merchant=query -> 1:REQUEST:Merchant= -> 2:PROVIDER:postgresql= -> 3:SQL:select=] mutationLineage=[]
SQL: -- TeaQL PLAIN
SELECT id, name, code, external_id AS externalId, task_life_hours AS taskLifeHours, version, platform FROM merchant_data WHERE (version > 0) AND (external_id = 'matched-merchant') LIMIT 1000 OFFSET 0
[TeaQL SQL][query][310us] 1 rows returned outcome=success batchOutcome=not_applicable comment=matched merchant read with relation purpose=matched benchmark read auditReason= tracePath=[0:OPERATION:Merchant=query -> 1:REQUEST:Merchant= -> 2:RELATION:platform=Merchant.platform -> 3:PROVIDER:postgresql= -> 4:SQL:select=] mutationLineage=[]
SQL: -- TeaQL PLAIN
SELECT id, create_time AS createTime, last_update_time AS lastUpdateTime, name, version FROM platform_data WHERE (version > 0) AND (id = 1) LIMIT 1 OFFSET 0
[TeaQL SQL][query][437us] 1 rows returned outcome=success batchOutcome=not_applicable comment=matched merchant read with relation purpose=matched benchmark read auditReason= tracePath=[0:OPERATION:Merchant=query -> 1:REQUEST:Merchant= -> 2:PROVIDER:postgresql= -> 3:SQL:select=] mutationLineage=[]
SQL: -- TeaQL PLAIN
SELECT id, name, code, external_id AS externalId, task_life_hours AS taskLifeHours, version, platform FROM merchant_data WHERE (version > 0) AND (external_id = 'matched-merchant') LIMIT 1000 OFFSET 0
[TeaQL SQL][query][433us] 1 rows returned outcome=success batchOutcome=not_applicable comment=matched merchant read with relation purpose=matched benchmark read auditReason= tracePath=[0:OPERATION:Merchant=query -> 1:REQUEST:Merchant= -> 2:RELATION:platform=Merchant.platform -> 3:PROVIDER:postgresql= -> 4:SQL:select=] mutationLineage=[]
SQL: -- TeaQL PLAIN
SELECT id, create_time AS createTime, last_update_time AS lastUpdateTime, name, version FROM platform_data WHERE (version > 0) AND (id = 1) LIMIT 1 OFFSET 0
[TeaQL SQL][query][442us] 1 rows returned outcome=success batchOutcome=not_applicable comment=matched merchant read with relation purpose=matched benchmark read auditReason= tracePath=[0:OPERATION:Merchant=query -> 1:REQUEST:Merchant= -> 2:PROVIDER:postgresql= -> 3:SQL:select=] mutationLineage=[]
SQL: -- TeaQL PLAIN
SELECT id, name, code, external_id AS externalId, task_life_hours AS taskLifeHours, version, platform FROM merchant_data WHERE (version > 0) AND (external_id = 'matched-merchant') LIMIT 1000 OFFSET 0
[TeaQL SQL][query][428us] 1 rows returned outcome=success batchOutcome=not_applicable comment=matched merchant read with relation purpose=matched benchmark read auditReason= tracePath=[0:OPERATION:Merchant=query -> 1:REQUEST:Merchant= -> 2:RELATION:platform=Merchant.platform -> 3:PROVIDER:postgresql= -> 4:SQL:select=] mutationLineage=[]
SQL: -- TeaQL PLAIN
SELECT id, create_time AS createTime, last_update_time AS lastUpdateTime, name, version FROM platform_data WHERE (version > 0) AND (id = 1) LIMIT 1 OFFSET 0
[TeaQL SQL][query][351us] 1 rows returned outcome=success batchOutcome=not_applicable comment=matched merchant read with relation purpose=matched benchmark read auditReason= tracePath=[0:OPERATION:Merchant=query -> 1:REQUEST:Merchant= -> 2:PROVIDER:postgresql= -> 3:SQL:select=] mutationLineage=[]
SQL: -- TeaQL PLAIN
SELECT id, name, code, external_id AS externalId, task_life_hours AS taskLifeHours, version, platform FROM merchant_data WHERE (version > 0) AND (external_id = 'matched-merchant') LIMIT 1000 OFFSET 0
[TeaQL SQL][query][281us] 1 rows returned outcome=success batchOutcome=not_applicable comment=matched merchant read with relation purpose=matched benchmark read auditReason= tracePath=[0:OPERATION:Merchant=query -> 1:REQUEST:Merchant= -> 2:RELATION:platform=Merchant.platform -> 3:PROVIDER:postgresql= -> 4:SQL:select=] mutationLineage=[]
SQL: -- TeaQL PLAIN
SELECT id, create_time AS createTime, last_update_time AS lastUpdateTime, name, version FROM platform_data WHERE (version > 0) AND (id = 1) LIMIT 1 OFFSET 0
[TeaQL SQL][query][292us] 1 rows returned outcome=success batchOutcome=not_applicable comment=matched merchant read with relation purpose=matched benchmark read auditReason= tracePath=[0:OPERATION:Merchant=query -> 1:REQUEST:Merchant= -> 2:PROVIDER:postgresql= -> 3:SQL:select=] mutationLineage=[]
SQL: -- TeaQL PLAIN
SELECT id, name, code, external_id AS externalId, task_life_hours AS taskLifeHours, version, platform FROM merchant_data WHERE (version > 0) AND (external_id = 'matched-merchant') LIMIT 1000 OFFSET 0
[TeaQL SQL][query][263us] 1 rows returned outcome=success batchOutcome=not_applicable comment=matched merchant read with relation purpose=matched benchmark read auditReason= tracePath=[0:OPERATION:Merchant=query -> 1:REQUEST:Merchant= -> 2:RELATION:platform=Merchant.platform -> 3:PROVIDER:postgresql= -> 4:SQL:select=] mutationLineage=[]
SQL: -- TeaQL PLAIN
SELECT id, create_time AS createTime, last_update_time AS lastUpdateTime, name, version FROM platform_data WHERE (version > 0) AND (id = 1) LIMIT 1 OFFSET 0
[TeaQL SQL][query][282us] 1 rows returned outcome=success batchOutcome=not_applicable comment=matched merchant read with relation purpose=matched benchmark read auditReason= tracePath=[0:OPERATION:Merchant=query -> 1:REQUEST:Merchant= -> 2:PROVIDER:postgresql= -> 3:SQL:select=] mutationLineage=[]
SQL: -- TeaQL PLAIN
SELECT id, name, code, external_id AS externalId, task_life_hours AS taskLifeHours, version, platform FROM merchant_data WHERE (version > 0) AND (external_id = 'matched-merchant') LIMIT 1000 OFFSET 0
[TeaQL SQL][query][269us] 1 rows returned outcome=success batchOutcome=not_applicable comment=matched merchant read with relation purpose=matched benchmark read auditReason= tracePath=[0:OPERATION:Merchant=query -> 1:REQUEST:Merchant= -> 2:RELATION:platform=Merchant.platform -> 3:PROVIDER:postgresql= -> 4:SQL:select=] mutationLineage=[]
SQL: -- TeaQL PLAIN
SELECT id, create_time AS createTime, last_update_time AS lastUpdateTime, name, version FROM platform_data WHERE (version > 0) AND (id = 1) LIMIT 1 OFFSET 0
[TeaQL SQL][query][435us] 1 rows returned outcome=success batchOutcome=not_applicable comment=matched merchant read with relation purpose=matched benchmark read auditReason= tracePath=[0:OPERATION:Merchant=query -> 1:REQUEST:Merchant= -> 2:PROVIDER:postgresql= -> 3:SQL:select=] mutationLineage=[]
SQL: -- TeaQL PLAIN
SELECT id, name, code, external_id AS externalId, task_life_hours AS taskLifeHours, version, platform FROM merchant_data WHERE (version > 0) AND (external_id = 'matched-merchant') LIMIT 1000 OFFSET 0
[TeaQL SQL][query][327us] 1 rows returned outcome=success batchOutcome=not_applicable comment=matched merchant read with relation purpose=matched benchmark read auditReason= tracePath=[0:OPERATION:Merchant=query -> 1:REQUEST:Merchant= -> 2:RELATION:platform=Merchant.platform -> 3:PROVIDER:postgresql= -> 4:SQL:select=] mutationLineage=[]
SQL: -- TeaQL PLAIN
SELECT id, create_time AS createTime, last_update_time AS lastUpdateTime, name, version FROM platform_data WHERE (version > 0) AND (id = 1) LIMIT 1 OFFSET 0
[TeaQL SQL][query][369us] 1 rows returned outcome=success batchOutcome=not_applicable comment=matched merchant read with relation purpose=matched benchmark read auditReason= tracePath=[0:OPERATION:Merchant=query -> 1:REQUEST:Merchant= -> 2:PROVIDER:postgresql= -> 3:SQL:select=] mutationLineage=[]
SQL: -- TeaQL PLAIN
SELECT id, name, code, external_id AS externalId, task_life_hours AS taskLifeHours, version, platform FROM merchant_data WHERE (version > 0) AND (external_id = 'matched-merchant') LIMIT 1000 OFFSET 0
[TeaQL SQL][query][279us] 1 rows returned outcome=success batchOutcome=not_applicable comment=matched merchant read with relation purpose=matched benchmark read auditReason= tracePath=[0:OPERATION:Merchant=query -> 1:REQUEST:Merchant= -> 2:RELATION:platform=Merchant.platform -> 3:PROVIDER:postgresql= -> 4:SQL:select=] mutationLineage=[]
SQL: -- TeaQL PLAIN
SELECT id, create_time AS createTime, last_update_time AS lastUpdateTime, name, version FROM platform_data WHERE (version > 0) AND (id = 1) LIMIT 1 OFFSET 0
[TeaQL SQL][query][328us] 1 rows returned outcome=success batchOutcome=not_applicable comment=matched merchant read with relation purpose=matched benchmark read auditReason= tracePath=[0:OPERATION:Merchant=query -> 1:REQUEST:Merchant= -> 2:PROVIDER:postgresql= -> 3:SQL:select=] mutationLineage=[]
SQL: -- TeaQL PLAIN
SELECT id, name, code, external_id AS externalId, task_life_hours AS taskLifeHours, version, platform FROM merchant_data WHERE (version > 0) AND (external_id = 'matched-merchant') LIMIT 1000 OFFSET 0
[TeaQL SQL][query][256us] 1 rows returned outcome=success batchOutcome=not_applicable comment=matched merchant read with relation purpose=matched benchmark read auditReason= tracePath=[0:OPERATION:Merchant=query -> 1:REQUEST:Merchant= -> 2:RELATION:platform=Merchant.platform -> 3:PROVIDER:postgresql= -> 4:SQL:select=] mutationLineage=[]
SQL: -- TeaQL PLAIN
SELECT id, create_time AS createTime, last_update_time AS lastUpdateTime, name, version FROM platform_data WHERE (version > 0) AND (id = 1) LIMIT 1 OFFSET 0
[TeaQL SQL][query][323us] 1 rows returned outcome=success batchOutcome=not_applicable comment=matched merchant read with relation purpose=matched benchmark read auditReason= tracePath=[0:OPERATION:Merchant=query -> 1:REQUEST:Merchant= -> 2:PROVIDER:postgresql= -> 3:SQL:select=] mutationLineage=[]
SQL: -- TeaQL PLAIN
SELECT id, name, code, external_id AS externalId, task_life_hours AS taskLifeHours, version, platform FROM merchant_data WHERE (version > 0) AND (external_id = 'matched-merchant') LIMIT 1000 OFFSET 0
[TeaQL SQL][query][309us] 1 rows returned outcome=success batchOutcome=not_applicable comment=matched merchant read with relation purpose=matched benchmark read auditReason= tracePath=[0:OPERATION:Merchant=query -> 1:REQUEST:Merchant= -> 2:RELATION:platform=Merchant.platform -> 3:PROVIDER:postgresql= -> 4:SQL:select=] mutationLineage=[]
SQL: -- TeaQL PLAIN
SELECT id, create_time AS createTime, last_update_time AS lastUpdateTime, name, version FROM platform_data WHERE (version > 0) AND (id = 1) LIMIT 1 OFFSET 0
[TeaQL SQL][query][308us] 1 rows returned outcome=success batchOutcome=not_applicable comment=matched merchant read with relation purpose=matched benchmark read auditReason= tracePath=[0:OPERATION:Merchant=query -> 1:REQUEST:Merchant= -> 2:PROVIDER:postgresql= -> 3:SQL:select=] mutationLineage=[]
SQL: -- TeaQL PLAIN
SELECT id, name, code, external_id AS externalId, task_life_hours AS taskLifeHours, version, platform FROM merchant_data WHERE (version > 0) AND (external_id = 'matched-merchant') LIMIT 1000 OFFSET 0
[TeaQL SQL][query][271us] 1 rows returned outcome=success batchOutcome=not_applicable comment=matched merchant read with relation purpose=matched benchmark read auditReason= tracePath=[0:OPERATION:Merchant=query -> 1:REQUEST:Merchant= -> 2:RELATION:platform=Merchant.platform -> 3:PROVIDER:postgresql= -> 4:SQL:select=] mutationLineage=[]
SQL: -- TeaQL PLAIN
SELECT id, create_time AS createTime, last_update_time AS lastUpdateTime, name, version FROM platform_data WHERE (version > 0) AND (id = 1) LIMIT 1 OFFSET 0
[TeaQL SQL][query][311us] 1 rows returned outcome=success batchOutcome=not_applicable comment=matched merchant read with relation purpose=matched benchmark read auditReason= tracePath=[0:OPERATION:Merchant=query -> 1:REQUEST:Merchant= -> 2:PROVIDER:postgresql= -> 3:SQL:select=] mutationLineage=[]
SQL: -- TeaQL PLAIN
SELECT id, name, code, external_id AS externalId, task_life_hours AS taskLifeHours, version, platform FROM merchant_data WHERE (version > 0) AND (external_id = 'matched-merchant') LIMIT 1000 OFFSET 0
[TeaQL SQL][query][298us] 1 rows returned outcome=success batchOutcome=not_applicable comment=matched merchant read with relation purpose=matched benchmark read auditReason= tracePath=[0:OPERATION:Merchant=query -> 1:REQUEST:Merchant= -> 2:RELATION:platform=Merchant.platform -> 3:PROVIDER:postgresql= -> 4:SQL:select=] mutationLineage=[]
SQL: -- TeaQL PLAIN
SELECT id, create_time AS createTime, last_update_time AS lastUpdateTime, name, version FROM platform_data WHERE (version > 0) AND (id = 1) LIMIT 1 OFFSET 0
[TeaQL SQL][query][460us] 1 rows returned outcome=success batchOutcome=not_applicable comment=matched merchant read with relation purpose=matched benchmark read auditReason= tracePath=[0:OPERATION:Merchant=query -> 1:REQUEST:Merchant= -> 2:PROVIDER:postgresql= -> 3:SQL:select=] mutationLineage=[]
SQL: -- TeaQL PLAIN
SELECT id, name, code, external_id AS externalId, task_life_hours AS taskLifeHours, version, platform FROM merchant_data WHERE (version > 0) AND (external_id = 'matched-merchant') LIMIT 1000 OFFSET 0
[TeaQL SQL][query][460us] 1 rows returned outcome=success batchOutcome=not_applicable comment=matched merchant read with relation purpose=matched benchmark read auditReason= tracePath=[0:OPERATION:Merchant=query -> 1:REQUEST:Merchant= -> 2:PROVIDER:postgresql= -> 3:SQL:select=] mutationLineage=[]
SQL: -- TeaQL PLAIN
SELECT id, name, code, external_id AS externalId, task_life_hours AS taskLifeHours, version, platform FROM merchant_data WHERE (version > 0) AND (external_id = 'matched-merchant') LIMIT 1000 OFFSET 0
[TeaQL SQL][query][306us] 1 rows returned outcome=success batchOutcome=not_applicable comment=matched merchant read with relation purpose=matched benchmark read auditReason= tracePath=[0:OPERATION:Merchant=query -> 1:REQUEST:Merchant= -> 2:PROVIDER:postgresql= -> 3:SQL:select=] mutationLineage=[]
SQL: -- TeaQL PLAIN
SELECT id, name, code, external_id AS externalId, task_life_hours AS taskLifeHours, version, platform FROM merchant_data WHERE (version > 0) AND (external_id = 'matched-merchant') LIMIT 1000 OFFSET 0
[TeaQL SQL][query][292us] 1 rows returned outcome=success batchOutcome=not_applicable comment=matched merchant read with relation purpose=matched benchmark read auditReason= tracePath=[0:OPERATION:Merchant=query -> 1:REQUEST:Merchant= -> 2:RELATION:platform=Merchant.platform -> 3:PROVIDER:postgresql= -> 4:SQL:select=] mutationLineage=[]
SQL: -- TeaQL PLAIN
SELECT id, create_time AS createTime, last_update_time AS lastUpdateTime, name, version FROM platform_data WHERE (version > 0) AND (id = 1) LIMIT 1 OFFSET 0
[TeaQL SQL][query][307us] 1 rows returned outcome=success batchOutcome=not_applicable comment=matched merchant read with relation purpose=matched benchmark read auditReason= tracePath=[0:OPERATION:Merchant=query -> 1:REQUEST:Merchant= -> 2:RELATION:platform=Merchant.platform -> 3:PROVIDER:postgresql= -> 4:SQL:select=] mutationLineage=[]
SQL: -- TeaQL PLAIN
SELECT id, create_time AS createTime, last_update_time AS lastUpdateTime, name, version FROM platform_data WHERE (version > 0) AND (id = 1) LIMIT 1 OFFSET 0
[TeaQL SQL][query][339us] 1 rows returned outcome=success batchOutcome=not_applicable comment=matched merchant read with relation purpose=matched benchmark read auditReason= tracePath=[0:OPERATION:Merchant=query -> 1:REQUEST:Merchant= -> 2:RELATION:platform=Merchant.platform -> 3:PROVIDER:postgresql= -> 4:SQL:select=] mutationLineage=[]
SQL: -- TeaQL PLAIN
SELECT id, create_time AS createTime, last_update_time AS lastUpdateTime, name, version FROM platform_data WHERE (version > 0) AND (id = 1) LIMIT 1 OFFSET 0
[TeaQL SQL][query][376us] 1 rows returned outcome=success batchOutcome=not_applicable comment=matched merchant read with relation purpose=matched benchmark read auditReason= tracePath=[0:OPERATION:Merchant=query -> 1:REQUEST:Merchant= -> 2:PROVIDER:postgresql= -> 3:SQL:select=] mutationLineage=[]
SQL: -- TeaQL PLAIN
SELECT id, name, code, external_id AS externalId, task_life_hours AS taskLifeHours, version, platform FROM merchant_data WHERE (version > 0) AND (external_id = 'matched-merchant') LIMIT 1000 OFFSET 0
[TeaQL SQL][query][343us] 1 rows returned outcome=success batchOutcome=not_applicable comment=matched merchant read with relation purpose=matched benchmark read auditReason= tracePath=[0:OPERATION:Merchant=query -> 1:REQUEST:Merchant= -> 2:RELATION:platform=Merchant.platform -> 3:PROVIDER:postgresql= -> 4:SQL:select=] mutationLineage=[]
SQL: -- TeaQL PLAIN
SELECT id, create_time AS createTime, last_update_time AS lastUpdateTime, name, version FROM platform_data WHERE (version > 0) AND (id = 1) LIMIT 1 OFFSET 0
[TeaQL SQL][query][279us] 1 rows returned outcome=success batchOutcome=not_applicable comment=matched merchant read with relation purpose=matched benchmark read auditReason= tracePath=[0:OPERATION:Merchant=query -> 1:REQUEST:Merchant= -> 2:PROVIDER:postgresql= -> 3:SQL:select=] mutationLineage=[]
SQL: -- TeaQL PLAIN
SELECT id, name, code, external_id AS externalId, task_life_hours AS taskLifeHours, version, platform FROM merchant_data WHERE (version > 0) AND (external_id = 'matched-merchant') LIMIT 1000 OFFSET 0
[TeaQL SQL][query][252us] 1 rows returned outcome=success batchOutcome=not_applicable comment=matched merchant read with relation purpose=matched benchmark read auditReason= tracePath=[0:OPERATION:Merchant=query -> 1:REQUEST:Merchant= -> 2:RELATION:platform=Merchant.platform -> 3:PROVIDER:postgresql= -> 4:SQL:select=] mutationLineage=[]
SQL: -- TeaQL PLAIN
SELECT id, create_time AS createTime, last_update_time AS lastUpdateTime, name, version FROM platform_data WHERE (version > 0) AND (id = 1) LIMIT 1 OFFSET 0
[TeaQL SQL][query][421us] 1 rows returned outcome=success batchOutcome=not_applicable comment=matched merchant read with relation purpose=matched benchmark read auditReason= tracePath=[0:OPERATION:Merchant=query -> 1:REQUEST:Merchant= -> 2:PROVIDER:postgresql= -> 3:SQL:select=] mutationLineage=[]
SQL: -- TeaQL PLAIN
SELECT id, name, code, external_id AS externalId, task_life_hours AS taskLifeHours, version, platform FROM merchant_data WHERE (version > 0) AND (external_id = 'matched-merchant') LIMIT 1000 OFFSET 0
[TeaQL SQL][query][410us] 1 rows returned outcome=success batchOutcome=not_applicable comment=matched merchant read with relation purpose=matched benchmark read auditReason= tracePath=[0:OPERATION:Merchant=query -> 1:REQUEST:Merchant= -> 2:PROVIDER:postgresql= -> 3:SQL:select=] mutationLineage=[]
SQL: -- TeaQL PLAIN
SELECT id, name, code, external_id AS externalId, task_life_hours AS taskLifeHours, version, platform FROM merchant_data WHERE (version > 0) AND (external_id = 'matched-merchant') LIMIT 1000 OFFSET 0
[TeaQL SQL][query][304us] 1 rows returned outcome=success batchOutcome=not_applicable comment=matched merchant read with relation purpose=matched benchmark read auditReason= tracePath=[0:OPERATION:Merchant=query -> 1:REQUEST:Merchant= -> 2:RELATION:platform=Merchant.platform -> 3:PROVIDER:postgresql= -> 4:SQL:select=] mutationLineage=[]
SQL: -- TeaQL PLAIN
SELECT id, create_time AS createTime, last_update_time AS lastUpdateTime, name, version FROM platform_data WHERE (version > 0) AND (id = 1) LIMIT 1 OFFSET 0
[TeaQL SQL][query][285us] 1 rows returned outcome=success batchOutcome=not_applicable comment=matched merchant read with relation purpose=matched benchmark read auditReason= tracePath=[0:OPERATION:Merchant=query -> 1:REQUEST:Merchant= -> 2:RELATION:platform=Merchant.platform -> 3:PROVIDER:postgresql= -> 4:SQL:select=] mutationLineage=[]
SQL: -- TeaQL PLAIN
SELECT id, create_time AS createTime, last_update_time AS lastUpdateTime, name, version FROM platform_data WHERE (version > 0) AND (id = 1) LIMIT 1 OFFSET 0
[TeaQL SQL][query][470us] 1 rows returned outcome=success batchOutcome=not_applicable comment=matched merchant read with relation purpose=matched benchmark read auditReason= tracePath=[0:OPERATION:Merchant=query -> 1:REQUEST:Merchant= -> 2:PROVIDER:postgresql= -> 3:SQL:select=] mutationLineage=[]
SQL: -- TeaQL PLAIN
SELECT id, name, code, external_id AS externalId, task_life_hours AS taskLifeHours, version, platform FROM merchant_data WHERE (version > 0) AND (external_id = 'matched-merchant') LIMIT 1000 OFFSET 0
[TeaQL SQL][query][310us] 1 rows returned outcome=success batchOutcome=not_applicable comment=matched merchant read with relation purpose=matched benchmark read auditReason= tracePath=[0:OPERATION:Merchant=query -> 1:REQUEST:Merchant= -> 2:PROVIDER:postgresql= -> 3:SQL:select=] mutationLineage=[]
SQL: -- TeaQL PLAIN
SELECT id, name, code, external_id AS externalId, task_life_hours AS taskLifeHours, version, platform FROM merchant_data WHERE (version > 0) AND (external_id = 'matched-merchant') LIMIT 1000 OFFSET 0
[TeaQL SQL][query][347us] 1 rows returned outcome=success batchOutcome=not_applicable comment=matched merchant read with relation purpose=matched benchmark read auditReason= tracePath=[0:OPERATION:Merchant=query -> 1:REQUEST:Merchant= -> 2:RELATION:platform=Merchant.platform -> 3:PROVIDER:postgresql= -> 4:SQL:select=] mutationLineage=[]
SQL: -- TeaQL PLAIN
SELECT id, create_time AS createTime, last_update_time AS lastUpdateTime, name, version FROM platform_data WHERE (version > 0) AND (id = 1) LIMIT 1 OFFSET 0
[TeaQL SQL][query][276us] 1 rows returned outcome=success batchOutcome=not_applicable comment=matched merchant read with relation purpose=matched benchmark read auditReason= tracePath=[0:OPERATION:Merchant=query -> 1:REQUEST:Merchant= -> 2:RELATION:platform=Merchant.platform -> 3:PROVIDER:postgresql= -> 4:SQL:select=] mutationLineage=[]
SQL: -- TeaQL PLAIN
SELECT id, create_time AS createTime, last_update_time AS lastUpdateTime, name, version FROM platform_data WHERE (version > 0) AND (id = 1) LIMIT 1 OFFSET 0
[TeaQL SQL][query][285us] 1 rows returned outcome=success batchOutcome=not_applicable comment=matched merchant read with relation purpose=matched benchmark read auditReason= tracePath=[0:OPERATION:Merchant=query -> 1:REQUEST:Merchant= -> 2:PROVIDER:postgresql= -> 3:SQL:select=] mutationLineage=[]
SQL: -- TeaQL PLAIN
SELECT id, name, code, external_id AS externalId, task_life_hours AS taskLifeHours, version, platform FROM merchant_data WHERE (version > 0) AND (external_id = 'matched-merchant') LIMIT 1000 OFFSET 0
[TeaQL SQL][query][319us] 1 rows returned outcome=success batchOutcome=not_applicable comment=matched merchant read with relation purpose=matched benchmark read auditReason= tracePath=[0:OPERATION:Merchant=query -> 1:REQUEST:Merchant= -> 2:RELATION:platform=Merchant.platform -> 3:PROVIDER:postgresql= -> 4:SQL:select=] mutationLineage=[]
SQL: -- TeaQL PLAIN
SELECT id, create_time AS createTime, last_update_time AS lastUpdateTime, name, version FROM platform_data WHERE (version > 0) AND (id = 1) LIMIT 1 OFFSET 0
[TeaQL SQL][query][318us] 1 rows returned outcome=success batchOutcome=not_applicable comment=matched merchant read with relation purpose=matched benchmark read auditReason= tracePath=[0:OPERATION:Merchant=query -> 1:REQUEST:Merchant= -> 2:PROVIDER:postgresql= -> 3:SQL:select=] mutationLineage=[]
SQL: -- TeaQL PLAIN
SELECT id, name, code, external_id AS externalId, task_life_hours AS taskLifeHours, version, platform FROM merchant_data WHERE (version > 0) AND (external_id = 'matched-merchant') LIMIT 1000 OFFSET 0
[TeaQL SQL][query][293us] 1 rows returned outcome=success batchOutcome=not_applicable comment=matched merchant read with relation purpose=matched benchmark read auditReason= tracePath=[0:OPERATION:Merchant=query -> 1:REQUEST:Merchant= -> 2:RELATION:platform=Merchant.platform -> 3:PROVIDER:postgresql= -> 4:SQL:select=] mutationLineage=[]
SQL: -- TeaQL PLAIN
SELECT id, create_time AS createTime, last_update_time AS lastUpdateTime, name, version FROM platform_data WHERE (version > 0) AND (id = 1) LIMIT 1 OFFSET 0
[TeaQL SQL][query][491us] 1 rows returned outcome=success batchOutcome=not_applicable comment=matched merchant read with relation purpose=matched benchmark read auditReason= tracePath=[0:OPERATION:Merchant=query -> 1:REQUEST:Merchant= -> 2:PROVIDER:postgresql= -> 3:SQL:select=] mutationLineage=[]
SQL: -- TeaQL PLAIN
SELECT id, name, code, external_id AS externalId, task_life_hours AS taskLifeHours, version, platform FROM merchant_data WHERE (version > 0) AND (external_id = 'matched-merchant') LIMIT 1000 OFFSET 0
[TeaQL SQL][query][492us] 1 rows returned outcome=success batchOutcome=not_applicable comment=matched merchant read with relation purpose=matched benchmark read auditReason= tracePath=[0:OPERATION:Merchant=query -> 1:REQUEST:Merchant= -> 2:PROVIDER:postgresql= -> 3:SQL:select=] mutationLineage=[]
SQL: -- TeaQL PLAIN
SELECT id, name, code, external_id AS externalId, task_life_hours AS taskLifeHours, version, platform FROM merchant_data WHERE (version > 0) AND (external_id = 'matched-merchant') LIMIT 1000 OFFSET 0
[TeaQL SQL][query][617us] 1 rows returned outcome=success batchOutcome=not_applicable comment=matched merchant read with relation purpose=matched benchmark read auditReason= tracePath=[0:OPERATION:Merchant=query -> 1:REQUEST:Merchant= -> 2:RELATION:platform=Merchant.platform -> 3:PROVIDER:postgresql= -> 4:SQL:select=] mutationLineage=[]
SQL: -- TeaQL PLAIN
SELECT id, create_time AS createTime, last_update_time AS lastUpdateTime, name, version FROM platform_data WHERE (version > 0) AND (id = 1) LIMIT 1 OFFSET 0
[TeaQL SQL][query][877us] 1 rows returned outcome=success batchOutcome=not_applicable comment=matched merchant read with relation purpose=matched benchmark read auditReason= tracePath=[0:OPERATION:Merchant=query -> 1:REQUEST:Merchant= -> 2:RELATION:platform=Merchant.platform -> 3:PROVIDER:postgresql= -> 4:SQL:select=] mutationLineage=[]
SQL: -- TeaQL PLAIN
SELECT id, create_time AS createTime, last_update_time AS lastUpdateTime, name, version FROM platform_data WHERE (version > 0) AND (id = 1) LIMIT 1 OFFSET 0
[TeaQL SQL][query][318us] 1 rows returned outcome=success batchOutcome=not_applicable comment=matched merchant read with relation purpose=matched benchmark read auditReason= tracePath=[0:OPERATION:Merchant=query -> 1:REQUEST:Merchant= -> 2:PROVIDER:postgresql= -> 3:SQL:select=] mutationLineage=[]
SQL: -- TeaQL PLAIN
SELECT id, name, code, external_id AS externalId, task_life_hours AS taskLifeHours, version, platform FROM merchant_data WHERE (version > 0) AND (external_id = 'matched-merchant') LIMIT 1000 OFFSET 0
[TeaQL SQL][query][339us] 1 rows returned outcome=success batchOutcome=not_applicable comment=matched merchant read with relation purpose=matched benchmark read auditReason= tracePath=[0:OPERATION:Merchant=query -> 1:REQUEST:Merchant= -> 2:RELATION:platform=Merchant.platform -> 3:PROVIDER:postgresql= -> 4:SQL:select=] mutationLineage=[]
SQL: -- TeaQL PLAIN
SELECT id, create_time AS createTime, last_update_time AS lastUpdateTime, name, version FROM platform_data WHERE (version > 0) AND (id = 1) LIMIT 1 OFFSET 0
[TeaQL SQL][query][469us] 1 rows returned outcome=success batchOutcome=not_applicable comment=matched merchant read with relation purpose=matched benchmark read auditReason= tracePath=[0:OPERATION:Merchant=query -> 1:REQUEST:Merchant= -> 2:PROVIDER:postgresql= -> 3:SQL:select=] mutationLineage=[]
SQL: -- TeaQL PLAIN
SELECT id, name, code, external_id AS externalId, task_life_hours AS taskLifeHours, version, platform FROM merchant_data WHERE (version > 0) AND (external_id = 'matched-merchant') LIMIT 1000 OFFSET 0
[TeaQL SQL][query][269us] 1 rows returned outcome=success batchOutcome=not_applicable comment=matched merchant read with relation purpose=matched benchmark read auditReason= tracePath=[0:OPERATION:Merchant=query -> 1:REQUEST:Merchant= -> 2:RELATION:platform=Merchant.platform -> 3:PROVIDER:postgresql= -> 4:SQL:select=] mutationLineage=[]
SQL: -- TeaQL PLAIN
SELECT id, create_time AS createTime, last_update_time AS lastUpdateTime, name, version FROM platform_data WHERE (version > 0) AND (id = 1) LIMIT 1 OFFSET 0
[TeaQL SQL][query][296us] 1 rows returned outcome=success batchOutcome=not_applicable comment=matched merchant read with relation purpose=matched benchmark read auditReason= tracePath=[0:OPERATION:Merchant=query -> 1:REQUEST:Merchant= -> 2:PROVIDER:postgresql= -> 3:SQL:select=] mutationLineage=[]
SQL: -- TeaQL PLAIN
SELECT id, name, code, external_id AS externalId, task_life_hours AS taskLifeHours, version, platform FROM merchant_data WHERE (version > 0) AND (external_id = 'matched-merchant') LIMIT 1000 OFFSET 0
[TeaQL SQL][query][277us] 1 rows returned outcome=success batchOutcome=not_applicable comment=matched merchant read with relation purpose=matched benchmark read auditReason= tracePath=[0:OPERATION:Merchant=query -> 1:REQUEST:Merchant= -> 2:RELATION:platform=Merchant.platform -> 3:PROVIDER:postgresql= -> 4:SQL:select=] mutationLineage=[]
SQL: -- TeaQL PLAIN
SELECT id, create_time AS createTime, last_update_time AS lastUpdateTime, name, version FROM platform_data WHERE (version > 0) AND (id = 1) LIMIT 1 OFFSET 0
[TeaQL SQL][query][260us] 1 rows returned outcome=success batchOutcome=not_applicable comment=matched merchant read with relation purpose=matched benchmark read auditReason= tracePath=[0:OPERATION:Merchant=query -> 1:REQUEST:Merchant= -> 2:PROVIDER:postgresql= -> 3:SQL:select=] mutationLineage=[]
SQL: -- TeaQL PLAIN
SELECT id, name, code, external_id AS externalId, task_life_hours AS taskLifeHours, version, platform FROM merchant_data WHERE (version > 0) AND (external_id = 'matched-merchant') LIMIT 1000 OFFSET 0
[TeaQL SQL][query][278us] 1 rows returned outcome=success batchOutcome=not_applicable comment=matched merchant read with relation purpose=matched benchmark read auditReason= tracePath=[0:OPERATION:Merchant=query -> 1:REQUEST:Merchant= -> 2:RELATION:platform=Merchant.platform -> 3:PROVIDER:postgresql= -> 4:SQL:select=] mutationLineage=[]
SQL: -- TeaQL PLAIN
SELECT id, create_time AS createTime, last_update_time AS lastUpdateTime, name, version FROM platform_data WHERE (version > 0) AND (id = 1) LIMIT 1 OFFSET 0
[TeaQL SQL][query][429us] 1 rows returned outcome=success batchOutcome=not_applicable comment=matched merchant read with relation purpose=matched benchmark read auditReason= tracePath=[0:OPERATION:Merchant=query -> 1:REQUEST:Merchant= -> 2:PROVIDER:postgresql= -> 3:SQL:select=] mutationLineage=[]
SQL: -- TeaQL PLAIN
SELECT id, name, code, external_id AS externalId, task_life_hours AS taskLifeHours, version, platform FROM merchant_data WHERE (version > 0) AND (external_id = 'matched-merchant') LIMIT 1000 OFFSET 0
[TeaQL SQL][query][346us] 1 rows returned outcome=success batchOutcome=not_applicable comment=matched merchant read with relation purpose=matched benchmark read auditReason= tracePath=[0:OPERATION:Merchant=query -> 1:REQUEST:Merchant= -> 2:RELATION:platform=Merchant.platform -> 3:PROVIDER:postgresql= -> 4:SQL:select=] mutationLineage=[]
SQL: -- TeaQL PLAIN
SELECT id, create_time AS createTime, last_update_time AS lastUpdateTime, name, version FROM platform_data WHERE (version > 0) AND (id = 1) LIMIT 1 OFFSET 0
[TeaQL SQL][query][347us] 1 rows returned outcome=success batchOutcome=not_applicable comment=matched merchant read with relation purpose=matched benchmark read auditReason= tracePath=[0:OPERATION:Merchant=query -> 1:REQUEST:Merchant= -> 2:PROVIDER:postgresql= -> 3:SQL:select=] mutationLineage=[]
SQL: -- TeaQL PLAIN
SELECT id, name, code, external_id AS externalId, task_life_hours AS taskLifeHours, version, platform FROM merchant_data WHERE (version > 0) AND (external_id = 'matched-merchant') LIMIT 1000 OFFSET 0
[TeaQL SQL][query][268us] 1 rows returned outcome=success batchOutcome=not_applicable comment=matched merchant read with relation purpose=matched benchmark read auditReason= tracePath=[0:OPERATION:Merchant=query -> 1:REQUEST:Merchant= -> 2:PROVIDER:postgresql= -> 3:SQL:select=] mutationLineage=[]
SQL: -- TeaQL PLAIN
SELECT id, name, code, external_id AS externalId, task_life_hours AS taskLifeHours, version, platform FROM merchant_data WHERE (version > 0) AND (external_id = 'matched-merchant') LIMIT 1000 OFFSET 0
[TeaQL SQL][query][265us] 1 rows returned outcome=success batchOutcome=not_applicable comment=matched merchant read with relation purpose=matched benchmark read auditReason= tracePath=[0:OPERATION:Merchant=query -> 1:REQUEST:Merchant= -> 2:RELATION:platform=Merchant.platform -> 3:PROVIDER:postgresql= -> 4:SQL:select=] mutationLineage=[]
SQL: -- TeaQL PLAIN
SELECT id, create_time AS createTime, last_update_time AS lastUpdateTime, name, version FROM platform_data WHERE (version > 0) AND (id = 1) LIMIT 1 OFFSET 0
[TeaQL SQL][query][218us] 1 rows returned outcome=success batchOutcome=not_applicable comment=matched merchant read with relation purpose=matched benchmark read auditReason= tracePath=[0:OPERATION:Merchant=query -> 1:REQUEST:Merchant= -> 2:RELATION:platform=Merchant.platform -> 3:PROVIDER:postgresql= -> 4:SQL:select=] mutationLineage=[]
SQL: -- TeaQL PLAIN
SELECT id, create_time AS createTime, last_update_time AS lastUpdateTime, name, version FROM platform_data WHERE (version > 0) AND (id = 1) LIMIT 1 OFFSET 0
[TeaQL SQL][query][295us] 1 rows returned outcome=success batchOutcome=not_applicable comment=matched merchant read with relation purpose=matched benchmark read auditReason= tracePath=[0:OPERATION:Merchant=query -> 1:REQUEST:Merchant= -> 2:PROVIDER:postgresql= -> 3:SQL:select=] mutationLineage=[]
SQL: -- TeaQL PLAIN
SELECT id, name, code, external_id AS externalId, task_life_hours AS taskLifeHours, version, platform FROM merchant_data WHERE (version > 0) AND (external_id = 'matched-merchant') LIMIT 1000 OFFSET 0
[TeaQL SQL][query][248us] 1 rows returned outcome=success batchOutcome=not_applicable comment=matched merchant read with relation purpose=matched benchmark read auditReason= tracePath=[0:OPERATION:Merchant=query -> 1:REQUEST:Merchant= -> 2:RELATION:platform=Merchant.platform -> 3:PROVIDER:postgresql= -> 4:SQL:select=] mutationLineage=[]
SQL: -- TeaQL PLAIN
SELECT id, create_time AS createTime, last_update_time AS lastUpdateTime, name, version FROM platform_data WHERE (version > 0) AND (id = 1) LIMIT 1 OFFSET 0
[TeaQL SQL][query][311us] 1 rows returned outcome=success batchOutcome=not_applicable comment=matched merchant read with relation purpose=matched benchmark read auditReason= tracePath=[0:OPERATION:Merchant=query -> 1:REQUEST:Merchant= -> 2:PROVIDER:postgresql= -> 3:SQL:select=] mutationLineage=[]
SQL: -- TeaQL PLAIN
SELECT id, name, code, external_id AS externalId, task_life_hours AS taskLifeHours, version, platform FROM merchant_data WHERE (version > 0) AND (external_id = 'matched-merchant') LIMIT 1000 OFFSET 0
[TeaQL SQL][query][301us] 1 rows returned outcome=success batchOutcome=not_applicable comment=matched merchant read with relation purpose=matched benchmark read auditReason= tracePath=[0:OPERATION:Merchant=query -> 1:REQUEST:Merchant= -> 2:RELATION:platform=Merchant.platform -> 3:PROVIDER:postgresql= -> 4:SQL:select=] mutationLineage=[]
SQL: -- TeaQL PLAIN
SELECT id, create_time AS createTime, last_update_time AS lastUpdateTime, name, version FROM platform_data WHERE (version > 0) AND (id = 1) LIMIT 1 OFFSET 0
[TeaQL SQL][query][345us] 1 rows returned outcome=success batchOutcome=not_applicable comment=matched merchant read with relation purpose=matched benchmark read auditReason= tracePath=[0:OPERATION:Merchant=query -> 1:REQUEST:Merchant= -> 2:PROVIDER:postgresql= -> 3:SQL:select=] mutationLineage=[]
SQL: -- TeaQL PLAIN
SELECT id, name, code, external_id AS externalId, task_life_hours AS taskLifeHours, version, platform FROM merchant_data WHERE (version > 0) AND (external_id = 'matched-merchant') LIMIT 1000 OFFSET 0
[TeaQL SQL][query][1179us] 1 rows returned outcome=success batchOutcome=not_applicable comment=matched merchant read with relation purpose=matched benchmark read auditReason= tracePath=[0:OPERATION:Merchant=query -> 1:REQUEST:Merchant= -> 2:RELATION:platform=Merchant.platform -> 3:PROVIDER:postgresql= -> 4:SQL:select=] mutationLineage=[]
SQL: -- TeaQL PLAIN
SELECT id, create_time AS createTime, last_update_time AS lastUpdateTime, name, version FROM platform_data WHERE (version > 0) AND (id = 1) LIMIT 1 OFFSET 0
[TeaQL SQL][query][308us] 1 rows returned outcome=success batchOutcome=not_applicable comment=matched merchant read with relation purpose=matched benchmark read auditReason= tracePath=[0:OPERATION:Merchant=query -> 1:REQUEST:Merchant= -> 2:PROVIDER:postgresql= -> 3:SQL:select=] mutationLineage=[]
SQL: -- TeaQL PLAIN
SELECT id, name, code, external_id AS externalId, task_life_hours AS taskLifeHours, version, platform FROM merchant_data WHERE (version > 0) AND (external_id = 'matched-merchant') LIMIT 1000 OFFSET 0
[TeaQL SQL][query][337us] 1 rows returned outcome=success batchOutcome=not_applicable comment=matched merchant read with relation purpose=matched benchmark read auditReason= tracePath=[0:OPERATION:Merchant=query -> 1:REQUEST:Merchant= -> 2:RELATION:platform=Merchant.platform -> 3:PROVIDER:postgresql= -> 4:SQL:select=] mutationLineage=[]
SQL: -- TeaQL PLAIN
SELECT id, create_time AS createTime, last_update_time AS lastUpdateTime, name, version FROM platform_data WHERE (version > 0) AND (id = 1) LIMIT 1 OFFSET 0
[TeaQL SQL][query][443us] 1 rows returned outcome=success batchOutcome=not_applicable comment=matched merchant read with relation purpose=matched benchmark read auditReason= tracePath=[0:OPERATION:Merchant=query -> 1:REQUEST:Merchant= -> 2:PROVIDER:postgresql= -> 3:SQL:select=] mutationLineage=[]
SQL: -- TeaQL PLAIN
SELECT id, name, code, external_id AS externalId, task_life_hours AS taskLifeHours, version, platform FROM merchant_data WHERE (version > 0) AND (external_id = 'matched-merchant') LIMIT 1000 OFFSET 0
[TeaQL SQL][query][811us] 1 rows returned outcome=success batchOutcome=not_applicable comment=matched merchant read with relation purpose=matched benchmark read auditReason= tracePath=[0:OPERATION:Merchant=query -> 1:REQUEST:Merchant= -> 2:RELATION:platform=Merchant.platform -> 3:PROVIDER:postgresql= -> 4:SQL:select=] mutationLineage=[]
SQL: -- TeaQL PLAIN
SELECT id, create_time AS createTime, last_update_time AS lastUpdateTime, name, version FROM platform_data WHERE (version > 0) AND (id = 1) LIMIT 1 OFFSET 0
[TeaQL SQL][query][900us] 1 rows returned outcome=success batchOutcome=not_applicable comment=matched merchant read with relation purpose=matched benchmark read auditReason= tracePath=[0:OPERATION:Merchant=query -> 1:REQUEST:Merchant= -> 2:PROVIDER:postgresql= -> 3:SQL:select=] mutationLineage=[]
SQL: -- TeaQL PLAIN
SELECT id, name, code, external_id AS externalId, task_life_hours AS taskLifeHours, version, platform FROM merchant_data WHERE (version > 0) AND (external_id = 'matched-merchant') LIMIT 1000 OFFSET 0
[TeaQL SQL][query][363us] 1 rows returned outcome=success batchOutcome=not_applicable comment=matched merchant read with relation purpose=matched benchmark read auditReason= tracePath=[0:OPERATION:Merchant=query -> 1:REQUEST:Merchant= -> 2:PROVIDER:postgresql= -> 3:SQL:select=] mutationLineage=[]
SQL: -- TeaQL PLAIN
SELECT id, name, code, external_id AS externalId, task_life_hours AS taskLifeHours, version, platform FROM merchant_data WHERE (version > 0) AND (external_id = 'matched-merchant') LIMIT 1000 OFFSET 0
[TeaQL SQL][query][1271us] 1 rows returned outcome=success batchOutcome=not_applicable comment=matched merchant read with relation purpose=matched benchmark read auditReason= tracePath=[0:OPERATION:Merchant=query -> 1:REQUEST:Merchant= -> 2:RELATION:platform=Merchant.platform -> 3:PROVIDER:postgresql= -> 4:SQL:select=] mutationLineage=[]
SQL: -- TeaQL PLAIN
SELECT id, create_time AS createTime, last_update_time AS lastUpdateTime, name, version FROM platform_data WHERE (version > 0) AND (id = 1) LIMIT 1 OFFSET 0
[TeaQL SQL][query][560us] 1 rows returned outcome=success batchOutcome=not_applicable comment=matched merchant read with relation purpose=matched benchmark read auditReason= tracePath=[0:OPERATION:Merchant=query -> 1:REQUEST:Merchant= -> 2:RELATION:platform=Merchant.platform -> 3:PROVIDER:postgresql= -> 4:SQL:select=] mutationLineage=[]
SQL: -- TeaQL PLAIN
SELECT id, create_time AS createTime, last_update_time AS lastUpdateTime, name, version FROM platform_data WHERE (version > 0) AND (id = 1) LIMIT 1 OFFSET 0
[TeaQL SQL][query][571us] 1 rows returned outcome=success batchOutcome=not_applicable comment=matched merchant read with relation purpose=matched benchmark read auditReason= tracePath=[0:OPERATION:Merchant=query -> 1:REQUEST:Merchant= -> 2:PROVIDER:postgresql= -> 3:SQL:select=] mutationLineage=[]
SQL: -- TeaQL PLAIN
SELECT id, name, code, external_id AS externalId, task_life_hours AS taskLifeHours, version, platform FROM merchant_data WHERE (version > 0) AND (external_id = 'matched-merchant') LIMIT 1000 OFFSET 0
[TeaQL SQL][query][559us] 1 rows returned outcome=success batchOutcome=not_applicable comment=matched merchant read with relation purpose=matched benchmark read auditReason= tracePath=[0:OPERATION:Merchant=query -> 1:REQUEST:Merchant= -> 2:RELATION:platform=Merchant.platform -> 3:PROVIDER:postgresql= -> 4:SQL:select=] mutationLineage=[]
SQL: -- TeaQL PLAIN
SELECT id, create_time AS createTime, last_update_time AS lastUpdateTime, name, version FROM platform_data WHERE (version > 0) AND (id = 1) LIMIT 1 OFFSET 0
[TeaQL SQL][query][419us] 1 rows returned outcome=success batchOutcome=not_applicable comment=matched merchant read with relation purpose=matched benchmark read auditReason= tracePath=[0:OPERATION:Merchant=query -> 1:REQUEST:Merchant= -> 2:PROVIDER:postgresql= -> 3:SQL:select=] mutationLineage=[]
SQL: -- TeaQL PLAIN
SELECT id, name, code, external_id AS externalId, task_life_hours AS taskLifeHours, version, platform FROM merchant_data WHERE (version > 0) AND (external_id = 'matched-merchant') LIMIT 1000 OFFSET 0
[TeaQL SQL][query][340us] 1 rows returned outcome=success batchOutcome=not_applicable comment=matched merchant read with relation purpose=matched benchmark read auditReason= tracePath=[0:OPERATION:Merchant=query -> 1:REQUEST:Merchant= -> 2:RELATION:platform=Merchant.platform -> 3:PROVIDER:postgresql= -> 4:SQL:select=] mutationLineage=[]
SQL: -- TeaQL PLAIN
SELECT id, create_time AS createTime, last_update_time AS lastUpdateTime, name, version FROM platform_data WHERE (version > 0) AND (id = 1) LIMIT 1 OFFSET 0
[TeaQL SQL][query][303us] 1 rows returned outcome=success batchOutcome=not_applicable comment=matched merchant read with relation purpose=matched benchmark read auditReason= tracePath=[0:OPERATION:Merchant=query -> 1:REQUEST:Merchant= -> 2:PROVIDER:postgresql= -> 3:SQL:select=] mutationLineage=[]
SQL: -- TeaQL PLAIN
SELECT id, name, code, external_id AS externalId, task_life_hours AS taskLifeHours, version, platform FROM merchant_data WHERE (version > 0) AND (external_id = 'matched-merchant') LIMIT 1000 OFFSET 0
[TeaQL SQL][query][203us] 1 rows returned outcome=success batchOutcome=not_applicable comment=matched merchant read with relation purpose=matched benchmark read auditReason= tracePath=[0:OPERATION:Merchant=query -> 1:REQUEST:Merchant= -> 2:PROVIDER:postgresql= -> 3:SQL:select=] mutationLineage=[]
SQL: -- TeaQL PLAIN
SELECT id, name, code, external_id AS externalId, task_life_hours AS taskLifeHours, version, platform FROM merchant_data WHERE (version > 0) AND (external_id = 'matched-merchant') LIMIT 1000 OFFSET 0
[TeaQL SQL][query][220us] 1 rows returned outcome=success batchOutcome=not_applicable comment=matched merchant read with relation purpose=matched benchmark read auditReason= tracePath=[0:OPERATION:Merchant=query -> 1:REQUEST:Merchant= -> 2:RELATION:platform=Merchant.platform -> 3:PROVIDER:postgresql= -> 4:SQL:select=] mutationLineage=[]
SQL: -- TeaQL PLAIN
SELECT id, create_time AS createTime, last_update_time AS lastUpdateTime, name, version FROM platform_data WHERE (version > 0) AND (id = 1) LIMIT 1 OFFSET 0
[TeaQL SQL][query][214us] 1 rows returned outcome=success batchOutcome=not_applicable comment=matched merchant read with relation purpose=matched benchmark read auditReason= tracePath=[0:OPERATION:Merchant=query -> 1:REQUEST:Merchant= -> 2:RELATION:platform=Merchant.platform -> 3:PROVIDER:postgresql= -> 4:SQL:select=] mutationLineage=[]
SQL: -- TeaQL PLAIN
SELECT id, create_time AS createTime, last_update_time AS lastUpdateTime, name, version FROM platform_data WHERE (version > 0) AND (id = 1) LIMIT 1 OFFSET 0
[TeaQL SQL][query][376us] 1 rows returned outcome=success batchOutcome=not_applicable comment=matched merchant read with relation purpose=matched benchmark read auditReason= tracePath=[0:OPERATION:Merchant=query -> 1:REQUEST:Merchant= -> 2:PROVIDER:postgresql= -> 3:SQL:select=] mutationLineage=[]
SQL: -- TeaQL PLAIN
SELECT id, name, code, external_id AS externalId, task_life_hours AS taskLifeHours, version, platform FROM merchant_data WHERE (version > 0) AND (external_id = 'matched-merchant') LIMIT 1000 OFFSET 0
[TeaQL SQL][query][330us] 1 rows returned outcome=success batchOutcome=not_applicable comment=matched merchant read with relation purpose=matched benchmark read auditReason= tracePath=[0:OPERATION:Merchant=query -> 1:REQUEST:Merchant= -> 2:RELATION:platform=Merchant.platform -> 3:PROVIDER:postgresql= -> 4:SQL:select=] mutationLineage=[]
SQL: -- TeaQL PLAIN
SELECT id, create_time AS createTime, last_update_time AS lastUpdateTime, name, version FROM platform_data WHERE (version > 0) AND (id = 1) LIMIT 1 OFFSET 0
[TeaQL SQL][query][412us] 1 rows returned outcome=success batchOutcome=not_applicable comment=matched merchant read with relation purpose=matched benchmark read auditReason= tracePath=[0:OPERATION:Merchant=query -> 1:REQUEST:Merchant= -> 2:PROVIDER:postgresql= -> 3:SQL:select=] mutationLineage=[]
SQL: -- TeaQL PLAIN
SELECT id, name, code, external_id AS externalId, task_life_hours AS taskLifeHours, version, platform FROM merchant_data WHERE (version > 0) AND (external_id = 'matched-merchant') LIMIT 1000 OFFSET 0
[TeaQL SQL][query][338us] 1 rows returned outcome=success batchOutcome=not_applicable comment=matched merchant read with relation purpose=matched benchmark read auditReason= tracePath=[0:OPERATION:Merchant=query -> 1:REQUEST:Merchant= -> 2:RELATION:platform=Merchant.platform -> 3:PROVIDER:postgresql= -> 4:SQL:select=] mutationLineage=[]
SQL: -- TeaQL PLAIN
SELECT id, create_time AS createTime, last_update_time AS lastUpdateTime, name, version FROM platform_data WHERE (version > 0) AND (id = 1) LIMIT 1 OFFSET 0
[TeaQL SQL][query][318us] 1 rows returned outcome=success batchOutcome=not_applicable comment=matched merchant read with relation purpose=matched benchmark read auditReason= tracePath=[0:OPERATION:Merchant=query -> 1:REQUEST:Merchant= -> 2:PROVIDER:postgresql= -> 3:SQL:select=] mutationLineage=[]
SQL: -- TeaQL PLAIN
SELECT id, name, code, external_id AS externalId, task_life_hours AS taskLifeHours, version, platform FROM merchant_data WHERE (version > 0) AND (external_id = 'matched-merchant') LIMIT 1000 OFFSET 0
[TeaQL SQL][query][310us] 1 rows returned outcome=success batchOutcome=not_applicable comment=matched merchant read with relation purpose=matched benchmark read auditReason= tracePath=[0:OPERATION:Merchant=query -> 1:REQUEST:Merchant= -> 2:RELATION:platform=Merchant.platform -> 3:PROVIDER:postgresql= -> 4:SQL:select=] mutationLineage=[]
SQL: -- TeaQL PLAIN
SELECT id, create_time AS createTime, last_update_time AS lastUpdateTime, name, version FROM platform_data WHERE (version > 0) AND (id = 1) LIMIT 1 OFFSET 0
[TeaQL SQL][query][304us] 1 rows returned outcome=success batchOutcome=not_applicable comment=matched merchant read with relation purpose=matched benchmark read auditReason= tracePath=[0:OPERATION:Merchant=query -> 1:REQUEST:Merchant= -> 2:PROVIDER:postgresql= -> 3:SQL:select=] mutationLineage=[]
SQL: -- TeaQL PLAIN
SELECT id, name, code, external_id AS externalId, task_life_hours AS taskLifeHours, version, platform FROM merchant_data WHERE (version > 0) AND (external_id = 'matched-merchant') LIMIT 1000 OFFSET 0
[TeaQL SQL][query][274us] 1 rows returned outcome=success batchOutcome=not_applicable comment=matched merchant read with relation purpose=matched benchmark read auditReason= tracePath=[0:OPERATION:Merchant=query -> 1:REQUEST:Merchant= -> 2:RELATION:platform=Merchant.platform -> 3:PROVIDER:postgresql= -> 4:SQL:select=] mutationLineage=[]
SQL: -- TeaQL PLAIN
SELECT id, create_time AS createTime, last_update_time AS lastUpdateTime, name, version FROM platform_data WHERE (version > 0) AND (id = 1) LIMIT 1 OFFSET 0
[TeaQL SQL][query][370us] 1 rows returned outcome=success batchOutcome=not_applicable comment=matched merchant read with relation purpose=matched benchmark read auditReason= tracePath=[0:OPERATION:Merchant=query -> 1:REQUEST:Merchant= -> 2:PROVIDER:postgresql= -> 3:SQL:select=] mutationLineage=[]
SQL: -- TeaQL PLAIN
SELECT id, name, code, external_id AS externalId, task_life_hours AS taskLifeHours, version, platform FROM merchant_data WHERE (version > 0) AND (external_id = 'matched-merchant') LIMIT 1000 OFFSET 0
[TeaQL SQL][query][314us] 1 rows returned outcome=success batchOutcome=not_applicable comment=matched merchant read with relation purpose=matched benchmark read auditReason= tracePath=[0:OPERATION:Merchant=query -> 1:REQUEST:Merchant= -> 2:RELATION:platform=Merchant.platform -> 3:PROVIDER:postgresql= -> 4:SQL:select=] mutationLineage=[]
SQL: -- TeaQL PLAIN
SELECT id, create_time AS createTime, last_update_time AS lastUpdateTime, name, version FROM platform_data WHERE (version > 0) AND (id = 1) LIMIT 1 OFFSET 0
[TeaQL SQL][query][269us] 1 rows returned outcome=success batchOutcome=not_applicable comment=matched merchant read with relation purpose=matched benchmark read auditReason= tracePath=[0:OPERATION:Merchant=query -> 1:REQUEST:Merchant= -> 2:PROVIDER:postgresql= -> 3:SQL:select=] mutationLineage=[]
SQL: -- TeaQL PLAIN
SELECT id, name, code, external_id AS externalId, task_life_hours AS taskLifeHours, version, platform FROM merchant_data WHERE (version > 0) AND (external_id = 'matched-merchant') LIMIT 1000 OFFSET 0
[TeaQL SQL][query][238us] 1 rows returned outcome=success batchOutcome=not_applicable comment=matched merchant read with relation purpose=matched benchmark read auditReason= tracePath=[0:OPERATION:Merchant=query -> 1:REQUEST:Merchant= -> 2:RELATION:platform=Merchant.platform -> 3:PROVIDER:postgresql= -> 4:SQL:select=] mutationLineage=[]
SQL: -- TeaQL PLAIN
SELECT id, create_time AS createTime, last_update_time AS lastUpdateTime, name, version FROM platform_data WHERE (version > 0) AND (id = 1) LIMIT 1 OFFSET 0
[TeaQL SQL][query][352us] 1 rows returned outcome=success batchOutcome=not_applicable comment=matched merchant read with relation purpose=matched benchmark read auditReason= tracePath=[0:OPERATION:Merchant=query -> 1:REQUEST:Merchant= -> 2:PROVIDER:postgresql= -> 3:SQL:select=] mutationLineage=[]
SQL: -- TeaQL PLAIN
SELECT id, name, code, external_id AS externalId, task_life_hours AS taskLifeHours, version, platform FROM merchant_data WHERE (version > 0) AND (external_id = 'matched-merchant') LIMIT 1000 OFFSET 0
[TeaQL SQL][query][206us] 1 rows returned outcome=success batchOutcome=not_applicable comment=matched merchant read with relation purpose=matched benchmark read auditReason= tracePath=[0:OPERATION:Merchant=query -> 1:REQUEST:Merchant= -> 2:RELATION:platform=Merchant.platform -> 3:PROVIDER:postgresql= -> 4:SQL:select=] mutationLineage=[]
SQL: -- TeaQL PLAIN
SELECT id, create_time AS createTime, last_update_time AS lastUpdateTime, name, version FROM platform_data WHERE (version > 0) AND (id = 1) LIMIT 1 OFFSET 0
[TeaQL SQL][query][300us] 1 rows returned outcome=success batchOutcome=not_applicable comment=matched merchant read with relation purpose=matched benchmark read auditReason= tracePath=[0:OPERATION:Merchant=query -> 1:REQUEST:Merchant= -> 2:PROVIDER:postgresql= -> 3:SQL:select=] mutationLineage=[]
SQL: -- TeaQL PLAIN
SELECT id, name, code, external_id AS externalId, task_life_hours AS taskLifeHours, version, platform FROM merchant_data WHERE (version > 0) AND (external_id = 'matched-merchant') LIMIT 1000 OFFSET 0
[TeaQL SQL][query][254us] 1 rows returned outcome=success batchOutcome=not_applicable comment=matched merchant read with relation purpose=matched benchmark read auditReason= tracePath=[0:OPERATION:Merchant=query -> 1:REQUEST:Merchant= -> 2:RELATION:platform=Merchant.platform -> 3:PROVIDER:postgresql= -> 4:SQL:select=] mutationLineage=[]
SQL: -- TeaQL PLAIN
SELECT id, create_time AS createTime, last_update_time AS lastUpdateTime, name, version FROM platform_data WHERE (version > 0) AND (id = 1) LIMIT 1 OFFSET 0
[TeaQL SQL][query][457us] 1 rows returned outcome=success batchOutcome=not_applicable comment=matched merchant read with relation purpose=matched benchmark read auditReason= tracePath=[0:OPERATION:Merchant=query -> 1:REQUEST:Merchant= -> 2:PROVIDER:postgresql= -> 3:SQL:select=] mutationLineage=[]
SQL: -- TeaQL PLAIN
SELECT id, name, code, external_id AS externalId, task_life_hours AS taskLifeHours, version, platform FROM merchant_data WHERE (version > 0) AND (external_id = 'matched-merchant') LIMIT 1000 OFFSET 0
[TeaQL SQL][query][335us] 1 rows returned outcome=success batchOutcome=not_applicable comment=matched merchant read with relation purpose=matched benchmark read auditReason= tracePath=[0:OPERATION:Merchant=query -> 1:REQUEST:Merchant= -> 2:RELATION:platform=Merchant.platform -> 3:PROVIDER:postgresql= -> 4:SQL:select=] mutationLineage=[]
SQL: -- TeaQL PLAIN
SELECT id, create_time AS createTime, last_update_time AS lastUpdateTime, name, version FROM platform_data WHERE (version > 0) AND (id = 1) LIMIT 1 OFFSET 0
[TeaQL SQL][query][268us] 1 rows returned outcome=success batchOutcome=not_applicable comment=matched merchant read with relation purpose=matched benchmark read auditReason= tracePath=[0:OPERATION:Merchant=query -> 1:REQUEST:Merchant= -> 2:PROVIDER:postgresql= -> 3:SQL:select=] mutationLineage=[]
SQL: -- TeaQL PLAIN
SELECT id, name, code, external_id AS externalId, task_life_hours AS taskLifeHours, version, platform FROM merchant_data WHERE (version > 0) AND (external_id = 'matched-merchant') LIMIT 1000 OFFSET 0
[TeaQL SQL][query][352us] 1 rows returned outcome=success batchOutcome=not_applicable comment=matched merchant read with relation purpose=matched benchmark read auditReason= tracePath=[0:OPERATION:Merchant=query -> 1:REQUEST:Merchant= -> 2:PROVIDER:postgresql= -> 3:SQL:select=] mutationLineage=[]
SQL: -- TeaQL PLAIN
SELECT id, name, code, external_id AS externalId, task_life_hours AS taskLifeHours, version, platform FROM merchant_data WHERE (version > 0) AND (external_id = 'matched-merchant') LIMIT 1000 OFFSET 0
[TeaQL SQL][query][204us] 1 rows returned outcome=success batchOutcome=not_applicable comment=matched merchant read with relation purpose=matched benchmark read auditReason= tracePath=[0:OPERATION:Merchant=query -> 1:REQUEST:Merchant= -> 2:RELATION:platform=Merchant.platform -> 3:PROVIDER:postgresql= -> 4:SQL:select=] mutationLineage=[]
SQL: -- TeaQL PLAIN
SELECT id, create_time AS createTime, last_update_time AS lastUpdateTime, name, version FROM platform_data WHERE (version > 0) AND (id = 1) LIMIT 1 OFFSET 0
[TeaQL SQL][query][251us] 1 rows returned outcome=success batchOutcome=not_applicable comment=matched merchant read with relation purpose=matched benchmark read auditReason= tracePath=[0:OPERATION:Merchant=query -> 1:REQUEST:Merchant= -> 2:RELATION:platform=Merchant.platform -> 3:PROVIDER:postgresql= -> 4:SQL:select=] mutationLineage=[]
SQL: -- TeaQL PLAIN
SELECT id, create_time AS createTime, last_update_time AS lastUpdateTime, name, version FROM platform_data WHERE (version > 0) AND (id = 1) LIMIT 1 OFFSET 0
[TeaQL SQL][query][312us] 1 rows returned outcome=success batchOutcome=not_applicable comment=matched merchant read with relation purpose=matched benchmark read auditReason= tracePath=[0:OPERATION:Merchant=query -> 1:REQUEST:Merchant= -> 2:PROVIDER:postgresql= -> 3:SQL:select=] mutationLineage=[]
SQL: -- TeaQL PLAIN
SELECT id, name, code, external_id AS externalId, task_life_hours AS taskLifeHours, version, platform FROM merchant_data WHERE (version > 0) AND (external_id = 'matched-merchant') LIMIT 1000 OFFSET 0
[TeaQL SQL][query][359us] 1 rows returned outcome=success batchOutcome=not_applicable comment=matched merchant read with relation purpose=matched benchmark read auditReason= tracePath=[0:OPERATION:Merchant=query -> 1:REQUEST:Merchant= -> 2:RELATION:platform=Merchant.platform -> 3:PROVIDER:postgresql= -> 4:SQL:select=] mutationLineage=[]
SQL: -- TeaQL PLAIN
SELECT id, create_time AS createTime, last_update_time AS lastUpdateTime, name, version FROM platform_data WHERE (version > 0) AND (id = 1) LIMIT 1 OFFSET 0
[TeaQL SQL][query][283us] 1 rows returned outcome=success batchOutcome=not_applicable comment=matched merchant read with relation purpose=matched benchmark read auditReason= tracePath=[0:OPERATION:Merchant=query -> 1:REQUEST:Merchant= -> 2:PROVIDER:postgresql= -> 3:SQL:select=] mutationLineage=[]
SQL: -- TeaQL PLAIN
SELECT id, name, code, external_id AS externalId, task_life_hours AS taskLifeHours, version, platform FROM merchant_data WHERE (version > 0) AND (external_id = 'matched-merchant') LIMIT 1000 OFFSET 0
[TeaQL SQL][query][283us] 1 rows returned outcome=success batchOutcome=not_applicable comment=matched merchant read with relation purpose=matched benchmark read auditReason= tracePath=[0:OPERATION:Merchant=query -> 1:REQUEST:Merchant= -> 2:PROVIDER:postgresql= -> 3:SQL:select=] mutationLineage=[]
SQL: -- TeaQL PLAIN
SELECT id, name, code, external_id AS externalId, task_life_hours AS taskLifeHours, version, platform FROM merchant_data WHERE (version > 0) AND (external_id = 'matched-merchant') LIMIT 1000 OFFSET 0
[TeaQL SQL][query][260us] 1 rows returned outcome=success batchOutcome=not_applicable comment=matched merchant read with relation purpose=matched benchmark read auditReason= tracePath=[0:OPERATION:Merchant=query -> 1:REQUEST:Merchant= -> 2:RELATION:platform=Merchant.platform -> 3:PROVIDER:postgresql= -> 4:SQL:select=] mutationLineage=[]
SQL: -- TeaQL PLAIN
SELECT id, create_time AS createTime, last_update_time AS lastUpdateTime, name, version FROM platform_data WHERE (version > 0) AND (id = 1) LIMIT 1 OFFSET 0
[TeaQL SQL][query][240us] 1 rows returned outcome=success batchOutcome=not_applicable comment=matched merchant read with relation purpose=matched benchmark read auditReason= tracePath=[0:OPERATION:Merchant=query -> 1:REQUEST:Merchant= -> 2:RELATION:platform=Merchant.platform -> 3:PROVIDER:postgresql= -> 4:SQL:select=] mutationLineage=[]
SQL: -- TeaQL PLAIN
SELECT id, create_time AS createTime, last_update_time AS lastUpdateTime, name, version FROM platform_data WHERE (version > 0) AND (id = 1) LIMIT 1 OFFSET 0
[TeaQL SQL][query][479us] 1 rows returned outcome=success batchOutcome=not_applicable comment=matched merchant read with relation purpose=matched benchmark read auditReason= tracePath=[0:OPERATION:Merchant=query -> 1:REQUEST:Merchant= -> 2:PROVIDER:postgresql= -> 3:SQL:select=] mutationLineage=[]
SQL: -- TeaQL PLAIN
SELECT id, name, code, external_id AS externalId, task_life_hours AS taskLifeHours, version, platform FROM merchant_data WHERE (version > 0) AND (external_id = 'matched-merchant') LIMIT 1000 OFFSET 0
[TeaQL SQL][query][340us] 1 rows returned outcome=success batchOutcome=not_applicable comment=matched merchant read with relation purpose=matched benchmark read auditReason= tracePath=[0:OPERATION:Merchant=query -> 1:REQUEST:Merchant= -> 2:PROVIDER:postgresql= -> 3:SQL:select=] mutationLineage=[]
SQL: -- TeaQL PLAIN
SELECT id, name, code, external_id AS externalId, task_life_hours AS taskLifeHours, version, platform FROM merchant_data WHERE (version > 0) AND (external_id = 'matched-merchant') LIMIT 1000 OFFSET 0
[TeaQL SQL][query][400us] 1 rows returned outcome=success batchOutcome=not_applicable comment=matched merchant read with relation purpose=matched benchmark read auditReason= tracePath=[0:OPERATION:Merchant=query -> 1:REQUEST:Merchant= -> 2:RELATION:platform=Merchant.platform -> 3:PROVIDER:postgresql= -> 4:SQL:select=] mutationLineage=[]
SQL: -- TeaQL PLAIN
SELECT id, create_time AS createTime, last_update_time AS lastUpdateTime, name, version FROM platform_data WHERE (version > 0) AND (id = 1) LIMIT 1 OFFSET 0
[TeaQL SQL][query][256us] 1 rows returned outcome=success batchOutcome=not_applicable comment=matched merchant read with relation purpose=matched benchmark read auditReason= tracePath=[0:OPERATION:Merchant=query -> 1:REQUEST:Merchant= -> 2:RELATION:platform=Merchant.platform -> 3:PROVIDER:postgresql= -> 4:SQL:select=] mutationLineage=[]
SQL: -- TeaQL PLAIN
SELECT id, create_time AS createTime, last_update_time AS lastUpdateTime, name, version FROM platform_data WHERE (version > 0) AND (id = 1) LIMIT 1 OFFSET 0
[TeaQL SQL][query][349us] 1 rows returned outcome=success batchOutcome=not_applicable comment=matched merchant read with relation purpose=matched benchmark read auditReason= tracePath=[0:OPERATION:Merchant=query -> 1:REQUEST:Merchant= -> 2:PROVIDER:postgresql= -> 3:SQL:select=] mutationLineage=[]
SQL: -- TeaQL PLAIN
SELECT id, name, code, external_id AS externalId, task_life_hours AS taskLifeHours, version, platform FROM merchant_data WHERE (version > 0) AND (external_id = 'matched-merchant') LIMIT 1000 OFFSET 0
[TeaQL SQL][query][241us] 1 rows returned outcome=success batchOutcome=not_applicable comment=matched merchant read with relation purpose=matched benchmark read auditReason= tracePath=[0:OPERATION:Merchant=query -> 1:REQUEST:Merchant= -> 2:RELATION:platform=Merchant.platform -> 3:PROVIDER:postgresql= -> 4:SQL:select=] mutationLineage=[]
SQL: -- TeaQL PLAIN
SELECT id, create_time AS createTime, last_update_time AS lastUpdateTime, name, version FROM platform_data WHERE (version > 0) AND (id = 1) LIMIT 1 OFFSET 0
[TeaQL SQL][query][274us] 1 rows returned outcome=success batchOutcome=not_applicable comment=matched merchant read with relation purpose=matched benchmark read auditReason= tracePath=[0:OPERATION:Merchant=query -> 1:REQUEST:Merchant= -> 2:PROVIDER:postgresql= -> 3:SQL:select=] mutationLineage=[]
SQL: -- TeaQL PLAIN
SELECT id, name, code, external_id AS externalId, task_life_hours AS taskLifeHours, version, platform FROM merchant_data WHERE (version > 0) AND (external_id = 'matched-merchant') LIMIT 1000 OFFSET 0
[TeaQL SQL][query][249us] 1 rows returned outcome=success batchOutcome=not_applicable comment=matched merchant read with relation purpose=matched benchmark read auditReason= tracePath=[0:OPERATION:Merchant=query -> 1:REQUEST:Merchant= -> 2:RELATION:platform=Merchant.platform -> 3:PROVIDER:postgresql= -> 4:SQL:select=] mutationLineage=[]
SQL: -- TeaQL PLAIN
SELECT id, create_time AS createTime, last_update_time AS lastUpdateTime, name, version FROM platform_data WHERE (version > 0) AND (id = 1) LIMIT 1 OFFSET 0
[TeaQL SQL][query][283us] 1 rows returned outcome=success batchOutcome=not_applicable comment=matched merchant read with relation purpose=matched benchmark read auditReason= tracePath=[0:OPERATION:Merchant=query -> 1:REQUEST:Merchant= -> 2:PROVIDER:postgresql= -> 3:SQL:select=] mutationLineage=[]
SQL: -- TeaQL PLAIN
SELECT id, name, code, external_id AS externalId, task_life_hours AS taskLifeHours, version, platform FROM merchant_data WHERE (version > 0) AND (external_id = 'matched-merchant') LIMIT 1000 OFFSET 0
[TeaQL SQL][query][255us] 1 rows returned outcome=success batchOutcome=not_applicable comment=matched merchant read with relation purpose=matched benchmark read auditReason= tracePath=[0:OPERATION:Merchant=query -> 1:REQUEST:Merchant= -> 2:RELATION:platform=Merchant.platform -> 3:PROVIDER:postgresql= -> 4:SQL:select=] mutationLineage=[]
SQL: -- TeaQL PLAIN
SELECT id, create_time AS createTime, last_update_time AS lastUpdateTime, name, version FROM platform_data WHERE (version > 0) AND (id = 1) LIMIT 1 OFFSET 0
[TeaQL SQL][query][271us] 1 rows returned outcome=success batchOutcome=not_applicable comment=matched merchant read with relation purpose=matched benchmark read auditReason= tracePath=[0:OPERATION:Merchant=query -> 1:REQUEST:Merchant= -> 2:PROVIDER:postgresql= -> 3:SQL:select=] mutationLineage=[]
SQL: -- TeaQL PLAIN
SELECT id, name, code, external_id AS externalId, task_life_hours AS taskLifeHours, version, platform FROM merchant_data WHERE (version > 0) AND (external_id = 'matched-merchant') LIMIT 1000 OFFSET 0
[TeaQL SQL][query][261us] 1 rows returned outcome=success batchOutcome=not_applicable comment=matched merchant read with relation purpose=matched benchmark read auditReason= tracePath=[0:OPERATION:Merchant=query -> 1:REQUEST:Merchant= -> 2:RELATION:platform=Merchant.platform -> 3:PROVIDER:postgresql= -> 4:SQL:select=] mutationLineage=[]
SQL: -- TeaQL PLAIN
SELECT id, create_time AS createTime, last_update_time AS lastUpdateTime, name, version FROM platform_data WHERE (version > 0) AND (id = 1) LIMIT 1 OFFSET 0
[TeaQL SQL][query][277us] 1 rows returned outcome=success batchOutcome=not_applicable comment=matched merchant read with relation purpose=matched benchmark read auditReason= tracePath=[0:OPERATION:Merchant=query -> 1:REQUEST:Merchant= -> 2:PROVIDER:postgresql= -> 3:SQL:select=] mutationLineage=[]
SQL: -- TeaQL PLAIN
SELECT id, name, code, external_id AS externalId, task_life_hours AS taskLifeHours, version, platform FROM merchant_data WHERE (version > 0) AND (external_id = 'matched-merchant') LIMIT 1000 OFFSET 0
[TeaQL SQL][query][290us] 1 rows returned outcome=success batchOutcome=not_applicable comment=matched merchant read with relation purpose=matched benchmark read auditReason= tracePath=[0:OPERATION:Merchant=query -> 1:REQUEST:Merchant= -> 2:RELATION:platform=Merchant.platform -> 3:PROVIDER:postgresql= -> 4:SQL:select=] mutationLineage=[]
SQL: -- TeaQL PLAIN
SELECT id, create_time AS createTime, last_update_time AS lastUpdateTime, name, version FROM platform_data WHERE (version > 0) AND (id = 1) LIMIT 1 OFFSET 0
[TeaQL SQL][query][309us] 1 rows returned outcome=success batchOutcome=not_applicable comment=matched merchant read with relation purpose=matched benchmark read auditReason= tracePath=[0:OPERATION:Merchant=query -> 1:REQUEST:Merchant= -> 2:PROVIDER:postgresql= -> 3:SQL:select=] mutationLineage=[]
SQL: -- TeaQL PLAIN
SELECT id, name, code, external_id AS externalId, task_life_hours AS taskLifeHours, version, platform FROM merchant_data WHERE (version > 0) AND (external_id = 'matched-merchant') LIMIT 1000 OFFSET 0
[TeaQL SQL][query][268us] 1 rows returned outcome=success batchOutcome=not_applicable comment=matched merchant read with relation purpose=matched benchmark read auditReason= tracePath=[0:OPERATION:Merchant=query -> 1:REQUEST:Merchant= -> 2:RELATION:platform=Merchant.platform -> 3:PROVIDER:postgresql= -> 4:SQL:select=] mutationLineage=[]
SQL: -- TeaQL PLAIN
SELECT id, create_time AS createTime, last_update_time AS lastUpdateTime, name, version FROM platform_data WHERE (version > 0) AND (id = 1) LIMIT 1 OFFSET 0
[TeaQL SQL][query][268us] 1 rows returned outcome=success batchOutcome=not_applicable comment=matched merchant read with relation purpose=matched benchmark read auditReason= tracePath=[0:OPERATION:Merchant=query -> 1:REQUEST:Merchant= -> 2:PROVIDER:postgresql= -> 3:SQL:select=] mutationLineage=[]
SQL: -- TeaQL PLAIN
SELECT id, name, code, external_id AS externalId, task_life_hours AS taskLifeHours, version, platform FROM merchant_data WHERE (version > 0) AND (external_id = 'matched-merchant') LIMIT 1000 OFFSET 0
[TeaQL SQL][query][245us] 1 rows returned outcome=success batchOutcome=not_applicable comment=matched merchant read with relation purpose=matched benchmark read auditReason= tracePath=[0:OPERATION:Merchant=query -> 1:REQUEST:Merchant= -> 2:RELATION:platform=Merchant.platform -> 3:PROVIDER:postgresql= -> 4:SQL:select=] mutationLineage=[]
SQL: -- TeaQL PLAIN
SELECT id, create_time AS createTime, last_update_time AS lastUpdateTime, name, version FROM platform_data WHERE (version > 0) AND (id = 1) LIMIT 1 OFFSET 0
[TeaQL SQL][query][262us] 1 rows returned outcome=success batchOutcome=not_applicable comment=matched merchant read with relation purpose=matched benchmark read auditReason= tracePath=[0:OPERATION:Merchant=query -> 1:REQUEST:Merchant= -> 2:PROVIDER:postgresql= -> 3:SQL:select=] mutationLineage=[]
SQL: -- TeaQL PLAIN
SELECT id, name, code, external_id AS externalId, task_life_hours AS taskLifeHours, version, platform FROM merchant_data WHERE (version > 0) AND (external_id = 'matched-merchant') LIMIT 1000 OFFSET 0
[TeaQL SQL][query][216us] 1 rows returned outcome=success batchOutcome=not_applicable comment=matched merchant read with relation purpose=matched benchmark read auditReason= tracePath=[0:OPERATION:Merchant=query -> 1:REQUEST:Merchant= -> 2:RELATION:platform=Merchant.platform -> 3:PROVIDER:postgresql= -> 4:SQL:select=] mutationLineage=[]
SQL: -- TeaQL PLAIN
SELECT id, create_time AS createTime, last_update_time AS lastUpdateTime, name, version FROM platform_data WHERE (version > 0) AND (id = 1) LIMIT 1 OFFSET 0
[TeaQL SQL][query][453us] 1 rows returned outcome=success batchOutcome=not_applicable comment=matched merchant read with relation purpose=matched benchmark read auditReason= tracePath=[0:OPERATION:Merchant=query -> 1:REQUEST:Merchant= -> 2:PROVIDER:postgresql= -> 3:SQL:select=] mutationLineage=[]
SQL: -- TeaQL PLAIN
SELECT id, name, code, external_id AS externalId, task_life_hours AS taskLifeHours, version, platform FROM merchant_data WHERE (version > 0) AND (external_id = 'matched-merchant') LIMIT 1000 OFFSET 0
[TeaQL SQL][query][383us] 1 rows returned outcome=success batchOutcome=not_applicable comment=matched merchant read with relation purpose=matched benchmark read auditReason= tracePath=[0:OPERATION:Merchant=query -> 1:REQUEST:Merchant= -> 2:RELATION:platform=Merchant.platform -> 3:PROVIDER:postgresql= -> 4:SQL:select=] mutationLineage=[]
SQL: -- TeaQL PLAIN
SELECT id, create_time AS createTime, last_update_time AS lastUpdateTime, name, version FROM platform_data WHERE (version > 0) AND (id = 1) LIMIT 1 OFFSET 0
[TeaQL SQL][query][326us] 1 rows returned outcome=success batchOutcome=not_applicable comment=matched merchant read with relation purpose=matched benchmark read auditReason= tracePath=[0:OPERATION:Merchant=query -> 1:REQUEST:Merchant= -> 2:PROVIDER:postgresql= -> 3:SQL:select=] mutationLineage=[]
SQL: -- TeaQL PLAIN
SELECT id, name, code, external_id AS externalId, task_life_hours AS taskLifeHours, version, platform FROM merchant_data WHERE (version > 0) AND (external_id = 'matched-merchant') LIMIT 1000 OFFSET 0
[TeaQL SQL][query][393us] 1 rows returned outcome=success batchOutcome=not_applicable comment=matched merchant read with relation purpose=matched benchmark read auditReason= tracePath=[0:OPERATION:Merchant=query -> 1:REQUEST:Merchant= -> 2:RELATION:platform=Merchant.platform -> 3:PROVIDER:postgresql= -> 4:SQL:select=] mutationLineage=[]
SQL: -- TeaQL PLAIN
SELECT id, create_time AS createTime, last_update_time AS lastUpdateTime, name, version FROM platform_data WHERE (version > 0) AND (id = 1) LIMIT 1 OFFSET 0
[TeaQL SQL][query][320us] 1 rows returned outcome=success batchOutcome=not_applicable comment=matched merchant read with relation purpose=matched benchmark read auditReason= tracePath=[0:OPERATION:Merchant=query -> 1:REQUEST:Merchant= -> 2:PROVIDER:postgresql= -> 3:SQL:select=] mutationLineage=[]
SQL: -- TeaQL PLAIN
SELECT id, name, code, external_id AS externalId, task_life_hours AS taskLifeHours, version, platform FROM merchant_data WHERE (version > 0) AND (external_id = 'matched-merchant') LIMIT 1000 OFFSET 0
[TeaQL SQL][query][243us] 1 rows returned outcome=success batchOutcome=not_applicable comment=matched merchant read with relation purpose=matched benchmark read auditReason= tracePath=[0:OPERATION:Merchant=query -> 1:REQUEST:Merchant= -> 2:RELATION:platform=Merchant.platform -> 3:PROVIDER:postgresql= -> 4:SQL:select=] mutationLineage=[]
SQL: -- TeaQL PLAIN
SELECT id, create_time AS createTime, last_update_time AS lastUpdateTime, name, version FROM platform_data WHERE (version > 0) AND (id = 1) LIMIT 1 OFFSET 0
[TeaQL SQL][query][325us] 1 rows returned outcome=success batchOutcome=not_applicable comment=matched merchant read with relation purpose=matched benchmark read auditReason= tracePath=[0:OPERATION:Merchant=query -> 1:REQUEST:Merchant= -> 2:PROVIDER:postgresql= -> 3:SQL:select=] mutationLineage=[]
SQL: -- TeaQL PLAIN
SELECT id, name, code, external_id AS externalId, task_life_hours AS taskLifeHours, version, platform FROM merchant_data WHERE (version > 0) AND (external_id = 'matched-merchant') LIMIT 1000 OFFSET 0
[TeaQL SQL][query][272us] 1 rows returned outcome=success batchOutcome=not_applicable comment=matched merchant read with relation purpose=matched benchmark read auditReason= tracePath=[0:OPERATION:Merchant=query -> 1:REQUEST:Merchant= -> 2:RELATION:platform=Merchant.platform -> 3:PROVIDER:postgresql= -> 4:SQL:select=] mutationLineage=[]
SQL: -- TeaQL PLAIN
SELECT id, create_time AS createTime, last_update_time AS lastUpdateTime, name, version FROM platform_data WHERE (version > 0) AND (id = 1) LIMIT 1 OFFSET 0
[TeaQL SQL][query][306us] 1 rows returned outcome=success batchOutcome=not_applicable comment=matched merchant read with relation purpose=matched benchmark read auditReason= tracePath=[0:OPERATION:Merchant=query -> 1:REQUEST:Merchant= -> 2:PROVIDER:postgresql= -> 3:SQL:select=] mutationLineage=[]
SQL: -- TeaQL PLAIN
SELECT id, name, code, external_id AS externalId, task_life_hours AS taskLifeHours, version, platform FROM merchant_data WHERE (version > 0) AND (external_id = 'matched-merchant') LIMIT 1000 OFFSET 0
[TeaQL SQL][query][252us] 1 rows returned outcome=success batchOutcome=not_applicable comment=matched merchant read with relation purpose=matched benchmark read auditReason= tracePath=[0:OPERATION:Merchant=query -> 1:REQUEST:Merchant= -> 2:RELATION:platform=Merchant.platform -> 3:PROVIDER:postgresql= -> 4:SQL:select=] mutationLineage=[]
SQL: -- TeaQL PLAIN
SELECT id, create_time AS createTime, last_update_time AS lastUpdateTime, name, version FROM platform_data WHERE (version > 0) AND (id = 1) LIMIT 1 OFFSET 0
[TeaQL SQL][query][266us] 1 rows returned outcome=success batchOutcome=not_applicable comment=matched merchant read with relation purpose=matched benchmark read auditReason= tracePath=[0:OPERATION:Merchant=query -> 1:REQUEST:Merchant= -> 2:PROVIDER:postgresql= -> 3:SQL:select=] mutationLineage=[]
SQL: -- TeaQL PLAIN
SELECT id, name, code, external_id AS externalId, task_life_hours AS taskLifeHours, version, platform FROM merchant_data WHERE (version > 0) AND (external_id = 'matched-merchant') LIMIT 1000 OFFSET 0
[TeaQL SQL][query][238us] 1 rows returned outcome=success batchOutcome=not_applicable comment=matched merchant read with relation purpose=matched benchmark read auditReason= tracePath=[0:OPERATION:Merchant=query -> 1:REQUEST:Merchant= -> 2:RELATION:platform=Merchant.platform -> 3:PROVIDER:postgresql= -> 4:SQL:select=] mutationLineage=[]
SQL: -- TeaQL PLAIN
SELECT id, create_time AS createTime, last_update_time AS lastUpdateTime, name, version FROM platform_data WHERE (version > 0) AND (id = 1) LIMIT 1 OFFSET 0
[TeaQL SQL][query][286us] 1 rows returned outcome=success batchOutcome=not_applicable comment=matched merchant read with relation purpose=matched benchmark read auditReason= tracePath=[0:OPERATION:Merchant=query -> 1:REQUEST:Merchant= -> 2:PROVIDER:postgresql= -> 3:SQL:select=] mutationLineage=[]
SQL: -- TeaQL PLAIN
SELECT id, name, code, external_id AS externalId, task_life_hours AS taskLifeHours, version, platform FROM merchant_data WHERE (version > 0) AND (external_id = 'matched-merchant') LIMIT 1000 OFFSET 0
[TeaQL SQL][query][260us] 1 rows returned outcome=success batchOutcome=not_applicable comment=matched merchant read with relation purpose=matched benchmark read auditReason= tracePath=[0:OPERATION:Merchant=query -> 1:REQUEST:Merchant= -> 2:RELATION:platform=Merchant.platform -> 3:PROVIDER:postgresql= -> 4:SQL:select=] mutationLineage=[]
SQL: -- TeaQL PLAIN
SELECT id, create_time AS createTime, last_update_time AS lastUpdateTime, name, version FROM platform_data WHERE (version > 0) AND (id = 1) LIMIT 1 OFFSET 0
[TeaQL SQL][query][499us] 1 rows returned outcome=success batchOutcome=not_applicable comment=matched merchant read with relation purpose=matched benchmark read auditReason= tracePath=[0:OPERATION:Merchant=query -> 1:REQUEST:Merchant= -> 2:PROVIDER:postgresql= -> 3:SQL:select=] mutationLineage=[]
SQL: -- TeaQL PLAIN
SELECT id, name, code, external_id AS externalId, task_life_hours AS taskLifeHours, version, platform FROM merchant_data WHERE (version > 0) AND (external_id = 'matched-merchant') LIMIT 1000 OFFSET 0
[TeaQL SQL][query][387us] 1 rows returned outcome=success batchOutcome=not_applicable comment=matched merchant read with relation purpose=matched benchmark read auditReason= tracePath=[0:OPERATION:Merchant=query -> 1:REQUEST:Merchant= -> 2:RELATION:platform=Merchant.platform -> 3:PROVIDER:postgresql= -> 4:SQL:select=] mutationLineage=[]
SQL: -- TeaQL PLAIN
SELECT id, create_time AS createTime, last_update_time AS lastUpdateTime, name, version FROM platform_data WHERE (version > 0) AND (id = 1) LIMIT 1 OFFSET 0
[TeaQL SQL][query][402us] 1 rows returned outcome=success batchOutcome=not_applicable comment=matched merchant read with relation purpose=matched benchmark read auditReason= tracePath=[0:OPERATION:Merchant=query -> 1:REQUEST:Merchant= -> 2:PROVIDER:postgresql= -> 3:SQL:select=] mutationLineage=[]
SQL: -- TeaQL PLAIN
SELECT id, name, code, external_id AS externalId, task_life_hours AS taskLifeHours, version, platform FROM merchant_data WHERE (version > 0) AND (external_id = 'matched-merchant') LIMIT 1000 OFFSET 0
[TeaQL SQL][query][350us] 1 rows returned outcome=success batchOutcome=not_applicable comment=matched merchant read with relation purpose=matched benchmark read auditReason= tracePath=[0:OPERATION:Merchant=query -> 1:REQUEST:Merchant= -> 2:RELATION:platform=Merchant.platform -> 3:PROVIDER:postgresql= -> 4:SQL:select=] mutationLineage=[]
SQL: -- TeaQL PLAIN
SELECT id, create_time AS createTime, last_update_time AS lastUpdateTime, name, version FROM platform_data WHERE (version > 0) AND (id = 1) LIMIT 1 OFFSET 0
[TeaQL SQL][query][254us] 1 rows returned outcome=success batchOutcome=not_applicable comment=matched merchant read with relation purpose=matched benchmark read auditReason= tracePath=[0:OPERATION:Merchant=query -> 1:REQUEST:Merchant= -> 2:PROVIDER:postgresql= -> 3:SQL:select=] mutationLineage=[]
SQL: -- TeaQL PLAIN
SELECT id, name, code, external_id AS externalId, task_life_hours AS taskLifeHours, version, platform FROM merchant_data WHERE (version > 0) AND (external_id = 'matched-merchant') LIMIT 1000 OFFSET 0
[TeaQL SQL][query][286us] 1 rows returned outcome=success batchOutcome=not_applicable comment=matched merchant read with relation purpose=matched benchmark read auditReason= tracePath=[0:OPERATION:Merchant=query -> 1:REQUEST:Merchant= -> 2:RELATION:platform=Merchant.platform -> 3:PROVIDER:postgresql= -> 4:SQL:select=] mutationLineage=[]
SQL: -- TeaQL PLAIN
SELECT id, create_time AS createTime, last_update_time AS lastUpdateTime, name, version FROM platform_data WHERE (version > 0) AND (id = 1) LIMIT 1 OFFSET 0
[TeaQL SQL][query][298us] 1 rows returned outcome=success batchOutcome=not_applicable comment=matched merchant read with relation purpose=matched benchmark read auditReason= tracePath=[0:OPERATION:Merchant=query -> 1:REQUEST:Merchant= -> 2:PROVIDER:postgresql= -> 3:SQL:select=] mutationLineage=[]
SQL: -- TeaQL PLAIN
SELECT id, name, code, external_id AS externalId, task_life_hours AS taskLifeHours, version, platform FROM merchant_data WHERE (version > 0) AND (external_id = 'matched-merchant') LIMIT 1000 OFFSET 0
[TeaQL SQL][query][295us] 1 rows returned outcome=success batchOutcome=not_applicable comment=matched merchant read with relation purpose=matched benchmark read auditReason= tracePath=[0:OPERATION:Merchant=query -> 1:REQUEST:Merchant= -> 2:RELATION:platform=Merchant.platform -> 3:PROVIDER:postgresql= -> 4:SQL:select=] mutationLineage=[]
SQL: -- TeaQL PLAIN
SELECT id, create_time AS createTime, last_update_time AS lastUpdateTime, name, version FROM platform_data WHERE (version > 0) AND (id = 1) LIMIT 1 OFFSET 0
[TeaQL SQL][query][291us] 1 rows returned outcome=success batchOutcome=not_applicable comment=matched merchant read with relation purpose=matched benchmark read auditReason= tracePath=[0:OPERATION:Merchant=query -> 1:REQUEST:Merchant= -> 2:PROVIDER:postgresql= -> 3:SQL:select=] mutationLineage=[]
SQL: -- TeaQL PLAIN
SELECT id, name, code, external_id AS externalId, task_life_hours AS taskLifeHours, version, platform FROM merchant_data WHERE (version > 0) AND (external_id = 'matched-merchant') LIMIT 1000 OFFSET 0
[TeaQL SQL][query][248us] 1 rows returned outcome=success batchOutcome=not_applicable comment=matched merchant read with relation purpose=matched benchmark read auditReason= tracePath=[0:OPERATION:Merchant=query -> 1:REQUEST:Merchant= -> 2:RELATION:platform=Merchant.platform -> 3:PROVIDER:postgresql= -> 4:SQL:select=] mutationLineage=[]
SQL: -- TeaQL PLAIN
SELECT id, create_time AS createTime, last_update_time AS lastUpdateTime, name, version FROM platform_data WHERE (version > 0) AND (id = 1) LIMIT 1 OFFSET 0
[TeaQL SQL][query][327us] 1 rows returned outcome=success batchOutcome=not_applicable comment=matched merchant read with relation purpose=matched benchmark read auditReason= tracePath=[0:OPERATION:Merchant=query -> 1:REQUEST:Merchant= -> 2:PROVIDER:postgresql= -> 3:SQL:select=] mutationLineage=[]
SQL: -- TeaQL PLAIN
SELECT id, name, code, external_id AS externalId, task_life_hours AS taskLifeHours, version, platform FROM merchant_data WHERE (version > 0) AND (external_id = 'matched-merchant') LIMIT 1000 OFFSET 0
[TeaQL SQL][query][263us] 1 rows returned outcome=success batchOutcome=not_applicable comment=matched merchant read with relation purpose=matched benchmark read auditReason= tracePath=[0:OPERATION:Merchant=query -> 1:REQUEST:Merchant= -> 2:RELATION:platform=Merchant.platform -> 3:PROVIDER:postgresql= -> 4:SQL:select=] mutationLineage=[]
SQL: -- TeaQL PLAIN
SELECT id, create_time AS createTime, last_update_time AS lastUpdateTime, name, version FROM platform_data WHERE (version > 0) AND (id = 1) LIMIT 1 OFFSET 0
[TeaQL SQL][query][310us] 1 rows returned outcome=success batchOutcome=not_applicable comment=matched merchant read with relation purpose=matched benchmark read auditReason= tracePath=[0:OPERATION:Merchant=query -> 1:REQUEST:Merchant= -> 2:PROVIDER:postgresql= -> 3:SQL:select=] mutationLineage=[]
SQL: -- TeaQL PLAIN
SELECT id, name, code, external_id AS externalId, task_life_hours AS taskLifeHours, version, platform FROM merchant_data WHERE (version > 0) AND (external_id = 'matched-merchant') LIMIT 1000 OFFSET 0
[TeaQL SQL][query][281us] 1 rows returned outcome=success batchOutcome=not_applicable comment=matched merchant read with relation purpose=matched benchmark read auditReason= tracePath=[0:OPERATION:Merchant=query -> 1:REQUEST:Merchant= -> 2:RELATION:platform=Merchant.platform -> 3:PROVIDER:postgresql= -> 4:SQL:select=] mutationLineage=[]
SQL: -- TeaQL PLAIN
SELECT id, create_time AS createTime, last_update_time AS lastUpdateTime, name, version FROM platform_data WHERE (version > 0) AND (id = 1) LIMIT 1 OFFSET 0
[TeaQL SQL][query][353us] 1 rows returned outcome=success batchOutcome=not_applicable comment=matched merchant read with relation purpose=matched benchmark read auditReason= tracePath=[0:OPERATION:Merchant=query -> 1:REQUEST:Merchant= -> 2:PROVIDER:postgresql= -> 3:SQL:select=] mutationLineage=[]
SQL: -- TeaQL PLAIN
SELECT id, name, code, external_id AS externalId, task_life_hours AS taskLifeHours, version, platform FROM merchant_data WHERE (version > 0) AND (external_id = 'matched-merchant') LIMIT 1000 OFFSET 0
[TeaQL SQL][query][305us] 1 rows returned outcome=success batchOutcome=not_applicable comment=matched merchant read with relation purpose=matched benchmark read auditReason= tracePath=[0:OPERATION:Merchant=query -> 1:REQUEST:Merchant= -> 2:RELATION:platform=Merchant.platform -> 3:PROVIDER:postgresql= -> 4:SQL:select=] mutationLineage=[]
SQL: -- TeaQL PLAIN
SELECT id, create_time AS createTime, last_update_time AS lastUpdateTime, name, version FROM platform_data WHERE (version > 0) AND (id = 1) LIMIT 1 OFFSET 0
[TeaQL SQL][query][284us] 1 rows returned outcome=success batchOutcome=not_applicable comment=matched merchant read with relation purpose=matched benchmark read auditReason= tracePath=[0:OPERATION:Merchant=query -> 1:REQUEST:Merchant= -> 2:PROVIDER:postgresql= -> 3:SQL:select=] mutationLineage=[]
SQL: -- TeaQL PLAIN
SELECT id, name, code, external_id AS externalId, task_life_hours AS taskLifeHours, version, platform FROM merchant_data WHERE (version > 0) AND (external_id = 'matched-merchant') LIMIT 1000 OFFSET 0
[TeaQL SQL][query][195us] 1 rows returned outcome=success batchOutcome=not_applicable comment=matched merchant read with relation purpose=matched benchmark read auditReason= tracePath=[0:OPERATION:Merchant=query -> 1:REQUEST:Merchant= -> 2:RELATION:platform=Merchant.platform -> 3:PROVIDER:postgresql= -> 4:SQL:select=] mutationLineage=[]
SQL: -- TeaQL PLAIN
SELECT id, create_time AS createTime, last_update_time AS lastUpdateTime, name, version FROM platform_data WHERE (version > 0) AND (id = 1) LIMIT 1 OFFSET 0
[TeaQL SQL][query][238us] 1 rows returned outcome=success batchOutcome=not_applicable comment=matched merchant read with relation purpose=matched benchmark read auditReason= tracePath=[0:OPERATION:Merchant=query -> 1:REQUEST:Merchant= -> 2:PROVIDER:postgresql= -> 3:SQL:select=] mutationLineage=[]
SQL: -- TeaQL PLAIN
SELECT id, name, code, external_id AS externalId, task_life_hours AS taskLifeHours, version, platform FROM merchant_data WHERE (version > 0) AND (external_id = 'matched-merchant') LIMIT 1000 OFFSET 0
[TeaQL SQL][query][203us] 1 rows returned outcome=success batchOutcome=not_applicable comment=matched merchant read with relation purpose=matched benchmark read auditReason= tracePath=[0:OPERATION:Merchant=query -> 1:REQUEST:Merchant= -> 2:RELATION:platform=Merchant.platform -> 3:PROVIDER:postgresql= -> 4:SQL:select=] mutationLineage=[]
SQL: -- TeaQL PLAIN
SELECT id, create_time AS createTime, last_update_time AS lastUpdateTime, name, version FROM platform_data WHERE (version > 0) AND (id = 1) LIMIT 1 OFFSET 0
[TeaQL SQL][query][431us] 1 rows returned outcome=success batchOutcome=not_applicable comment=matched merchant read with relation purpose=matched benchmark read auditReason= tracePath=[0:OPERATION:Merchant=query -> 1:REQUEST:Merchant= -> 2:PROVIDER:postgresql= -> 3:SQL:select=] mutationLineage=[]
SQL: -- TeaQL PLAIN
SELECT id, name, code, external_id AS externalId, task_life_hours AS taskLifeHours, version, platform FROM merchant_data WHERE (version > 0) AND (external_id = 'matched-merchant') LIMIT 1000 OFFSET 0
[TeaQL SQL][query][299us] 1 rows returned outcome=success batchOutcome=not_applicable comment=matched merchant read with relation purpose=matched benchmark read auditReason= tracePath=[0:OPERATION:Merchant=query -> 1:REQUEST:Merchant= -> 2:RELATION:platform=Merchant.platform -> 3:PROVIDER:postgresql= -> 4:SQL:select=] mutationLineage=[]
SQL: -- TeaQL PLAIN
SELECT id, create_time AS createTime, last_update_time AS lastUpdateTime, name, version FROM platform_data WHERE (version > 0) AND (id = 1) LIMIT 1 OFFSET 0
[TeaQL SQL][query][288us] 1 rows returned outcome=success batchOutcome=not_applicable comment=matched merchant read with relation purpose=matched benchmark read auditReason= tracePath=[0:OPERATION:Merchant=query -> 1:REQUEST:Merchant= -> 2:PROVIDER:postgresql= -> 3:SQL:select=] mutationLineage=[]
SQL: -- TeaQL PLAIN
SELECT id, name, code, external_id AS externalId, task_life_hours AS taskLifeHours, version, platform FROM merchant_data WHERE (version > 0) AND (external_id = 'matched-merchant') LIMIT 1000 OFFSET 0
[TeaQL SQL][query][302us] 1 rows returned outcome=success batchOutcome=not_applicable comment=matched merchant read with relation purpose=matched benchmark read auditReason= tracePath=[0:OPERATION:Merchant=query -> 1:REQUEST:Merchant= -> 2:RELATION:platform=Merchant.platform -> 3:PROVIDER:postgresql= -> 4:SQL:select=] mutationLineage=[]
SQL: -- TeaQL PLAIN
SELECT id, create_time AS createTime, last_update_time AS lastUpdateTime, name, version FROM platform_data WHERE (version > 0) AND (id = 1) LIMIT 1 OFFSET 0
[TeaQL SQL][query][294us] 1 rows returned outcome=success batchOutcome=not_applicable comment=matched merchant read with relation purpose=matched benchmark read auditReason= tracePath=[0:OPERATION:Merchant=query -> 1:REQUEST:Merchant= -> 2:PROVIDER:postgresql= -> 3:SQL:select=] mutationLineage=[]
SQL: -- TeaQL PLAIN
SELECT id, name, code, external_id AS externalId, task_life_hours AS taskLifeHours, version, platform FROM merchant_data WHERE (version > 0) AND (external_id = 'matched-merchant') LIMIT 1000 OFFSET 0
[TeaQL SQL][query][409us] 1 rows returned outcome=success batchOutcome=not_applicable comment=matched merchant read with relation purpose=matched benchmark read auditReason= tracePath=[0:OPERATION:Merchant=query -> 1:REQUEST:Merchant= -> 2:RELATION:platform=Merchant.platform -> 3:PROVIDER:postgresql= -> 4:SQL:select=] mutationLineage=[]
SQL: -- TeaQL PLAIN
SELECT id, create_time AS createTime, last_update_time AS lastUpdateTime, name, version FROM platform_data WHERE (version > 0) AND (id = 1) LIMIT 1 OFFSET 0
[TeaQL SQL][query][280us] 1 rows returned outcome=success batchOutcome=not_applicable comment=matched merchant read with relation purpose=matched benchmark read auditReason= tracePath=[0:OPERATION:Merchant=query -> 1:REQUEST:Merchant= -> 2:PROVIDER:postgresql= -> 3:SQL:select=] mutationLineage=[]
SQL: -- TeaQL PLAIN
SELECT id, name, code, external_id AS externalId, task_life_hours AS taskLifeHours, version, platform FROM merchant_data WHERE (version > 0) AND (external_id = 'matched-merchant') LIMIT 1000 OFFSET 0
[TeaQL SQL][query][230us] 1 rows returned outcome=success batchOutcome=not_applicable comment=matched merchant read with relation purpose=matched benchmark read auditReason= tracePath=[0:OPERATION:Merchant=query -> 1:REQUEST:Merchant= -> 2:RELATION:platform=Merchant.platform -> 3:PROVIDER:postgresql= -> 4:SQL:select=] mutationLineage=[]
SQL: -- TeaQL PLAIN
SELECT id, create_time AS createTime, last_update_time AS lastUpdateTime, name, version FROM platform_data WHERE (version > 0) AND (id = 1) LIMIT 1 OFFSET 0
[TeaQL SQL][query][304us] 1 rows returned outcome=success batchOutcome=not_applicable comment=matched merchant read with relation purpose=matched benchmark read auditReason= tracePath=[0:OPERATION:Merchant=query -> 1:REQUEST:Merchant= -> 2:PROVIDER:postgresql= -> 3:SQL:select=] mutationLineage=[]
SQL: -- TeaQL PLAIN
SELECT id, name, code, external_id AS externalId, task_life_hours AS taskLifeHours, version, platform FROM merchant_data WHERE (version > 0) AND (external_id = 'matched-merchant') LIMIT 1000 OFFSET 0
[TeaQL SQL][query][198us] 1 rows returned outcome=success batchOutcome=not_applicable comment=matched merchant read with relation purpose=matched benchmark read auditReason= tracePath=[0:OPERATION:Merchant=query -> 1:REQUEST:Merchant= -> 2:PROVIDER:postgresql= -> 3:SQL:select=] mutationLineage=[]
SQL: -- TeaQL PLAIN
SELECT id, name, code, external_id AS externalId, task_life_hours AS taskLifeHours, version, platform FROM merchant_data WHERE (version > 0) AND (external_id = 'matched-merchant') LIMIT 1000 OFFSET 0
[TeaQL SQL][query][264us] 1 rows returned outcome=success batchOutcome=not_applicable comment=matched merchant read with relation purpose=matched benchmark read auditReason= tracePath=[0:OPERATION:Merchant=query -> 1:REQUEST:Merchant= -> 2:RELATION:platform=Merchant.platform -> 3:PROVIDER:postgresql= -> 4:SQL:select=] mutationLineage=[]
SQL: -- TeaQL PLAIN
SELECT id, create_time AS createTime, last_update_time AS lastUpdateTime, name, version FROM platform_data WHERE (version > 0) AND (id = 1) LIMIT 1 OFFSET 0
[TeaQL SQL][query][238us] 1 rows returned outcome=success batchOutcome=not_applicable comment=matched merchant read with relation purpose=matched benchmark read auditReason= tracePath=[0:OPERATION:Merchant=query -> 1:REQUEST:Merchant= -> 2:RELATION:platform=Merchant.platform -> 3:PROVIDER:postgresql= -> 4:SQL:select=] mutationLineage=[]
SQL: -- TeaQL PLAIN
SELECT id, create_time AS createTime, last_update_time AS lastUpdateTime, name, version FROM platform_data WHERE (version > 0) AND (id = 1) LIMIT 1 OFFSET 0
[TeaQL SQL][query][400us] 1 rows returned outcome=success batchOutcome=not_applicable comment=matched merchant read with relation purpose=matched benchmark read auditReason= tracePath=[0:OPERATION:Merchant=query -> 1:REQUEST:Merchant= -> 2:PROVIDER:postgresql= -> 3:SQL:select=] mutationLineage=[]
SQL: -- TeaQL PLAIN
SELECT id, name, code, external_id AS externalId, task_life_hours AS taskLifeHours, version, platform FROM merchant_data WHERE (version > 0) AND (external_id = 'matched-merchant') LIMIT 1000 OFFSET 0
[TeaQL SQL][query][341us] 1 rows returned outcome=success batchOutcome=not_applicable comment=matched merchant read with relation purpose=matched benchmark read auditReason= tracePath=[0:OPERATION:Merchant=query -> 1:REQUEST:Merchant= -> 2:RELATION:platform=Merchant.platform -> 3:PROVIDER:postgresql= -> 4:SQL:select=] mutationLineage=[]
SQL: -- TeaQL PLAIN
SELECT id, create_time AS createTime, last_update_time AS lastUpdateTime, name, version FROM platform_data WHERE (version > 0) AND (id = 1) LIMIT 1 OFFSET 0
[TeaQL SQL][query][303us] 1 rows returned outcome=success batchOutcome=not_applicable comment=matched merchant read with relation purpose=matched benchmark read auditReason= tracePath=[0:OPERATION:Merchant=query -> 1:REQUEST:Merchant= -> 2:PROVIDER:postgresql= -> 3:SQL:select=] mutationLineage=[]
SQL: -- TeaQL PLAIN
SELECT id, name, code, external_id AS externalId, task_life_hours AS taskLifeHours, version, platform FROM merchant_data WHERE (version > 0) AND (external_id = 'matched-merchant') LIMIT 1000 OFFSET 0
[TeaQL SQL][query][262us] 1 rows returned outcome=success batchOutcome=not_applicable comment=matched merchant read with relation purpose=matched benchmark read auditReason= tracePath=[0:OPERATION:Merchant=query -> 1:REQUEST:Merchant= -> 2:RELATION:platform=Merchant.platform -> 3:PROVIDER:postgresql= -> 4:SQL:select=] mutationLineage=[]
SQL: -- TeaQL PLAIN
SELECT id, create_time AS createTime, last_update_time AS lastUpdateTime, name, version FROM platform_data WHERE (version > 0) AND (id = 1) LIMIT 1 OFFSET 0
[TeaQL SQL][query][309us] 1 rows returned outcome=success batchOutcome=not_applicable comment=matched merchant read with relation purpose=matched benchmark read auditReason= tracePath=[0:OPERATION:Merchant=query -> 1:REQUEST:Merchant= -> 2:PROVIDER:postgresql= -> 3:SQL:select=] mutationLineage=[]
SQL: -- TeaQL PLAIN
SELECT id, name, code, external_id AS externalId, task_life_hours AS taskLifeHours, version, platform FROM merchant_data WHERE (version > 0) AND (external_id = 'matched-merchant') LIMIT 1000 OFFSET 0
[TeaQL SQL][query][196us] 1 rows returned outcome=success batchOutcome=not_applicable comment=matched merchant read with relation purpose=matched benchmark read auditReason= tracePath=[0:OPERATION:Merchant=query -> 1:REQUEST:Merchant= -> 2:RELATION:platform=Merchant.platform -> 3:PROVIDER:postgresql= -> 4:SQL:select=] mutationLineage=[]
SQL: -- TeaQL PLAIN
SELECT id, create_time AS createTime, last_update_time AS lastUpdateTime, name, version FROM platform_data WHERE (version > 0) AND (id = 1) LIMIT 1 OFFSET 0
[TeaQL SQL][query][324us] 1 rows returned outcome=success batchOutcome=not_applicable comment=matched merchant read with relation purpose=matched benchmark read auditReason= tracePath=[0:OPERATION:Merchant=query -> 1:REQUEST:Merchant= -> 2:PROVIDER:postgresql= -> 3:SQL:select=] mutationLineage=[]
SQL: -- TeaQL PLAIN
SELECT id, name, code, external_id AS externalId, task_life_hours AS taskLifeHours, version, platform FROM merchant_data WHERE (version > 0) AND (external_id = 'matched-merchant') LIMIT 1000 OFFSET 0
[TeaQL SQL][query][255us] 1 rows returned outcome=success batchOutcome=not_applicable comment=matched merchant read with relation purpose=matched benchmark read auditReason= tracePath=[0:OPERATION:Merchant=query -> 1:REQUEST:Merchant= -> 2:RELATION:platform=Merchant.platform -> 3:PROVIDER:postgresql= -> 4:SQL:select=] mutationLineage=[]
SQL: -- TeaQL PLAIN
SELECT id, create_time AS createTime, last_update_time AS lastUpdateTime, name, version FROM platform_data WHERE (version > 0) AND (id = 1) LIMIT 1 OFFSET 0
[TeaQL SQL][query][263us] 1 rows returned outcome=success batchOutcome=not_applicable comment=matched merchant read with relation purpose=matched benchmark read auditReason= tracePath=[0:OPERATION:Merchant=query -> 1:REQUEST:Merchant= -> 2:PROVIDER:postgresql= -> 3:SQL:select=] mutationLineage=[]
SQL: -- TeaQL PLAIN
SELECT id, name, code, external_id AS externalId, task_life_hours AS taskLifeHours, version, platform FROM merchant_data WHERE (version > 0) AND (external_id = 'matched-merchant') LIMIT 1000 OFFSET 0
[TeaQL SQL][query][245us] 1 rows returned outcome=success batchOutcome=not_applicable comment=matched merchant read with relation purpose=matched benchmark read auditReason= tracePath=[0:OPERATION:Merchant=query -> 1:REQUEST:Merchant= -> 2:RELATION:platform=Merchant.platform -> 3:PROVIDER:postgresql= -> 4:SQL:select=] mutationLineage=[]
SQL: -- TeaQL PLAIN
SELECT id, create_time AS createTime, last_update_time AS lastUpdateTime, name, version FROM platform_data WHERE (version > 0) AND (id = 1) LIMIT 1 OFFSET 0
[TeaQL SQL][query][248us] 1 rows returned outcome=success batchOutcome=not_applicable comment=matched merchant read with relation purpose=matched benchmark read auditReason= tracePath=[0:OPERATION:Merchant=query -> 1:REQUEST:Merchant= -> 2:PROVIDER:postgresql= -> 3:SQL:select=] mutationLineage=[]
SQL: -- TeaQL PLAIN
SELECT id, name, code, external_id AS externalId, task_life_hours AS taskLifeHours, version, platform FROM merchant_data WHERE (version > 0) AND (external_id = 'matched-merchant') LIMIT 1000 OFFSET 0
[TeaQL SQL][query][218us] 1 rows returned outcome=success batchOutcome=not_applicable comment=matched merchant read with relation purpose=matched benchmark read auditReason= tracePath=[0:OPERATION:Merchant=query -> 1:REQUEST:Merchant= -> 2:PROVIDER:postgresql= -> 3:SQL:select=] mutationLineage=[]
SQL: -- TeaQL PLAIN
SELECT id, name, code, external_id AS externalId, task_life_hours AS taskLifeHours, version, platform FROM merchant_data WHERE (version > 0) AND (external_id = 'matched-merchant') LIMIT 1000 OFFSET 0
[TeaQL SQL][query][230us] 1 rows returned outcome=success batchOutcome=not_applicable comment=matched merchant read with relation purpose=matched benchmark read auditReason= tracePath=[0:OPERATION:Merchant=query -> 1:REQUEST:Merchant= -> 2:RELATION:platform=Merchant.platform -> 3:PROVIDER:postgresql= -> 4:SQL:select=] mutationLineage=[]
SQL: -- TeaQL PLAIN
SELECT id, create_time AS createTime, last_update_time AS lastUpdateTime, name, version FROM platform_data WHERE (version > 0) AND (id = 1) LIMIT 1 OFFSET 0
[TeaQL SQL][query][205us] 1 rows returned outcome=success batchOutcome=not_applicable comment=matched merchant read with relation purpose=matched benchmark read auditReason= tracePath=[0:OPERATION:Merchant=query -> 1:REQUEST:Merchant= -> 2:RELATION:platform=Merchant.platform -> 3:PROVIDER:postgresql= -> 4:SQL:select=] mutationLineage=[]
SQL: -- TeaQL PLAIN
SELECT id, create_time AS createTime, last_update_time AS lastUpdateTime, name, version FROM platform_data WHERE (version > 0) AND (id = 1) LIMIT 1 OFFSET 0
[TeaQL SQL][query][422us] 1 rows returned outcome=success batchOutcome=not_applicable comment=matched merchant read with relation purpose=matched benchmark read auditReason= tracePath=[0:OPERATION:Merchant=query -> 1:REQUEST:Merchant= -> 2:PROVIDER:postgresql= -> 3:SQL:select=] mutationLineage=[]
SQL: -- TeaQL PLAIN
SELECT id, name, code, external_id AS externalId, task_life_hours AS taskLifeHours, version, platform FROM merchant_data WHERE (version > 0) AND (external_id = 'matched-merchant') LIMIT 1000 OFFSET 0
[TeaQL SQL][query][422us] 1 rows returned outcome=success batchOutcome=not_applicable comment=matched merchant read with relation purpose=matched benchmark read auditReason= tracePath=[0:OPERATION:Merchant=query -> 1:REQUEST:Merchant= -> 2:PROVIDER:postgresql= -> 3:SQL:select=] mutationLineage=[]
SQL: -- TeaQL PLAIN
SELECT id, name, code, external_id AS externalId, task_life_hours AS taskLifeHours, version, platform FROM merchant_data WHERE (version > 0) AND (external_id = 'matched-merchant') LIMIT 1000 OFFSET 0
[TeaQL SQL][query][422us] 1 rows returned outcome=success batchOutcome=not_applicable comment=matched merchant read with relation purpose=matched benchmark read auditReason= tracePath=[0:OPERATION:Merchant=query -> 1:REQUEST:Merchant= -> 2:PROVIDER:postgresql= -> 3:SQL:select=] mutationLineage=[]
SQL: -- TeaQL PLAIN
SELECT id, name, code, external_id AS externalId, task_life_hours AS taskLifeHours, version, platform FROM merchant_data WHERE (version > 0) AND (external_id = 'matched-merchant') LIMIT 1000 OFFSET 0
[TeaQL SQL][query][217us] 1 rows returned outcome=success batchOutcome=not_applicable comment=matched merchant read with relation purpose=matched benchmark read auditReason= tracePath=[0:OPERATION:Merchant=query -> 1:REQUEST:Merchant= -> 2:RELATION:platform=Merchant.platform -> 3:PROVIDER:postgresql= -> 4:SQL:select=] mutationLineage=[]
SQL: -- TeaQL PLAIN
SELECT id, create_time AS createTime, last_update_time AS lastUpdateTime, name, version FROM platform_data WHERE (version > 0) AND (id = 1) LIMIT 1 OFFSET 0
[TeaQL SQL][query][248us] 1 rows returned outcome=success batchOutcome=not_applicable comment=matched merchant read with relation purpose=matched benchmark read auditReason= tracePath=[0:OPERATION:Merchant=query -> 1:REQUEST:Merchant= -> 2:RELATION:platform=Merchant.platform -> 3:PROVIDER:postgresql= -> 4:SQL:select=] mutationLineage=[]
SQL: -- TeaQL PLAIN
SELECT id, create_time AS createTime, last_update_time AS lastUpdateTime, name, version FROM platform_data WHERE (version > 0) AND (id = 1) LIMIT 1 OFFSET 0
[TeaQL SQL][query][279us] 1 rows returned outcome=success batchOutcome=not_applicable comment=matched merchant read with relation purpose=matched benchmark read auditReason= tracePath=[0:OPERATION:Merchant=query -> 1:REQUEST:Merchant= -> 2:RELATION:platform=Merchant.platform -> 3:PROVIDER:postgresql= -> 4:SQL:select=] mutationLineage=[]
SQL: -- TeaQL PLAIN
SELECT id, create_time AS createTime, last_update_time AS lastUpdateTime, name, version FROM platform_data WHERE (version > 0) AND (id = 1) LIMIT 1 OFFSET 0
[TeaQL SQL][query][322us] 1 rows returned outcome=success batchOutcome=not_applicable comment=matched merchant read with relation purpose=matched benchmark read auditReason= tracePath=[0:OPERATION:Merchant=query -> 1:REQUEST:Merchant= -> 2:PROVIDER:postgresql= -> 3:SQL:select=] mutationLineage=[]
SQL: -- TeaQL PLAIN
SELECT id, name, code, external_id AS externalId, task_life_hours AS taskLifeHours, version, platform FROM merchant_data WHERE (version > 0) AND (external_id = 'matched-merchant') LIMIT 1000 OFFSET 0
[TeaQL SQL][query][279us] 1 rows returned outcome=success batchOutcome=not_applicable comment=matched merchant read with relation purpose=matched benchmark read auditReason= tracePath=[0:OPERATION:Merchant=query -> 1:REQUEST:Merchant= -> 2:RELATION:platform=Merchant.platform -> 3:PROVIDER:postgresql= -> 4:SQL:select=] mutationLineage=[]
SQL: -- TeaQL PLAIN
SELECT id, create_time AS createTime, last_update_time AS lastUpdateTime, name, version FROM platform_data WHERE (version > 0) AND (id = 1) LIMIT 1 OFFSET 0
[TeaQL SQL][query][263us] 1 rows returned outcome=success batchOutcome=not_applicable comment=matched merchant read with relation purpose=matched benchmark read auditReason= tracePath=[0:OPERATION:Merchant=query -> 1:REQUEST:Merchant= -> 2:PROVIDER:postgresql= -> 3:SQL:select=] mutationLineage=[]
SQL: -- TeaQL PLAIN
SELECT id, name, code, external_id AS externalId, task_life_hours AS taskLifeHours, version, platform FROM merchant_data WHERE (version > 0) AND (external_id = 'matched-merchant') LIMIT 1000 OFFSET 0
[TeaQL SQL][query][252us] 1 rows returned outcome=success batchOutcome=not_applicable comment=matched merchant read with relation purpose=matched benchmark read auditReason= tracePath=[0:OPERATION:Merchant=query -> 1:REQUEST:Merchant= -> 2:PROVIDER:postgresql= -> 3:SQL:select=] mutationLineage=[]
SQL: -- TeaQL PLAIN
SELECT id, name, code, external_id AS externalId, task_life_hours AS taskLifeHours, version, platform FROM merchant_data WHERE (version > 0) AND (external_id = 'matched-merchant') LIMIT 1000 OFFSET 0
[TeaQL SQL][query][263us] 1 rows returned outcome=success batchOutcome=not_applicable comment=matched merchant read with relation purpose=matched benchmark read auditReason= tracePath=[0:OPERATION:Merchant=query -> 1:REQUEST:Merchant= -> 2:RELATION:platform=Merchant.platform -> 3:PROVIDER:postgresql= -> 4:SQL:select=] mutationLineage=[]
SQL: -- TeaQL PLAIN
SELECT id, create_time AS createTime, last_update_time AS lastUpdateTime, name, version FROM platform_data WHERE (version > 0) AND (id = 1) LIMIT 1 OFFSET 0
[TeaQL SQL][query][263us] 1 rows returned outcome=success batchOutcome=not_applicable comment=matched merchant read with relation purpose=matched benchmark read auditReason= tracePath=[0:OPERATION:Merchant=query -> 1:REQUEST:Merchant= -> 2:RELATION:platform=Merchant.platform -> 3:PROVIDER:postgresql= -> 4:SQL:select=] mutationLineage=[]
SQL: -- TeaQL PLAIN
SELECT id, create_time AS createTime, last_update_time AS lastUpdateTime, name, version FROM platform_data WHERE (version > 0) AND (id = 1) LIMIT 1 OFFSET 0
[TeaQL SQL][query][484us] 1 rows returned outcome=success batchOutcome=not_applicable comment=matched merchant read with relation purpose=matched benchmark read auditReason= tracePath=[0:OPERATION:Merchant=query -> 1:REQUEST:Merchant= -> 2:PROVIDER:postgresql= -> 3:SQL:select=] mutationLineage=[]
SQL: -- TeaQL PLAIN
SELECT id, name, code, external_id AS externalId, task_life_hours AS taskLifeHours, version, platform FROM merchant_data WHERE (version > 0) AND (external_id = 'matched-merchant') LIMIT 1000 OFFSET 0
[TeaQL SQL][query][330us] 1 rows returned outcome=success batchOutcome=not_applicable comment=matched merchant read with relation purpose=matched benchmark read auditReason= tracePath=[0:OPERATION:Merchant=query -> 1:REQUEST:Merchant= -> 2:RELATION:platform=Merchant.platform -> 3:PROVIDER:postgresql= -> 4:SQL:select=] mutationLineage=[]
SQL: -- TeaQL PLAIN
SELECT id, create_time AS createTime, last_update_time AS lastUpdateTime, name, version FROM platform_data WHERE (version > 0) AND (id = 1) LIMIT 1 OFFSET 0
[TeaQL SQL][query][394us] 1 rows returned outcome=success batchOutcome=not_applicable comment=matched merchant read with relation purpose=matched benchmark read auditReason= tracePath=[0:OPERATION:Merchant=query -> 1:REQUEST:Merchant= -> 2:PROVIDER:postgresql= -> 3:SQL:select=] mutationLineage=[]
SQL: -- TeaQL PLAIN
SELECT id, name, code, external_id AS externalId, task_life_hours AS taskLifeHours, version, platform FROM merchant_data WHERE (version > 0) AND (external_id = 'matched-merchant') LIMIT 1000 OFFSET 0
[TeaQL SQL][query][267us] 1 rows returned outcome=success batchOutcome=not_applicable comment=matched merchant read with relation purpose=matched benchmark read auditReason= tracePath=[0:OPERATION:Merchant=query -> 1:REQUEST:Merchant= -> 2:RELATION:platform=Merchant.platform -> 3:PROVIDER:postgresql= -> 4:SQL:select=] mutationLineage=[]
SQL: -- TeaQL PLAIN
SELECT id, create_time AS createTime, last_update_time AS lastUpdateTime, name, version FROM platform_data WHERE (version > 0) AND (id = 1) LIMIT 1 OFFSET 0
[TeaQL SQL][query][294us] 1 rows returned outcome=success batchOutcome=not_applicable comment=matched merchant read with relation purpose=matched benchmark read auditReason= tracePath=[0:OPERATION:Merchant=query -> 1:REQUEST:Merchant= -> 2:PROVIDER:postgresql= -> 3:SQL:select=] mutationLineage=[]
SQL: -- TeaQL PLAIN
SELECT id, name, code, external_id AS externalId, task_life_hours AS taskLifeHours, version, platform FROM merchant_data WHERE (version > 0) AND (external_id = 'matched-merchant') LIMIT 1000 OFFSET 0
[TeaQL SQL][query][266us] 1 rows returned outcome=success batchOutcome=not_applicable comment=matched merchant read with relation purpose=matched benchmark read auditReason= tracePath=[0:OPERATION:Merchant=query -> 1:REQUEST:Merchant= -> 2:PROVIDER:postgresql= -> 3:SQL:select=] mutationLineage=[]
SQL: -- TeaQL PLAIN
SELECT id, name, code, external_id AS externalId, task_life_hours AS taskLifeHours, version, platform FROM merchant_data WHERE (version > 0) AND (external_id = 'matched-merchant') LIMIT 1000 OFFSET 0
[TeaQL SQL][query][317us] 1 rows returned outcome=success batchOutcome=not_applicable comment=matched merchant read with relation purpose=matched benchmark read auditReason= tracePath=[0:OPERATION:Merchant=query -> 1:REQUEST:Merchant= -> 2:RELATION:platform=Merchant.platform -> 3:PROVIDER:postgresql= -> 4:SQL:select=] mutationLineage=[]
SQL: -- TeaQL PLAIN
SELECT id, create_time AS createTime, last_update_time AS lastUpdateTime, name, version FROM platform_data WHERE (version > 0) AND (id = 1) LIMIT 1 OFFSET 0
[TeaQL SQL][query][265us] 1 rows returned outcome=success batchOutcome=not_applicable comment=matched merchant read with relation purpose=matched benchmark read auditReason= tracePath=[0:OPERATION:Merchant=query -> 1:REQUEST:Merchant= -> 2:RELATION:platform=Merchant.platform -> 3:PROVIDER:postgresql= -> 4:SQL:select=] mutationLineage=[]
SQL: -- TeaQL PLAIN
SELECT id, create_time AS createTime, last_update_time AS lastUpdateTime, name, version FROM platform_data WHERE (version > 0) AND (id = 1) LIMIT 1 OFFSET 0
[TeaQL SQL][query][272us] 1 rows returned outcome=success batchOutcome=not_applicable comment=matched merchant read with relation purpose=matched benchmark read auditReason= tracePath=[0:OPERATION:Merchant=query -> 1:REQUEST:Merchant= -> 2:PROVIDER:postgresql= -> 3:SQL:select=] mutationLineage=[]
SQL: -- TeaQL PLAIN
SELECT id, name, code, external_id AS externalId, task_life_hours AS taskLifeHours, version, platform FROM merchant_data WHERE (version > 0) AND (external_id = 'matched-merchant') LIMIT 1000 OFFSET 0
[TeaQL SQL][query][238us] 1 rows returned outcome=success batchOutcome=not_applicable comment=matched merchant read with relation purpose=matched benchmark read auditReason= tracePath=[0:OPERATION:Merchant=query -> 1:REQUEST:Merchant= -> 2:RELATION:platform=Merchant.platform -> 3:PROVIDER:postgresql= -> 4:SQL:select=] mutationLineage=[]
SQL: -- TeaQL PLAIN
SELECT id, create_time AS createTime, last_update_time AS lastUpdateTime, name, version FROM platform_data WHERE (version > 0) AND (id = 1) LIMIT 1 OFFSET 0
[TeaQL SQL][query][259us] 1 rows returned outcome=success batchOutcome=not_applicable comment=matched merchant read with relation purpose=matched benchmark read auditReason= tracePath=[0:OPERATION:Merchant=query -> 1:REQUEST:Merchant= -> 2:PROVIDER:postgresql= -> 3:SQL:select=] mutationLineage=[]
SQL: -- TeaQL PLAIN
SELECT id, name, code, external_id AS externalId, task_life_hours AS taskLifeHours, version, platform FROM merchant_data WHERE (version > 0) AND (external_id = 'matched-merchant') LIMIT 1000 OFFSET 0
[TeaQL SQL][query][371us] 1 rows returned outcome=success batchOutcome=not_applicable comment=matched merchant read with relation purpose=matched benchmark read auditReason= tracePath=[0:OPERATION:Merchant=query -> 1:REQUEST:Merchant= -> 2:RELATION:platform=Merchant.platform -> 3:PROVIDER:postgresql= -> 4:SQL:select=] mutationLineage=[]
SQL: -- TeaQL PLAIN
SELECT id, create_time AS createTime, last_update_time AS lastUpdateTime, name, version FROM platform_data WHERE (version > 0) AND (id = 1) LIMIT 1 OFFSET 0
[TeaQL SQL][query][204us] 1 rows returned outcome=success batchOutcome=not_applicable comment=matched merchant read with relation purpose=matched benchmark read auditReason= tracePath=[0:OPERATION:Merchant=query -> 1:REQUEST:Merchant= -> 2:PROVIDER:postgresql= -> 3:SQL:select=] mutationLineage=[]
SQL: -- TeaQL PLAIN
SELECT id, name, code, external_id AS externalId, task_life_hours AS taskLifeHours, version, platform FROM merchant_data WHERE (version > 0) AND (external_id = 'matched-merchant') LIMIT 1000 OFFSET 0
[TeaQL SQL][query][348us] 1 rows returned outcome=success batchOutcome=not_applicable comment=matched merchant read with relation purpose=matched benchmark read auditReason= tracePath=[0:OPERATION:Merchant=query -> 1:REQUEST:Merchant= -> 2:RELATION:platform=Merchant.platform -> 3:PROVIDER:postgresql= -> 4:SQL:select=] mutationLineage=[]
SQL: -- TeaQL PLAIN
SELECT id, create_time AS createTime, last_update_time AS lastUpdateTime, name, version FROM platform_data WHERE (version > 0) AND (id = 1) LIMIT 1 OFFSET 0
[TeaQL SQL][query][401us] 1 rows returned outcome=success batchOutcome=not_applicable comment=matched merchant read with relation purpose=matched benchmark read auditReason= tracePath=[0:OPERATION:Merchant=query -> 1:REQUEST:Merchant= -> 2:PROVIDER:postgresql= -> 3:SQL:select=] mutationLineage=[]
SQL: -- TeaQL PLAIN
SELECT id, name, code, external_id AS externalId, task_life_hours AS taskLifeHours, version, platform FROM merchant_data WHERE (version > 0) AND (external_id = 'matched-merchant') LIMIT 1000 OFFSET 0
[TeaQL SQL][query][347us] 1 rows returned outcome=success batchOutcome=not_applicable comment=matched merchant read with relation purpose=matched benchmark read auditReason= tracePath=[0:OPERATION:Merchant=query -> 1:REQUEST:Merchant= -> 2:RELATION:platform=Merchant.platform -> 3:PROVIDER:postgresql= -> 4:SQL:select=] mutationLineage=[]
SQL: -- TeaQL PLAIN
SELECT id, create_time AS createTime, last_update_time AS lastUpdateTime, name, version FROM platform_data WHERE (version > 0) AND (id = 1) LIMIT 1 OFFSET 0
[TeaQL SQL][query][556us] 1 rows returned outcome=success batchOutcome=not_applicable comment=matched merchant read with relation purpose=matched benchmark read auditReason= tracePath=[0:OPERATION:Merchant=query -> 1:REQUEST:Merchant= -> 2:PROVIDER:postgresql= -> 3:SQL:select=] mutationLineage=[]
SQL: -- TeaQL PLAIN
SELECT id, name, code, external_id AS externalId, task_life_hours AS taskLifeHours, version, platform FROM merchant_data WHERE (version > 0) AND (external_id = 'matched-merchant') LIMIT 1000 OFFSET 0
[TeaQL SQL][query][581us] 1 rows returned outcome=success batchOutcome=not_applicable comment=matched merchant read with relation purpose=matched benchmark read auditReason= tracePath=[0:OPERATION:Merchant=query -> 1:REQUEST:Merchant= -> 2:PROVIDER:postgresql= -> 3:SQL:select=] mutationLineage=[]
SQL: -- TeaQL PLAIN
SELECT id, name, code, external_id AS externalId, task_life_hours AS taskLifeHours, version, platform FROM merchant_data WHERE (version > 0) AND (external_id = 'matched-merchant') LIMIT 1000 OFFSET 0
[TeaQL SQL][query][322us] 1 rows returned outcome=success batchOutcome=not_applicable comment=matched merchant read with relation purpose=matched benchmark read auditReason= tracePath=[0:OPERATION:Merchant=query -> 1:REQUEST:Merchant= -> 2:RELATION:platform=Merchant.platform -> 3:PROVIDER:postgresql= -> 4:SQL:select=] mutationLineage=[]
SQL: -- TeaQL PLAIN
SELECT id, create_time AS createTime, last_update_time AS lastUpdateTime, name, version FROM platform_data WHERE (version > 0) AND (id = 1) LIMIT 1 OFFSET 0
[TeaQL SQL][query][366us] 1 rows returned outcome=success batchOutcome=not_applicable comment=matched merchant read with relation purpose=matched benchmark read auditReason= tracePath=[0:OPERATION:Merchant=query -> 1:REQUEST:Merchant= -> 2:RELATION:platform=Merchant.platform -> 3:PROVIDER:postgresql= -> 4:SQL:select=] mutationLineage=[]
SQL: -- TeaQL PLAIN
SELECT id, create_time AS createTime, last_update_time AS lastUpdateTime, name, version FROM platform_data WHERE (version > 0) AND (id = 1) LIMIT 1 OFFSET 0
[TeaQL SQL][query][280us] 1 rows returned outcome=success batchOutcome=not_applicable comment=matched merchant read with relation purpose=matched benchmark read auditReason= tracePath=[0:OPERATION:Merchant=query -> 1:REQUEST:Merchant= -> 2:PROVIDER:postgresql= -> 3:SQL:select=] mutationLineage=[]
SQL: -- TeaQL PLAIN
SELECT id, name, code, external_id AS externalId, task_life_hours AS taskLifeHours, version, platform FROM merchant_data WHERE (version > 0) AND (external_id = 'matched-merchant') LIMIT 1000 OFFSET 0
[TeaQL SQL][query][442us] 1 rows returned outcome=success batchOutcome=not_applicable comment=matched merchant read with relation purpose=matched benchmark read auditReason= tracePath=[0:OPERATION:Merchant=query -> 1:REQUEST:Merchant= -> 2:PROVIDER:postgresql= -> 3:SQL:select=] mutationLineage=[]
SQL: -- TeaQL PLAIN
SELECT id, name, code, external_id AS externalId, task_life_hours AS taskLifeHours, version, platform FROM merchant_data WHERE (version > 0) AND (external_id = 'matched-merchant') LIMIT 1000 OFFSET 0
[TeaQL SQL][query][329us] 1 rows returned outcome=success batchOutcome=not_applicable comment=matched merchant read with relation purpose=matched benchmark read auditReason= tracePath=[0:OPERATION:Merchant=query -> 1:REQUEST:Merchant= -> 2:RELATION:platform=Merchant.platform -> 3:PROVIDER:postgresql= -> 4:SQL:select=] mutationLineage=[]
SQL: -- TeaQL PLAIN
SELECT id, create_time AS createTime, last_update_time AS lastUpdateTime, name, version FROM platform_data WHERE (version > 0) AND (id = 1) LIMIT 1 OFFSET 0
[TeaQL SQL][query][329us] 1 rows returned outcome=success batchOutcome=not_applicable comment=matched merchant read with relation purpose=matched benchmark read auditReason= tracePath=[0:OPERATION:Merchant=query -> 1:REQUEST:Merchant= -> 2:RELATION:platform=Merchant.platform -> 3:PROVIDER:postgresql= -> 4:SQL:select=] mutationLineage=[]
SQL: -- TeaQL PLAIN
SELECT id, create_time AS createTime, last_update_time AS lastUpdateTime, name, version FROM platform_data WHERE (version > 0) AND (id = 1) LIMIT 1 OFFSET 0
[TeaQL SQL][query][303us] 1 rows returned outcome=success batchOutcome=not_applicable comment=matched merchant read with relation purpose=matched benchmark read auditReason= tracePath=[0:OPERATION:Merchant=query -> 1:REQUEST:Merchant= -> 2:PROVIDER:postgresql= -> 3:SQL:select=] mutationLineage=[]
SQL: -- TeaQL PLAIN
SELECT id, name, code, external_id AS externalId, task_life_hours AS taskLifeHours, version, platform FROM merchant_data WHERE (version > 0) AND (external_id = 'matched-merchant') LIMIT 1000 OFFSET 0
[TeaQL SQL][query][265us] 1 rows returned outcome=success batchOutcome=not_applicable comment=matched merchant read with relation purpose=matched benchmark read auditReason= tracePath=[0:OPERATION:Merchant=query -> 1:REQUEST:Merchant= -> 2:RELATION:platform=Merchant.platform -> 3:PROVIDER:postgresql= -> 4:SQL:select=] mutationLineage=[]
SQL: -- TeaQL PLAIN
SELECT id, create_time AS createTime, last_update_time AS lastUpdateTime, name, version FROM platform_data WHERE (version > 0) AND (id = 1) LIMIT 1 OFFSET 0
[TeaQL SQL][query][270us] 1 rows returned outcome=success batchOutcome=not_applicable comment=matched merchant read with relation purpose=matched benchmark read auditReason= tracePath=[0:OPERATION:Merchant=query -> 1:REQUEST:Merchant= -> 2:PROVIDER:postgresql= -> 3:SQL:select=] mutationLineage=[]
SQL: -- TeaQL PLAIN
SELECT id, name, code, external_id AS externalId, task_life_hours AS taskLifeHours, version, platform FROM merchant_data WHERE (version > 0) AND (external_id = 'matched-merchant') LIMIT 1000 OFFSET 0
[TeaQL SQL][query][274us] 1 rows returned outcome=success batchOutcome=not_applicable comment=matched merchant read with relation purpose=matched benchmark read auditReason= tracePath=[0:OPERATION:Merchant=query -> 1:REQUEST:Merchant= -> 2:RELATION:platform=Merchant.platform -> 3:PROVIDER:postgresql= -> 4:SQL:select=] mutationLineage=[]
SQL: -- TeaQL PLAIN
SELECT id, create_time AS createTime, last_update_time AS lastUpdateTime, name, version FROM platform_data WHERE (version > 0) AND (id = 1) LIMIT 1 OFFSET 0
[TeaQL SQL][query][351us] 1 rows returned outcome=success batchOutcome=not_applicable comment=matched merchant read with relation purpose=matched benchmark read auditReason= tracePath=[0:OPERATION:Merchant=query -> 1:REQUEST:Merchant= -> 2:PROVIDER:postgresql= -> 3:SQL:select=] mutationLineage=[]
SQL: -- TeaQL PLAIN
SELECT id, name, code, external_id AS externalId, task_life_hours AS taskLifeHours, version, platform FROM merchant_data WHERE (version > 0) AND (external_id = 'matched-merchant') LIMIT 1000 OFFSET 0
[TeaQL SQL][query][353us] 1 rows returned outcome=success batchOutcome=not_applicable comment=matched merchant read with relation purpose=matched benchmark read auditReason= tracePath=[0:OPERATION:Merchant=query -> 1:REQUEST:Merchant= -> 2:RELATION:platform=Merchant.platform -> 3:PROVIDER:postgresql= -> 4:SQL:select=] mutationLineage=[]
SQL: -- TeaQL PLAIN
SELECT id, create_time AS createTime, last_update_time AS lastUpdateTime, name, version FROM platform_data WHERE (version > 0) AND (id = 1) LIMIT 1 OFFSET 0
[TeaQL SQL][query][373us] 1 rows returned outcome=success batchOutcome=not_applicable comment=matched merchant read with relation purpose=matched benchmark read auditReason= tracePath=[0:OPERATION:Merchant=query -> 1:REQUEST:Merchant= -> 2:PROVIDER:postgresql= -> 3:SQL:select=] mutationLineage=[]
SQL: -- TeaQL PLAIN
SELECT id, name, code, external_id AS externalId, task_life_hours AS taskLifeHours, version, platform FROM merchant_data WHERE (version > 0) AND (external_id = 'matched-merchant') LIMIT 1000 OFFSET 0
[TeaQL SQL][query][337us] 1 rows returned outcome=success batchOutcome=not_applicable comment=matched merchant read with relation purpose=matched benchmark read auditReason= tracePath=[0:OPERATION:Merchant=query -> 1:REQUEST:Merchant= -> 2:RELATION:platform=Merchant.platform -> 3:PROVIDER:postgresql= -> 4:SQL:select=] mutationLineage=[]
SQL: -- TeaQL PLAIN
SELECT id, create_time AS createTime, last_update_time AS lastUpdateTime, name, version FROM platform_data WHERE (version > 0) AND (id = 1) LIMIT 1 OFFSET 0
[TeaQL SQL][query][467us] 1 rows returned outcome=success batchOutcome=not_applicable comment=matched merchant read with relation purpose=matched benchmark read auditReason= tracePath=[0:OPERATION:Merchant=query -> 1:REQUEST:Merchant= -> 2:PROVIDER:postgresql= -> 3:SQL:select=] mutationLineage=[]
SQL: -- TeaQL PLAIN
SELECT id, name, code, external_id AS externalId, task_life_hours AS taskLifeHours, version, platform FROM merchant_data WHERE (version > 0) AND (external_id = 'matched-merchant') LIMIT 1000 OFFSET 0
[TeaQL SQL][query][396us] 1 rows returned outcome=success batchOutcome=not_applicable comment=matched merchant read with relation purpose=matched benchmark read auditReason= tracePath=[0:OPERATION:Merchant=query -> 1:REQUEST:Merchant= -> 2:PROVIDER:postgresql= -> 3:SQL:select=] mutationLineage=[]
SQL: -- TeaQL PLAIN
SELECT id, name, code, external_id AS externalId, task_life_hours AS taskLifeHours, version, platform FROM merchant_data WHERE (version > 0) AND (external_id = 'matched-merchant') LIMIT 1000 OFFSET 0
[TeaQL SQL][query][333us] 1 rows returned outcome=success batchOutcome=not_applicable comment=matched merchant read with relation purpose=matched benchmark read auditReason= tracePath=[0:OPERATION:Merchant=query -> 1:REQUEST:Merchant= -> 2:RELATION:platform=Merchant.platform -> 3:PROVIDER:postgresql= -> 4:SQL:select=] mutationLineage=[]
SQL: -- TeaQL PLAIN
SELECT id, create_time AS createTime, last_update_time AS lastUpdateTime, name, version FROM platform_data WHERE (version > 0) AND (id = 1) LIMIT 1 OFFSET 0
[TeaQL SQL][query][281us] 1 rows returned outcome=success batchOutcome=not_applicable comment=matched merchant read with relation purpose=matched benchmark read auditReason= tracePath=[0:OPERATION:Merchant=query -> 1:REQUEST:Merchant= -> 2:RELATION:platform=Merchant.platform -> 3:PROVIDER:postgresql= -> 4:SQL:select=] mutationLineage=[]
SQL: -- TeaQL PLAIN
SELECT id, create_time AS createTime, last_update_time AS lastUpdateTime, name, version FROM platform_data WHERE (version > 0) AND (id = 1) LIMIT 1 OFFSET 0
[TeaQL SQL][query][391us] 1 rows returned outcome=success batchOutcome=not_applicable comment=matched merchant read with relation purpose=matched benchmark read auditReason= tracePath=[0:OPERATION:Merchant=query -> 1:REQUEST:Merchant= -> 2:PROVIDER:postgresql= -> 3:SQL:select=] mutationLineage=[]
SQL: -- TeaQL PLAIN
SELECT id, name, code, external_id AS externalId, task_life_hours AS taskLifeHours, version, platform FROM merchant_data WHERE (version > 0) AND (external_id = 'matched-merchant') LIMIT 1000 OFFSET 0
[TeaQL SQL][query][353us] 1 rows returned outcome=success batchOutcome=not_applicable comment=matched merchant read with relation purpose=matched benchmark read auditReason= tracePath=[0:OPERATION:Merchant=query -> 1:REQUEST:Merchant= -> 2:PROVIDER:postgresql= -> 3:SQL:select=] mutationLineage=[]
SQL: -- TeaQL PLAIN
SELECT id, name, code, external_id AS externalId, task_life_hours AS taskLifeHours, version, platform FROM merchant_data WHERE (version > 0) AND (external_id = 'matched-merchant') LIMIT 1000 OFFSET 0
[TeaQL SQL][query][349us] 1 rows returned outcome=success batchOutcome=not_applicable comment=matched merchant read with relation purpose=matched benchmark read auditReason= tracePath=[0:OPERATION:Merchant=query -> 1:REQUEST:Merchant= -> 2:PROVIDER:postgresql= -> 3:SQL:select=] mutationLineage=[]
SQL: -- TeaQL PLAIN
SELECT id, name, code, external_id AS externalId, task_life_hours AS taskLifeHours, version, platform FROM merchant_data WHERE (version > 0) AND (external_id = 'matched-merchant') LIMIT 1000 OFFSET 0
[TeaQL SQL][query][249us] 1 rows returned outcome=success batchOutcome=not_applicable comment=matched merchant read with relation purpose=matched benchmark read auditReason= tracePath=[0:OPERATION:Merchant=query -> 1:REQUEST:Merchant= -> 2:RELATION:platform=Merchant.platform -> 3:PROVIDER:postgresql= -> 4:SQL:select=] mutationLineage=[]
SQL: -- TeaQL PLAIN
SELECT id, create_time AS createTime, last_update_time AS lastUpdateTime, name, version FROM platform_data WHERE (version > 0) AND (id = 1) LIMIT 1 OFFSET 0
[TeaQL SQL][query][284us] 1 rows returned outcome=success batchOutcome=not_applicable comment=matched merchant read with relation purpose=matched benchmark read auditReason= tracePath=[0:OPERATION:Merchant=query -> 1:REQUEST:Merchant= -> 2:RELATION:platform=Merchant.platform -> 3:PROVIDER:postgresql= -> 4:SQL:select=] mutationLineage=[]
SQL: -- TeaQL PLAIN
SELECT id, create_time AS createTime, last_update_time AS lastUpdateTime, name, version FROM platform_data WHERE (version > 0) AND (id = 1) LIMIT 1 OFFSET 0
[TeaQL SQL][query][379us] 1 rows returned outcome=success batchOutcome=not_applicable comment=matched merchant read with relation purpose=matched benchmark read auditReason= tracePath=[0:OPERATION:Merchant=query -> 1:REQUEST:Merchant= -> 2:RELATION:platform=Merchant.platform -> 3:PROVIDER:postgresql= -> 4:SQL:select=] mutationLineage=[]
SQL: -- TeaQL PLAIN
SELECT id, create_time AS createTime, last_update_time AS lastUpdateTime, name, version FROM platform_data WHERE (version > 0) AND (id = 1) LIMIT 1 OFFSET 0
[TeaQL SQL][query][403us] 1 rows returned outcome=success batchOutcome=not_applicable comment=matched merchant read with relation purpose=matched benchmark read auditReason= tracePath=[0:OPERATION:Merchant=query -> 1:REQUEST:Merchant= -> 2:PROVIDER:postgresql= -> 3:SQL:select=] mutationLineage=[]
SQL: -- TeaQL PLAIN
SELECT id, name, code, external_id AS externalId, task_life_hours AS taskLifeHours, version, platform FROM merchant_data WHERE (version > 0) AND (external_id = 'matched-merchant') LIMIT 1000 OFFSET 0
[TeaQL SQL][query][314us] 1 rows returned outcome=success batchOutcome=not_applicable comment=matched merchant read with relation purpose=matched benchmark read auditReason= tracePath=[0:OPERATION:Merchant=query -> 1:REQUEST:Merchant= -> 2:RELATION:platform=Merchant.platform -> 3:PROVIDER:postgresql= -> 4:SQL:select=] mutationLineage=[]
SQL: -- TeaQL PLAIN
SELECT id, create_time AS createTime, last_update_time AS lastUpdateTime, name, version FROM platform_data WHERE (version > 0) AND (id = 1) LIMIT 1 OFFSET 0
[TeaQL SQL][query][395us] 1 rows returned outcome=success batchOutcome=not_applicable comment=matched merchant read with relation purpose=matched benchmark read auditReason= tracePath=[0:OPERATION:Merchant=query -> 1:REQUEST:Merchant= -> 2:PROVIDER:postgresql= -> 3:SQL:select=] mutationLineage=[]
SQL: -- TeaQL PLAIN
SELECT id, name, code, external_id AS externalId, task_life_hours AS taskLifeHours, version, platform FROM merchant_data WHERE (version > 0) AND (external_id = 'matched-merchant') LIMIT 1000 OFFSET 0
[TeaQL SQL][query][315us] 1 rows returned outcome=success batchOutcome=not_applicable comment=matched merchant read with relation purpose=matched benchmark read auditReason= tracePath=[0:OPERATION:Merchant=query -> 1:REQUEST:Merchant= -> 2:RELATION:platform=Merchant.platform -> 3:PROVIDER:postgresql= -> 4:SQL:select=] mutationLineage=[]
SQL: -- TeaQL PLAIN
SELECT id, create_time AS createTime, last_update_time AS lastUpdateTime, name, version FROM platform_data WHERE (version > 0) AND (id = 1) LIMIT 1 OFFSET 0
[TeaQL SQL][query][282us] 1 rows returned outcome=success batchOutcome=not_applicable comment=matched merchant read with relation purpose=matched benchmark read auditReason= tracePath=[0:OPERATION:Merchant=query -> 1:REQUEST:Merchant= -> 2:PROVIDER:postgresql= -> 3:SQL:select=] mutationLineage=[]
SQL: -- TeaQL PLAIN
SELECT id, name, code, external_id AS externalId, task_life_hours AS taskLifeHours, version, platform FROM merchant_data WHERE (version > 0) AND (external_id = 'matched-merchant') LIMIT 1000 OFFSET 0
[TeaQL SQL][query][264us] 1 rows returned outcome=success batchOutcome=not_applicable comment=matched merchant read with relation purpose=matched benchmark read auditReason= tracePath=[0:OPERATION:Merchant=query -> 1:REQUEST:Merchant= -> 2:PROVIDER:postgresql= -> 3:SQL:select=] mutationLineage=[]
SQL: -- TeaQL PLAIN
SELECT id, name, code, external_id AS externalId, task_life_hours AS taskLifeHours, version, platform FROM merchant_data WHERE (version > 0) AND (external_id = 'matched-merchant') LIMIT 1000 OFFSET 0
[TeaQL SQL][query][232us] 1 rows returned outcome=success batchOutcome=not_applicable comment=matched merchant read with relation purpose=matched benchmark read auditReason= tracePath=[0:OPERATION:Merchant=query -> 1:REQUEST:Merchant= -> 2:RELATION:platform=Merchant.platform -> 3:PROVIDER:postgresql= -> 4:SQL:select=] mutationLineage=[]
SQL: -- TeaQL PLAIN
SELECT id, create_time AS createTime, last_update_time AS lastUpdateTime, name, version FROM platform_data WHERE (version > 0) AND (id = 1) LIMIT 1 OFFSET 0
[TeaQL SQL][query][253us] 1 rows returned outcome=success batchOutcome=not_applicable comment=matched merchant read with relation purpose=matched benchmark read auditReason= tracePath=[0:OPERATION:Merchant=query -> 1:REQUEST:Merchant= -> 2:RELATION:platform=Merchant.platform -> 3:PROVIDER:postgresql= -> 4:SQL:select=] mutationLineage=[]
SQL: -- TeaQL PLAIN
SELECT id, create_time AS createTime, last_update_time AS lastUpdateTime, name, version FROM platform_data WHERE (version > 0) AND (id = 1) LIMIT 1 OFFSET 0
[TeaQL SQL][query][470us] 1 rows returned outcome=success batchOutcome=not_applicable comment=matched merchant read with relation purpose=matched benchmark read auditReason= tracePath=[0:OPERATION:Merchant=query -> 1:REQUEST:Merchant= -> 2:PROVIDER:postgresql= -> 3:SQL:select=] mutationLineage=[]
SQL: -- TeaQL PLAIN
SELECT id, name, code, external_id AS externalId, task_life_hours AS taskLifeHours, version, platform FROM merchant_data WHERE (version > 0) AND (external_id = 'matched-merchant') LIMIT 1000 OFFSET 0
[TeaQL SQL][query][351us] 1 rows returned outcome=success batchOutcome=not_applicable comment=matched merchant read with relation purpose=matched benchmark read auditReason= tracePath=[0:OPERATION:Merchant=query -> 1:REQUEST:Merchant= -> 2:RELATION:platform=Merchant.platform -> 3:PROVIDER:postgresql= -> 4:SQL:select=] mutationLineage=[]
SQL: -- TeaQL PLAIN
SELECT id, create_time AS createTime, last_update_time AS lastUpdateTime, name, version FROM platform_data WHERE (version > 0) AND (id = 1) LIMIT 1 OFFSET 0
[TeaQL SQL][query][402us] 1 rows returned outcome=success batchOutcome=not_applicable comment=matched merchant read with relation purpose=matched benchmark read auditReason= tracePath=[0:OPERATION:Merchant=query -> 1:REQUEST:Merchant= -> 2:PROVIDER:postgresql= -> 3:SQL:select=] mutationLineage=[]
SQL: -- TeaQL PLAIN
SELECT id, name, code, external_id AS externalId, task_life_hours AS taskLifeHours, version, platform FROM merchant_data WHERE (version > 0) AND (external_id = 'matched-merchant') LIMIT 1000 OFFSET 0
[TeaQL SQL][query][318us] 1 rows returned outcome=success batchOutcome=not_applicable comment=matched merchant read with relation purpose=matched benchmark read auditReason= tracePath=[0:OPERATION:Merchant=query -> 1:REQUEST:Merchant= -> 2:RELATION:platform=Merchant.platform -> 3:PROVIDER:postgresql= -> 4:SQL:select=] mutationLineage=[]
SQL: -- TeaQL PLAIN
SELECT id, create_time AS createTime, last_update_time AS lastUpdateTime, name, version FROM platform_data WHERE (version > 0) AND (id = 1) LIMIT 1 OFFSET 0
[TeaQL SQL][query][328us] 1 rows returned outcome=success batchOutcome=not_applicable comment=matched merchant read with relation purpose=matched benchmark read auditReason= tracePath=[0:OPERATION:Merchant=query -> 1:REQUEST:Merchant= -> 2:PROVIDER:postgresql= -> 3:SQL:select=] mutationLineage=[]
SQL: -- TeaQL PLAIN
SELECT id, name, code, external_id AS externalId, task_life_hours AS taskLifeHours, version, platform FROM merchant_data WHERE (version > 0) AND (external_id = 'matched-merchant') LIMIT 1000 OFFSET 0
[TeaQL SQL][query][280us] 1 rows returned outcome=success batchOutcome=not_applicable comment=matched merchant read with relation purpose=matched benchmark read auditReason= tracePath=[0:OPERATION:Merchant=query -> 1:REQUEST:Merchant= -> 2:RELATION:platform=Merchant.platform -> 3:PROVIDER:postgresql= -> 4:SQL:select=] mutationLineage=[]
SQL: -- TeaQL PLAIN
SELECT id, create_time AS createTime, last_update_time AS lastUpdateTime, name, version FROM platform_data WHERE (version > 0) AND (id = 1) LIMIT 1 OFFSET 0
[TeaQL SQL][query][291us] 1 rows returned outcome=success batchOutcome=not_applicable comment=matched merchant read with relation purpose=matched benchmark read auditReason= tracePath=[0:OPERATION:Merchant=query -> 1:REQUEST:Merchant= -> 2:PROVIDER:postgresql= -> 3:SQL:select=] mutationLineage=[]
SQL: -- TeaQL PLAIN
SELECT id, name, code, external_id AS externalId, task_life_hours AS taskLifeHours, version, platform FROM merchant_data WHERE (version > 0) AND (external_id = 'matched-merchant') LIMIT 1000 OFFSET 0
[TeaQL SQL][query][246us] 1 rows returned outcome=success batchOutcome=not_applicable comment=matched merchant read with relation purpose=matched benchmark read auditReason= tracePath=[0:OPERATION:Merchant=query -> 1:REQUEST:Merchant= -> 2:RELATION:platform=Merchant.platform -> 3:PROVIDER:postgresql= -> 4:SQL:select=] mutationLineage=[]
SQL: -- TeaQL PLAIN
SELECT id, create_time AS createTime, last_update_time AS lastUpdateTime, name, version FROM platform_data WHERE (version > 0) AND (id = 1) LIMIT 1 OFFSET 0
[TeaQL SQL][query][300us] 1 rows returned outcome=success batchOutcome=not_applicable comment=matched merchant read with relation purpose=matched benchmark read auditReason= tracePath=[0:OPERATION:Merchant=query -> 1:REQUEST:Merchant= -> 2:PROVIDER:postgresql= -> 3:SQL:select=] mutationLineage=[]
SQL: -- TeaQL PLAIN
SELECT id, name, code, external_id AS externalId, task_life_hours AS taskLifeHours, version, platform FROM merchant_data WHERE (version > 0) AND (external_id = 'matched-merchant') LIMIT 1000 OFFSET 0
[TeaQL SQL][query][262us] 1 rows returned outcome=success batchOutcome=not_applicable comment=matched merchant read with relation purpose=matched benchmark read auditReason= tracePath=[0:OPERATION:Merchant=query -> 1:REQUEST:Merchant= -> 2:RELATION:platform=Merchant.platform -> 3:PROVIDER:postgresql= -> 4:SQL:select=] mutationLineage=[]
SQL: -- TeaQL PLAIN
SELECT id, create_time AS createTime, last_update_time AS lastUpdateTime, name, version FROM platform_data WHERE (version > 0) AND (id = 1) LIMIT 1 OFFSET 0
[TeaQL SQL][query][276us] 1 rows returned outcome=success batchOutcome=not_applicable comment=matched merchant read with relation purpose=matched benchmark read auditReason= tracePath=[0:OPERATION:Merchant=query -> 1:REQUEST:Merchant= -> 2:PROVIDER:postgresql= -> 3:SQL:select=] mutationLineage=[]
SQL: -- TeaQL PLAIN
SELECT id, name, code, external_id AS externalId, task_life_hours AS taskLifeHours, version, platform FROM merchant_data WHERE (version > 0) AND (external_id = 'matched-merchant') LIMIT 1000 OFFSET 0
[TeaQL SQL][query][215us] 1 rows returned outcome=success batchOutcome=not_applicable comment=matched merchant read with relation purpose=matched benchmark read auditReason= tracePath=[0:OPERATION:Merchant=query -> 1:REQUEST:Merchant= -> 2:PROVIDER:postgresql= -> 3:SQL:select=] mutationLineage=[]
SQL: -- TeaQL PLAIN
SELECT id, name, code, external_id AS externalId, task_life_hours AS taskLifeHours, version, platform FROM merchant_data WHERE (version > 0) AND (external_id = 'matched-merchant') LIMIT 1000 OFFSET 0
[TeaQL SQL][query][245us] 1 rows returned outcome=success batchOutcome=not_applicable comment=matched merchant read with relation purpose=matched benchmark read auditReason= tracePath=[0:OPERATION:Merchant=query -> 1:REQUEST:Merchant= -> 2:RELATION:platform=Merchant.platform -> 3:PROVIDER:postgresql= -> 4:SQL:select=] mutationLineage=[]
SQL: -- TeaQL PLAIN
SELECT id, create_time AS createTime, last_update_time AS lastUpdateTime, name, version FROM platform_data WHERE (version > 0) AND (id = 1) LIMIT 1 OFFSET 0
[TeaQL SQL][query][218us] 1 rows returned outcome=success batchOutcome=not_applicable comment=matched merchant read with relation purpose=matched benchmark read auditReason= tracePath=[0:OPERATION:Merchant=query -> 1:REQUEST:Merchant= -> 2:RELATION:platform=Merchant.platform -> 3:PROVIDER:postgresql= -> 4:SQL:select=] mutationLineage=[]
SQL: -- TeaQL PLAIN
SELECT id, create_time AS createTime, last_update_time AS lastUpdateTime, name, version FROM platform_data WHERE (version > 0) AND (id = 1) LIMIT 1 OFFSET 0
[TeaQL SQL][query][265us] 1 rows returned outcome=success batchOutcome=not_applicable comment=matched merchant read with relation purpose=matched benchmark read auditReason= tracePath=[0:OPERATION:Merchant=query -> 1:REQUEST:Merchant= -> 2:PROVIDER:postgresql= -> 3:SQL:select=] mutationLineage=[]
SQL: -- TeaQL PLAIN
SELECT id, name, code, external_id AS externalId, task_life_hours AS taskLifeHours, version, platform FROM merchant_data WHERE (version > 0) AND (external_id = 'matched-merchant') LIMIT 1000 OFFSET 0
[TeaQL SQL][query][230us] 1 rows returned outcome=success batchOutcome=not_applicable comment=matched merchant read with relation purpose=matched benchmark read auditReason= tracePath=[0:OPERATION:Merchant=query -> 1:REQUEST:Merchant= -> 2:RELATION:platform=Merchant.platform -> 3:PROVIDER:postgresql= -> 4:SQL:select=] mutationLineage=[]
SQL: -- TeaQL PLAIN
SELECT id, create_time AS createTime, last_update_time AS lastUpdateTime, name, version FROM platform_data WHERE (version > 0) AND (id = 1) LIMIT 1 OFFSET 0
[TeaQL SQL][query][396us] 1 rows returned outcome=success batchOutcome=not_applicable comment=matched merchant read with relation purpose=matched benchmark read auditReason= tracePath=[0:OPERATION:Merchant=query -> 1:REQUEST:Merchant= -> 2:PROVIDER:postgresql= -> 3:SQL:select=] mutationLineage=[]
SQL: -- TeaQL PLAIN
SELECT id, name, code, external_id AS externalId, task_life_hours AS taskLifeHours, version, platform FROM merchant_data WHERE (version > 0) AND (external_id = 'matched-merchant') LIMIT 1000 OFFSET 0
[TeaQL SQL][query][396us] 1 rows returned outcome=success batchOutcome=not_applicable comment=matched merchant read with relation purpose=matched benchmark read auditReason= tracePath=[0:OPERATION:Merchant=query -> 1:REQUEST:Merchant= -> 2:PROVIDER:postgresql= -> 3:SQL:select=] mutationLineage=[]
SQL: -- TeaQL PLAIN
SELECT id, name, code, external_id AS externalId, task_life_hours AS taskLifeHours, version, platform FROM merchant_data WHERE (version > 0) AND (external_id = 'matched-merchant') LIMIT 1000 OFFSET 0
[TeaQL SQL][query][238us] 1 rows returned outcome=success batchOutcome=not_applicable comment=matched merchant read with relation purpose=matched benchmark read auditReason= tracePath=[0:OPERATION:Merchant=query -> 1:REQUEST:Merchant= -> 2:RELATION:platform=Merchant.platform -> 3:PROVIDER:postgresql= -> 4:SQL:select=] mutationLineage=[]
SQL: -- TeaQL PLAIN
SELECT id, create_time AS createTime, last_update_time AS lastUpdateTime, name, version FROM platform_data WHERE (version > 0) AND (id = 1) LIMIT 1 OFFSET 0
[TeaQL SQL][query][287us] 1 rows returned outcome=success batchOutcome=not_applicable comment=matched merchant read with relation purpose=matched benchmark read auditReason= tracePath=[0:OPERATION:Merchant=query -> 1:REQUEST:Merchant= -> 2:RELATION:platform=Merchant.platform -> 3:PROVIDER:postgresql= -> 4:SQL:select=] mutationLineage=[]
SQL: -- TeaQL PLAIN
SELECT id, create_time AS createTime, last_update_time AS lastUpdateTime, name, version FROM platform_data WHERE (version > 0) AND (id = 1) LIMIT 1 OFFSET 0
[TeaQL SQL][query][378us] 1 rows returned outcome=success batchOutcome=not_applicable comment=matched merchant read with relation purpose=matched benchmark read auditReason= tracePath=[0:OPERATION:Merchant=query -> 1:REQUEST:Merchant= -> 2:PROVIDER:postgresql= -> 3:SQL:select=] mutationLineage=[]
SQL: -- TeaQL PLAIN
SELECT id, name, code, external_id AS externalId, task_life_hours AS taskLifeHours, version, platform FROM merchant_data WHERE (version > 0) AND (external_id = 'matched-merchant') LIMIT 1000 OFFSET 0
[TeaQL SQL][query][394us] 1 rows returned outcome=success batchOutcome=not_applicable comment=matched merchant read with relation purpose=matched benchmark read auditReason= tracePath=[0:OPERATION:Merchant=query -> 1:REQUEST:Merchant= -> 2:PROVIDER:postgresql= -> 3:SQL:select=] mutationLineage=[]
SQL: -- TeaQL PLAIN
SELECT id, name, code, external_id AS externalId, task_life_hours AS taskLifeHours, version, platform FROM merchant_data WHERE (version > 0) AND (external_id = 'matched-merchant') LIMIT 1000 OFFSET 0
[TeaQL SQL][query][250us] 1 rows returned outcome=success batchOutcome=not_applicable comment=matched merchant read with relation purpose=matched benchmark read auditReason= tracePath=[0:OPERATION:Merchant=query -> 1:REQUEST:Merchant= -> 2:RELATION:platform=Merchant.platform -> 3:PROVIDER:postgresql= -> 4:SQL:select=] mutationLineage=[]
SQL: -- TeaQL PLAIN
SELECT id, create_time AS createTime, last_update_time AS lastUpdateTime, name, version FROM platform_data WHERE (version > 0) AND (id = 1) LIMIT 1 OFFSET 0
[TeaQL SQL][query][260us] 1 rows returned outcome=success batchOutcome=not_applicable comment=matched merchant read with relation purpose=matched benchmark read auditReason= tracePath=[0:OPERATION:Merchant=query -> 1:REQUEST:Merchant= -> 2:RELATION:platform=Merchant.platform -> 3:PROVIDER:postgresql= -> 4:SQL:select=] mutationLineage=[]
SQL: -- TeaQL PLAIN
SELECT id, create_time AS createTime, last_update_time AS lastUpdateTime, name, version FROM platform_data WHERE (version > 0) AND (id = 1) LIMIT 1 OFFSET 0
[TeaQL SQL][query][1877us] 1 rows returned outcome=success batchOutcome=not_applicable comment=matched merchant read with relation purpose=matched benchmark read auditReason= tracePath=[0:OPERATION:Merchant=query -> 1:REQUEST:Merchant= -> 2:PROVIDER:postgresql= -> 3:SQL:select=] mutationLineage=[]
SQL: -- TeaQL PLAIN
SELECT id, name, code, external_id AS externalId, task_life_hours AS taskLifeHours, version, platform FROM merchant_data WHERE (version > 0) AND (external_id = 'matched-merchant') LIMIT 1000 OFFSET 0
[TeaQL SQL][query][287us] 1 rows returned outcome=success batchOutcome=not_applicable comment=matched merchant read with relation purpose=matched benchmark read auditReason= tracePath=[0:OPERATION:Merchant=query -> 1:REQUEST:Merchant= -> 2:RELATION:platform=Merchant.platform -> 3:PROVIDER:postgresql= -> 4:SQL:select=] mutationLineage=[]
SQL: -- TeaQL PLAIN
SELECT id, create_time AS createTime, last_update_time AS lastUpdateTime, name, version FROM platform_data WHERE (version > 0) AND (id = 1) LIMIT 1 OFFSET 0
[TeaQL SQL][query][335us] 1 rows returned outcome=success batchOutcome=not_applicable comment=matched merchant read with relation purpose=matched benchmark read auditReason= tracePath=[0:OPERATION:Merchant=query -> 1:REQUEST:Merchant= -> 2:PROVIDER:postgresql= -> 3:SQL:select=] mutationLineage=[]
SQL: -- TeaQL PLAIN
SELECT id, name, code, external_id AS externalId, task_life_hours AS taskLifeHours, version, platform FROM merchant_data WHERE (version > 0) AND (external_id = 'matched-merchant') LIMIT 1000 OFFSET 0
[TeaQL SQL][query][490us] 1 rows returned outcome=success batchOutcome=not_applicable comment=matched merchant read with relation purpose=matched benchmark read auditReason= tracePath=[0:OPERATION:Merchant=query -> 1:REQUEST:Merchant= -> 2:RELATION:platform=Merchant.platform -> 3:PROVIDER:postgresql= -> 4:SQL:select=] mutationLineage=[]
SQL: -- TeaQL PLAIN
SELECT id, create_time AS createTime, last_update_time AS lastUpdateTime, name, version FROM platform_data WHERE (version > 0) AND (id = 1) LIMIT 1 OFFSET 0
[TeaQL SQL][query][281us] 1 rows returned outcome=success batchOutcome=not_applicable comment=matched merchant read with relation purpose=matched benchmark read auditReason= tracePath=[0:OPERATION:Merchant=query -> 1:REQUEST:Merchant= -> 2:PROVIDER:postgresql= -> 3:SQL:select=] mutationLineage=[]
SQL: -- TeaQL PLAIN
SELECT id, name, code, external_id AS externalId, task_life_hours AS taskLifeHours, version, platform FROM merchant_data WHERE (version > 0) AND (external_id = 'matched-merchant') LIMIT 1000 OFFSET 0
[TeaQL SQL][query][299us] 1 rows returned outcome=success batchOutcome=not_applicable comment=matched merchant read with relation purpose=matched benchmark read auditReason= tracePath=[0:OPERATION:Merchant=query -> 1:REQUEST:Merchant= -> 2:RELATION:platform=Merchant.platform -> 3:PROVIDER:postgresql= -> 4:SQL:select=] mutationLineage=[]
SQL: -- TeaQL PLAIN
SELECT id, create_time AS createTime, last_update_time AS lastUpdateTime, name, version FROM platform_data WHERE (version > 0) AND (id = 1) LIMIT 1 OFFSET 0
[TeaQL SQL][query][252us] 1 rows returned outcome=success batchOutcome=not_applicable comment=matched merchant read with relation purpose=matched benchmark read auditReason= tracePath=[0:OPERATION:Merchant=query -> 1:REQUEST:Merchant= -> 2:PROVIDER:postgresql= -> 3:SQL:select=] mutationLineage=[]
SQL: -- TeaQL PLAIN
SELECT id, name, code, external_id AS externalId, task_life_hours AS taskLifeHours, version, platform FROM merchant_data WHERE (version > 0) AND (external_id = 'matched-merchant') LIMIT 1000 OFFSET 0
[TeaQL SQL][query][291us] 1 rows returned outcome=success batchOutcome=not_applicable comment=matched merchant read with relation purpose=matched benchmark read auditReason= tracePath=[0:OPERATION:Merchant=query -> 1:REQUEST:Merchant= -> 2:RELATION:platform=Merchant.platform -> 3:PROVIDER:postgresql= -> 4:SQL:select=] mutationLineage=[]
SQL: -- TeaQL PLAIN
SELECT id, create_time AS createTime, last_update_time AS lastUpdateTime, name, version FROM platform_data WHERE (version > 0) AND (id = 1) LIMIT 1 OFFSET 0
[TeaQL SQL][query][325us] 1 rows returned outcome=success batchOutcome=not_applicable comment=matched merchant read with relation purpose=matched benchmark read auditReason= tracePath=[0:OPERATION:Merchant=query -> 1:REQUEST:Merchant= -> 2:PROVIDER:postgresql= -> 3:SQL:select=] mutationLineage=[]
SQL: -- TeaQL PLAIN
SELECT id, name, code, external_id AS externalId, task_life_hours AS taskLifeHours, version, platform FROM merchant_data WHERE (version > 0) AND (external_id = 'matched-merchant') LIMIT 1000 OFFSET 0
[TeaQL SQL][query][256us] 1 rows returned outcome=success batchOutcome=not_applicable comment=matched merchant read with relation purpose=matched benchmark read auditReason= tracePath=[0:OPERATION:Merchant=query -> 1:REQUEST:Merchant= -> 2:RELATION:platform=Merchant.platform -> 3:PROVIDER:postgresql= -> 4:SQL:select=] mutationLineage=[]
SQL: -- TeaQL PLAIN
SELECT id, create_time AS createTime, last_update_time AS lastUpdateTime, name, version FROM platform_data WHERE (version > 0) AND (id = 1) LIMIT 1 OFFSET 0
[TeaQL SQL][query][311us] 1 rows returned outcome=success batchOutcome=not_applicable comment=matched merchant read with relation purpose=matched benchmark read auditReason= tracePath=[0:OPERATION:Merchant=query -> 1:REQUEST:Merchant= -> 2:PROVIDER:postgresql= -> 3:SQL:select=] mutationLineage=[]
SQL: -- TeaQL PLAIN
SELECT id, name, code, external_id AS externalId, task_life_hours AS taskLifeHours, version, platform FROM merchant_data WHERE (version > 0) AND (external_id = 'matched-merchant') LIMIT 1000 OFFSET 0
[TeaQL SQL][query][275us] 1 rows returned outcome=success batchOutcome=not_applicable comment=matched merchant read with relation purpose=matched benchmark read auditReason= tracePath=[0:OPERATION:Merchant=query -> 1:REQUEST:Merchant= -> 2:RELATION:platform=Merchant.platform -> 3:PROVIDER:postgresql= -> 4:SQL:select=] mutationLineage=[]
SQL: -- TeaQL PLAIN
SELECT id, create_time AS createTime, last_update_time AS lastUpdateTime, name, version FROM platform_data WHERE (version > 0) AND (id = 1) LIMIT 1 OFFSET 0
[TeaQL SQL][query][278us] 1 rows returned outcome=success batchOutcome=not_applicable comment=matched merchant read with relation purpose=matched benchmark read auditReason= tracePath=[0:OPERATION:Merchant=query -> 1:REQUEST:Merchant= -> 2:PROVIDER:postgresql= -> 3:SQL:select=] mutationLineage=[]
SQL: -- TeaQL PLAIN
SELECT id, name, code, external_id AS externalId, task_life_hours AS taskLifeHours, version, platform FROM merchant_data WHERE (version > 0) AND (external_id = 'matched-merchant') LIMIT 1000 OFFSET 0
[TeaQL SQL][query][244us] 1 rows returned outcome=success batchOutcome=not_applicable comment=matched merchant read with relation purpose=matched benchmark read auditReason= tracePath=[0:OPERATION:Merchant=query -> 1:REQUEST:Merchant= -> 2:PROVIDER:postgresql= -> 3:SQL:select=] mutationLineage=[]
SQL: -- TeaQL PLAIN
SELECT id, name, code, external_id AS externalId, task_life_hours AS taskLifeHours, version, platform FROM merchant_data WHERE (version > 0) AND (external_id = 'matched-merchant') LIMIT 1000 OFFSET 0
[TeaQL SQL][query][531us] 1 rows returned outcome=success batchOutcome=not_applicable comment=matched merchant read with relation purpose=matched benchmark read auditReason= tracePath=[0:OPERATION:Merchant=query -> 1:REQUEST:Merchant= -> 2:RELATION:platform=Merchant.platform -> 3:PROVIDER:postgresql= -> 4:SQL:select=] mutationLineage=[]
SQL: -- TeaQL PLAIN
SELECT id, create_time AS createTime, last_update_time AS lastUpdateTime, name, version FROM platform_data WHERE (version > 0) AND (id = 1) LIMIT 1 OFFSET 0
[TeaQL SQL][query][269us] 1 rows returned outcome=success batchOutcome=not_applicable comment=matched merchant read with relation purpose=matched benchmark read auditReason= tracePath=[0:OPERATION:Merchant=query -> 1:REQUEST:Merchant= -> 2:RELATION:platform=Merchant.platform -> 3:PROVIDER:postgresql= -> 4:SQL:select=] mutationLineage=[]
SQL: -- TeaQL PLAIN
SELECT id, create_time AS createTime, last_update_time AS lastUpdateTime, name, version FROM platform_data WHERE (version > 0) AND (id = 1) LIMIT 1 OFFSET 0
[TeaQL SQL][query][275us] 1 rows returned outcome=success batchOutcome=not_applicable comment=matched merchant read with relation purpose=matched benchmark read auditReason= tracePath=[0:OPERATION:Merchant=query -> 1:REQUEST:Merchant= -> 2:PROVIDER:postgresql= -> 3:SQL:select=] mutationLineage=[]
SQL: -- TeaQL PLAIN
SELECT id, name, code, external_id AS externalId, task_life_hours AS taskLifeHours, version, platform FROM merchant_data WHERE (version > 0) AND (external_id = 'matched-merchant') LIMIT 1000 OFFSET 0
[TeaQL SQL][query][233us] 1 rows returned outcome=success batchOutcome=not_applicable comment=matched merchant read with relation purpose=matched benchmark read auditReason= tracePath=[0:OPERATION:Merchant=query -> 1:REQUEST:Merchant= -> 2:RELATION:platform=Merchant.platform -> 3:PROVIDER:postgresql= -> 4:SQL:select=] mutationLineage=[]
SQL: -- TeaQL PLAIN
SELECT id, create_time AS createTime, last_update_time AS lastUpdateTime, name, version FROM platform_data WHERE (version > 0) AND (id = 1) LIMIT 1 OFFSET 0
[TeaQL SQL][query][256us] 1 rows returned outcome=success batchOutcome=not_applicable comment=matched merchant read with relation purpose=matched benchmark read auditReason= tracePath=[0:OPERATION:Merchant=query -> 1:REQUEST:Merchant= -> 2:PROVIDER:postgresql= -> 3:SQL:select=] mutationLineage=[]
SQL: -- TeaQL PLAIN
SELECT id, name, code, external_id AS externalId, task_life_hours AS taskLifeHours, version, platform FROM merchant_data WHERE (version > 0) AND (external_id = 'matched-merchant') LIMIT 1000 OFFSET 0
[TeaQL SQL][query][256us] 1 rows returned outcome=success batchOutcome=not_applicable comment=matched merchant read with relation purpose=matched benchmark read auditReason= tracePath=[0:OPERATION:Merchant=query -> 1:REQUEST:Merchant= -> 2:RELATION:platform=Merchant.platform -> 3:PROVIDER:postgresql= -> 4:SQL:select=] mutationLineage=[]
SQL: -- TeaQL PLAIN
SELECT id, create_time AS createTime, last_update_time AS lastUpdateTime, name, version FROM platform_data WHERE (version > 0) AND (id = 1) LIMIT 1 OFFSET 0
[TeaQL SQL][query][265us] 1 rows returned outcome=success batchOutcome=not_applicable comment=matched merchant read with relation purpose=matched benchmark read auditReason= tracePath=[0:OPERATION:Merchant=query -> 1:REQUEST:Merchant= -> 2:PROVIDER:postgresql= -> 3:SQL:select=] mutationLineage=[]
SQL: -- TeaQL PLAIN
SELECT id, name, code, external_id AS externalId, task_life_hours AS taskLifeHours, version, platform FROM merchant_data WHERE (version > 0) AND (external_id = 'matched-merchant') LIMIT 1000 OFFSET 0
[TeaQL SQL][query][250us] 1 rows returned outcome=success batchOutcome=not_applicable comment=matched merchant read with relation purpose=matched benchmark read auditReason= tracePath=[0:OPERATION:Merchant=query -> 1:REQUEST:Merchant= -> 2:RELATION:platform=Merchant.platform -> 3:PROVIDER:postgresql= -> 4:SQL:select=] mutationLineage=[]
SQL: -- TeaQL PLAIN
SELECT id, create_time AS createTime, last_update_time AS lastUpdateTime, name, version FROM platform_data WHERE (version > 0) AND (id = 1) LIMIT 1 OFFSET 0
[TeaQL SQL][query][308us] 1 rows returned outcome=success batchOutcome=not_applicable comment=matched merchant read with relation purpose=matched benchmark read auditReason= tracePath=[0:OPERATION:Merchant=query -> 1:REQUEST:Merchant= -> 2:PROVIDER:postgresql= -> 3:SQL:select=] mutationLineage=[]
SQL: -- TeaQL PLAIN
SELECT id, name, code, external_id AS externalId, task_life_hours AS taskLifeHours, version, platform FROM merchant_data WHERE (version > 0) AND (external_id = 'matched-merchant') LIMIT 1000 OFFSET 0
[TeaQL SQL][query][270us] 1 rows returned outcome=success batchOutcome=not_applicable comment=matched merchant read with relation purpose=matched benchmark read auditReason= tracePath=[0:OPERATION:Merchant=query -> 1:REQUEST:Merchant= -> 2:RELATION:platform=Merchant.platform -> 3:PROVIDER:postgresql= -> 4:SQL:select=] mutationLineage=[]
SQL: -- TeaQL PLAIN
SELECT id, create_time AS createTime, last_update_time AS lastUpdateTime, name, version FROM platform_data WHERE (version > 0) AND (id = 1) LIMIT 1 OFFSET 0
[TeaQL SQL][query][325us] 1 rows returned outcome=success batchOutcome=not_applicable comment=matched merchant read with relation purpose=matched benchmark read auditReason= tracePath=[0:OPERATION:Merchant=query -> 1:REQUEST:Merchant= -> 2:PROVIDER:postgresql= -> 3:SQL:select=] mutationLineage=[]
SQL: -- TeaQL PLAIN
SELECT id, name, code, external_id AS externalId, task_life_hours AS taskLifeHours, version, platform FROM merchant_data WHERE (version > 0) AND (external_id = 'matched-merchant') LIMIT 1000 OFFSET 0
[TeaQL SQL][query][305us] 1 rows returned outcome=success batchOutcome=not_applicable comment=matched merchant read with relation purpose=matched benchmark read auditReason= tracePath=[0:OPERATION:Merchant=query -> 1:REQUEST:Merchant= -> 2:RELATION:platform=Merchant.platform -> 3:PROVIDER:postgresql= -> 4:SQL:select=] mutationLineage=[]
SQL: -- TeaQL PLAIN
SELECT id, create_time AS createTime, last_update_time AS lastUpdateTime, name, version FROM platform_data WHERE (version > 0) AND (id = 1) LIMIT 1 OFFSET 0
[TeaQL SQL][query][259us] 1 rows returned outcome=success batchOutcome=not_applicable comment=matched merchant read with relation purpose=matched benchmark read auditReason= tracePath=[0:OPERATION:Merchant=query -> 1:REQUEST:Merchant= -> 2:PROVIDER:postgresql= -> 3:SQL:select=] mutationLineage=[]
SQL: -- TeaQL PLAIN
SELECT id, name, code, external_id AS externalId, task_life_hours AS taskLifeHours, version, platform FROM merchant_data WHERE (version > 0) AND (external_id = 'matched-merchant') LIMIT 1000 OFFSET 0
[TeaQL SQL][query][209us] 1 rows returned outcome=success batchOutcome=not_applicable comment=matched merchant read with relation purpose=matched benchmark read auditReason= tracePath=[0:OPERATION:Merchant=query -> 1:REQUEST:Merchant= -> 2:RELATION:platform=Merchant.platform -> 3:PROVIDER:postgresql= -> 4:SQL:select=] mutationLineage=[]
SQL: -- TeaQL PLAIN
SELECT id, create_time AS createTime, last_update_time AS lastUpdateTime, name, version FROM platform_data WHERE (version > 0) AND (id = 1) LIMIT 1 OFFSET 0
[TeaQL SQL][query][314us] 1 rows returned outcome=success batchOutcome=not_applicable comment=matched merchant read with relation purpose=matched benchmark read auditReason= tracePath=[0:OPERATION:Merchant=query -> 1:REQUEST:Merchant= -> 2:PROVIDER:postgresql= -> 3:SQL:select=] mutationLineage=[]
SQL: -- TeaQL PLAIN
SELECT id, name, code, external_id AS externalId, task_life_hours AS taskLifeHours, version, platform FROM merchant_data WHERE (version > 0) AND (external_id = 'matched-merchant') LIMIT 1000 OFFSET 0
[TeaQL SQL][query][258us] 1 rows returned outcome=success batchOutcome=not_applicable comment=matched merchant read with relation purpose=matched benchmark read auditReason= tracePath=[0:OPERATION:Merchant=query -> 1:REQUEST:Merchant= -> 2:RELATION:platform=Merchant.platform -> 3:PROVIDER:postgresql= -> 4:SQL:select=] mutationLineage=[]
SQL: -- TeaQL PLAIN
SELECT id, create_time AS createTime, last_update_time AS lastUpdateTime, name, version FROM platform_data WHERE (version > 0) AND (id = 1) LIMIT 1 OFFSET 0
[TeaQL SQL][query][264us] 1 rows returned outcome=success batchOutcome=not_applicable comment=matched merchant read with relation purpose=matched benchmark read auditReason= tracePath=[0:OPERATION:Merchant=query -> 1:REQUEST:Merchant= -> 2:PROVIDER:postgresql= -> 3:SQL:select=] mutationLineage=[]
SQL: -- TeaQL PLAIN
SELECT id, name, code, external_id AS externalId, task_life_hours AS taskLifeHours, version, platform FROM merchant_data WHERE (version > 0) AND (external_id = 'matched-merchant') LIMIT 1000 OFFSET 0
[TeaQL SQL][query][232us] 1 rows returned outcome=success batchOutcome=not_applicable comment=matched merchant read with relation purpose=matched benchmark read auditReason= tracePath=[0:OPERATION:Merchant=query -> 1:REQUEST:Merchant= -> 2:RELATION:platform=Merchant.platform -> 3:PROVIDER:postgresql= -> 4:SQL:select=] mutationLineage=[]
SQL: -- TeaQL PLAIN
SELECT id, create_time AS createTime, last_update_time AS lastUpdateTime, name, version FROM platform_data WHERE (version > 0) AND (id = 1) LIMIT 1 OFFSET 0
[TeaQL SQL][query][303us] 1 rows returned outcome=success batchOutcome=not_applicable comment=matched merchant read with relation purpose=matched benchmark read auditReason= tracePath=[0:OPERATION:Merchant=query -> 1:REQUEST:Merchant= -> 2:PROVIDER:postgresql= -> 3:SQL:select=] mutationLineage=[]
SQL: -- TeaQL PLAIN
SELECT id, name, code, external_id AS externalId, task_life_hours AS taskLifeHours, version, platform FROM merchant_data WHERE (version > 0) AND (external_id = 'matched-merchant') LIMIT 1000 OFFSET 0
[TeaQL SQL][query][313us] 1 rows returned outcome=success batchOutcome=not_applicable comment=matched merchant read with relation purpose=matched benchmark read auditReason= tracePath=[0:OPERATION:Merchant=query -> 1:REQUEST:Merchant= -> 2:RELATION:platform=Merchant.platform -> 3:PROVIDER:postgresql= -> 4:SQL:select=] mutationLineage=[]
SQL: -- TeaQL PLAIN
SELECT id, create_time AS createTime, last_update_time AS lastUpdateTime, name, version FROM platform_data WHERE (version > 0) AND (id = 1) LIMIT 1 OFFSET 0
[TeaQL SQL][query][255us] 1 rows returned outcome=success batchOutcome=not_applicable comment=matched merchant read with relation purpose=matched benchmark read auditReason= tracePath=[0:OPERATION:Merchant=query -> 1:REQUEST:Merchant= -> 2:PROVIDER:postgresql= -> 3:SQL:select=] mutationLineage=[]
SQL: -- TeaQL PLAIN
SELECT id, name, code, external_id AS externalId, task_life_hours AS taskLifeHours, version, platform FROM merchant_data WHERE (version > 0) AND (external_id = 'matched-merchant') LIMIT 1000 OFFSET 0
[TeaQL SQL][query][327us] 1 rows returned outcome=success batchOutcome=not_applicable comment=matched merchant read with relation purpose=matched benchmark read auditReason= tracePath=[0:OPERATION:Merchant=query -> 1:REQUEST:Merchant= -> 2:RELATION:platform=Merchant.platform -> 3:PROVIDER:postgresql= -> 4:SQL:select=] mutationLineage=[]
SQL: -- TeaQL PLAIN
SELECT id, create_time AS createTime, last_update_time AS lastUpdateTime, name, version FROM platform_data WHERE (version > 0) AND (id = 1) LIMIT 1 OFFSET 0
[TeaQL SQL][query][263us] 1 rows returned outcome=success batchOutcome=not_applicable comment=matched merchant read with relation purpose=matched benchmark read auditReason= tracePath=[0:OPERATION:Merchant=query -> 1:REQUEST:Merchant= -> 2:PROVIDER:postgresql= -> 3:SQL:select=] mutationLineage=[]
SQL: -- TeaQL PLAIN
SELECT id, name, code, external_id AS externalId, task_life_hours AS taskLifeHours, version, platform FROM merchant_data WHERE (version > 0) AND (external_id = 'matched-merchant') LIMIT 1000 OFFSET 0
[TeaQL SQL][query][199us] 1 rows returned outcome=success batchOutcome=not_applicable comment=matched merchant read with relation purpose=matched benchmark read auditReason= tracePath=[0:OPERATION:Merchant=query -> 1:REQUEST:Merchant= -> 2:RELATION:platform=Merchant.platform -> 3:PROVIDER:postgresql= -> 4:SQL:select=] mutationLineage=[]
SQL: -- TeaQL PLAIN
SELECT id, create_time AS createTime, last_update_time AS lastUpdateTime, name, version FROM platform_data WHERE (version > 0) AND (id = 1) LIMIT 1 OFFSET 0
[TeaQL SQL][query][348us] 1 rows returned outcome=success batchOutcome=not_applicable comment=matched merchant read with relation purpose=matched benchmark read auditReason= tracePath=[0:OPERATION:Merchant=query -> 1:REQUEST:Merchant= -> 2:PROVIDER:postgresql= -> 3:SQL:select=] mutationLineage=[]
SQL: -- TeaQL PLAIN
SELECT id, name, code, external_id AS externalId, task_life_hours AS taskLifeHours, version, platform FROM merchant_data WHERE (version > 0) AND (external_id = 'matched-merchant') LIMIT 1000 OFFSET 0
[TeaQL SQL][query][322us] 1 rows returned outcome=success batchOutcome=not_applicable comment=matched merchant read with relation purpose=matched benchmark read auditReason= tracePath=[0:OPERATION:Merchant=query -> 1:REQUEST:Merchant= -> 2:RELATION:platform=Merchant.platform -> 3:PROVIDER:postgresql= -> 4:SQL:select=] mutationLineage=[]
SQL: -- TeaQL PLAIN
SELECT id, create_time AS createTime, last_update_time AS lastUpdateTime, name, version FROM platform_data WHERE (version > 0) AND (id = 1) LIMIT 1 OFFSET 0
[TeaQL SQL][query][344us] 1 rows returned outcome=success batchOutcome=not_applicable comment=matched merchant read with relation purpose=matched benchmark read auditReason= tracePath=[0:OPERATION:Merchant=query -> 1:REQUEST:Merchant= -> 2:PROVIDER:postgresql= -> 3:SQL:select=] mutationLineage=[]
SQL: -- TeaQL PLAIN
SELECT id, name, code, external_id AS externalId, task_life_hours AS taskLifeHours, version, platform FROM merchant_data WHERE (version > 0) AND (external_id = 'matched-merchant') LIMIT 1000 OFFSET 0
[TeaQL SQL][query][347us] 1 rows returned outcome=success batchOutcome=not_applicable comment=matched merchant read with relation purpose=matched benchmark read auditReason= tracePath=[0:OPERATION:Merchant=query -> 1:REQUEST:Merchant= -> 2:PROVIDER:postgresql= -> 3:SQL:select=] mutationLineage=[]
SQL: -- TeaQL PLAIN
SELECT id, name, code, external_id AS externalId, task_life_hours AS taskLifeHours, version, platform FROM merchant_data WHERE (version > 0) AND (external_id = 'matched-merchant') LIMIT 1000 OFFSET 0
[TeaQL SQL][query][305us] 1 rows returned outcome=success batchOutcome=not_applicable comment=matched merchant read with relation purpose=matched benchmark read auditReason= tracePath=[0:OPERATION:Merchant=query -> 1:REQUEST:Merchant= -> 2:RELATION:platform=Merchant.platform -> 3:PROVIDER:postgresql= -> 4:SQL:select=] mutationLineage=[]
SQL: -- TeaQL PLAIN
SELECT id, create_time AS createTime, last_update_time AS lastUpdateTime, name, version FROM platform_data WHERE (version > 0) AND (id = 1) LIMIT 1 OFFSET 0
[TeaQL SQL][query][298us] 1 rows returned outcome=success batchOutcome=not_applicable comment=matched merchant read with relation purpose=matched benchmark read auditReason= tracePath=[0:OPERATION:Merchant=query -> 1:REQUEST:Merchant= -> 2:RELATION:platform=Merchant.platform -> 3:PROVIDER:postgresql= -> 4:SQL:select=] mutationLineage=[]
SQL: -- TeaQL PLAIN
SELECT id, create_time AS createTime, last_update_time AS lastUpdateTime, name, version FROM platform_data WHERE (version > 0) AND (id = 1) LIMIT 1 OFFSET 0
[TeaQL SQL][query][268us] 1 rows returned outcome=success batchOutcome=not_applicable comment=matched merchant read with relation purpose=matched benchmark read auditReason= tracePath=[0:OPERATION:Merchant=query -> 1:REQUEST:Merchant= -> 2:PROVIDER:postgresql= -> 3:SQL:select=] mutationLineage=[]
SQL: -- TeaQL PLAIN
SELECT id, name, code, external_id AS externalId, task_life_hours AS taskLifeHours, version, platform FROM merchant_data WHERE (version > 0) AND (external_id = 'matched-merchant') LIMIT 1000 OFFSET 0
[TeaQL SQL][query][231us] 1 rows returned outcome=success batchOutcome=not_applicable comment=matched merchant read with relation purpose=matched benchmark read auditReason= tracePath=[0:OPERATION:Merchant=query -> 1:REQUEST:Merchant= -> 2:RELATION:platform=Merchant.platform -> 3:PROVIDER:postgresql= -> 4:SQL:select=] mutationLineage=[]
SQL: -- TeaQL PLAIN
SELECT id, create_time AS createTime, last_update_time AS lastUpdateTime, name, version FROM platform_data WHERE (version > 0) AND (id = 1) LIMIT 1 OFFSET 0
[TeaQL SQL][query][312us] 1 rows returned outcome=success batchOutcome=not_applicable comment=matched merchant read with relation purpose=matched benchmark read auditReason= tracePath=[0:OPERATION:Merchant=query -> 1:REQUEST:Merchant= -> 2:PROVIDER:postgresql= -> 3:SQL:select=] mutationLineage=[]
SQL: -- TeaQL PLAIN
SELECT id, name, code, external_id AS externalId, task_life_hours AS taskLifeHours, version, platform FROM merchant_data WHERE (version > 0) AND (external_id = 'matched-merchant') LIMIT 1000 OFFSET 0
[TeaQL SQL][query][297us] 1 rows returned outcome=success batchOutcome=not_applicable comment=matched merchant read with relation purpose=matched benchmark read auditReason= tracePath=[0:OPERATION:Merchant=query -> 1:REQUEST:Merchant= -> 2:RELATION:platform=Merchant.platform -> 3:PROVIDER:postgresql= -> 4:SQL:select=] mutationLineage=[]
SQL: -- TeaQL PLAIN
SELECT id, create_time AS createTime, last_update_time AS lastUpdateTime, name, version FROM platform_data WHERE (version > 0) AND (id = 1) LIMIT 1 OFFSET 0
[TeaQL SQL][query][224us] 1 rows returned outcome=success batchOutcome=not_applicable comment=matched merchant read with relation purpose=matched benchmark read auditReason= tracePath=[0:OPERATION:Merchant=query -> 1:REQUEST:Merchant= -> 2:PROVIDER:postgresql= -> 3:SQL:select=] mutationLineage=[]
SQL: -- TeaQL PLAIN
SELECT id, name, code, external_id AS externalId, task_life_hours AS taskLifeHours, version, platform FROM merchant_data WHERE (version > 0) AND (external_id = 'matched-merchant') LIMIT 1000 OFFSET 0
[TeaQL SQL][query][222us] 1 rows returned outcome=success batchOutcome=not_applicable comment=matched merchant read with relation purpose=matched benchmark read auditReason= tracePath=[0:OPERATION:Merchant=query -> 1:REQUEST:Merchant= -> 2:RELATION:platform=Merchant.platform -> 3:PROVIDER:postgresql= -> 4:SQL:select=] mutationLineage=[]
SQL: -- TeaQL PLAIN
SELECT id, create_time AS createTime, last_update_time AS lastUpdateTime, name, version FROM platform_data WHERE (version > 0) AND (id = 1) LIMIT 1 OFFSET 0
[TeaQL SQL][query][263us] 1 rows returned outcome=success batchOutcome=not_applicable comment=matched merchant read with relation purpose=matched benchmark read auditReason= tracePath=[0:OPERATION:Merchant=query -> 1:REQUEST:Merchant= -> 2:PROVIDER:postgresql= -> 3:SQL:select=] mutationLineage=[]
SQL: -- TeaQL PLAIN
SELECT id, name, code, external_id AS externalId, task_life_hours AS taskLifeHours, version, platform FROM merchant_data WHERE (version > 0) AND (external_id = 'matched-merchant') LIMIT 1000 OFFSET 0
[TeaQL SQL][query][249us] 1 rows returned outcome=success batchOutcome=not_applicable comment=matched merchant read with relation purpose=matched benchmark read auditReason= tracePath=[0:OPERATION:Merchant=query -> 1:REQUEST:Merchant= -> 2:RELATION:platform=Merchant.platform -> 3:PROVIDER:postgresql= -> 4:SQL:select=] mutationLineage=[]
SQL: -- TeaQL PLAIN
SELECT id, create_time AS createTime, last_update_time AS lastUpdateTime, name, version FROM platform_data WHERE (version > 0) AND (id = 1) LIMIT 1 OFFSET 0
[TeaQL SQL][query][226us] 1 rows returned outcome=success batchOutcome=not_applicable comment=matched merchant read with relation purpose=matched benchmark read auditReason= tracePath=[0:OPERATION:Merchant=query -> 1:REQUEST:Merchant= -> 2:PROVIDER:postgresql= -> 3:SQL:select=] mutationLineage=[]
SQL: -- TeaQL PLAIN
SELECT id, name, code, external_id AS externalId, task_life_hours AS taskLifeHours, version, platform FROM merchant_data WHERE (version > 0) AND (external_id = 'matched-merchant') LIMIT 1000 OFFSET 0
[TeaQL SQL][query][254us] 1 rows returned outcome=success batchOutcome=not_applicable comment=matched merchant read with relation purpose=matched benchmark read auditReason= tracePath=[0:OPERATION:Merchant=query -> 1:REQUEST:Merchant= -> 2:RELATION:platform=Merchant.platform -> 3:PROVIDER:postgresql= -> 4:SQL:select=] mutationLineage=[]
SQL: -- TeaQL PLAIN
SELECT id, create_time AS createTime, last_update_time AS lastUpdateTime, name, version FROM platform_data WHERE (version > 0) AND (id = 1) LIMIT 1 OFFSET 0
[TeaQL SQL][query][273us] 1 rows returned outcome=success batchOutcome=not_applicable comment=matched merchant read with relation purpose=matched benchmark read auditReason= tracePath=[0:OPERATION:Merchant=query -> 1:REQUEST:Merchant= -> 2:PROVIDER:postgresql= -> 3:SQL:select=] mutationLineage=[]
SQL: -- TeaQL PLAIN
SELECT id, name, code, external_id AS externalId, task_life_hours AS taskLifeHours, version, platform FROM merchant_data WHERE (version > 0) AND (external_id = 'matched-merchant') LIMIT 1000 OFFSET 0
[TeaQL SQL][query][288us] 1 rows returned outcome=success batchOutcome=not_applicable comment=matched merchant read with relation purpose=matched benchmark read auditReason= tracePath=[0:OPERATION:Merchant=query -> 1:REQUEST:Merchant= -> 2:PROVIDER:postgresql= -> 3:SQL:select=] mutationLineage=[]
SQL: -- TeaQL PLAIN
SELECT id, name, code, external_id AS externalId, task_life_hours AS taskLifeHours, version, platform FROM merchant_data WHERE (version > 0) AND (external_id = 'matched-merchant') LIMIT 1000 OFFSET 0
[TeaQL SQL][query][220us] 1 rows returned outcome=success batchOutcome=not_applicable comment=matched merchant read with relation purpose=matched benchmark read auditReason= tracePath=[0:OPERATION:Merchant=query -> 1:REQUEST:Merchant= -> 2:RELATION:platform=Merchant.platform -> 3:PROVIDER:postgresql= -> 4:SQL:select=] mutationLineage=[]
SQL: -- TeaQL PLAIN
SELECT id, create_time AS createTime, last_update_time AS lastUpdateTime, name, version FROM platform_data WHERE (version > 0) AND (id = 1) LIMIT 1 OFFSET 0
[TeaQL SQL][query][232us] 1 rows returned outcome=success batchOutcome=not_applicable comment=matched merchant read with relation purpose=matched benchmark read auditReason= tracePath=[0:OPERATION:Merchant=query -> 1:REQUEST:Merchant= -> 2:RELATION:platform=Merchant.platform -> 3:PROVIDER:postgresql= -> 4:SQL:select=] mutationLineage=[]
SQL: -- TeaQL PLAIN
SELECT id, create_time AS createTime, last_update_time AS lastUpdateTime, name, version FROM platform_data WHERE (version > 0) AND (id = 1) LIMIT 1 OFFSET 0
[TeaQL SQL][query][310us] 1 rows returned outcome=success batchOutcome=not_applicable comment=matched merchant read with relation purpose=matched benchmark read auditReason= tracePath=[0:OPERATION:Merchant=query -> 1:REQUEST:Merchant= -> 2:PROVIDER:postgresql= -> 3:SQL:select=] mutationLineage=[]
SQL: -- TeaQL PLAIN
SELECT id, name, code, external_id AS externalId, task_life_hours AS taskLifeHours, version, platform FROM merchant_data WHERE (version > 0) AND (external_id = 'matched-merchant') LIMIT 1000 OFFSET 0
[TeaQL SQL][query][268us] 1 rows returned outcome=success batchOutcome=not_applicable comment=matched merchant read with relation purpose=matched benchmark read auditReason= tracePath=[0:OPERATION:Merchant=query -> 1:REQUEST:Merchant= -> 2:RELATION:platform=Merchant.platform -> 3:PROVIDER:postgresql= -> 4:SQL:select=] mutationLineage=[]
SQL: -- TeaQL PLAIN
SELECT id, create_time AS createTime, last_update_time AS lastUpdateTime, name, version FROM platform_data WHERE (version > 0) AND (id = 1) LIMIT 1 OFFSET 0
[TeaQL SQL][query][347us] 1 rows returned outcome=success batchOutcome=not_applicable comment=matched merchant read with relation purpose=matched benchmark read auditReason= tracePath=[0:OPERATION:Merchant=query -> 1:REQUEST:Merchant= -> 2:PROVIDER:postgresql= -> 3:SQL:select=] mutationLineage=[]
SQL: -- TeaQL PLAIN
SELECT id, name, code, external_id AS externalId, task_life_hours AS taskLifeHours, version, platform FROM merchant_data WHERE (version > 0) AND (external_id = 'matched-merchant') LIMIT 1000 OFFSET 0
[TeaQL SQL][query][273us] 1 rows returned outcome=success batchOutcome=not_applicable comment=matched merchant read with relation purpose=matched benchmark read auditReason= tracePath=[0:OPERATION:Merchant=query -> 1:REQUEST:Merchant= -> 2:RELATION:platform=Merchant.platform -> 3:PROVIDER:postgresql= -> 4:SQL:select=] mutationLineage=[]
SQL: -- TeaQL PLAIN
SELECT id, create_time AS createTime, last_update_time AS lastUpdateTime, name, version FROM platform_data WHERE (version > 0) AND (id = 1) LIMIT 1 OFFSET 0
[TeaQL SQL][query][303us] 1 rows returned outcome=success batchOutcome=not_applicable comment=matched merchant read with relation purpose=matched benchmark read auditReason= tracePath=[0:OPERATION:Merchant=query -> 1:REQUEST:Merchant= -> 2:PROVIDER:postgresql= -> 3:SQL:select=] mutationLineage=[]
SQL: -- TeaQL PLAIN
SELECT id, name, code, external_id AS externalId, task_life_hours AS taskLifeHours, version, platform FROM merchant_data WHERE (version > 0) AND (external_id = 'matched-merchant') LIMIT 1000 OFFSET 0
[TeaQL SQL][query][201us] 1 rows returned outcome=success batchOutcome=not_applicable comment=matched merchant read with relation purpose=matched benchmark read auditReason= tracePath=[0:OPERATION:Merchant=query -> 1:REQUEST:Merchant= -> 2:RELATION:platform=Merchant.platform -> 3:PROVIDER:postgresql= -> 4:SQL:select=] mutationLineage=[]
SQL: -- TeaQL PLAIN
SELECT id, create_time AS createTime, last_update_time AS lastUpdateTime, name, version FROM platform_data WHERE (version > 0) AND (id = 1) LIMIT 1 OFFSET 0
[TeaQL SQL][query][292us] 1 rows returned outcome=success batchOutcome=not_applicable comment=matched merchant read with relation purpose=matched benchmark read auditReason= tracePath=[0:OPERATION:Merchant=query -> 1:REQUEST:Merchant= -> 2:PROVIDER:postgresql= -> 3:SQL:select=] mutationLineage=[]
SQL: -- TeaQL PLAIN
SELECT id, name, code, external_id AS externalId, task_life_hours AS taskLifeHours, version, platform FROM merchant_data WHERE (version > 0) AND (external_id = 'matched-merchant') LIMIT 1000 OFFSET 0
[TeaQL SQL][query][269us] 1 rows returned outcome=success batchOutcome=not_applicable comment=matched merchant read with relation purpose=matched benchmark read auditReason= tracePath=[0:OPERATION:Merchant=query -> 1:REQUEST:Merchant= -> 2:RELATION:platform=Merchant.platform -> 3:PROVIDER:postgresql= -> 4:SQL:select=] mutationLineage=[]
SQL: -- TeaQL PLAIN
SELECT id, create_time AS createTime, last_update_time AS lastUpdateTime, name, version FROM platform_data WHERE (version > 0) AND (id = 1) LIMIT 1 OFFSET 0
[TeaQL SQL][query][356us] 1 rows returned outcome=success batchOutcome=not_applicable comment=matched merchant read with relation purpose=matched benchmark read auditReason= tracePath=[0:OPERATION:Merchant=query -> 1:REQUEST:Merchant= -> 2:PROVIDER:postgresql= -> 3:SQL:select=] mutationLineage=[]
SQL: -- TeaQL PLAIN
SELECT id, name, code, external_id AS externalId, task_life_hours AS taskLifeHours, version, platform FROM merchant_data WHERE (version > 0) AND (external_id = 'matched-merchant') LIMIT 1000 OFFSET 0
[TeaQL SQL][query][257us] 1 rows returned outcome=success batchOutcome=not_applicable comment=matched merchant read with relation purpose=matched benchmark read auditReason= tracePath=[0:OPERATION:Merchant=query -> 1:REQUEST:Merchant= -> 2:RELATION:platform=Merchant.platform -> 3:PROVIDER:postgresql= -> 4:SQL:select=] mutationLineage=[]
SQL: -- TeaQL PLAIN
SELECT id, create_time AS createTime, last_update_time AS lastUpdateTime, name, version FROM platform_data WHERE (version > 0) AND (id = 1) LIMIT 1 OFFSET 0
[TeaQL SQL][query][287us] 1 rows returned outcome=success batchOutcome=not_applicable comment=matched merchant read with relation purpose=matched benchmark read auditReason= tracePath=[0:OPERATION:Merchant=query -> 1:REQUEST:Merchant= -> 2:PROVIDER:postgresql= -> 3:SQL:select=] mutationLineage=[]
SQL: -- TeaQL PLAIN
SELECT id, name, code, external_id AS externalId, task_life_hours AS taskLifeHours, version, platform FROM merchant_data WHERE (version > 0) AND (external_id = 'matched-merchant') LIMIT 1000 OFFSET 0
[TeaQL SQL][query][211us] 1 rows returned outcome=success batchOutcome=not_applicable comment=matched merchant read with relation purpose=matched benchmark read auditReason= tracePath=[0:OPERATION:Merchant=query -> 1:REQUEST:Merchant= -> 2:RELATION:platform=Merchant.platform -> 3:PROVIDER:postgresql= -> 4:SQL:select=] mutationLineage=[]
SQL: -- TeaQL PLAIN
SELECT id, create_time AS createTime, last_update_time AS lastUpdateTime, name, version FROM platform_data WHERE (version > 0) AND (id = 1) LIMIT 1 OFFSET 0
[TeaQL SQL][query][304us] 1 rows returned outcome=success batchOutcome=not_applicable comment=matched merchant read with relation purpose=matched benchmark read auditReason= tracePath=[0:OPERATION:Merchant=query -> 1:REQUEST:Merchant= -> 2:PROVIDER:postgresql= -> 3:SQL:select=] mutationLineage=[]
SQL: -- TeaQL PLAIN
SELECT id, name, code, external_id AS externalId, task_life_hours AS taskLifeHours, version, platform FROM merchant_data WHERE (version > 0) AND (external_id = 'matched-merchant') LIMIT 1000 OFFSET 0
[TeaQL SQL][query][259us] 1 rows returned outcome=success batchOutcome=not_applicable comment=matched merchant read with relation purpose=matched benchmark read auditReason= tracePath=[0:OPERATION:Merchant=query -> 1:REQUEST:Merchant= -> 2:RELATION:platform=Merchant.platform -> 3:PROVIDER:postgresql= -> 4:SQL:select=] mutationLineage=[]
SQL: -- TeaQL PLAIN
SELECT id, create_time AS createTime, last_update_time AS lastUpdateTime, name, version FROM platform_data WHERE (version > 0) AND (id = 1) LIMIT 1 OFFSET 0
[TeaQL SQL][query][272us] 1 rows returned outcome=success batchOutcome=not_applicable comment=matched merchant read with relation purpose=matched benchmark read auditReason= tracePath=[0:OPERATION:Merchant=query -> 1:REQUEST:Merchant= -> 2:PROVIDER:postgresql= -> 3:SQL:select=] mutationLineage=[]
SQL: -- TeaQL PLAIN
SELECT id, name, code, external_id AS externalId, task_life_hours AS taskLifeHours, version, platform FROM merchant_data WHERE (version > 0) AND (external_id = 'matched-merchant') LIMIT 1000 OFFSET 0
[TeaQL SQL][query][212us] 1 rows returned outcome=success batchOutcome=not_applicable comment=matched merchant read with relation purpose=matched benchmark read auditReason= tracePath=[0:OPERATION:Merchant=query -> 1:REQUEST:Merchant= -> 2:RELATION:platform=Merchant.platform -> 3:PROVIDER:postgresql= -> 4:SQL:select=] mutationLineage=[]
SQL: -- TeaQL PLAIN
SELECT id, create_time AS createTime, last_update_time AS lastUpdateTime, name, version FROM platform_data WHERE (version > 0) AND (id = 1) LIMIT 1 OFFSET 0
[TeaQL SQL][query][278us] 1 rows returned outcome=success batchOutcome=not_applicable comment=matched merchant read with relation purpose=matched benchmark read auditReason= tracePath=[0:OPERATION:Merchant=query -> 1:REQUEST:Merchant= -> 2:PROVIDER:postgresql= -> 3:SQL:select=] mutationLineage=[]
SQL: -- TeaQL PLAIN
SELECT id, name, code, external_id AS externalId, task_life_hours AS taskLifeHours, version, platform FROM merchant_data WHERE (version > 0) AND (external_id = 'matched-merchant') LIMIT 1000 OFFSET 0
[TeaQL SQL][query][277us] 1 rows returned outcome=success batchOutcome=not_applicable comment=matched merchant read with relation purpose=matched benchmark read auditReason= tracePath=[0:OPERATION:Merchant=query -> 1:REQUEST:Merchant= -> 2:RELATION:platform=Merchant.platform -> 3:PROVIDER:postgresql= -> 4:SQL:select=] mutationLineage=[]
SQL: -- TeaQL PLAIN
SELECT id, create_time AS createTime, last_update_time AS lastUpdateTime, name, version FROM platform_data WHERE (version > 0) AND (id = 1) LIMIT 1 OFFSET 0
[TeaQL SQL][query][203us] 1 rows returned outcome=success batchOutcome=not_applicable comment=matched merchant read with relation purpose=matched benchmark read auditReason= tracePath=[0:OPERATION:Merchant=query -> 1:REQUEST:Merchant= -> 2:PROVIDER:postgresql= -> 3:SQL:select=] mutationLineage=[]
SQL: -- TeaQL PLAIN
SELECT id, name, code, external_id AS externalId, task_life_hours AS taskLifeHours, version, platform FROM merchant_data WHERE (version > 0) AND (external_id = 'matched-merchant') LIMIT 1000 OFFSET 0
[TeaQL SQL][query][207us] 1 rows returned outcome=success batchOutcome=not_applicable comment=matched merchant read with relation purpose=matched benchmark read auditReason= tracePath=[0:OPERATION:Merchant=query -> 1:REQUEST:Merchant= -> 2:RELATION:platform=Merchant.platform -> 3:PROVIDER:postgresql= -> 4:SQL:select=] mutationLineage=[]
SQL: -- TeaQL PLAIN
SELECT id, create_time AS createTime, last_update_time AS lastUpdateTime, name, version FROM platform_data WHERE (version > 0) AND (id = 1) LIMIT 1 OFFSET 0
[TeaQL SQL][query][291us] 1 rows returned outcome=success batchOutcome=not_applicable comment=matched merchant read with relation purpose=matched benchmark read auditReason= tracePath=[0:OPERATION:Merchant=query -> 1:REQUEST:Merchant= -> 2:PROVIDER:postgresql= -> 3:SQL:select=] mutationLineage=[]
SQL: -- TeaQL PLAIN
SELECT id, name, code, external_id AS externalId, task_life_hours AS taskLifeHours, version, platform FROM merchant_data WHERE (version > 0) AND (external_id = 'matched-merchant') LIMIT 1000 OFFSET 0
[TeaQL SQL][query][233us] 1 rows returned outcome=success batchOutcome=not_applicable comment=matched merchant read with relation purpose=matched benchmark read auditReason= tracePath=[0:OPERATION:Merchant=query -> 1:REQUEST:Merchant= -> 2:RELATION:platform=Merchant.platform -> 3:PROVIDER:postgresql= -> 4:SQL:select=] mutationLineage=[]
SQL: -- TeaQL PLAIN
SELECT id, create_time AS createTime, last_update_time AS lastUpdateTime, name, version FROM platform_data WHERE (version > 0) AND (id = 1) LIMIT 1 OFFSET 0
[TeaQL SQL][query][317us] 1 rows returned outcome=success batchOutcome=not_applicable comment=matched merchant read with relation purpose=matched benchmark read auditReason= tracePath=[0:OPERATION:Merchant=query -> 1:REQUEST:Merchant= -> 2:PROVIDER:postgresql= -> 3:SQL:select=] mutationLineage=[]
SQL: -- TeaQL PLAIN
SELECT id, name, code, external_id AS externalId, task_life_hours AS taskLifeHours, version, platform FROM merchant_data WHERE (version > 0) AND (external_id = 'matched-merchant') LIMIT 1000 OFFSET 0
[TeaQL SQL][query][217us] 1 rows returned outcome=success batchOutcome=not_applicable comment=matched merchant read with relation purpose=matched benchmark read auditReason= tracePath=[0:OPERATION:Merchant=query -> 1:REQUEST:Merchant= -> 2:RELATION:platform=Merchant.platform -> 3:PROVIDER:postgresql= -> 4:SQL:select=] mutationLineage=[]
SQL: -- TeaQL PLAIN
SELECT id, create_time AS createTime, last_update_time AS lastUpdateTime, name, version FROM platform_data WHERE (version > 0) AND (id = 1) LIMIT 1 OFFSET 0
[TeaQL SQL][query][385us] 1 rows returned outcome=success batchOutcome=not_applicable comment=matched merchant read with relation purpose=matched benchmark read auditReason= tracePath=[0:OPERATION:Merchant=query -> 1:REQUEST:Merchant= -> 2:PROVIDER:postgresql= -> 3:SQL:select=] mutationLineage=[]
SQL: -- TeaQL PLAIN
SELECT id, name, code, external_id AS externalId, task_life_hours AS taskLifeHours, version, platform FROM merchant_data WHERE (version > 0) AND (external_id = 'matched-merchant') LIMIT 1000 OFFSET 0
[TeaQL SQL][query][269us] 1 rows returned outcome=success batchOutcome=not_applicable comment=matched merchant read with relation purpose=matched benchmark read auditReason= tracePath=[0:OPERATION:Merchant=query -> 1:REQUEST:Merchant= -> 2:RELATION:platform=Merchant.platform -> 3:PROVIDER:postgresql= -> 4:SQL:select=] mutationLineage=[]
SQL: -- TeaQL PLAIN
SELECT id, create_time AS createTime, last_update_time AS lastUpdateTime, name, version FROM platform_data WHERE (version > 0) AND (id = 1) LIMIT 1 OFFSET 0
[TeaQL SQL][query][400us] 1 rows returned outcome=success batchOutcome=not_applicable comment=matched merchant read with relation purpose=matched benchmark read auditReason= tracePath=[0:OPERATION:Merchant=query -> 1:REQUEST:Merchant= -> 2:PROVIDER:postgresql= -> 3:SQL:select=] mutationLineage=[]
SQL: -- TeaQL PLAIN
SELECT id, name, code, external_id AS externalId, task_life_hours AS taskLifeHours, version, platform FROM merchant_data WHERE (version > 0) AND (external_id = 'matched-merchant') LIMIT 1000 OFFSET 0
[TeaQL SQL][query][400us] 1 rows returned outcome=success batchOutcome=not_applicable comment=matched merchant read with relation purpose=matched benchmark read auditReason= tracePath=[0:OPERATION:Merchant=query -> 1:REQUEST:Merchant= -> 2:PROVIDER:postgresql= -> 3:SQL:select=] mutationLineage=[]
SQL: -- TeaQL PLAIN
SELECT id, name, code, external_id AS externalId, task_life_hours AS taskLifeHours, version, platform FROM merchant_data WHERE (version > 0) AND (external_id = 'matched-merchant') LIMIT 1000 OFFSET 0
[TeaQL SQL][query][400us] 1 rows returned outcome=success batchOutcome=not_applicable comment=matched merchant read with relation purpose=matched benchmark read auditReason= tracePath=[0:OPERATION:Merchant=query -> 1:REQUEST:Merchant= -> 2:PROVIDER:postgresql= -> 3:SQL:select=] mutationLineage=[]
SQL: -- TeaQL PLAIN
SELECT id, name, code, external_id AS externalId, task_life_hours AS taskLifeHours, version, platform FROM merchant_data WHERE (version > 0) AND (external_id = 'matched-merchant') LIMIT 1000 OFFSET 0
[TeaQL SQL][query][209us] 1 rows returned outcome=success batchOutcome=not_applicable comment=matched merchant read with relation purpose=matched benchmark read auditReason= tracePath=[0:OPERATION:Merchant=query -> 1:REQUEST:Merchant= -> 2:RELATION:platform=Merchant.platform -> 3:PROVIDER:postgresql= -> 4:SQL:select=] mutationLineage=[]
SQL: -- TeaQL PLAIN
SELECT id, create_time AS createTime, last_update_time AS lastUpdateTime, name, version FROM platform_data WHERE (version > 0) AND (id = 1) LIMIT 1 OFFSET 0
[TeaQL SQL][query][248us] 1 rows returned outcome=success batchOutcome=not_applicable comment=matched merchant read with relation purpose=matched benchmark read auditReason= tracePath=[0:OPERATION:Merchant=query -> 1:REQUEST:Merchant= -> 2:RELATION:platform=Merchant.platform -> 3:PROVIDER:postgresql= -> 4:SQL:select=] mutationLineage=[]
SQL: -- TeaQL PLAIN
SELECT id, create_time AS createTime, last_update_time AS lastUpdateTime, name, version FROM platform_data WHERE (version > 0) AND (id = 1) LIMIT 1 OFFSET 0
[TeaQL SQL][query][300us] 1 rows returned outcome=success batchOutcome=not_applicable comment=matched merchant read with relation purpose=matched benchmark read auditReason= tracePath=[0:OPERATION:Merchant=query -> 1:REQUEST:Merchant= -> 2:RELATION:platform=Merchant.platform -> 3:PROVIDER:postgresql= -> 4:SQL:select=] mutationLineage=[]
SQL: -- TeaQL PLAIN
SELECT id, create_time AS createTime, last_update_time AS lastUpdateTime, name, version FROM platform_data WHERE (version > 0) AND (id = 1) LIMIT 1 OFFSET 0
[TeaQL SQL][query][345us] 1 rows returned outcome=success batchOutcome=not_applicable comment=matched merchant read with relation purpose=matched benchmark read auditReason= tracePath=[0:OPERATION:Merchant=query -> 1:REQUEST:Merchant= -> 2:PROVIDER:postgresql= -> 3:SQL:select=] mutationLineage=[]
SQL: -- TeaQL PLAIN
SELECT id, name, code, external_id AS externalId, task_life_hours AS taskLifeHours, version, platform FROM merchant_data WHERE (version > 0) AND (external_id = 'matched-merchant') LIMIT 1000 OFFSET 0
[TeaQL SQL][query][306us] 1 rows returned outcome=success batchOutcome=not_applicable comment=matched merchant read with relation purpose=matched benchmark read auditReason= tracePath=[0:OPERATION:Merchant=query -> 1:REQUEST:Merchant= -> 2:RELATION:platform=Merchant.platform -> 3:PROVIDER:postgresql= -> 4:SQL:select=] mutationLineage=[]
SQL: -- TeaQL PLAIN
SELECT id, create_time AS createTime, last_update_time AS lastUpdateTime, name, version FROM platform_data WHERE (version > 0) AND (id = 1) LIMIT 1 OFFSET 0
[TeaQL SQL][query][275us] 1 rows returned outcome=success batchOutcome=not_applicable comment=matched merchant read with relation purpose=matched benchmark read auditReason= tracePath=[0:OPERATION:Merchant=query -> 1:REQUEST:Merchant= -> 2:PROVIDER:postgresql= -> 3:SQL:select=] mutationLineage=[]
SQL: -- TeaQL PLAIN
SELECT id, name, code, external_id AS externalId, task_life_hours AS taskLifeHours, version, platform FROM merchant_data WHERE (version > 0) AND (external_id = 'matched-merchant') LIMIT 1000 OFFSET 0
[TeaQL SQL][query][242us] 1 rows returned outcome=success batchOutcome=not_applicable comment=matched merchant read with relation purpose=matched benchmark read auditReason= tracePath=[0:OPERATION:Merchant=query -> 1:REQUEST:Merchant= -> 2:RELATION:platform=Merchant.platform -> 3:PROVIDER:postgresql= -> 4:SQL:select=] mutationLineage=[]
SQL: -- TeaQL PLAIN
SELECT id, create_time AS createTime, last_update_time AS lastUpdateTime, name, version FROM platform_data WHERE (version > 0) AND (id = 1) LIMIT 1 OFFSET 0
[TeaQL SQL][query][383us] 1 rows returned outcome=success batchOutcome=not_applicable comment=matched merchant read with relation purpose=matched benchmark read auditReason= tracePath=[0:OPERATION:Merchant=query -> 1:REQUEST:Merchant= -> 2:PROVIDER:postgresql= -> 3:SQL:select=] mutationLineage=[]
SQL: -- TeaQL PLAIN
SELECT id, name, code, external_id AS externalId, task_life_hours AS taskLifeHours, version, platform FROM merchant_data WHERE (version > 0) AND (external_id = 'matched-merchant') LIMIT 1000 OFFSET 0
[TeaQL SQL][query][387us] 1 rows returned outcome=success batchOutcome=not_applicable comment=matched merchant read with relation purpose=matched benchmark read auditReason= tracePath=[0:OPERATION:Merchant=query -> 1:REQUEST:Merchant= -> 2:PROVIDER:postgresql= -> 3:SQL:select=] mutationLineage=[]
SQL: -- TeaQL PLAIN
SELECT id, name, code, external_id AS externalId, task_life_hours AS taskLifeHours, version, platform FROM merchant_data WHERE (version > 0) AND (external_id = 'matched-merchant') LIMIT 1000 OFFSET 0
[TeaQL SQL][query][293us] 1 rows returned outcome=success batchOutcome=not_applicable comment=matched merchant read with relation purpose=matched benchmark read auditReason= tracePath=[0:OPERATION:Merchant=query -> 1:REQUEST:Merchant= -> 2:RELATION:platform=Merchant.platform -> 3:PROVIDER:postgresql= -> 4:SQL:select=] mutationLineage=[]
SQL: -- TeaQL PLAIN
SELECT id, create_time AS createTime, last_update_time AS lastUpdateTime, name, version FROM platform_data WHERE (version > 0) AND (id = 1) LIMIT 1 OFFSET 0
[TeaQL SQL][query][238us] 1 rows returned outcome=success batchOutcome=not_applicable comment=matched merchant read with relation purpose=matched benchmark read auditReason= tracePath=[0:OPERATION:Merchant=query -> 1:REQUEST:Merchant= -> 2:RELATION:platform=Merchant.platform -> 3:PROVIDER:postgresql= -> 4:SQL:select=] mutationLineage=[]
SQL: -- TeaQL PLAIN
SELECT id, create_time AS createTime, last_update_time AS lastUpdateTime, name, version FROM platform_data WHERE (version > 0) AND (id = 1) LIMIT 1 OFFSET 0
[TeaQL SQL][query][243us] 1 rows returned outcome=success batchOutcome=not_applicable comment=matched merchant read with relation purpose=matched benchmark read auditReason= tracePath=[0:OPERATION:Merchant=query -> 1:REQUEST:Merchant= -> 2:PROVIDER:postgresql= -> 3:SQL:select=] mutationLineage=[]
SQL: -- TeaQL PLAIN
SELECT id, name, code, external_id AS externalId, task_life_hours AS taskLifeHours, version, platform FROM merchant_data WHERE (version > 0) AND (external_id = 'matched-merchant') LIMIT 1000 OFFSET 0
[TeaQL SQL][query][328us] 1 rows returned outcome=success batchOutcome=not_applicable comment=matched merchant read with relation purpose=matched benchmark read auditReason= tracePath=[0:OPERATION:Merchant=query -> 1:REQUEST:Merchant= -> 2:RELATION:platform=Merchant.platform -> 3:PROVIDER:postgresql= -> 4:SQL:select=] mutationLineage=[]
SQL: -- TeaQL PLAIN
SELECT id, create_time AS createTime, last_update_time AS lastUpdateTime, name, version FROM platform_data WHERE (version > 0) AND (id = 1) LIMIT 1 OFFSET 0
[TeaQL SQL][query][362us] 1 rows returned outcome=success batchOutcome=not_applicable comment=matched merchant read with relation purpose=matched benchmark read auditReason= tracePath=[0:OPERATION:Merchant=query -> 1:REQUEST:Merchant= -> 2:PROVIDER:postgresql= -> 3:SQL:select=] mutationLineage=[]
SQL: -- TeaQL PLAIN
SELECT id, name, code, external_id AS externalId, task_life_hours AS taskLifeHours, version, platform FROM merchant_data WHERE (version > 0) AND (external_id = 'matched-merchant') LIMIT 1000 OFFSET 0
[TeaQL SQL][query][228us] 1 rows returned outcome=success batchOutcome=not_applicable comment=matched merchant read with relation purpose=matched benchmark read auditReason= tracePath=[0:OPERATION:Merchant=query -> 1:REQUEST:Merchant= -> 2:RELATION:platform=Merchant.platform -> 3:PROVIDER:postgresql= -> 4:SQL:select=] mutationLineage=[]
SQL: -- TeaQL PLAIN
SELECT id, create_time AS createTime, last_update_time AS lastUpdateTime, name, version FROM platform_data WHERE (version > 0) AND (id = 1) LIMIT 1 OFFSET 0
[TeaQL SQL][query][283us] 1 rows returned outcome=success batchOutcome=not_applicable comment=matched merchant read with relation purpose=matched benchmark read auditReason= tracePath=[0:OPERATION:Merchant=query -> 1:REQUEST:Merchant= -> 2:PROVIDER:postgresql= -> 3:SQL:select=] mutationLineage=[]
SQL: -- TeaQL PLAIN
SELECT id, name, code, external_id AS externalId, task_life_hours AS taskLifeHours, version, platform FROM merchant_data WHERE (version > 0) AND (external_id = 'matched-merchant') LIMIT 1000 OFFSET 0
[TeaQL SQL][query][301us] 1 rows returned outcome=success batchOutcome=not_applicable comment=matched merchant read with relation purpose=matched benchmark read auditReason= tracePath=[0:OPERATION:Merchant=query -> 1:REQUEST:Merchant= -> 2:PROVIDER:postgresql= -> 3:SQL:select=] mutationLineage=[]
SQL: -- TeaQL PLAIN
SELECT id, name, code, external_id AS externalId, task_life_hours AS taskLifeHours, version, platform FROM merchant_data WHERE (version > 0) AND (external_id = 'matched-merchant') LIMIT 1000 OFFSET 0
[TeaQL SQL][query][243us] 1 rows returned outcome=success batchOutcome=not_applicable comment=matched merchant read with relation purpose=matched benchmark read auditReason= tracePath=[0:OPERATION:Merchant=query -> 1:REQUEST:Merchant= -> 2:PROVIDER:postgresql= -> 3:SQL:select=] mutationLineage=[]
SQL: -- TeaQL PLAIN
SELECT id, name, code, external_id AS externalId, task_life_hours AS taskLifeHours, version, platform FROM merchant_data WHERE (version > 0) AND (external_id = 'matched-merchant') LIMIT 1000 OFFSET 0
[TeaQL SQL][query][242us] 1 rows returned outcome=success batchOutcome=not_applicable comment=matched merchant read with relation purpose=matched benchmark read auditReason= tracePath=[0:OPERATION:Merchant=query -> 1:REQUEST:Merchant= -> 2:RELATION:platform=Merchant.platform -> 3:PROVIDER:postgresql= -> 4:SQL:select=] mutationLineage=[]
SQL: -- TeaQL PLAIN
SELECT id, create_time AS createTime, last_update_time AS lastUpdateTime, name, version FROM platform_data WHERE (version > 0) AND (id = 1) LIMIT 1 OFFSET 0
[TeaQL SQL][query][186us] 1 rows returned outcome=success batchOutcome=not_applicable comment=matched merchant read with relation purpose=matched benchmark read auditReason= tracePath=[0:OPERATION:Merchant=query -> 1:REQUEST:Merchant= -> 2:RELATION:platform=Merchant.platform -> 3:PROVIDER:postgresql= -> 4:SQL:select=] mutationLineage=[]
SQL: -- TeaQL PLAIN
SELECT id, create_time AS createTime, last_update_time AS lastUpdateTime, name, version FROM platform_data WHERE (version > 0) AND (id = 1) LIMIT 1 OFFSET 0
[TeaQL SQL][query][211us] 1 rows returned outcome=success batchOutcome=not_applicable comment=matched merchant read with relation purpose=matched benchmark read auditReason= tracePath=[0:OPERATION:Merchant=query -> 1:REQUEST:Merchant= -> 2:RELATION:platform=Merchant.platform -> 3:PROVIDER:postgresql= -> 4:SQL:select=] mutationLineage=[]
SQL: -- TeaQL PLAIN
SELECT id, create_time AS createTime, last_update_time AS lastUpdateTime, name, version FROM platform_data WHERE (version > 0) AND (id = 1) LIMIT 1 OFFSET 0
[TeaQL SQL][query][282us] 1 rows returned outcome=success batchOutcome=not_applicable comment=matched merchant read with relation purpose=matched benchmark read auditReason= tracePath=[0:OPERATION:Merchant=query -> 1:REQUEST:Merchant= -> 2:PROVIDER:postgresql= -> 3:SQL:select=] mutationLineage=[]
SQL: -- TeaQL PLAIN
SELECT id, name, code, external_id AS externalId, task_life_hours AS taskLifeHours, version, platform FROM merchant_data WHERE (version > 0) AND (external_id = 'matched-merchant') LIMIT 1000 OFFSET 0
[TeaQL SQL][query][239us] 1 rows returned outcome=success batchOutcome=not_applicable comment=matched merchant read with relation purpose=matched benchmark read auditReason= tracePath=[0:OPERATION:Merchant=query -> 1:REQUEST:Merchant= -> 2:RELATION:platform=Merchant.platform -> 3:PROVIDER:postgresql= -> 4:SQL:select=] mutationLineage=[]
SQL: -- TeaQL PLAIN
SELECT id, create_time AS createTime, last_update_time AS lastUpdateTime, name, version FROM platform_data WHERE (version > 0) AND (id = 1) LIMIT 1 OFFSET 0
[TeaQL SQL][query][406us] 1 rows returned outcome=success batchOutcome=not_applicable comment=matched merchant read with relation purpose=matched benchmark read auditReason= tracePath=[0:OPERATION:Merchant=query -> 1:REQUEST:Merchant= -> 2:PROVIDER:postgresql= -> 3:SQL:select=] mutationLineage=[]
SQL: -- TeaQL PLAIN
SELECT id, name, code, external_id AS externalId, task_life_hours AS taskLifeHours, version, platform FROM merchant_data WHERE (version > 0) AND (external_id = 'matched-merchant') LIMIT 1000 OFFSET 0
[TeaQL SQL][query][258us] 1 rows returned outcome=success batchOutcome=not_applicable comment=matched merchant read with relation purpose=matched benchmark read auditReason= tracePath=[0:OPERATION:Merchant=query -> 1:REQUEST:Merchant= -> 2:RELATION:platform=Merchant.platform -> 3:PROVIDER:postgresql= -> 4:SQL:select=] mutationLineage=[]
SQL: -- TeaQL PLAIN
SELECT id, create_time AS createTime, last_update_time AS lastUpdateTime, name, version FROM platform_data WHERE (version > 0) AND (id = 1) LIMIT 1 OFFSET 0
[TeaQL SQL][query][319us] 1 rows returned outcome=success batchOutcome=not_applicable comment=matched merchant read with relation purpose=matched benchmark read auditReason= tracePath=[0:OPERATION:Merchant=query -> 1:REQUEST:Merchant= -> 2:PROVIDER:postgresql= -> 3:SQL:select=] mutationLineage=[]
SQL: -- TeaQL PLAIN
SELECT id, name, code, external_id AS externalId, task_life_hours AS taskLifeHours, version, platform FROM merchant_data WHERE (version > 0) AND (external_id = 'matched-merchant') LIMIT 1000 OFFSET 0
[TeaQL SQL][query][283us] 1 rows returned outcome=success batchOutcome=not_applicable comment=matched merchant read with relation purpose=matched benchmark read auditReason= tracePath=[0:OPERATION:Merchant=query -> 1:REQUEST:Merchant= -> 2:RELATION:platform=Merchant.platform -> 3:PROVIDER:postgresql= -> 4:SQL:select=] mutationLineage=[]
SQL: -- TeaQL PLAIN
SELECT id, create_time AS createTime, last_update_time AS lastUpdateTime, name, version FROM platform_data WHERE (version > 0) AND (id = 1) LIMIT 1 OFFSET 0
[TeaQL SQL][query][298us] 1 rows returned outcome=success batchOutcome=not_applicable comment=matched merchant read with relation purpose=matched benchmark read auditReason= tracePath=[0:OPERATION:Merchant=query -> 1:REQUEST:Merchant= -> 2:PROVIDER:postgresql= -> 3:SQL:select=] mutationLineage=[]
SQL: -- TeaQL PLAIN
SELECT id, name, code, external_id AS externalId, task_life_hours AS taskLifeHours, version, platform FROM merchant_data WHERE (version > 0) AND (external_id = 'matched-merchant') LIMIT 1000 OFFSET 0
[TeaQL SQL][query][318us] 1 rows returned outcome=success batchOutcome=not_applicable comment=matched merchant read with relation purpose=matched benchmark read auditReason= tracePath=[0:OPERATION:Merchant=query -> 1:REQUEST:Merchant= -> 2:PROVIDER:postgresql= -> 3:SQL:select=] mutationLineage=[]
SQL: -- TeaQL PLAIN
SELECT id, name, code, external_id AS externalId, task_life_hours AS taskLifeHours, version, platform FROM merchant_data WHERE (version > 0) AND (external_id = 'matched-merchant') LIMIT 1000 OFFSET 0
[TeaQL SQL][query][183us] 1 rows returned outcome=success batchOutcome=not_applicable comment=matched merchant read with relation purpose=matched benchmark read auditReason= tracePath=[0:OPERATION:Merchant=query -> 1:REQUEST:Merchant= -> 2:RELATION:platform=Merchant.platform -> 3:PROVIDER:postgresql= -> 4:SQL:select=] mutationLineage=[]
SQL: -- TeaQL PLAIN
SELECT id, create_time AS createTime, last_update_time AS lastUpdateTime, name, version FROM platform_data WHERE (version > 0) AND (id = 1) LIMIT 1 OFFSET 0
[TeaQL SQL][query][222us] 1 rows returned outcome=success batchOutcome=not_applicable comment=matched merchant read with relation purpose=matched benchmark read auditReason= tracePath=[0:OPERATION:Merchant=query -> 1:REQUEST:Merchant= -> 2:RELATION:platform=Merchant.platform -> 3:PROVIDER:postgresql= -> 4:SQL:select=] mutationLineage=[]
SQL: -- TeaQL PLAIN
SELECT id, create_time AS createTime, last_update_time AS lastUpdateTime, name, version FROM platform_data WHERE (version > 0) AND (id = 1) LIMIT 1 OFFSET 0
[TeaQL SQL][query][293us] 1 rows returned outcome=success batchOutcome=not_applicable comment=matched merchant read with relation purpose=matched benchmark read auditReason= tracePath=[0:OPERATION:Merchant=query -> 1:REQUEST:Merchant= -> 2:PROVIDER:postgresql= -> 3:SQL:select=] mutationLineage=[]
SQL: -- TeaQL PLAIN
SELECT id, name, code, external_id AS externalId, task_life_hours AS taskLifeHours, version, platform FROM merchant_data WHERE (version > 0) AND (external_id = 'matched-merchant') LIMIT 1000 OFFSET 0
[TeaQL SQL][query][318us] 1 rows returned outcome=success batchOutcome=not_applicable comment=matched merchant read with relation purpose=matched benchmark read auditReason= tracePath=[0:OPERATION:Merchant=query -> 1:REQUEST:Merchant= -> 2:PROVIDER:postgresql= -> 3:SQL:select=] mutationLineage=[]
SQL: -- TeaQL PLAIN
SELECT id, name, code, external_id AS externalId, task_life_hours AS taskLifeHours, version, platform FROM merchant_data WHERE (version > 0) AND (external_id = 'matched-merchant') LIMIT 1000 OFFSET 0
[TeaQL SQL][query][263us] 1 rows returned outcome=success batchOutcome=not_applicable comment=matched merchant read with relation purpose=matched benchmark read auditReason= tracePath=[0:OPERATION:Merchant=query -> 1:REQUEST:Merchant= -> 2:PROVIDER:postgresql= -> 3:SQL:select=] mutationLineage=[]
SQL: -- TeaQL PLAIN
SELECT id, name, code, external_id AS externalId, task_life_hours AS taskLifeHours, version, platform FROM merchant_data WHERE (version > 0) AND (external_id = 'matched-merchant') LIMIT 1000 OFFSET 0
[TeaQL SQL][query][272us] 1 rows returned outcome=success batchOutcome=not_applicable comment=matched merchant read with relation purpose=matched benchmark read auditReason= tracePath=[0:OPERATION:Merchant=query -> 1:REQUEST:Merchant= -> 2:RELATION:platform=Merchant.platform -> 3:PROVIDER:postgresql= -> 4:SQL:select=] mutationLineage=[]
SQL: -- TeaQL PLAIN
SELECT id, create_time AS createTime, last_update_time AS lastUpdateTime, name, version FROM platform_data WHERE (version > 0) AND (id = 1) LIMIT 1 OFFSET 0
[TeaQL SQL][query][231us] 1 rows returned outcome=success batchOutcome=not_applicable comment=matched merchant read with relation purpose=matched benchmark read auditReason= tracePath=[0:OPERATION:Merchant=query -> 1:REQUEST:Merchant= -> 2:RELATION:platform=Merchant.platform -> 3:PROVIDER:postgresql= -> 4:SQL:select=] mutationLineage=[]
SQL: -- TeaQL PLAIN
SELECT id, create_time AS createTime, last_update_time AS lastUpdateTime, name, version FROM platform_data WHERE (version > 0) AND (id = 1) LIMIT 1 OFFSET 0
[TeaQL SQL][query][232us] 1 rows returned outcome=success batchOutcome=not_applicable comment=matched merchant read with relation purpose=matched benchmark read auditReason= tracePath=[0:OPERATION:Merchant=query -> 1:REQUEST:Merchant= -> 2:RELATION:platform=Merchant.platform -> 3:PROVIDER:postgresql= -> 4:SQL:select=] mutationLineage=[]
SQL: -- TeaQL PLAIN
SELECT id, create_time AS createTime, last_update_time AS lastUpdateTime, name, version FROM platform_data WHERE (version > 0) AND (id = 1) LIMIT 1 OFFSET 0
[TeaQL SQL][query][456us] 1 rows returned outcome=success batchOutcome=not_applicable comment=matched merchant read with relation purpose=matched benchmark read auditReason= tracePath=[0:OPERATION:Merchant=query -> 1:REQUEST:Merchant= -> 2:PROVIDER:postgresql= -> 3:SQL:select=] mutationLineage=[]
SQL: -- TeaQL PLAIN
SELECT id, name, code, external_id AS externalId, task_life_hours AS taskLifeHours, version, platform FROM merchant_data WHERE (version > 0) AND (external_id = 'matched-merchant') LIMIT 1000 OFFSET 0
[TeaQL SQL][query][459us] 1 rows returned outcome=success batchOutcome=not_applicable comment=matched merchant read with relation purpose=matched benchmark read auditReason= tracePath=[0:OPERATION:Merchant=query -> 1:REQUEST:Merchant= -> 2:RELATION:platform=Merchant.platform -> 3:PROVIDER:postgresql= -> 4:SQL:select=] mutationLineage=[]
SQL: -- TeaQL PLAIN
SELECT id, create_time AS createTime, last_update_time AS lastUpdateTime, name, version FROM platform_data WHERE (version > 0) AND (id = 1) LIMIT 1 OFFSET 0
[TeaQL SQL][query][363us] 1 rows returned outcome=success batchOutcome=not_applicable comment=matched merchant read with relation purpose=matched benchmark read auditReason= tracePath=[0:OPERATION:Merchant=query -> 1:REQUEST:Merchant= -> 2:PROVIDER:postgresql= -> 3:SQL:select=] mutationLineage=[]
SQL: -- TeaQL PLAIN
SELECT id, name, code, external_id AS externalId, task_life_hours AS taskLifeHours, version, platform FROM merchant_data WHERE (version > 0) AND (external_id = 'matched-merchant') LIMIT 1000 OFFSET 0
[TeaQL SQL][query][277us] 1 rows returned outcome=success batchOutcome=not_applicable comment=matched merchant read with relation purpose=matched benchmark read auditReason= tracePath=[0:OPERATION:Merchant=query -> 1:REQUEST:Merchant= -> 2:RELATION:platform=Merchant.platform -> 3:PROVIDER:postgresql= -> 4:SQL:select=] mutationLineage=[]
SQL: -- TeaQL PLAIN
SELECT id, create_time AS createTime, last_update_time AS lastUpdateTime, name, version FROM platform_data WHERE (version > 0) AND (id = 1) LIMIT 1 OFFSET 0
[TeaQL SQL][query][234us] 1 rows returned outcome=success batchOutcome=not_applicable comment=matched merchant read with relation purpose=matched benchmark read auditReason= tracePath=[0:OPERATION:Merchant=query -> 1:REQUEST:Merchant= -> 2:PROVIDER:postgresql= -> 3:SQL:select=] mutationLineage=[]
SQL: -- TeaQL PLAIN
SELECT id, name, code, external_id AS externalId, task_life_hours AS taskLifeHours, version, platform FROM merchant_data WHERE (version > 0) AND (external_id = 'matched-merchant') LIMIT 1000 OFFSET 0
[TeaQL SQL][query][195us] 1 rows returned outcome=success batchOutcome=not_applicable comment=matched merchant read with relation purpose=matched benchmark read auditReason= tracePath=[0:OPERATION:Merchant=query -> 1:REQUEST:Merchant= -> 2:RELATION:platform=Merchant.platform -> 3:PROVIDER:postgresql= -> 4:SQL:select=] mutationLineage=[]
SQL: -- TeaQL PLAIN
SELECT id, create_time AS createTime, last_update_time AS lastUpdateTime, name, version FROM platform_data WHERE (version > 0) AND (id = 1) LIMIT 1 OFFSET 0
[TeaQL SQL][query][229us] 1 rows returned outcome=success batchOutcome=not_applicable comment=matched merchant read with relation purpose=matched benchmark read auditReason= tracePath=[0:OPERATION:Merchant=query -> 1:REQUEST:Merchant= -> 2:PROVIDER:postgresql= -> 3:SQL:select=] mutationLineage=[]
SQL: -- TeaQL PLAIN
SELECT id, name, code, external_id AS externalId, task_life_hours AS taskLifeHours, version, platform FROM merchant_data WHERE (version > 0) AND (external_id = 'matched-merchant') LIMIT 1000 OFFSET 0
[TeaQL SQL][query][276us] 1 rows returned outcome=success batchOutcome=not_applicable comment=matched merchant read with relation purpose=matched benchmark read auditReason= tracePath=[0:OPERATION:Merchant=query -> 1:REQUEST:Merchant= -> 2:PROVIDER:postgresql= -> 3:SQL:select=] mutationLineage=[]
SQL: -- TeaQL PLAIN
SELECT id, name, code, external_id AS externalId, task_life_hours AS taskLifeHours, version, platform FROM merchant_data WHERE (version > 0) AND (external_id = 'matched-merchant') LIMIT 1000 OFFSET 0
[TeaQL SQL][query][216us] 1 rows returned outcome=success batchOutcome=not_applicable comment=matched merchant read with relation purpose=matched benchmark read auditReason= tracePath=[0:OPERATION:Merchant=query -> 1:REQUEST:Merchant= -> 2:RELATION:platform=Merchant.platform -> 3:PROVIDER:postgresql= -> 4:SQL:select=] mutationLineage=[]
SQL: -- TeaQL PLAIN
SELECT id, create_time AS createTime, last_update_time AS lastUpdateTime, name, version FROM platform_data WHERE (version > 0) AND (id = 1) LIMIT 1 OFFSET 0
[TeaQL SQL][query][208us] 1 rows returned outcome=success batchOutcome=not_applicable comment=matched merchant read with relation purpose=matched benchmark read auditReason= tracePath=[0:OPERATION:Merchant=query -> 1:REQUEST:Merchant= -> 2:RELATION:platform=Merchant.platform -> 3:PROVIDER:postgresql= -> 4:SQL:select=] mutationLineage=[]
SQL: -- TeaQL PLAIN
SELECT id, create_time AS createTime, last_update_time AS lastUpdateTime, name, version FROM platform_data WHERE (version > 0) AND (id = 1) LIMIT 1 OFFSET 0
[TeaQL SQL][query][379us] 1 rows returned outcome=success batchOutcome=not_applicable comment=matched merchant read with relation purpose=matched benchmark read auditReason= tracePath=[0:OPERATION:Merchant=query -> 1:REQUEST:Merchant= -> 2:PROVIDER:postgresql= -> 3:SQL:select=] mutationLineage=[]
SQL: -- TeaQL PLAIN
SELECT id, name, code, external_id AS externalId, task_life_hours AS taskLifeHours, version, platform FROM merchant_data WHERE (version > 0) AND (external_id = 'matched-merchant') LIMIT 1000 OFFSET 0
[TeaQL SQL][query][266us] 1 rows returned outcome=success batchOutcome=not_applicable comment=matched merchant read with relation purpose=matched benchmark read auditReason= tracePath=[0:OPERATION:Merchant=query -> 1:REQUEST:Merchant= -> 2:RELATION:platform=Merchant.platform -> 3:PROVIDER:postgresql= -> 4:SQL:select=] mutationLineage=[]
SQL: -- TeaQL PLAIN
SELECT id, create_time AS createTime, last_update_time AS lastUpdateTime, name, version FROM platform_data WHERE (version > 0) AND (id = 1) LIMIT 1 OFFSET 0
[TeaQL SQL][query][292us] 1 rows returned outcome=success batchOutcome=not_applicable comment=matched merchant read with relation purpose=matched benchmark read auditReason= tracePath=[0:OPERATION:Merchant=query -> 1:REQUEST:Merchant= -> 2:PROVIDER:postgresql= -> 3:SQL:select=] mutationLineage=[]
SQL: -- TeaQL PLAIN
SELECT id, name, code, external_id AS externalId, task_life_hours AS taskLifeHours, version, platform FROM merchant_data WHERE (version > 0) AND (external_id = 'matched-merchant') LIMIT 1000 OFFSET 0
[TeaQL SQL][query][218us] 1 rows returned outcome=success batchOutcome=not_applicable comment=matched merchant read with relation purpose=matched benchmark read auditReason= tracePath=[0:OPERATION:Merchant=query -> 1:REQUEST:Merchant= -> 2:RELATION:platform=Merchant.platform -> 3:PROVIDER:postgresql= -> 4:SQL:select=] mutationLineage=[]
SQL: -- TeaQL PLAIN
SELECT id, create_time AS createTime, last_update_time AS lastUpdateTime, name, version FROM platform_data WHERE (version > 0) AND (id = 1) LIMIT 1 OFFSET 0
[TeaQL SQL][query][254us] 1 rows returned outcome=success batchOutcome=not_applicable comment=matched merchant read with relation purpose=matched benchmark read auditReason= tracePath=[0:OPERATION:Merchant=query -> 1:REQUEST:Merchant= -> 2:PROVIDER:postgresql= -> 3:SQL:select=] mutationLineage=[]
SQL: -- TeaQL PLAIN
SELECT id, name, code, external_id AS externalId, task_life_hours AS taskLifeHours, version, platform FROM merchant_data WHERE (version > 0) AND (external_id = 'matched-merchant') LIMIT 1000 OFFSET 0
[TeaQL SQL][query][208us] 1 rows returned outcome=success batchOutcome=not_applicable comment=matched merchant read with relation purpose=matched benchmark read auditReason= tracePath=[0:OPERATION:Merchant=query -> 1:REQUEST:Merchant= -> 2:RELATION:platform=Merchant.platform -> 3:PROVIDER:postgresql= -> 4:SQL:select=] mutationLineage=[]
SQL: -- TeaQL PLAIN
SELECT id, create_time AS createTime, last_update_time AS lastUpdateTime, name, version FROM platform_data WHERE (version > 0) AND (id = 1) LIMIT 1 OFFSET 0
[TeaQL SQL][query][315us] 1 rows returned outcome=success batchOutcome=not_applicable comment=matched merchant read with relation purpose=matched benchmark read auditReason= tracePath=[0:OPERATION:Merchant=query -> 1:REQUEST:Merchant= -> 2:PROVIDER:postgresql= -> 3:SQL:select=] mutationLineage=[]
SQL: -- TeaQL PLAIN
SELECT id, name, code, external_id AS externalId, task_life_hours AS taskLifeHours, version, platform FROM merchant_data WHERE (version > 0) AND (external_id = 'matched-merchant') LIMIT 1000 OFFSET 0
[TeaQL SQL][query][300us] 1 rows returned outcome=success batchOutcome=not_applicable comment=matched merchant read with relation purpose=matched benchmark read auditReason= tracePath=[0:OPERATION:Merchant=query -> 1:REQUEST:Merchant= -> 2:RELATION:platform=Merchant.platform -> 3:PROVIDER:postgresql= -> 4:SQL:select=] mutationLineage=[]
SQL: -- TeaQL PLAIN
SELECT id, create_time AS createTime, last_update_time AS lastUpdateTime, name, version FROM platform_data WHERE (version > 0) AND (id = 1) LIMIT 1 OFFSET 0
[TeaQL SQL][query][251us] 1 rows returned outcome=success batchOutcome=not_applicable comment=matched merchant read with relation purpose=matched benchmark read auditReason= tracePath=[0:OPERATION:Merchant=query -> 1:REQUEST:Merchant= -> 2:PROVIDER:postgresql= -> 3:SQL:select=] mutationLineage=[]
SQL: -- TeaQL PLAIN
SELECT id, name, code, external_id AS externalId, task_life_hours AS taskLifeHours, version, platform FROM merchant_data WHERE (version > 0) AND (external_id = 'matched-merchant') LIMIT 1000 OFFSET 0
[TeaQL SQL][query][198us] 1 rows returned outcome=success batchOutcome=not_applicable comment=matched merchant read with relation purpose=matched benchmark read auditReason= tracePath=[0:OPERATION:Merchant=query -> 1:REQUEST:Merchant= -> 2:RELATION:platform=Merchant.platform -> 3:PROVIDER:postgresql= -> 4:SQL:select=] mutationLineage=[]
SQL: -- TeaQL PLAIN
SELECT id, create_time AS createTime, last_update_time AS lastUpdateTime, name, version FROM platform_data WHERE (version > 0) AND (id = 1) LIMIT 1 OFFSET 0
[TeaQL SQL][query][421us] 1 rows returned outcome=success batchOutcome=not_applicable comment=matched merchant read with relation purpose=matched benchmark read auditReason= tracePath=[0:OPERATION:Merchant=query -> 1:REQUEST:Merchant= -> 2:PROVIDER:postgresql= -> 3:SQL:select=] mutationLineage=[]
SQL: -- TeaQL PLAIN
SELECT id, name, code, external_id AS externalId, task_life_hours AS taskLifeHours, version, platform FROM merchant_data WHERE (version > 0) AND (external_id = 'matched-merchant') LIMIT 1000 OFFSET 0
[TeaQL SQL][query][428us] 1 rows returned outcome=success batchOutcome=not_applicable comment=matched merchant read with relation purpose=matched benchmark read auditReason= tracePath=[0:OPERATION:Merchant=query -> 1:REQUEST:Merchant= -> 2:PROVIDER:postgresql= -> 3:SQL:select=] mutationLineage=[]
SQL: -- TeaQL PLAIN
SELECT id, name, code, external_id AS externalId, task_life_hours AS taskLifeHours, version, platform FROM merchant_data WHERE (version > 0) AND (external_id = 'matched-merchant') LIMIT 1000 OFFSET 0
[TeaQL SQL][query][287us] 1 rows returned outcome=success batchOutcome=not_applicable comment=matched merchant read with relation purpose=matched benchmark read auditReason= tracePath=[0:OPERATION:Merchant=query -> 1:REQUEST:Merchant= -> 2:RELATION:platform=Merchant.platform -> 3:PROVIDER:postgresql= -> 4:SQL:select=] mutationLineage=[]
SQL: -- TeaQL PLAIN
SELECT id, create_time AS createTime, last_update_time AS lastUpdateTime, name, version FROM platform_data WHERE (version > 0) AND (id = 1) LIMIT 1 OFFSET 0
[TeaQL SQL][query][261us] 1 rows returned outcome=success batchOutcome=not_applicable comment=matched merchant read with relation purpose=matched benchmark read auditReason= tracePath=[0:OPERATION:Merchant=query -> 1:REQUEST:Merchant= -> 2:RELATION:platform=Merchant.platform -> 3:PROVIDER:postgresql= -> 4:SQL:select=] mutationLineage=[]
SQL: -- TeaQL PLAIN
SELECT id, create_time AS createTime, last_update_time AS lastUpdateTime, name, version FROM platform_data WHERE (version > 0) AND (id = 1) LIMIT 1 OFFSET 0
[TeaQL SQL][query][244us] 1 rows returned outcome=success batchOutcome=not_applicable comment=matched merchant read with relation purpose=matched benchmark read auditReason= tracePath=[0:OPERATION:Merchant=query -> 1:REQUEST:Merchant= -> 2:PROVIDER:postgresql= -> 3:SQL:select=] mutationLineage=[]
SQL: -- TeaQL PLAIN
SELECT id, name, code, external_id AS externalId, task_life_hours AS taskLifeHours, version, platform FROM merchant_data WHERE (version > 0) AND (external_id = 'matched-merchant') LIMIT 1000 OFFSET 0
[TeaQL SQL][query][227us] 1 rows returned outcome=success batchOutcome=not_applicable comment=matched merchant read with relation purpose=matched benchmark read auditReason= tracePath=[0:OPERATION:Merchant=query -> 1:REQUEST:Merchant= -> 2:RELATION:platform=Merchant.platform -> 3:PROVIDER:postgresql= -> 4:SQL:select=] mutationLineage=[]
SQL: -- TeaQL PLAIN
SELECT id, create_time AS createTime, last_update_time AS lastUpdateTime, name, version FROM platform_data WHERE (version > 0) AND (id = 1) LIMIT 1 OFFSET 0
[TeaQL SQL][query][282us] 1 rows returned outcome=success batchOutcome=not_applicable comment=matched merchant read with relation purpose=matched benchmark read auditReason= tracePath=[0:OPERATION:Merchant=query -> 1:REQUEST:Merchant= -> 2:PROVIDER:postgresql= -> 3:SQL:select=] mutationLineage=[]
SQL: -- TeaQL PLAIN
SELECT id, name, code, external_id AS externalId, task_life_hours AS taskLifeHours, version, platform FROM merchant_data WHERE (version > 0) AND (external_id = 'matched-merchant') LIMIT 1000 OFFSET 0
[TeaQL SQL][query][337us] 1 rows returned outcome=success batchOutcome=not_applicable comment=matched merchant read with relation purpose=matched benchmark read auditReason= tracePath=[0:OPERATION:Merchant=query -> 1:REQUEST:Merchant= -> 2:RELATION:platform=Merchant.platform -> 3:PROVIDER:postgresql= -> 4:SQL:select=] mutationLineage=[]
SQL: -- TeaQL PLAIN
SELECT id, create_time AS createTime, last_update_time AS lastUpdateTime, name, version FROM platform_data WHERE (version > 0) AND (id = 1) LIMIT 1 OFFSET 0
[TeaQL SQL][query][396us] 1 rows returned outcome=success batchOutcome=not_applicable comment=matched merchant read with relation purpose=matched benchmark read auditReason= tracePath=[0:OPERATION:Merchant=query -> 1:REQUEST:Merchant= -> 2:PROVIDER:postgresql= -> 3:SQL:select=] mutationLineage=[]
SQL: -- TeaQL PLAIN
SELECT id, name, code, external_id AS externalId, task_life_hours AS taskLifeHours, version, platform FROM merchant_data WHERE (version > 0) AND (external_id = 'matched-merchant') LIMIT 1000 OFFSET 0
[TeaQL SQL][query][330us] 1 rows returned outcome=success batchOutcome=not_applicable comment=matched merchant read with relation purpose=matched benchmark read auditReason= tracePath=[0:OPERATION:Merchant=query -> 1:REQUEST:Merchant= -> 2:RELATION:platform=Merchant.platform -> 3:PROVIDER:postgresql= -> 4:SQL:select=] mutationLineage=[]
SQL: -- TeaQL PLAIN
SELECT id, create_time AS createTime, last_update_time AS lastUpdateTime, name, version FROM platform_data WHERE (version > 0) AND (id = 1) LIMIT 1 OFFSET 0
[TeaQL SQL][query][266us] 1 rows returned outcome=success batchOutcome=not_applicable comment=matched merchant read with relation purpose=matched benchmark read auditReason= tracePath=[0:OPERATION:Merchant=query -> 1:REQUEST:Merchant= -> 2:PROVIDER:postgresql= -> 3:SQL:select=] mutationLineage=[]
SQL: -- TeaQL PLAIN
SELECT id, name, code, external_id AS externalId, task_life_hours AS taskLifeHours, version, platform FROM merchant_data WHERE (version > 0) AND (external_id = 'matched-merchant') LIMIT 1000 OFFSET 0
[TeaQL SQL][query][252us] 1 rows returned outcome=success batchOutcome=not_applicable comment=matched merchant read with relation purpose=matched benchmark read auditReason= tracePath=[0:OPERATION:Merchant=query -> 1:REQUEST:Merchant= -> 2:RELATION:platform=Merchant.platform -> 3:PROVIDER:postgresql= -> 4:SQL:select=] mutationLineage=[]
SQL: -- TeaQL PLAIN
SELECT id, create_time AS createTime, last_update_time AS lastUpdateTime, name, version FROM platform_data WHERE (version > 0) AND (id = 1) LIMIT 1 OFFSET 0
[TeaQL SQL][query][303us] 1 rows returned outcome=success batchOutcome=not_applicable comment=matched merchant read with relation purpose=matched benchmark read auditReason= tracePath=[0:OPERATION:Merchant=query -> 1:REQUEST:Merchant= -> 2:PROVIDER:postgresql= -> 3:SQL:select=] mutationLineage=[]
SQL: -- TeaQL PLAIN
SELECT id, name, code, external_id AS externalId, task_life_hours AS taskLifeHours, version, platform FROM merchant_data WHERE (version > 0) AND (external_id = 'matched-merchant') LIMIT 1000 OFFSET 0
[TeaQL SQL][query][296us] 1 rows returned outcome=success batchOutcome=not_applicable comment=matched merchant read with relation purpose=matched benchmark read auditReason= tracePath=[0:OPERATION:Merchant=query -> 1:REQUEST:Merchant= -> 2:RELATION:platform=Merchant.platform -> 3:PROVIDER:postgresql= -> 4:SQL:select=] mutationLineage=[]
SQL: -- TeaQL PLAIN
SELECT id, create_time AS createTime, last_update_time AS lastUpdateTime, name, version FROM platform_data WHERE (version > 0) AND (id = 1) LIMIT 1 OFFSET 0
[TeaQL SQL][query][313us] 1 rows returned outcome=success batchOutcome=not_applicable comment=matched merchant read with relation purpose=matched benchmark read auditReason= tracePath=[0:OPERATION:Merchant=query -> 1:REQUEST:Merchant= -> 2:PROVIDER:postgresql= -> 3:SQL:select=] mutationLineage=[]
SQL: -- TeaQL PLAIN
SELECT id, name, code, external_id AS externalId, task_life_hours AS taskLifeHours, version, platform FROM merchant_data WHERE (version > 0) AND (external_id = 'matched-merchant') LIMIT 1000 OFFSET 0
[TeaQL SQL][query][260us] 1 rows returned outcome=success batchOutcome=not_applicable comment=matched merchant read with relation purpose=matched benchmark read auditReason= tracePath=[0:OPERATION:Merchant=query -> 1:REQUEST:Merchant= -> 2:RELATION:platform=Merchant.platform -> 3:PROVIDER:postgresql= -> 4:SQL:select=] mutationLineage=[]
SQL: -- TeaQL PLAIN
SELECT id, create_time AS createTime, last_update_time AS lastUpdateTime, name, version FROM platform_data WHERE (version > 0) AND (id = 1) LIMIT 1 OFFSET 0
[TeaQL SQL][query][315us] 1 rows returned outcome=success batchOutcome=not_applicable comment=matched merchant read with relation purpose=matched benchmark read auditReason= tracePath=[0:OPERATION:Merchant=query -> 1:REQUEST:Merchant= -> 2:PROVIDER:postgresql= -> 3:SQL:select=] mutationLineage=[]
SQL: -- TeaQL PLAIN
SELECT id, name, code, external_id AS externalId, task_life_hours AS taskLifeHours, version, platform FROM merchant_data WHERE (version > 0) AND (external_id = 'matched-merchant') LIMIT 1000 OFFSET 0
[TeaQL SQL][query][361us] 1 rows returned outcome=success batchOutcome=not_applicable comment=matched merchant read with relation purpose=matched benchmark read auditReason= tracePath=[0:OPERATION:Merchant=query -> 1:REQUEST:Merchant= -> 2:RELATION:platform=Merchant.platform -> 3:PROVIDER:postgresql= -> 4:SQL:select=] mutationLineage=[]
SQL: -- TeaQL PLAIN
SELECT id, create_time AS createTime, last_update_time AS lastUpdateTime, name, version FROM platform_data WHERE (version > 0) AND (id = 1) LIMIT 1 OFFSET 0
[TeaQL SQL][query][266us] 1 rows returned outcome=success batchOutcome=not_applicable comment=matched merchant read with relation purpose=matched benchmark read auditReason= tracePath=[0:OPERATION:Merchant=query -> 1:REQUEST:Merchant= -> 2:PROVIDER:postgresql= -> 3:SQL:select=] mutationLineage=[]
SQL: -- TeaQL PLAIN
SELECT id, name, code, external_id AS externalId, task_life_hours AS taskLifeHours, version, platform FROM merchant_data WHERE (version > 0) AND (external_id = 'matched-merchant') LIMIT 1000 OFFSET 0
[TeaQL SQL][query][237us] 1 rows returned outcome=success batchOutcome=not_applicable comment=matched merchant read with relation purpose=matched benchmark read auditReason= tracePath=[0:OPERATION:Merchant=query -> 1:REQUEST:Merchant= -> 2:PROVIDER:postgresql= -> 3:SQL:select=] mutationLineage=[]
SQL: -- TeaQL PLAIN
SELECT id, name, code, external_id AS externalId, task_life_hours AS taskLifeHours, version, platform FROM merchant_data WHERE (version > 0) AND (external_id = 'matched-merchant') LIMIT 1000 OFFSET 0
[TeaQL SQL][query][272us] 1 rows returned outcome=success batchOutcome=not_applicable comment=matched merchant read with relation purpose=matched benchmark read auditReason= tracePath=[0:OPERATION:Merchant=query -> 1:REQUEST:Merchant= -> 2:RELATION:platform=Merchant.platform -> 3:PROVIDER:postgresql= -> 4:SQL:select=] mutationLineage=[]
SQL: -- TeaQL PLAIN
SELECT id, create_time AS createTime, last_update_time AS lastUpdateTime, name, version FROM platform_data WHERE (version > 0) AND (id = 1) LIMIT 1 OFFSET 0
[TeaQL SQL][query][332us] 1 rows returned outcome=success batchOutcome=not_applicable comment=matched merchant read with relation purpose=matched benchmark read auditReason= tracePath=[0:OPERATION:Merchant=query -> 1:REQUEST:Merchant= -> 2:RELATION:platform=Merchant.platform -> 3:PROVIDER:postgresql= -> 4:SQL:select=] mutationLineage=[]
SQL: -- TeaQL PLAIN
SELECT id, create_time AS createTime, last_update_time AS lastUpdateTime, name, version FROM platform_data WHERE (version > 0) AND (id = 1) LIMIT 1 OFFSET 0
[TeaQL SQL][query][303us] 1 rows returned outcome=success batchOutcome=not_applicable comment=matched merchant read with relation purpose=matched benchmark read auditReason= tracePath=[0:OPERATION:Merchant=query -> 1:REQUEST:Merchant= -> 2:PROVIDER:postgresql= -> 3:SQL:select=] mutationLineage=[]
SQL: -- TeaQL PLAIN
SELECT id, name, code, external_id AS externalId, task_life_hours AS taskLifeHours, version, platform FROM merchant_data WHERE (version > 0) AND (external_id = 'matched-merchant') LIMIT 1000 OFFSET 0
[TeaQL SQL][query][223us] 1 rows returned outcome=success batchOutcome=not_applicable comment=matched merchant read with relation purpose=matched benchmark read auditReason= tracePath=[0:OPERATION:Merchant=query -> 1:REQUEST:Merchant= -> 2:RELATION:platform=Merchant.platform -> 3:PROVIDER:postgresql= -> 4:SQL:select=] mutationLineage=[]
SQL: -- TeaQL PLAIN
SELECT id, create_time AS createTime, last_update_time AS lastUpdateTime, name, version FROM platform_data WHERE (version > 0) AND (id = 1) LIMIT 1 OFFSET 0
[TeaQL SQL][query][296us] 1 rows returned outcome=success batchOutcome=not_applicable comment=matched merchant read with relation purpose=matched benchmark read auditReason= tracePath=[0:OPERATION:Merchant=query -> 1:REQUEST:Merchant= -> 2:PROVIDER:postgresql= -> 3:SQL:select=] mutationLineage=[]
SQL: -- TeaQL PLAIN
SELECT id, name, code, external_id AS externalId, task_life_hours AS taskLifeHours, version, platform FROM merchant_data WHERE (version > 0) AND (external_id = 'matched-merchant') LIMIT 1000 OFFSET 0
[TeaQL SQL][query][277us] 1 rows returned outcome=success batchOutcome=not_applicable comment=matched merchant read with relation purpose=matched benchmark read auditReason= tracePath=[0:OPERATION:Merchant=query -> 1:REQUEST:Merchant= -> 2:RELATION:platform=Merchant.platform -> 3:PROVIDER:postgresql= -> 4:SQL:select=] mutationLineage=[]
SQL: -- TeaQL PLAIN
SELECT id, create_time AS createTime, last_update_time AS lastUpdateTime, name, version FROM platform_data WHERE (version > 0) AND (id = 1) LIMIT 1 OFFSET 0
[TeaQL SQL][query][354us] 1 rows returned outcome=success batchOutcome=not_applicable comment=matched merchant read with relation purpose=matched benchmark read auditReason= tracePath=[0:OPERATION:Merchant=query -> 1:REQUEST:Merchant= -> 2:PROVIDER:postgresql= -> 3:SQL:select=] mutationLineage=[]
SQL: -- TeaQL PLAIN
SELECT id, name, code, external_id AS externalId, task_life_hours AS taskLifeHours, version, platform FROM merchant_data WHERE (version > 0) AND (external_id = 'matched-merchant') LIMIT 1000 OFFSET 0
[TeaQL SQL][query][566us] 1 rows returned outcome=success batchOutcome=not_applicable comment=matched merchant read with relation purpose=matched benchmark read auditReason= tracePath=[0:OPERATION:Merchant=query -> 1:REQUEST:Merchant= -> 2:PROVIDER:postgresql= -> 3:SQL:select=] mutationLineage=[]
SQL: -- TeaQL PLAIN
SELECT id, name, code, external_id AS externalId, task_life_hours AS taskLifeHours, version, platform FROM merchant_data WHERE (version > 0) AND (external_id = 'matched-merchant') LIMIT 1000 OFFSET 0
[TeaQL SQL][query][567us] 1 rows returned outcome=success batchOutcome=not_applicable comment=matched merchant read with relation purpose=matched benchmark read auditReason= tracePath=[0:OPERATION:Merchant=query -> 1:REQUEST:Merchant= -> 2:PROVIDER:postgresql= -> 3:SQL:select=] mutationLineage=[]
SQL: -- TeaQL PLAIN
SELECT id, name, code, external_id AS externalId, task_life_hours AS taskLifeHours, version, platform FROM merchant_data WHERE (version > 0) AND (external_id = 'matched-merchant') LIMIT 1000 OFFSET 0
[TeaQL SQL][query][453us] 1 rows returned outcome=success batchOutcome=not_applicable comment=matched merchant read with relation purpose=matched benchmark read auditReason= tracePath=[0:OPERATION:Merchant=query -> 1:REQUEST:Merchant= -> 2:RELATION:platform=Merchant.platform -> 3:PROVIDER:postgresql= -> 4:SQL:select=] mutationLineage=[]
SQL: -- TeaQL PLAIN
SELECT id, create_time AS createTime, last_update_time AS lastUpdateTime, name, version FROM platform_data WHERE (version > 0) AND (id = 1) LIMIT 1 OFFSET 0
[TeaQL SQL][query][396us] 1 rows returned outcome=success batchOutcome=not_applicable comment=matched merchant read with relation purpose=matched benchmark read auditReason= tracePath=[0:OPERATION:Merchant=query -> 1:REQUEST:Merchant= -> 2:RELATION:platform=Merchant.platform -> 3:PROVIDER:postgresql= -> 4:SQL:select=] mutationLineage=[]
SQL: -- TeaQL PLAIN
SELECT id, create_time AS createTime, last_update_time AS lastUpdateTime, name, version FROM platform_data WHERE (version > 0) AND (id = 1) LIMIT 1 OFFSET 0
[TeaQL SQL][query][301us] 1 rows returned outcome=success batchOutcome=not_applicable comment=matched merchant read with relation purpose=matched benchmark read auditReason= tracePath=[0:OPERATION:Merchant=query -> 1:REQUEST:Merchant= -> 2:RELATION:platform=Merchant.platform -> 3:PROVIDER:postgresql= -> 4:SQL:select=] mutationLineage=[]
SQL: -- TeaQL PLAIN
SELECT id, create_time AS createTime, last_update_time AS lastUpdateTime, name, version FROM platform_data WHERE (version > 0) AND (id = 1) LIMIT 1 OFFSET 0
[TeaQL SQL][query][255us] 1 rows returned outcome=success batchOutcome=not_applicable comment=matched merchant read with relation purpose=matched benchmark read auditReason= tracePath=[0:OPERATION:Merchant=query -> 1:REQUEST:Merchant= -> 2:PROVIDER:postgresql= -> 3:SQL:select=] mutationLineage=[]
SQL: -- TeaQL PLAIN
SELECT id, name, code, external_id AS externalId, task_life_hours AS taskLifeHours, version, platform FROM merchant_data WHERE (version > 0) AND (external_id = 'matched-merchant') LIMIT 1000 OFFSET 0
[TeaQL SQL][query][213us] 1 rows returned outcome=success batchOutcome=not_applicable comment=matched merchant read with relation purpose=matched benchmark read auditReason= tracePath=[0:OPERATION:Merchant=query -> 1:REQUEST:Merchant= -> 2:RELATION:platform=Merchant.platform -> 3:PROVIDER:postgresql= -> 4:SQL:select=] mutationLineage=[]
SQL: -- TeaQL PLAIN
SELECT id, create_time AS createTime, last_update_time AS lastUpdateTime, name, version FROM platform_data WHERE (version > 0) AND (id = 1) LIMIT 1 OFFSET 0
[TeaQL SQL][query][258us] 1 rows returned outcome=success batchOutcome=not_applicable comment=matched merchant read with relation purpose=matched benchmark read auditReason= tracePath=[0:OPERATION:Merchant=query -> 1:REQUEST:Merchant= -> 2:PROVIDER:postgresql= -> 3:SQL:select=] mutationLineage=[]
SQL: -- TeaQL PLAIN
SELECT id, name, code, external_id AS externalId, task_life_hours AS taskLifeHours, version, platform FROM merchant_data WHERE (version > 0) AND (external_id = 'matched-merchant') LIMIT 1000 OFFSET 0
[TeaQL SQL][query][237us] 1 rows returned outcome=success batchOutcome=not_applicable comment=matched merchant read with relation purpose=matched benchmark read auditReason= tracePath=[0:OPERATION:Merchant=query -> 1:REQUEST:Merchant= -> 2:PROVIDER:postgresql= -> 3:SQL:select=] mutationLineage=[]
SQL: -- TeaQL PLAIN
SELECT id, name, code, external_id AS externalId, task_life_hours AS taskLifeHours, version, platform FROM merchant_data WHERE (version > 0) AND (external_id = 'matched-merchant') LIMIT 1000 OFFSET 0
[TeaQL SQL][query][240us] 1 rows returned outcome=success batchOutcome=not_applicable comment=matched merchant read with relation purpose=matched benchmark read auditReason= tracePath=[0:OPERATION:Merchant=query -> 1:REQUEST:Merchant= -> 2:RELATION:platform=Merchant.platform -> 3:PROVIDER:postgresql= -> 4:SQL:select=] mutationLineage=[]
SQL: -- TeaQL PLAIN
SELECT id, create_time AS createTime, last_update_time AS lastUpdateTime, name, version FROM platform_data WHERE (version > 0) AND (id = 1) LIMIT 1 OFFSET 0
[TeaQL SQL][query][439us] 1 rows returned outcome=success batchOutcome=not_applicable comment=matched merchant read with relation purpose=matched benchmark read auditReason= tracePath=[0:OPERATION:Merchant=query -> 1:REQUEST:Merchant= -> 2:RELATION:platform=Merchant.platform -> 3:PROVIDER:postgresql= -> 4:SQL:select=] mutationLineage=[]
SQL: -- TeaQL PLAIN
SELECT id, create_time AS createTime, last_update_time AS lastUpdateTime, name, version FROM platform_data WHERE (version > 0) AND (id = 1) LIMIT 1 OFFSET 0
[TeaQL SQL][query][253us] 1 rows returned outcome=success batchOutcome=not_applicable comment=matched merchant read with relation purpose=matched benchmark read auditReason= tracePath=[0:OPERATION:Merchant=query -> 1:REQUEST:Merchant= -> 2:PROVIDER:postgresql= -> 3:SQL:select=] mutationLineage=[]
SQL: -- TeaQL PLAIN
SELECT id, name, code, external_id AS externalId, task_life_hours AS taskLifeHours, version, platform FROM merchant_data WHERE (version > 0) AND (external_id = 'matched-merchant') LIMIT 1000 OFFSET 0
[TeaQL SQL][query][286us] 1 rows returned outcome=success batchOutcome=not_applicable comment=matched merchant read with relation purpose=matched benchmark read auditReason= tracePath=[0:OPERATION:Merchant=query -> 1:REQUEST:Merchant= -> 2:RELATION:platform=Merchant.platform -> 3:PROVIDER:postgresql= -> 4:SQL:select=] mutationLineage=[]
SQL: -- TeaQL PLAIN
SELECT id, create_time AS createTime, last_update_time AS lastUpdateTime, name, version FROM platform_data WHERE (version > 0) AND (id = 1) LIMIT 1 OFFSET 0
[TeaQL SQL][query][263us] 1 rows returned outcome=success batchOutcome=not_applicable comment=matched merchant read with relation purpose=matched benchmark read auditReason= tracePath=[0:OPERATION:Merchant=query -> 1:REQUEST:Merchant= -> 2:PROVIDER:postgresql= -> 3:SQL:select=] mutationLineage=[]
SQL: -- TeaQL PLAIN
SELECT id, name, code, external_id AS externalId, task_life_hours AS taskLifeHours, version, platform FROM merchant_data WHERE (version > 0) AND (external_id = 'matched-merchant') LIMIT 1000 OFFSET 0
[TeaQL SQL][query][229us] 1 rows returned outcome=success batchOutcome=not_applicable comment=matched merchant read with relation purpose=matched benchmark read auditReason= tracePath=[0:OPERATION:Merchant=query -> 1:REQUEST:Merchant= -> 2:RELATION:platform=Merchant.platform -> 3:PROVIDER:postgresql= -> 4:SQL:select=] mutationLineage=[]
SQL: -- TeaQL PLAIN
SELECT id, create_time AS createTime, last_update_time AS lastUpdateTime, name, version FROM platform_data WHERE (version > 0) AND (id = 1) LIMIT 1 OFFSET 0
[TeaQL SQL][query][285us] 1 rows returned outcome=success batchOutcome=not_applicable comment=matched merchant read with relation purpose=matched benchmark read auditReason= tracePath=[0:OPERATION:Merchant=query -> 1:REQUEST:Merchant= -> 2:PROVIDER:postgresql= -> 3:SQL:select=] mutationLineage=[]
SQL: -- TeaQL PLAIN
SELECT id, name, code, external_id AS externalId, task_life_hours AS taskLifeHours, version, platform FROM merchant_data WHERE (version > 0) AND (external_id = 'matched-merchant') LIMIT 1000 OFFSET 0
[TeaQL SQL][query][197us] 1 rows returned outcome=success batchOutcome=not_applicable comment=matched merchant read with relation purpose=matched benchmark read auditReason= tracePath=[0:OPERATION:Merchant=query -> 1:REQUEST:Merchant= -> 2:RELATION:platform=Merchant.platform -> 3:PROVIDER:postgresql= -> 4:SQL:select=] mutationLineage=[]
SQL: -- TeaQL PLAIN
SELECT id, create_time AS createTime, last_update_time AS lastUpdateTime, name, version FROM platform_data WHERE (version > 0) AND (id = 1) LIMIT 1 OFFSET 0
[TeaQL SQL][query][315us] 1 rows returned outcome=success batchOutcome=not_applicable comment=matched merchant read with relation purpose=matched benchmark read auditReason= tracePath=[0:OPERATION:Merchant=query -> 1:REQUEST:Merchant= -> 2:PROVIDER:postgresql= -> 3:SQL:select=] mutationLineage=[]
SQL: -- TeaQL PLAIN
SELECT id, name, code, external_id AS externalId, task_life_hours AS taskLifeHours, version, platform FROM merchant_data WHERE (version > 0) AND (external_id = 'matched-merchant') LIMIT 1000 OFFSET 0
[TeaQL SQL][query][315us] 1 rows returned outcome=success batchOutcome=not_applicable comment=matched merchant read with relation purpose=matched benchmark read auditReason= tracePath=[0:OPERATION:Merchant=query -> 1:REQUEST:Merchant= -> 2:PROVIDER:postgresql= -> 3:SQL:select=] mutationLineage=[]
SQL: -- TeaQL PLAIN
SELECT id, name, code, external_id AS externalId, task_life_hours AS taskLifeHours, version, platform FROM merchant_data WHERE (version > 0) AND (external_id = 'matched-merchant') LIMIT 1000 OFFSET 0
[TeaQL SQL][query][233us] 1 rows returned outcome=success batchOutcome=not_applicable comment=matched merchant read with relation purpose=matched benchmark read auditReason= tracePath=[0:OPERATION:Merchant=query -> 1:REQUEST:Merchant= -> 2:RELATION:platform=Merchant.platform -> 3:PROVIDER:postgresql= -> 4:SQL:select=] mutationLineage=[]
SQL: -- TeaQL PLAIN
SELECT id, create_time AS createTime, last_update_time AS lastUpdateTime, name, version FROM platform_data WHERE (version > 0) AND (id = 1) LIMIT 1 OFFSET 0
[TeaQL SQL][query][268us] 1 rows returned outcome=success batchOutcome=not_applicable comment=matched merchant read with relation purpose=matched benchmark read auditReason= tracePath=[0:OPERATION:Merchant=query -> 1:REQUEST:Merchant= -> 2:RELATION:platform=Merchant.platform -> 3:PROVIDER:postgresql= -> 4:SQL:select=] mutationLineage=[]
SQL: -- TeaQL PLAIN
SELECT id, create_time AS createTime, last_update_time AS lastUpdateTime, name, version FROM platform_data WHERE (version > 0) AND (id = 1) LIMIT 1 OFFSET 0
[TeaQL SQL][query][216us] 1 rows returned outcome=success batchOutcome=not_applicable comment=matched merchant read with relation purpose=matched benchmark read auditReason= tracePath=[0:OPERATION:Merchant=query -> 1:REQUEST:Merchant= -> 2:PROVIDER:postgresql= -> 3:SQL:select=] mutationLineage=[]
SQL: -- TeaQL PLAIN
SELECT id, name, code, external_id AS externalId, task_life_hours AS taskLifeHours, version, platform FROM merchant_data WHERE (version > 0) AND (external_id = 'matched-merchant') LIMIT 1000 OFFSET 0
[TeaQL SQL][query][171us] 1 rows returned outcome=success batchOutcome=not_applicable comment=matched merchant read with relation purpose=matched benchmark read auditReason= tracePath=[0:OPERATION:Merchant=query -> 1:REQUEST:Merchant= -> 2:RELATION:platform=Merchant.platform -> 3:PROVIDER:postgresql= -> 4:SQL:select=] mutationLineage=[]
SQL: -- TeaQL PLAIN
SELECT id, create_time AS createTime, last_update_time AS lastUpdateTime, name, version FROM platform_data WHERE (version > 0) AND (id = 1) LIMIT 1 OFFSET 0
[TeaQL SQL][query][350us] 1 rows returned outcome=success batchOutcome=not_applicable comment=matched merchant read with relation purpose=matched benchmark read auditReason= tracePath=[0:OPERATION:Merchant=query -> 1:REQUEST:Merchant= -> 2:PROVIDER:postgresql= -> 3:SQL:select=] mutationLineage=[]
SQL: -- TeaQL PLAIN
SELECT id, name, code, external_id AS externalId, task_life_hours AS taskLifeHours, version, platform FROM merchant_data WHERE (version > 0) AND (external_id = 'matched-merchant') LIMIT 1000 OFFSET 0
[TeaQL SQL][query][216us] 1 rows returned outcome=success batchOutcome=not_applicable comment=matched merchant read with relation purpose=matched benchmark read auditReason= tracePath=[0:OPERATION:Merchant=query -> 1:REQUEST:Merchant= -> 2:RELATION:platform=Merchant.platform -> 3:PROVIDER:postgresql= -> 4:SQL:select=] mutationLineage=[]
SQL: -- TeaQL PLAIN
SELECT id, create_time AS createTime, last_update_time AS lastUpdateTime, name, version FROM platform_data WHERE (version > 0) AND (id = 1) LIMIT 1 OFFSET 0
[TeaQL SQL][query][327us] 1 rows returned outcome=success batchOutcome=not_applicable comment=matched merchant read with relation purpose=matched benchmark read auditReason= tracePath=[0:OPERATION:Merchant=query -> 1:REQUEST:Merchant= -> 2:PROVIDER:postgresql= -> 3:SQL:select=] mutationLineage=[]
SQL: -- TeaQL PLAIN
SELECT id, name, code, external_id AS externalId, task_life_hours AS taskLifeHours, version, platform FROM merchant_data WHERE (version > 0) AND (external_id = 'matched-merchant') LIMIT 1000 OFFSET 0
[TeaQL SQL][query][245us] 1 rows returned outcome=success batchOutcome=not_applicable comment=matched merchant read with relation purpose=matched benchmark read auditReason= tracePath=[0:OPERATION:Merchant=query -> 1:REQUEST:Merchant= -> 2:RELATION:platform=Merchant.platform -> 3:PROVIDER:postgresql= -> 4:SQL:select=] mutationLineage=[]
SQL: -- TeaQL PLAIN
SELECT id, create_time AS createTime, last_update_time AS lastUpdateTime, name, version FROM platform_data WHERE (version > 0) AND (id = 1) LIMIT 1 OFFSET 0
[TeaQL SQL][query][314us] 1 rows returned outcome=success batchOutcome=not_applicable comment=matched merchant read with relation purpose=matched benchmark read auditReason= tracePath=[0:OPERATION:Merchant=query -> 1:REQUEST:Merchant= -> 2:PROVIDER:postgresql= -> 3:SQL:select=] mutationLineage=[]
SQL: -- TeaQL PLAIN
SELECT id, name, code, external_id AS externalId, task_life_hours AS taskLifeHours, version, platform FROM merchant_data WHERE (version > 0) AND (external_id = 'matched-merchant') LIMIT 1000 OFFSET 0
[TeaQL SQL][query][318us] 1 rows returned outcome=success batchOutcome=not_applicable comment=matched merchant read with relation purpose=matched benchmark read auditReason= tracePath=[0:OPERATION:Merchant=query -> 1:REQUEST:Merchant= -> 2:PROVIDER:postgresql= -> 3:SQL:select=] mutationLineage=[]
SQL: -- TeaQL PLAIN
SELECT id, name, code, external_id AS externalId, task_life_hours AS taskLifeHours, version, platform FROM merchant_data WHERE (version > 0) AND (external_id = 'matched-merchant') LIMIT 1000 OFFSET 0
[TeaQL SQL][query][244us] 1 rows returned outcome=success batchOutcome=not_applicable comment=matched merchant read with relation purpose=matched benchmark read auditReason= tracePath=[0:OPERATION:Merchant=query -> 1:REQUEST:Merchant= -> 2:RELATION:platform=Merchant.platform -> 3:PROVIDER:postgresql= -> 4:SQL:select=] mutationLineage=[]
SQL: -- TeaQL PLAIN
SELECT id, create_time AS createTime, last_update_time AS lastUpdateTime, name, version FROM platform_data WHERE (version > 0) AND (id = 1) LIMIT 1 OFFSET 0
[TeaQL SQL][query][210us] 1 rows returned outcome=success batchOutcome=not_applicable comment=matched merchant read with relation purpose=matched benchmark read auditReason= tracePath=[0:OPERATION:Merchant=query -> 1:REQUEST:Merchant= -> 2:RELATION:platform=Merchant.platform -> 3:PROVIDER:postgresql= -> 4:SQL:select=] mutationLineage=[]
SQL: -- TeaQL PLAIN
SELECT id, create_time AS createTime, last_update_time AS lastUpdateTime, name, version FROM platform_data WHERE (version > 0) AND (id = 1) LIMIT 1 OFFSET 0
[TeaQL SQL][query][316us] 1 rows returned outcome=success batchOutcome=not_applicable comment=matched merchant read with relation purpose=matched benchmark read auditReason= tracePath=[0:OPERATION:Merchant=query -> 1:REQUEST:Merchant= -> 2:PROVIDER:postgresql= -> 3:SQL:select=] mutationLineage=[]
SQL: -- TeaQL PLAIN
SELECT id, name, code, external_id AS externalId, task_life_hours AS taskLifeHours, version, platform FROM merchant_data WHERE (version > 0) AND (external_id = 'matched-merchant') LIMIT 1000 OFFSET 0
[TeaQL SQL][query][255us] 1 rows returned outcome=success batchOutcome=not_applicable comment=matched merchant read with relation purpose=matched benchmark read auditReason= tracePath=[0:OPERATION:Merchant=query -> 1:REQUEST:Merchant= -> 2:RELATION:platform=Merchant.platform -> 3:PROVIDER:postgresql= -> 4:SQL:select=] mutationLineage=[]
SQL: -- TeaQL PLAIN
SELECT id, create_time AS createTime, last_update_time AS lastUpdateTime, name, version FROM platform_data WHERE (version > 0) AND (id = 1) LIMIT 1 OFFSET 0
[TeaQL SQL][query][296us] 1 rows returned outcome=success batchOutcome=not_applicable comment=matched merchant read with relation purpose=matched benchmark read auditReason= tracePath=[0:OPERATION:Merchant=query -> 1:REQUEST:Merchant= -> 2:PROVIDER:postgresql= -> 3:SQL:select=] mutationLineage=[]
SQL: -- TeaQL PLAIN
SELECT id, name, code, external_id AS externalId, task_life_hours AS taskLifeHours, version, platform FROM merchant_data WHERE (version > 0) AND (external_id = 'matched-merchant') LIMIT 1000 OFFSET 0
[TeaQL SQL][query][256us] 1 rows returned outcome=success batchOutcome=not_applicable comment=matched merchant read with relation purpose=matched benchmark read auditReason= tracePath=[0:OPERATION:Merchant=query -> 1:REQUEST:Merchant= -> 2:RELATION:platform=Merchant.platform -> 3:PROVIDER:postgresql= -> 4:SQL:select=] mutationLineage=[]
SQL: -- TeaQL PLAIN
SELECT id, create_time AS createTime, last_update_time AS lastUpdateTime, name, version FROM platform_data WHERE (version > 0) AND (id = 1) LIMIT 1 OFFSET 0
[TeaQL SQL][query][393us] 1 rows returned outcome=success batchOutcome=not_applicable comment=matched merchant read with relation purpose=matched benchmark read auditReason= tracePath=[0:OPERATION:Merchant=query -> 1:REQUEST:Merchant= -> 2:PROVIDER:postgresql= -> 3:SQL:select=] mutationLineage=[]
SQL: -- TeaQL PLAIN
SELECT id, name, code, external_id AS externalId, task_life_hours AS taskLifeHours, version, platform FROM merchant_data WHERE (version > 0) AND (external_id = 'matched-merchant') LIMIT 1000 OFFSET 0
[TeaQL SQL][query][283us] 1 rows returned outcome=success batchOutcome=not_applicable comment=matched merchant read with relation purpose=matched benchmark read auditReason= tracePath=[0:OPERATION:Merchant=query -> 1:REQUEST:Merchant= -> 2:RELATION:platform=Merchant.platform -> 3:PROVIDER:postgresql= -> 4:SQL:select=] mutationLineage=[]
SQL: -- TeaQL PLAIN
SELECT id, create_time AS createTime, last_update_time AS lastUpdateTime, name, version FROM platform_data WHERE (version > 0) AND (id = 1) LIMIT 1 OFFSET 0
[TeaQL SQL][query][388us] 1 rows returned outcome=success batchOutcome=not_applicable comment=matched merchant read with relation purpose=matched benchmark read auditReason= tracePath=[0:OPERATION:Merchant=query -> 1:REQUEST:Merchant= -> 2:PROVIDER:postgresql= -> 3:SQL:select=] mutationLineage=[]
SQL: -- TeaQL PLAIN
SELECT id, name, code, external_id AS externalId, task_life_hours AS taskLifeHours, version, platform FROM merchant_data WHERE (version > 0) AND (external_id = 'matched-merchant') LIMIT 1000 OFFSET 0
[TeaQL SQL][query][388us] 1 rows returned outcome=success batchOutcome=not_applicable comment=matched merchant read with relation purpose=matched benchmark read auditReason= tracePath=[0:OPERATION:Merchant=query -> 1:REQUEST:Merchant= -> 2:PROVIDER:postgresql= -> 3:SQL:select=] mutationLineage=[]
SQL: -- TeaQL PLAIN
SELECT id, name, code, external_id AS externalId, task_life_hours AS taskLifeHours, version, platform FROM merchant_data WHERE (version > 0) AND (external_id = 'matched-merchant') LIMIT 1000 OFFSET 0
[TeaQL SQL][query][286us] 1 rows returned outcome=success batchOutcome=not_applicable comment=matched merchant read with relation purpose=matched benchmark read auditReason= tracePath=[0:OPERATION:Merchant=query -> 1:REQUEST:Merchant= -> 2:RELATION:platform=Merchant.platform -> 3:PROVIDER:postgresql= -> 4:SQL:select=] mutationLineage=[]
SQL: -- TeaQL PLAIN
SELECT id, create_time AS createTime, last_update_time AS lastUpdateTime, name, version FROM platform_data WHERE (version > 0) AND (id = 1) LIMIT 1 OFFSET 0
[TeaQL SQL][query][207us] 1 rows returned outcome=success batchOutcome=not_applicable comment=matched merchant read with relation purpose=matched benchmark read auditReason= tracePath=[0:OPERATION:Merchant=query -> 1:REQUEST:Merchant= -> 2:RELATION:platform=Merchant.platform -> 3:PROVIDER:postgresql= -> 4:SQL:select=] mutationLineage=[]
SQL: -- TeaQL PLAIN
SELECT id, create_time AS createTime, last_update_time AS lastUpdateTime, name, version FROM platform_data WHERE (version > 0) AND (id = 1) LIMIT 1 OFFSET 0
[TeaQL SQL][query][254us] 1 rows returned outcome=success batchOutcome=not_applicable comment=matched merchant read with relation purpose=matched benchmark read auditReason= tracePath=[0:OPERATION:Merchant=query -> 1:REQUEST:Merchant= -> 2:PROVIDER:postgresql= -> 3:SQL:select=] mutationLineage=[]
SQL: -- TeaQL PLAIN
SELECT id, name, code, external_id AS externalId, task_life_hours AS taskLifeHours, version, platform FROM merchant_data WHERE (version > 0) AND (external_id = 'matched-merchant') LIMIT 1000 OFFSET 0
[TeaQL SQL][query][203us] 1 rows returned outcome=success batchOutcome=not_applicable comment=matched merchant read with relation purpose=matched benchmark read auditReason= tracePath=[0:OPERATION:Merchant=query -> 1:REQUEST:Merchant= -> 2:RELATION:platform=Merchant.platform -> 3:PROVIDER:postgresql= -> 4:SQL:select=] mutationLineage=[]
SQL: -- TeaQL PLAIN
SELECT id, create_time AS createTime, last_update_time AS lastUpdateTime, name, version FROM platform_data WHERE (version > 0) AND (id = 1) LIMIT 1 OFFSET 0
[TeaQL SQL][query][238us] 1 rows returned outcome=success batchOutcome=not_applicable comment=matched merchant read with relation purpose=matched benchmark read auditReason= tracePath=[0:OPERATION:Merchant=query -> 1:REQUEST:Merchant= -> 2:PROVIDER:postgresql= -> 3:SQL:select=] mutationLineage=[]
SQL: -- TeaQL PLAIN
SELECT id, name, code, external_id AS externalId, task_life_hours AS taskLifeHours, version, platform FROM merchant_data WHERE (version > 0) AND (external_id = 'matched-merchant') LIMIT 1000 OFFSET 0
[TeaQL SQL][query][175us] 1 rows returned outcome=success batchOutcome=not_applicable comment=matched merchant read with relation purpose=matched benchmark read auditReason= tracePath=[0:OPERATION:Merchant=query -> 1:REQUEST:Merchant= -> 2:RELATION:platform=Merchant.platform -> 3:PROVIDER:postgresql= -> 4:SQL:select=] mutationLineage=[]
SQL: -- TeaQL PLAIN
SELECT id, create_time AS createTime, last_update_time AS lastUpdateTime, name, version FROM platform_data WHERE (version > 0) AND (id = 1) LIMIT 1 OFFSET 0
[TeaQL SQL][query][350us] 1 rows returned outcome=success batchOutcome=not_applicable comment=matched merchant read with relation purpose=matched benchmark read auditReason= tracePath=[0:OPERATION:Merchant=query -> 1:REQUEST:Merchant= -> 2:PROVIDER:postgresql= -> 3:SQL:select=] mutationLineage=[]
SQL: -- TeaQL PLAIN
SELECT id, name, code, external_id AS externalId, task_life_hours AS taskLifeHours, version, platform FROM merchant_data WHERE (version > 0) AND (external_id = 'matched-merchant') LIMIT 1000 OFFSET 0
[TeaQL SQL][query][306us] 1 rows returned outcome=success batchOutcome=not_applicable comment=matched merchant read with relation purpose=matched benchmark read auditReason= tracePath=[0:OPERATION:Merchant=query -> 1:REQUEST:Merchant= -> 2:RELATION:platform=Merchant.platform -> 3:PROVIDER:postgresql= -> 4:SQL:select=] mutationLineage=[]
SQL: -- TeaQL PLAIN
SELECT id, create_time AS createTime, last_update_time AS lastUpdateTime, name, version FROM platform_data WHERE (version > 0) AND (id = 1) LIMIT 1 OFFSET 0
[TeaQL SQL][query][381us] 1 rows returned outcome=success batchOutcome=not_applicable comment=matched merchant read with relation purpose=matched benchmark read auditReason= tracePath=[0:OPERATION:Merchant=query -> 1:REQUEST:Merchant= -> 2:PROVIDER:postgresql= -> 3:SQL:select=] mutationLineage=[]
SQL: -- TeaQL PLAIN
SELECT id, name, code, external_id AS externalId, task_life_hours AS taskLifeHours, version, platform FROM merchant_data WHERE (version > 0) AND (external_id = 'matched-merchant') LIMIT 1000 OFFSET 0
[TeaQL SQL][query][328us] 1 rows returned outcome=success batchOutcome=not_applicable comment=matched merchant read with relation purpose=matched benchmark read auditReason= tracePath=[0:OPERATION:Merchant=query -> 1:REQUEST:Merchant= -> 2:RELATION:platform=Merchant.platform -> 3:PROVIDER:postgresql= -> 4:SQL:select=] mutationLineage=[]
SQL: -- TeaQL PLAIN
SELECT id, create_time AS createTime, last_update_time AS lastUpdateTime, name, version FROM platform_data WHERE (version > 0) AND (id = 1) LIMIT 1 OFFSET 0
[TeaQL SQL][query][283us] 1 rows returned outcome=success batchOutcome=not_applicable comment=matched merchant read with relation purpose=matched benchmark read auditReason= tracePath=[0:OPERATION:Merchant=query -> 1:REQUEST:Merchant= -> 2:PROVIDER:postgresql= -> 3:SQL:select=] mutationLineage=[]
SQL: -- TeaQL PLAIN
SELECT id, name, code, external_id AS externalId, task_life_hours AS taskLifeHours, version, platform FROM merchant_data WHERE (version > 0) AND (external_id = 'matched-merchant') LIMIT 1000 OFFSET 0
[TeaQL SQL][query][283us] 1 rows returned outcome=success batchOutcome=not_applicable comment=matched merchant read with relation purpose=matched benchmark read auditReason= tracePath=[0:OPERATION:Merchant=query -> 1:REQUEST:Merchant= -> 2:PROVIDER:postgresql= -> 3:SQL:select=] mutationLineage=[]
SQL: -- TeaQL PLAIN
SELECT id, name, code, external_id AS externalId, task_life_hours AS taskLifeHours, version, platform FROM merchant_data WHERE (version > 0) AND (external_id = 'matched-merchant') LIMIT 1000 OFFSET 0
[TeaQL SQL][query][290us] 1 rows returned outcome=success batchOutcome=not_applicable comment=matched merchant read with relation purpose=matched benchmark read auditReason= tracePath=[0:OPERATION:Merchant=query -> 1:REQUEST:Merchant= -> 2:RELATION:platform=Merchant.platform -> 3:PROVIDER:postgresql= -> 4:SQL:select=] mutationLineage=[]
SQL: -- TeaQL PLAIN
SELECT id, create_time AS createTime, last_update_time AS lastUpdateTime, name, version FROM platform_data WHERE (version > 0) AND (id = 1) LIMIT 1 OFFSET 0
[TeaQL SQL][query][290us] 1 rows returned outcome=success batchOutcome=not_applicable comment=matched merchant read with relation purpose=matched benchmark read auditReason= tracePath=[0:OPERATION:Merchant=query -> 1:REQUEST:Merchant= -> 2:RELATION:platform=Merchant.platform -> 3:PROVIDER:postgresql= -> 4:SQL:select=] mutationLineage=[]
SQL: -- TeaQL PLAIN
SELECT id, create_time AS createTime, last_update_time AS lastUpdateTime, name, version FROM platform_data WHERE (version > 0) AND (id = 1) LIMIT 1 OFFSET 0
[TeaQL SQL][query][277us] 1 rows returned outcome=success batchOutcome=not_applicable comment=matched merchant read with relation purpose=matched benchmark read auditReason= tracePath=[0:OPERATION:Merchant=query -> 1:REQUEST:Merchant= -> 2:PROVIDER:postgresql= -> 3:SQL:select=] mutationLineage=[]
SQL: -- TeaQL PLAIN
SELECT id, name, code, external_id AS externalId, task_life_hours AS taskLifeHours, version, platform FROM merchant_data WHERE (version > 0) AND (external_id = 'matched-merchant') LIMIT 1000 OFFSET 0
[TeaQL SQL][query][211us] 1 rows returned outcome=success batchOutcome=not_applicable comment=matched merchant read with relation purpose=matched benchmark read auditReason= tracePath=[0:OPERATION:Merchant=query -> 1:REQUEST:Merchant= -> 2:RELATION:platform=Merchant.platform -> 3:PROVIDER:postgresql= -> 4:SQL:select=] mutationLineage=[]
SQL: -- TeaQL PLAIN
SELECT id, create_time AS createTime, last_update_time AS lastUpdateTime, name, version FROM platform_data WHERE (version > 0) AND (id = 1) LIMIT 1 OFFSET 0
[TeaQL SQL][query][342us] 1 rows returned outcome=success batchOutcome=not_applicable comment=matched merchant read with relation purpose=matched benchmark read auditReason= tracePath=[0:OPERATION:Merchant=query -> 1:REQUEST:Merchant= -> 2:PROVIDER:postgresql= -> 3:SQL:select=] mutationLineage=[]
SQL: -- TeaQL PLAIN
SELECT id, name, code, external_id AS externalId, task_life_hours AS taskLifeHours, version, platform FROM merchant_data WHERE (version > 0) AND (external_id = 'matched-merchant') LIMIT 1000 OFFSET 0
[TeaQL SQL][query][214us] 1 rows returned outcome=success batchOutcome=not_applicable comment=matched merchant read with relation purpose=matched benchmark read auditReason= tracePath=[0:OPERATION:Merchant=query -> 1:REQUEST:Merchant= -> 2:RELATION:platform=Merchant.platform -> 3:PROVIDER:postgresql= -> 4:SQL:select=] mutationLineage=[]
SQL: -- TeaQL PLAIN
SELECT id, create_time AS createTime, last_update_time AS lastUpdateTime, name, version FROM platform_data WHERE (version > 0) AND (id = 1) LIMIT 1 OFFSET 0
[TeaQL SQL][query][392us] 1 rows returned outcome=success batchOutcome=not_applicable comment=matched merchant read with relation purpose=matched benchmark read auditReason= tracePath=[0:OPERATION:Merchant=query -> 1:REQUEST:Merchant= -> 2:PROVIDER:postgresql= -> 3:SQL:select=] mutationLineage=[]
SQL: -- TeaQL PLAIN
SELECT id, name, code, external_id AS externalId, task_life_hours AS taskLifeHours, version, platform FROM merchant_data WHERE (version > 0) AND (external_id = 'matched-merchant') LIMIT 1000 OFFSET 0
[TeaQL SQL][query][392us] 1 rows returned outcome=success batchOutcome=not_applicable comment=matched merchant read with relation purpose=matched benchmark read auditReason= tracePath=[0:OPERATION:Merchant=query -> 1:REQUEST:Merchant= -> 2:PROVIDER:postgresql= -> 3:SQL:select=] mutationLineage=[]
SQL: -- TeaQL PLAIN
SELECT id, name, code, external_id AS externalId, task_life_hours AS taskLifeHours, version, platform FROM merchant_data WHERE (version > 0) AND (external_id = 'matched-merchant') LIMIT 1000 OFFSET 0
[TeaQL SQL][query][271us] 1 rows returned outcome=success batchOutcome=not_applicable comment=matched merchant read with relation purpose=matched benchmark read auditReason= tracePath=[0:OPERATION:Merchant=query -> 1:REQUEST:Merchant= -> 2:RELATION:platform=Merchant.platform -> 3:PROVIDER:postgresql= -> 4:SQL:select=] mutationLineage=[]
SQL: -- TeaQL PLAIN
SELECT id, create_time AS createTime, last_update_time AS lastUpdateTime, name, version FROM platform_data WHERE (version > 0) AND (id = 1) LIMIT 1 OFFSET 0
[TeaQL SQL][query][271us] 1 rows returned outcome=success batchOutcome=not_applicable comment=matched merchant read with relation purpose=matched benchmark read auditReason= tracePath=[0:OPERATION:Merchant=query -> 1:REQUEST:Merchant= -> 2:RELATION:platform=Merchant.platform -> 3:PROVIDER:postgresql= -> 4:SQL:select=] mutationLineage=[]
SQL: -- TeaQL PLAIN
SELECT id, create_time AS createTime, last_update_time AS lastUpdateTime, name, version FROM platform_data WHERE (version > 0) AND (id = 1) LIMIT 1 OFFSET 0
[TeaQL SQL][query][332us] 1 rows returned outcome=success batchOutcome=not_applicable comment=matched merchant read with relation purpose=matched benchmark read auditReason= tracePath=[0:OPERATION:Merchant=query -> 1:REQUEST:Merchant= -> 2:PROVIDER:postgresql= -> 3:SQL:select=] mutationLineage=[]
SQL: -- TeaQL PLAIN
SELECT id, name, code, external_id AS externalId, task_life_hours AS taskLifeHours, version, platform FROM merchant_data WHERE (version > 0) AND (external_id = 'matched-merchant') LIMIT 1000 OFFSET 0
[TeaQL SQL][query][245us] 1 rows returned outcome=success batchOutcome=not_applicable comment=matched merchant read with relation purpose=matched benchmark read auditReason= tracePath=[0:OPERATION:Merchant=query -> 1:REQUEST:Merchant= -> 2:RELATION:platform=Merchant.platform -> 3:PROVIDER:postgresql= -> 4:SQL:select=] mutationLineage=[]
SQL: -- TeaQL PLAIN
SELECT id, create_time AS createTime, last_update_time AS lastUpdateTime, name, version FROM platform_data WHERE (version > 0) AND (id = 1) LIMIT 1 OFFSET 0
[TeaQL SQL][query][265us] 1 rows returned outcome=success batchOutcome=not_applicable comment=matched merchant read with relation purpose=matched benchmark read auditReason= tracePath=[0:OPERATION:Merchant=query -> 1:REQUEST:Merchant= -> 2:PROVIDER:postgresql= -> 3:SQL:select=] mutationLineage=[]
SQL: -- TeaQL PLAIN
SELECT id, name, code, external_id AS externalId, task_life_hours AS taskLifeHours, version, platform FROM merchant_data WHERE (version > 0) AND (external_id = 'matched-merchant') LIMIT 1000 OFFSET 0
[TeaQL SQL][query][231us] 1 rows returned outcome=success batchOutcome=not_applicable comment=matched merchant read with relation purpose=matched benchmark read auditReason= tracePath=[0:OPERATION:Merchant=query -> 1:REQUEST:Merchant= -> 2:RELATION:platform=Merchant.platform -> 3:PROVIDER:postgresql= -> 4:SQL:select=] mutationLineage=[]
SQL: -- TeaQL PLAIN
SELECT id, create_time AS createTime, last_update_time AS lastUpdateTime, name, version FROM platform_data WHERE (version > 0) AND (id = 1) LIMIT 1 OFFSET 0
[TeaQL SQL][query][334us] 1 rows returned outcome=success batchOutcome=not_applicable comment=matched merchant read with relation purpose=matched benchmark read auditReason= tracePath=[0:OPERATION:Merchant=query -> 1:REQUEST:Merchant= -> 2:PROVIDER:postgresql= -> 3:SQL:select=] mutationLineage=[]
SQL: -- TeaQL PLAIN
SELECT id, name, code, external_id AS externalId, task_life_hours AS taskLifeHours, version, platform FROM merchant_data WHERE (version > 0) AND (external_id = 'matched-merchant') LIMIT 1000 OFFSET 0
[TeaQL SQL][query][259us] 1 rows returned outcome=success batchOutcome=not_applicable comment=matched merchant read with relation purpose=matched benchmark read auditReason= tracePath=[0:OPERATION:Merchant=query -> 1:REQUEST:Merchant= -> 2:RELATION:platform=Merchant.platform -> 3:PROVIDER:postgresql= -> 4:SQL:select=] mutationLineage=[]
SQL: -- TeaQL PLAIN
SELECT id, create_time AS createTime, last_update_time AS lastUpdateTime, name, version FROM platform_data WHERE (version > 0) AND (id = 1) LIMIT 1 OFFSET 0
[TeaQL SQL][query][315us] 1 rows returned outcome=success batchOutcome=not_applicable comment=matched merchant read with relation purpose=matched benchmark read auditReason= tracePath=[0:OPERATION:Merchant=query -> 1:REQUEST:Merchant= -> 2:PROVIDER:postgresql= -> 3:SQL:select=] mutationLineage=[]
SQL: -- TeaQL PLAIN
SELECT id, name, code, external_id AS externalId, task_life_hours AS taskLifeHours, version, platform FROM merchant_data WHERE (version > 0) AND (external_id = 'matched-merchant') LIMIT 1000 OFFSET 0
[TeaQL SQL][query][241us] 1 rows returned outcome=success batchOutcome=not_applicable comment=matched merchant read with relation purpose=matched benchmark read auditReason= tracePath=[0:OPERATION:Merchant=query -> 1:REQUEST:Merchant= -> 2:RELATION:platform=Merchant.platform -> 3:PROVIDER:postgresql= -> 4:SQL:select=] mutationLineage=[]
SQL: -- TeaQL PLAIN
SELECT id, create_time AS createTime, last_update_time AS lastUpdateTime, name, version FROM platform_data WHERE (version > 0) AND (id = 1) LIMIT 1 OFFSET 0
[TeaQL SQL][query][334us] 1 rows returned outcome=success batchOutcome=not_applicable comment=matched merchant read with relation purpose=matched benchmark read auditReason= tracePath=[0:OPERATION:Merchant=query -> 1:REQUEST:Merchant= -> 2:PROVIDER:postgresql= -> 3:SQL:select=] mutationLineage=[]
SQL: -- TeaQL PLAIN
SELECT id, name, code, external_id AS externalId, task_life_hours AS taskLifeHours, version, platform FROM merchant_data WHERE (version > 0) AND (external_id = 'matched-merchant') LIMIT 1000 OFFSET 0
[TeaQL SQL][query][238us] 1 rows returned outcome=success batchOutcome=not_applicable comment=matched merchant read with relation purpose=matched benchmark read auditReason= tracePath=[0:OPERATION:Merchant=query -> 1:REQUEST:Merchant= -> 2:PROVIDER:postgresql= -> 3:SQL:select=] mutationLineage=[]
SQL: -- TeaQL PLAIN
SELECT id, name, code, external_id AS externalId, task_life_hours AS taskLifeHours, version, platform FROM merchant_data WHERE (version > 0) AND (external_id = 'matched-merchant') LIMIT 1000 OFFSET 0
[TeaQL SQL][query][231us] 1 rows returned outcome=success batchOutcome=not_applicable comment=matched merchant read with relation purpose=matched benchmark read auditReason= tracePath=[0:OPERATION:Merchant=query -> 1:REQUEST:Merchant= -> 2:RELATION:platform=Merchant.platform -> 3:PROVIDER:postgresql= -> 4:SQL:select=] mutationLineage=[]
SQL: -- TeaQL PLAIN
SELECT id, create_time AS createTime, last_update_time AS lastUpdateTime, name, version FROM platform_data WHERE (version > 0) AND (id = 1) LIMIT 1 OFFSET 0
[TeaQL SQL][query][202us] 1 rows returned outcome=success batchOutcome=not_applicable comment=matched merchant read with relation purpose=matched benchmark read auditReason= tracePath=[0:OPERATION:Merchant=query -> 1:REQUEST:Merchant= -> 2:RELATION:platform=Merchant.platform -> 3:PROVIDER:postgresql= -> 4:SQL:select=] mutationLineage=[]
SQL: -- TeaQL PLAIN
SELECT id, create_time AS createTime, last_update_time AS lastUpdateTime, name, version FROM platform_data WHERE (version > 0) AND (id = 1) LIMIT 1 OFFSET 0
[TeaQL SQL][query][299us] 1 rows returned outcome=success batchOutcome=not_applicable comment=matched merchant read with relation purpose=matched benchmark read auditReason= tracePath=[0:OPERATION:Merchant=query -> 1:REQUEST:Merchant= -> 2:PROVIDER:postgresql= -> 3:SQL:select=] mutationLineage=[]
SQL: -- TeaQL PLAIN
SELECT id, name, code, external_id AS externalId, task_life_hours AS taskLifeHours, version, platform FROM merchant_data WHERE (version > 0) AND (external_id = 'matched-merchant') LIMIT 1000 OFFSET 0
[TeaQL SQL][query][234us] 1 rows returned outcome=success batchOutcome=not_applicable comment=matched merchant read with relation purpose=matched benchmark read auditReason= tracePath=[0:OPERATION:Merchant=query -> 1:REQUEST:Merchant= -> 2:RELATION:platform=Merchant.platform -> 3:PROVIDER:postgresql= -> 4:SQL:select=] mutationLineage=[]
SQL: -- TeaQL PLAIN
SELECT id, create_time AS createTime, last_update_time AS lastUpdateTime, name, version FROM platform_data WHERE (version > 0) AND (id = 1) LIMIT 1 OFFSET 0
[TeaQL SQL][query][306us] 1 rows returned outcome=success batchOutcome=not_applicable comment=matched merchant read with relation purpose=matched benchmark read auditReason= tracePath=[0:OPERATION:Merchant=query -> 1:REQUEST:Merchant= -> 2:PROVIDER:postgresql= -> 3:SQL:select=] mutationLineage=[]
SQL: -- TeaQL PLAIN
SELECT id, name, code, external_id AS externalId, task_life_hours AS taskLifeHours, version, platform FROM merchant_data WHERE (version > 0) AND (external_id = 'matched-merchant') LIMIT 1000 OFFSET 0
[TeaQL SQL][query][274us] 1 rows returned outcome=success batchOutcome=not_applicable comment=matched merchant read with relation purpose=matched benchmark read auditReason= tracePath=[0:OPERATION:Merchant=query -> 1:REQUEST:Merchant= -> 2:RELATION:platform=Merchant.platform -> 3:PROVIDER:postgresql= -> 4:SQL:select=] mutationLineage=[]
SQL: -- TeaQL PLAIN
SELECT id, create_time AS createTime, last_update_time AS lastUpdateTime, name, version FROM platform_data WHERE (version > 0) AND (id = 1) LIMIT 1 OFFSET 0
[TeaQL SQL][query][249us] 1 rows returned outcome=success batchOutcome=not_applicable comment=matched merchant read with relation purpose=matched benchmark read auditReason= tracePath=[0:OPERATION:Merchant=query -> 1:REQUEST:Merchant= -> 2:PROVIDER:postgresql= -> 3:SQL:select=] mutationLineage=[]
SQL: -- TeaQL PLAIN
SELECT id, name, code, external_id AS externalId, task_life_hours AS taskLifeHours, version, platform FROM merchant_data WHERE (version > 0) AND (external_id = 'matched-merchant') LIMIT 1000 OFFSET 0
[TeaQL SQL][query][220us] 1 rows returned outcome=success batchOutcome=not_applicable comment=matched merchant read with relation purpose=matched benchmark read auditReason= tracePath=[0:OPERATION:Merchant=query -> 1:REQUEST:Merchant= -> 2:RELATION:platform=Merchant.platform -> 3:PROVIDER:postgresql= -> 4:SQL:select=] mutationLineage=[]
SQL: -- TeaQL PLAIN
SELECT id, create_time AS createTime, last_update_time AS lastUpdateTime, name, version FROM platform_data WHERE (version > 0) AND (id = 1) LIMIT 1 OFFSET 0
[TeaQL SQL][query][375us] 1 rows returned outcome=success batchOutcome=not_applicable comment=matched merchant read with relation purpose=matched benchmark read auditReason= tracePath=[0:OPERATION:Merchant=query -> 1:REQUEST:Merchant= -> 2:PROVIDER:postgresql= -> 3:SQL:select=] mutationLineage=[]
SQL: -- TeaQL PLAIN
SELECT id, name, code, external_id AS externalId, task_life_hours AS taskLifeHours, version, platform FROM merchant_data WHERE (version > 0) AND (external_id = 'matched-merchant') LIMIT 1000 OFFSET 0
[TeaQL SQL][query][296us] 1 rows returned outcome=success batchOutcome=not_applicable comment=matched merchant read with relation purpose=matched benchmark read auditReason= tracePath=[0:OPERATION:Merchant=query -> 1:REQUEST:Merchant= -> 2:RELATION:platform=Merchant.platform -> 3:PROVIDER:postgresql= -> 4:SQL:select=] mutationLineage=[]
SQL: -- TeaQL PLAIN
SELECT id, create_time AS createTime, last_update_time AS lastUpdateTime, name, version FROM platform_data WHERE (version > 0) AND (id = 1) LIMIT 1 OFFSET 0
[TeaQL SQL][query][310us] 1 rows returned outcome=success batchOutcome=not_applicable comment=matched merchant read with relation purpose=matched benchmark read auditReason= tracePath=[0:OPERATION:Merchant=query -> 1:REQUEST:Merchant= -> 2:PROVIDER:postgresql= -> 3:SQL:select=] mutationLineage=[]
SQL: -- TeaQL PLAIN
SELECT id, name, code, external_id AS externalId, task_life_hours AS taskLifeHours, version, platform FROM merchant_data WHERE (version > 0) AND (external_id = 'matched-merchant') LIMIT 1000 OFFSET 0
[TeaQL SQL][query][246us] 1 rows returned outcome=success batchOutcome=not_applicable comment=matched merchant read with relation purpose=matched benchmark read auditReason= tracePath=[0:OPERATION:Merchant=query -> 1:REQUEST:Merchant= -> 2:RELATION:platform=Merchant.platform -> 3:PROVIDER:postgresql= -> 4:SQL:select=] mutationLineage=[]
SQL: -- TeaQL PLAIN
SELECT id, create_time AS createTime, last_update_time AS lastUpdateTime, name, version FROM platform_data WHERE (version > 0) AND (id = 1) LIMIT 1 OFFSET 0
[TeaQL SQL][query][390us] 1 rows returned outcome=success batchOutcome=not_applicable comment=matched merchant read with relation purpose=matched benchmark read auditReason= tracePath=[0:OPERATION:Merchant=query -> 1:REQUEST:Merchant= -> 2:PROVIDER:postgresql= -> 3:SQL:select=] mutationLineage=[]
SQL: -- TeaQL PLAIN
SELECT id, name, code, external_id AS externalId, task_life_hours AS taskLifeHours, version, platform FROM merchant_data WHERE (version > 0) AND (external_id = 'matched-merchant') LIMIT 1000 OFFSET 0
[TeaQL SQL][query][330us] 1 rows returned outcome=success batchOutcome=not_applicable comment=matched merchant read with relation purpose=matched benchmark read auditReason= tracePath=[0:OPERATION:Merchant=query -> 1:REQUEST:Merchant= -> 2:RELATION:platform=Merchant.platform -> 3:PROVIDER:postgresql= -> 4:SQL:select=] mutationLineage=[]
SQL: -- TeaQL PLAIN
SELECT id, create_time AS createTime, last_update_time AS lastUpdateTime, name, version FROM platform_data WHERE (version > 0) AND (id = 1) LIMIT 1 OFFSET 0
[TeaQL SQL][query][377us] 1 rows returned outcome=success batchOutcome=not_applicable comment=matched merchant read with relation purpose=matched benchmark read auditReason= tracePath=[0:OPERATION:Merchant=query -> 1:REQUEST:Merchant= -> 2:PROVIDER:postgresql= -> 3:SQL:select=] mutationLineage=[]
SQL: -- TeaQL PLAIN
SELECT id, name, code, external_id AS externalId, task_life_hours AS taskLifeHours, version, platform FROM merchant_data WHERE (version > 0) AND (external_id = 'matched-merchant') LIMIT 1000 OFFSET 0
[TeaQL SQL][query][303us] 1 rows returned outcome=success batchOutcome=not_applicable comment=matched merchant read with relation purpose=matched benchmark read auditReason= tracePath=[0:OPERATION:Merchant=query -> 1:REQUEST:Merchant= -> 2:RELATION:platform=Merchant.platform -> 3:PROVIDER:postgresql= -> 4:SQL:select=] mutationLineage=[]
SQL: -- TeaQL PLAIN
SELECT id, create_time AS createTime, last_update_time AS lastUpdateTime, name, version FROM platform_data WHERE (version > 0) AND (id = 1) LIMIT 1 OFFSET 0
[TeaQL SQL][query][397us] 1 rows returned outcome=success batchOutcome=not_applicable comment=matched merchant read with relation purpose=matched benchmark read auditReason= tracePath=[0:OPERATION:Merchant=query -> 1:REQUEST:Merchant= -> 2:PROVIDER:postgresql= -> 3:SQL:select=] mutationLineage=[]
SQL: -- TeaQL PLAIN
SELECT id, name, code, external_id AS externalId, task_life_hours AS taskLifeHours, version, platform FROM merchant_data WHERE (version > 0) AND (external_id = 'matched-merchant') LIMIT 1000 OFFSET 0
[TeaQL SQL][query][281us] 1 rows returned outcome=success batchOutcome=not_applicable comment=matched merchant read with relation purpose=matched benchmark read auditReason= tracePath=[0:OPERATION:Merchant=query -> 1:REQUEST:Merchant= -> 2:RELATION:platform=Merchant.platform -> 3:PROVIDER:postgresql= -> 4:SQL:select=] mutationLineage=[]
SQL: -- TeaQL PLAIN
SELECT id, create_time AS createTime, last_update_time AS lastUpdateTime, name, version FROM platform_data WHERE (version > 0) AND (id = 1) LIMIT 1 OFFSET 0
[TeaQL SQL][query][319us] 1 rows returned outcome=success batchOutcome=not_applicable comment=matched merchant read with relation purpose=matched benchmark read auditReason= tracePath=[0:OPERATION:Merchant=query -> 1:REQUEST:Merchant= -> 2:PROVIDER:postgresql= -> 3:SQL:select=] mutationLineage=[]
SQL: -- TeaQL PLAIN
SELECT id, name, code, external_id AS externalId, task_life_hours AS taskLifeHours, version, platform FROM merchant_data WHERE (version > 0) AND (external_id = 'matched-merchant') LIMIT 1000 OFFSET 0
[TeaQL SQL][query][283us] 1 rows returned outcome=success batchOutcome=not_applicable comment=matched merchant read with relation purpose=matched benchmark read auditReason= tracePath=[0:OPERATION:Merchant=query -> 1:REQUEST:Merchant= -> 2:PROVIDER:postgresql= -> 3:SQL:select=] mutationLineage=[]
SQL: -- TeaQL PLAIN
SELECT id, name, code, external_id AS externalId, task_life_hours AS taskLifeHours, version, platform FROM merchant_data WHERE (version > 0) AND (external_id = 'matched-merchant') LIMIT 1000 OFFSET 0
[TeaQL SQL][query][278us] 1 rows returned outcome=success batchOutcome=not_applicable comment=matched merchant read with relation purpose=matched benchmark read auditReason= tracePath=[0:OPERATION:Merchant=query -> 1:REQUEST:Merchant= -> 2:RELATION:platform=Merchant.platform -> 3:PROVIDER:postgresql= -> 4:SQL:select=] mutationLineage=[]
SQL: -- TeaQL PLAIN
SELECT id, create_time AS createTime, last_update_time AS lastUpdateTime, name, version FROM platform_data WHERE (version > 0) AND (id = 1) LIMIT 1 OFFSET 0
[TeaQL SQL][query][261us] 1 rows returned outcome=success batchOutcome=not_applicable comment=matched merchant read with relation purpose=matched benchmark read auditReason= tracePath=[0:OPERATION:Merchant=query -> 1:REQUEST:Merchant= -> 2:RELATION:platform=Merchant.platform -> 3:PROVIDER:postgresql= -> 4:SQL:select=] mutationLineage=[]
SQL: -- TeaQL PLAIN
SELECT id, create_time AS createTime, last_update_time AS lastUpdateTime, name, version FROM platform_data WHERE (version > 0) AND (id = 1) LIMIT 1 OFFSET 0
[TeaQL SQL][query][289us] 1 rows returned outcome=success batchOutcome=not_applicable comment=matched merchant read with relation purpose=matched benchmark read auditReason= tracePath=[0:OPERATION:Merchant=query -> 1:REQUEST:Merchant= -> 2:PROVIDER:postgresql= -> 3:SQL:select=] mutationLineage=[]
SQL: -- TeaQL PLAIN
SELECT id, name, code, external_id AS externalId, task_life_hours AS taskLifeHours, version, platform FROM merchant_data WHERE (version > 0) AND (external_id = 'matched-merchant') LIMIT 1000 OFFSET 0
[TeaQL SQL][query][295us] 1 rows returned outcome=success batchOutcome=not_applicable comment=matched merchant read with relation purpose=matched benchmark read auditReason= tracePath=[0:OPERATION:Merchant=query -> 1:REQUEST:Merchant= -> 2:PROVIDER:postgresql= -> 3:SQL:select=] mutationLineage=[]
SQL: -- TeaQL PLAIN
SELECT id, name, code, external_id AS externalId, task_life_hours AS taskLifeHours, version, platform FROM merchant_data WHERE (version > 0) AND (external_id = 'matched-merchant') LIMIT 1000 OFFSET 0
[TeaQL SQL][query][255us] 1 rows returned outcome=success batchOutcome=not_applicable comment=matched merchant read with relation purpose=matched benchmark read auditReason= tracePath=[0:OPERATION:Merchant=query -> 1:REQUEST:Merchant= -> 2:RELATION:platform=Merchant.platform -> 3:PROVIDER:postgresql= -> 4:SQL:select=] mutationLineage=[]
SQL: -- TeaQL PLAIN
SELECT id, create_time AS createTime, last_update_time AS lastUpdateTime, name, version FROM platform_data WHERE (version > 0) AND (id = 1) LIMIT 1 OFFSET 0
[TeaQL SQL][query][200us] 1 rows returned outcome=success batchOutcome=not_applicable comment=matched merchant read with relation purpose=matched benchmark read auditReason= tracePath=[0:OPERATION:Merchant=query -> 1:REQUEST:Merchant= -> 2:RELATION:platform=Merchant.platform -> 3:PROVIDER:postgresql= -> 4:SQL:select=] mutationLineage=[]
SQL: -- TeaQL PLAIN
SELECT id, create_time AS createTime, last_update_time AS lastUpdateTime, name, version FROM platform_data WHERE (version > 0) AND (id = 1) LIMIT 1 OFFSET 0
[TeaQL SQL][query][255us] 1 rows returned outcome=success batchOutcome=not_applicable comment=matched merchant read with relation purpose=matched benchmark read auditReason= tracePath=[0:OPERATION:Merchant=query -> 1:REQUEST:Merchant= -> 2:PROVIDER:postgresql= -> 3:SQL:select=] mutationLineage=[]
SQL: -- TeaQL PLAIN
SELECT id, name, code, external_id AS externalId, task_life_hours AS taskLifeHours, version, platform FROM merchant_data WHERE (version > 0) AND (external_id = 'matched-merchant') LIMIT 1000 OFFSET 0
[TeaQL SQL][query][256us] 1 rows returned outcome=success batchOutcome=not_applicable comment=matched merchant read with relation purpose=matched benchmark read auditReason= tracePath=[0:OPERATION:Merchant=query -> 1:REQUEST:Merchant= -> 2:RELATION:platform=Merchant.platform -> 3:PROVIDER:postgresql= -> 4:SQL:select=] mutationLineage=[]
SQL: -- TeaQL PLAIN
SELECT id, create_time AS createTime, last_update_time AS lastUpdateTime, name, version FROM platform_data WHERE (version > 0) AND (id = 1) LIMIT 1 OFFSET 0
[TeaQL SQL][query][376us] 1 rows returned outcome=success batchOutcome=not_applicable comment=matched merchant read with relation purpose=matched benchmark read auditReason= tracePath=[0:OPERATION:Merchant=query -> 1:REQUEST:Merchant= -> 2:PROVIDER:postgresql= -> 3:SQL:select=] mutationLineage=[]
SQL: -- TeaQL PLAIN
SELECT id, name, code, external_id AS externalId, task_life_hours AS taskLifeHours, version, platform FROM merchant_data WHERE (version > 0) AND (external_id = 'matched-merchant') LIMIT 1000 OFFSET 0
[TeaQL SQL][query][300us] 1 rows returned outcome=success batchOutcome=not_applicable comment=matched merchant read with relation purpose=matched benchmark read auditReason= tracePath=[0:OPERATION:Merchant=query -> 1:REQUEST:Merchant= -> 2:RELATION:platform=Merchant.platform -> 3:PROVIDER:postgresql= -> 4:SQL:select=] mutationLineage=[]
SQL: -- TeaQL PLAIN
SELECT id, create_time AS createTime, last_update_time AS lastUpdateTime, name, version FROM platform_data WHERE (version > 0) AND (id = 1) LIMIT 1 OFFSET 0
[TeaQL SQL][query][308us] 1 rows returned outcome=success batchOutcome=not_applicable comment=matched merchant read with relation purpose=matched benchmark read auditReason= tracePath=[0:OPERATION:Merchant=query -> 1:REQUEST:Merchant= -> 2:PROVIDER:postgresql= -> 3:SQL:select=] mutationLineage=[]
SQL: -- TeaQL PLAIN
SELECT id, name, code, external_id AS externalId, task_life_hours AS taskLifeHours, version, platform FROM merchant_data WHERE (version > 0) AND (external_id = 'matched-merchant') LIMIT 1000 OFFSET 0
[TeaQL SQL][query][263us] 1 rows returned outcome=success batchOutcome=not_applicable comment=matched merchant read with relation purpose=matched benchmark read auditReason= tracePath=[0:OPERATION:Merchant=query -> 1:REQUEST:Merchant= -> 2:RELATION:platform=Merchant.platform -> 3:PROVIDER:postgresql= -> 4:SQL:select=] mutationLineage=[]
SQL: -- TeaQL PLAIN
SELECT id, create_time AS createTime, last_update_time AS lastUpdateTime, name, version FROM platform_data WHERE (version > 0) AND (id = 1) LIMIT 1 OFFSET 0
[TeaQL SQL][query][389us] 1 rows returned outcome=success batchOutcome=not_applicable comment=matched merchant read with relation purpose=matched benchmark read auditReason= tracePath=[0:OPERATION:Merchant=query -> 1:REQUEST:Merchant= -> 2:PROVIDER:postgresql= -> 3:SQL:select=] mutationLineage=[]
SQL: -- TeaQL PLAIN
SELECT id, name, code, external_id AS externalId, task_life_hours AS taskLifeHours, version, platform FROM merchant_data WHERE (version > 0) AND (external_id = 'matched-merchant') LIMIT 1000 OFFSET 0
[TeaQL SQL][query][291us] 1 rows returned outcome=success batchOutcome=not_applicable comment=matched merchant read with relation purpose=matched benchmark read auditReason= tracePath=[0:OPERATION:Merchant=query -> 1:REQUEST:Merchant= -> 2:RELATION:platform=Merchant.platform -> 3:PROVIDER:postgresql= -> 4:SQL:select=] mutationLineage=[]
SQL: -- TeaQL PLAIN
SELECT id, create_time AS createTime, last_update_time AS lastUpdateTime, name, version FROM platform_data WHERE (version > 0) AND (id = 1) LIMIT 1 OFFSET 0
[TeaQL SQL][query][245us] 1 rows returned outcome=success batchOutcome=not_applicable comment=matched merchant read with relation purpose=matched benchmark read auditReason= tracePath=[0:OPERATION:Merchant=query -> 1:REQUEST:Merchant= -> 2:PROVIDER:postgresql= -> 3:SQL:select=] mutationLineage=[]
SQL: -- TeaQL PLAIN
SELECT id, name, code, external_id AS externalId, task_life_hours AS taskLifeHours, version, platform FROM merchant_data WHERE (version > 0) AND (external_id = 'matched-merchant') LIMIT 1000 OFFSET 0
[TeaQL SQL][query][202us] 1 rows returned outcome=success batchOutcome=not_applicable comment=matched merchant read with relation purpose=matched benchmark read auditReason= tracePath=[0:OPERATION:Merchant=query -> 1:REQUEST:Merchant= -> 2:RELATION:platform=Merchant.platform -> 3:PROVIDER:postgresql= -> 4:SQL:select=] mutationLineage=[]
SQL: -- TeaQL PLAIN
SELECT id, create_time AS createTime, last_update_time AS lastUpdateTime, name, version FROM platform_data WHERE (version > 0) AND (id = 1) LIMIT 1 OFFSET 0
[TeaQL SQL][query][306us] 1 rows returned outcome=success batchOutcome=not_applicable comment=matched merchant read with relation purpose=matched benchmark read auditReason= tracePath=[0:OPERATION:Merchant=query -> 1:REQUEST:Merchant= -> 2:PROVIDER:postgresql= -> 3:SQL:select=] mutationLineage=[]
SQL: -- TeaQL PLAIN
SELECT id, name, code, external_id AS externalId, task_life_hours AS taskLifeHours, version, platform FROM merchant_data WHERE (version > 0) AND (external_id = 'matched-merchant') LIMIT 1000 OFFSET 0
[TeaQL SQL][query][300us] 1 rows returned outcome=success batchOutcome=not_applicable comment=matched merchant read with relation purpose=matched benchmark read auditReason= tracePath=[0:OPERATION:Merchant=query -> 1:REQUEST:Merchant= -> 2:PROVIDER:postgresql= -> 3:SQL:select=] mutationLineage=[]
SQL: -- TeaQL PLAIN
SELECT id, name, code, external_id AS externalId, task_life_hours AS taskLifeHours, version, platform FROM merchant_data WHERE (version > 0) AND (external_id = 'matched-merchant') LIMIT 1000 OFFSET 0
[TeaQL SQL][query][240us] 1 rows returned outcome=success batchOutcome=not_applicable comment=matched merchant read with relation purpose=matched benchmark read auditReason= tracePath=[0:OPERATION:Merchant=query -> 1:REQUEST:Merchant= -> 2:RELATION:platform=Merchant.platform -> 3:PROVIDER:postgresql= -> 4:SQL:select=] mutationLineage=[]
SQL: -- TeaQL PLAIN
SELECT id, create_time AS createTime, last_update_time AS lastUpdateTime, name, version FROM platform_data WHERE (version > 0) AND (id = 1) LIMIT 1 OFFSET 0
[TeaQL SQL][query][242us] 1 rows returned outcome=success batchOutcome=not_applicable comment=matched merchant read with relation purpose=matched benchmark read auditReason= tracePath=[0:OPERATION:Merchant=query -> 1:REQUEST:Merchant= -> 2:RELATION:platform=Merchant.platform -> 3:PROVIDER:postgresql= -> 4:SQL:select=] mutationLineage=[]
SQL: -- TeaQL PLAIN
SELECT id, create_time AS createTime, last_update_time AS lastUpdateTime, name, version FROM platform_data WHERE (version > 0) AND (id = 1) LIMIT 1 OFFSET 0
[TeaQL SQL][query][267us] 1 rows returned outcome=success batchOutcome=not_applicable comment=matched merchant read with relation purpose=matched benchmark read auditReason= tracePath=[0:OPERATION:Merchant=query -> 1:REQUEST:Merchant= -> 2:PROVIDER:postgresql= -> 3:SQL:select=] mutationLineage=[]
SQL: -- TeaQL PLAIN
SELECT id, name, code, external_id AS externalId, task_life_hours AS taskLifeHours, version, platform FROM merchant_data WHERE (version > 0) AND (external_id = 'matched-merchant') LIMIT 1000 OFFSET 0
[TeaQL SQL][query][249us] 1 rows returned outcome=success batchOutcome=not_applicable comment=matched merchant read with relation purpose=matched benchmark read auditReason= tracePath=[0:OPERATION:Merchant=query -> 1:REQUEST:Merchant= -> 2:RELATION:platform=Merchant.platform -> 3:PROVIDER:postgresql= -> 4:SQL:select=] mutationLineage=[]
SQL: -- TeaQL PLAIN
SELECT id, create_time AS createTime, last_update_time AS lastUpdateTime, name, version FROM platform_data WHERE (version > 0) AND (id = 1) LIMIT 1 OFFSET 0
[TeaQL SQL][query][351us] 1 rows returned outcome=success batchOutcome=not_applicable comment=matched merchant read with relation purpose=matched benchmark read auditReason= tracePath=[0:OPERATION:Merchant=query -> 1:REQUEST:Merchant= -> 2:PROVIDER:postgresql= -> 3:SQL:select=] mutationLineage=[]
SQL: -- TeaQL PLAIN
SELECT id, name, code, external_id AS externalId, task_life_hours AS taskLifeHours, version, platform FROM merchant_data WHERE (version > 0) AND (external_id = 'matched-merchant') LIMIT 1000 OFFSET 0
[TeaQL SQL][query][288us] 1 rows returned outcome=success batchOutcome=not_applicable comment=matched merchant read with relation purpose=matched benchmark read auditReason= tracePath=[0:OPERATION:Merchant=query -> 1:REQUEST:Merchant= -> 2:RELATION:platform=Merchant.platform -> 3:PROVIDER:postgresql= -> 4:SQL:select=] mutationLineage=[]
SQL: -- TeaQL PLAIN
SELECT id, create_time AS createTime, last_update_time AS lastUpdateTime, name, version FROM platform_data WHERE (version > 0) AND (id = 1) LIMIT 1 OFFSET 0
[TeaQL SQL][query][332us] 1 rows returned outcome=success batchOutcome=not_applicable comment=matched merchant read with relation purpose=matched benchmark read auditReason= tracePath=[0:OPERATION:Merchant=query -> 1:REQUEST:Merchant= -> 2:PROVIDER:postgresql= -> 3:SQL:select=] mutationLineage=[]
SQL: -- TeaQL PLAIN
SELECT id, name, code, external_id AS externalId, task_life_hours AS taskLifeHours, version, platform FROM merchant_data WHERE (version > 0) AND (external_id = 'matched-merchant') LIMIT 1000 OFFSET 0
[TeaQL SQL][query][232us] 1 rows returned outcome=success batchOutcome=not_applicable comment=matched merchant read with relation purpose=matched benchmark read auditReason= tracePath=[0:OPERATION:Merchant=query -> 1:REQUEST:Merchant= -> 2:RELATION:platform=Merchant.platform -> 3:PROVIDER:postgresql= -> 4:SQL:select=] mutationLineage=[]
SQL: -- TeaQL PLAIN
SELECT id, create_time AS createTime, last_update_time AS lastUpdateTime, name, version FROM platform_data WHERE (version > 0) AND (id = 1) LIMIT 1 OFFSET 0
[TeaQL SQL][query][385us] 1 rows returned outcome=success batchOutcome=not_applicable comment=matched merchant read with relation purpose=matched benchmark read auditReason= tracePath=[0:OPERATION:Merchant=query -> 1:REQUEST:Merchant= -> 2:PROVIDER:postgresql= -> 3:SQL:select=] mutationLineage=[]
SQL: -- TeaQL PLAIN
SELECT id, name, code, external_id AS externalId, task_life_hours AS taskLifeHours, version, platform FROM merchant_data WHERE (version > 0) AND (external_id = 'matched-merchant') LIMIT 1000 OFFSET 0
[TeaQL SQL][query][385us] 1 rows returned outcome=success batchOutcome=not_applicable comment=matched merchant read with relation purpose=matched benchmark read auditReason= tracePath=[0:OPERATION:Merchant=query -> 1:REQUEST:Merchant= -> 2:PROVIDER:postgresql= -> 3:SQL:select=] mutationLineage=[]
SQL: -- TeaQL PLAIN
SELECT id, name, code, external_id AS externalId, task_life_hours AS taskLifeHours, version, platform FROM merchant_data WHERE (version > 0) AND (external_id = 'matched-merchant') LIMIT 1000 OFFSET 0
[TeaQL SQL][query][296us] 1 rows returned outcome=success batchOutcome=not_applicable comment=matched merchant read with relation purpose=matched benchmark read auditReason= tracePath=[0:OPERATION:Merchant=query -> 1:REQUEST:Merchant= -> 2:RELATION:platform=Merchant.platform -> 3:PROVIDER:postgresql= -> 4:SQL:select=] mutationLineage=[]
SQL: -- TeaQL PLAIN
SELECT id, create_time AS createTime, last_update_time AS lastUpdateTime, name, version FROM platform_data WHERE (version > 0) AND (id = 1) LIMIT 1 OFFSET 0
[TeaQL SQL][query][296us] 1 rows returned outcome=success batchOutcome=not_applicable comment=matched merchant read with relation purpose=matched benchmark read auditReason= tracePath=[0:OPERATION:Merchant=query -> 1:REQUEST:Merchant= -> 2:RELATION:platform=Merchant.platform -> 3:PROVIDER:postgresql= -> 4:SQL:select=] mutationLineage=[]
SQL: -- TeaQL PLAIN
SELECT id, create_time AS createTime, last_update_time AS lastUpdateTime, name, version FROM platform_data WHERE (version > 0) AND (id = 1) LIMIT 1 OFFSET 0
[TeaQL SQL][query][282us] 1 rows returned outcome=success batchOutcome=not_applicable comment=matched merchant read with relation purpose=matched benchmark read auditReason= tracePath=[0:OPERATION:Merchant=query -> 1:REQUEST:Merchant= -> 2:PROVIDER:postgresql= -> 3:SQL:select=] mutationLineage=[]
SQL: -- TeaQL PLAIN
SELECT id, name, code, external_id AS externalId, task_life_hours AS taskLifeHours, version, platform FROM merchant_data WHERE (version > 0) AND (external_id = 'matched-merchant') LIMIT 1000 OFFSET 0
[TeaQL SQL][query][256us] 1 rows returned outcome=success batchOutcome=not_applicable comment=matched merchant read with relation purpose=matched benchmark read auditReason= tracePath=[0:OPERATION:Merchant=query -> 1:REQUEST:Merchant= -> 2:RELATION:platform=Merchant.platform -> 3:PROVIDER:postgresql= -> 4:SQL:select=] mutationLineage=[]
SQL: -- TeaQL PLAIN
SELECT id, create_time AS createTime, last_update_time AS lastUpdateTime, name, version FROM platform_data WHERE (version > 0) AND (id = 1) LIMIT 1 OFFSET 0
[TeaQL SQL][query][329us] 1 rows returned outcome=success batchOutcome=not_applicable comment=matched merchant read with relation purpose=matched benchmark read auditReason= tracePath=[0:OPERATION:Merchant=query -> 1:REQUEST:Merchant= -> 2:PROVIDER:postgresql= -> 3:SQL:select=] mutationLineage=[]
SQL: -- TeaQL PLAIN
SELECT id, name, code, external_id AS externalId, task_life_hours AS taskLifeHours, version, platform FROM merchant_data WHERE (version > 0) AND (external_id = 'matched-merchant') LIMIT 1000 OFFSET 0
[TeaQL SQL][query][238us] 1 rows returned outcome=success batchOutcome=not_applicable comment=matched merchant read with relation purpose=matched benchmark read auditReason= tracePath=[0:OPERATION:Merchant=query -> 1:REQUEST:Merchant= -> 2:RELATION:platform=Merchant.platform -> 3:PROVIDER:postgresql= -> 4:SQL:select=] mutationLineage=[]
SQL: -- TeaQL PLAIN
SELECT id, create_time AS createTime, last_update_time AS lastUpdateTime, name, version FROM platform_data WHERE (version > 0) AND (id = 1) LIMIT 1 OFFSET 0
[TeaQL SQL][query][292us] 1 rows returned outcome=success batchOutcome=not_applicable comment=matched merchant read with relation purpose=matched benchmark read auditReason= tracePath=[0:OPERATION:Merchant=query -> 1:REQUEST:Merchant= -> 2:PROVIDER:postgresql= -> 3:SQL:select=] mutationLineage=[]
SQL: -- TeaQL PLAIN
SELECT id, name, code, external_id AS externalId, task_life_hours AS taskLifeHours, version, platform FROM merchant_data WHERE (version > 0) AND (external_id = 'matched-merchant') LIMIT 1000 OFFSET 0
[TeaQL SQL][query][224us] 1 rows returned outcome=success batchOutcome=not_applicable comment=matched merchant read with relation purpose=matched benchmark read auditReason= tracePath=[0:OPERATION:Merchant=query -> 1:REQUEST:Merchant= -> 2:RELATION:platform=Merchant.platform -> 3:PROVIDER:postgresql= -> 4:SQL:select=] mutationLineage=[]
SQL: -- TeaQL PLAIN
SELECT id, create_time AS createTime, last_update_time AS lastUpdateTime, name, version FROM platform_data WHERE (version > 0) AND (id = 1) LIMIT 1 OFFSET 0
[TeaQL SQL][query][269us] 1 rows returned outcome=success batchOutcome=not_applicable comment=matched merchant read with relation purpose=matched benchmark read auditReason= tracePath=[0:OPERATION:Merchant=query -> 1:REQUEST:Merchant= -> 2:PROVIDER:postgresql= -> 3:SQL:select=] mutationLineage=[]
SQL: -- TeaQL PLAIN
SELECT id, name, code, external_id AS externalId, task_life_hours AS taskLifeHours, version, platform FROM merchant_data WHERE (version > 0) AND (external_id = 'matched-merchant') LIMIT 1000 OFFSET 0
[TeaQL SQL][query][220us] 1 rows returned outcome=success batchOutcome=not_applicable comment=matched merchant read with relation purpose=matched benchmark read auditReason= tracePath=[0:OPERATION:Merchant=query -> 1:REQUEST:Merchant= -> 2:RELATION:platform=Merchant.platform -> 3:PROVIDER:postgresql= -> 4:SQL:select=] mutationLineage=[]
SQL: -- TeaQL PLAIN
SELECT id, create_time AS createTime, last_update_time AS lastUpdateTime, name, version FROM platform_data WHERE (version > 0) AND (id = 1) LIMIT 1 OFFSET 0
[TeaQL SQL][query][293us] 1 rows returned outcome=success batchOutcome=not_applicable comment=matched merchant read with relation purpose=matched benchmark read auditReason= tracePath=[0:OPERATION:Merchant=query -> 1:REQUEST:Merchant= -> 2:PROVIDER:postgresql= -> 3:SQL:select=] mutationLineage=[]
SQL: -- TeaQL PLAIN
SELECT id, name, code, external_id AS externalId, task_life_hours AS taskLifeHours, version, platform FROM merchant_data WHERE (version > 0) AND (external_id = 'matched-merchant') LIMIT 1000 OFFSET 0
[TeaQL SQL][query][261us] 1 rows returned outcome=success batchOutcome=not_applicable comment=matched merchant read with relation purpose=matched benchmark read auditReason= tracePath=[0:OPERATION:Merchant=query -> 1:REQUEST:Merchant= -> 2:RELATION:platform=Merchant.platform -> 3:PROVIDER:postgresql= -> 4:SQL:select=] mutationLineage=[]
SQL: -- TeaQL PLAIN
SELECT id, create_time AS createTime, last_update_time AS lastUpdateTime, name, version FROM platform_data WHERE (version > 0) AND (id = 1) LIMIT 1 OFFSET 0
[TeaQL SQL][query][270us] 1 rows returned outcome=success batchOutcome=not_applicable comment=matched merchant read with relation purpose=matched benchmark read auditReason= tracePath=[0:OPERATION:Merchant=query -> 1:REQUEST:Merchant= -> 2:PROVIDER:postgresql= -> 3:SQL:select=] mutationLineage=[]
SQL: -- TeaQL PLAIN
SELECT id, name, code, external_id AS externalId, task_life_hours AS taskLifeHours, version, platform FROM merchant_data WHERE (version > 0) AND (external_id = 'matched-merchant') LIMIT 1000 OFFSET 0
[TeaQL SQL][query][283us] 1 rows returned outcome=success batchOutcome=not_applicable comment=matched merchant read with relation purpose=matched benchmark read auditReason= tracePath=[0:OPERATION:Merchant=query -> 1:REQUEST:Merchant= -> 2:RELATION:platform=Merchant.platform -> 3:PROVIDER:postgresql= -> 4:SQL:select=] mutationLineage=[]
SQL: -- TeaQL PLAIN
SELECT id, create_time AS createTime, last_update_time AS lastUpdateTime, name, version FROM platform_data WHERE (version > 0) AND (id = 1) LIMIT 1 OFFSET 0
[TeaQL SQL][query][326us] 1 rows returned outcome=success batchOutcome=not_applicable comment=matched merchant read with relation purpose=matched benchmark read auditReason= tracePath=[0:OPERATION:Merchant=query -> 1:REQUEST:Merchant= -> 2:PROVIDER:postgresql= -> 3:SQL:select=] mutationLineage=[]
SQL: -- TeaQL PLAIN
SELECT id, name, code, external_id AS externalId, task_life_hours AS taskLifeHours, version, platform FROM merchant_data WHERE (version > 0) AND (external_id = 'matched-merchant') LIMIT 1000 OFFSET 0
[TeaQL SQL][query][240us] 1 rows returned outcome=success batchOutcome=not_applicable comment=matched merchant read with relation purpose=matched benchmark read auditReason= tracePath=[0:OPERATION:Merchant=query -> 1:REQUEST:Merchant= -> 2:RELATION:platform=Merchant.platform -> 3:PROVIDER:postgresql= -> 4:SQL:select=] mutationLineage=[]
SQL: -- TeaQL PLAIN
SELECT id, create_time AS createTime, last_update_time AS lastUpdateTime, name, version FROM platform_data WHERE (version > 0) AND (id = 1) LIMIT 1 OFFSET 0
[TeaQL SQL][query][315us] 1 rows returned outcome=success batchOutcome=not_applicable comment=matched merchant read with relation purpose=matched benchmark read auditReason= tracePath=[0:OPERATION:Merchant=query -> 1:REQUEST:Merchant= -> 2:PROVIDER:postgresql= -> 3:SQL:select=] mutationLineage=[]
SQL: -- TeaQL PLAIN
SELECT id, name, code, external_id AS externalId, task_life_hours AS taskLifeHours, version, platform FROM merchant_data WHERE (version > 0) AND (external_id = 'matched-merchant') LIMIT 1000 OFFSET 0
[TeaQL SQL][query][243us] 1 rows returned outcome=success batchOutcome=not_applicable comment=matched merchant read with relation purpose=matched benchmark read auditReason= tracePath=[0:OPERATION:Merchant=query -> 1:REQUEST:Merchant= -> 2:RELATION:platform=Merchant.platform -> 3:PROVIDER:postgresql= -> 4:SQL:select=] mutationLineage=[]
SQL: -- TeaQL PLAIN
SELECT id, create_time AS createTime, last_update_time AS lastUpdateTime, name, version FROM platform_data WHERE (version > 0) AND (id = 1) LIMIT 1 OFFSET 0
[TeaQL SQL][query][300us] 1 rows returned outcome=success batchOutcome=not_applicable comment=matched merchant read with relation purpose=matched benchmark read auditReason= tracePath=[0:OPERATION:Merchant=query -> 1:REQUEST:Merchant= -> 2:PROVIDER:postgresql= -> 3:SQL:select=] mutationLineage=[]
SQL: -- TeaQL PLAIN
SELECT id, name, code, external_id AS externalId, task_life_hours AS taskLifeHours, version, platform FROM merchant_data WHERE (version > 0) AND (external_id = 'matched-merchant') LIMIT 1000 OFFSET 0
[TeaQL SQL][query][256us] 1 rows returned outcome=success batchOutcome=not_applicable comment=matched merchant read with relation purpose=matched benchmark read auditReason= tracePath=[0:OPERATION:Merchant=query -> 1:REQUEST:Merchant= -> 2:RELATION:platform=Merchant.platform -> 3:PROVIDER:postgresql= -> 4:SQL:select=] mutationLineage=[]
SQL: -- TeaQL PLAIN
SELECT id, create_time AS createTime, last_update_time AS lastUpdateTime, name, version FROM platform_data WHERE (version > 0) AND (id = 1) LIMIT 1 OFFSET 0
[TeaQL SQL][query][282us] 1 rows returned outcome=success batchOutcome=not_applicable comment=matched merchant read with relation purpose=matched benchmark read auditReason= tracePath=[0:OPERATION:Merchant=query -> 1:REQUEST:Merchant= -> 2:PROVIDER:postgresql= -> 3:SQL:select=] mutationLineage=[]
SQL: -- TeaQL PLAIN
SELECT id, name, code, external_id AS externalId, task_life_hours AS taskLifeHours, version, platform FROM merchant_data WHERE (version > 0) AND (external_id = 'matched-merchant') LIMIT 1000 OFFSET 0
[TeaQL SQL][query][227us] 1 rows returned outcome=success batchOutcome=not_applicable comment=matched merchant read with relation purpose=matched benchmark read auditReason= tracePath=[0:OPERATION:Merchant=query -> 1:REQUEST:Merchant= -> 2:RELATION:platform=Merchant.platform -> 3:PROVIDER:postgresql= -> 4:SQL:select=] mutationLineage=[]
SQL: -- TeaQL PLAIN
SELECT id, create_time AS createTime, last_update_time AS lastUpdateTime, name, version FROM platform_data WHERE (version > 0) AND (id = 1) LIMIT 1 OFFSET 0
[TeaQL SQL][query][244us] 1 rows returned outcome=success batchOutcome=not_applicable comment=matched merchant read with relation purpose=matched benchmark read auditReason= tracePath=[0:OPERATION:Merchant=query -> 1:REQUEST:Merchant= -> 2:PROVIDER:postgresql= -> 3:SQL:select=] mutationLineage=[]
SQL: -- TeaQL PLAIN
SELECT id, name, code, external_id AS externalId, task_life_hours AS taskLifeHours, version, platform FROM merchant_data WHERE (version > 0) AND (external_id = 'matched-merchant') LIMIT 1000 OFFSET 0
[TeaQL SQL][query][197us] 1 rows returned outcome=success batchOutcome=not_applicable comment=matched merchant read with relation purpose=matched benchmark read auditReason= tracePath=[0:OPERATION:Merchant=query -> 1:REQUEST:Merchant= -> 2:RELATION:platform=Merchant.platform -> 3:PROVIDER:postgresql= -> 4:SQL:select=] mutationLineage=[]
SQL: -- TeaQL PLAIN
SELECT id, create_time AS createTime, last_update_time AS lastUpdateTime, name, version FROM platform_data WHERE (version > 0) AND (id = 1) LIMIT 1 OFFSET 0
[TeaQL SQL][query][260us] 1 rows returned outcome=success batchOutcome=not_applicable comment=matched merchant read with relation purpose=matched benchmark read auditReason= tracePath=[0:OPERATION:Merchant=query -> 1:REQUEST:Merchant= -> 2:PROVIDER:postgresql= -> 3:SQL:select=] mutationLineage=[]
SQL: -- TeaQL PLAIN
SELECT id, name, code, external_id AS externalId, task_life_hours AS taskLifeHours, version, platform FROM merchant_data WHERE (version > 0) AND (external_id = 'matched-merchant') LIMIT 1000 OFFSET 0
[TeaQL SQL][query][194us] 1 rows returned outcome=success batchOutcome=not_applicable comment=matched merchant read with relation purpose=matched benchmark read auditReason= tracePath=[0:OPERATION:Merchant=query -> 1:REQUEST:Merchant= -> 2:PROVIDER:postgresql= -> 3:SQL:select=] mutationLineage=[]
SQL: -- TeaQL PLAIN
SELECT id, name, code, external_id AS externalId, task_life_hours AS taskLifeHours, version, platform FROM merchant_data WHERE (version > 0) AND (external_id = 'matched-merchant') LIMIT 1000 OFFSET 0
[TeaQL SQL][query][261us] 1 rows returned outcome=success batchOutcome=not_applicable comment=matched merchant read with relation purpose=matched benchmark read auditReason= tracePath=[0:OPERATION:Merchant=query -> 1:REQUEST:Merchant= -> 2:RELATION:platform=Merchant.platform -> 3:PROVIDER:postgresql= -> 4:SQL:select=] mutationLineage=[]
SQL: -- TeaQL PLAIN
SELECT id, create_time AS createTime, last_update_time AS lastUpdateTime, name, version FROM platform_data WHERE (version > 0) AND (id = 1) LIMIT 1 OFFSET 0
[TeaQL SQL][query][227us] 1 rows returned outcome=success batchOutcome=not_applicable comment=matched merchant read with relation purpose=matched benchmark read auditReason= tracePath=[0:OPERATION:Merchant=query -> 1:REQUEST:Merchant= -> 2:RELATION:platform=Merchant.platform -> 3:PROVIDER:postgresql= -> 4:SQL:select=] mutationLineage=[]
SQL: -- TeaQL PLAIN
SELECT id, create_time AS createTime, last_update_time AS lastUpdateTime, name, version FROM platform_data WHERE (version > 0) AND (id = 1) LIMIT 1 OFFSET 0
[TeaQL SQL][query][370us] 1 rows returned outcome=success batchOutcome=not_applicable comment=matched merchant read with relation purpose=matched benchmark read auditReason= tracePath=[0:OPERATION:Merchant=query -> 1:REQUEST:Merchant= -> 2:PROVIDER:postgresql= -> 3:SQL:select=] mutationLineage=[]
SQL: -- TeaQL PLAIN
SELECT id, name, code, external_id AS externalId, task_life_hours AS taskLifeHours, version, platform FROM merchant_data WHERE (version > 0) AND (external_id = 'matched-merchant') LIMIT 1000 OFFSET 0
[TeaQL SQL][query][248us] 1 rows returned outcome=success batchOutcome=not_applicable comment=matched merchant read with relation purpose=matched benchmark read auditReason= tracePath=[0:OPERATION:Merchant=query -> 1:REQUEST:Merchant= -> 2:RELATION:platform=Merchant.platform -> 3:PROVIDER:postgresql= -> 4:SQL:select=] mutationLineage=[]
SQL: -- TeaQL PLAIN
SELECT id, create_time AS createTime, last_update_time AS lastUpdateTime, name, version FROM platform_data WHERE (version > 0) AND (id = 1) LIMIT 1 OFFSET 0
[TeaQL SQL][query][382us] 1 rows returned outcome=success batchOutcome=not_applicable comment=matched merchant read with relation purpose=matched benchmark read auditReason= tracePath=[0:OPERATION:Merchant=query -> 1:REQUEST:Merchant= -> 2:PROVIDER:postgresql= -> 3:SQL:select=] mutationLineage=[]
SQL: -- TeaQL PLAIN
SELECT id, name, code, external_id AS externalId, task_life_hours AS taskLifeHours, version, platform FROM merchant_data WHERE (version > 0) AND (external_id = 'matched-merchant') LIMIT 1000 OFFSET 0
[TeaQL SQL][query][306us] 1 rows returned outcome=success batchOutcome=not_applicable comment=matched merchant read with relation purpose=matched benchmark read auditReason= tracePath=[0:OPERATION:Merchant=query -> 1:REQUEST:Merchant= -> 2:RELATION:platform=Merchant.platform -> 3:PROVIDER:postgresql= -> 4:SQL:select=] mutationLineage=[]
SQL: -- TeaQL PLAIN
SELECT id, create_time AS createTime, last_update_time AS lastUpdateTime, name, version FROM platform_data WHERE (version > 0) AND (id = 1) LIMIT 1 OFFSET 0
[TeaQL SQL][query][297us] 1 rows returned outcome=success batchOutcome=not_applicable comment=matched merchant read with relation purpose=matched benchmark read auditReason= tracePath=[0:OPERATION:Merchant=query -> 1:REQUEST:Merchant= -> 2:PROVIDER:postgresql= -> 3:SQL:select=] mutationLineage=[]
SQL: -- TeaQL PLAIN
SELECT id, name, code, external_id AS externalId, task_life_hours AS taskLifeHours, version, platform FROM merchant_data WHERE (version > 0) AND (external_id = 'matched-merchant') LIMIT 1000 OFFSET 0
[TeaQL SQL][query][295us] 1 rows returned outcome=success batchOutcome=not_applicable comment=matched merchant read with relation purpose=matched benchmark read auditReason= tracePath=[0:OPERATION:Merchant=query -> 1:REQUEST:Merchant= -> 2:PROVIDER:postgresql= -> 3:SQL:select=] mutationLineage=[]
SQL: -- TeaQL PLAIN
SELECT id, name, code, external_id AS externalId, task_life_hours AS taskLifeHours, version, platform FROM merchant_data WHERE (version > 0) AND (external_id = 'matched-merchant') LIMIT 1000 OFFSET 0
[TeaQL SQL][query][272us] 1 rows returned outcome=success batchOutcome=not_applicable comment=matched merchant read with relation purpose=matched benchmark read auditReason= tracePath=[0:OPERATION:Merchant=query -> 1:REQUEST:Merchant= -> 2:RELATION:platform=Merchant.platform -> 3:PROVIDER:postgresql= -> 4:SQL:select=] mutationLineage=[]
SQL: -- TeaQL PLAIN
SELECT id, create_time AS createTime, last_update_time AS lastUpdateTime, name, version FROM platform_data WHERE (version > 0) AND (id = 1) LIMIT 1 OFFSET 0
[TeaQL SQL][query][234us] 1 rows returned outcome=success batchOutcome=not_applicable comment=matched merchant read with relation purpose=matched benchmark read auditReason= tracePath=[0:OPERATION:Merchant=query -> 1:REQUEST:Merchant= -> 2:RELATION:platform=Merchant.platform -> 3:PROVIDER:postgresql= -> 4:SQL:select=] mutationLineage=[]
SQL: -- TeaQL PLAIN
SELECT id, create_time AS createTime, last_update_time AS lastUpdateTime, name, version FROM platform_data WHERE (version > 0) AND (id = 1) LIMIT 1 OFFSET 0
[TeaQL SQL][query][287us] 1 rows returned outcome=success batchOutcome=not_applicable comment=matched merchant read with relation purpose=matched benchmark read auditReason= tracePath=[0:OPERATION:Merchant=query -> 1:REQUEST:Merchant= -> 2:PROVIDER:postgresql= -> 3:SQL:select=] mutationLineage=[]
SQL: -- TeaQL PLAIN
SELECT id, name, code, external_id AS externalId, task_life_hours AS taskLifeHours, version, platform FROM merchant_data WHERE (version > 0) AND (external_id = 'matched-merchant') LIMIT 1000 OFFSET 0
[TeaQL SQL][query][260us] 1 rows returned outcome=success batchOutcome=not_applicable comment=matched merchant read with relation purpose=matched benchmark read auditReason= tracePath=[0:OPERATION:Merchant=query -> 1:REQUEST:Merchant= -> 2:PROVIDER:postgresql= -> 3:SQL:select=] mutationLineage=[]
SQL: -- TeaQL PLAIN
SELECT id, name, code, external_id AS externalId, task_life_hours AS taskLifeHours, version, platform FROM merchant_data WHERE (version > 0) AND (external_id = 'matched-merchant') LIMIT 1000 OFFSET 0
[TeaQL SQL][query][252us] 1 rows returned outcome=success batchOutcome=not_applicable comment=matched merchant read with relation purpose=matched benchmark read auditReason= tracePath=[0:OPERATION:Merchant=query -> 1:REQUEST:Merchant= -> 2:RELATION:platform=Merchant.platform -> 3:PROVIDER:postgresql= -> 4:SQL:select=] mutationLineage=[]
SQL: -- TeaQL PLAIN
SELECT id, create_time AS createTime, last_update_time AS lastUpdateTime, name, version FROM platform_data WHERE (version > 0) AND (id = 1) LIMIT 1 OFFSET 0
[TeaQL SQL][query][255us] 1 rows returned outcome=success batchOutcome=not_applicable comment=matched merchant read with relation purpose=matched benchmark read auditReason= tracePath=[0:OPERATION:Merchant=query -> 1:REQUEST:Merchant= -> 2:RELATION:platform=Merchant.platform -> 3:PROVIDER:postgresql= -> 4:SQL:select=] mutationLineage=[]
SQL: -- TeaQL PLAIN
SELECT id, create_time AS createTime, last_update_time AS lastUpdateTime, name, version FROM platform_data WHERE (version > 0) AND (id = 1) LIMIT 1 OFFSET 0
[TeaQL SQL][query][248us] 1 rows returned outcome=success batchOutcome=not_applicable comment=matched merchant read with relation purpose=matched benchmark read auditReason= tracePath=[0:OPERATION:Merchant=query -> 1:REQUEST:Merchant= -> 2:PROVIDER:postgresql= -> 3:SQL:select=] mutationLineage=[]
SQL: -- TeaQL PLAIN
SELECT id, name, code, external_id AS externalId, task_life_hours AS taskLifeHours, version, platform FROM merchant_data WHERE (version > 0) AND (external_id = 'matched-merchant') LIMIT 1000 OFFSET 0
[TeaQL SQL][query][256us] 1 rows returned outcome=success batchOutcome=not_applicable comment=matched merchant read with relation purpose=matched benchmark read auditReason= tracePath=[0:OPERATION:Merchant=query -> 1:REQUEST:Merchant= -> 2:RELATION:platform=Merchant.platform -> 3:PROVIDER:postgresql= -> 4:SQL:select=] mutationLineage=[]
SQL: -- TeaQL PLAIN
SELECT id, create_time AS createTime, last_update_time AS lastUpdateTime, name, version FROM platform_data WHERE (version > 0) AND (id = 1) LIMIT 1 OFFSET 0
[TeaQL SQL][query][475us] 1 rows returned outcome=success batchOutcome=not_applicable comment=matched merchant read with relation purpose=matched benchmark read auditReason= tracePath=[0:OPERATION:Merchant=query -> 1:REQUEST:Merchant= -> 2:PROVIDER:postgresql= -> 3:SQL:select=] mutationLineage=[]
SQL: -- TeaQL PLAIN
SELECT id, name, code, external_id AS externalId, task_life_hours AS taskLifeHours, version, platform FROM merchant_data WHERE (version > 0) AND (external_id = 'matched-merchant') LIMIT 1000 OFFSET 0
[TeaQL SQL][query][328us] 1 rows returned outcome=success batchOutcome=not_applicable comment=matched merchant read with relation purpose=matched benchmark read auditReason= tracePath=[0:OPERATION:Merchant=query -> 1:REQUEST:Merchant= -> 2:RELATION:platform=Merchant.platform -> 3:PROVIDER:postgresql= -> 4:SQL:select=] mutationLineage=[]
SQL: -- TeaQL PLAIN
SELECT id, create_time AS createTime, last_update_time AS lastUpdateTime, name, version FROM platform_data WHERE (version > 0) AND (id = 1) LIMIT 1 OFFSET 0
[TeaQL SQL][query][310us] 1 rows returned outcome=success batchOutcome=not_applicable comment=matched merchant read with relation purpose=matched benchmark read auditReason= tracePath=[0:OPERATION:Merchant=query -> 1:REQUEST:Merchant= -> 2:PROVIDER:postgresql= -> 3:SQL:select=] mutationLineage=[]
SQL: -- TeaQL PLAIN
SELECT id, name, code, external_id AS externalId, task_life_hours AS taskLifeHours, version, platform FROM merchant_data WHERE (version > 0) AND (external_id = 'matched-merchant') LIMIT 1000 OFFSET 0
[TeaQL SQL][query][242us] 1 rows returned outcome=success batchOutcome=not_applicable comment=matched merchant read with relation purpose=matched benchmark read auditReason= tracePath=[0:OPERATION:Merchant=query -> 1:REQUEST:Merchant= -> 2:RELATION:platform=Merchant.platform -> 3:PROVIDER:postgresql= -> 4:SQL:select=] mutationLineage=[]
SQL: -- TeaQL PLAIN
SELECT id, create_time AS createTime, last_update_time AS lastUpdateTime, name, version FROM platform_data WHERE (version > 0) AND (id = 1) LIMIT 1 OFFSET 0
[TeaQL SQL][query][249us] 1 rows returned outcome=success batchOutcome=not_applicable comment=matched merchant read with relation purpose=matched benchmark read auditReason= tracePath=[0:OPERATION:Merchant=query -> 1:REQUEST:Merchant= -> 2:PROVIDER:postgresql= -> 3:SQL:select=] mutationLineage=[]
SQL: -- TeaQL PLAIN
SELECT id, name, code, external_id AS externalId, task_life_hours AS taskLifeHours, version, platform FROM merchant_data WHERE (version > 0) AND (external_id = 'matched-merchant') LIMIT 1000 OFFSET 0
[TeaQL SQL][query][216us] 1 rows returned outcome=success batchOutcome=not_applicable comment=matched merchant read with relation purpose=matched benchmark read auditReason= tracePath=[0:OPERATION:Merchant=query -> 1:REQUEST:Merchant= -> 2:RELATION:platform=Merchant.platform -> 3:PROVIDER:postgresql= -> 4:SQL:select=] mutationLineage=[]
SQL: -- TeaQL PLAIN
SELECT id, create_time AS createTime, last_update_time AS lastUpdateTime, name, version FROM platform_data WHERE (version > 0) AND (id = 1) LIMIT 1 OFFSET 0
[TeaQL SQL][query][251us] 1 rows returned outcome=success batchOutcome=not_applicable comment=matched merchant read with relation purpose=matched benchmark read auditReason= tracePath=[0:OPERATION:Merchant=query -> 1:REQUEST:Merchant= -> 2:PROVIDER:postgresql= -> 3:SQL:select=] mutationLineage=[]
SQL: -- TeaQL PLAIN
SELECT id, name, code, external_id AS externalId, task_life_hours AS taskLifeHours, version, platform FROM merchant_data WHERE (version > 0) AND (external_id = 'matched-merchant') LIMIT 1000 OFFSET 0
[TeaQL SQL][query][205us] 1 rows returned outcome=success batchOutcome=not_applicable comment=matched merchant read with relation purpose=matched benchmark read auditReason= tracePath=[0:OPERATION:Merchant=query -> 1:REQUEST:Merchant= -> 2:RELATION:platform=Merchant.platform -> 3:PROVIDER:postgresql= -> 4:SQL:select=] mutationLineage=[]
SQL: -- TeaQL PLAIN
SELECT id, create_time AS createTime, last_update_time AS lastUpdateTime, name, version FROM platform_data WHERE (version > 0) AND (id = 1) LIMIT 1 OFFSET 0
[TeaQL SQL][query][243us] 1 rows returned outcome=success batchOutcome=not_applicable comment=matched merchant read with relation purpose=matched benchmark read auditReason= tracePath=[0:OPERATION:Merchant=query -> 1:REQUEST:Merchant= -> 2:PROVIDER:postgresql= -> 3:SQL:select=] mutationLineage=[]
SQL: -- TeaQL PLAIN
SELECT id, name, code, external_id AS externalId, task_life_hours AS taskLifeHours, version, platform FROM merchant_data WHERE (version > 0) AND (external_id = 'matched-merchant') LIMIT 1000 OFFSET 0
[TeaQL SQL][query][219us] 1 rows returned outcome=success batchOutcome=not_applicable comment=matched merchant read with relation purpose=matched benchmark read auditReason= tracePath=[0:OPERATION:Merchant=query -> 1:REQUEST:Merchant= -> 2:RELATION:platform=Merchant.platform -> 3:PROVIDER:postgresql= -> 4:SQL:select=] mutationLineage=[]
SQL: -- TeaQL PLAIN
SELECT id, create_time AS createTime, last_update_time AS lastUpdateTime, name, version FROM platform_data WHERE (version > 0) AND (id = 1) LIMIT 1 OFFSET 0
[TeaQL SQL][query][190us] 1 rows returned outcome=success batchOutcome=not_applicable comment=matched merchant read with relation purpose=matched benchmark read auditReason= tracePath=[0:OPERATION:Merchant=query -> 1:REQUEST:Merchant= -> 2:PROVIDER:postgresql= -> 3:SQL:select=] mutationLineage=[]
SQL: -- TeaQL PLAIN
SELECT id, name, code, external_id AS externalId, task_life_hours AS taskLifeHours, version, platform FROM merchant_data WHERE (version > 0) AND (external_id = 'matched-merchant') LIMIT 1000 OFFSET 0
[TeaQL SQL][query][203us] 1 rows returned outcome=success batchOutcome=not_applicable comment=matched merchant read with relation purpose=matched benchmark read auditReason= tracePath=[0:OPERATION:Merchant=query -> 1:REQUEST:Merchant= -> 2:RELATION:platform=Merchant.platform -> 3:PROVIDER:postgresql= -> 4:SQL:select=] mutationLineage=[]
SQL: -- TeaQL PLAIN
SELECT id, create_time AS createTime, last_update_time AS lastUpdateTime, name, version FROM platform_data WHERE (version > 0) AND (id = 1) LIMIT 1 OFFSET 0
[TeaQL SQL][query][233us] 1 rows returned outcome=success batchOutcome=not_applicable comment=matched merchant read with relation purpose=matched benchmark read auditReason= tracePath=[0:OPERATION:Merchant=query -> 1:REQUEST:Merchant= -> 2:PROVIDER:postgresql= -> 3:SQL:select=] mutationLineage=[]
SQL: -- TeaQL PLAIN
SELECT id, name, code, external_id AS externalId, task_life_hours AS taskLifeHours, version, platform FROM merchant_data WHERE (version > 0) AND (external_id = 'matched-merchant') LIMIT 1000 OFFSET 0
[TeaQL SQL][query][188us] 1 rows returned outcome=success batchOutcome=not_applicable comment=matched merchant read with relation purpose=matched benchmark read auditReason= tracePath=[0:OPERATION:Merchant=query -> 1:REQUEST:Merchant= -> 2:RELATION:platform=Merchant.platform -> 3:PROVIDER:postgresql= -> 4:SQL:select=] mutationLineage=[]
SQL: -- TeaQL PLAIN
SELECT id, create_time AS createTime, last_update_time AS lastUpdateTime, name, version FROM platform_data WHERE (version > 0) AND (id = 1) LIMIT 1 OFFSET 0
[TeaQL SQL][query][313us] 1 rows returned outcome=success batchOutcome=not_applicable comment=matched merchant read with relation purpose=matched benchmark read auditReason= tracePath=[0:OPERATION:Merchant=query -> 1:REQUEST:Merchant= -> 2:PROVIDER:postgresql= -> 3:SQL:select=] mutationLineage=[]
SQL: -- TeaQL PLAIN
SELECT id, name, code, external_id AS externalId, task_life_hours AS taskLifeHours, version, platform FROM merchant_data WHERE (version > 0) AND (external_id = 'matched-merchant') LIMIT 1000 OFFSET 0
[TeaQL SQL][query][255us] 1 rows returned outcome=success batchOutcome=not_applicable comment=matched merchant read with relation purpose=matched benchmark read auditReason= tracePath=[0:OPERATION:Merchant=query -> 1:REQUEST:Merchant= -> 2:RELATION:platform=Merchant.platform -> 3:PROVIDER:postgresql= -> 4:SQL:select=] mutationLineage=[]
SQL: -- TeaQL PLAIN
SELECT id, create_time AS createTime, last_update_time AS lastUpdateTime, name, version FROM platform_data WHERE (version > 0) AND (id = 1) LIMIT 1 OFFSET 0
[TeaQL SQL][query][307us] 1 rows returned outcome=success batchOutcome=not_applicable comment=matched merchant read with relation purpose=matched benchmark read auditReason= tracePath=[0:OPERATION:Merchant=query -> 1:REQUEST:Merchant= -> 2:PROVIDER:postgresql= -> 3:SQL:select=] mutationLineage=[]
SQL: -- TeaQL PLAIN
SELECT id, name, code, external_id AS externalId, task_life_hours AS taskLifeHours, version, platform FROM merchant_data WHERE (version > 0) AND (external_id = 'matched-merchant') LIMIT 1000 OFFSET 0
[TeaQL SQL][query][308us] 1 rows returned outcome=success batchOutcome=not_applicable comment=matched merchant read with relation purpose=matched benchmark read auditReason= tracePath=[0:OPERATION:Merchant=query -> 1:REQUEST:Merchant= -> 2:PROVIDER:postgresql= -> 3:SQL:select=] mutationLineage=[]
SQL: -- TeaQL PLAIN
SELECT id, name, code, external_id AS externalId, task_life_hours AS taskLifeHours, version, platform FROM merchant_data WHERE (version > 0) AND (external_id = 'matched-merchant') LIMIT 1000 OFFSET 0
[TeaQL SQL][query][238us] 1 rows returned outcome=success batchOutcome=not_applicable comment=matched merchant read with relation purpose=matched benchmark read auditReason= tracePath=[0:OPERATION:Merchant=query -> 1:REQUEST:Merchant= -> 2:RELATION:platform=Merchant.platform -> 3:PROVIDER:postgresql= -> 4:SQL:select=] mutationLineage=[]
SQL: -- TeaQL PLAIN
SELECT id, create_time AS createTime, last_update_time AS lastUpdateTime, name, version FROM platform_data WHERE (version > 0) AND (id = 1) LIMIT 1 OFFSET 0
[TeaQL SQL][query][219us] 1 rows returned outcome=success batchOutcome=not_applicable comment=matched merchant read with relation purpose=matched benchmark read auditReason= tracePath=[0:OPERATION:Merchant=query -> 1:REQUEST:Merchant= -> 2:RELATION:platform=Merchant.platform -> 3:PROVIDER:postgresql= -> 4:SQL:select=] mutationLineage=[]
SQL: -- TeaQL PLAIN
SELECT id, create_time AS createTime, last_update_time AS lastUpdateTime, name, version FROM platform_data WHERE (version > 0) AND (id = 1) LIMIT 1 OFFSET 0
[TeaQL SQL][query][363us] 1 rows returned outcome=success batchOutcome=not_applicable comment=matched merchant read with relation purpose=matched benchmark read auditReason= tracePath=[0:OPERATION:Merchant=query -> 1:REQUEST:Merchant= -> 2:PROVIDER:postgresql= -> 3:SQL:select=] mutationLineage=[]
SQL: -- TeaQL PLAIN
SELECT id, name, code, external_id AS externalId, task_life_hours AS taskLifeHours, version, platform FROM merchant_data WHERE (version > 0) AND (external_id = 'matched-merchant') LIMIT 1000 OFFSET 0
[TeaQL SQL][query][336us] 1 rows returned outcome=success batchOutcome=not_applicable comment=matched merchant read with relation purpose=matched benchmark read auditReason= tracePath=[0:OPERATION:Merchant=query -> 1:REQUEST:Merchant= -> 2:RELATION:platform=Merchant.platform -> 3:PROVIDER:postgresql= -> 4:SQL:select=] mutationLineage=[]
SQL: -- TeaQL PLAIN
SELECT id, create_time AS createTime, last_update_time AS lastUpdateTime, name, version FROM platform_data WHERE (version > 0) AND (id = 1) LIMIT 1 OFFSET 0
[TeaQL SQL][query][345us] 1 rows returned outcome=success batchOutcome=not_applicable comment=matched merchant read with relation purpose=matched benchmark read auditReason= tracePath=[0:OPERATION:Merchant=query -> 1:REQUEST:Merchant= -> 2:PROVIDER:postgresql= -> 3:SQL:select=] mutationLineage=[]
SQL: -- TeaQL PLAIN
SELECT id, name, code, external_id AS externalId, task_life_hours AS taskLifeHours, version, platform FROM merchant_data WHERE (version > 0) AND (external_id = 'matched-merchant') LIMIT 1000 OFFSET 0
[TeaQL SQL][query][309us] 1 rows returned outcome=success batchOutcome=not_applicable comment=matched merchant read with relation purpose=matched benchmark read auditReason= tracePath=[0:OPERATION:Merchant=query -> 1:REQUEST:Merchant= -> 2:RELATION:platform=Merchant.platform -> 3:PROVIDER:postgresql= -> 4:SQL:select=] mutationLineage=[]
SQL: -- TeaQL PLAIN
SELECT id, create_time AS createTime, last_update_time AS lastUpdateTime, name, version FROM platform_data WHERE (version > 0) AND (id = 1) LIMIT 1 OFFSET 0
[TeaQL SQL][query][306us] 1 rows returned outcome=success batchOutcome=not_applicable comment=matched merchant read with relation purpose=matched benchmark read auditReason= tracePath=[0:OPERATION:Merchant=query -> 1:REQUEST:Merchant= -> 2:PROVIDER:postgresql= -> 3:SQL:select=] mutationLineage=[]
SQL: -- TeaQL PLAIN
SELECT id, name, code, external_id AS externalId, task_life_hours AS taskLifeHours, version, platform FROM merchant_data WHERE (version > 0) AND (external_id = 'matched-merchant') LIMIT 1000 OFFSET 0
[TeaQL SQL][query][225us] 1 rows returned outcome=success batchOutcome=not_applicable comment=matched merchant read with relation purpose=matched benchmark read auditReason= tracePath=[0:OPERATION:Merchant=query -> 1:REQUEST:Merchant= -> 2:RELATION:platform=Merchant.platform -> 3:PROVIDER:postgresql= -> 4:SQL:select=] mutationLineage=[]
SQL: -- TeaQL PLAIN
SELECT id, create_time AS createTime, last_update_time AS lastUpdateTime, name, version FROM platform_data WHERE (version > 0) AND (id = 1) LIMIT 1 OFFSET 0
[TeaQL SQL][query][308us] 1 rows returned outcome=success batchOutcome=not_applicable comment=matched merchant read with relation purpose=matched benchmark read auditReason= tracePath=[0:OPERATION:Merchant=query -> 1:REQUEST:Merchant= -> 2:PROVIDER:postgresql= -> 3:SQL:select=] mutationLineage=[]
SQL: -- TeaQL PLAIN
SELECT id, name, code, external_id AS externalId, task_life_hours AS taskLifeHours, version, platform FROM merchant_data WHERE (version > 0) AND (external_id = 'matched-merchant') LIMIT 1000 OFFSET 0
[TeaQL SQL][query][254us] 1 rows returned outcome=success batchOutcome=not_applicable comment=matched merchant read with relation purpose=matched benchmark read auditReason= tracePath=[0:OPERATION:Merchant=query -> 1:REQUEST:Merchant= -> 2:RELATION:platform=Merchant.platform -> 3:PROVIDER:postgresql= -> 4:SQL:select=] mutationLineage=[]
SQL: -- TeaQL PLAIN
SELECT id, create_time AS createTime, last_update_time AS lastUpdateTime, name, version FROM platform_data WHERE (version > 0) AND (id = 1) LIMIT 1 OFFSET 0
[TeaQL SQL][query][320us] 1 rows returned outcome=success batchOutcome=not_applicable comment=matched merchant read with relation purpose=matched benchmark read auditReason= tracePath=[0:OPERATION:Merchant=query -> 1:REQUEST:Merchant= -> 2:PROVIDER:postgresql= -> 3:SQL:select=] mutationLineage=[]
SQL: -- TeaQL PLAIN
SELECT id, name, code, external_id AS externalId, task_life_hours AS taskLifeHours, version, platform FROM merchant_data WHERE (version > 0) AND (external_id = 'matched-merchant') LIMIT 1000 OFFSET 0
[TeaQL SQL][query][249us] 1 rows returned outcome=success batchOutcome=not_applicable comment=matched merchant read with relation purpose=matched benchmark read auditReason= tracePath=[0:OPERATION:Merchant=query -> 1:REQUEST:Merchant= -> 2:RELATION:platform=Merchant.platform -> 3:PROVIDER:postgresql= -> 4:SQL:select=] mutationLineage=[]
SQL: -- TeaQL PLAIN
SELECT id, create_time AS createTime, last_update_time AS lastUpdateTime, name, version FROM platform_data WHERE (version > 0) AND (id = 1) LIMIT 1 OFFSET 0
[TeaQL SQL][query][277us] 1 rows returned outcome=success batchOutcome=not_applicable comment=matched merchant read with relation purpose=matched benchmark read auditReason= tracePath=[0:OPERATION:Merchant=query -> 1:REQUEST:Merchant= -> 2:PROVIDER:postgresql= -> 3:SQL:select=] mutationLineage=[]
SQL: -- TeaQL PLAIN
SELECT id, name, code, external_id AS externalId, task_life_hours AS taskLifeHours, version, platform FROM merchant_data WHERE (version > 0) AND (external_id = 'matched-merchant') LIMIT 1000 OFFSET 0
[TeaQL SQL][query][263us] 1 rows returned outcome=success batchOutcome=not_applicable comment=matched merchant read with relation purpose=matched benchmark read auditReason= tracePath=[0:OPERATION:Merchant=query -> 1:REQUEST:Merchant= -> 2:RELATION:platform=Merchant.platform -> 3:PROVIDER:postgresql= -> 4:SQL:select=] mutationLineage=[]
SQL: -- TeaQL PLAIN
SELECT id, create_time AS createTime, last_update_time AS lastUpdateTime, name, version FROM platform_data WHERE (version > 0) AND (id = 1) LIMIT 1 OFFSET 0
[TeaQL SQL][query][223us] 1 rows returned outcome=success batchOutcome=not_applicable comment=matched merchant read with relation purpose=matched benchmark read auditReason= tracePath=[0:OPERATION:Merchant=query -> 1:REQUEST:Merchant= -> 2:PROVIDER:postgresql= -> 3:SQL:select=] mutationLineage=[]
SQL: -- TeaQL PLAIN
SELECT id, name, code, external_id AS externalId, task_life_hours AS taskLifeHours, version, platform FROM merchant_data WHERE (version > 0) AND (external_id = 'matched-merchant') LIMIT 1000 OFFSET 0
[TeaQL SQL][query][270us] 1 rows returned outcome=success batchOutcome=not_applicable comment=matched merchant read with relation purpose=matched benchmark read auditReason= tracePath=[0:OPERATION:Merchant=query -> 1:REQUEST:Merchant= -> 2:RELATION:platform=Merchant.platform -> 3:PROVIDER:postgresql= -> 4:SQL:select=] mutationLineage=[]
SQL: -- TeaQL PLAIN
SELECT id, create_time AS createTime, last_update_time AS lastUpdateTime, name, version FROM platform_data WHERE (version > 0) AND (id = 1) LIMIT 1 OFFSET 0
[TeaQL SQL][query][368us] 1 rows returned outcome=success batchOutcome=not_applicable comment=matched merchant read with relation purpose=matched benchmark read auditReason= tracePath=[0:OPERATION:Merchant=query -> 1:REQUEST:Merchant= -> 2:PROVIDER:postgresql= -> 3:SQL:select=] mutationLineage=[]
SQL: -- TeaQL PLAIN
SELECT id, name, code, external_id AS externalId, task_life_hours AS taskLifeHours, version, platform FROM merchant_data WHERE (version > 0) AND (external_id = 'matched-merchant') LIMIT 1000 OFFSET 0
[TeaQL SQL][query][368us] 1 rows returned outcome=success batchOutcome=not_applicable comment=matched merchant read with relation purpose=matched benchmark read auditReason= tracePath=[0:OPERATION:Merchant=query -> 1:REQUEST:Merchant= -> 2:PROVIDER:postgresql= -> 3:SQL:select=] mutationLineage=[]
SQL: -- TeaQL PLAIN
SELECT id, name, code, external_id AS externalId, task_life_hours AS taskLifeHours, version, platform FROM merchant_data WHERE (version > 0) AND (external_id = 'matched-merchant') LIMIT 1000 OFFSET 0
[TeaQL SQL][query][262us] 1 rows returned outcome=success batchOutcome=not_applicable comment=matched merchant read with relation purpose=matched benchmark read auditReason= tracePath=[0:OPERATION:Merchant=query -> 1:REQUEST:Merchant= -> 2:RELATION:platform=Merchant.platform -> 3:PROVIDER:postgresql= -> 4:SQL:select=] mutationLineage=[]
SQL: -- TeaQL PLAIN
SELECT id, create_time AS createTime, last_update_time AS lastUpdateTime, name, version FROM platform_data WHERE (version > 0) AND (id = 1) LIMIT 1 OFFSET 0
[TeaQL SQL][query][264us] 1 rows returned outcome=success batchOutcome=not_applicable comment=matched merchant read with relation purpose=matched benchmark read auditReason= tracePath=[0:OPERATION:Merchant=query -> 1:REQUEST:Merchant= -> 2:RELATION:platform=Merchant.platform -> 3:PROVIDER:postgresql= -> 4:SQL:select=] mutationLineage=[]
SQL: -- TeaQL PLAIN
SELECT id, create_time AS createTime, last_update_time AS lastUpdateTime, name, version FROM platform_data WHERE (version > 0) AND (id = 1) LIMIT 1 OFFSET 0
[TeaQL SQL][query][409us] 1 rows returned outcome=success batchOutcome=not_applicable comment=matched merchant read with relation purpose=matched benchmark read auditReason= tracePath=[0:OPERATION:Merchant=query -> 1:REQUEST:Merchant= -> 2:PROVIDER:postgresql= -> 3:SQL:select=] mutationLineage=[]
SQL: -- TeaQL PLAIN
SELECT id, name, code, external_id AS externalId, task_life_hours AS taskLifeHours, version, platform FROM merchant_data WHERE (version > 0) AND (external_id = 'matched-merchant') LIMIT 1000 OFFSET 0
[TeaQL SQL][query][409us] 1 rows returned outcome=success batchOutcome=not_applicable comment=matched merchant read with relation purpose=matched benchmark read auditReason= tracePath=[0:OPERATION:Merchant=query -> 1:REQUEST:Merchant= -> 2:PROVIDER:postgresql= -> 3:SQL:select=] mutationLineage=[]
SQL: -- TeaQL PLAIN
SELECT id, name, code, external_id AS externalId, task_life_hours AS taskLifeHours, version, platform FROM merchant_data WHERE (version > 0) AND (external_id = 'matched-merchant') LIMIT 1000 OFFSET 0
[TeaQL SQL][query][253us] 1 rows returned outcome=success batchOutcome=not_applicable comment=matched merchant read with relation purpose=matched benchmark read auditReason= tracePath=[0:OPERATION:Merchant=query -> 1:REQUEST:Merchant= -> 2:RELATION:platform=Merchant.platform -> 3:PROVIDER:postgresql= -> 4:SQL:select=] mutationLineage=[]
SQL: -- TeaQL PLAIN
SELECT id, create_time AS createTime, last_update_time AS lastUpdateTime, name, version FROM platform_data WHERE (version > 0) AND (id = 1) LIMIT 1 OFFSET 0
[TeaQL SQL][query][218us] 1 rows returned outcome=success batchOutcome=not_applicable comment=matched merchant read with relation purpose=matched benchmark read auditReason= tracePath=[0:OPERATION:Merchant=query -> 1:REQUEST:Merchant= -> 2:RELATION:platform=Merchant.platform -> 3:PROVIDER:postgresql= -> 4:SQL:select=] mutationLineage=[]
SQL: -- TeaQL PLAIN
SELECT id, create_time AS createTime, last_update_time AS lastUpdateTime, name, version FROM platform_data WHERE (version > 0) AND (id = 1) LIMIT 1 OFFSET 0
[TeaQL SQL][query][358us] 1 rows returned outcome=success batchOutcome=not_applicable comment=matched merchant read with relation purpose=matched benchmark read auditReason= tracePath=[0:OPERATION:Merchant=query -> 1:REQUEST:Merchant= -> 2:PROVIDER:postgresql= -> 3:SQL:select=] mutationLineage=[]
SQL: -- TeaQL PLAIN
SELECT id, name, code, external_id AS externalId, task_life_hours AS taskLifeHours, version, platform FROM merchant_data WHERE (version > 0) AND (external_id = 'matched-merchant') LIMIT 1000 OFFSET 0
[TeaQL SQL][query][236us] 1 rows returned outcome=success batchOutcome=not_applicable comment=matched merchant read with relation purpose=matched benchmark read auditReason= tracePath=[0:OPERATION:Merchant=query -> 1:REQUEST:Merchant= -> 2:RELATION:platform=Merchant.platform -> 3:PROVIDER:postgresql= -> 4:SQL:select=] mutationLineage=[]
SQL: -- TeaQL PLAIN
SELECT id, create_time AS createTime, last_update_time AS lastUpdateTime, name, version FROM platform_data WHERE (version > 0) AND (id = 1) LIMIT 1 OFFSET 0
[TeaQL SQL][query][342us] 1 rows returned outcome=success batchOutcome=not_applicable comment=matched merchant read with relation purpose=matched benchmark read auditReason= tracePath=[0:OPERATION:Merchant=query -> 1:REQUEST:Merchant= -> 2:PROVIDER:postgresql= -> 3:SQL:select=] mutationLineage=[]
SQL: -- TeaQL PLAIN
SELECT id, name, code, external_id AS externalId, task_life_hours AS taskLifeHours, version, platform FROM merchant_data WHERE (version > 0) AND (external_id = 'matched-merchant') LIMIT 1000 OFFSET 0
[TeaQL SQL][query][292us] 1 rows returned outcome=success batchOutcome=not_applicable comment=matched merchant read with relation purpose=matched benchmark read auditReason= tracePath=[0:OPERATION:Merchant=query -> 1:REQUEST:Merchant= -> 2:RELATION:platform=Merchant.platform -> 3:PROVIDER:postgresql= -> 4:SQL:select=] mutationLineage=[]
SQL: -- TeaQL PLAIN
SELECT id, create_time AS createTime, last_update_time AS lastUpdateTime, name, version FROM platform_data WHERE (version > 0) AND (id = 1) LIMIT 1 OFFSET 0
[TeaQL SQL][query][241us] 1 rows returned outcome=success batchOutcome=not_applicable comment=matched merchant read with relation purpose=matched benchmark read auditReason= tracePath=[0:OPERATION:Merchant=query -> 1:REQUEST:Merchant= -> 2:PROVIDER:postgresql= -> 3:SQL:select=] mutationLineage=[]
SQL: -- TeaQL PLAIN
SELECT id, name, code, external_id AS externalId, task_life_hours AS taskLifeHours, version, platform FROM merchant_data WHERE (version > 0) AND (external_id = 'matched-merchant') LIMIT 1000 OFFSET 0
[TeaQL SQL][query][195us] 1 rows returned outcome=success batchOutcome=not_applicable comment=matched merchant read with relation purpose=matched benchmark read auditReason= tracePath=[0:OPERATION:Merchant=query -> 1:REQUEST:Merchant= -> 2:RELATION:platform=Merchant.platform -> 3:PROVIDER:postgresql= -> 4:SQL:select=] mutationLineage=[]
SQL: -- TeaQL PLAIN
SELECT id, create_time AS createTime, last_update_time AS lastUpdateTime, name, version FROM platform_data WHERE (version > 0) AND (id = 1) LIMIT 1 OFFSET 0
[TeaQL SQL][query][297us] 1 rows returned outcome=success batchOutcome=not_applicable comment=matched merchant read with relation purpose=matched benchmark read auditReason= tracePath=[0:OPERATION:Merchant=query -> 1:REQUEST:Merchant= -> 2:PROVIDER:postgresql= -> 3:SQL:select=] mutationLineage=[]
SQL: -- TeaQL PLAIN
SELECT id, name, code, external_id AS externalId, task_life_hours AS taskLifeHours, version, platform FROM merchant_data WHERE (version > 0) AND (external_id = 'matched-merchant') LIMIT 1000 OFFSET 0
[TeaQL SQL][query][241us] 1 rows returned outcome=success batchOutcome=not_applicable comment=matched merchant read with relation purpose=matched benchmark read auditReason= tracePath=[0:OPERATION:Merchant=query -> 1:REQUEST:Merchant= -> 2:RELATION:platform=Merchant.platform -> 3:PROVIDER:postgresql= -> 4:SQL:select=] mutationLineage=[]
SQL: -- TeaQL PLAIN
SELECT id, create_time AS createTime, last_update_time AS lastUpdateTime, name, version FROM platform_data WHERE (version > 0) AND (id = 1) LIMIT 1 OFFSET 0
[TeaQL SQL][query][256us] 1 rows returned outcome=success batchOutcome=not_applicable comment=matched merchant read with relation purpose=matched benchmark read auditReason= tracePath=[0:OPERATION:Merchant=query -> 1:REQUEST:Merchant= -> 2:PROVIDER:postgresql= -> 3:SQL:select=] mutationLineage=[]
SQL: -- TeaQL PLAIN
SELECT id, name, code, external_id AS externalId, task_life_hours AS taskLifeHours, version, platform FROM merchant_data WHERE (version > 0) AND (external_id = 'matched-merchant') LIMIT 1000 OFFSET 0
[TeaQL SQL][query][235us] 1 rows returned outcome=success batchOutcome=not_applicable comment=matched merchant read with relation purpose=matched benchmark read auditReason= tracePath=[0:OPERATION:Merchant=query -> 1:REQUEST:Merchant= -> 2:RELATION:platform=Merchant.platform -> 3:PROVIDER:postgresql= -> 4:SQL:select=] mutationLineage=[]
SQL: -- TeaQL PLAIN
SELECT id, create_time AS createTime, last_update_time AS lastUpdateTime, name, version FROM platform_data WHERE (version > 0) AND (id = 1) LIMIT 1 OFFSET 0
[TeaQL SQL][query][466us] 1 rows returned outcome=success batchOutcome=not_applicable comment=matched merchant read with relation purpose=matched benchmark read auditReason= tracePath=[0:OPERATION:Merchant=query -> 1:REQUEST:Merchant= -> 2:PROVIDER:postgresql= -> 3:SQL:select=] mutationLineage=[]
SQL: -- TeaQL PLAIN
SELECT id, name, code, external_id AS externalId, task_life_hours AS taskLifeHours, version, platform FROM merchant_data WHERE (version > 0) AND (external_id = 'matched-merchant') LIMIT 1000 OFFSET 0
[TeaQL SQL][query][368us] 1 rows returned outcome=success batchOutcome=not_applicable comment=matched merchant read with relation purpose=matched benchmark read auditReason= tracePath=[0:OPERATION:Merchant=query -> 1:REQUEST:Merchant= -> 2:RELATION:platform=Merchant.platform -> 3:PROVIDER:postgresql= -> 4:SQL:select=] mutationLineage=[]
SQL: -- TeaQL PLAIN
SELECT id, create_time AS createTime, last_update_time AS lastUpdateTime, name, version FROM platform_data WHERE (version > 0) AND (id = 1) LIMIT 1 OFFSET 0
[TeaQL SQL][query][426us] 1 rows returned outcome=success batchOutcome=not_applicable comment=matched merchant read with relation purpose=matched benchmark read auditReason= tracePath=[0:OPERATION:Merchant=query -> 1:REQUEST:Merchant= -> 2:PROVIDER:postgresql= -> 3:SQL:select=] mutationLineage=[]
SQL: -- TeaQL PLAIN
SELECT id, name, code, external_id AS externalId, task_life_hours AS taskLifeHours, version, platform FROM merchant_data WHERE (version > 0) AND (external_id = 'matched-merchant') LIMIT 1000 OFFSET 0
[TeaQL SQL][query][443us] 1 rows returned outcome=success batchOutcome=not_applicable comment=matched merchant read with relation purpose=matched benchmark read auditReason= tracePath=[0:OPERATION:Merchant=query -> 1:REQUEST:Merchant= -> 2:PROVIDER:postgresql= -> 3:SQL:select=] mutationLineage=[]
SQL: -- TeaQL PLAIN
SELECT id, name, code, external_id AS externalId, task_life_hours AS taskLifeHours, version, platform FROM merchant_data WHERE (version > 0) AND (external_id = 'matched-merchant') LIMIT 1000 OFFSET 0
[TeaQL SQL][query][268us] 1 rows returned outcome=success batchOutcome=not_applicable comment=matched merchant read with relation purpose=matched benchmark read auditReason= tracePath=[0:OPERATION:Merchant=query -> 1:REQUEST:Merchant= -> 2:RELATION:platform=Merchant.platform -> 3:PROVIDER:postgresql= -> 4:SQL:select=] mutationLineage=[]
SQL: -- TeaQL PLAIN
SELECT id, create_time AS createTime, last_update_time AS lastUpdateTime, name, version FROM platform_data WHERE (version > 0) AND (id = 1) LIMIT 1 OFFSET 0
[TeaQL SQL][query][232us] 1 rows returned outcome=success batchOutcome=not_applicable comment=matched merchant read with relation purpose=matched benchmark read auditReason= tracePath=[0:OPERATION:Merchant=query -> 1:REQUEST:Merchant= -> 2:RELATION:platform=Merchant.platform -> 3:PROVIDER:postgresql= -> 4:SQL:select=] mutationLineage=[]
SQL: -- TeaQL PLAIN
SELECT id, create_time AS createTime, last_update_time AS lastUpdateTime, name, version FROM platform_data WHERE (version > 0) AND (id = 1) LIMIT 1 OFFSET 0
[TeaQL SQL][query][266us] 1 rows returned outcome=success batchOutcome=not_applicable comment=matched merchant read with relation purpose=matched benchmark read auditReason= tracePath=[0:OPERATION:Merchant=query -> 1:REQUEST:Merchant= -> 2:PROVIDER:postgresql= -> 3:SQL:select=] mutationLineage=[]
SQL: -- TeaQL PLAIN
SELECT id, name, code, external_id AS externalId, task_life_hours AS taskLifeHours, version, platform FROM merchant_data WHERE (version > 0) AND (external_id = 'matched-merchant') LIMIT 1000 OFFSET 0
[TeaQL SQL][query][216us] 1 rows returned outcome=success batchOutcome=not_applicable comment=matched merchant read with relation purpose=matched benchmark read auditReason= tracePath=[0:OPERATION:Merchant=query -> 1:REQUEST:Merchant= -> 2:RELATION:platform=Merchant.platform -> 3:PROVIDER:postgresql= -> 4:SQL:select=] mutationLineage=[]
SQL: -- TeaQL PLAIN
SELECT id, create_time AS createTime, last_update_time AS lastUpdateTime, name, version FROM platform_data WHERE (version > 0) AND (id = 1) LIMIT 1 OFFSET 0
[TeaQL SQL][query][284us] 1 rows returned outcome=success batchOutcome=not_applicable comment=matched merchant read with relation purpose=matched benchmark read auditReason= tracePath=[0:OPERATION:Merchant=query -> 1:REQUEST:Merchant= -> 2:PROVIDER:postgresql= -> 3:SQL:select=] mutationLineage=[]
SQL: -- TeaQL PLAIN
SELECT id, name, code, external_id AS externalId, task_life_hours AS taskLifeHours, version, platform FROM merchant_data WHERE (version > 0) AND (external_id = 'matched-merchant') LIMIT 1000 OFFSET 0
[TeaQL SQL][query][223us] 1 rows returned outcome=success batchOutcome=not_applicable comment=matched merchant read with relation purpose=matched benchmark read auditReason= tracePath=[0:OPERATION:Merchant=query -> 1:REQUEST:Merchant= -> 2:RELATION:platform=Merchant.platform -> 3:PROVIDER:postgresql= -> 4:SQL:select=] mutationLineage=[]
SQL: -- TeaQL PLAIN
SELECT id, create_time AS createTime, last_update_time AS lastUpdateTime, name, version FROM platform_data WHERE (version > 0) AND (id = 1) LIMIT 1 OFFSET 0
[TeaQL SQL][query][369us] 1 rows returned outcome=success batchOutcome=not_applicable comment=matched merchant read with relation purpose=matched benchmark read auditReason= tracePath=[0:OPERATION:Merchant=query -> 1:REQUEST:Merchant= -> 2:PROVIDER:postgresql= -> 3:SQL:select=] mutationLineage=[]
SQL: -- TeaQL PLAIN
SELECT id, name, code, external_id AS externalId, task_life_hours AS taskLifeHours, version, platform FROM merchant_data WHERE (version > 0) AND (external_id = 'matched-merchant') LIMIT 1000 OFFSET 0
[TeaQL SQL][query][248us] 1 rows returned outcome=success batchOutcome=not_applicable comment=matched merchant read with relation purpose=matched benchmark read auditReason= tracePath=[0:OPERATION:Merchant=query -> 1:REQUEST:Merchant= -> 2:RELATION:platform=Merchant.platform -> 3:PROVIDER:postgresql= -> 4:SQL:select=] mutationLineage=[]
SQL: -- TeaQL PLAIN
SELECT id, create_time AS createTime, last_update_time AS lastUpdateTime, name, version FROM platform_data WHERE (version > 0) AND (id = 1) LIMIT 1 OFFSET 0
[TeaQL SQL][query][363us] 1 rows returned outcome=success batchOutcome=not_applicable comment=matched merchant read with relation purpose=matched benchmark read auditReason= tracePath=[0:OPERATION:Merchant=query -> 1:REQUEST:Merchant= -> 2:PROVIDER:postgresql= -> 3:SQL:select=] mutationLineage=[]
SQL: -- TeaQL PLAIN
SELECT id, name, code, external_id AS externalId, task_life_hours AS taskLifeHours, version, platform FROM merchant_data WHERE (version > 0) AND (external_id = 'matched-merchant') LIMIT 1000 OFFSET 0
[TeaQL SQL][query][271us] 1 rows returned outcome=success batchOutcome=not_applicable comment=matched merchant read with relation purpose=matched benchmark read auditReason= tracePath=[0:OPERATION:Merchant=query -> 1:REQUEST:Merchant= -> 2:RELATION:platform=Merchant.platform -> 3:PROVIDER:postgresql= -> 4:SQL:select=] mutationLineage=[]
SQL: -- TeaQL PLAIN
SELECT id, create_time AS createTime, last_update_time AS lastUpdateTime, name, version FROM platform_data WHERE (version > 0) AND (id = 1) LIMIT 1 OFFSET 0
[TeaQL SQL][query][305us] 1 rows returned outcome=success batchOutcome=not_applicable comment=matched merchant read with relation purpose=matched benchmark read auditReason= tracePath=[0:OPERATION:Merchant=query -> 1:REQUEST:Merchant= -> 2:PROVIDER:postgresql= -> 3:SQL:select=] mutationLineage=[]
SQL: -- TeaQL PLAIN
SELECT id, name, code, external_id AS externalId, task_life_hours AS taskLifeHours, version, platform FROM merchant_data WHERE (version > 0) AND (external_id = 'matched-merchant') LIMIT 1000 OFFSET 0
[TeaQL SQL][query][275us] 1 rows returned outcome=success batchOutcome=not_applicable comment=matched merchant read with relation purpose=matched benchmark read auditReason= tracePath=[0:OPERATION:Merchant=query -> 1:REQUEST:Merchant= -> 2:RELATION:platform=Merchant.platform -> 3:PROVIDER:postgresql= -> 4:SQL:select=] mutationLineage=[]
SQL: -- TeaQL PLAIN
SELECT id, create_time AS createTime, last_update_time AS lastUpdateTime, name, version FROM platform_data WHERE (version > 0) AND (id = 1) LIMIT 1 OFFSET 0
[TeaQL SQL][query][262us] 1 rows returned outcome=success batchOutcome=not_applicable comment=matched merchant read with relation purpose=matched benchmark read auditReason= tracePath=[0:OPERATION:Merchant=query -> 1:REQUEST:Merchant= -> 2:PROVIDER:postgresql= -> 3:SQL:select=] mutationLineage=[]
SQL: -- TeaQL PLAIN
SELECT id, name, code, external_id AS externalId, task_life_hours AS taskLifeHours, version, platform FROM merchant_data WHERE (version > 0) AND (external_id = 'matched-merchant') LIMIT 1000 OFFSET 0
[TeaQL SQL][query][246us] 1 rows returned outcome=success batchOutcome=not_applicable comment=matched merchant read with relation purpose=matched benchmark read auditReason= tracePath=[0:OPERATION:Merchant=query -> 1:REQUEST:Merchant= -> 2:RELATION:platform=Merchant.platform -> 3:PROVIDER:postgresql= -> 4:SQL:select=] mutationLineage=[]
SQL: -- TeaQL PLAIN
SELECT id, create_time AS createTime, last_update_time AS lastUpdateTime, name, version FROM platform_data WHERE (version > 0) AND (id = 1) LIMIT 1 OFFSET 0
[TeaQL SQL][query][252us] 1 rows returned outcome=success batchOutcome=not_applicable comment=matched merchant read with relation purpose=matched benchmark read auditReason= tracePath=[0:OPERATION:Merchant=query -> 1:REQUEST:Merchant= -> 2:PROVIDER:postgresql= -> 3:SQL:select=] mutationLineage=[]
SQL: -- TeaQL PLAIN
SELECT id, name, code, external_id AS externalId, task_life_hours AS taskLifeHours, version, platform FROM merchant_data WHERE (version > 0) AND (external_id = 'matched-merchant') LIMIT 1000 OFFSET 0
[TeaQL SQL][query][198us] 1 rows returned outcome=success batchOutcome=not_applicable comment=matched merchant read with relation purpose=matched benchmark read auditReason= tracePath=[0:OPERATION:Merchant=query -> 1:REQUEST:Merchant= -> 2:RELATION:platform=Merchant.platform -> 3:PROVIDER:postgresql= -> 4:SQL:select=] mutationLineage=[]
SQL: -- TeaQL PLAIN
SELECT id, create_time AS createTime, last_update_time AS lastUpdateTime, name, version FROM platform_data WHERE (version > 0) AND (id = 1) LIMIT 1 OFFSET 0
[TeaQL SQL][query][416us] 1 rows returned outcome=success batchOutcome=not_applicable comment=matched merchant read with relation purpose=matched benchmark read auditReason= tracePath=[0:OPERATION:Merchant=query -> 1:REQUEST:Merchant= -> 2:PROVIDER:postgresql= -> 3:SQL:select=] mutationLineage=[]
SQL: -- TeaQL PLAIN
SELECT id, name, code, external_id AS externalId, task_life_hours AS taskLifeHours, version, platform FROM merchant_data WHERE (version > 0) AND (external_id = 'matched-merchant') LIMIT 1000 OFFSET 0
[TeaQL SQL][query][431us] 1 rows returned outcome=success batchOutcome=not_applicable comment=matched merchant read with relation purpose=matched benchmark read auditReason= tracePath=[0:OPERATION:Merchant=query -> 1:REQUEST:Merchant= -> 2:PROVIDER:postgresql= -> 3:SQL:select=] mutationLineage=[]
SQL: -- TeaQL PLAIN
SELECT id, name, code, external_id AS externalId, task_life_hours AS taskLifeHours, version, platform FROM merchant_data WHERE (version > 0) AND (external_id = 'matched-merchant') LIMIT 1000 OFFSET 0
[TeaQL SQL][query][258us] 1 rows returned outcome=success batchOutcome=not_applicable comment=matched merchant read with relation purpose=matched benchmark read auditReason= tracePath=[0:OPERATION:Merchant=query -> 1:REQUEST:Merchant= -> 2:RELATION:platform=Merchant.platform -> 3:PROVIDER:postgresql= -> 4:SQL:select=] mutationLineage=[]
SQL: -- TeaQL PLAIN
SELECT id, create_time AS createTime, last_update_time AS lastUpdateTime, name, version FROM platform_data WHERE (version > 0) AND (id = 1) LIMIT 1 OFFSET 0
[TeaQL SQL][query][249us] 1 rows returned outcome=success batchOutcome=not_applicable comment=matched merchant read with relation purpose=matched benchmark read auditReason= tracePath=[0:OPERATION:Merchant=query -> 1:REQUEST:Merchant= -> 2:RELATION:platform=Merchant.platform -> 3:PROVIDER:postgresql= -> 4:SQL:select=] mutationLineage=[]
SQL: -- TeaQL PLAIN
SELECT id, create_time AS createTime, last_update_time AS lastUpdateTime, name, version FROM platform_data WHERE (version > 0) AND (id = 1) LIMIT 1 OFFSET 0
[TeaQL SQL][query][361us] 1 rows returned outcome=success batchOutcome=not_applicable comment=matched merchant read with relation purpose=matched benchmark read auditReason= tracePath=[0:OPERATION:Merchant=query -> 1:REQUEST:Merchant= -> 2:PROVIDER:postgresql= -> 3:SQL:select=] mutationLineage=[]
SQL: -- TeaQL PLAIN
SELECT id, name, code, external_id AS externalId, task_life_hours AS taskLifeHours, version, platform FROM merchant_data WHERE (version > 0) AND (external_id = 'matched-merchant') LIMIT 1000 OFFSET 0
[TeaQL SQL][query][341us] 1 rows returned outcome=success batchOutcome=not_applicable comment=matched merchant read with relation purpose=matched benchmark read auditReason= tracePath=[0:OPERATION:Merchant=query -> 1:REQUEST:Merchant= -> 2:PROVIDER:postgresql= -> 3:SQL:select=] mutationLineage=[]
SQL: -- TeaQL PLAIN
SELECT id, name, code, external_id AS externalId, task_life_hours AS taskLifeHours, version, platform FROM merchant_data WHERE (version > 0) AND (external_id = 'matched-merchant') LIMIT 1000 OFFSET 0
[TeaQL SQL][query][276us] 1 rows returned outcome=success batchOutcome=not_applicable comment=matched merchant read with relation purpose=matched benchmark read auditReason= tracePath=[0:OPERATION:Merchant=query -> 1:REQUEST:Merchant= -> 2:RELATION:platform=Merchant.platform -> 3:PROVIDER:postgresql= -> 4:SQL:select=] mutationLineage=[]
SQL: -- TeaQL PLAIN
SELECT id, create_time AS createTime, last_update_time AS lastUpdateTime, name, version FROM platform_data WHERE (version > 0) AND (id = 1) LIMIT 1 OFFSET 0
[TeaQL SQL][query][215us] 1 rows returned outcome=success batchOutcome=not_applicable comment=matched merchant read with relation purpose=matched benchmark read auditReason= tracePath=[0:OPERATION:Merchant=query -> 1:REQUEST:Merchant= -> 2:RELATION:platform=Merchant.platform -> 3:PROVIDER:postgresql= -> 4:SQL:select=] mutationLineage=[]
SQL: -- TeaQL PLAIN
SELECT id, create_time AS createTime, last_update_time AS lastUpdateTime, name, version FROM platform_data WHERE (version > 0) AND (id = 1) LIMIT 1 OFFSET 0
[TeaQL SQL][query][243us] 1 rows returned outcome=success batchOutcome=not_applicable comment=matched merchant read with relation purpose=matched benchmark read auditReason= tracePath=[0:OPERATION:Merchant=query -> 1:REQUEST:Merchant= -> 2:PROVIDER:postgresql= -> 3:SQL:select=] mutationLineage=[]
SQL: -- TeaQL PLAIN
SELECT id, name, code, external_id AS externalId, task_life_hours AS taskLifeHours, version, platform FROM merchant_data WHERE (version > 0) AND (external_id = 'matched-merchant') LIMIT 1000 OFFSET 0
[TeaQL SQL][query][246us] 1 rows returned outcome=success batchOutcome=not_applicable comment=matched merchant read with relation purpose=matched benchmark read auditReason= tracePath=[0:OPERATION:Merchant=query -> 1:REQUEST:Merchant= -> 2:PROVIDER:postgresql= -> 3:SQL:select=] mutationLineage=[]
SQL: -- TeaQL PLAIN
SELECT id, name, code, external_id AS externalId, task_life_hours AS taskLifeHours, version, platform FROM merchant_data WHERE (version > 0) AND (external_id = 'matched-merchant') LIMIT 1000 OFFSET 0
[TeaQL SQL][query][236us] 1 rows returned outcome=success batchOutcome=not_applicable comment=matched merchant read with relation purpose=matched benchmark read auditReason= tracePath=[0:OPERATION:Merchant=query -> 1:REQUEST:Merchant= -> 2:PROVIDER:postgresql= -> 3:SQL:select=] mutationLineage=[]
SQL: -- TeaQL PLAIN
SELECT id, name, code, external_id AS externalId, task_life_hours AS taskLifeHours, version, platform FROM merchant_data WHERE (version > 0) AND (external_id = 'matched-merchant') LIMIT 1000 OFFSET 0
[TeaQL SQL][query][200us] 1 rows returned outcome=success batchOutcome=not_applicable comment=matched merchant read with relation purpose=matched benchmark read auditReason= tracePath=[0:OPERATION:Merchant=query -> 1:REQUEST:Merchant= -> 2:RELATION:platform=Merchant.platform -> 3:PROVIDER:postgresql= -> 4:SQL:select=] mutationLineage=[]
SQL: -- TeaQL PLAIN
SELECT id, create_time AS createTime, last_update_time AS lastUpdateTime, name, version FROM platform_data WHERE (version > 0) AND (id = 1) LIMIT 1 OFFSET 0
[TeaQL SQL][query][182us] 1 rows returned outcome=success batchOutcome=not_applicable comment=matched merchant read with relation purpose=matched benchmark read auditReason= tracePath=[0:OPERATION:Merchant=query -> 1:REQUEST:Merchant= -> 2:RELATION:platform=Merchant.platform -> 3:PROVIDER:postgresql= -> 4:SQL:select=] mutationLineage=[]
SQL: -- TeaQL PLAIN
SELECT id, create_time AS createTime, last_update_time AS lastUpdateTime, name, version FROM platform_data WHERE (version > 0) AND (id = 1) LIMIT 1 OFFSET 0
[TeaQL SQL][query][157us] 1 rows returned outcome=success batchOutcome=not_applicable comment=matched merchant read with relation purpose=matched benchmark read auditReason= tracePath=[0:OPERATION:Merchant=query -> 1:REQUEST:Merchant= -> 2:PROVIDER:postgresql= -> 3:SQL:select=] mutationLineage=[]
SQL: -- TeaQL PLAIN
SELECT id, name, code, external_id AS externalId, task_life_hours AS taskLifeHours, version, platform FROM merchant_data WHERE (version > 0) AND (external_id = 'matched-merchant') LIMIT 1000 OFFSET 0
[TeaQL SQL][query][206us] 1 rows returned outcome=success batchOutcome=not_applicable comment=matched merchant read with relation purpose=matched benchmark read auditReason= tracePath=[0:OPERATION:Merchant=query -> 1:REQUEST:Merchant= -> 2:RELATION:platform=Merchant.platform -> 3:PROVIDER:postgresql= -> 4:SQL:select=] mutationLineage=[]
SQL: -- TeaQL PLAIN
SELECT id, create_time AS createTime, last_update_time AS lastUpdateTime, name, version FROM platform_data WHERE (version > 0) AND (id = 1) LIMIT 1 OFFSET 0
[TeaQL SQL][query][214us] 1 rows returned outcome=success batchOutcome=not_applicable comment=matched merchant read with relation purpose=matched benchmark read auditReason= tracePath=[0:OPERATION:Merchant=query -> 1:REQUEST:Merchant= -> 2:RELATION:platform=Merchant.platform -> 3:PROVIDER:postgresql= -> 4:SQL:select=] mutationLineage=[]
SQL: -- TeaQL PLAIN
SELECT id, create_time AS createTime, last_update_time AS lastUpdateTime, name, version FROM platform_data WHERE (version > 0) AND (id = 1) LIMIT 1 OFFSET 0
[TeaQL SQL][query][386us] 1 rows returned outcome=success batchOutcome=not_applicable comment=matched merchant read with relation purpose=matched benchmark read auditReason= tracePath=[0:OPERATION:Merchant=query -> 1:REQUEST:Merchant= -> 2:PROVIDER:postgresql= -> 3:SQL:select=] mutationLineage=[]
SQL: -- TeaQL PLAIN
SELECT id, name, code, external_id AS externalId, task_life_hours AS taskLifeHours, version, platform FROM merchant_data WHERE (version > 0) AND (external_id = 'matched-merchant') LIMIT 1000 OFFSET 0
[TeaQL SQL][query][194us] 1 rows returned outcome=success batchOutcome=not_applicable comment=matched merchant read with relation purpose=matched benchmark read auditReason= tracePath=[0:OPERATION:Merchant=query -> 1:REQUEST:Merchant= -> 2:PROVIDER:postgresql= -> 3:SQL:select=] mutationLineage=[]
SQL: -- TeaQL PLAIN
SELECT id, name, code, external_id AS externalId, task_life_hours AS taskLifeHours, version, platform FROM merchant_data WHERE (version > 0) AND (external_id = 'matched-merchant') LIMIT 1000 OFFSET 0
[TeaQL SQL][query][264us] 1 rows returned outcome=success batchOutcome=not_applicable comment=matched merchant read with relation purpose=matched benchmark read auditReason= tracePath=[0:OPERATION:Merchant=query -> 1:REQUEST:Merchant= -> 2:PROVIDER:postgresql= -> 3:SQL:select=] mutationLineage=[]
SQL: -- TeaQL PLAIN
SELECT id, name, code, external_id AS externalId, task_life_hours AS taskLifeHours, version, platform FROM merchant_data WHERE (version > 0) AND (external_id = 'matched-merchant') LIMIT 1000 OFFSET 0
[TeaQL SQL][query][281us] 1 rows returned outcome=success batchOutcome=not_applicable comment=matched merchant read with relation purpose=matched benchmark read auditReason= tracePath=[0:OPERATION:Merchant=query -> 1:REQUEST:Merchant= -> 2:PROVIDER:postgresql= -> 3:SQL:select=] mutationLineage=[]
SQL: -- TeaQL PLAIN
SELECT id, name, code, external_id AS externalId, task_life_hours AS taskLifeHours, version, platform FROM merchant_data WHERE (version > 0) AND (external_id = 'matched-merchant') LIMIT 1000 OFFSET 0
[TeaQL SQL][query][248us] 1 rows returned outcome=success batchOutcome=not_applicable comment=matched merchant read with relation purpose=matched benchmark read auditReason= tracePath=[0:OPERATION:Merchant=query -> 1:REQUEST:Merchant= -> 2:RELATION:platform=Merchant.platform -> 3:PROVIDER:postgresql= -> 4:SQL:select=] mutationLineage=[]
SQL: -- TeaQL PLAIN
SELECT id, create_time AS createTime, last_update_time AS lastUpdateTime, name, version FROM platform_data WHERE (version > 0) AND (id = 1) LIMIT 1 OFFSET 0
[TeaQL SQL][query][209us] 1 rows returned outcome=success batchOutcome=not_applicable comment=matched merchant read with relation purpose=matched benchmark read auditReason= tracePath=[0:OPERATION:Merchant=query -> 1:REQUEST:Merchant= -> 2:RELATION:platform=Merchant.platform -> 3:PROVIDER:postgresql= -> 4:SQL:select=] mutationLineage=[]
SQL: -- TeaQL PLAIN
SELECT id, create_time AS createTime, last_update_time AS lastUpdateTime, name, version FROM platform_data WHERE (version > 0) AND (id = 1) LIMIT 1 OFFSET 0
[TeaQL SQL][query][197us] 1 rows returned outcome=success batchOutcome=not_applicable comment=matched merchant read with relation purpose=matched benchmark read auditReason= tracePath=[0:OPERATION:Merchant=query -> 1:REQUEST:Merchant= -> 2:RELATION:platform=Merchant.platform -> 3:PROVIDER:postgresql= -> 4:SQL:select=] mutationLineage=[]
SQL: -- TeaQL PLAIN
SELECT id, create_time AS createTime, last_update_time AS lastUpdateTime, name, version FROM platform_data WHERE (version > 0) AND (id = 1) LIMIT 1 OFFSET 0
[TeaQL SQL][query][1860us] 1 rows returned outcome=success batchOutcome=not_applicable comment=matched merchant read with relation purpose=matched benchmark read auditReason= tracePath=[0:OPERATION:Merchant=query -> 1:REQUEST:Merchant= -> 2:RELATION:platform=Merchant.platform -> 3:PROVIDER:postgresql= -> 4:SQL:select=] mutationLineage=[]
SQL: -- TeaQL PLAIN
SELECT id, create_time AS createTime, last_update_time AS lastUpdateTime, name, version FROM platform_data WHERE (version > 0) AND (id = 1) LIMIT 1 OFFSET 0
[TeaQL SQL][query][736us] 1 rows returned outcome=success batchOutcome=not_applicable comment=matched update lookup purpose=matched benchmark write auditReason= tracePath=[0:OPERATION:Merchant=query -> 1:REQUEST:Merchant= -> 2:PROVIDER:postgresql= -> 3:SQL:select=] mutationLineage=[]
SQL: -- TeaQL PLAIN
SELECT id, name, code, external_id AS externalId, task_life_hours AS taskLifeHours, platform, version FROM merchant_data WHERE (version > 0) AND (external_id = 'matched-merchant') LIMIT 1000 OFFSET 0
[TeaQL SQL][mutation][686us] 1 rows affected outcome=success batchOutcome=not_applicable comment= purpose= auditReason=matched benchmark update tracePath=[0:OPERATION:Merchant=mutation -> 1:ENTITY:Merchant= -> 2:PROVIDER:postgresql= -> 3:SQL:update=] mutationLineage=[0:AUDIT_REASON:Merchant#1=matched benchmark update]
SQL: -- TeaQL PLAIN
UPDATE merchant_data SET task_life_hours = 49 , version = 768 WHERE id = 1 AND version = 767
[TeaQL SQL][query][433us] 1 rows returned outcome=success batchOutcome=not_applicable comment=matched benchmark update purpose=runtime: read authoritative persisted mutation result auditReason=matched benchmark update tracePath=[0:OPERATION:Merchant=query -> 1:REQUEST:Merchant= -> 2:PROVIDER:postgresql= -> 3:SQL:select=] mutationLineage=[0:AUDIT_REASON:Merchant#1=matched benchmark update]
SQL: -- TeaQL PLAIN
SELECT * FROM merchant_data WHERE id = 1
[TeaQL SQL][query][400us] 1 rows returned outcome=success batchOutcome=not_applicable comment=matched merchant read with relation purpose=matched benchmark read auditReason= tracePath=[0:OPERATION:Merchant=query -> 1:REQUEST:Merchant= -> 2:PROVIDER:postgresql= -> 3:SQL:select=] mutationLineage=[]
SQL: -- TeaQL PLAIN
SELECT id, name, code, external_id AS externalId, task_life_hours AS taskLifeHours, version, platform FROM merchant_data WHERE (version > 0) AND (external_id = 'matched-merchant') LIMIT 1000 OFFSET 0
[TeaQL SQL][query][381us] 1 rows returned outcome=success batchOutcome=not_applicable comment=matched merchant read with relation purpose=matched benchmark read auditReason= tracePath=[0:OPERATION:Merchant=query -> 1:REQUEST:Merchant= -> 2:RELATION:platform=Merchant.platform -> 3:PROVIDER:postgresql= -> 4:SQL:select=] mutationLineage=[]
SQL: -- TeaQL PLAIN
SELECT id, create_time AS createTime, last_update_time AS lastUpdateTime, name, version FROM platform_data WHERE (version > 0) AND (id = 1) LIMIT 1 OFFSET 0
[TeaQL SQL][query][415us] 1 rows returned outcome=success batchOutcome=not_applicable comment=matched update lookup purpose=matched benchmark write auditReason= tracePath=[0:OPERATION:Merchant=query -> 1:REQUEST:Merchant= -> 2:PROVIDER:postgresql= -> 3:SQL:select=] mutationLineage=[]
SQL: -- TeaQL PLAIN
SELECT id, name, code, external_id AS externalId, task_life_hours AS taskLifeHours, platform, version FROM merchant_data WHERE (version > 0) AND (external_id = 'matched-merchant') LIMIT 1000 OFFSET 0
[TeaQL SQL][mutation][301us] 1 rows affected outcome=success batchOutcome=not_applicable comment= purpose= auditReason=matched benchmark update tracePath=[0:OPERATION:Merchant=mutation -> 1:ENTITY:Merchant= -> 2:PROVIDER:postgresql= -> 3:SQL:update=] mutationLineage=[0:AUDIT_REASON:Merchant#1=matched benchmark update]
SQL: -- TeaQL PLAIN
UPDATE merchant_data SET task_life_hours = 48 , version = 769 WHERE id = 1 AND version = 768
[TeaQL SQL][query][280us] 1 rows returned outcome=success batchOutcome=not_applicable comment=matched benchmark update purpose=runtime: read authoritative persisted mutation result auditReason=matched benchmark update tracePath=[0:OPERATION:Merchant=query -> 1:REQUEST:Merchant= -> 2:PROVIDER:postgresql= -> 3:SQL:select=] mutationLineage=[0:AUDIT_REASON:Merchant#1=matched benchmark update]
SQL: -- TeaQL PLAIN
SELECT * FROM merchant_data WHERE id = 1
[TeaQL SQL][query][490us] 1 rows returned outcome=success batchOutcome=not_applicable comment=matched merchant read with relation purpose=matched benchmark read auditReason= tracePath=[0:OPERATION:Merchant=query -> 1:REQUEST:Merchant= -> 2:PROVIDER:postgresql= -> 3:SQL:select=] mutationLineage=[]
SQL: -- TeaQL PLAIN
SELECT id, name, code, external_id AS externalId, task_life_hours AS taskLifeHours, version, platform FROM merchant_data WHERE (version > 0) AND (external_id = 'matched-merchant') LIMIT 1000 OFFSET 0
[TeaQL SQL][query][239us] 1 rows returned outcome=success batchOutcome=not_applicable comment=matched merchant read with relation purpose=matched benchmark read auditReason= tracePath=[0:OPERATION:Merchant=query -> 1:REQUEST:Merchant= -> 2:RELATION:platform=Merchant.platform -> 3:PROVIDER:postgresql= -> 4:SQL:select=] mutationLineage=[]
SQL: -- TeaQL PLAIN
SELECT id, create_time AS createTime, last_update_time AS lastUpdateTime, name, version FROM platform_data WHERE (version > 0) AND (id = 1) LIMIT 1 OFFSET 0
[TeaQL SQL][query][812us] 1 rows returned outcome=success batchOutcome=not_applicable comment=matched update lookup purpose=matched benchmark write auditReason= tracePath=[0:OPERATION:Merchant=query -> 1:REQUEST:Merchant= -> 2:PROVIDER:postgresql= -> 3:SQL:select=] mutationLineage=[]
SQL: -- TeaQL PLAIN
SELECT id, name, code, external_id AS externalId, task_life_hours AS taskLifeHours, platform, version FROM merchant_data WHERE (version > 0) AND (external_id = 'matched-merchant') LIMIT 1000 OFFSET 0
[TeaQL SQL][mutation][669us] 1 rows affected outcome=success batchOutcome=not_applicable comment= purpose= auditReason=matched benchmark update tracePath=[0:OPERATION:Merchant=mutation -> 1:ENTITY:Merchant= -> 2:PROVIDER:postgresql= -> 3:SQL:update=] mutationLineage=[0:AUDIT_REASON:Merchant#1=matched benchmark update]
SQL: -- TeaQL PLAIN
UPDATE merchant_data SET task_life_hours = 49 , version = 770 WHERE id = 1 AND version = 769
[TeaQL SQL][query][455us] 1 rows returned outcome=success batchOutcome=not_applicable comment=matched benchmark update purpose=runtime: read authoritative persisted mutation result auditReason=matched benchmark update tracePath=[0:OPERATION:Merchant=query -> 1:REQUEST:Merchant= -> 2:PROVIDER:postgresql= -> 3:SQL:select=] mutationLineage=[0:AUDIT_REASON:Merchant#1=matched benchmark update]
SQL: -- TeaQL PLAIN
SELECT * FROM merchant_data WHERE id = 1
[TeaQL SQL][query][429us] 1 rows returned outcome=success batchOutcome=not_applicable comment=matched merchant read with relation purpose=matched benchmark read auditReason= tracePath=[0:OPERATION:Merchant=query -> 1:REQUEST:Merchant= -> 2:PROVIDER:postgresql= -> 3:SQL:select=] mutationLineage=[]
SQL: -- TeaQL PLAIN
SELECT id, name, code, external_id AS externalId, task_life_hours AS taskLifeHours, version, platform FROM merchant_data WHERE (version > 0) AND (external_id = 'matched-merchant') LIMIT 1000 OFFSET 0
[TeaQL SQL][query][374us] 1 rows returned outcome=success batchOutcome=not_applicable comment=matched merchant read with relation purpose=matched benchmark read auditReason= tracePath=[0:OPERATION:Merchant=query -> 1:REQUEST:Merchant= -> 2:RELATION:platform=Merchant.platform -> 3:PROVIDER:postgresql= -> 4:SQL:select=] mutationLineage=[]
SQL: -- TeaQL PLAIN
SELECT id, create_time AS createTime, last_update_time AS lastUpdateTime, name, version FROM platform_data WHERE (version > 0) AND (id = 1) LIMIT 1 OFFSET 0
[TeaQL SQL][query][1225us] 1 rows returned outcome=success batchOutcome=not_applicable comment=matched update lookup purpose=matched benchmark write auditReason= tracePath=[0:OPERATION:Merchant=query -> 1:REQUEST:Merchant= -> 2:PROVIDER:postgresql= -> 3:SQL:select=] mutationLineage=[]
SQL: -- TeaQL PLAIN
SELECT id, name, code, external_id AS externalId, task_life_hours AS taskLifeHours, platform, version FROM merchant_data WHERE (version > 0) AND (external_id = 'matched-merchant') LIMIT 1000 OFFSET 0
[TeaQL SQL][mutation][586us] 1 rows affected outcome=success batchOutcome=not_applicable comment= purpose= auditReason=matched benchmark update tracePath=[0:OPERATION:Merchant=mutation -> 1:ENTITY:Merchant= -> 2:PROVIDER:postgresql= -> 3:SQL:update=] mutationLineage=[0:AUDIT_REASON:Merchant#1=matched benchmark update]
SQL: -- TeaQL PLAIN
UPDATE merchant_data SET task_life_hours = 48 , version = 771 WHERE id = 1 AND version = 770
[TeaQL SQL][query][426us] 1 rows returned outcome=success batchOutcome=not_applicable comment=matched benchmark update purpose=runtime: read authoritative persisted mutation result auditReason=matched benchmark update tracePath=[0:OPERATION:Merchant=query -> 1:REQUEST:Merchant= -> 2:PROVIDER:postgresql= -> 3:SQL:select=] mutationLineage=[0:AUDIT_REASON:Merchant#1=matched benchmark update]
SQL: -- TeaQL PLAIN
SELECT * FROM merchant_data WHERE id = 1
[TeaQL SQL][query][853us] 1 rows returned outcome=success batchOutcome=not_applicable comment=matched merchant read with relation purpose=matched benchmark read auditReason= tracePath=[0:OPERATION:Merchant=query -> 1:REQUEST:Merchant= -> 2:PROVIDER:postgresql= -> 3:SQL:select=] mutationLineage=[]
SQL: -- TeaQL PLAIN
SELECT id, name, code, external_id AS externalId, task_life_hours AS taskLifeHours, version, platform FROM merchant_data WHERE (version > 0) AND (external_id = 'matched-merchant') LIMIT 1000 OFFSET 0
[TeaQL SQL][query][577us] 1 rows returned outcome=success batchOutcome=not_applicable comment=matched merchant read with relation purpose=matched benchmark read auditReason= tracePath=[0:OPERATION:Merchant=query -> 1:REQUEST:Merchant= -> 2:RELATION:platform=Merchant.platform -> 3:PROVIDER:postgresql= -> 4:SQL:select=] mutationLineage=[]
SQL: -- TeaQL PLAIN
SELECT id, create_time AS createTime, last_update_time AS lastUpdateTime, name, version FROM platform_data WHERE (version > 0) AND (id = 1) LIMIT 1 OFFSET 0
[TeaQL SQL][query][599us] 1 rows returned outcome=success batchOutcome=not_applicable comment=matched update lookup purpose=matched benchmark write auditReason= tracePath=[0:OPERATION:Merchant=query -> 1:REQUEST:Merchant= -> 2:PROVIDER:postgresql= -> 3:SQL:select=] mutationLineage=[]
SQL: -- TeaQL PLAIN
SELECT id, name, code, external_id AS externalId, task_life_hours AS taskLifeHours, platform, version FROM merchant_data WHERE (version > 0) AND (external_id = 'matched-merchant') LIMIT 1000 OFFSET 0
[TeaQL SQL][mutation][416us] 1 rows affected outcome=success batchOutcome=not_applicable comment= purpose= auditReason=matched benchmark update tracePath=[0:OPERATION:Merchant=mutation -> 1:ENTITY:Merchant= -> 2:PROVIDER:postgresql= -> 3:SQL:update=] mutationLineage=[0:AUDIT_REASON:Merchant#1=matched benchmark update]
SQL: -- TeaQL PLAIN
UPDATE merchant_data SET task_life_hours = 49 , version = 772 WHERE id = 1 AND version = 771
[TeaQL SQL][query][395us] 1 rows returned outcome=success batchOutcome=not_applicable comment=matched benchmark update purpose=runtime: read authoritative persisted mutation result auditReason=matched benchmark update tracePath=[0:OPERATION:Merchant=query -> 1:REQUEST:Merchant= -> 2:PROVIDER:postgresql= -> 3:SQL:select=] mutationLineage=[0:AUDIT_REASON:Merchant#1=matched benchmark update]
SQL: -- TeaQL PLAIN
SELECT * FROM merchant_data WHERE id = 1
[TeaQL SQL][query][390us] 1 rows returned outcome=success batchOutcome=not_applicable comment=matched merchant read with relation purpose=matched benchmark read auditReason= tracePath=[0:OPERATION:Merchant=query -> 1:REQUEST:Merchant= -> 2:PROVIDER:postgresql= -> 3:SQL:select=] mutationLineage=[]
SQL: -- TeaQL PLAIN
SELECT id, name, code, external_id AS externalId, task_life_hours AS taskLifeHours, version, platform FROM merchant_data WHERE (version > 0) AND (external_id = 'matched-merchant') LIMIT 1000 OFFSET 0
[TeaQL SQL][query][343us] 1 rows returned outcome=success batchOutcome=not_applicable comment=matched merchant read with relation purpose=matched benchmark read auditReason= tracePath=[0:OPERATION:Merchant=query -> 1:REQUEST:Merchant= -> 2:RELATION:platform=Merchant.platform -> 3:PROVIDER:postgresql= -> 4:SQL:select=] mutationLineage=[]
SQL: -- TeaQL PLAIN
SELECT id, create_time AS createTime, last_update_time AS lastUpdateTime, name, version FROM platform_data WHERE (version > 0) AND (id = 1) LIMIT 1 OFFSET 0
[TeaQL SQL][query][404us] 1 rows returned outcome=success batchOutcome=not_applicable comment=matched update lookup purpose=matched benchmark write auditReason= tracePath=[0:OPERATION:Merchant=query -> 1:REQUEST:Merchant= -> 2:PROVIDER:postgresql= -> 3:SQL:select=] mutationLineage=[]
SQL: -- TeaQL PLAIN
SELECT id, name, code, external_id AS externalId, task_life_hours AS taskLifeHours, platform, version FROM merchant_data WHERE (version > 0) AND (external_id = 'matched-merchant') LIMIT 1000 OFFSET 0
[TeaQL SQL][mutation][330us] 1 rows affected outcome=success batchOutcome=not_applicable comment= purpose= auditReason=matched benchmark update tracePath=[0:OPERATION:Merchant=mutation -> 1:ENTITY:Merchant= -> 2:PROVIDER:postgresql= -> 3:SQL:update=] mutationLineage=[0:AUDIT_REASON:Merchant#1=matched benchmark update]
SQL: -- TeaQL PLAIN
UPDATE merchant_data SET task_life_hours = 48 , version = 773 WHERE id = 1 AND version = 772
[TeaQL SQL][query][291us] 1 rows returned outcome=success batchOutcome=not_applicable comment=matched benchmark update purpose=runtime: read authoritative persisted mutation result auditReason=matched benchmark update tracePath=[0:OPERATION:Merchant=query -> 1:REQUEST:Merchant= -> 2:PROVIDER:postgresql= -> 3:SQL:select=] mutationLineage=[0:AUDIT_REASON:Merchant#1=matched benchmark update]
SQL: -- TeaQL PLAIN
SELECT * FROM merchant_data WHERE id = 1
[TeaQL SQL][query][355us] 1 rows returned outcome=success batchOutcome=not_applicable comment=matched merchant read with relation purpose=matched benchmark read auditReason= tracePath=[0:OPERATION:Merchant=query -> 1:REQUEST:Merchant= -> 2:PROVIDER:postgresql= -> 3:SQL:select=] mutationLineage=[]
SQL: -- TeaQL PLAIN
SELECT id, name, code, external_id AS externalId, task_life_hours AS taskLifeHours, version, platform FROM merchant_data WHERE (version > 0) AND (external_id = 'matched-merchant') LIMIT 1000 OFFSET 0
[TeaQL SQL][query][315us] 1 rows returned outcome=success batchOutcome=not_applicable comment=matched merchant read with relation purpose=matched benchmark read auditReason= tracePath=[0:OPERATION:Merchant=query -> 1:REQUEST:Merchant= -> 2:RELATION:platform=Merchant.platform -> 3:PROVIDER:postgresql= -> 4:SQL:select=] mutationLineage=[]
SQL: -- TeaQL PLAIN
SELECT id, create_time AS createTime, last_update_time AS lastUpdateTime, name, version FROM platform_data WHERE (version > 0) AND (id = 1) LIMIT 1 OFFSET 0
[TeaQL SQL][query][586us] 1 rows returned outcome=success batchOutcome=not_applicable comment=matched update lookup purpose=matched benchmark write auditReason= tracePath=[0:OPERATION:Merchant=query -> 1:REQUEST:Merchant= -> 2:PROVIDER:postgresql= -> 3:SQL:select=] mutationLineage=[]
SQL: -- TeaQL PLAIN
SELECT id, name, code, external_id AS externalId, task_life_hours AS taskLifeHours, platform, version FROM merchant_data WHERE (version > 0) AND (external_id = 'matched-merchant') LIMIT 1000 OFFSET 0
[TeaQL SQL][mutation][412us] 1 rows affected outcome=success batchOutcome=not_applicable comment= purpose= auditReason=matched benchmark update tracePath=[0:OPERATION:Merchant=mutation -> 1:ENTITY:Merchant= -> 2:PROVIDER:postgresql= -> 3:SQL:update=] mutationLineage=[0:AUDIT_REASON:Merchant#1=matched benchmark update]
SQL: -- TeaQL PLAIN
UPDATE merchant_data SET task_life_hours = 49 , version = 774 WHERE id = 1 AND version = 773
[TeaQL SQL][query][392us] 1 rows returned outcome=success batchOutcome=not_applicable comment=matched benchmark update purpose=runtime: read authoritative persisted mutation result auditReason=matched benchmark update tracePath=[0:OPERATION:Merchant=query -> 1:REQUEST:Merchant= -> 2:PROVIDER:postgresql= -> 3:SQL:select=] mutationLineage=[0:AUDIT_REASON:Merchant#1=matched benchmark update]
SQL: -- TeaQL PLAIN
SELECT * FROM merchant_data WHERE id = 1
[TeaQL SQL][query][311us] 1 rows returned outcome=success batchOutcome=not_applicable comment=matched merchant read with relation purpose=matched benchmark read auditReason= tracePath=[0:OPERATION:Merchant=query -> 1:REQUEST:Merchant= -> 2:PROVIDER:postgresql= -> 3:SQL:select=] mutationLineage=[]
SQL: -- TeaQL PLAIN
SELECT id, name, code, external_id AS externalId, task_life_hours AS taskLifeHours, version, platform FROM merchant_data WHERE (version > 0) AND (external_id = 'matched-merchant') LIMIT 1000 OFFSET 0
[TeaQL SQL][query][272us] 1 rows returned outcome=success batchOutcome=not_applicable comment=matched merchant read with relation purpose=matched benchmark read auditReason= tracePath=[0:OPERATION:Merchant=query -> 1:REQUEST:Merchant= -> 2:RELATION:platform=Merchant.platform -> 3:PROVIDER:postgresql= -> 4:SQL:select=] mutationLineage=[]
SQL: -- TeaQL PLAIN
SELECT id, create_time AS createTime, last_update_time AS lastUpdateTime, name, version FROM platform_data WHERE (version > 0) AND (id = 1) LIMIT 1 OFFSET 0
[TeaQL SQL][query][639us] 1 rows returned outcome=success batchOutcome=not_applicable comment=matched update lookup purpose=matched benchmark write auditReason= tracePath=[0:OPERATION:Merchant=query -> 1:REQUEST:Merchant= -> 2:PROVIDER:postgresql= -> 3:SQL:select=] mutationLineage=[]
SQL: -- TeaQL PLAIN
SELECT id, name, code, external_id AS externalId, task_life_hours AS taskLifeHours, platform, version FROM merchant_data WHERE (version > 0) AND (external_id = 'matched-merchant') LIMIT 1000 OFFSET 0
[TeaQL SQL][mutation][450us] 1 rows affected outcome=success batchOutcome=not_applicable comment= purpose= auditReason=matched benchmark update tracePath=[0:OPERATION:Merchant=mutation -> 1:ENTITY:Merchant= -> 2:PROVIDER:postgresql= -> 3:SQL:update=] mutationLineage=[0:AUDIT_REASON:Merchant#1=matched benchmark update]
SQL: -- TeaQL PLAIN
UPDATE merchant_data SET task_life_hours = 48 , version = 775 WHERE id = 1 AND version = 774
[TeaQL SQL][query][361us] 1 rows returned outcome=success batchOutcome=not_applicable comment=matched benchmark update purpose=runtime: read authoritative persisted mutation result auditReason=matched benchmark update tracePath=[0:OPERATION:Merchant=query -> 1:REQUEST:Merchant= -> 2:PROVIDER:postgresql= -> 3:SQL:select=] mutationLineage=[0:AUDIT_REASON:Merchant#1=matched benchmark update]
SQL: -- TeaQL PLAIN
SELECT * FROM merchant_data WHERE id = 1
[TeaQL SQL][query][627us] 1 rows returned outcome=success batchOutcome=not_applicable comment=matched merchant read with relation purpose=matched benchmark read auditReason= tracePath=[0:OPERATION:Merchant=query -> 1:REQUEST:Merchant= -> 2:PROVIDER:postgresql= -> 3:SQL:select=] mutationLineage=[]
SQL: -- TeaQL PLAIN
SELECT id, name, code, external_id AS externalId, task_life_hours AS taskLifeHours, version, platform FROM merchant_data WHERE (version > 0) AND (external_id = 'matched-merchant') LIMIT 1000 OFFSET 0
[TeaQL SQL][query][451us] 1 rows returned outcome=success batchOutcome=not_applicable comment=matched merchant read with relation purpose=matched benchmark read auditReason= tracePath=[0:OPERATION:Merchant=query -> 1:REQUEST:Merchant= -> 2:RELATION:platform=Merchant.platform -> 3:PROVIDER:postgresql= -> 4:SQL:select=] mutationLineage=[]
SQL: -- TeaQL PLAIN
SELECT id, create_time AS createTime, last_update_time AS lastUpdateTime, name, version FROM platform_data WHERE (version > 0) AND (id = 1) LIMIT 1 OFFSET 0
[TeaQL SQL][query][545us] 1 rows returned outcome=success batchOutcome=not_applicable comment=matched update lookup purpose=matched benchmark write auditReason= tracePath=[0:OPERATION:Merchant=query -> 1:REQUEST:Merchant= -> 2:PROVIDER:postgresql= -> 3:SQL:select=] mutationLineage=[]
SQL: -- TeaQL PLAIN
SELECT id, name, code, external_id AS externalId, task_life_hours AS taskLifeHours, platform, version FROM merchant_data WHERE (version > 0) AND (external_id = 'matched-merchant') LIMIT 1000 OFFSET 0
[TeaQL SQL][mutation][485us] 1 rows affected outcome=success batchOutcome=not_applicable comment= purpose= auditReason=matched benchmark update tracePath=[0:OPERATION:Merchant=mutation -> 1:ENTITY:Merchant= -> 2:PROVIDER:postgresql= -> 3:SQL:update=] mutationLineage=[0:AUDIT_REASON:Merchant#1=matched benchmark update]
SQL: -- TeaQL PLAIN
UPDATE merchant_data SET task_life_hours = 49 , version = 776 WHERE id = 1 AND version = 775
[TeaQL SQL][query][412us] 1 rows returned outcome=success batchOutcome=not_applicable comment=matched benchmark update purpose=runtime: read authoritative persisted mutation result auditReason=matched benchmark update tracePath=[0:OPERATION:Merchant=query -> 1:REQUEST:Merchant= -> 2:PROVIDER:postgresql= -> 3:SQL:select=] mutationLineage=[0:AUDIT_REASON:Merchant#1=matched benchmark update]
SQL: -- TeaQL PLAIN
SELECT * FROM merchant_data WHERE id = 1
[TeaQL SQL][query][353us] 1 rows returned outcome=success batchOutcome=not_applicable comment=matched merchant read with relation purpose=matched benchmark read auditReason= tracePath=[0:OPERATION:Merchant=query -> 1:REQUEST:Merchant= -> 2:PROVIDER:postgresql= -> 3:SQL:select=] mutationLineage=[]
SQL: -- TeaQL PLAIN
SELECT id, name, code, external_id AS externalId, task_life_hours AS taskLifeHours, version, platform FROM merchant_data WHERE (version > 0) AND (external_id = 'matched-merchant') LIMIT 1000 OFFSET 0
[TeaQL SQL][query][364us] 1 rows returned outcome=success batchOutcome=not_applicable comment=matched merchant read with relation purpose=matched benchmark read auditReason= tracePath=[0:OPERATION:Merchant=query -> 1:REQUEST:Merchant= -> 2:RELATION:platform=Merchant.platform -> 3:PROVIDER:postgresql= -> 4:SQL:select=] mutationLineage=[]
SQL: -- TeaQL PLAIN
SELECT id, create_time AS createTime, last_update_time AS lastUpdateTime, name, version FROM platform_data WHERE (version > 0) AND (id = 1) LIMIT 1 OFFSET 0
[TeaQL SQL][query][363us] 1 rows returned outcome=success batchOutcome=not_applicable comment=matched update lookup purpose=matched benchmark write auditReason= tracePath=[0:OPERATION:Merchant=query -> 1:REQUEST:Merchant= -> 2:PROVIDER:postgresql= -> 3:SQL:select=] mutationLineage=[]
SQL: -- TeaQL PLAIN
SELECT id, name, code, external_id AS externalId, task_life_hours AS taskLifeHours, platform, version FROM merchant_data WHERE (version > 0) AND (external_id = 'matched-merchant') LIMIT 1000 OFFSET 0
[TeaQL SQL][mutation][273us] 1 rows affected outcome=success batchOutcome=not_applicable comment= purpose= auditReason=matched benchmark update tracePath=[0:OPERATION:Merchant=mutation -> 1:ENTITY:Merchant= -> 2:PROVIDER:postgresql= -> 3:SQL:update=] mutationLineage=[0:AUDIT_REASON:Merchant#1=matched benchmark update]
SQL: -- TeaQL PLAIN
UPDATE merchant_data SET task_life_hours = 48 , version = 777 WHERE id = 1 AND version = 776
[TeaQL SQL][query][179us] 1 rows returned outcome=success batchOutcome=not_applicable comment=matched benchmark update purpose=runtime: read authoritative persisted mutation result auditReason=matched benchmark update tracePath=[0:OPERATION:Merchant=query -> 1:REQUEST:Merchant= -> 2:PROVIDER:postgresql= -> 3:SQL:select=] mutationLineage=[0:AUDIT_REASON:Merchant#1=matched benchmark update]
SQL: -- TeaQL PLAIN
SELECT * FROM merchant_data WHERE id = 1
[TeaQL SQL][query][261us] 1 rows returned outcome=success batchOutcome=not_applicable comment=matched merchant read with relation purpose=matched benchmark read auditReason= tracePath=[0:OPERATION:Merchant=query -> 1:REQUEST:Merchant= -> 2:PROVIDER:postgresql= -> 3:SQL:select=] mutationLineage=[]
SQL: -- TeaQL PLAIN
SELECT id, name, code, external_id AS externalId, task_life_hours AS taskLifeHours, version, platform FROM merchant_data WHERE (version > 0) AND (external_id = 'matched-merchant') LIMIT 1000 OFFSET 0
[TeaQL SQL][query][215us] 1 rows returned outcome=success batchOutcome=not_applicable comment=matched merchant read with relation purpose=matched benchmark read auditReason= tracePath=[0:OPERATION:Merchant=query -> 1:REQUEST:Merchant= -> 2:RELATION:platform=Merchant.platform -> 3:PROVIDER:postgresql= -> 4:SQL:select=] mutationLineage=[]
SQL: -- TeaQL PLAIN
SELECT id, create_time AS createTime, last_update_time AS lastUpdateTime, name, version FROM platform_data WHERE (version > 0) AND (id = 1) LIMIT 1 OFFSET 0
[TeaQL SQL][query][549us] 1 rows returned outcome=success batchOutcome=not_applicable comment=matched update lookup purpose=matched benchmark write auditReason= tracePath=[0:OPERATION:Merchant=query -> 1:REQUEST:Merchant= -> 2:PROVIDER:postgresql= -> 3:SQL:select=] mutationLineage=[]
SQL: -- TeaQL PLAIN
SELECT id, name, code, external_id AS externalId, task_life_hours AS taskLifeHours, platform, version FROM merchant_data WHERE (version > 0) AND (external_id = 'matched-merchant') LIMIT 1000 OFFSET 0
[TeaQL SQL][mutation][387us] 1 rows affected outcome=success batchOutcome=not_applicable comment= purpose= auditReason=matched benchmark update tracePath=[0:OPERATION:Merchant=mutation -> 1:ENTITY:Merchant= -> 2:PROVIDER:postgresql= -> 3:SQL:update=] mutationLineage=[0:AUDIT_REASON:Merchant#1=matched benchmark update]
SQL: -- TeaQL PLAIN
UPDATE merchant_data SET task_life_hours = 49 , version = 778 WHERE id = 1 AND version = 777
[TeaQL SQL][query][420us] 1 rows returned outcome=success batchOutcome=not_applicable comment=matched benchmark update purpose=runtime: read authoritative persisted mutation result auditReason=matched benchmark update tracePath=[0:OPERATION:Merchant=query -> 1:REQUEST:Merchant= -> 2:PROVIDER:postgresql= -> 3:SQL:select=] mutationLineage=[0:AUDIT_REASON:Merchant#1=matched benchmark update]
SQL: -- TeaQL PLAIN
SELECT * FROM merchant_data WHERE id = 1
[TeaQL SQL][query][201us] 1 rows returned outcome=success batchOutcome=not_applicable comment=matched merchant read with relation purpose=matched benchmark read auditReason= tracePath=[0:OPERATION:Merchant=query -> 1:REQUEST:Merchant= -> 2:PROVIDER:postgresql= -> 3:SQL:select=] mutationLineage=[]
SQL: -- TeaQL PLAIN
SELECT id, name, code, external_id AS externalId, task_life_hours AS taskLifeHours, version, platform FROM merchant_data WHERE (version > 0) AND (external_id = 'matched-merchant') LIMIT 1000 OFFSET 0
[TeaQL SQL][query][182us] 1 rows returned outcome=success batchOutcome=not_applicable comment=matched merchant read with relation purpose=matched benchmark read auditReason= tracePath=[0:OPERATION:Merchant=query -> 1:REQUEST:Merchant= -> 2:RELATION:platform=Merchant.platform -> 3:PROVIDER:postgresql= -> 4:SQL:select=] mutationLineage=[]
SQL: -- TeaQL PLAIN
SELECT id, create_time AS createTime, last_update_time AS lastUpdateTime, name, version FROM platform_data WHERE (version > 0) AND (id = 1) LIMIT 1 OFFSET 0
[TeaQL SQL][query][560us] 1 rows returned outcome=success batchOutcome=not_applicable comment=matched update lookup purpose=matched benchmark write auditReason= tracePath=[0:OPERATION:Merchant=query -> 1:REQUEST:Merchant= -> 2:PROVIDER:postgresql= -> 3:SQL:select=] mutationLineage=[]
SQL: -- TeaQL PLAIN
SELECT id, name, code, external_id AS externalId, task_life_hours AS taskLifeHours, platform, version FROM merchant_data WHERE (version > 0) AND (external_id = 'matched-merchant') LIMIT 1000 OFFSET 0
[TeaQL SQL][mutation][414us] 1 rows affected outcome=success batchOutcome=not_applicable comment= purpose= auditReason=matched benchmark update tracePath=[0:OPERATION:Merchant=mutation -> 1:ENTITY:Merchant= -> 2:PROVIDER:postgresql= -> 3:SQL:update=] mutationLineage=[0:AUDIT_REASON:Merchant#1=matched benchmark update]
SQL: -- TeaQL PLAIN
UPDATE merchant_data SET task_life_hours = 48 , version = 779 WHERE id = 1 AND version = 778
[TeaQL SQL][query][328us] 1 rows returned outcome=success batchOutcome=not_applicable comment=matched benchmark update purpose=runtime: read authoritative persisted mutation result auditReason=matched benchmark update tracePath=[0:OPERATION:Merchant=query -> 1:REQUEST:Merchant= -> 2:PROVIDER:postgresql= -> 3:SQL:select=] mutationLineage=[0:AUDIT_REASON:Merchant#1=matched benchmark update]
SQL: -- TeaQL PLAIN
SELECT * FROM merchant_data WHERE id = 1
[TeaQL SQL][query][460us] 1 rows returned outcome=success batchOutcome=not_applicable comment=matched merchant read with relation purpose=matched benchmark read auditReason= tracePath=[0:OPERATION:Merchant=query -> 1:REQUEST:Merchant= -> 2:PROVIDER:postgresql= -> 3:SQL:select=] mutationLineage=[]
SQL: -- TeaQL PLAIN
SELECT id, name, code, external_id AS externalId, task_life_hours AS taskLifeHours, version, platform FROM merchant_data WHERE (version > 0) AND (external_id = 'matched-merchant') LIMIT 1000 OFFSET 0
[TeaQL SQL][query][441us] 1 rows returned outcome=success batchOutcome=not_applicable comment=matched merchant read with relation purpose=matched benchmark read auditReason= tracePath=[0:OPERATION:Merchant=query -> 1:REQUEST:Merchant= -> 2:RELATION:platform=Merchant.platform -> 3:PROVIDER:postgresql= -> 4:SQL:select=] mutationLineage=[]
SQL: -- TeaQL PLAIN
SELECT id, create_time AS createTime, last_update_time AS lastUpdateTime, name, version FROM platform_data WHERE (version > 0) AND (id = 1) LIMIT 1 OFFSET 0
[TeaQL SQL][query][562us] 1 rows returned outcome=success batchOutcome=not_applicable comment=matched update lookup purpose=matched benchmark write auditReason= tracePath=[0:OPERATION:Merchant=query -> 1:REQUEST:Merchant= -> 2:PROVIDER:postgresql= -> 3:SQL:select=] mutationLineage=[]
SQL: -- TeaQL PLAIN
SELECT id, name, code, external_id AS externalId, task_life_hours AS taskLifeHours, platform, version FROM merchant_data WHERE (version > 0) AND (external_id = 'matched-merchant') LIMIT 1000 OFFSET 0
[TeaQL SQL][mutation][382us] 1 rows affected outcome=success batchOutcome=not_applicable comment= purpose= auditReason=matched benchmark update tracePath=[0:OPERATION:Merchant=mutation -> 1:ENTITY:Merchant= -> 2:PROVIDER:postgresql= -> 3:SQL:update=] mutationLineage=[0:AUDIT_REASON:Merchant#1=matched benchmark update]
SQL: -- TeaQL PLAIN
UPDATE merchant_data SET task_life_hours = 49 , version = 780 WHERE id = 1 AND version = 779
[TeaQL SQL][query][355us] 1 rows returned outcome=success batchOutcome=not_applicable comment=matched benchmark update purpose=runtime: read authoritative persisted mutation result auditReason=matched benchmark update tracePath=[0:OPERATION:Merchant=query -> 1:REQUEST:Merchant= -> 2:PROVIDER:postgresql= -> 3:SQL:select=] mutationLineage=[0:AUDIT_REASON:Merchant#1=matched benchmark update]
SQL: -- TeaQL PLAIN
SELECT * FROM merchant_data WHERE id = 1
[TeaQL SQL][query][301us] 1 rows returned outcome=success batchOutcome=not_applicable comment=matched merchant read with relation purpose=matched benchmark read auditReason= tracePath=[0:OPERATION:Merchant=query -> 1:REQUEST:Merchant= -> 2:PROVIDER:postgresql= -> 3:SQL:select=] mutationLineage=[]
SQL: -- TeaQL PLAIN
SELECT id, name, code, external_id AS externalId, task_life_hours AS taskLifeHours, version, platform FROM merchant_data WHERE (version > 0) AND (external_id = 'matched-merchant') LIMIT 1000 OFFSET 0
[TeaQL SQL][query][295us] 1 rows returned outcome=success batchOutcome=not_applicable comment=matched merchant read with relation purpose=matched benchmark read auditReason= tracePath=[0:OPERATION:Merchant=query -> 1:REQUEST:Merchant= -> 2:RELATION:platform=Merchant.platform -> 3:PROVIDER:postgresql= -> 4:SQL:select=] mutationLineage=[]
SQL: -- TeaQL PLAIN
SELECT id, create_time AS createTime, last_update_time AS lastUpdateTime, name, version FROM platform_data WHERE (version > 0) AND (id = 1) LIMIT 1 OFFSET 0
[TeaQL SQL][query][349us] 1 rows returned outcome=success batchOutcome=not_applicable comment=matched update lookup purpose=matched benchmark write auditReason= tracePath=[0:OPERATION:Merchant=query -> 1:REQUEST:Merchant= -> 2:PROVIDER:postgresql= -> 3:SQL:select=] mutationLineage=[]
SQL: -- TeaQL PLAIN
SELECT id, name, code, external_id AS externalId, task_life_hours AS taskLifeHours, platform, version FROM merchant_data WHERE (version > 0) AND (external_id = 'matched-merchant') LIMIT 1000 OFFSET 0
[TeaQL SQL][mutation][252us] 1 rows affected outcome=success batchOutcome=not_applicable comment= purpose= auditReason=matched benchmark update tracePath=[0:OPERATION:Merchant=mutation -> 1:ENTITY:Merchant= -> 2:PROVIDER:postgresql= -> 3:SQL:update=] mutationLineage=[0:AUDIT_REASON:Merchant#1=matched benchmark update]
SQL: -- TeaQL PLAIN
UPDATE merchant_data SET task_life_hours = 48 , version = 781 WHERE id = 1 AND version = 780
[TeaQL SQL][query][172us] 1 rows returned outcome=success batchOutcome=not_applicable comment=matched benchmark update purpose=runtime: read authoritative persisted mutation result auditReason=matched benchmark update tracePath=[0:OPERATION:Merchant=query -> 1:REQUEST:Merchant= -> 2:PROVIDER:postgresql= -> 3:SQL:select=] mutationLineage=[0:AUDIT_REASON:Merchant#1=matched benchmark update]
SQL: -- TeaQL PLAIN
SELECT * FROM merchant_data WHERE id = 1
[TeaQL SQL][query][258us] 1 rows returned outcome=success batchOutcome=not_applicable comment=matched merchant read with relation purpose=matched benchmark read auditReason= tracePath=[0:OPERATION:Merchant=query -> 1:REQUEST:Merchant= -> 2:PROVIDER:postgresql= -> 3:SQL:select=] mutationLineage=[]
SQL: -- TeaQL PLAIN
SELECT id, name, code, external_id AS externalId, task_life_hours AS taskLifeHours, version, platform FROM merchant_data WHERE (version > 0) AND (external_id = 'matched-merchant') LIMIT 1000 OFFSET 0
[TeaQL SQL][query][214us] 1 rows returned outcome=success batchOutcome=not_applicable comment=matched merchant read with relation purpose=matched benchmark read auditReason= tracePath=[0:OPERATION:Merchant=query -> 1:REQUEST:Merchant= -> 2:RELATION:platform=Merchant.platform -> 3:PROVIDER:postgresql= -> 4:SQL:select=] mutationLineage=[]
SQL: -- TeaQL PLAIN
SELECT id, create_time AS createTime, last_update_time AS lastUpdateTime, name, version FROM platform_data WHERE (version > 0) AND (id = 1) LIMIT 1 OFFSET 0
[TeaQL SQL][query][532us] 1 rows returned outcome=success batchOutcome=not_applicable comment=matched update lookup purpose=matched benchmark write auditReason= tracePath=[0:OPERATION:Merchant=query -> 1:REQUEST:Merchant= -> 2:PROVIDER:postgresql= -> 3:SQL:select=] mutationLineage=[]
SQL: -- TeaQL PLAIN
SELECT id, name, code, external_id AS externalId, task_life_hours AS taskLifeHours, platform, version FROM merchant_data WHERE (version > 0) AND (external_id = 'matched-merchant') LIMIT 1000 OFFSET 0
[TeaQL SQL][mutation][374us] 1 rows affected outcome=success batchOutcome=not_applicable comment= purpose= auditReason=matched benchmark update tracePath=[0:OPERATION:Merchant=mutation -> 1:ENTITY:Merchant= -> 2:PROVIDER:postgresql= -> 3:SQL:update=] mutationLineage=[0:AUDIT_REASON:Merchant#1=matched benchmark update]
SQL: -- TeaQL PLAIN
UPDATE merchant_data SET task_life_hours = 49 , version = 782 WHERE id = 1 AND version = 781
[TeaQL SQL][query][325us] 1 rows returned outcome=success batchOutcome=not_applicable comment=matched benchmark update purpose=runtime: read authoritative persisted mutation result auditReason=matched benchmark update tracePath=[0:OPERATION:Merchant=query -> 1:REQUEST:Merchant= -> 2:PROVIDER:postgresql= -> 3:SQL:select=] mutationLineage=[0:AUDIT_REASON:Merchant#1=matched benchmark update]
SQL: -- TeaQL PLAIN
SELECT * FROM merchant_data WHERE id = 1
[TeaQL SQL][query][419us] 1 rows returned outcome=success batchOutcome=not_applicable comment=matched merchant read with relation purpose=matched benchmark read auditReason= tracePath=[0:OPERATION:Merchant=query -> 1:REQUEST:Merchant= -> 2:PROVIDER:postgresql= -> 3:SQL:select=] mutationLineage=[]
SQL: -- TeaQL PLAIN
SELECT id, name, code, external_id AS externalId, task_life_hours AS taskLifeHours, version, platform FROM merchant_data WHERE (version > 0) AND (external_id = 'matched-merchant') LIMIT 1000 OFFSET 0
[TeaQL SQL][query][307us] 1 rows returned outcome=success batchOutcome=not_applicable comment=matched merchant read with relation purpose=matched benchmark read auditReason= tracePath=[0:OPERATION:Merchant=query -> 1:REQUEST:Merchant= -> 2:RELATION:platform=Merchant.platform -> 3:PROVIDER:postgresql= -> 4:SQL:select=] mutationLineage=[]
SQL: -- TeaQL PLAIN
SELECT id, create_time AS createTime, last_update_time AS lastUpdateTime, name, version FROM platform_data WHERE (version > 0) AND (id = 1) LIMIT 1 OFFSET 0
[TeaQL SQL][query][608us] 1 rows returned outcome=success batchOutcome=not_applicable comment=matched update lookup purpose=matched benchmark write auditReason= tracePath=[0:OPERATION:Merchant=query -> 1:REQUEST:Merchant= -> 2:PROVIDER:postgresql= -> 3:SQL:select=] mutationLineage=[]
SQL: -- TeaQL PLAIN
SELECT id, name, code, external_id AS externalId, task_life_hours AS taskLifeHours, platform, version FROM merchant_data WHERE (version > 0) AND (external_id = 'matched-merchant') LIMIT 1000 OFFSET 0
[TeaQL SQL][mutation][518us] 1 rows affected outcome=success batchOutcome=not_applicable comment= purpose= auditReason=matched benchmark update tracePath=[0:OPERATION:Merchant=mutation -> 1:ENTITY:Merchant= -> 2:PROVIDER:postgresql= -> 3:SQL:update=] mutationLineage=[0:AUDIT_REASON:Merchant#1=matched benchmark update]
SQL: -- TeaQL PLAIN
UPDATE merchant_data SET task_life_hours = 48 , version = 783 WHERE id = 1 AND version = 782
[TeaQL SQL][query][417us] 1 rows returned outcome=success batchOutcome=not_applicable comment=matched benchmark update purpose=runtime: read authoritative persisted mutation result auditReason=matched benchmark update tracePath=[0:OPERATION:Merchant=query -> 1:REQUEST:Merchant= -> 2:PROVIDER:postgresql= -> 3:SQL:select=] mutationLineage=[0:AUDIT_REASON:Merchant#1=matched benchmark update]
SQL: -- TeaQL PLAIN
SELECT * FROM merchant_data WHERE id = 1
[TeaQL SQL][query][616us] 1 rows returned outcome=success batchOutcome=not_applicable comment=matched merchant read with relation purpose=matched benchmark read auditReason= tracePath=[0:OPERATION:Merchant=query -> 1:REQUEST:Merchant= -> 2:PROVIDER:postgresql= -> 3:SQL:select=] mutationLineage=[]
SQL: -- TeaQL PLAIN
SELECT id, name, code, external_id AS externalId, task_life_hours AS taskLifeHours, version, platform FROM merchant_data WHERE (version > 0) AND (external_id = 'matched-merchant') LIMIT 1000 OFFSET 0
[TeaQL SQL][query][505us] 1 rows returned outcome=success batchOutcome=not_applicable comment=matched merchant read with relation purpose=matched benchmark read auditReason= tracePath=[0:OPERATION:Merchant=query -> 1:REQUEST:Merchant= -> 2:RELATION:platform=Merchant.platform -> 3:PROVIDER:postgresql= -> 4:SQL:select=] mutationLineage=[]
SQL: -- TeaQL PLAIN
SELECT id, create_time AS createTime, last_update_time AS lastUpdateTime, name, version FROM platform_data WHERE (version > 0) AND (id = 1) LIMIT 1 OFFSET 0
[TeaQL SQL][query][642us] 1 rows returned outcome=success batchOutcome=not_applicable comment=matched update lookup purpose=matched benchmark write auditReason= tracePath=[0:OPERATION:Merchant=query -> 1:REQUEST:Merchant= -> 2:PROVIDER:postgresql= -> 3:SQL:select=] mutationLineage=[]
SQL: -- TeaQL PLAIN
SELECT id, name, code, external_id AS externalId, task_life_hours AS taskLifeHours, platform, version FROM merchant_data WHERE (version > 0) AND (external_id = 'matched-merchant') LIMIT 1000 OFFSET 0
[TeaQL SQL][mutation][500us] 1 rows affected outcome=success batchOutcome=not_applicable comment= purpose= auditReason=matched benchmark update tracePath=[0:OPERATION:Merchant=mutation -> 1:ENTITY:Merchant= -> 2:PROVIDER:postgresql= -> 3:SQL:update=] mutationLineage=[0:AUDIT_REASON:Merchant#1=matched benchmark update]
SQL: -- TeaQL PLAIN
UPDATE merchant_data SET task_life_hours = 49 , version = 784 WHERE id = 1 AND version = 783
[TeaQL SQL][query][441us] 1 rows returned outcome=success batchOutcome=not_applicable comment=matched benchmark update purpose=runtime: read authoritative persisted mutation result auditReason=matched benchmark update tracePath=[0:OPERATION:Merchant=query -> 1:REQUEST:Merchant= -> 2:PROVIDER:postgresql= -> 3:SQL:select=] mutationLineage=[0:AUDIT_REASON:Merchant#1=matched benchmark update]
SQL: -- TeaQL PLAIN
SELECT * FROM merchant_data WHERE id = 1
[TeaQL SQL][query][411us] 1 rows returned outcome=success batchOutcome=not_applicable comment=matched merchant read with relation purpose=matched benchmark read auditReason= tracePath=[0:OPERATION:Merchant=query -> 1:REQUEST:Merchant= -> 2:PROVIDER:postgresql= -> 3:SQL:select=] mutationLineage=[]
SQL: -- TeaQL PLAIN
SELECT id, name, code, external_id AS externalId, task_life_hours AS taskLifeHours, version, platform FROM merchant_data WHERE (version > 0) AND (external_id = 'matched-merchant') LIMIT 1000 OFFSET 0
[TeaQL SQL][query][383us] 1 rows returned outcome=success batchOutcome=not_applicable comment=matched merchant read with relation purpose=matched benchmark read auditReason= tracePath=[0:OPERATION:Merchant=query -> 1:REQUEST:Merchant= -> 2:RELATION:platform=Merchant.platform -> 3:PROVIDER:postgresql= -> 4:SQL:select=] mutationLineage=[]
SQL: -- TeaQL PLAIN
SELECT id, create_time AS createTime, last_update_time AS lastUpdateTime, name, version FROM platform_data WHERE (version > 0) AND (id = 1) LIMIT 1 OFFSET 0
[TeaQL SQL][query][320us] 1 rows returned outcome=success batchOutcome=not_applicable comment=matched update lookup purpose=matched benchmark write auditReason= tracePath=[0:OPERATION:Merchant=query -> 1:REQUEST:Merchant= -> 2:PROVIDER:postgresql= -> 3:SQL:select=] mutationLineage=[]
SQL: -- TeaQL PLAIN
SELECT id, name, code, external_id AS externalId, task_life_hours AS taskLifeHours, platform, version FROM merchant_data WHERE (version > 0) AND (external_id = 'matched-merchant') LIMIT 1000 OFFSET 0
[TeaQL SQL][mutation][251us] 1 rows affected outcome=success batchOutcome=not_applicable comment= purpose= auditReason=matched benchmark update tracePath=[0:OPERATION:Merchant=mutation -> 1:ENTITY:Merchant= -> 2:PROVIDER:postgresql= -> 3:SQL:update=] mutationLineage=[0:AUDIT_REASON:Merchant#1=matched benchmark update]
SQL: -- TeaQL PLAIN
UPDATE merchant_data SET task_life_hours = 48 , version = 785 WHERE id = 1 AND version = 784
[TeaQL SQL][query][183us] 1 rows returned outcome=success batchOutcome=not_applicable comment=matched benchmark update purpose=runtime: read authoritative persisted mutation result auditReason=matched benchmark update tracePath=[0:OPERATION:Merchant=query -> 1:REQUEST:Merchant= -> 2:PROVIDER:postgresql= -> 3:SQL:select=] mutationLineage=[0:AUDIT_REASON:Merchant#1=matched benchmark update]
SQL: -- TeaQL PLAIN
SELECT * FROM merchant_data WHERE id = 1
[TeaQL SQL][query][290us] 1 rows returned outcome=success batchOutcome=not_applicable comment=matched merchant read with relation purpose=matched benchmark read auditReason= tracePath=[0:OPERATION:Merchant=query -> 1:REQUEST:Merchant= -> 2:PROVIDER:postgresql= -> 3:SQL:select=] mutationLineage=[]
SQL: -- TeaQL PLAIN
SELECT id, name, code, external_id AS externalId, task_life_hours AS taskLifeHours, version, platform FROM merchant_data WHERE (version > 0) AND (external_id = 'matched-merchant') LIMIT 1000 OFFSET 0
[TeaQL SQL][query][205us] 1 rows returned outcome=success batchOutcome=not_applicable comment=matched merchant read with relation purpose=matched benchmark read auditReason= tracePath=[0:OPERATION:Merchant=query -> 1:REQUEST:Merchant= -> 2:RELATION:platform=Merchant.platform -> 3:PROVIDER:postgresql= -> 4:SQL:select=] mutationLineage=[]
SQL: -- TeaQL PLAIN
SELECT id, create_time AS createTime, last_update_time AS lastUpdateTime, name, version FROM platform_data WHERE (version > 0) AND (id = 1) LIMIT 1 OFFSET 0
[TeaQL SQL][query][535us] 1 rows returned outcome=success batchOutcome=not_applicable comment=matched update lookup purpose=matched benchmark write auditReason= tracePath=[0:OPERATION:Merchant=query -> 1:REQUEST:Merchant= -> 2:PROVIDER:postgresql= -> 3:SQL:select=] mutationLineage=[]
SQL: -- TeaQL PLAIN
SELECT id, name, code, external_id AS externalId, task_life_hours AS taskLifeHours, platform, version FROM merchant_data WHERE (version > 0) AND (external_id = 'matched-merchant') LIMIT 1000 OFFSET 0
[TeaQL SQL][mutation][332us] 1 rows affected outcome=success batchOutcome=not_applicable comment= purpose= auditReason=matched benchmark update tracePath=[0:OPERATION:Merchant=mutation -> 1:ENTITY:Merchant= -> 2:PROVIDER:postgresql= -> 3:SQL:update=] mutationLineage=[0:AUDIT_REASON:Merchant#1=matched benchmark update]
SQL: -- TeaQL PLAIN
UPDATE merchant_data SET task_life_hours = 49 , version = 786 WHERE id = 1 AND version = 785
[TeaQL SQL][query][254us] 1 rows returned outcome=success batchOutcome=not_applicable comment=matched benchmark update purpose=runtime: read authoritative persisted mutation result auditReason=matched benchmark update tracePath=[0:OPERATION:Merchant=query -> 1:REQUEST:Merchant= -> 2:PROVIDER:postgresql= -> 3:SQL:select=] mutationLineage=[0:AUDIT_REASON:Merchant#1=matched benchmark update]
SQL: -- TeaQL PLAIN
SELECT * FROM merchant_data WHERE id = 1
[TeaQL SQL][query][263us] 1 rows returned outcome=success batchOutcome=not_applicable comment=matched merchant read with relation purpose=matched benchmark read auditReason= tracePath=[0:OPERATION:Merchant=query -> 1:REQUEST:Merchant= -> 2:PROVIDER:postgresql= -> 3:SQL:select=] mutationLineage=[]
SQL: -- TeaQL PLAIN
SELECT id, name, code, external_id AS externalId, task_life_hours AS taskLifeHours, version, platform FROM merchant_data WHERE (version > 0) AND (external_id = 'matched-merchant') LIMIT 1000 OFFSET 0
[TeaQL SQL][query][248us] 1 rows returned outcome=success batchOutcome=not_applicable comment=matched merchant read with relation purpose=matched benchmark read auditReason= tracePath=[0:OPERATION:Merchant=query -> 1:REQUEST:Merchant= -> 2:RELATION:platform=Merchant.platform -> 3:PROVIDER:postgresql= -> 4:SQL:select=] mutationLineage=[]
SQL: -- TeaQL PLAIN
SELECT id, create_time AS createTime, last_update_time AS lastUpdateTime, name, version FROM platform_data WHERE (version > 0) AND (id = 1) LIMIT 1 OFFSET 0
[TeaQL SQL][query][653us] 1 rows returned outcome=success batchOutcome=not_applicable comment=matched update lookup purpose=matched benchmark write auditReason= tracePath=[0:OPERATION:Merchant=query -> 1:REQUEST:Merchant= -> 2:PROVIDER:postgresql= -> 3:SQL:select=] mutationLineage=[]
SQL: -- TeaQL PLAIN
SELECT id, name, code, external_id AS externalId, task_life_hours AS taskLifeHours, platform, version FROM merchant_data WHERE (version > 0) AND (external_id = 'matched-merchant') LIMIT 1000 OFFSET 0
[TeaQL SQL][mutation][536us] 1 rows affected outcome=success batchOutcome=not_applicable comment= purpose= auditReason=matched benchmark update tracePath=[0:OPERATION:Merchant=mutation -> 1:ENTITY:Merchant= -> 2:PROVIDER:postgresql= -> 3:SQL:update=] mutationLineage=[0:AUDIT_REASON:Merchant#1=matched benchmark update]
SQL: -- TeaQL PLAIN
UPDATE merchant_data SET task_life_hours = 48 , version = 787 WHERE id = 1 AND version = 786
[TeaQL SQL][query][401us] 1 rows returned outcome=success batchOutcome=not_applicable comment=matched benchmark update purpose=runtime: read authoritative persisted mutation result auditReason=matched benchmark update tracePath=[0:OPERATION:Merchant=query -> 1:REQUEST:Merchant= -> 2:PROVIDER:postgresql= -> 3:SQL:select=] mutationLineage=[0:AUDIT_REASON:Merchant#1=matched benchmark update]
SQL: -- TeaQL PLAIN
SELECT * FROM merchant_data WHERE id = 1
[TeaQL SQL][query][523us] 1 rows returned outcome=success batchOutcome=not_applicable comment=matched merchant read with relation purpose=matched benchmark read auditReason= tracePath=[0:OPERATION:Merchant=query -> 1:REQUEST:Merchant= -> 2:PROVIDER:postgresql= -> 3:SQL:select=] mutationLineage=[]
SQL: -- TeaQL PLAIN
SELECT id, name, code, external_id AS externalId, task_life_hours AS taskLifeHours, version, platform FROM merchant_data WHERE (version > 0) AND (external_id = 'matched-merchant') LIMIT 1000 OFFSET 0
[TeaQL SQL][query][351us] 1 rows returned outcome=success batchOutcome=not_applicable comment=matched merchant read with relation purpose=matched benchmark read auditReason= tracePath=[0:OPERATION:Merchant=query -> 1:REQUEST:Merchant= -> 2:RELATION:platform=Merchant.platform -> 3:PROVIDER:postgresql= -> 4:SQL:select=] mutationLineage=[]
SQL: -- TeaQL PLAIN
SELECT id, create_time AS createTime, last_update_time AS lastUpdateTime, name, version FROM platform_data WHERE (version > 0) AND (id = 1) LIMIT 1 OFFSET 0
[TeaQL SQL][query][507us] 1 rows returned outcome=success batchOutcome=not_applicable comment=matched update lookup purpose=matched benchmark write auditReason= tracePath=[0:OPERATION:Merchant=query -> 1:REQUEST:Merchant= -> 2:PROVIDER:postgresql= -> 3:SQL:select=] mutationLineage=[]
SQL: -- TeaQL PLAIN
SELECT id, name, code, external_id AS externalId, task_life_hours AS taskLifeHours, platform, version FROM merchant_data WHERE (version > 0) AND (external_id = 'matched-merchant') LIMIT 1000 OFFSET 0
[TeaQL SQL][mutation][393us] 1 rows affected outcome=success batchOutcome=not_applicable comment= purpose= auditReason=matched benchmark update tracePath=[0:OPERATION:Merchant=mutation -> 1:ENTITY:Merchant= -> 2:PROVIDER:postgresql= -> 3:SQL:update=] mutationLineage=[0:AUDIT_REASON:Merchant#1=matched benchmark update]
SQL: -- TeaQL PLAIN
UPDATE merchant_data SET task_life_hours = 49 , version = 788 WHERE id = 1 AND version = 787
[TeaQL SQL][query][261us] 1 rows returned outcome=success batchOutcome=not_applicable comment=matched benchmark update purpose=runtime: read authoritative persisted mutation result auditReason=matched benchmark update tracePath=[0:OPERATION:Merchant=query -> 1:REQUEST:Merchant= -> 2:PROVIDER:postgresql= -> 3:SQL:select=] mutationLineage=[0:AUDIT_REASON:Merchant#1=matched benchmark update]
SQL: -- TeaQL PLAIN
SELECT * FROM merchant_data WHERE id = 1
[TeaQL SQL][query][366us] 1 rows returned outcome=success batchOutcome=not_applicable comment=matched merchant read with relation purpose=matched benchmark read auditReason= tracePath=[0:OPERATION:Merchant=query -> 1:REQUEST:Merchant= -> 2:PROVIDER:postgresql= -> 3:SQL:select=] mutationLineage=[]
SQL: -- TeaQL PLAIN
SELECT id, name, code, external_id AS externalId, task_life_hours AS taskLifeHours, version, platform FROM merchant_data WHERE (version > 0) AND (external_id = 'matched-merchant') LIMIT 1000 OFFSET 0
[TeaQL SQL][query][331us] 1 rows returned outcome=success batchOutcome=not_applicable comment=matched merchant read with relation purpose=matched benchmark read auditReason= tracePath=[0:OPERATION:Merchant=query -> 1:REQUEST:Merchant= -> 2:RELATION:platform=Merchant.platform -> 3:PROVIDER:postgresql= -> 4:SQL:select=] mutationLineage=[]
SQL: -- TeaQL PLAIN
SELECT id, create_time AS createTime, last_update_time AS lastUpdateTime, name, version FROM platform_data WHERE (version > 0) AND (id = 1) LIMIT 1 OFFSET 0
[TeaQL SQL][query][372us] 1 rows returned outcome=success batchOutcome=not_applicable comment=matched update lookup purpose=matched benchmark write auditReason= tracePath=[0:OPERATION:Merchant=query -> 1:REQUEST:Merchant= -> 2:PROVIDER:postgresql= -> 3:SQL:select=] mutationLineage=[]
SQL: -- TeaQL PLAIN
SELECT id, name, code, external_id AS externalId, task_life_hours AS taskLifeHours, platform, version FROM merchant_data WHERE (version > 0) AND (external_id = 'matched-merchant') LIMIT 1000 OFFSET 0
[TeaQL SQL][mutation][308us] 1 rows affected outcome=success batchOutcome=not_applicable comment= purpose= auditReason=matched benchmark update tracePath=[0:OPERATION:Merchant=mutation -> 1:ENTITY:Merchant= -> 2:PROVIDER:postgresql= -> 3:SQL:update=] mutationLineage=[0:AUDIT_REASON:Merchant#1=matched benchmark update]
SQL: -- TeaQL PLAIN
UPDATE merchant_data SET task_life_hours = 48 , version = 789 WHERE id = 1 AND version = 788
[TeaQL SQL][query][173us] 1 rows returned outcome=success batchOutcome=not_applicable comment=matched benchmark update purpose=runtime: read authoritative persisted mutation result auditReason=matched benchmark update tracePath=[0:OPERATION:Merchant=query -> 1:REQUEST:Merchant= -> 2:PROVIDER:postgresql= -> 3:SQL:select=] mutationLineage=[0:AUDIT_REASON:Merchant#1=matched benchmark update]
SQL: -- TeaQL PLAIN
SELECT * FROM merchant_data WHERE id = 1
[TeaQL SQL][query][300us] 1 rows returned outcome=success batchOutcome=not_applicable comment=matched merchant read with relation purpose=matched benchmark read auditReason= tracePath=[0:OPERATION:Merchant=query -> 1:REQUEST:Merchant= -> 2:PROVIDER:postgresql= -> 3:SQL:select=] mutationLineage=[]
SQL: -- TeaQL PLAIN
SELECT id, name, code, external_id AS externalId, task_life_hours AS taskLifeHours, version, platform FROM merchant_data WHERE (version > 0) AND (external_id = 'matched-merchant') LIMIT 1000 OFFSET 0
[TeaQL SQL][query][289us] 1 rows returned outcome=success batchOutcome=not_applicable comment=matched merchant read with relation purpose=matched benchmark read auditReason= tracePath=[0:OPERATION:Merchant=query -> 1:REQUEST:Merchant= -> 2:RELATION:platform=Merchant.platform -> 3:PROVIDER:postgresql= -> 4:SQL:select=] mutationLineage=[]
SQL: -- TeaQL PLAIN
SELECT id, create_time AS createTime, last_update_time AS lastUpdateTime, name, version FROM platform_data WHERE (version > 0) AND (id = 1) LIMIT 1 OFFSET 0
[TeaQL SQL][query][584us] 1 rows returned outcome=success batchOutcome=not_applicable comment=matched update lookup purpose=matched benchmark write auditReason= tracePath=[0:OPERATION:Merchant=query -> 1:REQUEST:Merchant= -> 2:PROVIDER:postgresql= -> 3:SQL:select=] mutationLineage=[]
SQL: -- TeaQL PLAIN
SELECT id, name, code, external_id AS externalId, task_life_hours AS taskLifeHours, platform, version FROM merchant_data WHERE (version > 0) AND (external_id = 'matched-merchant') LIMIT 1000 OFFSET 0
[TeaQL SQL][mutation][426us] 1 rows affected outcome=success batchOutcome=not_applicable comment= purpose= auditReason=matched benchmark update tracePath=[0:OPERATION:Merchant=mutation -> 1:ENTITY:Merchant= -> 2:PROVIDER:postgresql= -> 3:SQL:update=] mutationLineage=[0:AUDIT_REASON:Merchant#1=matched benchmark update]
SQL: -- TeaQL PLAIN
UPDATE merchant_data SET task_life_hours = 49 , version = 790 WHERE id = 1 AND version = 789
[TeaQL SQL][query][331us] 1 rows returned outcome=success batchOutcome=not_applicable comment=matched benchmark update purpose=runtime: read authoritative persisted mutation result auditReason=matched benchmark update tracePath=[0:OPERATION:Merchant=query -> 1:REQUEST:Merchant= -> 2:PROVIDER:postgresql= -> 3:SQL:select=] mutationLineage=[0:AUDIT_REASON:Merchant#1=matched benchmark update]
SQL: -- TeaQL PLAIN
SELECT * FROM merchant_data WHERE id = 1
[TeaQL SQL][query][325us] 1 rows returned outcome=success batchOutcome=not_applicable comment=matched merchant read with relation purpose=matched benchmark read auditReason= tracePath=[0:OPERATION:Merchant=query -> 1:REQUEST:Merchant= -> 2:PROVIDER:postgresql= -> 3:SQL:select=] mutationLineage=[]
SQL: -- TeaQL PLAIN
SELECT id, name, code, external_id AS externalId, task_life_hours AS taskLifeHours, version, platform FROM merchant_data WHERE (version > 0) AND (external_id = 'matched-merchant') LIMIT 1000 OFFSET 0
[TeaQL SQL][query][315us] 1 rows returned outcome=success batchOutcome=not_applicable comment=matched merchant read with relation purpose=matched benchmark read auditReason= tracePath=[0:OPERATION:Merchant=query -> 1:REQUEST:Merchant= -> 2:RELATION:platform=Merchant.platform -> 3:PROVIDER:postgresql= -> 4:SQL:select=] mutationLineage=[]
SQL: -- TeaQL PLAIN
SELECT id, create_time AS createTime, last_update_time AS lastUpdateTime, name, version FROM platform_data WHERE (version > 0) AND (id = 1) LIMIT 1 OFFSET 0
[TeaQL SQL][query][584us] 1 rows returned outcome=success batchOutcome=not_applicable comment=matched update lookup purpose=matched benchmark write auditReason= tracePath=[0:OPERATION:Merchant=query -> 1:REQUEST:Merchant= -> 2:PROVIDER:postgresql= -> 3:SQL:select=] mutationLineage=[]
SQL: -- TeaQL PLAIN
SELECT id, name, code, external_id AS externalId, task_life_hours AS taskLifeHours, platform, version FROM merchant_data WHERE (version > 0) AND (external_id = 'matched-merchant') LIMIT 1000 OFFSET 0
[TeaQL SQL][mutation][371us] 1 rows affected outcome=success batchOutcome=not_applicable comment= purpose= auditReason=matched benchmark update tracePath=[0:OPERATION:Merchant=mutation -> 1:ENTITY:Merchant= -> 2:PROVIDER:postgresql= -> 3:SQL:update=] mutationLineage=[0:AUDIT_REASON:Merchant#1=matched benchmark update]
SQL: -- TeaQL PLAIN
UPDATE merchant_data SET task_life_hours = 48 , version = 791 WHERE id = 1 AND version = 790
[TeaQL SQL][query][339us] 1 rows returned outcome=success batchOutcome=not_applicable comment=matched benchmark update purpose=runtime: read authoritative persisted mutation result auditReason=matched benchmark update tracePath=[0:OPERATION:Merchant=query -> 1:REQUEST:Merchant= -> 2:PROVIDER:postgresql= -> 3:SQL:select=] mutationLineage=[0:AUDIT_REASON:Merchant#1=matched benchmark update]
SQL: -- TeaQL PLAIN
SELECT * FROM merchant_data WHERE id = 1
[TeaQL SQL][query][407us] 1 rows returned outcome=success batchOutcome=not_applicable comment=matched merchant read with relation purpose=matched benchmark read auditReason= tracePath=[0:OPERATION:Merchant=query -> 1:REQUEST:Merchant= -> 2:PROVIDER:postgresql= -> 3:SQL:select=] mutationLineage=[]
SQL: -- TeaQL PLAIN
SELECT id, name, code, external_id AS externalId, task_life_hours AS taskLifeHours, version, platform FROM merchant_data WHERE (version > 0) AND (external_id = 'matched-merchant') LIMIT 1000 OFFSET 0
[TeaQL SQL][query][335us] 1 rows returned outcome=success batchOutcome=not_applicable comment=matched merchant read with relation purpose=matched benchmark read auditReason= tracePath=[0:OPERATION:Merchant=query -> 1:REQUEST:Merchant= -> 2:RELATION:platform=Merchant.platform -> 3:PROVIDER:postgresql= -> 4:SQL:select=] mutationLineage=[]
SQL: -- TeaQL PLAIN
SELECT id, create_time AS createTime, last_update_time AS lastUpdateTime, name, version FROM platform_data WHERE (version > 0) AND (id = 1) LIMIT 1 OFFSET 0
[TeaQL SQL][query][546us] 1 rows returned outcome=success batchOutcome=not_applicable comment=matched update lookup purpose=matched benchmark write auditReason= tracePath=[0:OPERATION:Merchant=query -> 1:REQUEST:Merchant= -> 2:PROVIDER:postgresql= -> 3:SQL:select=] mutationLineage=[]
SQL: -- TeaQL PLAIN
SELECT id, name, code, external_id AS externalId, task_life_hours AS taskLifeHours, platform, version FROM merchant_data WHERE (version > 0) AND (external_id = 'matched-merchant') LIMIT 1000 OFFSET 0
[TeaQL SQL][mutation][419us] 1 rows affected outcome=success batchOutcome=not_applicable comment= purpose= auditReason=matched benchmark update tracePath=[0:OPERATION:Merchant=mutation -> 1:ENTITY:Merchant= -> 2:PROVIDER:postgresql= -> 3:SQL:update=] mutationLineage=[0:AUDIT_REASON:Merchant#1=matched benchmark update]
SQL: -- TeaQL PLAIN
UPDATE merchant_data SET task_life_hours = 49 , version = 792 WHERE id = 1 AND version = 791
[TeaQL SQL][query][378us] 1 rows returned outcome=success batchOutcome=not_applicable comment=matched benchmark update purpose=runtime: read authoritative persisted mutation result auditReason=matched benchmark update tracePath=[0:OPERATION:Merchant=query -> 1:REQUEST:Merchant= -> 2:PROVIDER:postgresql= -> 3:SQL:select=] mutationLineage=[0:AUDIT_REASON:Merchant#1=matched benchmark update]
SQL: -- TeaQL PLAIN
SELECT * FROM merchant_data WHERE id = 1
[TeaQL SQL][query][363us] 1 rows returned outcome=success batchOutcome=not_applicable comment=matched merchant read with relation purpose=matched benchmark read auditReason= tracePath=[0:OPERATION:Merchant=query -> 1:REQUEST:Merchant= -> 2:PROVIDER:postgresql= -> 3:SQL:select=] mutationLineage=[]
SQL: -- TeaQL PLAIN
SELECT id, name, code, external_id AS externalId, task_life_hours AS taskLifeHours, version, platform FROM merchant_data WHERE (version > 0) AND (external_id = 'matched-merchant') LIMIT 1000 OFFSET 0
[TeaQL SQL][query][344us] 1 rows returned outcome=success batchOutcome=not_applicable comment=matched merchant read with relation purpose=matched benchmark read auditReason= tracePath=[0:OPERATION:Merchant=query -> 1:REQUEST:Merchant= -> 2:RELATION:platform=Merchant.platform -> 3:PROVIDER:postgresql= -> 4:SQL:select=] mutationLineage=[]
SQL: -- TeaQL PLAIN
SELECT id, create_time AS createTime, last_update_time AS lastUpdateTime, name, version FROM platform_data WHERE (version > 0) AND (id = 1) LIMIT 1 OFFSET 0
[TeaQL SQL][query][344us] 1 rows returned outcome=success batchOutcome=not_applicable comment=matched update lookup purpose=matched benchmark write auditReason= tracePath=[0:OPERATION:Merchant=query -> 1:REQUEST:Merchant= -> 2:PROVIDER:postgresql= -> 3:SQL:select=] mutationLineage=[]
SQL: -- TeaQL PLAIN
SELECT id, name, code, external_id AS externalId, task_life_hours AS taskLifeHours, platform, version FROM merchant_data WHERE (version > 0) AND (external_id = 'matched-merchant') LIMIT 1000 OFFSET 0
[TeaQL SQL][mutation][264us] 1 rows affected outcome=success batchOutcome=not_applicable comment= purpose= auditReason=matched benchmark update tracePath=[0:OPERATION:Merchant=mutation -> 1:ENTITY:Merchant= -> 2:PROVIDER:postgresql= -> 3:SQL:update=] mutationLineage=[0:AUDIT_REASON:Merchant#1=matched benchmark update]
SQL: -- TeaQL PLAIN
UPDATE merchant_data SET task_life_hours = 48 , version = 793 WHERE id = 1 AND version = 792
[TeaQL SQL][query][186us] 1 rows returned outcome=success batchOutcome=not_applicable comment=matched benchmark update purpose=runtime: read authoritative persisted mutation result auditReason=matched benchmark update tracePath=[0:OPERATION:Merchant=query -> 1:REQUEST:Merchant= -> 2:PROVIDER:postgresql= -> 3:SQL:select=] mutationLineage=[0:AUDIT_REASON:Merchant#1=matched benchmark update]
SQL: -- TeaQL PLAIN
SELECT * FROM merchant_data WHERE id = 1
[TeaQL SQL][query][287us] 1 rows returned outcome=success batchOutcome=not_applicable comment=matched merchant read with relation purpose=matched benchmark read auditReason= tracePath=[0:OPERATION:Merchant=query -> 1:REQUEST:Merchant= -> 2:PROVIDER:postgresql= -> 3:SQL:select=] mutationLineage=[]
SQL: -- TeaQL PLAIN
SELECT id, name, code, external_id AS externalId, task_life_hours AS taskLifeHours, version, platform FROM merchant_data WHERE (version > 0) AND (external_id = 'matched-merchant') LIMIT 1000 OFFSET 0
[TeaQL SQL][query][216us] 1 rows returned outcome=success batchOutcome=not_applicable comment=matched merchant read with relation purpose=matched benchmark read auditReason= tracePath=[0:OPERATION:Merchant=query -> 1:REQUEST:Merchant= -> 2:RELATION:platform=Merchant.platform -> 3:PROVIDER:postgresql= -> 4:SQL:select=] mutationLineage=[]
SQL: -- TeaQL PLAIN
SELECT id, create_time AS createTime, last_update_time AS lastUpdateTime, name, version FROM platform_data WHERE (version > 0) AND (id = 1) LIMIT 1 OFFSET 0
[TeaQL SQL][query][516us] 1 rows returned outcome=success batchOutcome=not_applicable comment=matched update lookup purpose=matched benchmark write auditReason= tracePath=[0:OPERATION:Merchant=query -> 1:REQUEST:Merchant= -> 2:PROVIDER:postgresql= -> 3:SQL:select=] mutationLineage=[]
SQL: -- TeaQL PLAIN
SELECT id, name, code, external_id AS externalId, task_life_hours AS taskLifeHours, platform, version FROM merchant_data WHERE (version > 0) AND (external_id = 'matched-merchant') LIMIT 1000 OFFSET 0
[TeaQL SQL][mutation][432us] 1 rows affected outcome=success batchOutcome=not_applicable comment= purpose= auditReason=matched benchmark update tracePath=[0:OPERATION:Merchant=mutation -> 1:ENTITY:Merchant= -> 2:PROVIDER:postgresql= -> 3:SQL:update=] mutationLineage=[0:AUDIT_REASON:Merchant#1=matched benchmark update]
SQL: -- TeaQL PLAIN
UPDATE merchant_data SET task_life_hours = 49 , version = 794 WHERE id = 1 AND version = 793
[TeaQL SQL][query][362us] 1 rows returned outcome=success batchOutcome=not_applicable comment=matched benchmark update purpose=runtime: read authoritative persisted mutation result auditReason=matched benchmark update tracePath=[0:OPERATION:Merchant=query -> 1:REQUEST:Merchant= -> 2:PROVIDER:postgresql= -> 3:SQL:select=] mutationLineage=[0:AUDIT_REASON:Merchant#1=matched benchmark update]
SQL: -- TeaQL PLAIN
SELECT * FROM merchant_data WHERE id = 1
[TeaQL SQL][query][344us] 1 rows returned outcome=success batchOutcome=not_applicable comment=matched merchant read with relation purpose=matched benchmark read auditReason= tracePath=[0:OPERATION:Merchant=query -> 1:REQUEST:Merchant= -> 2:PROVIDER:postgresql= -> 3:SQL:select=] mutationLineage=[]
SQL: -- TeaQL PLAIN
SELECT id, name, code, external_id AS externalId, task_life_hours AS taskLifeHours, version, platform FROM merchant_data WHERE (version > 0) AND (external_id = 'matched-merchant') LIMIT 1000 OFFSET 0
[TeaQL SQL][query][339us] 1 rows returned outcome=success batchOutcome=not_applicable comment=matched merchant read with relation purpose=matched benchmark read auditReason= tracePath=[0:OPERATION:Merchant=query -> 1:REQUEST:Merchant= -> 2:RELATION:platform=Merchant.platform -> 3:PROVIDER:postgresql= -> 4:SQL:select=] mutationLineage=[]
SQL: -- TeaQL PLAIN
SELECT id, create_time AS createTime, last_update_time AS lastUpdateTime, name, version FROM platform_data WHERE (version > 0) AND (id = 1) LIMIT 1 OFFSET 0
[TeaQL SQL][query][555us] 1 rows returned outcome=success batchOutcome=not_applicable comment=matched update lookup purpose=matched benchmark write auditReason= tracePath=[0:OPERATION:Merchant=query -> 1:REQUEST:Merchant= -> 2:PROVIDER:postgresql= -> 3:SQL:select=] mutationLineage=[]
SQL: -- TeaQL PLAIN
SELECT id, name, code, external_id AS externalId, task_life_hours AS taskLifeHours, platform, version FROM merchant_data WHERE (version > 0) AND (external_id = 'matched-merchant') LIMIT 1000 OFFSET 0
[TeaQL SQL][mutation][388us] 1 rows affected outcome=success batchOutcome=not_applicable comment= purpose= auditReason=matched benchmark update tracePath=[0:OPERATION:Merchant=mutation -> 1:ENTITY:Merchant= -> 2:PROVIDER:postgresql= -> 3:SQL:update=] mutationLineage=[0:AUDIT_REASON:Merchant#1=matched benchmark update]
SQL: -- TeaQL PLAIN
UPDATE merchant_data SET task_life_hours = 48 , version = 795 WHERE id = 1 AND version = 794
[TeaQL SQL][query][311us] 1 rows returned outcome=success batchOutcome=not_applicable comment=matched benchmark update purpose=runtime: read authoritative persisted mutation result auditReason=matched benchmark update tracePath=[0:OPERATION:Merchant=query -> 1:REQUEST:Merchant= -> 2:PROVIDER:postgresql= -> 3:SQL:select=] mutationLineage=[0:AUDIT_REASON:Merchant#1=matched benchmark update]
SQL: -- TeaQL PLAIN
SELECT * FROM merchant_data WHERE id = 1
[TeaQL SQL][query][433us] 1 rows returned outcome=success batchOutcome=not_applicable comment=matched merchant read with relation purpose=matched benchmark read auditReason= tracePath=[0:OPERATION:Merchant=query -> 1:REQUEST:Merchant= -> 2:PROVIDER:postgresql= -> 3:SQL:select=] mutationLineage=[]
SQL: -- TeaQL PLAIN
SELECT id, name, code, external_id AS externalId, task_life_hours AS taskLifeHours, version, platform FROM merchant_data WHERE (version > 0) AND (external_id = 'matched-merchant') LIMIT 1000 OFFSET 0
[TeaQL SQL][query][364us] 1 rows returned outcome=success batchOutcome=not_applicable comment=matched merchant read with relation purpose=matched benchmark read auditReason= tracePath=[0:OPERATION:Merchant=query -> 1:REQUEST:Merchant= -> 2:RELATION:platform=Merchant.platform -> 3:PROVIDER:postgresql= -> 4:SQL:select=] mutationLineage=[]
SQL: -- TeaQL PLAIN
SELECT id, create_time AS createTime, last_update_time AS lastUpdateTime, name, version FROM platform_data WHERE (version > 0) AND (id = 1) LIMIT 1 OFFSET 0
[TeaQL SQL][query][480us] 1 rows returned outcome=success batchOutcome=not_applicable comment=matched update lookup purpose=matched benchmark write auditReason= tracePath=[0:OPERATION:Merchant=query -> 1:REQUEST:Merchant= -> 2:PROVIDER:postgresql= -> 3:SQL:select=] mutationLineage=[]
SQL: -- TeaQL PLAIN
SELECT id, name, code, external_id AS externalId, task_life_hours AS taskLifeHours, platform, version FROM merchant_data WHERE (version > 0) AND (external_id = 'matched-merchant') LIMIT 1000 OFFSET 0
[TeaQL SQL][mutation][416us] 1 rows affected outcome=success batchOutcome=not_applicable comment= purpose= auditReason=matched benchmark update tracePath=[0:OPERATION:Merchant=mutation -> 1:ENTITY:Merchant= -> 2:PROVIDER:postgresql= -> 3:SQL:update=] mutationLineage=[0:AUDIT_REASON:Merchant#1=matched benchmark update]
SQL: -- TeaQL PLAIN
UPDATE merchant_data SET task_life_hours = 49 , version = 796 WHERE id = 1 AND version = 795
[TeaQL SQL][query][343us] 1 rows returned outcome=success batchOutcome=not_applicable comment=matched benchmark update purpose=runtime: read authoritative persisted mutation result auditReason=matched benchmark update tracePath=[0:OPERATION:Merchant=query -> 1:REQUEST:Merchant= -> 2:PROVIDER:postgresql= -> 3:SQL:select=] mutationLineage=[0:AUDIT_REASON:Merchant#1=matched benchmark update]
SQL: -- TeaQL PLAIN
SELECT * FROM merchant_data WHERE id = 1
[TeaQL SQL][query][383us] 1 rows returned outcome=success batchOutcome=not_applicable comment=matched merchant read with relation purpose=matched benchmark read auditReason= tracePath=[0:OPERATION:Merchant=query -> 1:REQUEST:Merchant= -> 2:PROVIDER:postgresql= -> 3:SQL:select=] mutationLineage=[]
SQL: -- TeaQL PLAIN
SELECT id, name, code, external_id AS externalId, task_life_hours AS taskLifeHours, version, platform FROM merchant_data WHERE (version > 0) AND (external_id = 'matched-merchant') LIMIT 1000 OFFSET 0
[TeaQL SQL][query][298us] 1 rows returned outcome=success batchOutcome=not_applicable comment=matched merchant read with relation purpose=matched benchmark read auditReason= tracePath=[0:OPERATION:Merchant=query -> 1:REQUEST:Merchant= -> 2:RELATION:platform=Merchant.platform -> 3:PROVIDER:postgresql= -> 4:SQL:select=] mutationLineage=[]
SQL: -- TeaQL PLAIN
SELECT id, create_time AS createTime, last_update_time AS lastUpdateTime, name, version FROM platform_data WHERE (version > 0) AND (id = 1) LIMIT 1 OFFSET 0
[TeaQL SQL][query][369us] 1 rows returned outcome=success batchOutcome=not_applicable comment=matched update lookup purpose=matched benchmark write auditReason= tracePath=[0:OPERATION:Merchant=query -> 1:REQUEST:Merchant= -> 2:PROVIDER:postgresql= -> 3:SQL:select=] mutationLineage=[]
SQL: -- TeaQL PLAIN
SELECT id, name, code, external_id AS externalId, task_life_hours AS taskLifeHours, platform, version FROM merchant_data WHERE (version > 0) AND (external_id = 'matched-merchant') LIMIT 1000 OFFSET 0
[TeaQL SQL][mutation][237us] 1 rows affected outcome=success batchOutcome=not_applicable comment= purpose= auditReason=matched benchmark update tracePath=[0:OPERATION:Merchant=mutation -> 1:ENTITY:Merchant= -> 2:PROVIDER:postgresql= -> 3:SQL:update=] mutationLineage=[0:AUDIT_REASON:Merchant#1=matched benchmark update]
SQL: -- TeaQL PLAIN
UPDATE merchant_data SET task_life_hours = 48 , version = 797 WHERE id = 1 AND version = 796
[TeaQL SQL][query][178us] 1 rows returned outcome=success batchOutcome=not_applicable comment=matched benchmark update purpose=runtime: read authoritative persisted mutation result auditReason=matched benchmark update tracePath=[0:OPERATION:Merchant=query -> 1:REQUEST:Merchant= -> 2:PROVIDER:postgresql= -> 3:SQL:select=] mutationLineage=[0:AUDIT_REASON:Merchant#1=matched benchmark update]
SQL: -- TeaQL PLAIN
SELECT * FROM merchant_data WHERE id = 1
[TeaQL SQL][query][288us] 1 rows returned outcome=success batchOutcome=not_applicable comment=matched merchant read with relation purpose=matched benchmark read auditReason= tracePath=[0:OPERATION:Merchant=query -> 1:REQUEST:Merchant= -> 2:PROVIDER:postgresql= -> 3:SQL:select=] mutationLineage=[]
SQL: -- TeaQL PLAIN
SELECT id, name, code, external_id AS externalId, task_life_hours AS taskLifeHours, version, platform FROM merchant_data WHERE (version > 0) AND (external_id = 'matched-merchant') LIMIT 1000 OFFSET 0
[TeaQL SQL][query][274us] 1 rows returned outcome=success batchOutcome=not_applicable comment=matched merchant read with relation purpose=matched benchmark read auditReason= tracePath=[0:OPERATION:Merchant=query -> 1:REQUEST:Merchant= -> 2:RELATION:platform=Merchant.platform -> 3:PROVIDER:postgresql= -> 4:SQL:select=] mutationLineage=[]
SQL: -- TeaQL PLAIN
SELECT id, create_time AS createTime, last_update_time AS lastUpdateTime, name, version FROM platform_data WHERE (version > 0) AND (id = 1) LIMIT 1 OFFSET 0
[TeaQL SQL][query][485us] 1 rows returned outcome=success batchOutcome=not_applicable comment=matched update lookup purpose=matched benchmark write auditReason= tracePath=[0:OPERATION:Merchant=query -> 1:REQUEST:Merchant= -> 2:PROVIDER:postgresql= -> 3:SQL:select=] mutationLineage=[]
SQL: -- TeaQL PLAIN
SELECT id, name, code, external_id AS externalId, task_life_hours AS taskLifeHours, platform, version FROM merchant_data WHERE (version > 0) AND (external_id = 'matched-merchant') LIMIT 1000 OFFSET 0
[TeaQL SQL][mutation][378us] 1 rows affected outcome=success batchOutcome=not_applicable comment= purpose= auditReason=matched benchmark update tracePath=[0:OPERATION:Merchant=mutation -> 1:ENTITY:Merchant= -> 2:PROVIDER:postgresql= -> 3:SQL:update=] mutationLineage=[0:AUDIT_REASON:Merchant#1=matched benchmark update]
SQL: -- TeaQL PLAIN
UPDATE merchant_data SET task_life_hours = 49 , version = 798 WHERE id = 1 AND version = 797
[TeaQL SQL][query][297us] 1 rows returned outcome=success batchOutcome=not_applicable comment=matched benchmark update purpose=runtime: read authoritative persisted mutation result auditReason=matched benchmark update tracePath=[0:OPERATION:Merchant=query -> 1:REQUEST:Merchant= -> 2:PROVIDER:postgresql= -> 3:SQL:select=] mutationLineage=[0:AUDIT_REASON:Merchant#1=matched benchmark update]
SQL: -- TeaQL PLAIN
SELECT * FROM merchant_data WHERE id = 1
[TeaQL SQL][query][311us] 1 rows returned outcome=success batchOutcome=not_applicable comment=matched merchant read with relation purpose=matched benchmark read auditReason= tracePath=[0:OPERATION:Merchant=query -> 1:REQUEST:Merchant= -> 2:PROVIDER:postgresql= -> 3:SQL:select=] mutationLineage=[]
SQL: -- TeaQL PLAIN
SELECT id, name, code, external_id AS externalId, task_life_hours AS taskLifeHours, version, platform FROM merchant_data WHERE (version > 0) AND (external_id = 'matched-merchant') LIMIT 1000 OFFSET 0
[TeaQL SQL][query][277us] 1 rows returned outcome=success batchOutcome=not_applicable comment=matched merchant read with relation purpose=matched benchmark read auditReason= tracePath=[0:OPERATION:Merchant=query -> 1:REQUEST:Merchant= -> 2:RELATION:platform=Merchant.platform -> 3:PROVIDER:postgresql= -> 4:SQL:select=] mutationLineage=[]
SQL: -- TeaQL PLAIN
SELECT id, create_time AS createTime, last_update_time AS lastUpdateTime, name, version FROM platform_data WHERE (version > 0) AND (id = 1) LIMIT 1 OFFSET 0
[TeaQL SQL][query][522us] 1 rows returned outcome=success batchOutcome=not_applicable comment=matched update lookup purpose=matched benchmark write auditReason= tracePath=[0:OPERATION:Merchant=query -> 1:REQUEST:Merchant= -> 2:PROVIDER:postgresql= -> 3:SQL:select=] mutationLineage=[]
SQL: -- TeaQL PLAIN
SELECT id, name, code, external_id AS externalId, task_life_hours AS taskLifeHours, platform, version FROM merchant_data WHERE (version > 0) AND (external_id = 'matched-merchant') LIMIT 1000 OFFSET 0
[TeaQL SQL][mutation][373us] 1 rows affected outcome=success batchOutcome=not_applicable comment= purpose= auditReason=matched benchmark update tracePath=[0:OPERATION:Merchant=mutation -> 1:ENTITY:Merchant= -> 2:PROVIDER:postgresql= -> 3:SQL:update=] mutationLineage=[0:AUDIT_REASON:Merchant#1=matched benchmark update]
SQL: -- TeaQL PLAIN
UPDATE merchant_data SET task_life_hours = 48 , version = 799 WHERE id = 1 AND version = 798
[TeaQL SQL][query][301us] 1 rows returned outcome=success batchOutcome=not_applicable comment=matched benchmark update purpose=runtime: read authoritative persisted mutation result auditReason=matched benchmark update tracePath=[0:OPERATION:Merchant=query -> 1:REQUEST:Merchant= -> 2:PROVIDER:postgresql= -> 3:SQL:select=] mutationLineage=[0:AUDIT_REASON:Merchant#1=matched benchmark update]
SQL: -- TeaQL PLAIN
SELECT * FROM merchant_data WHERE id = 1
[TeaQL SQL][query][441us] 1 rows returned outcome=success batchOutcome=not_applicable comment=matched merchant read with relation purpose=matched benchmark read auditReason= tracePath=[0:OPERATION:Merchant=query -> 1:REQUEST:Merchant= -> 2:PROVIDER:postgresql= -> 3:SQL:select=] mutationLineage=[]
SQL: -- TeaQL PLAIN
SELECT id, name, code, external_id AS externalId, task_life_hours AS taskLifeHours, version, platform FROM merchant_data WHERE (version > 0) AND (external_id = 'matched-merchant') LIMIT 1000 OFFSET 0
[TeaQL SQL][query][475us] 1 rows returned outcome=success batchOutcome=not_applicable comment=matched merchant read with relation purpose=matched benchmark read auditReason= tracePath=[0:OPERATION:Merchant=query -> 1:REQUEST:Merchant= -> 2:RELATION:platform=Merchant.platform -> 3:PROVIDER:postgresql= -> 4:SQL:select=] mutationLineage=[]
SQL: -- TeaQL PLAIN
SELECT id, create_time AS createTime, last_update_time AS lastUpdateTime, name, version FROM platform_data WHERE (version > 0) AND (id = 1) LIMIT 1 OFFSET 0
[TeaQL SQL][query][411us] 1 rows returned outcome=success batchOutcome=not_applicable comment=matched update lookup purpose=matched benchmark write auditReason= tracePath=[0:OPERATION:Merchant=query -> 1:REQUEST:Merchant= -> 2:PROVIDER:postgresql= -> 3:SQL:select=] mutationLineage=[]
SQL: -- TeaQL PLAIN
SELECT id, name, code, external_id AS externalId, task_life_hours AS taskLifeHours, platform, version FROM merchant_data WHERE (version > 0) AND (external_id = 'matched-merchant') LIMIT 1000 OFFSET 0
[TeaQL SQL][mutation][401us] 1 rows affected outcome=success batchOutcome=not_applicable comment= purpose= auditReason=matched benchmark update tracePath=[0:OPERATION:Merchant=mutation -> 1:ENTITY:Merchant= -> 2:PROVIDER:postgresql= -> 3:SQL:update=] mutationLineage=[0:AUDIT_REASON:Merchant#1=matched benchmark update]
SQL: -- TeaQL PLAIN
UPDATE merchant_data SET task_life_hours = 49 , version = 800 WHERE id = 1 AND version = 799
[TeaQL SQL][query][344us] 1 rows returned outcome=success batchOutcome=not_applicable comment=matched benchmark update purpose=runtime: read authoritative persisted mutation result auditReason=matched benchmark update tracePath=[0:OPERATION:Merchant=query -> 1:REQUEST:Merchant= -> 2:PROVIDER:postgresql= -> 3:SQL:select=] mutationLineage=[0:AUDIT_REASON:Merchant#1=matched benchmark update]
SQL: -- TeaQL PLAIN
SELECT * FROM merchant_data WHERE id = 1
[TeaQL SQL][query][376us] 1 rows returned outcome=success batchOutcome=not_applicable comment=matched merchant read with relation purpose=matched benchmark read auditReason= tracePath=[0:OPERATION:Merchant=query -> 1:REQUEST:Merchant= -> 2:PROVIDER:postgresql= -> 3:SQL:select=] mutationLineage=[]
SQL: -- TeaQL PLAIN
SELECT id, name, code, external_id AS externalId, task_life_hours AS taskLifeHours, version, platform FROM merchant_data WHERE (version > 0) AND (external_id = 'matched-merchant') LIMIT 1000 OFFSET 0
[TeaQL SQL][query][323us] 1 rows returned outcome=success batchOutcome=not_applicable comment=matched merchant read with relation purpose=matched benchmark read auditReason= tracePath=[0:OPERATION:Merchant=query -> 1:REQUEST:Merchant= -> 2:RELATION:platform=Merchant.platform -> 3:PROVIDER:postgresql= -> 4:SQL:select=] mutationLineage=[]
SQL: -- TeaQL PLAIN
SELECT id, create_time AS createTime, last_update_time AS lastUpdateTime, name, version FROM platform_data WHERE (version > 0) AND (id = 1) LIMIT 1 OFFSET 0
[TeaQL SQL][query][301us] 1 rows returned outcome=success batchOutcome=not_applicable comment=matched update lookup purpose=matched benchmark write auditReason= tracePath=[0:OPERATION:Merchant=query -> 1:REQUEST:Merchant= -> 2:PROVIDER:postgresql= -> 3:SQL:select=] mutationLineage=[]
SQL: -- TeaQL PLAIN
SELECT id, name, code, external_id AS externalId, task_life_hours AS taskLifeHours, platform, version FROM merchant_data WHERE (version > 0) AND (external_id = 'matched-merchant') LIMIT 1000 OFFSET 0
[TeaQL SQL][mutation][245us] 1 rows affected outcome=success batchOutcome=not_applicable comment= purpose= auditReason=matched benchmark update tracePath=[0:OPERATION:Merchant=mutation -> 1:ENTITY:Merchant= -> 2:PROVIDER:postgresql= -> 3:SQL:update=] mutationLineage=[0:AUDIT_REASON:Merchant#1=matched benchmark update]
SQL: -- TeaQL PLAIN
UPDATE merchant_data SET task_life_hours = 48 , version = 801 WHERE id = 1 AND version = 800
[TeaQL SQL][query][173us] 1 rows returned outcome=success batchOutcome=not_applicable comment=matched benchmark update purpose=runtime: read authoritative persisted mutation result auditReason=matched benchmark update tracePath=[0:OPERATION:Merchant=query -> 1:REQUEST:Merchant= -> 2:PROVIDER:postgresql= -> 3:SQL:select=] mutationLineage=[0:AUDIT_REASON:Merchant#1=matched benchmark update]
SQL: -- TeaQL PLAIN
SELECT * FROM merchant_data WHERE id = 1
[TeaQL SQL][query][325us] 1 rows returned outcome=success batchOutcome=not_applicable comment=matched merchant read with relation purpose=matched benchmark read auditReason= tracePath=[0:OPERATION:Merchant=query -> 1:REQUEST:Merchant= -> 2:PROVIDER:postgresql= -> 3:SQL:select=] mutationLineage=[]
SQL: -- TeaQL PLAIN
SELECT id, name, code, external_id AS externalId, task_life_hours AS taskLifeHours, version, platform FROM merchant_data WHERE (version > 0) AND (external_id = 'matched-merchant') LIMIT 1000 OFFSET 0
[TeaQL SQL][query][197us] 1 rows returned outcome=success batchOutcome=not_applicable comment=matched merchant read with relation purpose=matched benchmark read auditReason= tracePath=[0:OPERATION:Merchant=query -> 1:REQUEST:Merchant= -> 2:RELATION:platform=Merchant.platform -> 3:PROVIDER:postgresql= -> 4:SQL:select=] mutationLineage=[]
SQL: -- TeaQL PLAIN
SELECT id, create_time AS createTime, last_update_time AS lastUpdateTime, name, version FROM platform_data WHERE (version > 0) AND (id = 1) LIMIT 1 OFFSET 0
[TeaQL SQL][query][571us] 1 rows returned outcome=success batchOutcome=not_applicable comment=matched update lookup purpose=matched benchmark write auditReason= tracePath=[0:OPERATION:Merchant=query -> 1:REQUEST:Merchant= -> 2:PROVIDER:postgresql= -> 3:SQL:select=] mutationLineage=[]
SQL: -- TeaQL PLAIN
SELECT id, name, code, external_id AS externalId, task_life_hours AS taskLifeHours, platform, version FROM merchant_data WHERE (version > 0) AND (external_id = 'matched-merchant') LIMIT 1000 OFFSET 0
[TeaQL SQL][mutation][397us] 1 rows affected outcome=success batchOutcome=not_applicable comment= purpose= auditReason=matched benchmark update tracePath=[0:OPERATION:Merchant=mutation -> 1:ENTITY:Merchant= -> 2:PROVIDER:postgresql= -> 3:SQL:update=] mutationLineage=[0:AUDIT_REASON:Merchant#1=matched benchmark update]
SQL: -- TeaQL PLAIN
UPDATE merchant_data SET task_life_hours = 49 , version = 802 WHERE id = 1 AND version = 801
[TeaQL SQL][query][352us] 1 rows returned outcome=success batchOutcome=not_applicable comment=matched benchmark update purpose=runtime: read authoritative persisted mutation result auditReason=matched benchmark update tracePath=[0:OPERATION:Merchant=query -> 1:REQUEST:Merchant= -> 2:PROVIDER:postgresql= -> 3:SQL:select=] mutationLineage=[0:AUDIT_REASON:Merchant#1=matched benchmark update]
SQL: -- TeaQL PLAIN
SELECT * FROM merchant_data WHERE id = 1
[TeaQL SQL][query][308us] 1 rows returned outcome=success batchOutcome=not_applicable comment=matched merchant read with relation purpose=matched benchmark read auditReason= tracePath=[0:OPERATION:Merchant=query -> 1:REQUEST:Merchant= -> 2:PROVIDER:postgresql= -> 3:SQL:select=] mutationLineage=[]
SQL: -- TeaQL PLAIN
SELECT id, name, code, external_id AS externalId, task_life_hours AS taskLifeHours, version, platform FROM merchant_data WHERE (version > 0) AND (external_id = 'matched-merchant') LIMIT 1000 OFFSET 0
[TeaQL SQL][query][323us] 1 rows returned outcome=success batchOutcome=not_applicable comment=matched merchant read with relation purpose=matched benchmark read auditReason= tracePath=[0:OPERATION:Merchant=query -> 1:REQUEST:Merchant= -> 2:RELATION:platform=Merchant.platform -> 3:PROVIDER:postgresql= -> 4:SQL:select=] mutationLineage=[]
SQL: -- TeaQL PLAIN
SELECT id, create_time AS createTime, last_update_time AS lastUpdateTime, name, version FROM platform_data WHERE (version > 0) AND (id = 1) LIMIT 1 OFFSET 0
[TeaQL SQL][query][468us] 1 rows returned outcome=success batchOutcome=not_applicable comment=matched update lookup purpose=matched benchmark write auditReason= tracePath=[0:OPERATION:Merchant=query -> 1:REQUEST:Merchant= -> 2:PROVIDER:postgresql= -> 3:SQL:select=] mutationLineage=[]
SQL: -- TeaQL PLAIN
SELECT id, name, code, external_id AS externalId, task_life_hours AS taskLifeHours, platform, version FROM merchant_data WHERE (version > 0) AND (external_id = 'matched-merchant') LIMIT 1000 OFFSET 0
[TeaQL SQL][mutation][401us] 1 rows affected outcome=success batchOutcome=not_applicable comment= purpose= auditReason=matched benchmark update tracePath=[0:OPERATION:Merchant=mutation -> 1:ENTITY:Merchant= -> 2:PROVIDER:postgresql= -> 3:SQL:update=] mutationLineage=[0:AUDIT_REASON:Merchant#1=matched benchmark update]
SQL: -- TeaQL PLAIN
UPDATE merchant_data SET task_life_hours = 48 , version = 803 WHERE id = 1 AND version = 802
[TeaQL SQL][query][343us] 1 rows returned outcome=success batchOutcome=not_applicable comment=matched benchmark update purpose=runtime: read authoritative persisted mutation result auditReason=matched benchmark update tracePath=[0:OPERATION:Merchant=query -> 1:REQUEST:Merchant= -> 2:PROVIDER:postgresql= -> 3:SQL:select=] mutationLineage=[0:AUDIT_REASON:Merchant#1=matched benchmark update]
SQL: -- TeaQL PLAIN
SELECT * FROM merchant_data WHERE id = 1
[TeaQL SQL][query][494us] 1 rows returned outcome=success batchOutcome=not_applicable comment=matched merchant read with relation purpose=matched benchmark read auditReason= tracePath=[0:OPERATION:Merchant=query -> 1:REQUEST:Merchant= -> 2:PROVIDER:postgresql= -> 3:SQL:select=] mutationLineage=[]
SQL: -- TeaQL PLAIN
SELECT id, name, code, external_id AS externalId, task_life_hours AS taskLifeHours, version, platform FROM merchant_data WHERE (version > 0) AND (external_id = 'matched-merchant') LIMIT 1000 OFFSET 0
[TeaQL SQL][query][451us] 1 rows returned outcome=success batchOutcome=not_applicable comment=matched merchant read with relation purpose=matched benchmark read auditReason= tracePath=[0:OPERATION:Merchant=query -> 1:REQUEST:Merchant= -> 2:RELATION:platform=Merchant.platform -> 3:PROVIDER:postgresql= -> 4:SQL:select=] mutationLineage=[]
SQL: -- TeaQL PLAIN
SELECT id, create_time AS createTime, last_update_time AS lastUpdateTime, name, version FROM platform_data WHERE (version > 0) AND (id = 1) LIMIT 1 OFFSET 0
[TeaQL SQL][query][433us] 1 rows returned outcome=success batchOutcome=not_applicable comment=matched update lookup purpose=matched benchmark write auditReason= tracePath=[0:OPERATION:Merchant=query -> 1:REQUEST:Merchant= -> 2:PROVIDER:postgresql= -> 3:SQL:select=] mutationLineage=[]
SQL: -- TeaQL PLAIN
SELECT id, name, code, external_id AS externalId, task_life_hours AS taskLifeHours, platform, version FROM merchant_data WHERE (version > 0) AND (external_id = 'matched-merchant') LIMIT 1000 OFFSET 0
[TeaQL SQL][mutation][404us] 1 rows affected outcome=success batchOutcome=not_applicable comment= purpose= auditReason=matched benchmark update tracePath=[0:OPERATION:Merchant=mutation -> 1:ENTITY:Merchant= -> 2:PROVIDER:postgresql= -> 3:SQL:update=] mutationLineage=[0:AUDIT_REASON:Merchant#1=matched benchmark update]
SQL: -- TeaQL PLAIN
UPDATE merchant_data SET task_life_hours = 49 , version = 804 WHERE id = 1 AND version = 803
[TeaQL SQL][query][272us] 1 rows returned outcome=success batchOutcome=not_applicable comment=matched benchmark update purpose=runtime: read authoritative persisted mutation result auditReason=matched benchmark update tracePath=[0:OPERATION:Merchant=query -> 1:REQUEST:Merchant= -> 2:PROVIDER:postgresql= -> 3:SQL:select=] mutationLineage=[0:AUDIT_REASON:Merchant#1=matched benchmark update]
SQL: -- TeaQL PLAIN
SELECT * FROM merchant_data WHERE id = 1
[TeaQL SQL][query][354us] 1 rows returned outcome=success batchOutcome=not_applicable comment=matched merchant read with relation purpose=matched benchmark read auditReason= tracePath=[0:OPERATION:Merchant=query -> 1:REQUEST:Merchant= -> 2:PROVIDER:postgresql= -> 3:SQL:select=] mutationLineage=[]
SQL: -- TeaQL PLAIN
SELECT id, name, code, external_id AS externalId, task_life_hours AS taskLifeHours, version, platform FROM merchant_data WHERE (version > 0) AND (external_id = 'matched-merchant') LIMIT 1000 OFFSET 0
[TeaQL SQL][query][317us] 1 rows returned outcome=success batchOutcome=not_applicable comment=matched merchant read with relation purpose=matched benchmark read auditReason= tracePath=[0:OPERATION:Merchant=query -> 1:REQUEST:Merchant= -> 2:RELATION:platform=Merchant.platform -> 3:PROVIDER:postgresql= -> 4:SQL:select=] mutationLineage=[]
SQL: -- TeaQL PLAIN
SELECT id, create_time AS createTime, last_update_time AS lastUpdateTime, name, version FROM platform_data WHERE (version > 0) AND (id = 1) LIMIT 1 OFFSET 0
[TeaQL SQL][query][303us] 1 rows returned outcome=success batchOutcome=not_applicable comment=matched update lookup purpose=matched benchmark write auditReason= tracePath=[0:OPERATION:Merchant=query -> 1:REQUEST:Merchant= -> 2:PROVIDER:postgresql= -> 3:SQL:select=] mutationLineage=[]
SQL: -- TeaQL PLAIN
SELECT id, name, code, external_id AS externalId, task_life_hours AS taskLifeHours, platform, version FROM merchant_data WHERE (version > 0) AND (external_id = 'matched-merchant') LIMIT 1000 OFFSET 0
[TeaQL SQL][mutation][235us] 1 rows affected outcome=success batchOutcome=not_applicable comment= purpose= auditReason=matched benchmark update tracePath=[0:OPERATION:Merchant=mutation -> 1:ENTITY:Merchant= -> 2:PROVIDER:postgresql= -> 3:SQL:update=] mutationLineage=[0:AUDIT_REASON:Merchant#1=matched benchmark update]
SQL: -- TeaQL PLAIN
UPDATE merchant_data SET task_life_hours = 48 , version = 805 WHERE id = 1 AND version = 804
[TeaQL SQL][query][196us] 1 rows returned outcome=success batchOutcome=not_applicable comment=matched benchmark update purpose=runtime: read authoritative persisted mutation result auditReason=matched benchmark update tracePath=[0:OPERATION:Merchant=query -> 1:REQUEST:Merchant= -> 2:PROVIDER:postgresql= -> 3:SQL:select=] mutationLineage=[0:AUDIT_REASON:Merchant#1=matched benchmark update]
SQL: -- TeaQL PLAIN
SELECT * FROM merchant_data WHERE id = 1
[TeaQL SQL][query][257us] 1 rows returned outcome=success batchOutcome=not_applicable comment=matched merchant read with relation purpose=matched benchmark read auditReason= tracePath=[0:OPERATION:Merchant=query -> 1:REQUEST:Merchant= -> 2:PROVIDER:postgresql= -> 3:SQL:select=] mutationLineage=[]
SQL: -- TeaQL PLAIN
SELECT id, name, code, external_id AS externalId, task_life_hours AS taskLifeHours, version, platform FROM merchant_data WHERE (version > 0) AND (external_id = 'matched-merchant') LIMIT 1000 OFFSET 0
[TeaQL SQL][query][285us] 1 rows returned outcome=success batchOutcome=not_applicable comment=matched merchant read with relation purpose=matched benchmark read auditReason= tracePath=[0:OPERATION:Merchant=query -> 1:REQUEST:Merchant= -> 2:RELATION:platform=Merchant.platform -> 3:PROVIDER:postgresql= -> 4:SQL:select=] mutationLineage=[]
SQL: -- TeaQL PLAIN
SELECT id, create_time AS createTime, last_update_time AS lastUpdateTime, name, version FROM platform_data WHERE (version > 0) AND (id = 1) LIMIT 1 OFFSET 0
[TeaQL SQL][query][523us] 1 rows returned outcome=success batchOutcome=not_applicable comment=matched update lookup purpose=matched benchmark write auditReason= tracePath=[0:OPERATION:Merchant=query -> 1:REQUEST:Merchant= -> 2:PROVIDER:postgresql= -> 3:SQL:select=] mutationLineage=[]
SQL: -- TeaQL PLAIN
SELECT id, name, code, external_id AS externalId, task_life_hours AS taskLifeHours, platform, version FROM merchant_data WHERE (version > 0) AND (external_id = 'matched-merchant') LIMIT 1000 OFFSET 0
[TeaQL SQL][mutation][399us] 1 rows affected outcome=success batchOutcome=not_applicable comment= purpose= auditReason=matched benchmark update tracePath=[0:OPERATION:Merchant=mutation -> 1:ENTITY:Merchant= -> 2:PROVIDER:postgresql= -> 3:SQL:update=] mutationLineage=[0:AUDIT_REASON:Merchant#1=matched benchmark update]
SQL: -- TeaQL PLAIN
UPDATE merchant_data SET task_life_hours = 49 , version = 806 WHERE id = 1 AND version = 805
[TeaQL SQL][query][325us] 1 rows returned outcome=success batchOutcome=not_applicable comment=matched benchmark update purpose=runtime: read authoritative persisted mutation result auditReason=matched benchmark update tracePath=[0:OPERATION:Merchant=query -> 1:REQUEST:Merchant= -> 2:PROVIDER:postgresql= -> 3:SQL:select=] mutationLineage=[0:AUDIT_REASON:Merchant#1=matched benchmark update]
SQL: -- TeaQL PLAIN
SELECT * FROM merchant_data WHERE id = 1
[TeaQL SQL][query][301us] 1 rows returned outcome=success batchOutcome=not_applicable comment=matched merchant read with relation purpose=matched benchmark read auditReason= tracePath=[0:OPERATION:Merchant=query -> 1:REQUEST:Merchant= -> 2:PROVIDER:postgresql= -> 3:SQL:select=] mutationLineage=[]
SQL: -- TeaQL PLAIN
SELECT id, name, code, external_id AS externalId, task_life_hours AS taskLifeHours, version, platform FROM merchant_data WHERE (version > 0) AND (external_id = 'matched-merchant') LIMIT 1000 OFFSET 0
[TeaQL SQL][query][333us] 1 rows returned outcome=success batchOutcome=not_applicable comment=matched merchant read with relation purpose=matched benchmark read auditReason= tracePath=[0:OPERATION:Merchant=query -> 1:REQUEST:Merchant= -> 2:RELATION:platform=Merchant.platform -> 3:PROVIDER:postgresql= -> 4:SQL:select=] mutationLineage=[]
SQL: -- TeaQL PLAIN
SELECT id, create_time AS createTime, last_update_time AS lastUpdateTime, name, version FROM platform_data WHERE (version > 0) AND (id = 1) LIMIT 1 OFFSET 0
[TeaQL SQL][query][475us] 1 rows returned outcome=success batchOutcome=not_applicable comment=matched update lookup purpose=matched benchmark write auditReason= tracePath=[0:OPERATION:Merchant=query -> 1:REQUEST:Merchant= -> 2:PROVIDER:postgresql= -> 3:SQL:select=] mutationLineage=[]
SQL: -- TeaQL PLAIN
SELECT id, name, code, external_id AS externalId, task_life_hours AS taskLifeHours, platform, version FROM merchant_data WHERE (version > 0) AND (external_id = 'matched-merchant') LIMIT 1000 OFFSET 0
[TeaQL SQL][mutation][388us] 1 rows affected outcome=success batchOutcome=not_applicable comment= purpose= auditReason=matched benchmark update tracePath=[0:OPERATION:Merchant=mutation -> 1:ENTITY:Merchant= -> 2:PROVIDER:postgresql= -> 3:SQL:update=] mutationLineage=[0:AUDIT_REASON:Merchant#1=matched benchmark update]
SQL: -- TeaQL PLAIN
UPDATE merchant_data SET task_life_hours = 48 , version = 807 WHERE id = 1 AND version = 806
[TeaQL SQL][query][319us] 1 rows returned outcome=success batchOutcome=not_applicable comment=matched benchmark update purpose=runtime: read authoritative persisted mutation result auditReason=matched benchmark update tracePath=[0:OPERATION:Merchant=query -> 1:REQUEST:Merchant= -> 2:PROVIDER:postgresql= -> 3:SQL:select=] mutationLineage=[0:AUDIT_REASON:Merchant#1=matched benchmark update]
SQL: -- TeaQL PLAIN
SELECT * FROM merchant_data WHERE id = 1
[TeaQL SQL][query][397us] 1 rows returned outcome=success batchOutcome=not_applicable comment=matched merchant read with relation purpose=matched benchmark read auditReason= tracePath=[0:OPERATION:Merchant=query -> 1:REQUEST:Merchant= -> 2:PROVIDER:postgresql= -> 3:SQL:select=] mutationLineage=[]
SQL: -- TeaQL PLAIN
SELECT id, name, code, external_id AS externalId, task_life_hours AS taskLifeHours, version, platform FROM merchant_data WHERE (version > 0) AND (external_id = 'matched-merchant') LIMIT 1000 OFFSET 0
[TeaQL SQL][query][366us] 1 rows returned outcome=success batchOutcome=not_applicable comment=matched merchant read with relation purpose=matched benchmark read auditReason= tracePath=[0:OPERATION:Merchant=query -> 1:REQUEST:Merchant= -> 2:RELATION:platform=Merchant.platform -> 3:PROVIDER:postgresql= -> 4:SQL:select=] mutationLineage=[]
SQL: -- TeaQL PLAIN
SELECT id, create_time AS createTime, last_update_time AS lastUpdateTime, name, version FROM platform_data WHERE (version > 0) AND (id = 1) LIMIT 1 OFFSET 0
