Started StandaloneProbe in 0.469 seconds
[TeaQL SQL][query][217031us] 1 rows returned outcome=success batchOutcome=not_applicable comment=matched merchant read with relation purpose=matched benchmark read auditReason= tracePath=[0:OPERATION:Merchant=query -> 1:REQUEST:Merchant= -> 2:PROVIDER:postgresql= -> 3:SQL:select=] mutationLineage=[]
SQL: -- TeaQL PLAIN
SELECT id, name, code, external_id AS externalId, task_life_hours AS taskLifeHours, version, platform FROM merchant_data WHERE (version > 0) AND (external_id = 'matched-merchant') LIMIT 1000 OFFSET 0
[TeaQL SQL][query][2039us] 1 rows returned outcome=success batchOutcome=not_applicable comment=matched merchant read with relation purpose=matched benchmark read auditReason= tracePath=[0:OPERATION:Merchant=query -> 1:REQUEST:Merchant= -> 2:RELATION:platform=Merchant.platform -> 3:PROVIDER:postgresql= -> 4:SQL:select=] mutationLineage=[]
SQL: -- TeaQL PLAIN
SELECT id, create_time AS createTime, last_update_time AS lastUpdateTime, name, version FROM platform_data WHERE (version > 0) AND (id = 1) LIMIT 1 OFFSET 0
[TeaQL SQL][query][861us] 1 rows returned outcome=success batchOutcome=not_applicable comment=matched merchant read with relation purpose=matched benchmark read auditReason= tracePath=[0:OPERATION:Merchant=query -> 1:REQUEST:Merchant= -> 2:PROVIDER:postgresql= -> 3:SQL:select=] mutationLineage=[]
SQL: -- TeaQL PLAIN
SELECT id, name, code, external_id AS externalId, task_life_hours AS taskLifeHours, version, platform FROM merchant_data WHERE (version > 0) AND (external_id = 'matched-merchant') LIMIT 1000 OFFSET 0
[TeaQL SQL][query][956us] 1 rows returned outcome=success batchOutcome=not_applicable comment=matched merchant read with relation purpose=matched benchmark read auditReason= tracePath=[0:OPERATION:Merchant=query -> 1:REQUEST:Merchant= -> 2:RELATION:platform=Merchant.platform -> 3:PROVIDER:postgresql= -> 4:SQL:select=] mutationLineage=[]
SQL: -- TeaQL PLAIN
SELECT id, create_time AS createTime, last_update_time AS lastUpdateTime, name, version FROM platform_data WHERE (version > 0) AND (id = 1) LIMIT 1 OFFSET 0
[TeaQL SQL][query][820us] 1 rows returned outcome=success batchOutcome=not_applicable comment=matched merchant read with relation purpose=matched benchmark read auditReason= tracePath=[0:OPERATION:Merchant=query -> 1:REQUEST:Merchant= -> 2:PROVIDER:postgresql= -> 3:SQL:select=] mutationLineage=[]
SQL: -- TeaQL PLAIN
SELECT id, name, code, external_id AS externalId, task_life_hours AS taskLifeHours, version, platform FROM merchant_data WHERE (version > 0) AND (external_id = 'matched-merchant') LIMIT 1000 OFFSET 0
[TeaQL SQL][query][955us] 1 rows returned outcome=success batchOutcome=not_applicable comment=matched merchant read with relation purpose=matched benchmark read auditReason= tracePath=[0:OPERATION:Merchant=query -> 1:REQUEST:Merchant= -> 2:RELATION:platform=Merchant.platform -> 3:PROVIDER:postgresql= -> 4:SQL:select=] mutationLineage=[]
SQL: -- TeaQL PLAIN
SELECT id, create_time AS createTime, last_update_time AS lastUpdateTime, name, version FROM platform_data WHERE (version > 0) AND (id = 1) LIMIT 1 OFFSET 0
[TeaQL SQL][query][1090us] 1 rows returned outcome=success batchOutcome=not_applicable comment=matched merchant read with relation purpose=matched benchmark read auditReason= tracePath=[0:OPERATION:Merchant=query -> 1:REQUEST:Merchant= -> 2:PROVIDER:postgresql= -> 3:SQL:select=] mutationLineage=[]
SQL: -- TeaQL PLAIN
SELECT id, name, code, external_id AS externalId, task_life_hours AS taskLifeHours, version, platform FROM merchant_data WHERE (version > 0) AND (external_id = 'matched-merchant') LIMIT 1000 OFFSET 0
[TeaQL SQL][query][1054us] 1 rows returned outcome=success batchOutcome=not_applicable comment=matched merchant read with relation purpose=matched benchmark read auditReason= tracePath=[0:OPERATION:Merchant=query -> 1:REQUEST:Merchant= -> 2:RELATION:platform=Merchant.platform -> 3:PROVIDER:postgresql= -> 4:SQL:select=] mutationLineage=[]
SQL: -- TeaQL PLAIN
SELECT id, create_time AS createTime, last_update_time AS lastUpdateTime, name, version FROM platform_data WHERE (version > 0) AND (id = 1) LIMIT 1 OFFSET 0
[TeaQL SQL][query][940us] 1 rows returned outcome=success batchOutcome=not_applicable comment=matched merchant read with relation purpose=matched benchmark read auditReason= tracePath=[0:OPERATION:Merchant=query -> 1:REQUEST:Merchant= -> 2:PROVIDER:postgresql= -> 3:SQL:select=] mutationLineage=[]
SQL: -- TeaQL PLAIN
SELECT id, name, code, external_id AS externalId, task_life_hours AS taskLifeHours, version, platform FROM merchant_data WHERE (version > 0) AND (external_id = 'matched-merchant') LIMIT 1000 OFFSET 0
[TeaQL SQL][query][976us] 1 rows returned outcome=success batchOutcome=not_applicable comment=matched merchant read with relation purpose=matched benchmark read auditReason= tracePath=[0:OPERATION:Merchant=query -> 1:REQUEST:Merchant= -> 2:RELATION:platform=Merchant.platform -> 3:PROVIDER:postgresql= -> 4:SQL:select=] mutationLineage=[]
SQL: -- TeaQL PLAIN
SELECT id, create_time AS createTime, last_update_time AS lastUpdateTime, name, version FROM platform_data WHERE (version > 0) AND (id = 1) LIMIT 1 OFFSET 0
[TeaQL SQL][query][539us] 1 rows returned outcome=success batchOutcome=not_applicable comment=matched merchant read with relation purpose=matched benchmark read auditReason= tracePath=[0:OPERATION:Merchant=query -> 1:REQUEST:Merchant= -> 2:PROVIDER:postgresql= -> 3:SQL:select=] mutationLineage=[]
SQL: -- TeaQL PLAIN
SELECT id, name, code, external_id AS externalId, task_life_hours AS taskLifeHours, version, platform FROM merchant_data WHERE (version > 0) AND (external_id = 'matched-merchant') LIMIT 1000 OFFSET 0
[TeaQL SQL][query][1030us] 1 rows returned outcome=success batchOutcome=not_applicable comment=matched merchant read with relation purpose=matched benchmark read auditReason= tracePath=[0:OPERATION:Merchant=query -> 1:REQUEST:Merchant= -> 2:RELATION:platform=Merchant.platform -> 3:PROVIDER:postgresql= -> 4:SQL:select=] mutationLineage=[]
SQL: -- TeaQL PLAIN
SELECT id, create_time AS createTime, last_update_time AS lastUpdateTime, name, version FROM platform_data WHERE (version > 0) AND (id = 1) LIMIT 1 OFFSET 0
[TeaQL SQL][query][675us] 1 rows returned outcome=success batchOutcome=not_applicable comment=matched merchant read with relation purpose=matched benchmark read auditReason= tracePath=[0:OPERATION:Merchant=query -> 1:REQUEST:Merchant= -> 2:PROVIDER:postgresql= -> 3:SQL:select=] mutationLineage=[]
SQL: -- TeaQL PLAIN
SELECT id, name, code, external_id AS externalId, task_life_hours AS taskLifeHours, version, platform FROM merchant_data WHERE (version > 0) AND (external_id = 'matched-merchant') LIMIT 1000 OFFSET 0
[TeaQL SQL][query][747us] 1 rows returned outcome=success batchOutcome=not_applicable comment=matched merchant read with relation purpose=matched benchmark read auditReason= tracePath=[0:OPERATION:Merchant=query -> 1:REQUEST:Merchant= -> 2:RELATION:platform=Merchant.platform -> 3:PROVIDER:postgresql= -> 4:SQL:select=] mutationLineage=[]
SQL: -- TeaQL PLAIN
SELECT id, create_time AS createTime, last_update_time AS lastUpdateTime, name, version FROM platform_data WHERE (version > 0) AND (id = 1) LIMIT 1 OFFSET 0
[TeaQL SQL][query][719us] 1 rows returned outcome=success batchOutcome=not_applicable comment=matched merchant read with relation purpose=matched benchmark read auditReason= tracePath=[0:OPERATION:Merchant=query -> 1:REQUEST:Merchant= -> 2:PROVIDER:postgresql= -> 3:SQL:select=] mutationLineage=[]
SQL: -- TeaQL PLAIN
SELECT id, name, code, external_id AS externalId, task_life_hours AS taskLifeHours, version, platform FROM merchant_data WHERE (version > 0) AND (external_id = 'matched-merchant') LIMIT 1000 OFFSET 0
[TeaQL SQL][query][773us] 1 rows returned outcome=success batchOutcome=not_applicable comment=matched merchant read with relation purpose=matched benchmark read auditReason= tracePath=[0:OPERATION:Merchant=query -> 1:REQUEST:Merchant= -> 2:RELATION:platform=Merchant.platform -> 3:PROVIDER:postgresql= -> 4:SQL:select=] mutationLineage=[]
SQL: -- TeaQL PLAIN
SELECT id, create_time AS createTime, last_update_time AS lastUpdateTime, name, version FROM platform_data WHERE (version > 0) AND (id = 1) LIMIT 1 OFFSET 0
[TeaQL SQL][query][534us] 1 rows returned outcome=success batchOutcome=not_applicable comment=matched merchant read with relation purpose=matched benchmark read auditReason= tracePath=[0:OPERATION:Merchant=query -> 1:REQUEST:Merchant= -> 2:PROVIDER:postgresql= -> 3:SQL:select=] mutationLineage=[]
SQL: -- TeaQL PLAIN
SELECT id, name, code, external_id AS externalId, task_life_hours AS taskLifeHours, version, platform FROM merchant_data WHERE (version > 0) AND (external_id = 'matched-merchant') LIMIT 1000 OFFSET 0
[TeaQL SQL][query][604us] 1 rows returned outcome=success batchOutcome=not_applicable comment=matched merchant read with relation purpose=matched benchmark read auditReason= tracePath=[0:OPERATION:Merchant=query -> 1:REQUEST:Merchant= -> 2:RELATION:platform=Merchant.platform -> 3:PROVIDER:postgresql= -> 4:SQL:select=] mutationLineage=[]
SQL: -- TeaQL PLAIN
SELECT id, create_time AS createTime, last_update_time AS lastUpdateTime, name, version FROM platform_data WHERE (version > 0) AND (id = 1) LIMIT 1 OFFSET 0
[TeaQL SQL][query][499us] 1 rows returned outcome=success batchOutcome=not_applicable comment=matched merchant read with relation purpose=matched benchmark read auditReason= tracePath=[0:OPERATION:Merchant=query -> 1:REQUEST:Merchant= -> 2:PROVIDER:postgresql= -> 3:SQL:select=] mutationLineage=[]
SQL: -- TeaQL PLAIN
SELECT id, name, code, external_id AS externalId, task_life_hours AS taskLifeHours, version, platform FROM merchant_data WHERE (version > 0) AND (external_id = 'matched-merchant') LIMIT 1000 OFFSET 0
[TeaQL SQL][query][643us] 1 rows returned outcome=success batchOutcome=not_applicable comment=matched merchant read with relation purpose=matched benchmark read auditReason= tracePath=[0:OPERATION:Merchant=query -> 1:REQUEST:Merchant= -> 2:RELATION:platform=Merchant.platform -> 3:PROVIDER:postgresql= -> 4:SQL:select=] mutationLineage=[]
SQL: -- TeaQL PLAIN
SELECT id, create_time AS createTime, last_update_time AS lastUpdateTime, name, version FROM platform_data WHERE (version > 0) AND (id = 1) LIMIT 1 OFFSET 0
[TeaQL SQL][query][510us] 1 rows returned outcome=success batchOutcome=not_applicable comment=matched merchant read with relation purpose=matched benchmark read auditReason= tracePath=[0:OPERATION:Merchant=query -> 1:REQUEST:Merchant= -> 2:PROVIDER:postgresql= -> 3:SQL:select=] mutationLineage=[]
SQL: -- TeaQL PLAIN
SELECT id, name, code, external_id AS externalId, task_life_hours AS taskLifeHours, version, platform FROM merchant_data WHERE (version > 0) AND (external_id = 'matched-merchant') LIMIT 1000 OFFSET 0
[TeaQL SQL][query][653us] 1 rows returned outcome=success batchOutcome=not_applicable comment=matched merchant read with relation purpose=matched benchmark read auditReason= tracePath=[0:OPERATION:Merchant=query -> 1:REQUEST:Merchant= -> 2:RELATION:platform=Merchant.platform -> 3:PROVIDER:postgresql= -> 4:SQL:select=] mutationLineage=[]
SQL: -- TeaQL PLAIN
SELECT id, create_time AS createTime, last_update_time AS lastUpdateTime, name, version FROM platform_data WHERE (version > 0) AND (id = 1) LIMIT 1 OFFSET 0
[TeaQL SQL][query][473us] 1 rows returned outcome=success batchOutcome=not_applicable comment=matched merchant read with relation purpose=matched benchmark read auditReason= tracePath=[0:OPERATION:Merchant=query -> 1:REQUEST:Merchant= -> 2:PROVIDER:postgresql= -> 3:SQL:select=] mutationLineage=[]
SQL: -- TeaQL PLAIN
SELECT id, name, code, external_id AS externalId, task_life_hours AS taskLifeHours, version, platform FROM merchant_data WHERE (version > 0) AND (external_id = 'matched-merchant') LIMIT 1000 OFFSET 0
[TeaQL SQL][query][706us] 1 rows returned outcome=success batchOutcome=not_applicable comment=matched merchant read with relation purpose=matched benchmark read auditReason= tracePath=[0:OPERATION:Merchant=query -> 1:REQUEST:Merchant= -> 2:RELATION:platform=Merchant.platform -> 3:PROVIDER:postgresql= -> 4:SQL:select=] mutationLineage=[]
SQL: -- TeaQL PLAIN
SELECT id, create_time AS createTime, last_update_time AS lastUpdateTime, name, version FROM platform_data WHERE (version > 0) AND (id = 1) LIMIT 1 OFFSET 0
[TeaQL SQL][query][433us] 1 rows returned outcome=success batchOutcome=not_applicable comment=matched merchant read with relation purpose=matched benchmark read auditReason= tracePath=[0:OPERATION:Merchant=query -> 1:REQUEST:Merchant= -> 2:PROVIDER:postgresql= -> 3:SQL:select=] mutationLineage=[]
SQL: -- TeaQL PLAIN
SELECT id, name, code, external_id AS externalId, task_life_hours AS taskLifeHours, version, platform FROM merchant_data WHERE (version > 0) AND (external_id = 'matched-merchant') LIMIT 1000 OFFSET 0
[TeaQL SQL][query][523us] 1 rows returned outcome=success batchOutcome=not_applicable comment=matched merchant read with relation purpose=matched benchmark read auditReason= tracePath=[0:OPERATION:Merchant=query -> 1:REQUEST:Merchant= -> 2:RELATION:platform=Merchant.platform -> 3:PROVIDER:postgresql= -> 4:SQL:select=] mutationLineage=[]
SQL: -- TeaQL PLAIN
SELECT id, create_time AS createTime, last_update_time AS lastUpdateTime, name, version FROM platform_data WHERE (version > 0) AND (id = 1) LIMIT 1 OFFSET 0
[TeaQL SQL][query][420us] 1 rows returned outcome=success batchOutcome=not_applicable comment=matched merchant read with relation purpose=matched benchmark read auditReason= tracePath=[0:OPERATION:Merchant=query -> 1:REQUEST:Merchant= -> 2:PROVIDER:postgresql= -> 3:SQL:select=] mutationLineage=[]
SQL: -- TeaQL PLAIN
SELECT id, name, code, external_id AS externalId, task_life_hours AS taskLifeHours, version, platform FROM merchant_data WHERE (version > 0) AND (external_id = 'matched-merchant') LIMIT 1000 OFFSET 0
[TeaQL SQL][query][567us] 1 rows returned outcome=success batchOutcome=not_applicable comment=matched merchant read with relation purpose=matched benchmark read auditReason= tracePath=[0:OPERATION:Merchant=query -> 1:REQUEST:Merchant= -> 2:RELATION:platform=Merchant.platform -> 3:PROVIDER:postgresql= -> 4:SQL:select=] mutationLineage=[]
SQL: -- TeaQL PLAIN
SELECT id, create_time AS createTime, last_update_time AS lastUpdateTime, name, version FROM platform_data WHERE (version > 0) AND (id = 1) LIMIT 1 OFFSET 0
[TeaQL SQL][query][514us] 1 rows returned outcome=success batchOutcome=not_applicable comment=matched merchant read with relation purpose=matched benchmark read auditReason= tracePath=[0:OPERATION:Merchant=query -> 1:REQUEST:Merchant= -> 2:PROVIDER:postgresql= -> 3:SQL:select=] mutationLineage=[]
SQL: -- TeaQL PLAIN
SELECT id, name, code, external_id AS externalId, task_life_hours AS taskLifeHours, version, platform FROM merchant_data WHERE (version > 0) AND (external_id = 'matched-merchant') LIMIT 1000 OFFSET 0
[TeaQL SQL][query][639us] 1 rows returned outcome=success batchOutcome=not_applicable comment=matched merchant read with relation purpose=matched benchmark read auditReason= tracePath=[0:OPERATION:Merchant=query -> 1:REQUEST:Merchant= -> 2:RELATION:platform=Merchant.platform -> 3:PROVIDER:postgresql= -> 4:SQL:select=] mutationLineage=[]
SQL: -- TeaQL PLAIN
SELECT id, create_time AS createTime, last_update_time AS lastUpdateTime, name, version FROM platform_data WHERE (version > 0) AND (id = 1) LIMIT 1 OFFSET 0
[TeaQL SQL][query][493us] 1 rows returned outcome=success batchOutcome=not_applicable comment=matched merchant read with relation purpose=matched benchmark read auditReason= tracePath=[0:OPERATION:Merchant=query -> 1:REQUEST:Merchant= -> 2:PROVIDER:postgresql= -> 3:SQL:select=] mutationLineage=[]
SQL: -- TeaQL PLAIN
SELECT id, name, code, external_id AS externalId, task_life_hours AS taskLifeHours, version, platform FROM merchant_data WHERE (version > 0) AND (external_id = 'matched-merchant') LIMIT 1000 OFFSET 0
[TeaQL SQL][query][633us] 1 rows returned outcome=success batchOutcome=not_applicable comment=matched merchant read with relation purpose=matched benchmark read auditReason= tracePath=[0:OPERATION:Merchant=query -> 1:REQUEST:Merchant= -> 2:RELATION:platform=Merchant.platform -> 3:PROVIDER:postgresql= -> 4:SQL:select=] mutationLineage=[]
SQL: -- TeaQL PLAIN
SELECT id, create_time AS createTime, last_update_time AS lastUpdateTime, name, version FROM platform_data WHERE (version > 0) AND (id = 1) LIMIT 1 OFFSET 0
[TeaQL SQL][query][508us] 1 rows returned outcome=success batchOutcome=not_applicable comment=matched merchant read with relation purpose=matched benchmark read auditReason= tracePath=[0:OPERATION:Merchant=query -> 1:REQUEST:Merchant= -> 2:PROVIDER:postgresql= -> 3:SQL:select=] mutationLineage=[]
SQL: -- TeaQL PLAIN
SELECT id, name, code, external_id AS externalId, task_life_hours AS taskLifeHours, version, platform FROM merchant_data WHERE (version > 0) AND (external_id = 'matched-merchant') LIMIT 1000 OFFSET 0
[TeaQL SQL][query][519us] 1 rows returned outcome=success batchOutcome=not_applicable comment=matched merchant read with relation purpose=matched benchmark read auditReason= tracePath=[0:OPERATION:Merchant=query -> 1:REQUEST:Merchant= -> 2:RELATION:platform=Merchant.platform -> 3:PROVIDER:postgresql= -> 4:SQL:select=] mutationLineage=[]
SQL: -- TeaQL PLAIN
SELECT id, create_time AS createTime, last_update_time AS lastUpdateTime, name, version FROM platform_data WHERE (version > 0) AND (id = 1) LIMIT 1 OFFSET 0
[TeaQL SQL][query][401us] 1 rows returned outcome=success batchOutcome=not_applicable comment=matched merchant read with relation purpose=matched benchmark read auditReason= tracePath=[0:OPERATION:Merchant=query -> 1:REQUEST:Merchant= -> 2:PROVIDER:postgresql= -> 3:SQL:select=] mutationLineage=[]
SQL: -- TeaQL PLAIN
SELECT id, name, code, external_id AS externalId, task_life_hours AS taskLifeHours, version, platform FROM merchant_data WHERE (version > 0) AND (external_id = 'matched-merchant') LIMIT 1000 OFFSET 0
[TeaQL SQL][query][571us] 1 rows returned outcome=success batchOutcome=not_applicable comment=matched merchant read with relation purpose=matched benchmark read auditReason= tracePath=[0:OPERATION:Merchant=query -> 1:REQUEST:Merchant= -> 2:RELATION:platform=Merchant.platform -> 3:PROVIDER:postgresql= -> 4:SQL:select=] mutationLineage=[]
SQL: -- TeaQL PLAIN
SELECT id, create_time AS createTime, last_update_time AS lastUpdateTime, name, version FROM platform_data WHERE (version > 0) AND (id = 1) LIMIT 1 OFFSET 0
[TeaQL SQL][query][416us] 1 rows returned outcome=success batchOutcome=not_applicable comment=matched merchant read with relation purpose=matched benchmark read auditReason= tracePath=[0:OPERATION:Merchant=query -> 1:REQUEST:Merchant= -> 2:PROVIDER:postgresql= -> 3:SQL:select=] mutationLineage=[]
SQL: -- TeaQL PLAIN
SELECT id, name, code, external_id AS externalId, task_life_hours AS taskLifeHours, version, platform FROM merchant_data WHERE (version > 0) AND (external_id = 'matched-merchant') LIMIT 1000 OFFSET 0
[TeaQL SQL][query][453us] 1 rows returned outcome=success batchOutcome=not_applicable comment=matched merchant read with relation purpose=matched benchmark read auditReason= tracePath=[0:OPERATION:Merchant=query -> 1:REQUEST:Merchant= -> 2:RELATION:platform=Merchant.platform -> 3:PROVIDER:postgresql= -> 4:SQL:select=] mutationLineage=[]
SQL: -- TeaQL PLAIN
SELECT id, create_time AS createTime, last_update_time AS lastUpdateTime, name, version FROM platform_data WHERE (version > 0) AND (id = 1) LIMIT 1 OFFSET 0
[TeaQL SQL][query][437us] 1 rows returned outcome=success batchOutcome=not_applicable comment=matched merchant read with relation purpose=matched benchmark read auditReason= tracePath=[0:OPERATION:Merchant=query -> 1:REQUEST:Merchant= -> 2:PROVIDER:postgresql= -> 3:SQL:select=] mutationLineage=[]
SQL: -- TeaQL PLAIN
SELECT id, name, code, external_id AS externalId, task_life_hours AS taskLifeHours, version, platform FROM merchant_data WHERE (version > 0) AND (external_id = 'matched-merchant') LIMIT 1000 OFFSET 0
[TeaQL SQL][query][712us] 1 rows returned outcome=success batchOutcome=not_applicable comment=matched merchant read with relation purpose=matched benchmark read auditReason= tracePath=[0:OPERATION:Merchant=query -> 1:REQUEST:Merchant= -> 2:RELATION:platform=Merchant.platform -> 3:PROVIDER:postgresql= -> 4:SQL:select=] mutationLineage=[]
SQL: -- TeaQL PLAIN
SELECT id, create_time AS createTime, last_update_time AS lastUpdateTime, name, version FROM platform_data WHERE (version > 0) AND (id = 1) LIMIT 1 OFFSET 0
[TeaQL SQL][query][422us] 1 rows returned outcome=success batchOutcome=not_applicable comment=matched merchant read with relation purpose=matched benchmark read auditReason= tracePath=[0:OPERATION:Merchant=query -> 1:REQUEST:Merchant= -> 2:PROVIDER:postgresql= -> 3:SQL:select=] mutationLineage=[]
SQL: -- TeaQL PLAIN
SELECT id, name, code, external_id AS externalId, task_life_hours AS taskLifeHours, version, platform FROM merchant_data WHERE (version > 0) AND (external_id = 'matched-merchant') LIMIT 1000 OFFSET 0
[TeaQL SQL][query][534us] 1 rows returned outcome=success batchOutcome=not_applicable comment=matched merchant read with relation purpose=matched benchmark read auditReason= tracePath=[0:OPERATION:Merchant=query -> 1:REQUEST:Merchant= -> 2:RELATION:platform=Merchant.platform -> 3:PROVIDER:postgresql= -> 4:SQL:select=] mutationLineage=[]
SQL: -- TeaQL PLAIN
SELECT id, create_time AS createTime, last_update_time AS lastUpdateTime, name, version FROM platform_data WHERE (version > 0) AND (id = 1) LIMIT 1 OFFSET 0
[TeaQL SQL][query][417us] 1 rows returned outcome=success batchOutcome=not_applicable comment=matched merchant read with relation purpose=matched benchmark read auditReason= tracePath=[0:OPERATION:Merchant=query -> 1:REQUEST:Merchant= -> 2:PROVIDER:postgresql= -> 3:SQL:select=] mutationLineage=[]
SQL: -- TeaQL PLAIN
SELECT id, name, code, external_id AS externalId, task_life_hours AS taskLifeHours, version, platform FROM merchant_data WHERE (version > 0) AND (external_id = 'matched-merchant') LIMIT 1000 OFFSET 0
[TeaQL SQL][query][518us] 1 rows returned outcome=success batchOutcome=not_applicable comment=matched merchant read with relation purpose=matched benchmark read auditReason= tracePath=[0:OPERATION:Merchant=query -> 1:REQUEST:Merchant= -> 2:RELATION:platform=Merchant.platform -> 3:PROVIDER:postgresql= -> 4:SQL:select=] mutationLineage=[]
SQL: -- TeaQL PLAIN
SELECT id, create_time AS createTime, last_update_time AS lastUpdateTime, name, version FROM platform_data WHERE (version > 0) AND (id = 1) LIMIT 1 OFFSET 0
[TeaQL SQL][query][461us] 1 rows returned outcome=success batchOutcome=not_applicable comment=matched merchant read with relation purpose=matched benchmark read auditReason= tracePath=[0:OPERATION:Merchant=query -> 1:REQUEST:Merchant= -> 2:PROVIDER:postgresql= -> 3:SQL:select=] mutationLineage=[]
SQL: -- TeaQL PLAIN
SELECT id, name, code, external_id AS externalId, task_life_hours AS taskLifeHours, version, platform FROM merchant_data WHERE (version > 0) AND (external_id = 'matched-merchant') LIMIT 1000 OFFSET 0
[TeaQL SQL][query][520us] 1 rows returned outcome=success batchOutcome=not_applicable comment=matched merchant read with relation purpose=matched benchmark read auditReason= tracePath=[0:OPERATION:Merchant=query -> 1:REQUEST:Merchant= -> 2:RELATION:platform=Merchant.platform -> 3:PROVIDER:postgresql= -> 4:SQL:select=] mutationLineage=[]
SQL: -- TeaQL PLAIN
SELECT id, create_time AS createTime, last_update_time AS lastUpdateTime, name, version FROM platform_data WHERE (version > 0) AND (id = 1) LIMIT 1 OFFSET 0
[TeaQL SQL][query][489us] 1 rows returned outcome=success batchOutcome=not_applicable comment=matched merchant read with relation purpose=matched benchmark read auditReason= tracePath=[0:OPERATION:Merchant=query -> 1:REQUEST:Merchant= -> 2:PROVIDER:postgresql= -> 3:SQL:select=] mutationLineage=[]
SQL: -- TeaQL PLAIN
SELECT id, name, code, external_id AS externalId, task_life_hours AS taskLifeHours, version, platform FROM merchant_data WHERE (version > 0) AND (external_id = 'matched-merchant') LIMIT 1000 OFFSET 0
[TeaQL SQL][query][606us] 1 rows returned outcome=success batchOutcome=not_applicable comment=matched merchant read with relation purpose=matched benchmark read auditReason= tracePath=[0:OPERATION:Merchant=query -> 1:REQUEST:Merchant= -> 2:RELATION:platform=Merchant.platform -> 3:PROVIDER:postgresql= -> 4:SQL:select=] mutationLineage=[]
SQL: -- TeaQL PLAIN
SELECT id, create_time AS createTime, last_update_time AS lastUpdateTime, name, version FROM platform_data WHERE (version > 0) AND (id = 1) LIMIT 1 OFFSET 0
[TeaQL SQL][query][526us] 1 rows returned outcome=success batchOutcome=not_applicable comment=matched merchant read with relation purpose=matched benchmark read auditReason= tracePath=[0:OPERATION:Merchant=query -> 1:REQUEST:Merchant= -> 2:PROVIDER:postgresql= -> 3:SQL:select=] mutationLineage=[]
SQL: -- TeaQL PLAIN
SELECT id, name, code, external_id AS externalId, task_life_hours AS taskLifeHours, version, platform FROM merchant_data WHERE (version > 0) AND (external_id = 'matched-merchant') LIMIT 1000 OFFSET 0
[TeaQL SQL][query][491us] 1 rows returned outcome=success batchOutcome=not_applicable comment=matched merchant read with relation purpose=matched benchmark read auditReason= tracePath=[0:OPERATION:Merchant=query -> 1:REQUEST:Merchant= -> 2:RELATION:platform=Merchant.platform -> 3:PROVIDER:postgresql= -> 4:SQL:select=] mutationLineage=[]
SQL: -- TeaQL PLAIN
SELECT id, create_time AS createTime, last_update_time AS lastUpdateTime, name, version FROM platform_data WHERE (version > 0) AND (id = 1) LIMIT 1 OFFSET 0
[TeaQL SQL][query][398us] 1 rows returned outcome=success batchOutcome=not_applicable comment=matched merchant read with relation purpose=matched benchmark read auditReason= tracePath=[0:OPERATION:Merchant=query -> 1:REQUEST:Merchant= -> 2:PROVIDER:postgresql= -> 3:SQL:select=] mutationLineage=[]
SQL: -- TeaQL PLAIN
SELECT id, name, code, external_id AS externalId, task_life_hours AS taskLifeHours, version, platform FROM merchant_data WHERE (version > 0) AND (external_id = 'matched-merchant') LIMIT 1000 OFFSET 0
[TeaQL SQL][query][469us] 1 rows returned outcome=success batchOutcome=not_applicable comment=matched merchant read with relation purpose=matched benchmark read auditReason= tracePath=[0:OPERATION:Merchant=query -> 1:REQUEST:Merchant= -> 2:RELATION:platform=Merchant.platform -> 3:PROVIDER:postgresql= -> 4:SQL:select=] mutationLineage=[]
SQL: -- TeaQL PLAIN
SELECT id, create_time AS createTime, last_update_time AS lastUpdateTime, name, version FROM platform_data WHERE (version > 0) AND (id = 1) LIMIT 1 OFFSET 0
[TeaQL SQL][query][650us] 1 rows returned outcome=success batchOutcome=not_applicable comment=matched merchant read with relation purpose=matched benchmark read auditReason= tracePath=[0:OPERATION:Merchant=query -> 1:REQUEST:Merchant= -> 2:PROVIDER:postgresql= -> 3:SQL:select=] mutationLineage=[]
SQL: -- TeaQL PLAIN
SELECT id, name, code, external_id AS externalId, task_life_hours AS taskLifeHours, version, platform FROM merchant_data WHERE (version > 0) AND (external_id = 'matched-merchant') LIMIT 1000 OFFSET 0
[TeaQL SQL][query][580us] 1 rows returned outcome=success batchOutcome=not_applicable comment=matched merchant read with relation purpose=matched benchmark read auditReason= tracePath=[0:OPERATION:Merchant=query -> 1:REQUEST:Merchant= -> 2:RELATION:platform=Merchant.platform -> 3:PROVIDER:postgresql= -> 4:SQL:select=] mutationLineage=[]
SQL: -- TeaQL PLAIN
SELECT id, create_time AS createTime, last_update_time AS lastUpdateTime, name, version FROM platform_data WHERE (version > 0) AND (id = 1) LIMIT 1 OFFSET 0
[TeaQL SQL][query][643us] 1 rows returned outcome=success batchOutcome=not_applicable comment=matched merchant read with relation purpose=matched benchmark read auditReason= tracePath=[0:OPERATION:Merchant=query -> 1:REQUEST:Merchant= -> 2:PROVIDER:postgresql= -> 3:SQL:select=] mutationLineage=[]
SQL: -- TeaQL PLAIN
SELECT id, name, code, external_id AS externalId, task_life_hours AS taskLifeHours, version, platform FROM merchant_data WHERE (version > 0) AND (external_id = 'matched-merchant') LIMIT 1000 OFFSET 0
[TeaQL SQL][query][627us] 1 rows returned outcome=success batchOutcome=not_applicable comment=matched merchant read with relation purpose=matched benchmark read auditReason= tracePath=[0:OPERATION:Merchant=query -> 1:REQUEST:Merchant= -> 2:RELATION:platform=Merchant.platform -> 3:PROVIDER:postgresql= -> 4:SQL:select=] mutationLineage=[]
SQL: -- TeaQL PLAIN
SELECT id, create_time AS createTime, last_update_time AS lastUpdateTime, name, version FROM platform_data WHERE (version > 0) AND (id = 1) LIMIT 1 OFFSET 0
[TeaQL SQL][query][590us] 1 rows returned outcome=success batchOutcome=not_applicable comment=matched merchant read with relation purpose=matched benchmark read auditReason= tracePath=[0:OPERATION:Merchant=query -> 1:REQUEST:Merchant= -> 2:PROVIDER:postgresql= -> 3:SQL:select=] mutationLineage=[]
SQL: -- TeaQL PLAIN
SELECT id, name, code, external_id AS externalId, task_life_hours AS taskLifeHours, version, platform FROM merchant_data WHERE (version > 0) AND (external_id = 'matched-merchant') LIMIT 1000 OFFSET 0
[TeaQL SQL][query][629us] 1 rows returned outcome=success batchOutcome=not_applicable comment=matched merchant read with relation purpose=matched benchmark read auditReason= tracePath=[0:OPERATION:Merchant=query -> 1:REQUEST:Merchant= -> 2:RELATION:platform=Merchant.platform -> 3:PROVIDER:postgresql= -> 4:SQL:select=] mutationLineage=[]
SQL: -- TeaQL PLAIN
SELECT id, create_time AS createTime, last_update_time AS lastUpdateTime, name, version FROM platform_data WHERE (version > 0) AND (id = 1) LIMIT 1 OFFSET 0
[TeaQL SQL][query][573us] 1 rows returned outcome=success batchOutcome=not_applicable comment=matched merchant read with relation purpose=matched benchmark read auditReason= tracePath=[0:OPERATION:Merchant=query -> 1:REQUEST:Merchant= -> 2:PROVIDER:postgresql= -> 3:SQL:select=] mutationLineage=[]
SQL: -- TeaQL PLAIN
SELECT id, name, code, external_id AS externalId, task_life_hours AS taskLifeHours, version, platform FROM merchant_data WHERE (version > 0) AND (external_id = 'matched-merchant') LIMIT 1000 OFFSET 0
[TeaQL SQL][query][667us] 1 rows returned outcome=success batchOutcome=not_applicable comment=matched merchant read with relation purpose=matched benchmark read auditReason= tracePath=[0:OPERATION:Merchant=query -> 1:REQUEST:Merchant= -> 2:RELATION:platform=Merchant.platform -> 3:PROVIDER:postgresql= -> 4:SQL:select=] mutationLineage=[]
SQL: -- TeaQL PLAIN
SELECT id, create_time AS createTime, last_update_time AS lastUpdateTime, name, version FROM platform_data WHERE (version > 0) AND (id = 1) LIMIT 1 OFFSET 0
[TeaQL SQL][query][756us] 1 rows returned outcome=success batchOutcome=not_applicable comment=matched merchant read with relation purpose=matched benchmark read auditReason= tracePath=[0:OPERATION:Merchant=query -> 1:REQUEST:Merchant= -> 2:PROVIDER:postgresql= -> 3:SQL:select=] mutationLineage=[]
SQL: -- TeaQL PLAIN
SELECT id, name, code, external_id AS externalId, task_life_hours AS taskLifeHours, version, platform FROM merchant_data WHERE (version > 0) AND (external_id = 'matched-merchant') LIMIT 1000 OFFSET 0
[TeaQL SQL][query][620us] 1 rows returned outcome=success batchOutcome=not_applicable comment=matched merchant read with relation purpose=matched benchmark read auditReason= tracePath=[0:OPERATION:Merchant=query -> 1:REQUEST:Merchant= -> 2:RELATION:platform=Merchant.platform -> 3:PROVIDER:postgresql= -> 4:SQL:select=] mutationLineage=[]
SQL: -- TeaQL PLAIN
SELECT id, create_time AS createTime, last_update_time AS lastUpdateTime, name, version FROM platform_data WHERE (version > 0) AND (id = 1) LIMIT 1 OFFSET 0
[TeaQL SQL][query][657us] 1 rows returned outcome=success batchOutcome=not_applicable comment=matched merchant read with relation purpose=matched benchmark read auditReason= tracePath=[0:OPERATION:Merchant=query -> 1:REQUEST:Merchant= -> 2:PROVIDER:postgresql= -> 3:SQL:select=] mutationLineage=[]
SQL: -- TeaQL PLAIN
SELECT id, name, code, external_id AS externalId, task_life_hours AS taskLifeHours, version, platform FROM merchant_data WHERE (version > 0) AND (external_id = 'matched-merchant') LIMIT 1000 OFFSET 0
[TeaQL SQL][query][673us] 1 rows returned outcome=success batchOutcome=not_applicable comment=matched merchant read with relation purpose=matched benchmark read auditReason= tracePath=[0:OPERATION:Merchant=query -> 1:REQUEST:Merchant= -> 2:RELATION:platform=Merchant.platform -> 3:PROVIDER:postgresql= -> 4:SQL:select=] mutationLineage=[]
SQL: -- TeaQL PLAIN
SELECT id, create_time AS createTime, last_update_time AS lastUpdateTime, name, version FROM platform_data WHERE (version > 0) AND (id = 1) LIMIT 1 OFFSET 0
[TeaQL SQL][query][575us] 1 rows returned outcome=success batchOutcome=not_applicable comment=matched merchant read with relation purpose=matched benchmark read auditReason= tracePath=[0:OPERATION:Merchant=query -> 1:REQUEST:Merchant= -> 2:PROVIDER:postgresql= -> 3:SQL:select=] mutationLineage=[]
SQL: -- TeaQL PLAIN
SELECT id, name, code, external_id AS externalId, task_life_hours AS taskLifeHours, version, platform FROM merchant_data WHERE (version > 0) AND (external_id = 'matched-merchant') LIMIT 1000 OFFSET 0
[TeaQL SQL][query][539us] 1 rows returned outcome=success batchOutcome=not_applicable comment=matched merchant read with relation purpose=matched benchmark read auditReason= tracePath=[0:OPERATION:Merchant=query -> 1:REQUEST:Merchant= -> 2:RELATION:platform=Merchant.platform -> 3:PROVIDER:postgresql= -> 4:SQL:select=] mutationLineage=[]
SQL: -- TeaQL PLAIN
SELECT id, create_time AS createTime, last_update_time AS lastUpdateTime, name, version FROM platform_data WHERE (version > 0) AND (id = 1) LIMIT 1 OFFSET 0
[TeaQL SQL][query][539us] 1 rows returned outcome=success batchOutcome=not_applicable comment=matched merchant read with relation purpose=matched benchmark read auditReason= tracePath=[0:OPERATION:Merchant=query -> 1:REQUEST:Merchant= -> 2:PROVIDER:postgresql= -> 3:SQL:select=] mutationLineage=[]
SQL: -- TeaQL PLAIN
SELECT id, name, code, external_id AS externalId, task_life_hours AS taskLifeHours, version, platform FROM merchant_data WHERE (version > 0) AND (external_id = 'matched-merchant') LIMIT 1000 OFFSET 0
[TeaQL SQL][query][529us] 1 rows returned outcome=success batchOutcome=not_applicable comment=matched merchant read with relation purpose=matched benchmark read auditReason= tracePath=[0:OPERATION:Merchant=query -> 1:REQUEST:Merchant= -> 2:RELATION:platform=Merchant.platform -> 3:PROVIDER:postgresql= -> 4:SQL:select=] mutationLineage=[]
SQL: -- TeaQL PLAIN
SELECT id, create_time AS createTime, last_update_time AS lastUpdateTime, name, version FROM platform_data WHERE (version > 0) AND (id = 1) LIMIT 1 OFFSET 0
[TeaQL SQL][query][538us] 1 rows returned outcome=success batchOutcome=not_applicable comment=matched merchant read with relation purpose=matched benchmark read auditReason= tracePath=[0:OPERATION:Merchant=query -> 1:REQUEST:Merchant= -> 2:PROVIDER:postgresql= -> 3:SQL:select=] mutationLineage=[]
SQL: -- TeaQL PLAIN
SELECT id, name, code, external_id AS externalId, task_life_hours AS taskLifeHours, version, platform FROM merchant_data WHERE (version > 0) AND (external_id = 'matched-merchant') LIMIT 1000 OFFSET 0
[TeaQL SQL][query][590us] 1 rows returned outcome=success batchOutcome=not_applicable comment=matched merchant read with relation purpose=matched benchmark read auditReason= tracePath=[0:OPERATION:Merchant=query -> 1:REQUEST:Merchant= -> 2:RELATION:platform=Merchant.platform -> 3:PROVIDER:postgresql= -> 4:SQL:select=] mutationLineage=[]
SQL: -- TeaQL PLAIN
SELECT id, create_time AS createTime, last_update_time AS lastUpdateTime, name, version FROM platform_data WHERE (version > 0) AND (id = 1) LIMIT 1 OFFSET 0
[TeaQL SQL][query][666us] 1 rows returned outcome=success batchOutcome=not_applicable comment=matched merchant read with relation purpose=matched benchmark read auditReason= tracePath=[0:OPERATION:Merchant=query -> 1:REQUEST:Merchant= -> 2:PROVIDER:postgresql= -> 3:SQL:select=] mutationLineage=[]
SQL: -- TeaQL PLAIN
SELECT id, name, code, external_id AS externalId, task_life_hours AS taskLifeHours, version, platform FROM merchant_data WHERE (version > 0) AND (external_id = 'matched-merchant') LIMIT 1000 OFFSET 0
[TeaQL SQL][query][639us] 1 rows returned outcome=success batchOutcome=not_applicable comment=matched merchant read with relation purpose=matched benchmark read auditReason= tracePath=[0:OPERATION:Merchant=query -> 1:REQUEST:Merchant= -> 2:RELATION:platform=Merchant.platform -> 3:PROVIDER:postgresql= -> 4:SQL:select=] mutationLineage=[]
SQL: -- TeaQL PLAIN
SELECT id, create_time AS createTime, last_update_time AS lastUpdateTime, name, version FROM platform_data WHERE (version > 0) AND (id = 1) LIMIT 1 OFFSET 0
[TeaQL SQL][query][588us] 1 rows returned outcome=success batchOutcome=not_applicable comment=matched merchant read with relation purpose=matched benchmark read auditReason= tracePath=[0:OPERATION:Merchant=query -> 1:REQUEST:Merchant= -> 2:PROVIDER:postgresql= -> 3:SQL:select=] mutationLineage=[]
SQL: -- TeaQL PLAIN
SELECT id, name, code, external_id AS externalId, task_life_hours AS taskLifeHours, version, platform FROM merchant_data WHERE (version > 0) AND (external_id = 'matched-merchant') LIMIT 1000 OFFSET 0
[TeaQL SQL][query][585us] 1 rows returned outcome=success batchOutcome=not_applicable comment=matched merchant read with relation purpose=matched benchmark read auditReason= tracePath=[0:OPERATION:Merchant=query -> 1:REQUEST:Merchant= -> 2:RELATION:platform=Merchant.platform -> 3:PROVIDER:postgresql= -> 4:SQL:select=] mutationLineage=[]
SQL: -- TeaQL PLAIN
SELECT id, create_time AS createTime, last_update_time AS lastUpdateTime, name, version FROM platform_data WHERE (version > 0) AND (id = 1) LIMIT 1 OFFSET 0
[TeaQL SQL][query][614us] 1 rows returned outcome=success batchOutcome=not_applicable comment=matched merchant read with relation purpose=matched benchmark read auditReason= tracePath=[0:OPERATION:Merchant=query -> 1:REQUEST:Merchant= -> 2:PROVIDER:postgresql= -> 3:SQL:select=] mutationLineage=[]
SQL: -- TeaQL PLAIN
SELECT id, name, code, external_id AS externalId, task_life_hours AS taskLifeHours, version, platform FROM merchant_data WHERE (version > 0) AND (external_id = 'matched-merchant') LIMIT 1000 OFFSET 0
[TeaQL SQL][query][581us] 1 rows returned outcome=success batchOutcome=not_applicable comment=matched merchant read with relation purpose=matched benchmark read auditReason= tracePath=[0:OPERATION:Merchant=query -> 1:REQUEST:Merchant= -> 2:RELATION:platform=Merchant.platform -> 3:PROVIDER:postgresql= -> 4:SQL:select=] mutationLineage=[]
SQL: -- TeaQL PLAIN
SELECT id, create_time AS createTime, last_update_time AS lastUpdateTime, name, version FROM platform_data WHERE (version > 0) AND (id = 1) LIMIT 1 OFFSET 0
[TeaQL SQL][query][551us] 1 rows returned outcome=success batchOutcome=not_applicable comment=matched merchant read with relation purpose=matched benchmark read auditReason= tracePath=[0:OPERATION:Merchant=query -> 1:REQUEST:Merchant= -> 2:PROVIDER:postgresql= -> 3:SQL:select=] mutationLineage=[]
SQL: -- TeaQL PLAIN
SELECT id, name, code, external_id AS externalId, task_life_hours AS taskLifeHours, version, platform FROM merchant_data WHERE (version > 0) AND (external_id = 'matched-merchant') LIMIT 1000 OFFSET 0
[TeaQL SQL][query][573us] 1 rows returned outcome=success batchOutcome=not_applicable comment=matched merchant read with relation purpose=matched benchmark read auditReason= tracePath=[0:OPERATION:Merchant=query -> 1:REQUEST:Merchant= -> 2:RELATION:platform=Merchant.platform -> 3:PROVIDER:postgresql= -> 4:SQL:select=] mutationLineage=[]
SQL: -- TeaQL PLAIN
SELECT id, create_time AS createTime, last_update_time AS lastUpdateTime, name, version FROM platform_data WHERE (version > 0) AND (id = 1) LIMIT 1 OFFSET 0
[TeaQL SQL][query][591us] 1 rows returned outcome=success batchOutcome=not_applicable comment=matched merchant read with relation purpose=matched benchmark read auditReason= tracePath=[0:OPERATION:Merchant=query -> 1:REQUEST:Merchant= -> 2:PROVIDER:postgresql= -> 3:SQL:select=] mutationLineage=[]
SQL: -- TeaQL PLAIN
SELECT id, name, code, external_id AS externalId, task_life_hours AS taskLifeHours, version, platform FROM merchant_data WHERE (version > 0) AND (external_id = 'matched-merchant') LIMIT 1000 OFFSET 0
[TeaQL SQL][query][649us] 1 rows returned outcome=success batchOutcome=not_applicable comment=matched merchant read with relation purpose=matched benchmark read auditReason= tracePath=[0:OPERATION:Merchant=query -> 1:REQUEST:Merchant= -> 2:RELATION:platform=Merchant.platform -> 3:PROVIDER:postgresql= -> 4:SQL:select=] mutationLineage=[]
SQL: -- TeaQL PLAIN
SELECT id, create_time AS createTime, last_update_time AS lastUpdateTime, name, version FROM platform_data WHERE (version > 0) AND (id = 1) LIMIT 1 OFFSET 0
[TeaQL SQL][query][602us] 1 rows returned outcome=success batchOutcome=not_applicable comment=matched merchant read with relation purpose=matched benchmark read auditReason= tracePath=[0:OPERATION:Merchant=query -> 1:REQUEST:Merchant= -> 2:PROVIDER:postgresql= -> 3:SQL:select=] mutationLineage=[]
SQL: -- TeaQL PLAIN
SELECT id, name, code, external_id AS externalId, task_life_hours AS taskLifeHours, version, platform FROM merchant_data WHERE (version > 0) AND (external_id = 'matched-merchant') LIMIT 1000 OFFSET 0
[TeaQL SQL][query][630us] 1 rows returned outcome=success batchOutcome=not_applicable comment=matched merchant read with relation purpose=matched benchmark read auditReason= tracePath=[0:OPERATION:Merchant=query -> 1:REQUEST:Merchant= -> 2:RELATION:platform=Merchant.platform -> 3:PROVIDER:postgresql= -> 4:SQL:select=] mutationLineage=[]
SQL: -- TeaQL PLAIN
SELECT id, create_time AS createTime, last_update_time AS lastUpdateTime, name, version FROM platform_data WHERE (version > 0) AND (id = 1) LIMIT 1 OFFSET 0
[TeaQL SQL][query][625us] 1 rows returned outcome=success batchOutcome=not_applicable comment=matched merchant read with relation purpose=matched benchmark read auditReason= tracePath=[0:OPERATION:Merchant=query -> 1:REQUEST:Merchant= -> 2:PROVIDER:postgresql= -> 3:SQL:select=] mutationLineage=[]
SQL: -- TeaQL PLAIN
SELECT id, name, code, external_id AS externalId, task_life_hours AS taskLifeHours, version, platform FROM merchant_data WHERE (version > 0) AND (external_id = 'matched-merchant') LIMIT 1000 OFFSET 0
[TeaQL SQL][query][630us] 1 rows returned outcome=success batchOutcome=not_applicable comment=matched merchant read with relation purpose=matched benchmark read auditReason= tracePath=[0:OPERATION:Merchant=query -> 1:REQUEST:Merchant= -> 2:RELATION:platform=Merchant.platform -> 3:PROVIDER:postgresql= -> 4:SQL:select=] mutationLineage=[]
SQL: -- TeaQL PLAIN
SELECT id, create_time AS createTime, last_update_time AS lastUpdateTime, name, version FROM platform_data WHERE (version > 0) AND (id = 1) LIMIT 1 OFFSET 0
[TeaQL SQL][query][603us] 1 rows returned outcome=success batchOutcome=not_applicable comment=matched merchant read with relation purpose=matched benchmark read auditReason= tracePath=[0:OPERATION:Merchant=query -> 1:REQUEST:Merchant= -> 2:PROVIDER:postgresql= -> 3:SQL:select=] mutationLineage=[]
SQL: -- TeaQL PLAIN
SELECT id, name, code, external_id AS externalId, task_life_hours AS taskLifeHours, version, platform FROM merchant_data WHERE (version > 0) AND (external_id = 'matched-merchant') LIMIT 1000 OFFSET 0
[TeaQL SQL][query][727us] 1 rows returned outcome=success batchOutcome=not_applicable comment=matched merchant read with relation purpose=matched benchmark read auditReason= tracePath=[0:OPERATION:Merchant=query -> 1:REQUEST:Merchant= -> 2:RELATION:platform=Merchant.platform -> 3:PROVIDER:postgresql= -> 4:SQL:select=] mutationLineage=[]
SQL: -- TeaQL PLAIN
SELECT id, create_time AS createTime, last_update_time AS lastUpdateTime, name, version FROM platform_data WHERE (version > 0) AND (id = 1) LIMIT 1 OFFSET 0
[TeaQL SQL][query][678us] 1 rows returned outcome=success batchOutcome=not_applicable comment=matched merchant read with relation purpose=matched benchmark read auditReason= tracePath=[0:OPERATION:Merchant=query -> 1:REQUEST:Merchant= -> 2:PROVIDER:postgresql= -> 3:SQL:select=] mutationLineage=[]
SQL: -- TeaQL PLAIN
SELECT id, name, code, external_id AS externalId, task_life_hours AS taskLifeHours, version, platform FROM merchant_data WHERE (version > 0) AND (external_id = 'matched-merchant') LIMIT 1000 OFFSET 0
[TeaQL SQL][query][635us] 1 rows returned outcome=success batchOutcome=not_applicable comment=matched merchant read with relation purpose=matched benchmark read auditReason= tracePath=[0:OPERATION:Merchant=query -> 1:REQUEST:Merchant= -> 2:RELATION:platform=Merchant.platform -> 3:PROVIDER:postgresql= -> 4:SQL:select=] mutationLineage=[]
SQL: -- TeaQL PLAIN
SELECT id, create_time AS createTime, last_update_time AS lastUpdateTime, name, version FROM platform_data WHERE (version > 0) AND (id = 1) LIMIT 1 OFFSET 0
[TeaQL SQL][query][598us] 1 rows returned outcome=success batchOutcome=not_applicable comment=matched merchant read with relation purpose=matched benchmark read auditReason= tracePath=[0:OPERATION:Merchant=query -> 1:REQUEST:Merchant= -> 2:PROVIDER:postgresql= -> 3:SQL:select=] mutationLineage=[]
SQL: -- TeaQL PLAIN
SELECT id, name, code, external_id AS externalId, task_life_hours AS taskLifeHours, version, platform FROM merchant_data WHERE (version > 0) AND (external_id = 'matched-merchant') LIMIT 1000 OFFSET 0
[TeaQL SQL][query][630us] 1 rows returned outcome=success batchOutcome=not_applicable comment=matched merchant read with relation purpose=matched benchmark read auditReason= tracePath=[0:OPERATION:Merchant=query -> 1:REQUEST:Merchant= -> 2:RELATION:platform=Merchant.platform -> 3:PROVIDER:postgresql= -> 4:SQL:select=] mutationLineage=[]
SQL: -- TeaQL PLAIN
SELECT id, create_time AS createTime, last_update_time AS lastUpdateTime, name, version FROM platform_data WHERE (version > 0) AND (id = 1) LIMIT 1 OFFSET 0
[TeaQL SQL][query][603us] 1 rows returned outcome=success batchOutcome=not_applicable comment=matched merchant read with relation purpose=matched benchmark read auditReason= tracePath=[0:OPERATION:Merchant=query -> 1:REQUEST:Merchant= -> 2:PROVIDER:postgresql= -> 3:SQL:select=] mutationLineage=[]
SQL: -- TeaQL PLAIN
SELECT id, name, code, external_id AS externalId, task_life_hours AS taskLifeHours, version, platform FROM merchant_data WHERE (version > 0) AND (external_id = 'matched-merchant') LIMIT 1000 OFFSET 0
[TeaQL SQL][query][612us] 1 rows returned outcome=success batchOutcome=not_applicable comment=matched merchant read with relation purpose=matched benchmark read auditReason= tracePath=[0:OPERATION:Merchant=query -> 1:REQUEST:Merchant= -> 2:RELATION:platform=Merchant.platform -> 3:PROVIDER:postgresql= -> 4:SQL:select=] mutationLineage=[]
SQL: -- TeaQL PLAIN
SELECT id, create_time AS createTime, last_update_time AS lastUpdateTime, name, version FROM platform_data WHERE (version > 0) AND (id = 1) LIMIT 1 OFFSET 0
[TeaQL SQL][query][551us] 1 rows returned outcome=success batchOutcome=not_applicable comment=matched merchant read with relation purpose=matched benchmark read auditReason= tracePath=[0:OPERATION:Merchant=query -> 1:REQUEST:Merchant= -> 2:PROVIDER:postgresql= -> 3:SQL:select=] mutationLineage=[]
SQL: -- TeaQL PLAIN
SELECT id, name, code, external_id AS externalId, task_life_hours AS taskLifeHours, version, platform FROM merchant_data WHERE (version > 0) AND (external_id = 'matched-merchant') LIMIT 1000 OFFSET 0
[TeaQL SQL][query][530us] 1 rows returned outcome=success batchOutcome=not_applicable comment=matched merchant read with relation purpose=matched benchmark read auditReason= tracePath=[0:OPERATION:Merchant=query -> 1:REQUEST:Merchant= -> 2:RELATION:platform=Merchant.platform -> 3:PROVIDER:postgresql= -> 4:SQL:select=] mutationLineage=[]
SQL: -- TeaQL PLAIN
SELECT id, create_time AS createTime, last_update_time AS lastUpdateTime, name, version FROM platform_data WHERE (version > 0) AND (id = 1) LIMIT 1 OFFSET 0
[TeaQL SQL][query][588us] 1 rows returned outcome=success batchOutcome=not_applicable comment=matched merchant read with relation purpose=matched benchmark read auditReason= tracePath=[0:OPERATION:Merchant=query -> 1:REQUEST:Merchant= -> 2:PROVIDER:postgresql= -> 3:SQL:select=] mutationLineage=[]
SQL: -- TeaQL PLAIN
SELECT id, name, code, external_id AS externalId, task_life_hours AS taskLifeHours, version, platform FROM merchant_data WHERE (version > 0) AND (external_id = 'matched-merchant') LIMIT 1000 OFFSET 0
[TeaQL SQL][query][593us] 1 rows returned outcome=success batchOutcome=not_applicable comment=matched merchant read with relation purpose=matched benchmark read auditReason= tracePath=[0:OPERATION:Merchant=query -> 1:REQUEST:Merchant= -> 2:RELATION:platform=Merchant.platform -> 3:PROVIDER:postgresql= -> 4:SQL:select=] mutationLineage=[]
SQL: -- TeaQL PLAIN
SELECT id, create_time AS createTime, last_update_time AS lastUpdateTime, name, version FROM platform_data WHERE (version > 0) AND (id = 1) LIMIT 1 OFFSET 0
[TeaQL SQL][query][710us] 1 rows returned outcome=success batchOutcome=not_applicable comment=matched merchant read with relation purpose=matched benchmark read auditReason= tracePath=[0:OPERATION:Merchant=query -> 1:REQUEST:Merchant= -> 2:PROVIDER:postgresql= -> 3:SQL:select=] mutationLineage=[]
SQL: -- TeaQL PLAIN
SELECT id, name, code, external_id AS externalId, task_life_hours AS taskLifeHours, version, platform FROM merchant_data WHERE (version > 0) AND (external_id = 'matched-merchant') LIMIT 1000 OFFSET 0
[TeaQL SQL][query][625us] 1 rows returned outcome=success batchOutcome=not_applicable comment=matched merchant read with relation purpose=matched benchmark read auditReason= tracePath=[0:OPERATION:Merchant=query -> 1:REQUEST:Merchant= -> 2:RELATION:platform=Merchant.platform -> 3:PROVIDER:postgresql= -> 4:SQL:select=] mutationLineage=[]
SQL: -- TeaQL PLAIN
SELECT id, create_time AS createTime, last_update_time AS lastUpdateTime, name, version FROM platform_data WHERE (version > 0) AND (id = 1) LIMIT 1 OFFSET 0
[TeaQL SQL][query][667us] 1 rows returned outcome=success batchOutcome=not_applicable comment=matched merchant read with relation purpose=matched benchmark read auditReason= tracePath=[0:OPERATION:Merchant=query -> 1:REQUEST:Merchant= -> 2:PROVIDER:postgresql= -> 3:SQL:select=] mutationLineage=[]
SQL: -- TeaQL PLAIN
SELECT id, name, code, external_id AS externalId, task_life_hours AS taskLifeHours, version, platform FROM merchant_data WHERE (version > 0) AND (external_id = 'matched-merchant') LIMIT 1000 OFFSET 0
[TeaQL SQL][query][642us] 1 rows returned outcome=success batchOutcome=not_applicable comment=matched merchant read with relation purpose=matched benchmark read auditReason= tracePath=[0:OPERATION:Merchant=query -> 1:REQUEST:Merchant= -> 2:RELATION:platform=Merchant.platform -> 3:PROVIDER:postgresql= -> 4:SQL:select=] mutationLineage=[]
SQL: -- TeaQL PLAIN
SELECT id, create_time AS createTime, last_update_time AS lastUpdateTime, name, version FROM platform_data WHERE (version > 0) AND (id = 1) LIMIT 1 OFFSET 0
[TeaQL SQL][query][563us] 1 rows returned outcome=success batchOutcome=not_applicable comment=matched merchant read with relation purpose=matched benchmark read auditReason= tracePath=[0:OPERATION:Merchant=query -> 1:REQUEST:Merchant= -> 2:PROVIDER:postgresql= -> 3:SQL:select=] mutationLineage=[]
SQL: -- TeaQL PLAIN
SELECT id, name, code, external_id AS externalId, task_life_hours AS taskLifeHours, version, platform FROM merchant_data WHERE (version > 0) AND (external_id = 'matched-merchant') LIMIT 1000 OFFSET 0
[TeaQL SQL][query][519us] 1 rows returned outcome=success batchOutcome=not_applicable comment=matched merchant read with relation purpose=matched benchmark read auditReason= tracePath=[0:OPERATION:Merchant=query -> 1:REQUEST:Merchant= -> 2:RELATION:platform=Merchant.platform -> 3:PROVIDER:postgresql= -> 4:SQL:select=] mutationLineage=[]
SQL: -- TeaQL PLAIN
SELECT id, create_time AS createTime, last_update_time AS lastUpdateTime, name, version FROM platform_data WHERE (version > 0) AND (id = 1) LIMIT 1 OFFSET 0
[TeaQL SQL][query][609us] 1 rows returned outcome=success batchOutcome=not_applicable comment=matched merchant read with relation purpose=matched benchmark read auditReason= tracePath=[0:OPERATION:Merchant=query -> 1:REQUEST:Merchant= -> 2:PROVIDER:postgresql= -> 3:SQL:select=] mutationLineage=[]
SQL: -- TeaQL PLAIN
SELECT id, name, code, external_id AS externalId, task_life_hours AS taskLifeHours, version, platform FROM merchant_data WHERE (version > 0) AND (external_id = 'matched-merchant') LIMIT 1000 OFFSET 0
[TeaQL SQL][query][638us] 1 rows returned outcome=success batchOutcome=not_applicable comment=matched merchant read with relation purpose=matched benchmark read auditReason= tracePath=[0:OPERATION:Merchant=query -> 1:REQUEST:Merchant= -> 2:RELATION:platform=Merchant.platform -> 3:PROVIDER:postgresql= -> 4:SQL:select=] mutationLineage=[]
SQL: -- TeaQL PLAIN
SELECT id, create_time AS createTime, last_update_time AS lastUpdateTime, name, version FROM platform_data WHERE (version > 0) AND (id = 1) LIMIT 1 OFFSET 0
[TeaQL SQL][query][641us] 1 rows returned outcome=success batchOutcome=not_applicable comment=matched merchant read with relation purpose=matched benchmark read auditReason= tracePath=[0:OPERATION:Merchant=query -> 1:REQUEST:Merchant= -> 2:PROVIDER:postgresql= -> 3:SQL:select=] mutationLineage=[]
SQL: -- TeaQL PLAIN
SELECT id, name, code, external_id AS externalId, task_life_hours AS taskLifeHours, version, platform FROM merchant_data WHERE (version > 0) AND (external_id = 'matched-merchant') LIMIT 1000 OFFSET 0
[TeaQL SQL][query][689us] 1 rows returned outcome=success batchOutcome=not_applicable comment=matched merchant read with relation purpose=matched benchmark read auditReason= tracePath=[0:OPERATION:Merchant=query -> 1:REQUEST:Merchant= -> 2:RELATION:platform=Merchant.platform -> 3:PROVIDER:postgresql= -> 4:SQL:select=] mutationLineage=[]
SQL: -- TeaQL PLAIN
SELECT id, create_time AS createTime, last_update_time AS lastUpdateTime, name, version FROM platform_data WHERE (version > 0) AND (id = 1) LIMIT 1 OFFSET 0
[TeaQL SQL][query][736us] 1 rows returned outcome=success batchOutcome=not_applicable comment=matched merchant read with relation purpose=matched benchmark read auditReason= tracePath=[0:OPERATION:Merchant=query -> 1:REQUEST:Merchant= -> 2:PROVIDER:postgresql= -> 3:SQL:select=] mutationLineage=[]
SQL: -- TeaQL PLAIN
SELECT id, name, code, external_id AS externalId, task_life_hours AS taskLifeHours, version, platform FROM merchant_data WHERE (version > 0) AND (external_id = 'matched-merchant') LIMIT 1000 OFFSET 0
[TeaQL SQL][query][581us] 1 rows returned outcome=success batchOutcome=not_applicable comment=matched merchant read with relation purpose=matched benchmark read auditReason= tracePath=[0:OPERATION:Merchant=query -> 1:REQUEST:Merchant= -> 2:RELATION:platform=Merchant.platform -> 3:PROVIDER:postgresql= -> 4:SQL:select=] mutationLineage=[]
SQL: -- TeaQL PLAIN
SELECT id, create_time AS createTime, last_update_time AS lastUpdateTime, name, version FROM platform_data WHERE (version > 0) AND (id = 1) LIMIT 1 OFFSET 0
[TeaQL SQL][query][573us] 1 rows returned outcome=success batchOutcome=not_applicable comment=matched merchant read with relation purpose=matched benchmark read auditReason= tracePath=[0:OPERATION:Merchant=query -> 1:REQUEST:Merchant= -> 2:PROVIDER:postgresql= -> 3:SQL:select=] mutationLineage=[]
SQL: -- TeaQL PLAIN
SELECT id, name, code, external_id AS externalId, task_life_hours AS taskLifeHours, version, platform FROM merchant_data WHERE (version > 0) AND (external_id = 'matched-merchant') LIMIT 1000 OFFSET 0
[TeaQL SQL][query][555us] 1 rows returned outcome=success batchOutcome=not_applicable comment=matched merchant read with relation purpose=matched benchmark read auditReason= tracePath=[0:OPERATION:Merchant=query -> 1:REQUEST:Merchant= -> 2:RELATION:platform=Merchant.platform -> 3:PROVIDER:postgresql= -> 4:SQL:select=] mutationLineage=[]
SQL: -- TeaQL PLAIN
SELECT id, create_time AS createTime, last_update_time AS lastUpdateTime, name, version FROM platform_data WHERE (version > 0) AND (id = 1) LIMIT 1 OFFSET 0
[TeaQL SQL][query][566us] 1 rows returned outcome=success batchOutcome=not_applicable comment=matched merchant read with relation purpose=matched benchmark read auditReason= tracePath=[0:OPERATION:Merchant=query -> 1:REQUEST:Merchant= -> 2:PROVIDER:postgresql= -> 3:SQL:select=] mutationLineage=[]
SQL: -- TeaQL PLAIN
SELECT id, name, code, external_id AS externalId, task_life_hours AS taskLifeHours, version, platform FROM merchant_data WHERE (version > 0) AND (external_id = 'matched-merchant') LIMIT 1000 OFFSET 0
[TeaQL SQL][query][434us] 1 rows returned outcome=success batchOutcome=not_applicable comment=matched merchant read with relation purpose=matched benchmark read auditReason= tracePath=[0:OPERATION:Merchant=query -> 1:REQUEST:Merchant= -> 2:RELATION:platform=Merchant.platform -> 3:PROVIDER:postgresql= -> 4:SQL:select=] mutationLineage=[]
SQL: -- TeaQL PLAIN
SELECT id, create_time AS createTime, last_update_time AS lastUpdateTime, name, version FROM platform_data WHERE (version > 0) AND (id = 1) LIMIT 1 OFFSET 0
[TeaQL SQL][query][588us] 1 rows returned outcome=success batchOutcome=not_applicable comment=matched merchant read with relation purpose=matched benchmark read auditReason= tracePath=[0:OPERATION:Merchant=query -> 1:REQUEST:Merchant= -> 2:PROVIDER:postgresql= -> 3:SQL:select=] mutationLineage=[]
SQL: -- TeaQL PLAIN
SELECT id, name, code, external_id AS externalId, task_life_hours AS taskLifeHours, version, platform FROM merchant_data WHERE (version > 0) AND (external_id = 'matched-merchant') LIMIT 1000 OFFSET 0
[TeaQL SQL][query][585us] 1 rows returned outcome=success batchOutcome=not_applicable comment=matched merchant read with relation purpose=matched benchmark read auditReason= tracePath=[0:OPERATION:Merchant=query -> 1:REQUEST:Merchant= -> 2:RELATION:platform=Merchant.platform -> 3:PROVIDER:postgresql= -> 4:SQL:select=] mutationLineage=[]
SQL: -- TeaQL PLAIN
SELECT id, create_time AS createTime, last_update_time AS lastUpdateTime, name, version FROM platform_data WHERE (version > 0) AND (id = 1) LIMIT 1 OFFSET 0
[TeaQL SQL][query][688us] 1 rows returned outcome=success batchOutcome=not_applicable comment=matched merchant read with relation purpose=matched benchmark read auditReason= tracePath=[0:OPERATION:Merchant=query -> 1:REQUEST:Merchant= -> 2:PROVIDER:postgresql= -> 3:SQL:select=] mutationLineage=[]
SQL: -- TeaQL PLAIN
SELECT id, name, code, external_id AS externalId, task_life_hours AS taskLifeHours, version, platform FROM merchant_data WHERE (version > 0) AND (external_id = 'matched-merchant') LIMIT 1000 OFFSET 0
[TeaQL SQL][query][603us] 1 rows returned outcome=success batchOutcome=not_applicable comment=matched merchant read with relation purpose=matched benchmark read auditReason= tracePath=[0:OPERATION:Merchant=query -> 1:REQUEST:Merchant= -> 2:RELATION:platform=Merchant.platform -> 3:PROVIDER:postgresql= -> 4:SQL:select=] mutationLineage=[]
SQL: -- TeaQL PLAIN
SELECT id, create_time AS createTime, last_update_time AS lastUpdateTime, name, version FROM platform_data WHERE (version > 0) AND (id = 1) LIMIT 1 OFFSET 0
[TeaQL SQL][query][581us] 1 rows returned outcome=success batchOutcome=not_applicable comment=matched merchant read with relation purpose=matched benchmark read auditReason= tracePath=[0:OPERATION:Merchant=query -> 1:REQUEST:Merchant= -> 2:PROVIDER:postgresql= -> 3:SQL:select=] mutationLineage=[]
SQL: -- TeaQL PLAIN
SELECT id, name, code, external_id AS externalId, task_life_hours AS taskLifeHours, version, platform FROM merchant_data WHERE (version > 0) AND (external_id = 'matched-merchant') LIMIT 1000 OFFSET 0
[TeaQL SQL][query][510us] 1 rows returned outcome=success batchOutcome=not_applicable comment=matched merchant read with relation purpose=matched benchmark read auditReason= tracePath=[0:OPERATION:Merchant=query -> 1:REQUEST:Merchant= -> 2:RELATION:platform=Merchant.platform -> 3:PROVIDER:postgresql= -> 4:SQL:select=] mutationLineage=[]
SQL: -- TeaQL PLAIN
SELECT id, create_time AS createTime, last_update_time AS lastUpdateTime, name, version FROM platform_data WHERE (version > 0) AND (id = 1) LIMIT 1 OFFSET 0
[TeaQL SQL][query][546us] 1 rows returned outcome=success batchOutcome=not_applicable comment=matched merchant read with relation purpose=matched benchmark read auditReason= tracePath=[0:OPERATION:Merchant=query -> 1:REQUEST:Merchant= -> 2:PROVIDER:postgresql= -> 3:SQL:select=] mutationLineage=[]
SQL: -- TeaQL PLAIN
SELECT id, name, code, external_id AS externalId, task_life_hours AS taskLifeHours, version, platform FROM merchant_data WHERE (version > 0) AND (external_id = 'matched-merchant') LIMIT 1000 OFFSET 0
[TeaQL SQL][query][517us] 1 rows returned outcome=success batchOutcome=not_applicable comment=matched merchant read with relation purpose=matched benchmark read auditReason= tracePath=[0:OPERATION:Merchant=query -> 1:REQUEST:Merchant= -> 2:RELATION:platform=Merchant.platform -> 3:PROVIDER:postgresql= -> 4:SQL:select=] mutationLineage=[]
SQL: -- TeaQL PLAIN
SELECT id, create_time AS createTime, last_update_time AS lastUpdateTime, name, version FROM platform_data WHERE (version > 0) AND (id = 1) LIMIT 1 OFFSET 0
[TeaQL SQL][query][755us] 1 rows returned outcome=success batchOutcome=not_applicable comment=matched merchant read with relation purpose=matched benchmark read auditReason= tracePath=[0:OPERATION:Merchant=query -> 1:REQUEST:Merchant= -> 2:PROVIDER:postgresql= -> 3:SQL:select=] mutationLineage=[]
SQL: -- TeaQL PLAIN
SELECT id, name, code, external_id AS externalId, task_life_hours AS taskLifeHours, version, platform FROM merchant_data WHERE (version > 0) AND (external_id = 'matched-merchant') LIMIT 1000 OFFSET 0
[TeaQL SQL][query][649us] 1 rows returned outcome=success batchOutcome=not_applicable comment=matched merchant read with relation purpose=matched benchmark read auditReason= tracePath=[0:OPERATION:Merchant=query -> 1:REQUEST:Merchant= -> 2:RELATION:platform=Merchant.platform -> 3:PROVIDER:postgresql= -> 4:SQL:select=] mutationLineage=[]
SQL: -- TeaQL PLAIN
SELECT id, create_time AS createTime, last_update_time AS lastUpdateTime, name, version FROM platform_data WHERE (version > 0) AND (id = 1) LIMIT 1 OFFSET 0
[TeaQL SQL][query][632us] 1 rows returned outcome=success batchOutcome=not_applicable comment=matched merchant read with relation purpose=matched benchmark read auditReason= tracePath=[0:OPERATION:Merchant=query -> 1:REQUEST:Merchant= -> 2:PROVIDER:postgresql= -> 3:SQL:select=] mutationLineage=[]
SQL: -- TeaQL PLAIN
SELECT id, name, code, external_id AS externalId, task_life_hours AS taskLifeHours, version, platform FROM merchant_data WHERE (version > 0) AND (external_id = 'matched-merchant') LIMIT 1000 OFFSET 0
[TeaQL SQL][query][604us] 1 rows returned outcome=success batchOutcome=not_applicable comment=matched merchant read with relation purpose=matched benchmark read auditReason= tracePath=[0:OPERATION:Merchant=query -> 1:REQUEST:Merchant= -> 2:RELATION:platform=Merchant.platform -> 3:PROVIDER:postgresql= -> 4:SQL:select=] mutationLineage=[]
SQL: -- TeaQL PLAIN
SELECT id, create_time AS createTime, last_update_time AS lastUpdateTime, name, version FROM platform_data WHERE (version > 0) AND (id = 1) LIMIT 1 OFFSET 0
[TeaQL SQL][query][547us] 1 rows returned outcome=success batchOutcome=not_applicable comment=matched merchant read with relation purpose=matched benchmark read auditReason= tracePath=[0:OPERATION:Merchant=query -> 1:REQUEST:Merchant= -> 2:PROVIDER:postgresql= -> 3:SQL:select=] mutationLineage=[]
SQL: -- TeaQL PLAIN
SELECT id, name, code, external_id AS externalId, task_life_hours AS taskLifeHours, version, platform FROM merchant_data WHERE (version > 0) AND (external_id = 'matched-merchant') LIMIT 1000 OFFSET 0
[TeaQL SQL][query][551us] 1 rows returned outcome=success batchOutcome=not_applicable comment=matched merchant read with relation purpose=matched benchmark read auditReason= tracePath=[0:OPERATION:Merchant=query -> 1:REQUEST:Merchant= -> 2:RELATION:platform=Merchant.platform -> 3:PROVIDER:postgresql= -> 4:SQL:select=] mutationLineage=[]
SQL: -- TeaQL PLAIN
SELECT id, create_time AS createTime, last_update_time AS lastUpdateTime, name, version FROM platform_data WHERE (version > 0) AND (id = 1) LIMIT 1 OFFSET 0
[TeaQL SQL][query][661us] 1 rows returned outcome=success batchOutcome=not_applicable comment=matched merchant read with relation purpose=matched benchmark read auditReason= tracePath=[0:OPERATION:Merchant=query -> 1:REQUEST:Merchant= -> 2:PROVIDER:postgresql= -> 3:SQL:select=] mutationLineage=[]
SQL: -- TeaQL PLAIN
SELECT id, name, code, external_id AS externalId, task_life_hours AS taskLifeHours, version, platform FROM merchant_data WHERE (version > 0) AND (external_id = 'matched-merchant') LIMIT 1000 OFFSET 0
[TeaQL SQL][query][591us] 1 rows returned outcome=success batchOutcome=not_applicable comment=matched merchant read with relation purpose=matched benchmark read auditReason= tracePath=[0:OPERATION:Merchant=query -> 1:REQUEST:Merchant= -> 2:RELATION:platform=Merchant.platform -> 3:PROVIDER:postgresql= -> 4:SQL:select=] mutationLineage=[]
SQL: -- TeaQL PLAIN
SELECT id, create_time AS createTime, last_update_time AS lastUpdateTime, name, version FROM platform_data WHERE (version > 0) AND (id = 1) LIMIT 1 OFFSET 0
[TeaQL SQL][query][618us] 1 rows returned outcome=success batchOutcome=not_applicable comment=matched merchant read with relation purpose=matched benchmark read auditReason= tracePath=[0:OPERATION:Merchant=query -> 1:REQUEST:Merchant= -> 2:PROVIDER:postgresql= -> 3:SQL:select=] mutationLineage=[]
SQL: -- TeaQL PLAIN
SELECT id, name, code, external_id AS externalId, task_life_hours AS taskLifeHours, version, platform FROM merchant_data WHERE (version > 0) AND (external_id = 'matched-merchant') LIMIT 1000 OFFSET 0
[TeaQL SQL][query][627us] 1 rows returned outcome=success batchOutcome=not_applicable comment=matched merchant read with relation purpose=matched benchmark read auditReason= tracePath=[0:OPERATION:Merchant=query -> 1:REQUEST:Merchant= -> 2:RELATION:platform=Merchant.platform -> 3:PROVIDER:postgresql= -> 4:SQL:select=] mutationLineage=[]
SQL: -- TeaQL PLAIN
SELECT id, create_time AS createTime, last_update_time AS lastUpdateTime, name, version FROM platform_data WHERE (version > 0) AND (id = 1) LIMIT 1 OFFSET 0
[TeaQL SQL][query][659us] 1 rows returned outcome=success batchOutcome=not_applicable comment=matched merchant read with relation purpose=matched benchmark read auditReason= tracePath=[0:OPERATION:Merchant=query -> 1:REQUEST:Merchant= -> 2:PROVIDER:postgresql= -> 3:SQL:select=] mutationLineage=[]
SQL: -- TeaQL PLAIN
SELECT id, name, code, external_id AS externalId, task_life_hours AS taskLifeHours, version, platform FROM merchant_data WHERE (version > 0) AND (external_id = 'matched-merchant') LIMIT 1000 OFFSET 0
[TeaQL SQL][query][603us] 1 rows returned outcome=success batchOutcome=not_applicable comment=matched merchant read with relation purpose=matched benchmark read auditReason= tracePath=[0:OPERATION:Merchant=query -> 1:REQUEST:Merchant= -> 2:RELATION:platform=Merchant.platform -> 3:PROVIDER:postgresql= -> 4:SQL:select=] mutationLineage=[]
SQL: -- TeaQL PLAIN
SELECT id, create_time AS createTime, last_update_time AS lastUpdateTime, name, version FROM platform_data WHERE (version > 0) AND (id = 1) LIMIT 1 OFFSET 0
[TeaQL SQL][query][578us] 1 rows returned outcome=success batchOutcome=not_applicable comment=matched merchant read with relation purpose=matched benchmark read auditReason= tracePath=[0:OPERATION:Merchant=query -> 1:REQUEST:Merchant= -> 2:PROVIDER:postgresql= -> 3:SQL:select=] mutationLineage=[]
SQL: -- TeaQL PLAIN
SELECT id, name, code, external_id AS externalId, task_life_hours AS taskLifeHours, version, platform FROM merchant_data WHERE (version > 0) AND (external_id = 'matched-merchant') LIMIT 1000 OFFSET 0
[TeaQL SQL][query][513us] 1 rows returned outcome=success batchOutcome=not_applicable comment=matched merchant read with relation purpose=matched benchmark read auditReason= tracePath=[0:OPERATION:Merchant=query -> 1:REQUEST:Merchant= -> 2:RELATION:platform=Merchant.platform -> 3:PROVIDER:postgresql= -> 4:SQL:select=] mutationLineage=[]
SQL: -- TeaQL PLAIN
SELECT id, create_time AS createTime, last_update_time AS lastUpdateTime, name, version FROM platform_data WHERE (version > 0) AND (id = 1) LIMIT 1 OFFSET 0
[TeaQL SQL][query][618us] 1 rows returned outcome=success batchOutcome=not_applicable comment=matched merchant read with relation purpose=matched benchmark read auditReason= tracePath=[0:OPERATION:Merchant=query -> 1:REQUEST:Merchant= -> 2:PROVIDER:postgresql= -> 3:SQL:select=] mutationLineage=[]
SQL: -- TeaQL PLAIN
SELECT id, name, code, external_id AS externalId, task_life_hours AS taskLifeHours, version, platform FROM merchant_data WHERE (version > 0) AND (external_id = 'matched-merchant') LIMIT 1000 OFFSET 0
[TeaQL SQL][query][548us] 1 rows returned outcome=success batchOutcome=not_applicable comment=matched merchant read with relation purpose=matched benchmark read auditReason= tracePath=[0:OPERATION:Merchant=query -> 1:REQUEST:Merchant= -> 2:RELATION:platform=Merchant.platform -> 3:PROVIDER:postgresql= -> 4:SQL:select=] mutationLineage=[]
SQL: -- TeaQL PLAIN
SELECT id, create_time AS createTime, last_update_time AS lastUpdateTime, name, version FROM platform_data WHERE (version > 0) AND (id = 1) LIMIT 1 OFFSET 0
[TeaQL SQL][query][633us] 1 rows returned outcome=success batchOutcome=not_applicable comment=matched merchant read with relation purpose=matched benchmark read auditReason= tracePath=[0:OPERATION:Merchant=query -> 1:REQUEST:Merchant= -> 2:PROVIDER:postgresql= -> 3:SQL:select=] mutationLineage=[]
SQL: -- TeaQL PLAIN
SELECT id, name, code, external_id AS externalId, task_life_hours AS taskLifeHours, version, platform FROM merchant_data WHERE (version > 0) AND (external_id = 'matched-merchant') LIMIT 1000 OFFSET 0
[TeaQL SQL][query][644us] 1 rows returned outcome=success batchOutcome=not_applicable comment=matched merchant read with relation purpose=matched benchmark read auditReason= tracePath=[0:OPERATION:Merchant=query -> 1:REQUEST:Merchant= -> 2:RELATION:platform=Merchant.platform -> 3:PROVIDER:postgresql= -> 4:SQL:select=] mutationLineage=[]
SQL: -- TeaQL PLAIN
SELECT id, create_time AS createTime, last_update_time AS lastUpdateTime, name, version FROM platform_data WHERE (version > 0) AND (id = 1) LIMIT 1 OFFSET 0
[TeaQL SQL][query][596us] 1 rows returned outcome=success batchOutcome=not_applicable comment=matched merchant read with relation purpose=matched benchmark read auditReason= tracePath=[0:OPERATION:Merchant=query -> 1:REQUEST:Merchant= -> 2:PROVIDER:postgresql= -> 3:SQL:select=] mutationLineage=[]
SQL: -- TeaQL PLAIN
SELECT id, name, code, external_id AS externalId, task_life_hours AS taskLifeHours, version, platform FROM merchant_data WHERE (version > 0) AND (external_id = 'matched-merchant') LIMIT 1000 OFFSET 0
[TeaQL SQL][query][597us] 1 rows returned outcome=success batchOutcome=not_applicable comment=matched merchant read with relation purpose=matched benchmark read auditReason= tracePath=[0:OPERATION:Merchant=query -> 1:REQUEST:Merchant= -> 2:RELATION:platform=Merchant.platform -> 3:PROVIDER:postgresql= -> 4:SQL:select=] mutationLineage=[]
SQL: -- TeaQL PLAIN
SELECT id, create_time AS createTime, last_update_time AS lastUpdateTime, name, version FROM platform_data WHERE (version > 0) AND (id = 1) LIMIT 1 OFFSET 0
[TeaQL SQL][query][546us] 1 rows returned outcome=success batchOutcome=not_applicable comment=matched merchant read with relation purpose=matched benchmark read auditReason= tracePath=[0:OPERATION:Merchant=query -> 1:REQUEST:Merchant= -> 2:PROVIDER:postgresql= -> 3:SQL:select=] mutationLineage=[]
SQL: -- TeaQL PLAIN
SELECT id, name, code, external_id AS externalId, task_life_hours AS taskLifeHours, version, platform FROM merchant_data WHERE (version > 0) AND (external_id = 'matched-merchant') LIMIT 1000 OFFSET 0
[TeaQL SQL][query][451us] 1 rows returned outcome=success batchOutcome=not_applicable comment=matched merchant read with relation purpose=matched benchmark read auditReason= tracePath=[0:OPERATION:Merchant=query -> 1:REQUEST:Merchant= -> 2:RELATION:platform=Merchant.platform -> 3:PROVIDER:postgresql= -> 4:SQL:select=] mutationLineage=[]
SQL: -- TeaQL PLAIN
SELECT id, create_time AS createTime, last_update_time AS lastUpdateTime, name, version FROM platform_data WHERE (version > 0) AND (id = 1) LIMIT 1 OFFSET 0
[TeaQL SQL][query][595us] 1 rows returned outcome=success batchOutcome=not_applicable comment=matched merchant read with relation purpose=matched benchmark read auditReason= tracePath=[0:OPERATION:Merchant=query -> 1:REQUEST:Merchant= -> 2:PROVIDER:postgresql= -> 3:SQL:select=] mutationLineage=[]
SQL: -- TeaQL PLAIN
SELECT id, name, code, external_id AS externalId, task_life_hours AS taskLifeHours, version, platform FROM merchant_data WHERE (version > 0) AND (external_id = 'matched-merchant') LIMIT 1000 OFFSET 0
[TeaQL SQL][query][444us] 1 rows returned outcome=success batchOutcome=not_applicable comment=matched merchant read with relation purpose=matched benchmark read auditReason= tracePath=[0:OPERATION:Merchant=query -> 1:REQUEST:Merchant= -> 2:RELATION:platform=Merchant.platform -> 3:PROVIDER:postgresql= -> 4:SQL:select=] mutationLineage=[]
SQL: -- TeaQL PLAIN
SELECT id, create_time AS createTime, last_update_time AS lastUpdateTime, name, version FROM platform_data WHERE (version > 0) AND (id = 1) LIMIT 1 OFFSET 0
[TeaQL SQL][query][599us] 1 rows returned outcome=success batchOutcome=not_applicable comment=matched merchant read with relation purpose=matched benchmark read auditReason= tracePath=[0:OPERATION:Merchant=query -> 1:REQUEST:Merchant= -> 2:PROVIDER:postgresql= -> 3:SQL:select=] mutationLineage=[]
SQL: -- TeaQL PLAIN
SELECT id, name, code, external_id AS externalId, task_life_hours AS taskLifeHours, version, platform FROM merchant_data WHERE (version > 0) AND (external_id = 'matched-merchant') LIMIT 1000 OFFSET 0
[TeaQL SQL][query][572us] 1 rows returned outcome=success batchOutcome=not_applicable comment=matched merchant read with relation purpose=matched benchmark read auditReason= tracePath=[0:OPERATION:Merchant=query -> 1:REQUEST:Merchant= -> 2:RELATION:platform=Merchant.platform -> 3:PROVIDER:postgresql= -> 4:SQL:select=] mutationLineage=[]
SQL: -- TeaQL PLAIN
SELECT id, create_time AS createTime, last_update_time AS lastUpdateTime, name, version FROM platform_data WHERE (version > 0) AND (id = 1) LIMIT 1 OFFSET 0
[TeaQL SQL][query][675us] 1 rows returned outcome=success batchOutcome=not_applicable comment=matched merchant read with relation purpose=matched benchmark read auditReason= tracePath=[0:OPERATION:Merchant=query -> 1:REQUEST:Merchant= -> 2:PROVIDER:postgresql= -> 3:SQL:select=] mutationLineage=[]
SQL: -- TeaQL PLAIN
SELECT id, name, code, external_id AS externalId, task_life_hours AS taskLifeHours, version, platform FROM merchant_data WHERE (version > 0) AND (external_id = 'matched-merchant') LIMIT 1000 OFFSET 0
[TeaQL SQL][query][666us] 1 rows returned outcome=success batchOutcome=not_applicable comment=matched merchant read with relation purpose=matched benchmark read auditReason= tracePath=[0:OPERATION:Merchant=query -> 1:REQUEST:Merchant= -> 2:RELATION:platform=Merchant.platform -> 3:PROVIDER:postgresql= -> 4:SQL:select=] mutationLineage=[]
SQL: -- TeaQL PLAIN
SELECT id, create_time AS createTime, last_update_time AS lastUpdateTime, name, version FROM platform_data WHERE (version > 0) AND (id = 1) LIMIT 1 OFFSET 0
[TeaQL SQL][query][624us] 1 rows returned outcome=success batchOutcome=not_applicable comment=matched merchant read with relation purpose=matched benchmark read auditReason= tracePath=[0:OPERATION:Merchant=query -> 1:REQUEST:Merchant= -> 2:PROVIDER:postgresql= -> 3:SQL:select=] mutationLineage=[]
SQL: -- TeaQL PLAIN
SELECT id, name, code, external_id AS externalId, task_life_hours AS taskLifeHours, version, platform FROM merchant_data WHERE (version > 0) AND (external_id = 'matched-merchant') LIMIT 1000 OFFSET 0
[TeaQL SQL][query][517us] 1 rows returned outcome=success batchOutcome=not_applicable comment=matched merchant read with relation purpose=matched benchmark read auditReason= tracePath=[0:OPERATION:Merchant=query -> 1:REQUEST:Merchant= -> 2:RELATION:platform=Merchant.platform -> 3:PROVIDER:postgresql= -> 4:SQL:select=] mutationLineage=[]
SQL: -- TeaQL PLAIN
SELECT id, create_time AS createTime, last_update_time AS lastUpdateTime, name, version FROM platform_data WHERE (version > 0) AND (id = 1) LIMIT 1 OFFSET 0
[TeaQL SQL][query][548us] 1 rows returned outcome=success batchOutcome=not_applicable comment=matched merchant read with relation purpose=matched benchmark read auditReason= tracePath=[0:OPERATION:Merchant=query -> 1:REQUEST:Merchant= -> 2:PROVIDER:postgresql= -> 3:SQL:select=] mutationLineage=[]
SQL: -- TeaQL PLAIN
SELECT id, name, code, external_id AS externalId, task_life_hours AS taskLifeHours, version, platform FROM merchant_data WHERE (version > 0) AND (external_id = 'matched-merchant') LIMIT 1000 OFFSET 0
[TeaQL SQL][query][494us] 1 rows returned outcome=success batchOutcome=not_applicable comment=matched merchant read with relation purpose=matched benchmark read auditReason= tracePath=[0:OPERATION:Merchant=query -> 1:REQUEST:Merchant= -> 2:RELATION:platform=Merchant.platform -> 3:PROVIDER:postgresql= -> 4:SQL:select=] mutationLineage=[]
SQL: -- TeaQL PLAIN
SELECT id, create_time AS createTime, last_update_time AS lastUpdateTime, name, version FROM platform_data WHERE (version > 0) AND (id = 1) LIMIT 1 OFFSET 0
[TeaQL SQL][query][592us] 1 rows returned outcome=success batchOutcome=not_applicable comment=matched merchant read with relation purpose=matched benchmark read auditReason= tracePath=[0:OPERATION:Merchant=query -> 1:REQUEST:Merchant= -> 2:PROVIDER:postgresql= -> 3:SQL:select=] mutationLineage=[]
SQL: -- TeaQL PLAIN
SELECT id, name, code, external_id AS externalId, task_life_hours AS taskLifeHours, version, platform FROM merchant_data WHERE (version > 0) AND (external_id = 'matched-merchant') LIMIT 1000 OFFSET 0
[TeaQL SQL][query][597us] 1 rows returned outcome=success batchOutcome=not_applicable comment=matched merchant read with relation purpose=matched benchmark read auditReason= tracePath=[0:OPERATION:Merchant=query -> 1:REQUEST:Merchant= -> 2:RELATION:platform=Merchant.platform -> 3:PROVIDER:postgresql= -> 4:SQL:select=] mutationLineage=[]
SQL: -- TeaQL PLAIN
SELECT id, create_time AS createTime, last_update_time AS lastUpdateTime, name, version FROM platform_data WHERE (version > 0) AND (id = 1) LIMIT 1 OFFSET 0
[TeaQL SQL][query][661us] 1 rows returned outcome=success batchOutcome=not_applicable comment=matched merchant read with relation purpose=matched benchmark read auditReason= tracePath=[0:OPERATION:Merchant=query -> 1:REQUEST:Merchant= -> 2:PROVIDER:postgresql= -> 3:SQL:select=] mutationLineage=[]
SQL: -- TeaQL PLAIN
SELECT id, name, code, external_id AS externalId, task_life_hours AS taskLifeHours, version, platform FROM merchant_data WHERE (version > 0) AND (external_id = 'matched-merchant') LIMIT 1000 OFFSET 0
[TeaQL SQL][query][593us] 1 rows returned outcome=success batchOutcome=not_applicable comment=matched merchant read with relation purpose=matched benchmark read auditReason= tracePath=[0:OPERATION:Merchant=query -> 1:REQUEST:Merchant= -> 2:RELATION:platform=Merchant.platform -> 3:PROVIDER:postgresql= -> 4:SQL:select=] mutationLineage=[]
SQL: -- TeaQL PLAIN
SELECT id, create_time AS createTime, last_update_time AS lastUpdateTime, name, version FROM platform_data WHERE (version > 0) AND (id = 1) LIMIT 1 OFFSET 0
[TeaQL SQL][query][615us] 1 rows returned outcome=success batchOutcome=not_applicable comment=matched merchant read with relation purpose=matched benchmark read auditReason= tracePath=[0:OPERATION:Merchant=query -> 1:REQUEST:Merchant= -> 2:PROVIDER:postgresql= -> 3:SQL:select=] mutationLineage=[]
SQL: -- TeaQL PLAIN
SELECT id, name, code, external_id AS externalId, task_life_hours AS taskLifeHours, version, platform FROM merchant_data WHERE (version > 0) AND (external_id = 'matched-merchant') LIMIT 1000 OFFSET 0
[TeaQL SQL][query][472us] 1 rows returned outcome=success batchOutcome=not_applicable comment=matched merchant read with relation purpose=matched benchmark read auditReason= tracePath=[0:OPERATION:Merchant=query -> 1:REQUEST:Merchant= -> 2:RELATION:platform=Merchant.platform -> 3:PROVIDER:postgresql= -> 4:SQL:select=] mutationLineage=[]
SQL: -- TeaQL PLAIN
SELECT id, create_time AS createTime, last_update_time AS lastUpdateTime, name, version FROM platform_data WHERE (version > 0) AND (id = 1) LIMIT 1 OFFSET 0
[TeaQL SQL][query][621us] 1 rows returned outcome=success batchOutcome=not_applicable comment=matched merchant read with relation purpose=matched benchmark read auditReason= tracePath=[0:OPERATION:Merchant=query -> 1:REQUEST:Merchant= -> 2:PROVIDER:postgresql= -> 3:SQL:select=] mutationLineage=[]
SQL: -- TeaQL PLAIN
SELECT id, name, code, external_id AS externalId, task_life_hours AS taskLifeHours, version, platform FROM merchant_data WHERE (version > 0) AND (external_id = 'matched-merchant') LIMIT 1000 OFFSET 0
[TeaQL SQL][query][584us] 1 rows returned outcome=success batchOutcome=not_applicable comment=matched merchant read with relation purpose=matched benchmark read auditReason= tracePath=[0:OPERATION:Merchant=query -> 1:REQUEST:Merchant= -> 2:RELATION:platform=Merchant.platform -> 3:PROVIDER:postgresql= -> 4:SQL:select=] mutationLineage=[]
SQL: -- TeaQL PLAIN
SELECT id, create_time AS createTime, last_update_time AS lastUpdateTime, name, version FROM platform_data WHERE (version > 0) AND (id = 1) LIMIT 1 OFFSET 0
[TeaQL SQL][query][649us] 1 rows returned outcome=success batchOutcome=not_applicable comment=matched merchant read with relation purpose=matched benchmark read auditReason= tracePath=[0:OPERATION:Merchant=query -> 1:REQUEST:Merchant= -> 2:PROVIDER:postgresql= -> 3:SQL:select=] mutationLineage=[]
SQL: -- TeaQL PLAIN
SELECT id, name, code, external_id AS externalId, task_life_hours AS taskLifeHours, version, platform FROM merchant_data WHERE (version > 0) AND (external_id = 'matched-merchant') LIMIT 1000 OFFSET 0
[TeaQL SQL][query][568us] 1 rows returned outcome=success batchOutcome=not_applicable comment=matched merchant read with relation purpose=matched benchmark read auditReason= tracePath=[0:OPERATION:Merchant=query -> 1:REQUEST:Merchant= -> 2:RELATION:platform=Merchant.platform -> 3:PROVIDER:postgresql= -> 4:SQL:select=] mutationLineage=[]
SQL: -- TeaQL PLAIN
SELECT id, create_time AS createTime, last_update_time AS lastUpdateTime, name, version FROM platform_data WHERE (version > 0) AND (id = 1) LIMIT 1 OFFSET 0
[TeaQL SQL][query][613us] 1 rows returned outcome=success batchOutcome=not_applicable comment=matched merchant read with relation purpose=matched benchmark read auditReason= tracePath=[0:OPERATION:Merchant=query -> 1:REQUEST:Merchant= -> 2:PROVIDER:postgresql= -> 3:SQL:select=] mutationLineage=[]
SQL: -- TeaQL PLAIN
SELECT id, name, code, external_id AS externalId, task_life_hours AS taskLifeHours, version, platform FROM merchant_data WHERE (version > 0) AND (external_id = 'matched-merchant') LIMIT 1000 OFFSET 0
[TeaQL SQL][query][624us] 1 rows returned outcome=success batchOutcome=not_applicable comment=matched merchant read with relation purpose=matched benchmark read auditReason= tracePath=[0:OPERATION:Merchant=query -> 1:REQUEST:Merchant= -> 2:RELATION:platform=Merchant.platform -> 3:PROVIDER:postgresql= -> 4:SQL:select=] mutationLineage=[]
SQL: -- TeaQL PLAIN
SELECT id, create_time AS createTime, last_update_time AS lastUpdateTime, name, version FROM platform_data WHERE (version > 0) AND (id = 1) LIMIT 1 OFFSET 0
[TeaQL SQL][query][601us] 1 rows returned outcome=success batchOutcome=not_applicable comment=matched merchant read with relation purpose=matched benchmark read auditReason= tracePath=[0:OPERATION:Merchant=query -> 1:REQUEST:Merchant= -> 2:PROVIDER:postgresql= -> 3:SQL:select=] mutationLineage=[]
SQL: -- TeaQL PLAIN
SELECT id, name, code, external_id AS externalId, task_life_hours AS taskLifeHours, version, platform FROM merchant_data WHERE (version > 0) AND (external_id = 'matched-merchant') LIMIT 1000 OFFSET 0
[TeaQL SQL][query][513us] 1 rows returned outcome=success batchOutcome=not_applicable comment=matched merchant read with relation purpose=matched benchmark read auditReason= tracePath=[0:OPERATION:Merchant=query -> 1:REQUEST:Merchant= -> 2:RELATION:platform=Merchant.platform -> 3:PROVIDER:postgresql= -> 4:SQL:select=] mutationLineage=[]
SQL: -- TeaQL PLAIN
SELECT id, create_time AS createTime, last_update_time AS lastUpdateTime, name, version FROM platform_data WHERE (version > 0) AND (id = 1) LIMIT 1 OFFSET 0
[TeaQL SQL][query][605us] 1 rows returned outcome=success batchOutcome=not_applicable comment=matched merchant read with relation purpose=matched benchmark read auditReason= tracePath=[0:OPERATION:Merchant=query -> 1:REQUEST:Merchant= -> 2:PROVIDER:postgresql= -> 3:SQL:select=] mutationLineage=[]
SQL: -- TeaQL PLAIN
SELECT id, name, code, external_id AS externalId, task_life_hours AS taskLifeHours, version, platform FROM merchant_data WHERE (version > 0) AND (external_id = 'matched-merchant') LIMIT 1000 OFFSET 0
[TeaQL SQL][query][493us] 1 rows returned outcome=success batchOutcome=not_applicable comment=matched merchant read with relation purpose=matched benchmark read auditReason= tracePath=[0:OPERATION:Merchant=query -> 1:REQUEST:Merchant= -> 2:RELATION:platform=Merchant.platform -> 3:PROVIDER:postgresql= -> 4:SQL:select=] mutationLineage=[]
SQL: -- TeaQL PLAIN
SELECT id, create_time AS createTime, last_update_time AS lastUpdateTime, name, version FROM platform_data WHERE (version > 0) AND (id = 1) LIMIT 1 OFFSET 0
[TeaQL SQL][query][503us] 1 rows returned outcome=success batchOutcome=not_applicable comment=matched merchant read with relation purpose=matched benchmark read auditReason= tracePath=[0:OPERATION:Merchant=query -> 1:REQUEST:Merchant= -> 2:PROVIDER:postgresql= -> 3:SQL:select=] mutationLineage=[]
SQL: -- TeaQL PLAIN
SELECT id, name, code, external_id AS externalId, task_life_hours AS taskLifeHours, version, platform FROM merchant_data WHERE (version > 0) AND (external_id = 'matched-merchant') LIMIT 1000 OFFSET 0
[TeaQL SQL][query][581us] 1 rows returned outcome=success batchOutcome=not_applicable comment=matched merchant read with relation purpose=matched benchmark read auditReason= tracePath=[0:OPERATION:Merchant=query -> 1:REQUEST:Merchant= -> 2:RELATION:platform=Merchant.platform -> 3:PROVIDER:postgresql= -> 4:SQL:select=] mutationLineage=[]
SQL: -- TeaQL PLAIN
SELECT id, create_time AS createTime, last_update_time AS lastUpdateTime, name, version FROM platform_data WHERE (version > 0) AND (id = 1) LIMIT 1 OFFSET 0
[TeaQL SQL][query][662us] 1 rows returned outcome=success batchOutcome=not_applicable comment=matched merchant read with relation purpose=matched benchmark read auditReason= tracePath=[0:OPERATION:Merchant=query -> 1:REQUEST:Merchant= -> 2:PROVIDER:postgresql= -> 3:SQL:select=] mutationLineage=[]
SQL: -- TeaQL PLAIN
SELECT id, name, code, external_id AS externalId, task_life_hours AS taskLifeHours, version, platform FROM merchant_data WHERE (version > 0) AND (external_id = 'matched-merchant') LIMIT 1000 OFFSET 0
[TeaQL SQL][query][659us] 1 rows returned outcome=success batchOutcome=not_applicable comment=matched merchant read with relation purpose=matched benchmark read auditReason= tracePath=[0:OPERATION:Merchant=query -> 1:REQUEST:Merchant= -> 2:RELATION:platform=Merchant.platform -> 3:PROVIDER:postgresql= -> 4:SQL:select=] mutationLineage=[]
SQL: -- TeaQL PLAIN
SELECT id, create_time AS createTime, last_update_time AS lastUpdateTime, name, version FROM platform_data WHERE (version > 0) AND (id = 1) LIMIT 1 OFFSET 0
[TeaQL SQL][query][547us] 1 rows returned outcome=success batchOutcome=not_applicable comment=matched merchant read with relation purpose=matched benchmark read auditReason= tracePath=[0:OPERATION:Merchant=query -> 1:REQUEST:Merchant= -> 2:PROVIDER:postgresql= -> 3:SQL:select=] mutationLineage=[]
SQL: -- TeaQL PLAIN
SELECT id, name, code, external_id AS externalId, task_life_hours AS taskLifeHours, version, platform FROM merchant_data WHERE (version > 0) AND (external_id = 'matched-merchant') LIMIT 1000 OFFSET 0
[TeaQL SQL][query][583us] 1 rows returned outcome=success batchOutcome=not_applicable comment=matched merchant read with relation purpose=matched benchmark read auditReason= tracePath=[0:OPERATION:Merchant=query -> 1:REQUEST:Merchant= -> 2:RELATION:platform=Merchant.platform -> 3:PROVIDER:postgresql= -> 4:SQL:select=] mutationLineage=[]
SQL: -- TeaQL PLAIN
SELECT id, create_time AS createTime, last_update_time AS lastUpdateTime, name, version FROM platform_data WHERE (version > 0) AND (id = 1) LIMIT 1 OFFSET 0
[TeaQL SQL][query][544us] 1 rows returned outcome=success batchOutcome=not_applicable comment=matched merchant read with relation purpose=matched benchmark read auditReason= tracePath=[0:OPERATION:Merchant=query -> 1:REQUEST:Merchant= -> 2:PROVIDER:postgresql= -> 3:SQL:select=] mutationLineage=[]
SQL: -- TeaQL PLAIN
SELECT id, name, code, external_id AS externalId, task_life_hours AS taskLifeHours, version, platform FROM merchant_data WHERE (version > 0) AND (external_id = 'matched-merchant') LIMIT 1000 OFFSET 0
[TeaQL SQL][query][502us] 1 rows returned outcome=success batchOutcome=not_applicable comment=matched merchant read with relation purpose=matched benchmark read auditReason= tracePath=[0:OPERATION:Merchant=query -> 1:REQUEST:Merchant= -> 2:RELATION:platform=Merchant.platform -> 3:PROVIDER:postgresql= -> 4:SQL:select=] mutationLineage=[]
SQL: -- TeaQL PLAIN
SELECT id, create_time AS createTime, last_update_time AS lastUpdateTime, name, version FROM platform_data WHERE (version > 0) AND (id = 1) LIMIT 1 OFFSET 0
[TeaQL SQL][query][661us] 1 rows returned outcome=success batchOutcome=not_applicable comment=matched merchant read with relation purpose=matched benchmark read auditReason= tracePath=[0:OPERATION:Merchant=query -> 1:REQUEST:Merchant= -> 2:PROVIDER:postgresql= -> 3:SQL:select=] mutationLineage=[]
SQL: -- TeaQL PLAIN
SELECT id, name, code, external_id AS externalId, task_life_hours AS taskLifeHours, version, platform FROM merchant_data WHERE (version > 0) AND (external_id = 'matched-merchant') LIMIT 1000 OFFSET 0
[TeaQL SQL][query][553us] 1 rows returned outcome=success batchOutcome=not_applicable comment=matched merchant read with relation purpose=matched benchmark read auditReason= tracePath=[0:OPERATION:Merchant=query -> 1:REQUEST:Merchant= -> 2:RELATION:platform=Merchant.platform -> 3:PROVIDER:postgresql= -> 4:SQL:select=] mutationLineage=[]
SQL: -- TeaQL PLAIN
SELECT id, create_time AS createTime, last_update_time AS lastUpdateTime, name, version FROM platform_data WHERE (version > 0) AND (id = 1) LIMIT 1 OFFSET 0
[TeaQL SQL][query][511us] 1 rows returned outcome=success batchOutcome=not_applicable comment=matched merchant read with relation purpose=matched benchmark read auditReason= tracePath=[0:OPERATION:Merchant=query -> 1:REQUEST:Merchant= -> 2:PROVIDER:postgresql= -> 3:SQL:select=] mutationLineage=[]
SQL: -- TeaQL PLAIN
SELECT id, name, code, external_id AS externalId, task_life_hours AS taskLifeHours, version, platform FROM merchant_data WHERE (version > 0) AND (external_id = 'matched-merchant') LIMIT 1000 OFFSET 0
[TeaQL SQL][query][567us] 1 rows returned outcome=success batchOutcome=not_applicable comment=matched merchant read with relation purpose=matched benchmark read auditReason= tracePath=[0:OPERATION:Merchant=query -> 1:REQUEST:Merchant= -> 2:RELATION:platform=Merchant.platform -> 3:PROVIDER:postgresql= -> 4:SQL:select=] mutationLineage=[]
SQL: -- TeaQL PLAIN
SELECT id, create_time AS createTime, last_update_time AS lastUpdateTime, name, version FROM platform_data WHERE (version > 0) AND (id = 1) LIMIT 1 OFFSET 0
[TeaQL SQL][query][578us] 1 rows returned outcome=success batchOutcome=not_applicable comment=matched merchant read with relation purpose=matched benchmark read auditReason= tracePath=[0:OPERATION:Merchant=query -> 1:REQUEST:Merchant= -> 2:PROVIDER:postgresql= -> 3:SQL:select=] mutationLineage=[]
SQL: -- TeaQL PLAIN
SELECT id, name, code, external_id AS externalId, task_life_hours AS taskLifeHours, version, platform FROM merchant_data WHERE (version > 0) AND (external_id = 'matched-merchant') LIMIT 1000 OFFSET 0
[TeaQL SQL][query][584us] 1 rows returned outcome=success batchOutcome=not_applicable comment=matched merchant read with relation purpose=matched benchmark read auditReason= tracePath=[0:OPERATION:Merchant=query -> 1:REQUEST:Merchant= -> 2:RELATION:platform=Merchant.platform -> 3:PROVIDER:postgresql= -> 4:SQL:select=] mutationLineage=[]
SQL: -- TeaQL PLAIN
SELECT id, create_time AS createTime, last_update_time AS lastUpdateTime, name, version FROM platform_data WHERE (version > 0) AND (id = 1) LIMIT 1 OFFSET 0
[TeaQL SQL][query][632us] 1 rows returned outcome=success batchOutcome=not_applicable comment=matched merchant read with relation purpose=matched benchmark read auditReason= tracePath=[0:OPERATION:Merchant=query -> 1:REQUEST:Merchant= -> 2:PROVIDER:postgresql= -> 3:SQL:select=] mutationLineage=[]
SQL: -- TeaQL PLAIN
SELECT id, name, code, external_id AS externalId, task_life_hours AS taskLifeHours, version, platform FROM merchant_data WHERE (version > 0) AND (external_id = 'matched-merchant') LIMIT 1000 OFFSET 0
[TeaQL SQL][query][517us] 1 rows returned outcome=success batchOutcome=not_applicable comment=matched merchant read with relation purpose=matched benchmark read auditReason= tracePath=[0:OPERATION:Merchant=query -> 1:REQUEST:Merchant= -> 2:RELATION:platform=Merchant.platform -> 3:PROVIDER:postgresql= -> 4:SQL:select=] mutationLineage=[]
SQL: -- TeaQL PLAIN
SELECT id, create_time AS createTime, last_update_time AS lastUpdateTime, name, version FROM platform_data WHERE (version > 0) AND (id = 1) LIMIT 1 OFFSET 0
[TeaQL SQL][query][631us] 1 rows returned outcome=success batchOutcome=not_applicable comment=matched merchant read with relation purpose=matched benchmark read auditReason= tracePath=[0:OPERATION:Merchant=query -> 1:REQUEST:Merchant= -> 2:PROVIDER:postgresql= -> 3:SQL:select=] mutationLineage=[]
SQL: -- TeaQL PLAIN
SELECT id, name, code, external_id AS externalId, task_life_hours AS taskLifeHours, version, platform FROM merchant_data WHERE (version > 0) AND (external_id = 'matched-merchant') LIMIT 1000 OFFSET 0
[TeaQL SQL][query][570us] 1 rows returned outcome=success batchOutcome=not_applicable comment=matched merchant read with relation purpose=matched benchmark read auditReason= tracePath=[0:OPERATION:Merchant=query -> 1:REQUEST:Merchant= -> 2:RELATION:platform=Merchant.platform -> 3:PROVIDER:postgresql= -> 4:SQL:select=] mutationLineage=[]
SQL: -- TeaQL PLAIN
SELECT id, create_time AS createTime, last_update_time AS lastUpdateTime, name, version FROM platform_data WHERE (version > 0) AND (id = 1) LIMIT 1 OFFSET 0
[TeaQL SQL][query][577us] 1 rows returned outcome=success batchOutcome=not_applicable comment=matched merchant read with relation purpose=matched benchmark read auditReason= tracePath=[0:OPERATION:Merchant=query -> 1:REQUEST:Merchant= -> 2:PROVIDER:postgresql= -> 3:SQL:select=] mutationLineage=[]
SQL: -- TeaQL PLAIN
SELECT id, name, code, external_id AS externalId, task_life_hours AS taskLifeHours, version, platform FROM merchant_data WHERE (version > 0) AND (external_id = 'matched-merchant') LIMIT 1000 OFFSET 0
[TeaQL SQL][query][608us] 1 rows returned outcome=success batchOutcome=not_applicable comment=matched merchant read with relation purpose=matched benchmark read auditReason= tracePath=[0:OPERATION:Merchant=query -> 1:REQUEST:Merchant= -> 2:RELATION:platform=Merchant.platform -> 3:PROVIDER:postgresql= -> 4:SQL:select=] mutationLineage=[]
SQL: -- TeaQL PLAIN
SELECT id, create_time AS createTime, last_update_time AS lastUpdateTime, name, version FROM platform_data WHERE (version > 0) AND (id = 1) LIMIT 1 OFFSET 0
[TeaQL SQL][query][563us] 1 rows returned outcome=success batchOutcome=not_applicable comment=matched merchant read with relation purpose=matched benchmark read auditReason= tracePath=[0:OPERATION:Merchant=query -> 1:REQUEST:Merchant= -> 2:PROVIDER:postgresql= -> 3:SQL:select=] mutationLineage=[]
SQL: -- TeaQL PLAIN
SELECT id, name, code, external_id AS externalId, task_life_hours AS taskLifeHours, version, platform FROM merchant_data WHERE (version > 0) AND (external_id = 'matched-merchant') LIMIT 1000 OFFSET 0
[TeaQL SQL][query][531us] 1 rows returned outcome=success batchOutcome=not_applicable comment=matched merchant read with relation purpose=matched benchmark read auditReason= tracePath=[0:OPERATION:Merchant=query -> 1:REQUEST:Merchant= -> 2:RELATION:platform=Merchant.platform -> 3:PROVIDER:postgresql= -> 4:SQL:select=] mutationLineage=[]
SQL: -- TeaQL PLAIN
SELECT id, create_time AS createTime, last_update_time AS lastUpdateTime, name, version FROM platform_data WHERE (version > 0) AND (id = 1) LIMIT 1 OFFSET 0
[TeaQL SQL][query][642us] 1 rows returned outcome=success batchOutcome=not_applicable comment=matched merchant read with relation purpose=matched benchmark read auditReason= tracePath=[0:OPERATION:Merchant=query -> 1:REQUEST:Merchant= -> 2:PROVIDER:postgresql= -> 3:SQL:select=] mutationLineage=[]
SQL: -- TeaQL PLAIN
SELECT id, name, code, external_id AS externalId, task_life_hours AS taskLifeHours, version, platform FROM merchant_data WHERE (version > 0) AND (external_id = 'matched-merchant') LIMIT 1000 OFFSET 0
[TeaQL SQL][query][607us] 1 rows returned outcome=success batchOutcome=not_applicable comment=matched merchant read with relation purpose=matched benchmark read auditReason= tracePath=[0:OPERATION:Merchant=query -> 1:REQUEST:Merchant= -> 2:RELATION:platform=Merchant.platform -> 3:PROVIDER:postgresql= -> 4:SQL:select=] mutationLineage=[]
SQL: -- TeaQL PLAIN
SELECT id, create_time AS createTime, last_update_time AS lastUpdateTime, name, version FROM platform_data WHERE (version > 0) AND (id = 1) LIMIT 1 OFFSET 0
[TeaQL SQL][query][637us] 1 rows returned outcome=success batchOutcome=not_applicable comment=matched merchant read with relation purpose=matched benchmark read auditReason= tracePath=[0:OPERATION:Merchant=query -> 1:REQUEST:Merchant= -> 2:PROVIDER:postgresql= -> 3:SQL:select=] mutationLineage=[]
SQL: -- TeaQL PLAIN
SELECT id, name, code, external_id AS externalId, task_life_hours AS taskLifeHours, version, platform FROM merchant_data WHERE (version > 0) AND (external_id = 'matched-merchant') LIMIT 1000 OFFSET 0
[TeaQL SQL][query][600us] 1 rows returned outcome=success batchOutcome=not_applicable comment=matched merchant read with relation purpose=matched benchmark read auditReason= tracePath=[0:OPERATION:Merchant=query -> 1:REQUEST:Merchant= -> 2:RELATION:platform=Merchant.platform -> 3:PROVIDER:postgresql= -> 4:SQL:select=] mutationLineage=[]
SQL: -- TeaQL PLAIN
SELECT id, create_time AS createTime, last_update_time AS lastUpdateTime, name, version FROM platform_data WHERE (version > 0) AND (id = 1) LIMIT 1 OFFSET 0
[TeaQL SQL][query][551us] 1 rows returned outcome=success batchOutcome=not_applicable comment=matched merchant read with relation purpose=matched benchmark read auditReason= tracePath=[0:OPERATION:Merchant=query -> 1:REQUEST:Merchant= -> 2:PROVIDER:postgresql= -> 3:SQL:select=] mutationLineage=[]
SQL: -- TeaQL PLAIN
SELECT id, name, code, external_id AS externalId, task_life_hours AS taskLifeHours, version, platform FROM merchant_data WHERE (version > 0) AND (external_id = 'matched-merchant') LIMIT 1000 OFFSET 0
[TeaQL SQL][query][485us] 1 rows returned outcome=success batchOutcome=not_applicable comment=matched merchant read with relation purpose=matched benchmark read auditReason= tracePath=[0:OPERATION:Merchant=query -> 1:REQUEST:Merchant= -> 2:RELATION:platform=Merchant.platform -> 3:PROVIDER:postgresql= -> 4:SQL:select=] mutationLineage=[]
SQL: -- TeaQL PLAIN
SELECT id, create_time AS createTime, last_update_time AS lastUpdateTime, name, version FROM platform_data WHERE (version > 0) AND (id = 1) LIMIT 1 OFFSET 0
[TeaQL SQL][query][503us] 1 rows returned outcome=success batchOutcome=not_applicable comment=matched merchant read with relation purpose=matched benchmark read auditReason= tracePath=[0:OPERATION:Merchant=query -> 1:REQUEST:Merchant= -> 2:PROVIDER:postgresql= -> 3:SQL:select=] mutationLineage=[]
SQL: -- TeaQL PLAIN
SELECT id, name, code, external_id AS externalId, task_life_hours AS taskLifeHours, version, platform FROM merchant_data WHERE (version > 0) AND (external_id = 'matched-merchant') LIMIT 1000 OFFSET 0
[TeaQL SQL][query][460us] 1 rows returned outcome=success batchOutcome=not_applicable comment=matched merchant read with relation purpose=matched benchmark read auditReason= tracePath=[0:OPERATION:Merchant=query -> 1:REQUEST:Merchant= -> 2:RELATION:platform=Merchant.platform -> 3:PROVIDER:postgresql= -> 4:SQL:select=] mutationLineage=[]
SQL: -- TeaQL PLAIN
SELECT id, create_time AS createTime, last_update_time AS lastUpdateTime, name, version FROM platform_data WHERE (version > 0) AND (id = 1) LIMIT 1 OFFSET 0
[TeaQL SQL][query][487us] 1 rows returned outcome=success batchOutcome=not_applicable comment=matched merchant read with relation purpose=matched benchmark read auditReason= tracePath=[0:OPERATION:Merchant=query -> 1:REQUEST:Merchant= -> 2:PROVIDER:postgresql= -> 3:SQL:select=] mutationLineage=[]
SQL: -- TeaQL PLAIN
SELECT id, name, code, external_id AS externalId, task_life_hours AS taskLifeHours, version, platform FROM merchant_data WHERE (version > 0) AND (external_id = 'matched-merchant') LIMIT 1000 OFFSET 0
[TeaQL SQL][query][444us] 1 rows returned outcome=success batchOutcome=not_applicable comment=matched merchant read with relation purpose=matched benchmark read auditReason= tracePath=[0:OPERATION:Merchant=query -> 1:REQUEST:Merchant= -> 2:RELATION:platform=Merchant.platform -> 3:PROVIDER:postgresql= -> 4:SQL:select=] mutationLineage=[]
SQL: -- TeaQL PLAIN
SELECT id, create_time AS createTime, last_update_time AS lastUpdateTime, name, version FROM platform_data WHERE (version > 0) AND (id = 1) LIMIT 1 OFFSET 0
[TeaQL SQL][query][548us] 1 rows returned outcome=success batchOutcome=not_applicable comment=matched merchant read with relation purpose=matched benchmark read auditReason= tracePath=[0:OPERATION:Merchant=query -> 1:REQUEST:Merchant= -> 2:PROVIDER:postgresql= -> 3:SQL:select=] mutationLineage=[]
SQL: -- TeaQL PLAIN
SELECT id, name, code, external_id AS externalId, task_life_hours AS taskLifeHours, version, platform FROM merchant_data WHERE (version > 0) AND (external_id = 'matched-merchant') LIMIT 1000 OFFSET 0
[TeaQL SQL][query][514us] 1 rows returned outcome=success batchOutcome=not_applicable comment=matched merchant read with relation purpose=matched benchmark read auditReason= tracePath=[0:OPERATION:Merchant=query -> 1:REQUEST:Merchant= -> 2:RELATION:platform=Merchant.platform -> 3:PROVIDER:postgresql= -> 4:SQL:select=] mutationLineage=[]
SQL: -- TeaQL PLAIN
SELECT id, create_time AS createTime, last_update_time AS lastUpdateTime, name, version FROM platform_data WHERE (version > 0) AND (id = 1) LIMIT 1 OFFSET 0
[TeaQL SQL][query][613us] 1 rows returned outcome=success batchOutcome=not_applicable comment=matched merchant read with relation purpose=matched benchmark read auditReason= tracePath=[0:OPERATION:Merchant=query -> 1:REQUEST:Merchant= -> 2:PROVIDER:postgresql= -> 3:SQL:select=] mutationLineage=[]
SQL: -- TeaQL PLAIN
SELECT id, name, code, external_id AS externalId, task_life_hours AS taskLifeHours, version, platform FROM merchant_data WHERE (version > 0) AND (external_id = 'matched-merchant') LIMIT 1000 OFFSET 0
[TeaQL SQL][query][506us] 1 rows returned outcome=success batchOutcome=not_applicable comment=matched merchant read with relation purpose=matched benchmark read auditReason= tracePath=[0:OPERATION:Merchant=query -> 1:REQUEST:Merchant= -> 2:RELATION:platform=Merchant.platform -> 3:PROVIDER:postgresql= -> 4:SQL:select=] mutationLineage=[]
SQL: -- TeaQL PLAIN
SELECT id, create_time AS createTime, last_update_time AS lastUpdateTime, name, version FROM platform_data WHERE (version > 0) AND (id = 1) LIMIT 1 OFFSET 0
[TeaQL SQL][query][491us] 1 rows returned outcome=success batchOutcome=not_applicable comment=matched merchant read with relation purpose=matched benchmark read auditReason= tracePath=[0:OPERATION:Merchant=query -> 1:REQUEST:Merchant= -> 2:PROVIDER:postgresql= -> 3:SQL:select=] mutationLineage=[]
SQL: -- TeaQL PLAIN
SELECT id, name, code, external_id AS externalId, task_life_hours AS taskLifeHours, version, platform FROM merchant_data WHERE (version > 0) AND (external_id = 'matched-merchant') LIMIT 1000 OFFSET 0
[TeaQL SQL][query][408us] 1 rows returned outcome=success batchOutcome=not_applicable comment=matched merchant read with relation purpose=matched benchmark read auditReason= tracePath=[0:OPERATION:Merchant=query -> 1:REQUEST:Merchant= -> 2:RELATION:platform=Merchant.platform -> 3:PROVIDER:postgresql= -> 4:SQL:select=] mutationLineage=[]
SQL: -- TeaQL PLAIN
SELECT id, create_time AS createTime, last_update_time AS lastUpdateTime, name, version FROM platform_data WHERE (version > 0) AND (id = 1) LIMIT 1 OFFSET 0
[TeaQL SQL][query][444us] 1 rows returned outcome=success batchOutcome=not_applicable comment=matched merchant read with relation purpose=matched benchmark read auditReason= tracePath=[0:OPERATION:Merchant=query -> 1:REQUEST:Merchant= -> 2:PROVIDER:postgresql= -> 3:SQL:select=] mutationLineage=[]
SQL: -- TeaQL PLAIN
SELECT id, name, code, external_id AS externalId, task_life_hours AS taskLifeHours, version, platform FROM merchant_data WHERE (version > 0) AND (external_id = 'matched-merchant') LIMIT 1000 OFFSET 0
[TeaQL SQL][query][378us] 1 rows returned outcome=success batchOutcome=not_applicable comment=matched merchant read with relation purpose=matched benchmark read auditReason= tracePath=[0:OPERATION:Merchant=query -> 1:REQUEST:Merchant= -> 2:RELATION:platform=Merchant.platform -> 3:PROVIDER:postgresql= -> 4:SQL:select=] mutationLineage=[]
SQL: -- TeaQL PLAIN
SELECT id, create_time AS createTime, last_update_time AS lastUpdateTime, name, version FROM platform_data WHERE (version > 0) AND (id = 1) LIMIT 1 OFFSET 0
[TeaQL SQL][query][576us] 1 rows returned outcome=success batchOutcome=not_applicable comment=matched merchant read with relation purpose=matched benchmark read auditReason= tracePath=[0:OPERATION:Merchant=query -> 1:REQUEST:Merchant= -> 2:PROVIDER:postgresql= -> 3:SQL:select=] mutationLineage=[]
SQL: -- TeaQL PLAIN
SELECT id, name, code, external_id AS externalId, task_life_hours AS taskLifeHours, version, platform FROM merchant_data WHERE (version > 0) AND (external_id = 'matched-merchant') LIMIT 1000 OFFSET 0
[TeaQL SQL][query][545us] 1 rows returned outcome=success batchOutcome=not_applicable comment=matched merchant read with relation purpose=matched benchmark read auditReason= tracePath=[0:OPERATION:Merchant=query -> 1:REQUEST:Merchant= -> 2:RELATION:platform=Merchant.platform -> 3:PROVIDER:postgresql= -> 4:SQL:select=] mutationLineage=[]
SQL: -- TeaQL PLAIN
SELECT id, create_time AS createTime, last_update_time AS lastUpdateTime, name, version FROM platform_data WHERE (version > 0) AND (id = 1) LIMIT 1 OFFSET 0
[TeaQL SQL][query][575us] 1 rows returned outcome=success batchOutcome=not_applicable comment=matched merchant read with relation purpose=matched benchmark read auditReason= tracePath=[0:OPERATION:Merchant=query -> 1:REQUEST:Merchant= -> 2:PROVIDER:postgresql= -> 3:SQL:select=] mutationLineage=[]
SQL: -- TeaQL PLAIN
SELECT id, name, code, external_id AS externalId, task_life_hours AS taskLifeHours, version, platform FROM merchant_data WHERE (version > 0) AND (external_id = 'matched-merchant') LIMIT 1000 OFFSET 0
[TeaQL SQL][query][530us] 1 rows returned outcome=success batchOutcome=not_applicable comment=matched merchant read with relation purpose=matched benchmark read auditReason= tracePath=[0:OPERATION:Merchant=query -> 1:REQUEST:Merchant= -> 2:RELATION:platform=Merchant.platform -> 3:PROVIDER:postgresql= -> 4:SQL:select=] mutationLineage=[]
SQL: -- TeaQL PLAIN
SELECT id, create_time AS createTime, last_update_time AS lastUpdateTime, name, version FROM platform_data WHERE (version > 0) AND (id = 1) LIMIT 1 OFFSET 0
[TeaQL SQL][query][603us] 1 rows returned outcome=success batchOutcome=not_applicable comment=matched merchant read with relation purpose=matched benchmark read auditReason= tracePath=[0:OPERATION:Merchant=query -> 1:REQUEST:Merchant= -> 2:PROVIDER:postgresql= -> 3:SQL:select=] mutationLineage=[]
SQL: -- TeaQL PLAIN
SELECT id, name, code, external_id AS externalId, task_life_hours AS taskLifeHours, version, platform FROM merchant_data WHERE (version > 0) AND (external_id = 'matched-merchant') LIMIT 1000 OFFSET 0
[TeaQL SQL][query][517us] 1 rows returned outcome=success batchOutcome=not_applicable comment=matched merchant read with relation purpose=matched benchmark read auditReason= tracePath=[0:OPERATION:Merchant=query -> 1:REQUEST:Merchant= -> 2:RELATION:platform=Merchant.platform -> 3:PROVIDER:postgresql= -> 4:SQL:select=] mutationLineage=[]
SQL: -- TeaQL PLAIN
SELECT id, create_time AS createTime, last_update_time AS lastUpdateTime, name, version FROM platform_data WHERE (version > 0) AND (id = 1) LIMIT 1 OFFSET 0
[TeaQL SQL][query][501us] 1 rows returned outcome=success batchOutcome=not_applicable comment=matched merchant read with relation purpose=matched benchmark read auditReason= tracePath=[0:OPERATION:Merchant=query -> 1:REQUEST:Merchant= -> 2:PROVIDER:postgresql= -> 3:SQL:select=] mutationLineage=[]
SQL: -- TeaQL PLAIN
SELECT id, name, code, external_id AS externalId, task_life_hours AS taskLifeHours, version, platform FROM merchant_data WHERE (version > 0) AND (external_id = 'matched-merchant') LIMIT 1000 OFFSET 0
[TeaQL SQL][query][534us] 1 rows returned outcome=success batchOutcome=not_applicable comment=matched merchant read with relation purpose=matched benchmark read auditReason= tracePath=[0:OPERATION:Merchant=query -> 1:REQUEST:Merchant= -> 2:RELATION:platform=Merchant.platform -> 3:PROVIDER:postgresql= -> 4:SQL:select=] mutationLineage=[]
SQL: -- TeaQL PLAIN
SELECT id, create_time AS createTime, last_update_time AS lastUpdateTime, name, version FROM platform_data WHERE (version > 0) AND (id = 1) LIMIT 1 OFFSET 0
[TeaQL SQL][query][551us] 1 rows returned outcome=success batchOutcome=not_applicable comment=matched merchant read with relation purpose=matched benchmark read auditReason= tracePath=[0:OPERATION:Merchant=query -> 1:REQUEST:Merchant= -> 2:PROVIDER:postgresql= -> 3:SQL:select=] mutationLineage=[]
SQL: -- TeaQL PLAIN
SELECT id, name, code, external_id AS externalId, task_life_hours AS taskLifeHours, version, platform FROM merchant_data WHERE (version > 0) AND (external_id = 'matched-merchant') LIMIT 1000 OFFSET 0
[TeaQL SQL][query][507us] 1 rows returned outcome=success batchOutcome=not_applicable comment=matched merchant read with relation purpose=matched benchmark read auditReason= tracePath=[0:OPERATION:Merchant=query -> 1:REQUEST:Merchant= -> 2:RELATION:platform=Merchant.platform -> 3:PROVIDER:postgresql= -> 4:SQL:select=] mutationLineage=[]
SQL: -- TeaQL PLAIN
SELECT id, create_time AS createTime, last_update_time AS lastUpdateTime, name, version FROM platform_data WHERE (version > 0) AND (id = 1) LIMIT 1 OFFSET 0
[TeaQL SQL][query][661us] 1 rows returned outcome=success batchOutcome=not_applicable comment=matched merchant read with relation purpose=matched benchmark read auditReason= tracePath=[0:OPERATION:Merchant=query -> 1:REQUEST:Merchant= -> 2:PROVIDER:postgresql= -> 3:SQL:select=] mutationLineage=[]
SQL: -- TeaQL PLAIN
SELECT id, name, code, external_id AS externalId, task_life_hours AS taskLifeHours, version, platform FROM merchant_data WHERE (version > 0) AND (external_id = 'matched-merchant') LIMIT 1000 OFFSET 0
[TeaQL SQL][query][564us] 1 rows returned outcome=success batchOutcome=not_applicable comment=matched merchant read with relation purpose=matched benchmark read auditReason= tracePath=[0:OPERATION:Merchant=query -> 1:REQUEST:Merchant= -> 2:RELATION:platform=Merchant.platform -> 3:PROVIDER:postgresql= -> 4:SQL:select=] mutationLineage=[]
SQL: -- TeaQL PLAIN
SELECT id, create_time AS createTime, last_update_time AS lastUpdateTime, name, version FROM platform_data WHERE (version > 0) AND (id = 1) LIMIT 1 OFFSET 0
[TeaQL SQL][query][521us] 1 rows returned outcome=success batchOutcome=not_applicable comment=matched merchant read with relation purpose=matched benchmark read auditReason= tracePath=[0:OPERATION:Merchant=query -> 1:REQUEST:Merchant= -> 2:PROVIDER:postgresql= -> 3:SQL:select=] mutationLineage=[]
SQL: -- TeaQL PLAIN
SELECT id, name, code, external_id AS externalId, task_life_hours AS taskLifeHours, version, platform FROM merchant_data WHERE (version > 0) AND (external_id = 'matched-merchant') LIMIT 1000 OFFSET 0
[TeaQL SQL][query][491us] 1 rows returned outcome=success batchOutcome=not_applicable comment=matched merchant read with relation purpose=matched benchmark read auditReason= tracePath=[0:OPERATION:Merchant=query -> 1:REQUEST:Merchant= -> 2:RELATION:platform=Merchant.platform -> 3:PROVIDER:postgresql= -> 4:SQL:select=] mutationLineage=[]
SQL: -- TeaQL PLAIN
SELECT id, create_time AS createTime, last_update_time AS lastUpdateTime, name, version FROM platform_data WHERE (version > 0) AND (id = 1) LIMIT 1 OFFSET 0
[TeaQL SQL][query][534us] 1 rows returned outcome=success batchOutcome=not_applicable comment=matched merchant read with relation purpose=matched benchmark read auditReason= tracePath=[0:OPERATION:Merchant=query -> 1:REQUEST:Merchant= -> 2:PROVIDER:postgresql= -> 3:SQL:select=] mutationLineage=[]
SQL: -- TeaQL PLAIN
SELECT id, name, code, external_id AS externalId, task_life_hours AS taskLifeHours, version, platform FROM merchant_data WHERE (version > 0) AND (external_id = 'matched-merchant') LIMIT 1000 OFFSET 0
[TeaQL SQL][query][470us] 1 rows returned outcome=success batchOutcome=not_applicable comment=matched merchant read with relation purpose=matched benchmark read auditReason= tracePath=[0:OPERATION:Merchant=query -> 1:REQUEST:Merchant= -> 2:RELATION:platform=Merchant.platform -> 3:PROVIDER:postgresql= -> 4:SQL:select=] mutationLineage=[]
SQL: -- TeaQL PLAIN
SELECT id, create_time AS createTime, last_update_time AS lastUpdateTime, name, version FROM platform_data WHERE (version > 0) AND (id = 1) LIMIT 1 OFFSET 0
[TeaQL SQL][query][526us] 1 rows returned outcome=success batchOutcome=not_applicable comment=matched merchant read with relation purpose=matched benchmark read auditReason= tracePath=[0:OPERATION:Merchant=query -> 1:REQUEST:Merchant= -> 2:PROVIDER:postgresql= -> 3:SQL:select=] mutationLineage=[]
SQL: -- TeaQL PLAIN
SELECT id, name, code, external_id AS externalId, task_life_hours AS taskLifeHours, version, platform FROM merchant_data WHERE (version > 0) AND (external_id = 'matched-merchant') LIMIT 1000 OFFSET 0
[TeaQL SQL][query][439us] 1 rows returned outcome=success batchOutcome=not_applicable comment=matched merchant read with relation purpose=matched benchmark read auditReason= tracePath=[0:OPERATION:Merchant=query -> 1:REQUEST:Merchant= -> 2:RELATION:platform=Merchant.platform -> 3:PROVIDER:postgresql= -> 4:SQL:select=] mutationLineage=[]
SQL: -- TeaQL PLAIN
SELECT id, create_time AS createTime, last_update_time AS lastUpdateTime, name, version FROM platform_data WHERE (version > 0) AND (id = 1) LIMIT 1 OFFSET 0
[TeaQL SQL][query][750us] 1 rows returned outcome=success batchOutcome=not_applicable comment=matched merchant read with relation purpose=matched benchmark read auditReason= tracePath=[0:OPERATION:Merchant=query -> 1:REQUEST:Merchant= -> 2:PROVIDER:postgresql= -> 3:SQL:select=] mutationLineage=[]
SQL: -- TeaQL PLAIN
SELECT id, name, code, external_id AS externalId, task_life_hours AS taskLifeHours, version, platform FROM merchant_data WHERE (version > 0) AND (external_id = 'matched-merchant') LIMIT 1000 OFFSET 0
[TeaQL SQL][query][503us] 1 rows returned outcome=success batchOutcome=not_applicable comment=matched merchant read with relation purpose=matched benchmark read auditReason= tracePath=[0:OPERATION:Merchant=query -> 1:REQUEST:Merchant= -> 2:RELATION:platform=Merchant.platform -> 3:PROVIDER:postgresql= -> 4:SQL:select=] mutationLineage=[]
SQL: -- TeaQL PLAIN
SELECT id, create_time AS createTime, last_update_time AS lastUpdateTime, name, version FROM platform_data WHERE (version > 0) AND (id = 1) LIMIT 1 OFFSET 0
[TeaQL SQL][query][509us] 1 rows returned outcome=success batchOutcome=not_applicable comment=matched merchant read with relation purpose=matched benchmark read auditReason= tracePath=[0:OPERATION:Merchant=query -> 1:REQUEST:Merchant= -> 2:PROVIDER:postgresql= -> 3:SQL:select=] mutationLineage=[]
SQL: -- TeaQL PLAIN
SELECT id, name, code, external_id AS externalId, task_life_hours AS taskLifeHours, version, platform FROM merchant_data WHERE (version > 0) AND (external_id = 'matched-merchant') LIMIT 1000 OFFSET 0
[TeaQL SQL][query][447us] 1 rows returned outcome=success batchOutcome=not_applicable comment=matched merchant read with relation purpose=matched benchmark read auditReason= tracePath=[0:OPERATION:Merchant=query -> 1:REQUEST:Merchant= -> 2:RELATION:platform=Merchant.platform -> 3:PROVIDER:postgresql= -> 4:SQL:select=] mutationLineage=[]
SQL: -- TeaQL PLAIN
SELECT id, create_time AS createTime, last_update_time AS lastUpdateTime, name, version FROM platform_data WHERE (version > 0) AND (id = 1) LIMIT 1 OFFSET 0
[TeaQL SQL][query][528us] 1 rows returned outcome=success batchOutcome=not_applicable comment=matched merchant read with relation purpose=matched benchmark read auditReason= tracePath=[0:OPERATION:Merchant=query -> 1:REQUEST:Merchant= -> 2:PROVIDER:postgresql= -> 3:SQL:select=] mutationLineage=[]
SQL: -- TeaQL PLAIN
SELECT id, name, code, external_id AS externalId, task_life_hours AS taskLifeHours, version, platform FROM merchant_data WHERE (version > 0) AND (external_id = 'matched-merchant') LIMIT 1000 OFFSET 0
[TeaQL SQL][query][464us] 1 rows returned outcome=success batchOutcome=not_applicable comment=matched merchant read with relation purpose=matched benchmark read auditReason= tracePath=[0:OPERATION:Merchant=query -> 1:REQUEST:Merchant= -> 2:RELATION:platform=Merchant.platform -> 3:PROVIDER:postgresql= -> 4:SQL:select=] mutationLineage=[]
SQL: -- TeaQL PLAIN
SELECT id, create_time AS createTime, last_update_time AS lastUpdateTime, name, version FROM platform_data WHERE (version > 0) AND (id = 1) LIMIT 1 OFFSET 0
[TeaQL SQL][query][550us] 1 rows returned outcome=success batchOutcome=not_applicable comment=matched merchant read with relation purpose=matched benchmark read auditReason= tracePath=[0:OPERATION:Merchant=query -> 1:REQUEST:Merchant= -> 2:PROVIDER:postgresql= -> 3:SQL:select=] mutationLineage=[]
SQL: -- TeaQL PLAIN
SELECT id, name, code, external_id AS externalId, task_life_hours AS taskLifeHours, version, platform FROM merchant_data WHERE (version > 0) AND (external_id = 'matched-merchant') LIMIT 1000 OFFSET 0
[TeaQL SQL][query][534us] 1 rows returned outcome=success batchOutcome=not_applicable comment=matched merchant read with relation purpose=matched benchmark read auditReason= tracePath=[0:OPERATION:Merchant=query -> 1:REQUEST:Merchant= -> 2:RELATION:platform=Merchant.platform -> 3:PROVIDER:postgresql= -> 4:SQL:select=] mutationLineage=[]
SQL: -- TeaQL PLAIN
SELECT id, create_time AS createTime, last_update_time AS lastUpdateTime, name, version FROM platform_data WHERE (version > 0) AND (id = 1) LIMIT 1 OFFSET 0
[TeaQL SQL][query][393us] 1 rows returned outcome=success batchOutcome=not_applicable comment=matched merchant read with relation purpose=matched benchmark read auditReason= tracePath=[0:OPERATION:Merchant=query -> 1:REQUEST:Merchant= -> 2:PROVIDER:postgresql= -> 3:SQL:select=] mutationLineage=[]
SQL: -- TeaQL PLAIN
SELECT id, name, code, external_id AS externalId, task_life_hours AS taskLifeHours, version, platform FROM merchant_data WHERE (version > 0) AND (external_id = 'matched-merchant') LIMIT 1000 OFFSET 0
[TeaQL SQL][query][404us] 1 rows returned outcome=success batchOutcome=not_applicable comment=matched merchant read with relation purpose=matched benchmark read auditReason= tracePath=[0:OPERATION:Merchant=query -> 1:REQUEST:Merchant= -> 2:RELATION:platform=Merchant.platform -> 3:PROVIDER:postgresql= -> 4:SQL:select=] mutationLineage=[]
SQL: -- TeaQL PLAIN
SELECT id, create_time AS createTime, last_update_time AS lastUpdateTime, name, version FROM platform_data WHERE (version > 0) AND (id = 1) LIMIT 1 OFFSET 0
[TeaQL SQL][query][539us] 1 rows returned outcome=success batchOutcome=not_applicable comment=matched merchant read with relation purpose=matched benchmark read auditReason= tracePath=[0:OPERATION:Merchant=query -> 1:REQUEST:Merchant= -> 2:PROVIDER:postgresql= -> 3:SQL:select=] mutationLineage=[]
SQL: -- TeaQL PLAIN
SELECT id, name, code, external_id AS externalId, task_life_hours AS taskLifeHours, version, platform FROM merchant_data WHERE (version > 0) AND (external_id = 'matched-merchant') LIMIT 1000 OFFSET 0
[TeaQL SQL][query][432us] 1 rows returned outcome=success batchOutcome=not_applicable comment=matched merchant read with relation purpose=matched benchmark read auditReason= tracePath=[0:OPERATION:Merchant=query -> 1:REQUEST:Merchant= -> 2:RELATION:platform=Merchant.platform -> 3:PROVIDER:postgresql= -> 4:SQL:select=] mutationLineage=[]
SQL: -- TeaQL PLAIN
SELECT id, create_time AS createTime, last_update_time AS lastUpdateTime, name, version FROM platform_data WHERE (version > 0) AND (id = 1) LIMIT 1 OFFSET 0
[TeaQL SQL][query][619us] 1 rows returned outcome=success batchOutcome=not_applicable comment=matched merchant read with relation purpose=matched benchmark read auditReason= tracePath=[0:OPERATION:Merchant=query -> 1:REQUEST:Merchant= -> 2:PROVIDER:postgresql= -> 3:SQL:select=] mutationLineage=[]
SQL: -- TeaQL PLAIN
SELECT id, name, code, external_id AS externalId, task_life_hours AS taskLifeHours, version, platform FROM merchant_data WHERE (version > 0) AND (external_id = 'matched-merchant') LIMIT 1000 OFFSET 0
[TeaQL SQL][query][601us] 1 rows returned outcome=success batchOutcome=not_applicable comment=matched merchant read with relation purpose=matched benchmark read auditReason= tracePath=[0:OPERATION:Merchant=query -> 1:REQUEST:Merchant= -> 2:RELATION:platform=Merchant.platform -> 3:PROVIDER:postgresql= -> 4:SQL:select=] mutationLineage=[]
SQL: -- TeaQL PLAIN
SELECT id, create_time AS createTime, last_update_time AS lastUpdateTime, name, version FROM platform_data WHERE (version > 0) AND (id = 1) LIMIT 1 OFFSET 0
[TeaQL SQL][query][570us] 1 rows returned outcome=success batchOutcome=not_applicable comment=matched merchant read with relation purpose=matched benchmark read auditReason= tracePath=[0:OPERATION:Merchant=query -> 1:REQUEST:Merchant= -> 2:PROVIDER:postgresql= -> 3:SQL:select=] mutationLineage=[]
SQL: -- TeaQL PLAIN
SELECT id, name, code, external_id AS externalId, task_life_hours AS taskLifeHours, version, platform FROM merchant_data WHERE (version > 0) AND (external_id = 'matched-merchant') LIMIT 1000 OFFSET 0
[TeaQL SQL][query][578us] 1 rows returned outcome=success batchOutcome=not_applicable comment=matched merchant read with relation purpose=matched benchmark read auditReason= tracePath=[0:OPERATION:Merchant=query -> 1:REQUEST:Merchant= -> 2:RELATION:platform=Merchant.platform -> 3:PROVIDER:postgresql= -> 4:SQL:select=] mutationLineage=[]
SQL: -- TeaQL PLAIN
SELECT id, create_time AS createTime, last_update_time AS lastUpdateTime, name, version FROM platform_data WHERE (version > 0) AND (id = 1) LIMIT 1 OFFSET 0
[TeaQL SQL][query][644us] 1 rows returned outcome=success batchOutcome=not_applicable comment=matched merchant read with relation purpose=matched benchmark read auditReason= tracePath=[0:OPERATION:Merchant=query -> 1:REQUEST:Merchant= -> 2:PROVIDER:postgresql= -> 3:SQL:select=] mutationLineage=[]
SQL: -- TeaQL PLAIN
SELECT id, name, code, external_id AS externalId, task_life_hours AS taskLifeHours, version, platform FROM merchant_data WHERE (version > 0) AND (external_id = 'matched-merchant') LIMIT 1000 OFFSET 0
[TeaQL SQL][query][522us] 1 rows returned outcome=success batchOutcome=not_applicable comment=matched merchant read with relation purpose=matched benchmark read auditReason= tracePath=[0:OPERATION:Merchant=query -> 1:REQUEST:Merchant= -> 2:RELATION:platform=Merchant.platform -> 3:PROVIDER:postgresql= -> 4:SQL:select=] mutationLineage=[]
SQL: -- TeaQL PLAIN
SELECT id, create_time AS createTime, last_update_time AS lastUpdateTime, name, version FROM platform_data WHERE (version > 0) AND (id = 1) LIMIT 1 OFFSET 0
[TeaQL SQL][query][542us] 1 rows returned outcome=success batchOutcome=not_applicable comment=matched merchant read with relation purpose=matched benchmark read auditReason= tracePath=[0:OPERATION:Merchant=query -> 1:REQUEST:Merchant= -> 2:PROVIDER:postgresql= -> 3:SQL:select=] mutationLineage=[]
SQL: -- TeaQL PLAIN
SELECT id, name, code, external_id AS externalId, task_life_hours AS taskLifeHours, version, platform FROM merchant_data WHERE (version > 0) AND (external_id = 'matched-merchant') LIMIT 1000 OFFSET 0
[TeaQL SQL][query][433us] 1 rows returned outcome=success batchOutcome=not_applicable comment=matched merchant read with relation purpose=matched benchmark read auditReason= tracePath=[0:OPERATION:Merchant=query -> 1:REQUEST:Merchant= -> 2:RELATION:platform=Merchant.platform -> 3:PROVIDER:postgresql= -> 4:SQL:select=] mutationLineage=[]
SQL: -- TeaQL PLAIN
SELECT id, create_time AS createTime, last_update_time AS lastUpdateTime, name, version FROM platform_data WHERE (version > 0) AND (id = 1) LIMIT 1 OFFSET 0
[TeaQL SQL][query][504us] 1 rows returned outcome=success batchOutcome=not_applicable comment=matched merchant read with relation purpose=matched benchmark read auditReason= tracePath=[0:OPERATION:Merchant=query -> 1:REQUEST:Merchant= -> 2:PROVIDER:postgresql= -> 3:SQL:select=] mutationLineage=[]
SQL: -- TeaQL PLAIN
SELECT id, name, code, external_id AS externalId, task_life_hours AS taskLifeHours, version, platform FROM merchant_data WHERE (version > 0) AND (external_id = 'matched-merchant') LIMIT 1000 OFFSET 0
[TeaQL SQL][query][458us] 1 rows returned outcome=success batchOutcome=not_applicable comment=matched merchant read with relation purpose=matched benchmark read auditReason= tracePath=[0:OPERATION:Merchant=query -> 1:REQUEST:Merchant= -> 2:RELATION:platform=Merchant.platform -> 3:PROVIDER:postgresql= -> 4:SQL:select=] mutationLineage=[]
SQL: -- TeaQL PLAIN
SELECT id, create_time AS createTime, last_update_time AS lastUpdateTime, name, version FROM platform_data WHERE (version > 0) AND (id = 1) LIMIT 1 OFFSET 0
[TeaQL SQL][query][597us] 1 rows returned outcome=success batchOutcome=not_applicable comment=matched merchant read with relation purpose=matched benchmark read auditReason= tracePath=[0:OPERATION:Merchant=query -> 1:REQUEST:Merchant= -> 2:PROVIDER:postgresql= -> 3:SQL:select=] mutationLineage=[]
SQL: -- TeaQL PLAIN
SELECT id, name, code, external_id AS externalId, task_life_hours AS taskLifeHours, version, platform FROM merchant_data WHERE (version > 0) AND (external_id = 'matched-merchant') LIMIT 1000 OFFSET 0
[TeaQL SQL][query][493us] 1 rows returned outcome=success batchOutcome=not_applicable comment=matched merchant read with relation purpose=matched benchmark read auditReason= tracePath=[0:OPERATION:Merchant=query -> 1:REQUEST:Merchant= -> 2:RELATION:platform=Merchant.platform -> 3:PROVIDER:postgresql= -> 4:SQL:select=] mutationLineage=[]
SQL: -- TeaQL PLAIN
SELECT id, create_time AS createTime, last_update_time AS lastUpdateTime, name, version FROM platform_data WHERE (version > 0) AND (id = 1) LIMIT 1 OFFSET 0
[TeaQL SQL][query][540us] 1 rows returned outcome=success batchOutcome=not_applicable comment=matched merchant read with relation purpose=matched benchmark read auditReason= tracePath=[0:OPERATION:Merchant=query -> 1:REQUEST:Merchant= -> 2:PROVIDER:postgresql= -> 3:SQL:select=] mutationLineage=[]
SQL: -- TeaQL PLAIN
SELECT id, name, code, external_id AS externalId, task_life_hours AS taskLifeHours, version, platform FROM merchant_data WHERE (version > 0) AND (external_id = 'matched-merchant') LIMIT 1000 OFFSET 0
[TeaQL SQL][query][517us] 1 rows returned outcome=success batchOutcome=not_applicable comment=matched merchant read with relation purpose=matched benchmark read auditReason= tracePath=[0:OPERATION:Merchant=query -> 1:REQUEST:Merchant= -> 2:RELATION:platform=Merchant.platform -> 3:PROVIDER:postgresql= -> 4:SQL:select=] mutationLineage=[]
SQL: -- TeaQL PLAIN
SELECT id, create_time AS createTime, last_update_time AS lastUpdateTime, name, version FROM platform_data WHERE (version > 0) AND (id = 1) LIMIT 1 OFFSET 0
[TeaQL SQL][query][488us] 1 rows returned outcome=success batchOutcome=not_applicable comment=matched merchant read with relation purpose=matched benchmark read auditReason= tracePath=[0:OPERATION:Merchant=query -> 1:REQUEST:Merchant= -> 2:PROVIDER:postgresql= -> 3:SQL:select=] mutationLineage=[]
SQL: -- TeaQL PLAIN
SELECT id, name, code, external_id AS externalId, task_life_hours AS taskLifeHours, version, platform FROM merchant_data WHERE (version > 0) AND (external_id = 'matched-merchant') LIMIT 1000 OFFSET 0
[TeaQL SQL][query][507us] 1 rows returned outcome=success batchOutcome=not_applicable comment=matched merchant read with relation purpose=matched benchmark read auditReason= tracePath=[0:OPERATION:Merchant=query -> 1:REQUEST:Merchant= -> 2:RELATION:platform=Merchant.platform -> 3:PROVIDER:postgresql= -> 4:SQL:select=] mutationLineage=[]
SQL: -- TeaQL PLAIN
SELECT id, create_time AS createTime, last_update_time AS lastUpdateTime, name, version FROM platform_data WHERE (version > 0) AND (id = 1) LIMIT 1 OFFSET 0
[TeaQL SQL][query][658us] 1 rows returned outcome=success batchOutcome=not_applicable comment=matched merchant read with relation purpose=matched benchmark read auditReason= tracePath=[0:OPERATION:Merchant=query -> 1:REQUEST:Merchant= -> 2:PROVIDER:postgresql= -> 3:SQL:select=] mutationLineage=[]
SQL: -- TeaQL PLAIN
SELECT id, name, code, external_id AS externalId, task_life_hours AS taskLifeHours, version, platform FROM merchant_data WHERE (version > 0) AND (external_id = 'matched-merchant') LIMIT 1000 OFFSET 0
[TeaQL SQL][query][686us] 1 rows returned outcome=success batchOutcome=not_applicable comment=matched merchant read with relation purpose=matched benchmark read auditReason= tracePath=[0:OPERATION:Merchant=query -> 1:REQUEST:Merchant= -> 2:RELATION:platform=Merchant.platform -> 3:PROVIDER:postgresql= -> 4:SQL:select=] mutationLineage=[]
SQL: -- TeaQL PLAIN
SELECT id, create_time AS createTime, last_update_time AS lastUpdateTime, name, version FROM platform_data WHERE (version > 0) AND (id = 1) LIMIT 1 OFFSET 0
[TeaQL SQL][query][616us] 1 rows returned outcome=success batchOutcome=not_applicable comment=matched merchant read with relation purpose=matched benchmark read auditReason= tracePath=[0:OPERATION:Merchant=query -> 1:REQUEST:Merchant= -> 2:PROVIDER:postgresql= -> 3:SQL:select=] mutationLineage=[]
SQL: -- TeaQL PLAIN
SELECT id, name, code, external_id AS externalId, task_life_hours AS taskLifeHours, version, platform FROM merchant_data WHERE (version > 0) AND (external_id = 'matched-merchant') LIMIT 1000 OFFSET 0
[TeaQL SQL][query][536us] 1 rows returned outcome=success batchOutcome=not_applicable comment=matched merchant read with relation purpose=matched benchmark read auditReason= tracePath=[0:OPERATION:Merchant=query -> 1:REQUEST:Merchant= -> 2:RELATION:platform=Merchant.platform -> 3:PROVIDER:postgresql= -> 4:SQL:select=] mutationLineage=[]
SQL: -- TeaQL PLAIN
SELECT id, create_time AS createTime, last_update_time AS lastUpdateTime, name, version FROM platform_data WHERE (version > 0) AND (id = 1) LIMIT 1 OFFSET 0
[TeaQL SQL][query][541us] 1 rows returned outcome=success batchOutcome=not_applicable comment=matched merchant read with relation purpose=matched benchmark read auditReason= tracePath=[0:OPERATION:Merchant=query -> 1:REQUEST:Merchant= -> 2:PROVIDER:postgresql= -> 3:SQL:select=] mutationLineage=[]
SQL: -- TeaQL PLAIN
SELECT id, name, code, external_id AS externalId, task_life_hours AS taskLifeHours, version, platform FROM merchant_data WHERE (version > 0) AND (external_id = 'matched-merchant') LIMIT 1000 OFFSET 0
[TeaQL SQL][query][529us] 1 rows returned outcome=success batchOutcome=not_applicable comment=matched merchant read with relation purpose=matched benchmark read auditReason= tracePath=[0:OPERATION:Merchant=query -> 1:REQUEST:Merchant= -> 2:RELATION:platform=Merchant.platform -> 3:PROVIDER:postgresql= -> 4:SQL:select=] mutationLineage=[]
SQL: -- TeaQL PLAIN
SELECT id, create_time AS createTime, last_update_time AS lastUpdateTime, name, version FROM platform_data WHERE (version > 0) AND (id = 1) LIMIT 1 OFFSET 0
[TeaQL SQL][query][482us] 1 rows returned outcome=success batchOutcome=not_applicable comment=matched merchant read with relation purpose=matched benchmark read auditReason= tracePath=[0:OPERATION:Merchant=query -> 1:REQUEST:Merchant= -> 2:PROVIDER:postgresql= -> 3:SQL:select=] mutationLineage=[]
SQL: -- TeaQL PLAIN
SELECT id, name, code, external_id AS externalId, task_life_hours AS taskLifeHours, version, platform FROM merchant_data WHERE (version > 0) AND (external_id = 'matched-merchant') LIMIT 1000 OFFSET 0
[TeaQL SQL][query][467us] 1 rows returned outcome=success batchOutcome=not_applicable comment=matched merchant read with relation purpose=matched benchmark read auditReason= tracePath=[0:OPERATION:Merchant=query -> 1:REQUEST:Merchant= -> 2:RELATION:platform=Merchant.platform -> 3:PROVIDER:postgresql= -> 4:SQL:select=] mutationLineage=[]
SQL: -- TeaQL PLAIN
SELECT id, create_time AS createTime, last_update_time AS lastUpdateTime, name, version FROM platform_data WHERE (version > 0) AND (id = 1) LIMIT 1 OFFSET 0
[TeaQL SQL][query][537us] 1 rows returned outcome=success batchOutcome=not_applicable comment=matched merchant read with relation purpose=matched benchmark read auditReason= tracePath=[0:OPERATION:Merchant=query -> 1:REQUEST:Merchant= -> 2:PROVIDER:postgresql= -> 3:SQL:select=] mutationLineage=[]
SQL: -- TeaQL PLAIN
SELECT id, name, code, external_id AS externalId, task_life_hours AS taskLifeHours, version, platform FROM merchant_data WHERE (version > 0) AND (external_id = 'matched-merchant') LIMIT 1000 OFFSET 0
[TeaQL SQL][query][445us] 1 rows returned outcome=success batchOutcome=not_applicable comment=matched merchant read with relation purpose=matched benchmark read auditReason= tracePath=[0:OPERATION:Merchant=query -> 1:REQUEST:Merchant= -> 2:RELATION:platform=Merchant.platform -> 3:PROVIDER:postgresql= -> 4:SQL:select=] mutationLineage=[]
SQL: -- TeaQL PLAIN
SELECT id, create_time AS createTime, last_update_time AS lastUpdateTime, name, version FROM platform_data WHERE (version > 0) AND (id = 1) LIMIT 1 OFFSET 0
[TeaQL SQL][query][465us] 1 rows returned outcome=success batchOutcome=not_applicable comment=matched merchant read with relation purpose=matched benchmark read auditReason= tracePath=[0:OPERATION:Merchant=query -> 1:REQUEST:Merchant= -> 2:PROVIDER:postgresql= -> 3:SQL:select=] mutationLineage=[]
SQL: -- TeaQL PLAIN
SELECT id, name, code, external_id AS externalId, task_life_hours AS taskLifeHours, version, platform FROM merchant_data WHERE (version > 0) AND (external_id = 'matched-merchant') LIMIT 1000 OFFSET 0
[TeaQL SQL][query][439us] 1 rows returned outcome=success batchOutcome=not_applicable comment=matched merchant read with relation purpose=matched benchmark read auditReason= tracePath=[0:OPERATION:Merchant=query -> 1:REQUEST:Merchant= -> 2:RELATION:platform=Merchant.platform -> 3:PROVIDER:postgresql= -> 4:SQL:select=] mutationLineage=[]
SQL: -- TeaQL PLAIN
SELECT id, create_time AS createTime, last_update_time AS lastUpdateTime, name, version FROM platform_data WHERE (version > 0) AND (id = 1) LIMIT 1 OFFSET 0
[TeaQL SQL][query][494us] 1 rows returned outcome=success batchOutcome=not_applicable comment=matched merchant read with relation purpose=matched benchmark read auditReason= tracePath=[0:OPERATION:Merchant=query -> 1:REQUEST:Merchant= -> 2:PROVIDER:postgresql= -> 3:SQL:select=] mutationLineage=[]
SQL: -- TeaQL PLAIN
SELECT id, name, code, external_id AS externalId, task_life_hours AS taskLifeHours, version, platform FROM merchant_data WHERE (version > 0) AND (external_id = 'matched-merchant') LIMIT 1000 OFFSET 0
[TeaQL SQL][query][491us] 1 rows returned outcome=success batchOutcome=not_applicable comment=matched merchant read with relation purpose=matched benchmark read auditReason= tracePath=[0:OPERATION:Merchant=query -> 1:REQUEST:Merchant= -> 2:RELATION:platform=Merchant.platform -> 3:PROVIDER:postgresql= -> 4:SQL:select=] mutationLineage=[]
SQL: -- TeaQL PLAIN
SELECT id, create_time AS createTime, last_update_time AS lastUpdateTime, name, version FROM platform_data WHERE (version > 0) AND (id = 1) LIMIT 1 OFFSET 0
[TeaQL SQL][query][512us] 1 rows returned outcome=success batchOutcome=not_applicable comment=matched merchant read with relation purpose=matched benchmark read auditReason= tracePath=[0:OPERATION:Merchant=query -> 1:REQUEST:Merchant= -> 2:PROVIDER:postgresql= -> 3:SQL:select=] mutationLineage=[]
SQL: -- TeaQL PLAIN
SELECT id, name, code, external_id AS externalId, task_life_hours AS taskLifeHours, version, platform FROM merchant_data WHERE (version > 0) AND (external_id = 'matched-merchant') LIMIT 1000 OFFSET 0
[TeaQL SQL][query][437us] 1 rows returned outcome=success batchOutcome=not_applicable comment=matched merchant read with relation purpose=matched benchmark read auditReason= tracePath=[0:OPERATION:Merchant=query -> 1:REQUEST:Merchant= -> 2:RELATION:platform=Merchant.platform -> 3:PROVIDER:postgresql= -> 4:SQL:select=] mutationLineage=[]
SQL: -- TeaQL PLAIN
SELECT id, create_time AS createTime, last_update_time AS lastUpdateTime, name, version FROM platform_data WHERE (version > 0) AND (id = 1) LIMIT 1 OFFSET 0
[TeaQL SQL][query][500us] 1 rows returned outcome=success batchOutcome=not_applicable comment=matched merchant read with relation purpose=matched benchmark read auditReason= tracePath=[0:OPERATION:Merchant=query -> 1:REQUEST:Merchant= -> 2:PROVIDER:postgresql= -> 3:SQL:select=] mutationLineage=[]
SQL: -- TeaQL PLAIN
SELECT id, name, code, external_id AS externalId, task_life_hours AS taskLifeHours, version, platform FROM merchant_data WHERE (version > 0) AND (external_id = 'matched-merchant') LIMIT 1000 OFFSET 0
[TeaQL SQL][query][420us] 1 rows returned outcome=success batchOutcome=not_applicable comment=matched merchant read with relation purpose=matched benchmark read auditReason= tracePath=[0:OPERATION:Merchant=query -> 1:REQUEST:Merchant= -> 2:RELATION:platform=Merchant.platform -> 3:PROVIDER:postgresql= -> 4:SQL:select=] mutationLineage=[]
SQL: -- TeaQL PLAIN
SELECT id, create_time AS createTime, last_update_time AS lastUpdateTime, name, version FROM platform_data WHERE (version > 0) AND (id = 1) LIMIT 1 OFFSET 0
[TeaQL SQL][query][526us] 1 rows returned outcome=success batchOutcome=not_applicable comment=matched merchant read with relation purpose=matched benchmark read auditReason= tracePath=[0:OPERATION:Merchant=query -> 1:REQUEST:Merchant= -> 2:PROVIDER:postgresql= -> 3:SQL:select=] mutationLineage=[]
SQL: -- TeaQL PLAIN
SELECT id, name, code, external_id AS externalId, task_life_hours AS taskLifeHours, version, platform FROM merchant_data WHERE (version > 0) AND (external_id = 'matched-merchant') LIMIT 1000 OFFSET 0
[TeaQL SQL][query][472us] 1 rows returned outcome=success batchOutcome=not_applicable comment=matched merchant read with relation purpose=matched benchmark read auditReason= tracePath=[0:OPERATION:Merchant=query -> 1:REQUEST:Merchant= -> 2:RELATION:platform=Merchant.platform -> 3:PROVIDER:postgresql= -> 4:SQL:select=] mutationLineage=[]
SQL: -- TeaQL PLAIN
SELECT id, create_time AS createTime, last_update_time AS lastUpdateTime, name, version FROM platform_data WHERE (version > 0) AND (id = 1) LIMIT 1 OFFSET 0
[TeaQL SQL][query][502us] 1 rows returned outcome=success batchOutcome=not_applicable comment=matched merchant read with relation purpose=matched benchmark read auditReason= tracePath=[0:OPERATION:Merchant=query -> 1:REQUEST:Merchant= -> 2:PROVIDER:postgresql= -> 3:SQL:select=] mutationLineage=[]
SQL: -- TeaQL PLAIN
SELECT id, name, code, external_id AS externalId, task_life_hours AS taskLifeHours, version, platform FROM merchant_data WHERE (version > 0) AND (external_id = 'matched-merchant') LIMIT 1000 OFFSET 0
[TeaQL SQL][query][411us] 1 rows returned outcome=success batchOutcome=not_applicable comment=matched merchant read with relation purpose=matched benchmark read auditReason= tracePath=[0:OPERATION:Merchant=query -> 1:REQUEST:Merchant= -> 2:RELATION:platform=Merchant.platform -> 3:PROVIDER:postgresql= -> 4:SQL:select=] mutationLineage=[]
SQL: -- TeaQL PLAIN
SELECT id, create_time AS createTime, last_update_time AS lastUpdateTime, name, version FROM platform_data WHERE (version > 0) AND (id = 1) LIMIT 1 OFFSET 0
[TeaQL SQL][query][589us] 1 rows returned outcome=success batchOutcome=not_applicable comment=matched merchant read with relation purpose=matched benchmark read auditReason= tracePath=[0:OPERATION:Merchant=query -> 1:REQUEST:Merchant= -> 2:PROVIDER:postgresql= -> 3:SQL:select=] mutationLineage=[]
SQL: -- TeaQL PLAIN
SELECT id, name, code, external_id AS externalId, task_life_hours AS taskLifeHours, version, platform FROM merchant_data WHERE (version > 0) AND (external_id = 'matched-merchant') LIMIT 1000 OFFSET 0
[TeaQL SQL][query][455us] 1 rows returned outcome=success batchOutcome=not_applicable comment=matched merchant read with relation purpose=matched benchmark read auditReason= tracePath=[0:OPERATION:Merchant=query -> 1:REQUEST:Merchant= -> 2:RELATION:platform=Merchant.platform -> 3:PROVIDER:postgresql= -> 4:SQL:select=] mutationLineage=[]
SQL: -- TeaQL PLAIN
SELECT id, create_time AS createTime, last_update_time AS lastUpdateTime, name, version FROM platform_data WHERE (version > 0) AND (id = 1) LIMIT 1 OFFSET 0
[TeaQL SQL][query][584us] 1 rows returned outcome=success batchOutcome=not_applicable comment=matched merchant read with relation purpose=matched benchmark read auditReason= tracePath=[0:OPERATION:Merchant=query -> 1:REQUEST:Merchant= -> 2:PROVIDER:postgresql= -> 3:SQL:select=] mutationLineage=[]
SQL: -- TeaQL PLAIN
SELECT id, name, code, external_id AS externalId, task_life_hours AS taskLifeHours, version, platform FROM merchant_data WHERE (version > 0) AND (external_id = 'matched-merchant') LIMIT 1000 OFFSET 0
[TeaQL SQL][query][471us] 1 rows returned outcome=success batchOutcome=not_applicable comment=matched merchant read with relation purpose=matched benchmark read auditReason= tracePath=[0:OPERATION:Merchant=query -> 1:REQUEST:Merchant= -> 2:RELATION:platform=Merchant.platform -> 3:PROVIDER:postgresql= -> 4:SQL:select=] mutationLineage=[]
SQL: -- TeaQL PLAIN
SELECT id, create_time AS createTime, last_update_time AS lastUpdateTime, name, version FROM platform_data WHERE (version > 0) AND (id = 1) LIMIT 1 OFFSET 0
[TeaQL SQL][query][533us] 1 rows returned outcome=success batchOutcome=not_applicable comment=matched merchant read with relation purpose=matched benchmark read auditReason= tracePath=[0:OPERATION:Merchant=query -> 1:REQUEST:Merchant= -> 2:PROVIDER:postgresql= -> 3:SQL:select=] mutationLineage=[]
SQL: -- TeaQL PLAIN
SELECT id, name, code, external_id AS externalId, task_life_hours AS taskLifeHours, version, platform FROM merchant_data WHERE (version > 0) AND (external_id = 'matched-merchant') LIMIT 1000 OFFSET 0
[TeaQL SQL][query][436us] 1 rows returned outcome=success batchOutcome=not_applicable comment=matched merchant read with relation purpose=matched benchmark read auditReason= tracePath=[0:OPERATION:Merchant=query -> 1:REQUEST:Merchant= -> 2:RELATION:platform=Merchant.platform -> 3:PROVIDER:postgresql= -> 4:SQL:select=] mutationLineage=[]
SQL: -- TeaQL PLAIN
SELECT id, create_time AS createTime, last_update_time AS lastUpdateTime, name, version FROM platform_data WHERE (version > 0) AND (id = 1) LIMIT 1 OFFSET 0
[TeaQL SQL][query][501us] 1 rows returned outcome=success batchOutcome=not_applicable comment=matched merchant read with relation purpose=matched benchmark read auditReason= tracePath=[0:OPERATION:Merchant=query -> 1:REQUEST:Merchant= -> 2:PROVIDER:postgresql= -> 3:SQL:select=] mutationLineage=[]
SQL: -- TeaQL PLAIN
SELECT id, name, code, external_id AS externalId, task_life_hours AS taskLifeHours, version, platform FROM merchant_data WHERE (version > 0) AND (external_id = 'matched-merchant') LIMIT 1000 OFFSET 0
[TeaQL SQL][query][402us] 1 rows returned outcome=success batchOutcome=not_applicable comment=matched merchant read with relation purpose=matched benchmark read auditReason= tracePath=[0:OPERATION:Merchant=query -> 1:REQUEST:Merchant= -> 2:RELATION:platform=Merchant.platform -> 3:PROVIDER:postgresql= -> 4:SQL:select=] mutationLineage=[]
SQL: -- TeaQL PLAIN
SELECT id, create_time AS createTime, last_update_time AS lastUpdateTime, name, version FROM platform_data WHERE (version > 0) AND (id = 1) LIMIT 1 OFFSET 0
[TeaQL SQL][query][478us] 1 rows returned outcome=success batchOutcome=not_applicable comment=matched merchant read with relation purpose=matched benchmark read auditReason= tracePath=[0:OPERATION:Merchant=query -> 1:REQUEST:Merchant= -> 2:PROVIDER:postgresql= -> 3:SQL:select=] mutationLineage=[]
SQL: -- TeaQL PLAIN
SELECT id, name, code, external_id AS externalId, task_life_hours AS taskLifeHours, version, platform FROM merchant_data WHERE (version > 0) AND (external_id = 'matched-merchant') LIMIT 1000 OFFSET 0
[TeaQL SQL][query][451us] 1 rows returned outcome=success batchOutcome=not_applicable comment=matched merchant read with relation purpose=matched benchmark read auditReason= tracePath=[0:OPERATION:Merchant=query -> 1:REQUEST:Merchant= -> 2:RELATION:platform=Merchant.platform -> 3:PROVIDER:postgresql= -> 4:SQL:select=] mutationLineage=[]
SQL: -- TeaQL PLAIN
SELECT id, create_time AS createTime, last_update_time AS lastUpdateTime, name, version FROM platform_data WHERE (version > 0) AND (id = 1) LIMIT 1 OFFSET 0
[TeaQL SQL][query][504us] 1 rows returned outcome=success batchOutcome=not_applicable comment=matched merchant read with relation purpose=matched benchmark read auditReason= tracePath=[0:OPERATION:Merchant=query -> 1:REQUEST:Merchant= -> 2:PROVIDER:postgresql= -> 3:SQL:select=] mutationLineage=[]
SQL: -- TeaQL PLAIN
SELECT id, name, code, external_id AS externalId, task_life_hours AS taskLifeHours, version, platform FROM merchant_data WHERE (version > 0) AND (external_id = 'matched-merchant') LIMIT 1000 OFFSET 0
[TeaQL SQL][query][449us] 1 rows returned outcome=success batchOutcome=not_applicable comment=matched merchant read with relation purpose=matched benchmark read auditReason= tracePath=[0:OPERATION:Merchant=query -> 1:REQUEST:Merchant= -> 2:RELATION:platform=Merchant.platform -> 3:PROVIDER:postgresql= -> 4:SQL:select=] mutationLineage=[]
SQL: -- TeaQL PLAIN
SELECT id, create_time AS createTime, last_update_time AS lastUpdateTime, name, version FROM platform_data WHERE (version > 0) AND (id = 1) LIMIT 1 OFFSET 0
[TeaQL SQL][query][528us] 1 rows returned outcome=success batchOutcome=not_applicable comment=matched merchant read with relation purpose=matched benchmark read auditReason= tracePath=[0:OPERATION:Merchant=query -> 1:REQUEST:Merchant= -> 2:PROVIDER:postgresql= -> 3:SQL:select=] mutationLineage=[]
SQL: -- TeaQL PLAIN
SELECT id, name, code, external_id AS externalId, task_life_hours AS taskLifeHours, version, platform FROM merchant_data WHERE (version > 0) AND (external_id = 'matched-merchant') LIMIT 1000 OFFSET 0
[TeaQL SQL][query][398us] 1 rows returned outcome=success batchOutcome=not_applicable comment=matched merchant read with relation purpose=matched benchmark read auditReason= tracePath=[0:OPERATION:Merchant=query -> 1:REQUEST:Merchant= -> 2:RELATION:platform=Merchant.platform -> 3:PROVIDER:postgresql= -> 4:SQL:select=] mutationLineage=[]
SQL: -- TeaQL PLAIN
SELECT id, create_time AS createTime, last_update_time AS lastUpdateTime, name, version FROM platform_data WHERE (version > 0) AND (id = 1) LIMIT 1 OFFSET 0
[TeaQL SQL][query][577us] 1 rows returned outcome=success batchOutcome=not_applicable comment=matched merchant read with relation purpose=matched benchmark read auditReason= tracePath=[0:OPERATION:Merchant=query -> 1:REQUEST:Merchant= -> 2:PROVIDER:postgresql= -> 3:SQL:select=] mutationLineage=[]
SQL: -- TeaQL PLAIN
SELECT id, name, code, external_id AS externalId, task_life_hours AS taskLifeHours, version, platform FROM merchant_data WHERE (version > 0) AND (external_id = 'matched-merchant') LIMIT 1000 OFFSET 0
[TeaQL SQL][query][463us] 1 rows returned outcome=success batchOutcome=not_applicable comment=matched merchant read with relation purpose=matched benchmark read auditReason= tracePath=[0:OPERATION:Merchant=query -> 1:REQUEST:Merchant= -> 2:RELATION:platform=Merchant.platform -> 3:PROVIDER:postgresql= -> 4:SQL:select=] mutationLineage=[]
SQL: -- TeaQL PLAIN
SELECT id, create_time AS createTime, last_update_time AS lastUpdateTime, name, version FROM platform_data WHERE (version > 0) AND (id = 1) LIMIT 1 OFFSET 0
[TeaQL SQL][query][552us] 1 rows returned outcome=success batchOutcome=not_applicable comment=matched merchant read with relation purpose=matched benchmark read auditReason= tracePath=[0:OPERATION:Merchant=query -> 1:REQUEST:Merchant= -> 2:PROVIDER:postgresql= -> 3:SQL:select=] mutationLineage=[]
SQL: -- TeaQL PLAIN
SELECT id, name, code, external_id AS externalId, task_life_hours AS taskLifeHours, version, platform FROM merchant_data WHERE (version > 0) AND (external_id = 'matched-merchant') LIMIT 1000 OFFSET 0
[TeaQL SQL][query][502us] 1 rows returned outcome=success batchOutcome=not_applicable comment=matched merchant read with relation purpose=matched benchmark read auditReason= tracePath=[0:OPERATION:Merchant=query -> 1:REQUEST:Merchant= -> 2:RELATION:platform=Merchant.platform -> 3:PROVIDER:postgresql= -> 4:SQL:select=] mutationLineage=[]
SQL: -- TeaQL PLAIN
SELECT id, create_time AS createTime, last_update_time AS lastUpdateTime, name, version FROM platform_data WHERE (version > 0) AND (id = 1) LIMIT 1 OFFSET 0
[TeaQL SQL][query][467us] 1 rows returned outcome=success batchOutcome=not_applicable comment=matched merchant read with relation purpose=matched benchmark read auditReason= tracePath=[0:OPERATION:Merchant=query -> 1:REQUEST:Merchant= -> 2:PROVIDER:postgresql= -> 3:SQL:select=] mutationLineage=[]
SQL: -- TeaQL PLAIN
SELECT id, name, code, external_id AS externalId, task_life_hours AS taskLifeHours, version, platform FROM merchant_data WHERE (version > 0) AND (external_id = 'matched-merchant') LIMIT 1000 OFFSET 0
[TeaQL SQL][query][416us] 1 rows returned outcome=success batchOutcome=not_applicable comment=matched merchant read with relation purpose=matched benchmark read auditReason= tracePath=[0:OPERATION:Merchant=query -> 1:REQUEST:Merchant= -> 2:RELATION:platform=Merchant.platform -> 3:PROVIDER:postgresql= -> 4:SQL:select=] mutationLineage=[]
SQL: -- TeaQL PLAIN
SELECT id, create_time AS createTime, last_update_time AS lastUpdateTime, name, version FROM platform_data WHERE (version > 0) AND (id = 1) LIMIT 1 OFFSET 0
[TeaQL SQL][query][547us] 1 rows returned outcome=success batchOutcome=not_applicable comment=matched merchant read with relation purpose=matched benchmark read auditReason= tracePath=[0:OPERATION:Merchant=query -> 1:REQUEST:Merchant= -> 2:PROVIDER:postgresql= -> 3:SQL:select=] mutationLineage=[]
SQL: -- TeaQL PLAIN
SELECT id, name, code, external_id AS externalId, task_life_hours AS taskLifeHours, version, platform FROM merchant_data WHERE (version > 0) AND (external_id = 'matched-merchant') LIMIT 1000 OFFSET 0
[TeaQL SQL][query][522us] 1 rows returned outcome=success batchOutcome=not_applicable comment=matched merchant read with relation purpose=matched benchmark read auditReason= tracePath=[0:OPERATION:Merchant=query -> 1:REQUEST:Merchant= -> 2:RELATION:platform=Merchant.platform -> 3:PROVIDER:postgresql= -> 4:SQL:select=] mutationLineage=[]
SQL: -- TeaQL PLAIN
SELECT id, create_time AS createTime, last_update_time AS lastUpdateTime, name, version FROM platform_data WHERE (version > 0) AND (id = 1) LIMIT 1 OFFSET 0
[TeaQL SQL][query][529us] 1 rows returned outcome=success batchOutcome=not_applicable comment=matched merchant read with relation purpose=matched benchmark read auditReason= tracePath=[0:OPERATION:Merchant=query -> 1:REQUEST:Merchant= -> 2:PROVIDER:postgresql= -> 3:SQL:select=] mutationLineage=[]
SQL: -- TeaQL PLAIN
SELECT id, name, code, external_id AS externalId, task_life_hours AS taskLifeHours, version, platform FROM merchant_data WHERE (version > 0) AND (external_id = 'matched-merchant') LIMIT 1000 OFFSET 0
[TeaQL SQL][query][468us] 1 rows returned outcome=success batchOutcome=not_applicable comment=matched merchant read with relation purpose=matched benchmark read auditReason= tracePath=[0:OPERATION:Merchant=query -> 1:REQUEST:Merchant= -> 2:RELATION:platform=Merchant.platform -> 3:PROVIDER:postgresql= -> 4:SQL:select=] mutationLineage=[]
SQL: -- TeaQL PLAIN
SELECT id, create_time AS createTime, last_update_time AS lastUpdateTime, name, version FROM platform_data WHERE (version > 0) AND (id = 1) LIMIT 1 OFFSET 0
[TeaQL SQL][query][512us] 1 rows returned outcome=success batchOutcome=not_applicable comment=matched merchant read with relation purpose=matched benchmark read auditReason= tracePath=[0:OPERATION:Merchant=query -> 1:REQUEST:Merchant= -> 2:PROVIDER:postgresql= -> 3:SQL:select=] mutationLineage=[]
SQL: -- TeaQL PLAIN
SELECT id, name, code, external_id AS externalId, task_life_hours AS taskLifeHours, version, platform FROM merchant_data WHERE (version > 0) AND (external_id = 'matched-merchant') LIMIT 1000 OFFSET 0
[TeaQL SQL][query][440us] 1 rows returned outcome=success batchOutcome=not_applicable comment=matched merchant read with relation purpose=matched benchmark read auditReason= tracePath=[0:OPERATION:Merchant=query -> 1:REQUEST:Merchant= -> 2:RELATION:platform=Merchant.platform -> 3:PROVIDER:postgresql= -> 4:SQL:select=] mutationLineage=[]
SQL: -- TeaQL PLAIN
SELECT id, create_time AS createTime, last_update_time AS lastUpdateTime, name, version FROM platform_data WHERE (version > 0) AND (id = 1) LIMIT 1 OFFSET 0
[TeaQL SQL][query][503us] 1 rows returned outcome=success batchOutcome=not_applicable comment=matched merchant read with relation purpose=matched benchmark read auditReason= tracePath=[0:OPERATION:Merchant=query -> 1:REQUEST:Merchant= -> 2:PROVIDER:postgresql= -> 3:SQL:select=] mutationLineage=[]
SQL: -- TeaQL PLAIN
SELECT id, name, code, external_id AS externalId, task_life_hours AS taskLifeHours, version, platform FROM merchant_data WHERE (version > 0) AND (external_id = 'matched-merchant') LIMIT 1000 OFFSET 0
[TeaQL SQL][query][484us] 1 rows returned outcome=success batchOutcome=not_applicable comment=matched merchant read with relation purpose=matched benchmark read auditReason= tracePath=[0:OPERATION:Merchant=query -> 1:REQUEST:Merchant= -> 2:RELATION:platform=Merchant.platform -> 3:PROVIDER:postgresql= -> 4:SQL:select=] mutationLineage=[]
SQL: -- TeaQL PLAIN
SELECT id, create_time AS createTime, last_update_time AS lastUpdateTime, name, version FROM platform_data WHERE (version > 0) AND (id = 1) LIMIT 1 OFFSET 0
[TeaQL SQL][query][537us] 1 rows returned outcome=success batchOutcome=not_applicable comment=matched merchant read with relation purpose=matched benchmark read auditReason= tracePath=[0:OPERATION:Merchant=query -> 1:REQUEST:Merchant= -> 2:PROVIDER:postgresql= -> 3:SQL:select=] mutationLineage=[]
SQL: -- TeaQL PLAIN
SELECT id, name, code, external_id AS externalId, task_life_hours AS taskLifeHours, version, platform FROM merchant_data WHERE (version > 0) AND (external_id = 'matched-merchant') LIMIT 1000 OFFSET 0
[TeaQL SQL][query][445us] 1 rows returned outcome=success batchOutcome=not_applicable comment=matched merchant read with relation purpose=matched benchmark read auditReason= tracePath=[0:OPERATION:Merchant=query -> 1:REQUEST:Merchant= -> 2:RELATION:platform=Merchant.platform -> 3:PROVIDER:postgresql= -> 4:SQL:select=] mutationLineage=[]
SQL: -- TeaQL PLAIN
SELECT id, create_time AS createTime, last_update_time AS lastUpdateTime, name, version FROM platform_data WHERE (version > 0) AND (id = 1) LIMIT 1 OFFSET 0
[TeaQL SQL][query][518us] 1 rows returned outcome=success batchOutcome=not_applicable comment=matched merchant read with relation purpose=matched benchmark read auditReason= tracePath=[0:OPERATION:Merchant=query -> 1:REQUEST:Merchant= -> 2:PROVIDER:postgresql= -> 3:SQL:select=] mutationLineage=[]
SQL: -- TeaQL PLAIN
SELECT id, name, code, external_id AS externalId, task_life_hours AS taskLifeHours, version, platform FROM merchant_data WHERE (version > 0) AND (external_id = 'matched-merchant') LIMIT 1000 OFFSET 0
[TeaQL SQL][query][419us] 1 rows returned outcome=success batchOutcome=not_applicable comment=matched merchant read with relation purpose=matched benchmark read auditReason= tracePath=[0:OPERATION:Merchant=query -> 1:REQUEST:Merchant= -> 2:RELATION:platform=Merchant.platform -> 3:PROVIDER:postgresql= -> 4:SQL:select=] mutationLineage=[]
SQL: -- TeaQL PLAIN
SELECT id, create_time AS createTime, last_update_time AS lastUpdateTime, name, version FROM platform_data WHERE (version > 0) AND (id = 1) LIMIT 1 OFFSET 0
[TeaQL SQL][query][446us] 1 rows returned outcome=success batchOutcome=not_applicable comment=matched merchant read with relation purpose=matched benchmark read auditReason= tracePath=[0:OPERATION:Merchant=query -> 1:REQUEST:Merchant= -> 2:PROVIDER:postgresql= -> 3:SQL:select=] mutationLineage=[]
SQL: -- TeaQL PLAIN
SELECT id, name, code, external_id AS externalId, task_life_hours AS taskLifeHours, version, platform FROM merchant_data WHERE (version > 0) AND (external_id = 'matched-merchant') LIMIT 1000 OFFSET 0
[TeaQL SQL][query][388us] 1 rows returned outcome=success batchOutcome=not_applicable comment=matched merchant read with relation purpose=matched benchmark read auditReason= tracePath=[0:OPERATION:Merchant=query -> 1:REQUEST:Merchant= -> 2:RELATION:platform=Merchant.platform -> 3:PROVIDER:postgresql= -> 4:SQL:select=] mutationLineage=[]
SQL: -- TeaQL PLAIN
SELECT id, create_time AS createTime, last_update_time AS lastUpdateTime, name, version FROM platform_data WHERE (version > 0) AND (id = 1) LIMIT 1 OFFSET 0
[TeaQL SQL][query][517us] 1 rows returned outcome=success batchOutcome=not_applicable comment=matched merchant read with relation purpose=matched benchmark read auditReason= tracePath=[0:OPERATION:Merchant=query -> 1:REQUEST:Merchant= -> 2:PROVIDER:postgresql= -> 3:SQL:select=] mutationLineage=[]
SQL: -- TeaQL PLAIN
SELECT id, name, code, external_id AS externalId, task_life_hours AS taskLifeHours, version, platform FROM merchant_data WHERE (version > 0) AND (external_id = 'matched-merchant') LIMIT 1000 OFFSET 0
[TeaQL SQL][query][496us] 1 rows returned outcome=success batchOutcome=not_applicable comment=matched merchant read with relation purpose=matched benchmark read auditReason= tracePath=[0:OPERATION:Merchant=query -> 1:REQUEST:Merchant= -> 2:RELATION:platform=Merchant.platform -> 3:PROVIDER:postgresql= -> 4:SQL:select=] mutationLineage=[]
SQL: -- TeaQL PLAIN
SELECT id, create_time AS createTime, last_update_time AS lastUpdateTime, name, version FROM platform_data WHERE (version > 0) AND (id = 1) LIMIT 1 OFFSET 0
[TeaQL SQL][query][516us] 1 rows returned outcome=success batchOutcome=not_applicable comment=matched merchant read with relation purpose=matched benchmark read auditReason= tracePath=[0:OPERATION:Merchant=query -> 1:REQUEST:Merchant= -> 2:PROVIDER:postgresql= -> 3:SQL:select=] mutationLineage=[]
SQL: -- TeaQL PLAIN
SELECT id, name, code, external_id AS externalId, task_life_hours AS taskLifeHours, version, platform FROM merchant_data WHERE (version > 0) AND (external_id = 'matched-merchant') LIMIT 1000 OFFSET 0
[TeaQL SQL][query][474us] 1 rows returned outcome=success batchOutcome=not_applicable comment=matched merchant read with relation purpose=matched benchmark read auditReason= tracePath=[0:OPERATION:Merchant=query -> 1:REQUEST:Merchant= -> 2:RELATION:platform=Merchant.platform -> 3:PROVIDER:postgresql= -> 4:SQL:select=] mutationLineage=[]
SQL: -- TeaQL PLAIN
SELECT id, create_time AS createTime, last_update_time AS lastUpdateTime, name, version FROM platform_data WHERE (version > 0) AND (id = 1) LIMIT 1 OFFSET 0
[TeaQL SQL][query][489us] 1 rows returned outcome=success batchOutcome=not_applicable comment=matched merchant read with relation purpose=matched benchmark read auditReason= tracePath=[0:OPERATION:Merchant=query -> 1:REQUEST:Merchant= -> 2:PROVIDER:postgresql= -> 3:SQL:select=] mutationLineage=[]
SQL: -- TeaQL PLAIN
SELECT id, name, code, external_id AS externalId, task_life_hours AS taskLifeHours, version, platform FROM merchant_data WHERE (version > 0) AND (external_id = 'matched-merchant') LIMIT 1000 OFFSET 0
[TeaQL SQL][query][424us] 1 rows returned outcome=success batchOutcome=not_applicable comment=matched merchant read with relation purpose=matched benchmark read auditReason= tracePath=[0:OPERATION:Merchant=query -> 1:REQUEST:Merchant= -> 2:RELATION:platform=Merchant.platform -> 3:PROVIDER:postgresql= -> 4:SQL:select=] mutationLineage=[]
SQL: -- TeaQL PLAIN
SELECT id, create_time AS createTime, last_update_time AS lastUpdateTime, name, version FROM platform_data WHERE (version > 0) AND (id = 1) LIMIT 1 OFFSET 0
[TeaQL SQL][query][526us] 1 rows returned outcome=success batchOutcome=not_applicable comment=matched merchant read with relation purpose=matched benchmark read auditReason= tracePath=[0:OPERATION:Merchant=query -> 1:REQUEST:Merchant= -> 2:PROVIDER:postgresql= -> 3:SQL:select=] mutationLineage=[]
SQL: -- TeaQL PLAIN
SELECT id, name, code, external_id AS externalId, task_life_hours AS taskLifeHours, version, platform FROM merchant_data WHERE (version > 0) AND (external_id = 'matched-merchant') LIMIT 1000 OFFSET 0
[TeaQL SQL][query][452us] 1 rows returned outcome=success batchOutcome=not_applicable comment=matched merchant read with relation purpose=matched benchmark read auditReason= tracePath=[0:OPERATION:Merchant=query -> 1:REQUEST:Merchant= -> 2:RELATION:platform=Merchant.platform -> 3:PROVIDER:postgresql= -> 4:SQL:select=] mutationLineage=[]
SQL: -- TeaQL PLAIN
SELECT id, create_time AS createTime, last_update_time AS lastUpdateTime, name, version FROM platform_data WHERE (version > 0) AND (id = 1) LIMIT 1 OFFSET 0
[TeaQL SQL][query][539us] 1 rows returned outcome=success batchOutcome=not_applicable comment=matched merchant read with relation purpose=matched benchmark read auditReason= tracePath=[0:OPERATION:Merchant=query -> 1:REQUEST:Merchant= -> 2:PROVIDER:postgresql= -> 3:SQL:select=] mutationLineage=[]
SQL: -- TeaQL PLAIN
SELECT id, name, code, external_id AS externalId, task_life_hours AS taskLifeHours, version, platform FROM merchant_data WHERE (version > 0) AND (external_id = 'matched-merchant') LIMIT 1000 OFFSET 0
[TeaQL SQL][query][579us] 1 rows returned outcome=success batchOutcome=not_applicable comment=matched merchant read with relation purpose=matched benchmark read auditReason= tracePath=[0:OPERATION:Merchant=query -> 1:REQUEST:Merchant= -> 2:RELATION:platform=Merchant.platform -> 3:PROVIDER:postgresql= -> 4:SQL:select=] mutationLineage=[]
SQL: -- TeaQL PLAIN
SELECT id, create_time AS createTime, last_update_time AS lastUpdateTime, name, version FROM platform_data WHERE (version > 0) AND (id = 1) LIMIT 1 OFFSET 0
[TeaQL SQL][query][352us] 1 rows returned outcome=success batchOutcome=not_applicable comment=matched merchant read with relation purpose=matched benchmark read auditReason= tracePath=[0:OPERATION:Merchant=query -> 1:REQUEST:Merchant= -> 2:PROVIDER:postgresql= -> 3:SQL:select=] mutationLineage=[]
SQL: -- TeaQL PLAIN
SELECT id, name, code, external_id AS externalId, task_life_hours AS taskLifeHours, version, platform FROM merchant_data WHERE (version > 0) AND (external_id = 'matched-merchant') LIMIT 1000 OFFSET 0
[TeaQL SQL][query][344us] 1 rows returned outcome=success batchOutcome=not_applicable comment=matched merchant read with relation purpose=matched benchmark read auditReason= tracePath=[0:OPERATION:Merchant=query -> 1:REQUEST:Merchant= -> 2:RELATION:platform=Merchant.platform -> 3:PROVIDER:postgresql= -> 4:SQL:select=] mutationLineage=[]
SQL: -- TeaQL PLAIN
SELECT id, create_time AS createTime, last_update_time AS lastUpdateTime, name, version FROM platform_data WHERE (version > 0) AND (id = 1) LIMIT 1 OFFSET 0
[TeaQL SQL][query][468us] 1 rows returned outcome=success batchOutcome=not_applicable comment=matched merchant read with relation purpose=matched benchmark read auditReason= tracePath=[0:OPERATION:Merchant=query -> 1:REQUEST:Merchant= -> 2:PROVIDER:postgresql= -> 3:SQL:select=] mutationLineage=[]
SQL: -- TeaQL PLAIN
SELECT id, name, code, external_id AS externalId, task_life_hours AS taskLifeHours, version, platform FROM merchant_data WHERE (version > 0) AND (external_id = 'matched-merchant') LIMIT 1000 OFFSET 0
[TeaQL SQL][query][479us] 1 rows returned outcome=success batchOutcome=not_applicable comment=matched merchant read with relation purpose=matched benchmark read auditReason= tracePath=[0:OPERATION:Merchant=query -> 1:REQUEST:Merchant= -> 2:RELATION:platform=Merchant.platform -> 3:PROVIDER:postgresql= -> 4:SQL:select=] mutationLineage=[]
SQL: -- TeaQL PLAIN
SELECT id, create_time AS createTime, last_update_time AS lastUpdateTime, name, version FROM platform_data WHERE (version > 0) AND (id = 1) LIMIT 1 OFFSET 0
[TeaQL SQL][query][537us] 1 rows returned outcome=success batchOutcome=not_applicable comment=matched merchant read with relation purpose=matched benchmark read auditReason= tracePath=[0:OPERATION:Merchant=query -> 1:REQUEST:Merchant= -> 2:PROVIDER:postgresql= -> 3:SQL:select=] mutationLineage=[]
SQL: -- TeaQL PLAIN
SELECT id, name, code, external_id AS externalId, task_life_hours AS taskLifeHours, version, platform FROM merchant_data WHERE (version > 0) AND (external_id = 'matched-merchant') LIMIT 1000 OFFSET 0
[TeaQL SQL][query][469us] 1 rows returned outcome=success batchOutcome=not_applicable comment=matched merchant read with relation purpose=matched benchmark read auditReason= tracePath=[0:OPERATION:Merchant=query -> 1:REQUEST:Merchant= -> 2:RELATION:platform=Merchant.platform -> 3:PROVIDER:postgresql= -> 4:SQL:select=] mutationLineage=[]
SQL: -- TeaQL PLAIN
SELECT id, create_time AS createTime, last_update_time AS lastUpdateTime, name, version FROM platform_data WHERE (version > 0) AND (id = 1) LIMIT 1 OFFSET 0
[TeaQL SQL][query][548us] 1 rows returned outcome=success batchOutcome=not_applicable comment=matched merchant read with relation purpose=matched benchmark read auditReason= tracePath=[0:OPERATION:Merchant=query -> 1:REQUEST:Merchant= -> 2:PROVIDER:postgresql= -> 3:SQL:select=] mutationLineage=[]
SQL: -- TeaQL PLAIN
SELECT id, name, code, external_id AS externalId, task_life_hours AS taskLifeHours, version, platform FROM merchant_data WHERE (version > 0) AND (external_id = 'matched-merchant') LIMIT 1000 OFFSET 0
[TeaQL SQL][query][511us] 1 rows returned outcome=success batchOutcome=not_applicable comment=matched merchant read with relation purpose=matched benchmark read auditReason= tracePath=[0:OPERATION:Merchant=query -> 1:REQUEST:Merchant= -> 2:RELATION:platform=Merchant.platform -> 3:PROVIDER:postgresql= -> 4:SQL:select=] mutationLineage=[]
SQL: -- TeaQL PLAIN
SELECT id, create_time AS createTime, last_update_time AS lastUpdateTime, name, version FROM platform_data WHERE (version > 0) AND (id = 1) LIMIT 1 OFFSET 0
[TeaQL SQL][query][577us] 1 rows returned outcome=success batchOutcome=not_applicable comment=matched merchant read with relation purpose=matched benchmark read auditReason= tracePath=[0:OPERATION:Merchant=query -> 1:REQUEST:Merchant= -> 2:PROVIDER:postgresql= -> 3:SQL:select=] mutationLineage=[]
SQL: -- TeaQL PLAIN
SELECT id, name, code, external_id AS externalId, task_life_hours AS taskLifeHours, version, platform FROM merchant_data WHERE (version > 0) AND (external_id = 'matched-merchant') LIMIT 1000 OFFSET 0
[TeaQL SQL][query][544us] 1 rows returned outcome=success batchOutcome=not_applicable comment=matched merchant read with relation purpose=matched benchmark read auditReason= tracePath=[0:OPERATION:Merchant=query -> 1:REQUEST:Merchant= -> 2:RELATION:platform=Merchant.platform -> 3:PROVIDER:postgresql= -> 4:SQL:select=] mutationLineage=[]
SQL: -- TeaQL PLAIN
SELECT id, create_time AS createTime, last_update_time AS lastUpdateTime, name, version FROM platform_data WHERE (version > 0) AND (id = 1) LIMIT 1 OFFSET 0
[TeaQL SQL][query][528us] 1 rows returned outcome=success batchOutcome=not_applicable comment=matched merchant read with relation purpose=matched benchmark read auditReason= tracePath=[0:OPERATION:Merchant=query -> 1:REQUEST:Merchant= -> 2:PROVIDER:postgresql= -> 3:SQL:select=] mutationLineage=[]
SQL: -- TeaQL PLAIN
SELECT id, name, code, external_id AS externalId, task_life_hours AS taskLifeHours, version, platform FROM merchant_data WHERE (version > 0) AND (external_id = 'matched-merchant') LIMIT 1000 OFFSET 0
[TeaQL SQL][query][434us] 1 rows returned outcome=success batchOutcome=not_applicable comment=matched merchant read with relation purpose=matched benchmark read auditReason= tracePath=[0:OPERATION:Merchant=query -> 1:REQUEST:Merchant= -> 2:RELATION:platform=Merchant.platform -> 3:PROVIDER:postgresql= -> 4:SQL:select=] mutationLineage=[]
SQL: -- TeaQL PLAIN
SELECT id, create_time AS createTime, last_update_time AS lastUpdateTime, name, version FROM platform_data WHERE (version > 0) AND (id = 1) LIMIT 1 OFFSET 0
[TeaQL SQL][query][577us] 1 rows returned outcome=success batchOutcome=not_applicable comment=matched merchant read with relation purpose=matched benchmark read auditReason= tracePath=[0:OPERATION:Merchant=query -> 1:REQUEST:Merchant= -> 2:PROVIDER:postgresql= -> 3:SQL:select=] mutationLineage=[]
SQL: -- TeaQL PLAIN
SELECT id, name, code, external_id AS externalId, task_life_hours AS taskLifeHours, version, platform FROM merchant_data WHERE (version > 0) AND (external_id = 'matched-merchant') LIMIT 1000 OFFSET 0
[TeaQL SQL][query][467us] 1 rows returned outcome=success batchOutcome=not_applicable comment=matched merchant read with relation purpose=matched benchmark read auditReason= tracePath=[0:OPERATION:Merchant=query -> 1:REQUEST:Merchant= -> 2:RELATION:platform=Merchant.platform -> 3:PROVIDER:postgresql= -> 4:SQL:select=] mutationLineage=[]
SQL: -- TeaQL PLAIN
SELECT id, create_time AS createTime, last_update_time AS lastUpdateTime, name, version FROM platform_data WHERE (version > 0) AND (id = 1) LIMIT 1 OFFSET 0
[TeaQL SQL][query][575us] 1 rows returned outcome=success batchOutcome=not_applicable comment=matched merchant read with relation purpose=matched benchmark read auditReason= tracePath=[0:OPERATION:Merchant=query -> 1:REQUEST:Merchant= -> 2:PROVIDER:postgresql= -> 3:SQL:select=] mutationLineage=[]
SQL: -- TeaQL PLAIN
SELECT id, name, code, external_id AS externalId, task_life_hours AS taskLifeHours, version, platform FROM merchant_data WHERE (version > 0) AND (external_id = 'matched-merchant') LIMIT 1000 OFFSET 0
[TeaQL SQL][query][477us] 1 rows returned outcome=success batchOutcome=not_applicable comment=matched merchant read with relation purpose=matched benchmark read auditReason= tracePath=[0:OPERATION:Merchant=query -> 1:REQUEST:Merchant= -> 2:RELATION:platform=Merchant.platform -> 3:PROVIDER:postgresql= -> 4:SQL:select=] mutationLineage=[]
SQL: -- TeaQL PLAIN
SELECT id, create_time AS createTime, last_update_time AS lastUpdateTime, name, version FROM platform_data WHERE (version > 0) AND (id = 1) LIMIT 1 OFFSET 0
[TeaQL SQL][query][560us] 1 rows returned outcome=success batchOutcome=not_applicable comment=matched merchant read with relation purpose=matched benchmark read auditReason= tracePath=[0:OPERATION:Merchant=query -> 1:REQUEST:Merchant= -> 2:PROVIDER:postgresql= -> 3:SQL:select=] mutationLineage=[]
SQL: -- TeaQL PLAIN
SELECT id, name, code, external_id AS externalId, task_life_hours AS taskLifeHours, version, platform FROM merchant_data WHERE (version > 0) AND (external_id = 'matched-merchant') LIMIT 1000 OFFSET 0
[TeaQL SQL][query][436us] 1 rows returned outcome=success batchOutcome=not_applicable comment=matched merchant read with relation purpose=matched benchmark read auditReason= tracePath=[0:OPERATION:Merchant=query -> 1:REQUEST:Merchant= -> 2:RELATION:platform=Merchant.platform -> 3:PROVIDER:postgresql= -> 4:SQL:select=] mutationLineage=[]
SQL: -- TeaQL PLAIN
SELECT id, create_time AS createTime, last_update_time AS lastUpdateTime, name, version FROM platform_data WHERE (version > 0) AND (id = 1) LIMIT 1 OFFSET 0
[TeaQL SQL][query][610us] 1 rows returned outcome=success batchOutcome=not_applicable comment=matched merchant read with relation purpose=matched benchmark read auditReason= tracePath=[0:OPERATION:Merchant=query -> 1:REQUEST:Merchant= -> 2:PROVIDER:postgresql= -> 3:SQL:select=] mutationLineage=[]
SQL: -- TeaQL PLAIN
SELECT id, name, code, external_id AS externalId, task_life_hours AS taskLifeHours, version, platform FROM merchant_data WHERE (version > 0) AND (external_id = 'matched-merchant') LIMIT 1000 OFFSET 0
[TeaQL SQL][query][495us] 1 rows returned outcome=success batchOutcome=not_applicable comment=matched merchant read with relation purpose=matched benchmark read auditReason= tracePath=[0:OPERATION:Merchant=query -> 1:REQUEST:Merchant= -> 2:RELATION:platform=Merchant.platform -> 3:PROVIDER:postgresql= -> 4:SQL:select=] mutationLineage=[]
SQL: -- TeaQL PLAIN
SELECT id, create_time AS createTime, last_update_time AS lastUpdateTime, name, version FROM platform_data WHERE (version > 0) AND (id = 1) LIMIT 1 OFFSET 0
[TeaQL SQL][query][604us] 1 rows returned outcome=success batchOutcome=not_applicable comment=matched merchant read with relation purpose=matched benchmark read auditReason= tracePath=[0:OPERATION:Merchant=query -> 1:REQUEST:Merchant= -> 2:PROVIDER:postgresql= -> 3:SQL:select=] mutationLineage=[]
SQL: -- TeaQL PLAIN
SELECT id, name, code, external_id AS externalId, task_life_hours AS taskLifeHours, version, platform FROM merchant_data WHERE (version > 0) AND (external_id = 'matched-merchant') LIMIT 1000 OFFSET 0
[TeaQL SQL][query][512us] 1 rows returned outcome=success batchOutcome=not_applicable comment=matched merchant read with relation purpose=matched benchmark read auditReason= tracePath=[0:OPERATION:Merchant=query -> 1:REQUEST:Merchant= -> 2:RELATION:platform=Merchant.platform -> 3:PROVIDER:postgresql= -> 4:SQL:select=] mutationLineage=[]
SQL: -- TeaQL PLAIN
SELECT id, create_time AS createTime, last_update_time AS lastUpdateTime, name, version FROM platform_data WHERE (version > 0) AND (id = 1) LIMIT 1 OFFSET 0
[TeaQL SQL][query][570us] 1 rows returned outcome=success batchOutcome=not_applicable comment=matched merchant read with relation purpose=matched benchmark read auditReason= tracePath=[0:OPERATION:Merchant=query -> 1:REQUEST:Merchant= -> 2:PROVIDER:postgresql= -> 3:SQL:select=] mutationLineage=[]
SQL: -- TeaQL PLAIN
SELECT id, name, code, external_id AS externalId, task_life_hours AS taskLifeHours, version, platform FROM merchant_data WHERE (version > 0) AND (external_id = 'matched-merchant') LIMIT 1000 OFFSET 0
[TeaQL SQL][query][454us] 1 rows returned outcome=success batchOutcome=not_applicable comment=matched merchant read with relation purpose=matched benchmark read auditReason= tracePath=[0:OPERATION:Merchant=query -> 1:REQUEST:Merchant= -> 2:RELATION:platform=Merchant.platform -> 3:PROVIDER:postgresql= -> 4:SQL:select=] mutationLineage=[]
SQL: -- TeaQL PLAIN
SELECT id, create_time AS createTime, last_update_time AS lastUpdateTime, name, version FROM platform_data WHERE (version > 0) AND (id = 1) LIMIT 1 OFFSET 0
[TeaQL SQL][query][582us] 1 rows returned outcome=success batchOutcome=not_applicable comment=matched merchant read with relation purpose=matched benchmark read auditReason= tracePath=[0:OPERATION:Merchant=query -> 1:REQUEST:Merchant= -> 2:PROVIDER:postgresql= -> 3:SQL:select=] mutationLineage=[]
SQL: -- TeaQL PLAIN
SELECT id, name, code, external_id AS externalId, task_life_hours AS taskLifeHours, version, platform FROM merchant_data WHERE (version > 0) AND (external_id = 'matched-merchant') LIMIT 1000 OFFSET 0
[TeaQL SQL][query][420us] 1 rows returned outcome=success batchOutcome=not_applicable comment=matched merchant read with relation purpose=matched benchmark read auditReason= tracePath=[0:OPERATION:Merchant=query -> 1:REQUEST:Merchant= -> 2:RELATION:platform=Merchant.platform -> 3:PROVIDER:postgresql= -> 4:SQL:select=] mutationLineage=[]
SQL: -- TeaQL PLAIN
SELECT id, create_time AS createTime, last_update_time AS lastUpdateTime, name, version FROM platform_data WHERE (version > 0) AND (id = 1) LIMIT 1 OFFSET 0
[TeaQL SQL][query][572us] 1 rows returned outcome=success batchOutcome=not_applicable comment=matched merchant read with relation purpose=matched benchmark read auditReason= tracePath=[0:OPERATION:Merchant=query -> 1:REQUEST:Merchant= -> 2:PROVIDER:postgresql= -> 3:SQL:select=] mutationLineage=[]
SQL: -- TeaQL PLAIN
SELECT id, name, code, external_id AS externalId, task_life_hours AS taskLifeHours, version, platform FROM merchant_data WHERE (version > 0) AND (external_id = 'matched-merchant') LIMIT 1000 OFFSET 0
[TeaQL SQL][query][429us] 1 rows returned outcome=success batchOutcome=not_applicable comment=matched merchant read with relation purpose=matched benchmark read auditReason= tracePath=[0:OPERATION:Merchant=query -> 1:REQUEST:Merchant= -> 2:RELATION:platform=Merchant.platform -> 3:PROVIDER:postgresql= -> 4:SQL:select=] mutationLineage=[]
SQL: -- TeaQL PLAIN
SELECT id, create_time AS createTime, last_update_time AS lastUpdateTime, name, version FROM platform_data WHERE (version > 0) AND (id = 1) LIMIT 1 OFFSET 0
[TeaQL SQL][query][594us] 1 rows returned outcome=success batchOutcome=not_applicable comment=matched merchant read with relation purpose=matched benchmark read auditReason= tracePath=[0:OPERATION:Merchant=query -> 1:REQUEST:Merchant= -> 2:PROVIDER:postgresql= -> 3:SQL:select=] mutationLineage=[]
SQL: -- TeaQL PLAIN
SELECT id, name, code, external_id AS externalId, task_life_hours AS taskLifeHours, version, platform FROM merchant_data WHERE (version > 0) AND (external_id = 'matched-merchant') LIMIT 1000 OFFSET 0
[TeaQL SQL][query][453us] 1 rows returned outcome=success batchOutcome=not_applicable comment=matched merchant read with relation purpose=matched benchmark read auditReason= tracePath=[0:OPERATION:Merchant=query -> 1:REQUEST:Merchant= -> 2:RELATION:platform=Merchant.platform -> 3:PROVIDER:postgresql= -> 4:SQL:select=] mutationLineage=[]
SQL: -- TeaQL PLAIN
SELECT id, create_time AS createTime, last_update_time AS lastUpdateTime, name, version FROM platform_data WHERE (version > 0) AND (id = 1) LIMIT 1 OFFSET 0
[TeaQL SQL][query][572us] 1 rows returned outcome=success batchOutcome=not_applicable comment=matched merchant read with relation purpose=matched benchmark read auditReason= tracePath=[0:OPERATION:Merchant=query -> 1:REQUEST:Merchant= -> 2:PROVIDER:postgresql= -> 3:SQL:select=] mutationLineage=[]
SQL: -- TeaQL PLAIN
SELECT id, name, code, external_id AS externalId, task_life_hours AS taskLifeHours, version, platform FROM merchant_data WHERE (version > 0) AND (external_id = 'matched-merchant') LIMIT 1000 OFFSET 0
[TeaQL SQL][query][470us] 1 rows returned outcome=success batchOutcome=not_applicable comment=matched merchant read with relation purpose=matched benchmark read auditReason= tracePath=[0:OPERATION:Merchant=query -> 1:REQUEST:Merchant= -> 2:RELATION:platform=Merchant.platform -> 3:PROVIDER:postgresql= -> 4:SQL:select=] mutationLineage=[]
SQL: -- TeaQL PLAIN
SELECT id, create_time AS createTime, last_update_time AS lastUpdateTime, name, version FROM platform_data WHERE (version > 0) AND (id = 1) LIMIT 1 OFFSET 0
[TeaQL SQL][query][554us] 1 rows returned outcome=success batchOutcome=not_applicable comment=matched merchant read with relation purpose=matched benchmark read auditReason= tracePath=[0:OPERATION:Merchant=query -> 1:REQUEST:Merchant= -> 2:PROVIDER:postgresql= -> 3:SQL:select=] mutationLineage=[]
SQL: -- TeaQL PLAIN
SELECT id, name, code, external_id AS externalId, task_life_hours AS taskLifeHours, version, platform FROM merchant_data WHERE (version > 0) AND (external_id = 'matched-merchant') LIMIT 1000 OFFSET 0
[TeaQL SQL][query][483us] 1 rows returned outcome=success batchOutcome=not_applicable comment=matched merchant read with relation purpose=matched benchmark read auditReason= tracePath=[0:OPERATION:Merchant=query -> 1:REQUEST:Merchant= -> 2:RELATION:platform=Merchant.platform -> 3:PROVIDER:postgresql= -> 4:SQL:select=] mutationLineage=[]
SQL: -- TeaQL PLAIN
SELECT id, create_time AS createTime, last_update_time AS lastUpdateTime, name, version FROM platform_data WHERE (version > 0) AND (id = 1) LIMIT 1 OFFSET 0
[TeaQL SQL][query][722us] 1 rows returned outcome=success batchOutcome=not_applicable comment=matched merchant read with relation purpose=matched benchmark read auditReason= tracePath=[0:OPERATION:Merchant=query -> 1:REQUEST:Merchant= -> 2:PROVIDER:postgresql= -> 3:SQL:select=] mutationLineage=[]
SQL: -- TeaQL PLAIN
SELECT id, name, code, external_id AS externalId, task_life_hours AS taskLifeHours, version, platform FROM merchant_data WHERE (version > 0) AND (external_id = 'matched-merchant') LIMIT 1000 OFFSET 0
[TeaQL SQL][query][619us] 1 rows returned outcome=success batchOutcome=not_applicable comment=matched merchant read with relation purpose=matched benchmark read auditReason= tracePath=[0:OPERATION:Merchant=query -> 1:REQUEST:Merchant= -> 2:RELATION:platform=Merchant.platform -> 3:PROVIDER:postgresql= -> 4:SQL:select=] mutationLineage=[]
SQL: -- TeaQL PLAIN
SELECT id, create_time AS createTime, last_update_time AS lastUpdateTime, name, version FROM platform_data WHERE (version > 0) AND (id = 1) LIMIT 1 OFFSET 0
[TeaQL SQL][query][543us] 1 rows returned outcome=success batchOutcome=not_applicable comment=matched merchant read with relation purpose=matched benchmark read auditReason= tracePath=[0:OPERATION:Merchant=query -> 1:REQUEST:Merchant= -> 2:PROVIDER:postgresql= -> 3:SQL:select=] mutationLineage=[]
SQL: -- TeaQL PLAIN
SELECT id, name, code, external_id AS externalId, task_life_hours AS taskLifeHours, version, platform FROM merchant_data WHERE (version > 0) AND (external_id = 'matched-merchant') LIMIT 1000 OFFSET 0
[TeaQL SQL][query][478us] 1 rows returned outcome=success batchOutcome=not_applicable comment=matched merchant read with relation purpose=matched benchmark read auditReason= tracePath=[0:OPERATION:Merchant=query -> 1:REQUEST:Merchant= -> 2:RELATION:platform=Merchant.platform -> 3:PROVIDER:postgresql= -> 4:SQL:select=] mutationLineage=[]
SQL: -- TeaQL PLAIN
SELECT id, create_time AS createTime, last_update_time AS lastUpdateTime, name, version FROM platform_data WHERE (version > 0) AND (id = 1) LIMIT 1 OFFSET 0
[TeaQL SQL][query][569us] 1 rows returned outcome=success batchOutcome=not_applicable comment=matched merchant read with relation purpose=matched benchmark read auditReason= tracePath=[0:OPERATION:Merchant=query -> 1:REQUEST:Merchant= -> 2:PROVIDER:postgresql= -> 3:SQL:select=] mutationLineage=[]
SQL: -- TeaQL PLAIN
SELECT id, name, code, external_id AS externalId, task_life_hours AS taskLifeHours, version, platform FROM merchant_data WHERE (version > 0) AND (external_id = 'matched-merchant') LIMIT 1000 OFFSET 0
[TeaQL SQL][query][491us] 1 rows returned outcome=success batchOutcome=not_applicable comment=matched merchant read with relation purpose=matched benchmark read auditReason= tracePath=[0:OPERATION:Merchant=query -> 1:REQUEST:Merchant= -> 2:RELATION:platform=Merchant.platform -> 3:PROVIDER:postgresql= -> 4:SQL:select=] mutationLineage=[]
SQL: -- TeaQL PLAIN
SELECT id, create_time AS createTime, last_update_time AS lastUpdateTime, name, version FROM platform_data WHERE (version > 0) AND (id = 1) LIMIT 1 OFFSET 0
[TeaQL SQL][query][511us] 1 rows returned outcome=success batchOutcome=not_applicable comment=matched merchant read with relation purpose=matched benchmark read auditReason= tracePath=[0:OPERATION:Merchant=query -> 1:REQUEST:Merchant= -> 2:PROVIDER:postgresql= -> 3:SQL:select=] mutationLineage=[]
SQL: -- TeaQL PLAIN
SELECT id, name, code, external_id AS externalId, task_life_hours AS taskLifeHours, version, platform FROM merchant_data WHERE (version > 0) AND (external_id = 'matched-merchant') LIMIT 1000 OFFSET 0
[TeaQL SQL][query][547us] 1 rows returned outcome=success batchOutcome=not_applicable comment=matched merchant read with relation purpose=matched benchmark read auditReason= tracePath=[0:OPERATION:Merchant=query -> 1:REQUEST:Merchant= -> 2:RELATION:platform=Merchant.platform -> 3:PROVIDER:postgresql= -> 4:SQL:select=] mutationLineage=[]
SQL: -- TeaQL PLAIN
SELECT id, create_time AS createTime, last_update_time AS lastUpdateTime, name, version FROM platform_data WHERE (version > 0) AND (id = 1) LIMIT 1 OFFSET 0
[TeaQL SQL][query][724us] 1 rows returned outcome=success batchOutcome=not_applicable comment=matched merchant read with relation purpose=matched benchmark read auditReason= tracePath=[0:OPERATION:Merchant=query -> 1:REQUEST:Merchant= -> 2:PROVIDER:postgresql= -> 3:SQL:select=] mutationLineage=[]
SQL: -- TeaQL PLAIN
SELECT id, name, code, external_id AS externalId, task_life_hours AS taskLifeHours, version, platform FROM merchant_data WHERE (version > 0) AND (external_id = 'matched-merchant') LIMIT 1000 OFFSET 0
[TeaQL SQL][query][594us] 1 rows returned outcome=success batchOutcome=not_applicable comment=matched merchant read with relation purpose=matched benchmark read auditReason= tracePath=[0:OPERATION:Merchant=query -> 1:REQUEST:Merchant= -> 2:RELATION:platform=Merchant.platform -> 3:PROVIDER:postgresql= -> 4:SQL:select=] mutationLineage=[]
SQL: -- TeaQL PLAIN
SELECT id, create_time AS createTime, last_update_time AS lastUpdateTime, name, version FROM platform_data WHERE (version > 0) AND (id = 1) LIMIT 1 OFFSET 0
[TeaQL SQL][query][555us] 1 rows returned outcome=success batchOutcome=not_applicable comment=matched merchant read with relation purpose=matched benchmark read auditReason= tracePath=[0:OPERATION:Merchant=query -> 1:REQUEST:Merchant= -> 2:PROVIDER:postgresql= -> 3:SQL:select=] mutationLineage=[]
SQL: -- TeaQL PLAIN
SELECT id, name, code, external_id AS externalId, task_life_hours AS taskLifeHours, version, platform FROM merchant_data WHERE (version > 0) AND (external_id = 'matched-merchant') LIMIT 1000 OFFSET 0
[TeaQL SQL][query][445us] 1 rows returned outcome=success batchOutcome=not_applicable comment=matched merchant read with relation purpose=matched benchmark read auditReason= tracePath=[0:OPERATION:Merchant=query -> 1:REQUEST:Merchant= -> 2:RELATION:platform=Merchant.platform -> 3:PROVIDER:postgresql= -> 4:SQL:select=] mutationLineage=[]
SQL: -- TeaQL PLAIN
SELECT id, create_time AS createTime, last_update_time AS lastUpdateTime, name, version FROM platform_data WHERE (version > 0) AND (id = 1) LIMIT 1 OFFSET 0
[TeaQL SQL][query][552us] 1 rows returned outcome=success batchOutcome=not_applicable comment=matched merchant read with relation purpose=matched benchmark read auditReason= tracePath=[0:OPERATION:Merchant=query -> 1:REQUEST:Merchant= -> 2:PROVIDER:postgresql= -> 3:SQL:select=] mutationLineage=[]
SQL: -- TeaQL PLAIN
SELECT id, name, code, external_id AS externalId, task_life_hours AS taskLifeHours, version, platform FROM merchant_data WHERE (version > 0) AND (external_id = 'matched-merchant') LIMIT 1000 OFFSET 0
[TeaQL SQL][query][450us] 1 rows returned outcome=success batchOutcome=not_applicable comment=matched merchant read with relation purpose=matched benchmark read auditReason= tracePath=[0:OPERATION:Merchant=query -> 1:REQUEST:Merchant= -> 2:RELATION:platform=Merchant.platform -> 3:PROVIDER:postgresql= -> 4:SQL:select=] mutationLineage=[]
SQL: -- TeaQL PLAIN
SELECT id, create_time AS createTime, last_update_time AS lastUpdateTime, name, version FROM platform_data WHERE (version > 0) AND (id = 1) LIMIT 1 OFFSET 0
[TeaQL SQL][query][491us] 1 rows returned outcome=success batchOutcome=not_applicable comment=matched merchant read with relation purpose=matched benchmark read auditReason= tracePath=[0:OPERATION:Merchant=query -> 1:REQUEST:Merchant= -> 2:PROVIDER:postgresql= -> 3:SQL:select=] mutationLineage=[]
SQL: -- TeaQL PLAIN
SELECT id, name, code, external_id AS externalId, task_life_hours AS taskLifeHours, version, platform FROM merchant_data WHERE (version > 0) AND (external_id = 'matched-merchant') LIMIT 1000 OFFSET 0
[TeaQL SQL][query][460us] 1 rows returned outcome=success batchOutcome=not_applicable comment=matched merchant read with relation purpose=matched benchmark read auditReason= tracePath=[0:OPERATION:Merchant=query -> 1:REQUEST:Merchant= -> 2:RELATION:platform=Merchant.platform -> 3:PROVIDER:postgresql= -> 4:SQL:select=] mutationLineage=[]
SQL: -- TeaQL PLAIN
SELECT id, create_time AS createTime, last_update_time AS lastUpdateTime, name, version FROM platform_data WHERE (version > 0) AND (id = 1) LIMIT 1 OFFSET 0
[TeaQL SQL][query][573us] 1 rows returned outcome=success batchOutcome=not_applicable comment=matched merchant read with relation purpose=matched benchmark read auditReason= tracePath=[0:OPERATION:Merchant=query -> 1:REQUEST:Merchant= -> 2:PROVIDER:postgresql= -> 3:SQL:select=] mutationLineage=[]
SQL: -- TeaQL PLAIN
SELECT id, name, code, external_id AS externalId, task_life_hours AS taskLifeHours, version, platform FROM merchant_data WHERE (version > 0) AND (external_id = 'matched-merchant') LIMIT 1000 OFFSET 0
[TeaQL SQL][query][483us] 1 rows returned outcome=success batchOutcome=not_applicable comment=matched merchant read with relation purpose=matched benchmark read auditReason= tracePath=[0:OPERATION:Merchant=query -> 1:REQUEST:Merchant= -> 2:RELATION:platform=Merchant.platform -> 3:PROVIDER:postgresql= -> 4:SQL:select=] mutationLineage=[]
SQL: -- TeaQL PLAIN
SELECT id, create_time AS createTime, last_update_time AS lastUpdateTime, name, version FROM platform_data WHERE (version > 0) AND (id = 1) LIMIT 1 OFFSET 0
[TeaQL SQL][query][574us] 1 rows returned outcome=success batchOutcome=not_applicable comment=matched merchant read with relation purpose=matched benchmark read auditReason= tracePath=[0:OPERATION:Merchant=query -> 1:REQUEST:Merchant= -> 2:PROVIDER:postgresql= -> 3:SQL:select=] mutationLineage=[]
SQL: -- TeaQL PLAIN
SELECT id, name, code, external_id AS externalId, task_life_hours AS taskLifeHours, version, platform FROM merchant_data WHERE (version > 0) AND (external_id = 'matched-merchant') LIMIT 1000 OFFSET 0
[TeaQL SQL][query][463us] 1 rows returned outcome=success batchOutcome=not_applicable comment=matched merchant read with relation purpose=matched benchmark read auditReason= tracePath=[0:OPERATION:Merchant=query -> 1:REQUEST:Merchant= -> 2:RELATION:platform=Merchant.platform -> 3:PROVIDER:postgresql= -> 4:SQL:select=] mutationLineage=[]
SQL: -- TeaQL PLAIN
SELECT id, create_time AS createTime, last_update_time AS lastUpdateTime, name, version FROM platform_data WHERE (version > 0) AND (id = 1) LIMIT 1 OFFSET 0
[TeaQL SQL][query][511us] 1 rows returned outcome=success batchOutcome=not_applicable comment=matched merchant read with relation purpose=matched benchmark read auditReason= tracePath=[0:OPERATION:Merchant=query -> 1:REQUEST:Merchant= -> 2:PROVIDER:postgresql= -> 3:SQL:select=] mutationLineage=[]
SQL: -- TeaQL PLAIN
SELECT id, name, code, external_id AS externalId, task_life_hours AS taskLifeHours, version, platform FROM merchant_data WHERE (version > 0) AND (external_id = 'matched-merchant') LIMIT 1000 OFFSET 0
[TeaQL SQL][query][409us] 1 rows returned outcome=success batchOutcome=not_applicable comment=matched merchant read with relation purpose=matched benchmark read auditReason= tracePath=[0:OPERATION:Merchant=query -> 1:REQUEST:Merchant= -> 2:RELATION:platform=Merchant.platform -> 3:PROVIDER:postgresql= -> 4:SQL:select=] mutationLineage=[]
SQL: -- TeaQL PLAIN
SELECT id, create_time AS createTime, last_update_time AS lastUpdateTime, name, version FROM platform_data WHERE (version > 0) AND (id = 1) LIMIT 1 OFFSET 0
[TeaQL SQL][query][510us] 1 rows returned outcome=success batchOutcome=not_applicable comment=matched merchant read with relation purpose=matched benchmark read auditReason= tracePath=[0:OPERATION:Merchant=query -> 1:REQUEST:Merchant= -> 2:PROVIDER:postgresql= -> 3:SQL:select=] mutationLineage=[]
SQL: -- TeaQL PLAIN
SELECT id, name, code, external_id AS externalId, task_life_hours AS taskLifeHours, version, platform FROM merchant_data WHERE (version > 0) AND (external_id = 'matched-merchant') LIMIT 1000 OFFSET 0
[TeaQL SQL][query][487us] 1 rows returned outcome=success batchOutcome=not_applicable comment=matched merchant read with relation purpose=matched benchmark read auditReason= tracePath=[0:OPERATION:Merchant=query -> 1:REQUEST:Merchant= -> 2:RELATION:platform=Merchant.platform -> 3:PROVIDER:postgresql= -> 4:SQL:select=] mutationLineage=[]
SQL: -- TeaQL PLAIN
SELECT id, create_time AS createTime, last_update_time AS lastUpdateTime, name, version FROM platform_data WHERE (version > 0) AND (id = 1) LIMIT 1 OFFSET 0
[TeaQL SQL][query][566us] 1 rows returned outcome=success batchOutcome=not_applicable comment=matched merchant read with relation purpose=matched benchmark read auditReason= tracePath=[0:OPERATION:Merchant=query -> 1:REQUEST:Merchant= -> 2:PROVIDER:postgresql= -> 3:SQL:select=] mutationLineage=[]
SQL: -- TeaQL PLAIN
SELECT id, name, code, external_id AS externalId, task_life_hours AS taskLifeHours, version, platform FROM merchant_data WHERE (version > 0) AND (external_id = 'matched-merchant') LIMIT 1000 OFFSET 0
[TeaQL SQL][query][485us] 1 rows returned outcome=success batchOutcome=not_applicable comment=matched merchant read with relation purpose=matched benchmark read auditReason= tracePath=[0:OPERATION:Merchant=query -> 1:REQUEST:Merchant= -> 2:RELATION:platform=Merchant.platform -> 3:PROVIDER:postgresql= -> 4:SQL:select=] mutationLineage=[]
SQL: -- TeaQL PLAIN
SELECT id, create_time AS createTime, last_update_time AS lastUpdateTime, name, version FROM platform_data WHERE (version > 0) AND (id = 1) LIMIT 1 OFFSET 0
[TeaQL SQL][query][526us] 1 rows returned outcome=success batchOutcome=not_applicable comment=matched merchant read with relation purpose=matched benchmark read auditReason= tracePath=[0:OPERATION:Merchant=query -> 1:REQUEST:Merchant= -> 2:PROVIDER:postgresql= -> 3:SQL:select=] mutationLineage=[]
SQL: -- TeaQL PLAIN
SELECT id, name, code, external_id AS externalId, task_life_hours AS taskLifeHours, version, platform FROM merchant_data WHERE (version > 0) AND (external_id = 'matched-merchant') LIMIT 1000 OFFSET 0
[TeaQL SQL][query][570us] 1 rows returned outcome=success batchOutcome=not_applicable comment=matched merchant read with relation purpose=matched benchmark read auditReason= tracePath=[0:OPERATION:Merchant=query -> 1:REQUEST:Merchant= -> 2:RELATION:platform=Merchant.platform -> 3:PROVIDER:postgresql= -> 4:SQL:select=] mutationLineage=[]
SQL: -- TeaQL PLAIN
SELECT id, create_time AS createTime, last_update_time AS lastUpdateTime, name, version FROM platform_data WHERE (version > 0) AND (id = 1) LIMIT 1 OFFSET 0
[TeaQL SQL][query][554us] 1 rows returned outcome=success batchOutcome=not_applicable comment=matched merchant read with relation purpose=matched benchmark read auditReason= tracePath=[0:OPERATION:Merchant=query -> 1:REQUEST:Merchant= -> 2:PROVIDER:postgresql= -> 3:SQL:select=] mutationLineage=[]
SQL: -- TeaQL PLAIN
SELECT id, name, code, external_id AS externalId, task_life_hours AS taskLifeHours, version, platform FROM merchant_data WHERE (version > 0) AND (external_id = 'matched-merchant') LIMIT 1000 OFFSET 0
[TeaQL SQL][query][683us] 1 rows returned outcome=success batchOutcome=not_applicable comment=matched merchant read with relation purpose=matched benchmark read auditReason= tracePath=[0:OPERATION:Merchant=query -> 1:REQUEST:Merchant= -> 2:RELATION:platform=Merchant.platform -> 3:PROVIDER:postgresql= -> 4:SQL:select=] mutationLineage=[]
SQL: -- TeaQL PLAIN
SELECT id, create_time AS createTime, last_update_time AS lastUpdateTime, name, version FROM platform_data WHERE (version > 0) AND (id = 1) LIMIT 1 OFFSET 0
[TeaQL SQL][query][649us] 1 rows returned outcome=success batchOutcome=not_applicable comment=matched merchant read with relation purpose=matched benchmark read auditReason= tracePath=[0:OPERATION:Merchant=query -> 1:REQUEST:Merchant= -> 2:PROVIDER:postgresql= -> 3:SQL:select=] mutationLineage=[]
SQL: -- TeaQL PLAIN
SELECT id, name, code, external_id AS externalId, task_life_hours AS taskLifeHours, version, platform FROM merchant_data WHERE (version > 0) AND (external_id = 'matched-merchant') LIMIT 1000 OFFSET 0
[TeaQL SQL][query][529us] 1 rows returned outcome=success batchOutcome=not_applicable comment=matched merchant read with relation purpose=matched benchmark read auditReason= tracePath=[0:OPERATION:Merchant=query -> 1:REQUEST:Merchant= -> 2:RELATION:platform=Merchant.platform -> 3:PROVIDER:postgresql= -> 4:SQL:select=] mutationLineage=[]
SQL: -- TeaQL PLAIN
SELECT id, create_time AS createTime, last_update_time AS lastUpdateTime, name, version FROM platform_data WHERE (version > 0) AND (id = 1) LIMIT 1 OFFSET 0
[TeaQL SQL][query][527us] 1 rows returned outcome=success batchOutcome=not_applicable comment=matched merchant read with relation purpose=matched benchmark read auditReason= tracePath=[0:OPERATION:Merchant=query -> 1:REQUEST:Merchant= -> 2:PROVIDER:postgresql= -> 3:SQL:select=] mutationLineage=[]
SQL: -- TeaQL PLAIN
SELECT id, name, code, external_id AS externalId, task_life_hours AS taskLifeHours, version, platform FROM merchant_data WHERE (version > 0) AND (external_id = 'matched-merchant') LIMIT 1000 OFFSET 0
[TeaQL SQL][query][424us] 1 rows returned outcome=success batchOutcome=not_applicable comment=matched merchant read with relation purpose=matched benchmark read auditReason= tracePath=[0:OPERATION:Merchant=query -> 1:REQUEST:Merchant= -> 2:RELATION:platform=Merchant.platform -> 3:PROVIDER:postgresql= -> 4:SQL:select=] mutationLineage=[]
SQL: -- TeaQL PLAIN
SELECT id, create_time AS createTime, last_update_time AS lastUpdateTime, name, version FROM platform_data WHERE (version > 0) AND (id = 1) LIMIT 1 OFFSET 0
[TeaQL SQL][query][490us] 1 rows returned outcome=success batchOutcome=not_applicable comment=matched merchant read with relation purpose=matched benchmark read auditReason= tracePath=[0:OPERATION:Merchant=query -> 1:REQUEST:Merchant= -> 2:PROVIDER:postgresql= -> 3:SQL:select=] mutationLineage=[]
SQL: -- TeaQL PLAIN
SELECT id, name, code, external_id AS externalId, task_life_hours AS taskLifeHours, version, platform FROM merchant_data WHERE (version > 0) AND (external_id = 'matched-merchant') LIMIT 1000 OFFSET 0
[TeaQL SQL][query][452us] 1 rows returned outcome=success batchOutcome=not_applicable comment=matched merchant read with relation purpose=matched benchmark read auditReason= tracePath=[0:OPERATION:Merchant=query -> 1:REQUEST:Merchant= -> 2:RELATION:platform=Merchant.platform -> 3:PROVIDER:postgresql= -> 4:SQL:select=] mutationLineage=[]
SQL: -- TeaQL PLAIN
SELECT id, create_time AS createTime, last_update_time AS lastUpdateTime, name, version FROM platform_data WHERE (version > 0) AND (id = 1) LIMIT 1 OFFSET 0
[TeaQL SQL][query][557us] 1 rows returned outcome=success batchOutcome=not_applicable comment=matched merchant read with relation purpose=matched benchmark read auditReason= tracePath=[0:OPERATION:Merchant=query -> 1:REQUEST:Merchant= -> 2:PROVIDER:postgresql= -> 3:SQL:select=] mutationLineage=[]
SQL: -- TeaQL PLAIN
SELECT id, name, code, external_id AS externalId, task_life_hours AS taskLifeHours, version, platform FROM merchant_data WHERE (version > 0) AND (external_id = 'matched-merchant') LIMIT 1000 OFFSET 0
[TeaQL SQL][query][454us] 1 rows returned outcome=success batchOutcome=not_applicable comment=matched merchant read with relation purpose=matched benchmark read auditReason= tracePath=[0:OPERATION:Merchant=query -> 1:REQUEST:Merchant= -> 2:RELATION:platform=Merchant.platform -> 3:PROVIDER:postgresql= -> 4:SQL:select=] mutationLineage=[]
SQL: -- TeaQL PLAIN
SELECT id, create_time AS createTime, last_update_time AS lastUpdateTime, name, version FROM platform_data WHERE (version > 0) AND (id = 1) LIMIT 1 OFFSET 0
[TeaQL SQL][query][453us] 1 rows returned outcome=success batchOutcome=not_applicable comment=matched merchant read with relation purpose=matched benchmark read auditReason= tracePath=[0:OPERATION:Merchant=query -> 1:REQUEST:Merchant= -> 2:PROVIDER:postgresql= -> 3:SQL:select=] mutationLineage=[]
SQL: -- TeaQL PLAIN
SELECT id, name, code, external_id AS externalId, task_life_hours AS taskLifeHours, version, platform FROM merchant_data WHERE (version > 0) AND (external_id = 'matched-merchant') LIMIT 1000 OFFSET 0
[TeaQL SQL][query][508us] 1 rows returned outcome=success batchOutcome=not_applicable comment=matched merchant read with relation purpose=matched benchmark read auditReason= tracePath=[0:OPERATION:Merchant=query -> 1:REQUEST:Merchant= -> 2:RELATION:platform=Merchant.platform -> 3:PROVIDER:postgresql= -> 4:SQL:select=] mutationLineage=[]
SQL: -- TeaQL PLAIN
SELECT id, create_time AS createTime, last_update_time AS lastUpdateTime, name, version FROM platform_data WHERE (version > 0) AND (id = 1) LIMIT 1 OFFSET 0
[TeaQL SQL][query][544us] 1 rows returned outcome=success batchOutcome=not_applicable comment=matched merchant read with relation purpose=matched benchmark read auditReason= tracePath=[0:OPERATION:Merchant=query -> 1:REQUEST:Merchant= -> 2:PROVIDER:postgresql= -> 3:SQL:select=] mutationLineage=[]
SQL: -- TeaQL PLAIN
SELECT id, name, code, external_id AS externalId, task_life_hours AS taskLifeHours, version, platform FROM merchant_data WHERE (version > 0) AND (external_id = 'matched-merchant') LIMIT 1000 OFFSET 0
[TeaQL SQL][query][567us] 1 rows returned outcome=success batchOutcome=not_applicable comment=matched merchant read with relation purpose=matched benchmark read auditReason= tracePath=[0:OPERATION:Merchant=query -> 1:REQUEST:Merchant= -> 2:RELATION:platform=Merchant.platform -> 3:PROVIDER:postgresql= -> 4:SQL:select=] mutationLineage=[]
SQL: -- TeaQL PLAIN
SELECT id, create_time AS createTime, last_update_time AS lastUpdateTime, name, version FROM platform_data WHERE (version > 0) AND (id = 1) LIMIT 1 OFFSET 0
[TeaQL SQL][query][525us] 1 rows returned outcome=success batchOutcome=not_applicable comment=matched merchant read with relation purpose=matched benchmark read auditReason= tracePath=[0:OPERATION:Merchant=query -> 1:REQUEST:Merchant= -> 2:PROVIDER:postgresql= -> 3:SQL:select=] mutationLineage=[]
SQL: -- TeaQL PLAIN
SELECT id, name, code, external_id AS externalId, task_life_hours AS taskLifeHours, version, platform FROM merchant_data WHERE (version > 0) AND (external_id = 'matched-merchant') LIMIT 1000 OFFSET 0
[TeaQL SQL][query][447us] 1 rows returned outcome=success batchOutcome=not_applicable comment=matched merchant read with relation purpose=matched benchmark read auditReason= tracePath=[0:OPERATION:Merchant=query -> 1:REQUEST:Merchant= -> 2:RELATION:platform=Merchant.platform -> 3:PROVIDER:postgresql= -> 4:SQL:select=] mutationLineage=[]
SQL: -- TeaQL PLAIN
SELECT id, create_time AS createTime, last_update_time AS lastUpdateTime, name, version FROM platform_data WHERE (version > 0) AND (id = 1) LIMIT 1 OFFSET 0
[TeaQL SQL][query][523us] 1 rows returned outcome=success batchOutcome=not_applicable comment=matched merchant read with relation purpose=matched benchmark read auditReason= tracePath=[0:OPERATION:Merchant=query -> 1:REQUEST:Merchant= -> 2:PROVIDER:postgresql= -> 3:SQL:select=] mutationLineage=[]
SQL: -- TeaQL PLAIN
SELECT id, name, code, external_id AS externalId, task_life_hours AS taskLifeHours, version, platform FROM merchant_data WHERE (version > 0) AND (external_id = 'matched-merchant') LIMIT 1000 OFFSET 0
[TeaQL SQL][query][453us] 1 rows returned outcome=success batchOutcome=not_applicable comment=matched merchant read with relation purpose=matched benchmark read auditReason= tracePath=[0:OPERATION:Merchant=query -> 1:REQUEST:Merchant= -> 2:RELATION:platform=Merchant.platform -> 3:PROVIDER:postgresql= -> 4:SQL:select=] mutationLineage=[]
SQL: -- TeaQL PLAIN
SELECT id, create_time AS createTime, last_update_time AS lastUpdateTime, name, version FROM platform_data WHERE (version > 0) AND (id = 1) LIMIT 1 OFFSET 0
[TeaQL SQL][query][956us] 1 rows returned outcome=success batchOutcome=not_applicable comment=matched update lookup purpose=matched benchmark write auditReason= tracePath=[0:OPERATION:Merchant=query -> 1:REQUEST:Merchant= -> 2:PROVIDER:postgresql= -> 3:SQL:select=] mutationLineage=[]
SQL: -- TeaQL PLAIN
SELECT id, name, code, external_id AS externalId, task_life_hours AS taskLifeHours, platform, version FROM merchant_data WHERE (version > 0) AND (external_id = 'matched-merchant') LIMIT 1000 OFFSET 0
[TeaQL MUTATION GOVERNANCE][MUTATION-POLICY-001] request=Merchant.saveGraph execution=0157bd0f-bb66-4b3d-b9ca-4f19fcfb1c8d policy=none approval=NOT_APPLICABLE
[TeaQL SQL][mutation][2037us] 1 rows affected outcome=success batchOutcome=not_applicable comment= purpose= auditReason=matched benchmark update tracePath=[0:OPERATION:Merchant=mutation -> 1:ENTITY:Merchant= -> 2:PROVIDER:postgresql= -> 3:SQL:update=] mutationLineage=[0:AUDIT_REASON:Merchant#1=matched benchmark update]
SQL: -- TeaQL PLAIN
UPDATE merchant_data SET task_life_hours = 49 , version = 988 WHERE id = 1 AND version = 987
[TeaQL SQL][query][2855us] 1 rows returned outcome=success batchOutcome=not_applicable comment=matched benchmark update purpose=runtime: read authoritative persisted mutation result auditReason=matched benchmark update tracePath=[0:OPERATION:Merchant=query -> 1:REQUEST:Merchant= -> 2:PROVIDER:postgresql= -> 3:SQL:select=] mutationLineage=[0:AUDIT_REASON:Merchant#1=matched benchmark update]
SQL: -- TeaQL PLAIN
SELECT * FROM merchant_data WHERE id = 1
[TeaQL SQL][query][492us] 1 rows returned outcome=success batchOutcome=not_applicable comment=matched merchant read with relation purpose=matched benchmark read auditReason= tracePath=[0:OPERATION:Merchant=query -> 1:REQUEST:Merchant= -> 2:PROVIDER:postgresql= -> 3:SQL:select=] mutationLineage=[]
SQL: -- TeaQL PLAIN
SELECT id, name, code, external_id AS externalId, task_life_hours AS taskLifeHours, version, platform FROM merchant_data WHERE (version > 0) AND (external_id = 'matched-merchant') LIMIT 1000 OFFSET 0
[TeaQL SQL][query][524us] 1 rows returned outcome=success batchOutcome=not_applicable comment=matched merchant read with relation purpose=matched benchmark read auditReason= tracePath=[0:OPERATION:Merchant=query -> 1:REQUEST:Merchant= -> 2:RELATION:platform=Merchant.platform -> 3:PROVIDER:postgresql= -> 4:SQL:select=] mutationLineage=[]
SQL: -- TeaQL PLAIN
SELECT id, create_time AS createTime, last_update_time AS lastUpdateTime, name, version FROM platform_data WHERE (version > 0) AND (id = 1) LIMIT 1 OFFSET 0
[TeaQL SQL][query][867us] 1 rows returned outcome=success batchOutcome=not_applicable comment=matched update lookup purpose=matched benchmark write auditReason= tracePath=[0:OPERATION:Merchant=query -> 1:REQUEST:Merchant= -> 2:PROVIDER:postgresql= -> 3:SQL:select=] mutationLineage=[]
SQL: -- TeaQL PLAIN
SELECT id, name, code, external_id AS externalId, task_life_hours AS taskLifeHours, platform, version FROM merchant_data WHERE (version > 0) AND (external_id = 'matched-merchant') LIMIT 1000 OFFSET 0
[TeaQL SQL][mutation][583us] 1 rows affected outcome=success batchOutcome=not_applicable comment= purpose= auditReason=matched benchmark update tracePath=[0:OPERATION:Merchant=mutation -> 1:ENTITY:Merchant= -> 2:PROVIDER:postgresql= -> 3:SQL:update=] mutationLineage=[0:AUDIT_REASON:Merchant#1=matched benchmark update]
SQL: -- TeaQL PLAIN
UPDATE merchant_data SET task_life_hours = 48 , version = 989 WHERE id = 1 AND version = 988
[TeaQL SQL][query][571us] 1 rows returned outcome=success batchOutcome=not_applicable comment=matched benchmark update purpose=runtime: read authoritative persisted mutation result auditReason=matched benchmark update tracePath=[0:OPERATION:Merchant=query -> 1:REQUEST:Merchant= -> 2:PROVIDER:postgresql= -> 3:SQL:select=] mutationLineage=[0:AUDIT_REASON:Merchant#1=matched benchmark update]
SQL: -- TeaQL PLAIN
SELECT * FROM merchant_data WHERE id = 1
[TeaQL SQL][query][512us] 1 rows returned outcome=success batchOutcome=not_applicable comment=matched merchant read with relation purpose=matched benchmark read auditReason= tracePath=[0:OPERATION:Merchant=query -> 1:REQUEST:Merchant= -> 2:PROVIDER:postgresql= -> 3:SQL:select=] mutationLineage=[]
SQL: -- TeaQL PLAIN
SELECT id, name, code, external_id AS externalId, task_life_hours AS taskLifeHours, version, platform FROM merchant_data WHERE (version > 0) AND (external_id = 'matched-merchant') LIMIT 1000 OFFSET 0
[TeaQL SQL][query][459us] 1 rows returned outcome=success batchOutcome=not_applicable comment=matched merchant read with relation purpose=matched benchmark read auditReason= tracePath=[0:OPERATION:Merchant=query -> 1:REQUEST:Merchant= -> 2:RELATION:platform=Merchant.platform -> 3:PROVIDER:postgresql= -> 4:SQL:select=] mutationLineage=[]
SQL: -- TeaQL PLAIN
SELECT id, create_time AS createTime, last_update_time AS lastUpdateTime, name, version FROM platform_data WHERE (version > 0) AND (id = 1) LIMIT 1 OFFSET 0
[TeaQL SQL][query][767us] 1 rows returned outcome=success batchOutcome=not_applicable comment=matched update lookup purpose=matched benchmark write auditReason= tracePath=[0:OPERATION:Merchant=query -> 1:REQUEST:Merchant= -> 2:PROVIDER:postgresql= -> 3:SQL:select=] mutationLineage=[]
SQL: -- TeaQL PLAIN
SELECT id, name, code, external_id AS externalId, task_life_hours AS taskLifeHours, platform, version FROM merchant_data WHERE (version > 0) AND (external_id = 'matched-merchant') LIMIT 1000 OFFSET 0
[TeaQL SQL][mutation][546us] 1 rows affected outcome=success batchOutcome=not_applicable comment= purpose= auditReason=matched benchmark update tracePath=[0:OPERATION:Merchant=mutation -> 1:ENTITY:Merchant= -> 2:PROVIDER:postgresql= -> 3:SQL:update=] mutationLineage=[0:AUDIT_REASON:Merchant#1=matched benchmark update]
SQL: -- TeaQL PLAIN
UPDATE merchant_data SET task_life_hours = 49 , version = 990 WHERE id = 1 AND version = 989
[TeaQL SQL][query][480us] 1 rows returned outcome=success batchOutcome=not_applicable comment=matched benchmark update purpose=runtime: read authoritative persisted mutation result auditReason=matched benchmark update tracePath=[0:OPERATION:Merchant=query -> 1:REQUEST:Merchant= -> 2:PROVIDER:postgresql= -> 3:SQL:select=] mutationLineage=[0:AUDIT_REASON:Merchant#1=matched benchmark update]
SQL: -- TeaQL PLAIN
SELECT * FROM merchant_data WHERE id = 1
[TeaQL SQL][query][496us] 1 rows returned outcome=success batchOutcome=not_applicable comment=matched merchant read with relation purpose=matched benchmark read auditReason= tracePath=[0:OPERATION:Merchant=query -> 1:REQUEST:Merchant= -> 2:PROVIDER:postgresql= -> 3:SQL:select=] mutationLineage=[]
SQL: -- TeaQL PLAIN
SELECT id, name, code, external_id AS externalId, task_life_hours AS taskLifeHours, version, platform FROM merchant_data WHERE (version > 0) AND (external_id = 'matched-merchant') LIMIT 1000 OFFSET 0
[TeaQL SQL][query][386us] 1 rows returned outcome=success batchOutcome=not_applicable comment=matched merchant read with relation purpose=matched benchmark read auditReason= tracePath=[0:OPERATION:Merchant=query -> 1:REQUEST:Merchant= -> 2:RELATION:platform=Merchant.platform -> 3:PROVIDER:postgresql= -> 4:SQL:select=] mutationLineage=[]
SQL: -- TeaQL PLAIN
SELECT id, create_time AS createTime, last_update_time AS lastUpdateTime, name, version FROM platform_data WHERE (version > 0) AND (id = 1) LIMIT 1 OFFSET 0
[TeaQL SQL][query][774us] 1 rows returned outcome=success batchOutcome=not_applicable comment=matched update lookup purpose=matched benchmark write auditReason= tracePath=[0:OPERATION:Merchant=query -> 1:REQUEST:Merchant= -> 2:PROVIDER:postgresql= -> 3:SQL:select=] mutationLineage=[]
SQL: -- TeaQL PLAIN
SELECT id, name, code, external_id AS externalId, task_life_hours AS taskLifeHours, platform, version FROM merchant_data WHERE (version > 0) AND (external_id = 'matched-merchant') LIMIT 1000 OFFSET 0
[TeaQL SQL][mutation][553us] 1 rows affected outcome=success batchOutcome=not_applicable comment= purpose= auditReason=matched benchmark update tracePath=[0:OPERATION:Merchant=mutation -> 1:ENTITY:Merchant= -> 2:PROVIDER:postgresql= -> 3:SQL:update=] mutationLineage=[0:AUDIT_REASON:Merchant#1=matched benchmark update]
SQL: -- TeaQL PLAIN
UPDATE merchant_data SET task_life_hours = 48 , version = 991 WHERE id = 1 AND version = 990
[TeaQL SQL][query][474us] 1 rows returned outcome=success batchOutcome=not_applicable comment=matched benchmark update purpose=runtime: read authoritative persisted mutation result auditReason=matched benchmark update tracePath=[0:OPERATION:Merchant=query -> 1:REQUEST:Merchant= -> 2:PROVIDER:postgresql= -> 3:SQL:select=] mutationLineage=[0:AUDIT_REASON:Merchant#1=matched benchmark update]
SQL: -- TeaQL PLAIN
SELECT * FROM merchant_data WHERE id = 1
[TeaQL SQL][query][442us] 1 rows returned outcome=success batchOutcome=not_applicable comment=matched merchant read with relation purpose=matched benchmark read auditReason= tracePath=[0:OPERATION:Merchant=query -> 1:REQUEST:Merchant= -> 2:PROVIDER:postgresql= -> 3:SQL:select=] mutationLineage=[]
SQL: -- TeaQL PLAIN
SELECT id, name, code, external_id AS externalId, task_life_hours AS taskLifeHours, version, platform FROM merchant_data WHERE (version > 0) AND (external_id = 'matched-merchant') LIMIT 1000 OFFSET 0
[TeaQL SQL][query][447us] 1 rows returned outcome=success batchOutcome=not_applicable comment=matched merchant read with relation purpose=matched benchmark read auditReason= tracePath=[0:OPERATION:Merchant=query -> 1:REQUEST:Merchant= -> 2:RELATION:platform=Merchant.platform -> 3:PROVIDER:postgresql= -> 4:SQL:select=] mutationLineage=[]
SQL: -- TeaQL PLAIN
SELECT id, create_time AS createTime, last_update_time AS lastUpdateTime, name, version FROM platform_data WHERE (version > 0) AND (id = 1) LIMIT 1 OFFSET 0
[TeaQL SQL][query][761us] 1 rows returned outcome=success batchOutcome=not_applicable comment=matched update lookup purpose=matched benchmark write auditReason= tracePath=[0:OPERATION:Merchant=query -> 1:REQUEST:Merchant= -> 2:PROVIDER:postgresql= -> 3:SQL:select=] mutationLineage=[]
SQL: -- TeaQL PLAIN
SELECT id, name, code, external_id AS externalId, task_life_hours AS taskLifeHours, platform, version FROM merchant_data WHERE (version > 0) AND (external_id = 'matched-merchant') LIMIT 1000 OFFSET 0
[TeaQL SQL][mutation][566us] 1 rows affected outcome=success batchOutcome=not_applicable comment= purpose= auditReason=matched benchmark update tracePath=[0:OPERATION:Merchant=mutation -> 1:ENTITY:Merchant= -> 2:PROVIDER:postgresql= -> 3:SQL:update=] mutationLineage=[0:AUDIT_REASON:Merchant#1=matched benchmark update]
SQL: -- TeaQL PLAIN
UPDATE merchant_data SET task_life_hours = 49 , version = 992 WHERE id = 1 AND version = 991
[TeaQL SQL][query][412us] 1 rows returned outcome=success batchOutcome=not_applicable comment=matched benchmark update purpose=runtime: read authoritative persisted mutation result auditReason=matched benchmark update tracePath=[0:OPERATION:Merchant=query -> 1:REQUEST:Merchant= -> 2:PROVIDER:postgresql= -> 3:SQL:select=] mutationLineage=[0:AUDIT_REASON:Merchant#1=matched benchmark update]
SQL: -- TeaQL PLAIN
SELECT * FROM merchant_data WHERE id = 1
[TeaQL SQL][query][455us] 1 rows returned outcome=success batchOutcome=not_applicable comment=matched merchant read with relation purpose=matched benchmark read auditReason= tracePath=[0:OPERATION:Merchant=query -> 1:REQUEST:Merchant= -> 2:PROVIDER:postgresql= -> 3:SQL:select=] mutationLineage=[]
SQL: -- TeaQL PLAIN
SELECT id, name, code, external_id AS externalId, task_life_hours AS taskLifeHours, version, platform FROM merchant_data WHERE (version > 0) AND (external_id = 'matched-merchant') LIMIT 1000 OFFSET 0
[TeaQL SQL][query][483us] 1 rows returned outcome=success batchOutcome=not_applicable comment=matched merchant read with relation purpose=matched benchmark read auditReason= tracePath=[0:OPERATION:Merchant=query -> 1:REQUEST:Merchant= -> 2:RELATION:platform=Merchant.platform -> 3:PROVIDER:postgresql= -> 4:SQL:select=] mutationLineage=[]
SQL: -- TeaQL PLAIN
SELECT id, create_time AS createTime, last_update_time AS lastUpdateTime, name, version FROM platform_data WHERE (version > 0) AND (id = 1) LIMIT 1 OFFSET 0
[TeaQL SQL][query][653us] 1 rows returned outcome=success batchOutcome=not_applicable comment=matched update lookup purpose=matched benchmark write auditReason= tracePath=[0:OPERATION:Merchant=query -> 1:REQUEST:Merchant= -> 2:PROVIDER:postgresql= -> 3:SQL:select=] mutationLineage=[]
SQL: -- TeaQL PLAIN
SELECT id, name, code, external_id AS externalId, task_life_hours AS taskLifeHours, platform, version FROM merchant_data WHERE (version > 0) AND (external_id = 'matched-merchant') LIMIT 1000 OFFSET 0
[TeaQL SQL][mutation][471us] 1 rows affected outcome=success batchOutcome=not_applicable comment= purpose= auditReason=matched benchmark update tracePath=[0:OPERATION:Merchant=mutation -> 1:ENTITY:Merchant= -> 2:PROVIDER:postgresql= -> 3:SQL:update=] mutationLineage=[0:AUDIT_REASON:Merchant#1=matched benchmark update]
SQL: -- TeaQL PLAIN
UPDATE merchant_data SET task_life_hours = 48 , version = 993 WHERE id = 1 AND version = 992
[TeaQL SQL][query][373us] 1 rows returned outcome=success batchOutcome=not_applicable comment=matched benchmark update purpose=runtime: read authoritative persisted mutation result auditReason=matched benchmark update tracePath=[0:OPERATION:Merchant=query -> 1:REQUEST:Merchant= -> 2:PROVIDER:postgresql= -> 3:SQL:select=] mutationLineage=[0:AUDIT_REASON:Merchant#1=matched benchmark update]
SQL: -- TeaQL PLAIN
SELECT * FROM merchant_data WHERE id = 1
[TeaQL SQL][query][469us] 1 rows returned outcome=success batchOutcome=not_applicable comment=matched merchant read with relation purpose=matched benchmark read auditReason= tracePath=[0:OPERATION:Merchant=query -> 1:REQUEST:Merchant= -> 2:PROVIDER:postgresql= -> 3:SQL:select=] mutationLineage=[]
SQL: -- TeaQL PLAIN
SELECT id, name, code, external_id AS externalId, task_life_hours AS taskLifeHours, version, platform FROM merchant_data WHERE (version > 0) AND (external_id = 'matched-merchant') LIMIT 1000 OFFSET 0
[TeaQL SQL][query][458us] 1 rows returned outcome=success batchOutcome=not_applicable comment=matched merchant read with relation purpose=matched benchmark read auditReason= tracePath=[0:OPERATION:Merchant=query -> 1:REQUEST:Merchant= -> 2:RELATION:platform=Merchant.platform -> 3:PROVIDER:postgresql= -> 4:SQL:select=] mutationLineage=[]
SQL: -- TeaQL PLAIN
SELECT id, create_time AS createTime, last_update_time AS lastUpdateTime, name, version FROM platform_data WHERE (version > 0) AND (id = 1) LIMIT 1 OFFSET 0
[TeaQL SQL][query][723us] 1 rows returned outcome=success batchOutcome=not_applicable comment=matched update lookup purpose=matched benchmark write auditReason= tracePath=[0:OPERATION:Merchant=query -> 1:REQUEST:Merchant= -> 2:PROVIDER:postgresql= -> 3:SQL:select=] mutationLineage=[]
SQL: -- TeaQL PLAIN
SELECT id, name, code, external_id AS externalId, task_life_hours AS taskLifeHours, platform, version FROM merchant_data WHERE (version > 0) AND (external_id = 'matched-merchant') LIMIT 1000 OFFSET 0
[TeaQL SQL][mutation][454us] 1 rows affected outcome=success batchOutcome=not_applicable comment= purpose= auditReason=matched benchmark update tracePath=[0:OPERATION:Merchant=mutation -> 1:ENTITY:Merchant= -> 2:PROVIDER:postgresql= -> 3:SQL:update=] mutationLineage=[0:AUDIT_REASON:Merchant#1=matched benchmark update]
SQL: -- TeaQL PLAIN
UPDATE merchant_data SET task_life_hours = 49 , version = 994 WHERE id = 1 AND version = 993
[TeaQL SQL][query][343us] 1 rows returned outcome=success batchOutcome=not_applicable comment=matched benchmark update purpose=runtime: read authoritative persisted mutation result auditReason=matched benchmark update tracePath=[0:OPERATION:Merchant=query -> 1:REQUEST:Merchant= -> 2:PROVIDER:postgresql= -> 3:SQL:select=] mutationLineage=[0:AUDIT_REASON:Merchant#1=matched benchmark update]
SQL: -- TeaQL PLAIN
SELECT * FROM merchant_data WHERE id = 1
[TeaQL SQL][query][501us] 1 rows returned outcome=success batchOutcome=not_applicable comment=matched merchant read with relation purpose=matched benchmark read auditReason= tracePath=[0:OPERATION:Merchant=query -> 1:REQUEST:Merchant= -> 2:PROVIDER:postgresql= -> 3:SQL:select=] mutationLineage=[]
SQL: -- TeaQL PLAIN
SELECT id, name, code, external_id AS externalId, task_life_hours AS taskLifeHours, version, platform FROM merchant_data WHERE (version > 0) AND (external_id = 'matched-merchant') LIMIT 1000 OFFSET 0
[TeaQL SQL][query][456us] 1 rows returned outcome=success batchOutcome=not_applicable comment=matched merchant read with relation purpose=matched benchmark read auditReason= tracePath=[0:OPERATION:Merchant=query -> 1:REQUEST:Merchant= -> 2:RELATION:platform=Merchant.platform -> 3:PROVIDER:postgresql= -> 4:SQL:select=] mutationLineage=[]
SQL: -- TeaQL PLAIN
SELECT id, create_time AS createTime, last_update_time AS lastUpdateTime, name, version FROM platform_data WHERE (version > 0) AND (id = 1) LIMIT 1 OFFSET 0
[TeaQL SQL][query][670us] 1 rows returned outcome=success batchOutcome=not_applicable comment=matched update lookup purpose=matched benchmark write auditReason= tracePath=[0:OPERATION:Merchant=query -> 1:REQUEST:Merchant= -> 2:PROVIDER:postgresql= -> 3:SQL:select=] mutationLineage=[]
SQL: -- TeaQL PLAIN
SELECT id, name, code, external_id AS externalId, task_life_hours AS taskLifeHours, platform, version FROM merchant_data WHERE (version > 0) AND (external_id = 'matched-merchant') LIMIT 1000 OFFSET 0
[TeaQL SQL][mutation][496us] 1 rows affected outcome=success batchOutcome=not_applicable comment= purpose= auditReason=matched benchmark update tracePath=[0:OPERATION:Merchant=mutation -> 1:ENTITY:Merchant= -> 2:PROVIDER:postgresql= -> 3:SQL:update=] mutationLineage=[0:AUDIT_REASON:Merchant#1=matched benchmark update]
SQL: -- TeaQL PLAIN
UPDATE merchant_data SET task_life_hours = 48 , version = 995 WHERE id = 1 AND version = 994
[TeaQL SQL][query][418us] 1 rows returned outcome=success batchOutcome=not_applicable comment=matched benchmark update purpose=runtime: read authoritative persisted mutation result auditReason=matched benchmark update tracePath=[0:OPERATION:Merchant=query -> 1:REQUEST:Merchant= -> 2:PROVIDER:postgresql= -> 3:SQL:select=] mutationLineage=[0:AUDIT_REASON:Merchant#1=matched benchmark update]
SQL: -- TeaQL PLAIN
SELECT * FROM merchant_data WHERE id = 1
[TeaQL SQL][query][563us] 1 rows returned outcome=success batchOutcome=not_applicable comment=matched merchant read with relation purpose=matched benchmark read auditReason= tracePath=[0:OPERATION:Merchant=query -> 1:REQUEST:Merchant= -> 2:PROVIDER:postgresql= -> 3:SQL:select=] mutationLineage=[]
SQL: -- TeaQL PLAIN
SELECT id, name, code, external_id AS externalId, task_life_hours AS taskLifeHours, version, platform FROM merchant_data WHERE (version > 0) AND (external_id = 'matched-merchant') LIMIT 1000 OFFSET 0
[TeaQL SQL][query][604us] 1 rows returned outcome=success batchOutcome=not_applicable comment=matched merchant read with relation purpose=matched benchmark read auditReason= tracePath=[0:OPERATION:Merchant=query -> 1:REQUEST:Merchant= -> 2:RELATION:platform=Merchant.platform -> 3:PROVIDER:postgresql= -> 4:SQL:select=] mutationLineage=[]
SQL: -- TeaQL PLAIN
SELECT id, create_time AS createTime, last_update_time AS lastUpdateTime, name, version FROM platform_data WHERE (version > 0) AND (id = 1) LIMIT 1 OFFSET 0
[TeaQL SQL][query][694us] 1 rows returned outcome=success batchOutcome=not_applicable comment=matched update lookup purpose=matched benchmark write auditReason= tracePath=[0:OPERATION:Merchant=query -> 1:REQUEST:Merchant= -> 2:PROVIDER:postgresql= -> 3:SQL:select=] mutationLineage=[]
SQL: -- TeaQL PLAIN
SELECT id, name, code, external_id AS externalId, task_life_hours AS taskLifeHours, platform, version FROM merchant_data WHERE (version > 0) AND (external_id = 'matched-merchant') LIMIT 1000 OFFSET 0
[TeaQL SQL][mutation][668us] 1 rows affected outcome=success batchOutcome=not_applicable comment= purpose= auditReason=matched benchmark update tracePath=[0:OPERATION:Merchant=mutation -> 1:ENTITY:Merchant= -> 2:PROVIDER:postgresql= -> 3:SQL:update=] mutationLineage=[0:AUDIT_REASON:Merchant#1=matched benchmark update]
SQL: -- TeaQL PLAIN
UPDATE merchant_data SET task_life_hours = 49 , version = 996 WHERE id = 1 AND version = 995
[TeaQL SQL][query][460us] 1 rows returned outcome=success batchOutcome=not_applicable comment=matched benchmark update purpose=runtime: read authoritative persisted mutation result auditReason=matched benchmark update tracePath=[0:OPERATION:Merchant=query -> 1:REQUEST:Merchant= -> 2:PROVIDER:postgresql= -> 3:SQL:select=] mutationLineage=[0:AUDIT_REASON:Merchant#1=matched benchmark update]
SQL: -- TeaQL PLAIN
SELECT * FROM merchant_data WHERE id = 1
[TeaQL SQL][query][588us] 1 rows returned outcome=success batchOutcome=not_applicable comment=matched merchant read with relation purpose=matched benchmark read auditReason= tracePath=[0:OPERATION:Merchant=query -> 1:REQUEST:Merchant= -> 2:PROVIDER:postgresql= -> 3:SQL:select=] mutationLineage=[]
SQL: -- TeaQL PLAIN
SELECT id, name, code, external_id AS externalId, task_life_hours AS taskLifeHours, version, platform FROM merchant_data WHERE (version > 0) AND (external_id = 'matched-merchant') LIMIT 1000 OFFSET 0
[TeaQL SQL][query][497us] 1 rows returned outcome=success batchOutcome=not_applicable comment=matched merchant read with relation purpose=matched benchmark read auditReason= tracePath=[0:OPERATION:Merchant=query -> 1:REQUEST:Merchant= -> 2:RELATION:platform=Merchant.platform -> 3:PROVIDER:postgresql= -> 4:SQL:select=] mutationLineage=[]
SQL: -- TeaQL PLAIN
SELECT id, create_time AS createTime, last_update_time AS lastUpdateTime, name, version FROM platform_data WHERE (version > 0) AND (id = 1) LIMIT 1 OFFSET 0
[TeaQL SQL][query][691us] 1 rows returned outcome=success batchOutcome=not_applicable comment=matched update lookup purpose=matched benchmark write auditReason= tracePath=[0:OPERATION:Merchant=query -> 1:REQUEST:Merchant= -> 2:PROVIDER:postgresql= -> 3:SQL:select=] mutationLineage=[]
SQL: -- TeaQL PLAIN
SELECT id, name, code, external_id AS externalId, task_life_hours AS taskLifeHours, platform, version FROM merchant_data WHERE (version > 0) AND (external_id = 'matched-merchant') LIMIT 1000 OFFSET 0
[TeaQL SQL][mutation][616us] 1 rows affected outcome=success batchOutcome=not_applicable comment= purpose= auditReason=matched benchmark update tracePath=[0:OPERATION:Merchant=mutation -> 1:ENTITY:Merchant= -> 2:PROVIDER:postgresql= -> 3:SQL:update=] mutationLineage=[0:AUDIT_REASON:Merchant#1=matched benchmark update]
SQL: -- TeaQL PLAIN
UPDATE merchant_data SET task_life_hours = 48 , version = 997 WHERE id = 1 AND version = 996
[TeaQL SQL][query][410us] 1 rows returned outcome=success batchOutcome=not_applicable comment=matched benchmark update purpose=runtime: read authoritative persisted mutation result auditReason=matched benchmark update tracePath=[0:OPERATION:Merchant=query -> 1:REQUEST:Merchant= -> 2:PROVIDER:postgresql= -> 3:SQL:select=] mutationLineage=[0:AUDIT_REASON:Merchant#1=matched benchmark update]
SQL: -- TeaQL PLAIN
SELECT * FROM merchant_data WHERE id = 1
[TeaQL SQL][query][512us] 1 rows returned outcome=success batchOutcome=not_applicable comment=matched merchant read with relation purpose=matched benchmark read auditReason= tracePath=[0:OPERATION:Merchant=query -> 1:REQUEST:Merchant= -> 2:PROVIDER:postgresql= -> 3:SQL:select=] mutationLineage=[]
SQL: -- TeaQL PLAIN
SELECT id, name, code, external_id AS externalId, task_life_hours AS taskLifeHours, version, platform FROM merchant_data WHERE (version > 0) AND (external_id = 'matched-merchant') LIMIT 1000 OFFSET 0
[TeaQL SQL][query][478us] 1 rows returned outcome=success batchOutcome=not_applicable comment=matched merchant read with relation purpose=matched benchmark read auditReason= tracePath=[0:OPERATION:Merchant=query -> 1:REQUEST:Merchant= -> 2:RELATION:platform=Merchant.platform -> 3:PROVIDER:postgresql= -> 4:SQL:select=] mutationLineage=[]
SQL: -- TeaQL PLAIN
SELECT id, create_time AS createTime, last_update_time AS lastUpdateTime, name, version FROM platform_data WHERE (version > 0) AND (id = 1) LIMIT 1 OFFSET 0
[TeaQL SQL][query][555us] 1 rows returned outcome=success batchOutcome=not_applicable comment=matched update lookup purpose=matched benchmark write auditReason= tracePath=[0:OPERATION:Merchant=query -> 1:REQUEST:Merchant= -> 2:PROVIDER:postgresql= -> 3:SQL:select=] mutationLineage=[]
SQL: -- TeaQL PLAIN
SELECT id, name, code, external_id AS externalId, task_life_hours AS taskLifeHours, platform, version FROM merchant_data WHERE (version > 0) AND (external_id = 'matched-merchant') LIMIT 1000 OFFSET 0
[TeaQL SQL][mutation][512us] 1 rows affected outcome=success batchOutcome=not_applicable comment= purpose= auditReason=matched benchmark update tracePath=[0:OPERATION:Merchant=mutation -> 1:ENTITY:Merchant= -> 2:PROVIDER:postgresql= -> 3:SQL:update=] mutationLineage=[0:AUDIT_REASON:Merchant#1=matched benchmark update]
SQL: -- TeaQL PLAIN
UPDATE merchant_data SET task_life_hours = 49 , version = 998 WHERE id = 1 AND version = 997
[TeaQL SQL][query][420us] 1 rows returned outcome=success batchOutcome=not_applicable comment=matched benchmark update purpose=runtime: read authoritative persisted mutation result auditReason=matched benchmark update tracePath=[0:OPERATION:Merchant=query -> 1:REQUEST:Merchant= -> 2:PROVIDER:postgresql= -> 3:SQL:select=] mutationLineage=[0:AUDIT_REASON:Merchant#1=matched benchmark update]
SQL: -- TeaQL PLAIN
SELECT * FROM merchant_data WHERE id = 1
[TeaQL SQL][query][559us] 1 rows returned outcome=success batchOutcome=not_applicable comment=matched merchant read with relation purpose=matched benchmark read auditReason= tracePath=[0:OPERATION:Merchant=query -> 1:REQUEST:Merchant= -> 2:PROVIDER:postgresql= -> 3:SQL:select=] mutationLineage=[]
SQL: -- TeaQL PLAIN
SELECT id, name, code, external_id AS externalId, task_life_hours AS taskLifeHours, version, platform FROM merchant_data WHERE (version > 0) AND (external_id = 'matched-merchant') LIMIT 1000 OFFSET 0
[TeaQL SQL][query][516us] 1 rows returned outcome=success batchOutcome=not_applicable comment=matched merchant read with relation purpose=matched benchmark read auditReason= tracePath=[0:OPERATION:Merchant=query -> 1:REQUEST:Merchant= -> 2:RELATION:platform=Merchant.platform -> 3:PROVIDER:postgresql= -> 4:SQL:select=] mutationLineage=[]
SQL: -- TeaQL PLAIN
SELECT id, create_time AS createTime, last_update_time AS lastUpdateTime, name, version FROM platform_data WHERE (version > 0) AND (id = 1) LIMIT 1 OFFSET 0
[TeaQL SQL][query][566us] 1 rows returned outcome=success batchOutcome=not_applicable comment=matched update lookup purpose=matched benchmark write auditReason= tracePath=[0:OPERATION:Merchant=query -> 1:REQUEST:Merchant= -> 2:PROVIDER:postgresql= -> 3:SQL:select=] mutationLineage=[]
SQL: -- TeaQL PLAIN
SELECT id, name, code, external_id AS externalId, task_life_hours AS taskLifeHours, platform, version FROM merchant_data WHERE (version > 0) AND (external_id = 'matched-merchant') LIMIT 1000 OFFSET 0
[TeaQL SQL][mutation][459us] 1 rows affected outcome=success batchOutcome=not_applicable comment= purpose= auditReason=matched benchmark update tracePath=[0:OPERATION:Merchant=mutation -> 1:ENTITY:Merchant= -> 2:PROVIDER:postgresql= -> 3:SQL:update=] mutationLineage=[0:AUDIT_REASON:Merchant#1=matched benchmark update]
SQL: -- TeaQL PLAIN
UPDATE merchant_data SET task_life_hours = 48 , version = 999 WHERE id = 1 AND version = 998
[TeaQL SQL][query][441us] 1 rows returned outcome=success batchOutcome=not_applicable comment=matched benchmark update purpose=runtime: read authoritative persisted mutation result auditReason=matched benchmark update tracePath=[0:OPERATION:Merchant=query -> 1:REQUEST:Merchant= -> 2:PROVIDER:postgresql= -> 3:SQL:select=] mutationLineage=[0:AUDIT_REASON:Merchant#1=matched benchmark update]
SQL: -- TeaQL PLAIN
SELECT * FROM merchant_data WHERE id = 1
[TeaQL SQL][query][565us] 1 rows returned outcome=success batchOutcome=not_applicable comment=matched merchant read with relation purpose=matched benchmark read auditReason= tracePath=[0:OPERATION:Merchant=query -> 1:REQUEST:Merchant= -> 2:PROVIDER:postgresql= -> 3:SQL:select=] mutationLineage=[]
SQL: -- TeaQL PLAIN
SELECT id, name, code, external_id AS externalId, task_life_hours AS taskLifeHours, version, platform FROM merchant_data WHERE (version > 0) AND (external_id = 'matched-merchant') LIMIT 1000 OFFSET 0
[TeaQL SQL][query][591us] 1 rows returned outcome=success batchOutcome=not_applicable comment=matched merchant read with relation purpose=matched benchmark read auditReason= tracePath=[0:OPERATION:Merchant=query -> 1:REQUEST:Merchant= -> 2:RELATION:platform=Merchant.platform -> 3:PROVIDER:postgresql= -> 4:SQL:select=] mutationLineage=[]
SQL: -- TeaQL PLAIN
SELECT id, create_time AS createTime, last_update_time AS lastUpdateTime, name, version FROM platform_data WHERE (version > 0) AND (id = 1) LIMIT 1 OFFSET 0
[TeaQL SQL][query][641us] 1 rows returned outcome=success batchOutcome=not_applicable comment=matched update lookup purpose=matched benchmark write auditReason= tracePath=[0:OPERATION:Merchant=query -> 1:REQUEST:Merchant= -> 2:PROVIDER:postgresql= -> 3:SQL:select=] mutationLineage=[]
SQL: -- TeaQL PLAIN
SELECT id, name, code, external_id AS externalId, task_life_hours AS taskLifeHours, platform, version FROM merchant_data WHERE (version > 0) AND (external_id = 'matched-merchant') LIMIT 1000 OFFSET 0
[TeaQL SQL][mutation][491us] 1 rows affected outcome=success batchOutcome=not_applicable comment= purpose= auditReason=matched benchmark update tracePath=[0:OPERATION:Merchant=mutation -> 1:ENTITY:Merchant= -> 2:PROVIDER:postgresql= -> 3:SQL:update=] mutationLineage=[0:AUDIT_REASON:Merchant#1=matched benchmark update]
SQL: -- TeaQL PLAIN
UPDATE merchant_data SET task_life_hours = 49 , version = 1000 WHERE id = 1 AND version = 999
[TeaQL SQL][query][415us] 1 rows returned outcome=success batchOutcome=not_applicable comment=matched benchmark update purpose=runtime: read authoritative persisted mutation result auditReason=matched benchmark update tracePath=[0:OPERATION:Merchant=query -> 1:REQUEST:Merchant= -> 2:PROVIDER:postgresql= -> 3:SQL:select=] mutationLineage=[0:AUDIT_REASON:Merchant#1=matched benchmark update]
SQL: -- TeaQL PLAIN
SELECT * FROM merchant_data WHERE id = 1
[TeaQL SQL][query][675us] 1 rows returned outcome=success batchOutcome=not_applicable comment=matched merchant read with relation purpose=matched benchmark read auditReason= tracePath=[0:OPERATION:Merchant=query -> 1:REQUEST:Merchant= -> 2:PROVIDER:postgresql= -> 3:SQL:select=] mutationLineage=[]
SQL: -- TeaQL PLAIN
SELECT id, name, code, external_id AS externalId, task_life_hours AS taskLifeHours, version, platform FROM merchant_data WHERE (version > 0) AND (external_id = 'matched-merchant') LIMIT 1000 OFFSET 0
[TeaQL SQL][query][701us] 1 rows returned outcome=success batchOutcome=not_applicable comment=matched merchant read with relation purpose=matched benchmark read auditReason= tracePath=[0:OPERATION:Merchant=query -> 1:REQUEST:Merchant= -> 2:RELATION:platform=Merchant.platform -> 3:PROVIDER:postgresql= -> 4:SQL:select=] mutationLineage=[]
SQL: -- TeaQL PLAIN
SELECT id, create_time AS createTime, last_update_time AS lastUpdateTime, name, version FROM platform_data WHERE (version > 0) AND (id = 1) LIMIT 1 OFFSET 0
[TeaQL SQL][query][649us] 1 rows returned outcome=success batchOutcome=not_applicable comment=matched update lookup purpose=matched benchmark write auditReason= tracePath=[0:OPERATION:Merchant=query -> 1:REQUEST:Merchant= -> 2:PROVIDER:postgresql= -> 3:SQL:select=] mutationLineage=[]
SQL: -- TeaQL PLAIN
SELECT id, name, code, external_id AS externalId, task_life_hours AS taskLifeHours, platform, version FROM merchant_data WHERE (version > 0) AND (external_id = 'matched-merchant') LIMIT 1000 OFFSET 0
[TeaQL SQL][mutation][433us] 1 rows affected outcome=success batchOutcome=not_applicable comment= purpose= auditReason=matched benchmark update tracePath=[0:OPERATION:Merchant=mutation -> 1:ENTITY:Merchant= -> 2:PROVIDER:postgresql= -> 3:SQL:update=] mutationLineage=[0:AUDIT_REASON:Merchant#1=matched benchmark update]
SQL: -- TeaQL PLAIN
UPDATE merchant_data SET task_life_hours = 48 , version = 1001 WHERE id = 1 AND version = 1000
[TeaQL SQL][query][358us] 1 rows returned outcome=success batchOutcome=not_applicable comment=matched benchmark update purpose=runtime: read authoritative persisted mutation result auditReason=matched benchmark update tracePath=[0:OPERATION:Merchant=query -> 1:REQUEST:Merchant= -> 2:PROVIDER:postgresql= -> 3:SQL:select=] mutationLineage=[0:AUDIT_REASON:Merchant#1=matched benchmark update]
SQL: -- TeaQL PLAIN
SELECT * FROM merchant_data WHERE id = 1
[TeaQL SQL][query][505us] 1 rows returned outcome=success batchOutcome=not_applicable comment=matched merchant read with relation purpose=matched benchmark read auditReason= tracePath=[0:OPERATION:Merchant=query -> 1:REQUEST:Merchant= -> 2:PROVIDER:postgresql= -> 3:SQL:select=] mutationLineage=[]
SQL: -- TeaQL PLAIN
SELECT id, name, code, external_id AS externalId, task_life_hours AS taskLifeHours, version, platform FROM merchant_data WHERE (version > 0) AND (external_id = 'matched-merchant') LIMIT 1000 OFFSET 0
[TeaQL SQL][query][476us] 1 rows returned outcome=success batchOutcome=not_applicable comment=matched merchant read with relation purpose=matched benchmark read auditReason= tracePath=[0:OPERATION:Merchant=query -> 1:REQUEST:Merchant= -> 2:RELATION:platform=Merchant.platform -> 3:PROVIDER:postgresql= -> 4:SQL:select=] mutationLineage=[]
SQL: -- TeaQL PLAIN
SELECT id, create_time AS createTime, last_update_time AS lastUpdateTime, name, version FROM platform_data WHERE (version > 0) AND (id = 1) LIMIT 1 OFFSET 0
[TeaQL SQL][query][601us] 1 rows returned outcome=success batchOutcome=not_applicable comment=matched update lookup purpose=matched benchmark write auditReason= tracePath=[0:OPERATION:Merchant=query -> 1:REQUEST:Merchant= -> 2:PROVIDER:postgresql= -> 3:SQL:select=] mutationLineage=[]
SQL: -- TeaQL PLAIN
SELECT id, name, code, external_id AS externalId, task_life_hours AS taskLifeHours, platform, version FROM merchant_data WHERE (version > 0) AND (external_id = 'matched-merchant') LIMIT 1000 OFFSET 0
[TeaQL SQL][mutation][472us] 1 rows affected outcome=success batchOutcome=not_applicable comment= purpose= auditReason=matched benchmark update tracePath=[0:OPERATION:Merchant=mutation -> 1:ENTITY:Merchant= -> 2:PROVIDER:postgresql= -> 3:SQL:update=] mutationLineage=[0:AUDIT_REASON:Merchant#1=matched benchmark update]
SQL: -- TeaQL PLAIN
UPDATE merchant_data SET task_life_hours = 49 , version = 1002 WHERE id = 1 AND version = 1001
[TeaQL SQL][query][416us] 1 rows returned outcome=success batchOutcome=not_applicable comment=matched benchmark update purpose=runtime: read authoritative persisted mutation result auditReason=matched benchmark update tracePath=[0:OPERATION:Merchant=query -> 1:REQUEST:Merchant= -> 2:PROVIDER:postgresql= -> 3:SQL:select=] mutationLineage=[0:AUDIT_REASON:Merchant#1=matched benchmark update]
SQL: -- TeaQL PLAIN
SELECT * FROM merchant_data WHERE id = 1
[TeaQL SQL][query][485us] 1 rows returned outcome=success batchOutcome=not_applicable comment=matched merchant read with relation purpose=matched benchmark read auditReason= tracePath=[0:OPERATION:Merchant=query -> 1:REQUEST:Merchant= -> 2:PROVIDER:postgresql= -> 3:SQL:select=] mutationLineage=[]
SQL: -- TeaQL PLAIN
SELECT id, name, code, external_id AS externalId, task_life_hours AS taskLifeHours, version, platform FROM merchant_data WHERE (version > 0) AND (external_id = 'matched-merchant') LIMIT 1000 OFFSET 0
[TeaQL SQL][query][483us] 1 rows returned outcome=success batchOutcome=not_applicable comment=matched merchant read with relation purpose=matched benchmark read auditReason= tracePath=[0:OPERATION:Merchant=query -> 1:REQUEST:Merchant= -> 2:RELATION:platform=Merchant.platform -> 3:PROVIDER:postgresql= -> 4:SQL:select=] mutationLineage=[]
SQL: -- TeaQL PLAIN
SELECT id, create_time AS createTime, last_update_time AS lastUpdateTime, name, version FROM platform_data WHERE (version > 0) AND (id = 1) LIMIT 1 OFFSET 0
[TeaQL SQL][query][752us] 1 rows returned outcome=success batchOutcome=not_applicable comment=matched update lookup purpose=matched benchmark write auditReason= tracePath=[0:OPERATION:Merchant=query -> 1:REQUEST:Merchant= -> 2:PROVIDER:postgresql= -> 3:SQL:select=] mutationLineage=[]
SQL: -- TeaQL PLAIN
SELECT id, name, code, external_id AS externalId, task_life_hours AS taskLifeHours, platform, version FROM merchant_data WHERE (version > 0) AND (external_id = 'matched-merchant') LIMIT 1000 OFFSET 0
[TeaQL SQL][mutation][542us] 1 rows affected outcome=success batchOutcome=not_applicable comment= purpose= auditReason=matched benchmark update tracePath=[0:OPERATION:Merchant=mutation -> 1:ENTITY:Merchant= -> 2:PROVIDER:postgresql= -> 3:SQL:update=] mutationLineage=[0:AUDIT_REASON:Merchant#1=matched benchmark update]
SQL: -- TeaQL PLAIN
UPDATE merchant_data SET task_life_hours = 48 , version = 1003 WHERE id = 1 AND version = 1002
[TeaQL SQL][query][398us] 1 rows returned outcome=success batchOutcome=not_applicable comment=matched benchmark update purpose=runtime: read authoritative persisted mutation result auditReason=matched benchmark update tracePath=[0:OPERATION:Merchant=query -> 1:REQUEST:Merchant= -> 2:PROVIDER:postgresql= -> 3:SQL:select=] mutationLineage=[0:AUDIT_REASON:Merchant#1=matched benchmark update]
SQL: -- TeaQL PLAIN
SELECT * FROM merchant_data WHERE id = 1
[TeaQL SQL][query][712us] 1 rows returned outcome=success batchOutcome=not_applicable comment=matched merchant read with relation purpose=matched benchmark read auditReason= tracePath=[0:OPERATION:Merchant=query -> 1:REQUEST:Merchant= -> 2:PROVIDER:postgresql= -> 3:SQL:select=] mutationLineage=[]
SQL: -- TeaQL PLAIN
SELECT id, name, code, external_id AS externalId, task_life_hours AS taskLifeHours, version, platform FROM merchant_data WHERE (version > 0) AND (external_id = 'matched-merchant') LIMIT 1000 OFFSET 0
[TeaQL SQL][query][694us] 1 rows returned outcome=success batchOutcome=not_applicable comment=matched merchant read with relation purpose=matched benchmark read auditReason= tracePath=[0:OPERATION:Merchant=query -> 1:REQUEST:Merchant= -> 2:RELATION:platform=Merchant.platform -> 3:PROVIDER:postgresql= -> 4:SQL:select=] mutationLineage=[]
SQL: -- TeaQL PLAIN
SELECT id, create_time AS createTime, last_update_time AS lastUpdateTime, name, version FROM platform_data WHERE (version > 0) AND (id = 1) LIMIT 1 OFFSET 0
[TeaQL SQL][query][515us] 1 rows returned outcome=success batchOutcome=not_applicable comment=matched update lookup purpose=matched benchmark write auditReason= tracePath=[0:OPERATION:Merchant=query -> 1:REQUEST:Merchant= -> 2:PROVIDER:postgresql= -> 3:SQL:select=] mutationLineage=[]
SQL: -- TeaQL PLAIN
SELECT id, name, code, external_id AS externalId, task_life_hours AS taskLifeHours, platform, version FROM merchant_data WHERE (version > 0) AND (external_id = 'matched-merchant') LIMIT 1000 OFFSET 0
[TeaQL SQL][mutation][344us] 1 rows affected outcome=success batchOutcome=not_applicable comment= purpose= auditReason=matched benchmark update tracePath=[0:OPERATION:Merchant=mutation -> 1:ENTITY:Merchant= -> 2:PROVIDER:postgresql= -> 3:SQL:update=] mutationLineage=[0:AUDIT_REASON:Merchant#1=matched benchmark update]
SQL: -- TeaQL PLAIN
UPDATE merchant_data SET task_life_hours = 49 , version = 1004 WHERE id = 1 AND version = 1003
[TeaQL SQL][query][279us] 1 rows returned outcome=success batchOutcome=not_applicable comment=matched benchmark update purpose=runtime: read authoritative persisted mutation result auditReason=matched benchmark update tracePath=[0:OPERATION:Merchant=query -> 1:REQUEST:Merchant= -> 2:PROVIDER:postgresql= -> 3:SQL:select=] mutationLineage=[0:AUDIT_REASON:Merchant#1=matched benchmark update]
SQL: -- TeaQL PLAIN
SELECT * FROM merchant_data WHERE id = 1
[TeaQL SQL][query][535us] 1 rows returned outcome=success batchOutcome=not_applicable comment=matched merchant read with relation purpose=matched benchmark read auditReason= tracePath=[0:OPERATION:Merchant=query -> 1:REQUEST:Merchant= -> 2:PROVIDER:postgresql= -> 3:SQL:select=] mutationLineage=[]
SQL: -- TeaQL PLAIN
SELECT id, name, code, external_id AS externalId, task_life_hours AS taskLifeHours, version, platform FROM merchant_data WHERE (version > 0) AND (external_id = 'matched-merchant') LIMIT 1000 OFFSET 0
[TeaQL SQL][query][621us] 1 rows returned outcome=success batchOutcome=not_applicable comment=matched merchant read with relation purpose=matched benchmark read auditReason= tracePath=[0:OPERATION:Merchant=query -> 1:REQUEST:Merchant= -> 2:RELATION:platform=Merchant.platform -> 3:PROVIDER:postgresql= -> 4:SQL:select=] mutationLineage=[]
SQL: -- TeaQL PLAIN
SELECT id, create_time AS createTime, last_update_time AS lastUpdateTime, name, version FROM platform_data WHERE (version > 0) AND (id = 1) LIMIT 1 OFFSET 0
[TeaQL SQL][query][666us] 1 rows returned outcome=success batchOutcome=not_applicable comment=matched update lookup purpose=matched benchmark write auditReason= tracePath=[0:OPERATION:Merchant=query -> 1:REQUEST:Merchant= -> 2:PROVIDER:postgresql= -> 3:SQL:select=] mutationLineage=[]
SQL: -- TeaQL PLAIN
SELECT id, name, code, external_id AS externalId, task_life_hours AS taskLifeHours, platform, version FROM merchant_data WHERE (version > 0) AND (external_id = 'matched-merchant') LIMIT 1000 OFFSET 0
[TeaQL SQL][mutation][536us] 1 rows affected outcome=success batchOutcome=not_applicable comment= purpose= auditReason=matched benchmark update tracePath=[0:OPERATION:Merchant=mutation -> 1:ENTITY:Merchant= -> 2:PROVIDER:postgresql= -> 3:SQL:update=] mutationLineage=[0:AUDIT_REASON:Merchant#1=matched benchmark update]
SQL: -- TeaQL PLAIN
UPDATE merchant_data SET task_life_hours = 48 , version = 1005 WHERE id = 1 AND version = 1004
[TeaQL SQL][query][404us] 1 rows returned outcome=success batchOutcome=not_applicable comment=matched benchmark update purpose=runtime: read authoritative persisted mutation result auditReason=matched benchmark update tracePath=[0:OPERATION:Merchant=query -> 1:REQUEST:Merchant= -> 2:PROVIDER:postgresql= -> 3:SQL:select=] mutationLineage=[0:AUDIT_REASON:Merchant#1=matched benchmark update]
SQL: -- TeaQL PLAIN
SELECT * FROM merchant_data WHERE id = 1
[TeaQL SQL][query][494us] 1 rows returned outcome=success batchOutcome=not_applicable comment=matched merchant read with relation purpose=matched benchmark read auditReason= tracePath=[0:OPERATION:Merchant=query -> 1:REQUEST:Merchant= -> 2:PROVIDER:postgresql= -> 3:SQL:select=] mutationLineage=[]
SQL: -- TeaQL PLAIN
SELECT id, name, code, external_id AS externalId, task_life_hours AS taskLifeHours, version, platform FROM merchant_data WHERE (version > 0) AND (external_id = 'matched-merchant') LIMIT 1000 OFFSET 0
[TeaQL SQL][query][510us] 1 rows returned outcome=success batchOutcome=not_applicable comment=matched merchant read with relation purpose=matched benchmark read auditReason= tracePath=[0:OPERATION:Merchant=query -> 1:REQUEST:Merchant= -> 2:RELATION:platform=Merchant.platform -> 3:PROVIDER:postgresql= -> 4:SQL:select=] mutationLineage=[]
SQL: -- TeaQL PLAIN
SELECT id, create_time AS createTime, last_update_time AS lastUpdateTime, name, version FROM platform_data WHERE (version > 0) AND (id = 1) LIMIT 1 OFFSET 0
[TeaQL SQL][query][653us] 1 rows returned outcome=success batchOutcome=not_applicable comment=matched update lookup purpose=matched benchmark write auditReason= tracePath=[0:OPERATION:Merchant=query -> 1:REQUEST:Merchant= -> 2:PROVIDER:postgresql= -> 3:SQL:select=] mutationLineage=[]
SQL: -- TeaQL PLAIN
SELECT id, name, code, external_id AS externalId, task_life_hours AS taskLifeHours, platform, version FROM merchant_data WHERE (version > 0) AND (external_id = 'matched-merchant') LIMIT 1000 OFFSET 0
[TeaQL SQL][mutation][526us] 1 rows affected outcome=success batchOutcome=not_applicable comment= purpose= auditReason=matched benchmark update tracePath=[0:OPERATION:Merchant=mutation -> 1:ENTITY:Merchant= -> 2:PROVIDER:postgresql= -> 3:SQL:update=] mutationLineage=[0:AUDIT_REASON:Merchant#1=matched benchmark update]
SQL: -- TeaQL PLAIN
UPDATE merchant_data SET task_life_hours = 49 , version = 1006 WHERE id = 1 AND version = 1005
[TeaQL SQL][query][433us] 1 rows returned outcome=success batchOutcome=not_applicable comment=matched benchmark update purpose=runtime: read authoritative persisted mutation result auditReason=matched benchmark update tracePath=[0:OPERATION:Merchant=query -> 1:REQUEST:Merchant= -> 2:PROVIDER:postgresql= -> 3:SQL:select=] mutationLineage=[0:AUDIT_REASON:Merchant#1=matched benchmark update]
SQL: -- TeaQL PLAIN
SELECT * FROM merchant_data WHERE id = 1
[TeaQL SQL][query][587us] 1 rows returned outcome=success batchOutcome=not_applicable comment=matched merchant read with relation purpose=matched benchmark read auditReason= tracePath=[0:OPERATION:Merchant=query -> 1:REQUEST:Merchant= -> 2:PROVIDER:postgresql= -> 3:SQL:select=] mutationLineage=[]
SQL: -- TeaQL PLAIN
SELECT id, name, code, external_id AS externalId, task_life_hours AS taskLifeHours, version, platform FROM merchant_data WHERE (version > 0) AND (external_id = 'matched-merchant') LIMIT 1000 OFFSET 0
[TeaQL SQL][query][562us] 1 rows returned outcome=success batchOutcome=not_applicable comment=matched merchant read with relation purpose=matched benchmark read auditReason= tracePath=[0:OPERATION:Merchant=query -> 1:REQUEST:Merchant= -> 2:RELATION:platform=Merchant.platform -> 3:PROVIDER:postgresql= -> 4:SQL:select=] mutationLineage=[]
SQL: -- TeaQL PLAIN
SELECT id, create_time AS createTime, last_update_time AS lastUpdateTime, name, version FROM platform_data WHERE (version > 0) AND (id = 1) LIMIT 1 OFFSET 0
[TeaQL SQL][query][591us] 1 rows returned outcome=success batchOutcome=not_applicable comment=matched update lookup purpose=matched benchmark write auditReason= tracePath=[0:OPERATION:Merchant=query -> 1:REQUEST:Merchant= -> 2:PROVIDER:postgresql= -> 3:SQL:select=] mutationLineage=[]
SQL: -- TeaQL PLAIN
SELECT id, name, code, external_id AS externalId, task_life_hours AS taskLifeHours, platform, version FROM merchant_data WHERE (version > 0) AND (external_id = 'matched-merchant') LIMIT 1000 OFFSET 0
[TeaQL SQL][mutation][417us] 1 rows affected outcome=success batchOutcome=not_applicable comment= purpose= auditReason=matched benchmark update tracePath=[0:OPERATION:Merchant=mutation -> 1:ENTITY:Merchant= -> 2:PROVIDER:postgresql= -> 3:SQL:update=] mutationLineage=[0:AUDIT_REASON:Merchant#1=matched benchmark update]
SQL: -- TeaQL PLAIN
UPDATE merchant_data SET task_life_hours = 48 , version = 1007 WHERE id = 1 AND version = 1006
[TeaQL SQL][query][369us] 1 rows returned outcome=success batchOutcome=not_applicable comment=matched benchmark update purpose=runtime: read authoritative persisted mutation result auditReason=matched benchmark update tracePath=[0:OPERATION:Merchant=query -> 1:REQUEST:Merchant= -> 2:PROVIDER:postgresql= -> 3:SQL:select=] mutationLineage=[0:AUDIT_REASON:Merchant#1=matched benchmark update]
SQL: -- TeaQL PLAIN
SELECT * FROM merchant_data WHERE id = 1
[TeaQL SQL][query][517us] 1 rows returned outcome=success batchOutcome=not_applicable comment=matched merchant read with relation purpose=matched benchmark read auditReason= tracePath=[0:OPERATION:Merchant=query -> 1:REQUEST:Merchant= -> 2:PROVIDER:postgresql= -> 3:SQL:select=] mutationLineage=[]
SQL: -- TeaQL PLAIN
SELECT id, name, code, external_id AS externalId, task_life_hours AS taskLifeHours, version, platform FROM merchant_data WHERE (version > 0) AND (external_id = 'matched-merchant') LIMIT 1000 OFFSET 0
[TeaQL SQL][query][472us] 1 rows returned outcome=success batchOutcome=not_applicable comment=matched merchant read with relation purpose=matched benchmark read auditReason= tracePath=[0:OPERATION:Merchant=query -> 1:REQUEST:Merchant= -> 2:RELATION:platform=Merchant.platform -> 3:PROVIDER:postgresql= -> 4:SQL:select=] mutationLineage=[]
SQL: -- TeaQL PLAIN
SELECT id, create_time AS createTime, last_update_time AS lastUpdateTime, name, version FROM platform_data WHERE (version > 0) AND (id = 1) LIMIT 1 OFFSET 0
[TeaQL SQL][query][609us] 1 rows returned outcome=success batchOutcome=not_applicable comment=matched merchant read with relation purpose=matched benchmark read auditReason= tracePath=[0:OPERATION:Merchant=query -> 1:REQUEST:Merchant= -> 2:PROVIDER:postgresql= -> 3:SQL:select=] mutationLineage=[]
SQL: -- TeaQL PLAIN
SELECT id, name, code, external_id AS externalId, task_life_hours AS taskLifeHours, version, platform FROM merchant_data WHERE (version > 0) AND (external_id = 'matched-merchant') LIMIT 1000 OFFSET 0
[TeaQL SQL][query][458us] 1 rows returned outcome=success batchOutcome=not_applicable comment=matched merchant read with relation purpose=matched benchmark read auditReason= tracePath=[0:OPERATION:Merchant=query -> 1:REQUEST:Merchant= -> 2:RELATION:platform=Merchant.platform -> 3:PROVIDER:postgresql= -> 4:SQL:select=] mutationLineage=[]
SQL: -- TeaQL PLAIN
SELECT id, create_time AS createTime, last_update_time AS lastUpdateTime, name, version FROM platform_data WHERE (version > 0) AND (id = 1) LIMIT 1 OFFSET 0
[TeaQL SQL][query][2149us] 1 rows returned outcome=success batchOutcome=not_applicable comment=matched merchant read with relation purpose=matched benchmark read auditReason= tracePath=[0:OPERATION:Merchant=query -> 1:REQUEST:Merchant= -> 2:PROVIDER:postgresql= -> 3:SQL:select=] mutationLineage=[]
SQL: -- TeaQL PLAIN
SELECT id, name, code, external_id AS externalId, task_life_hours AS taskLifeHours, version, platform FROM merchant_data WHERE (version > 0) AND (external_id = 'matched-merchant') LIMIT 1000 OFFSET 0
[TeaQL SQL][query][1528us] 1 rows returned outcome=success batchOutcome=not_applicable comment=matched merchant read with relation purpose=matched benchmark read auditReason= tracePath=[0:OPERATION:Merchant=query -> 1:REQUEST:Merchant= -> 2:RELATION:platform=Merchant.platform -> 3:PROVIDER:postgresql= -> 4:SQL:select=] mutationLineage=[]
SQL: -- TeaQL PLAIN
SELECT id, create_time AS createTime, last_update_time AS lastUpdateTime, name, version FROM platform_data WHERE (version > 0) AND (id = 1) LIMIT 1 OFFSET 0
[TeaQL SQL][query][535us] 1 rows returned outcome=success batchOutcome=not_applicable comment=matched merchant read with relation purpose=matched benchmark read auditReason= tracePath=[0:OPERATION:Merchant=query -> 1:REQUEST:Merchant= -> 2:PROVIDER:postgresql= -> 3:SQL:select=] mutationLineage=[]
SQL: -- TeaQL PLAIN
SELECT id, name, code, external_id AS externalId, task_life_hours AS taskLifeHours, version, platform FROM merchant_data WHERE (version > 0) AND (external_id = 'matched-merchant') LIMIT 1000 OFFSET 0
[TeaQL SQL][query][462us] 1 rows returned outcome=success batchOutcome=not_applicable comment=matched merchant read with relation purpose=matched benchmark read auditReason= tracePath=[0:OPERATION:Merchant=query -> 1:REQUEST:Merchant= -> 2:RELATION:platform=Merchant.platform -> 3:PROVIDER:postgresql= -> 4:SQL:select=] mutationLineage=[]
SQL: -- TeaQL PLAIN
SELECT id, create_time AS createTime, last_update_time AS lastUpdateTime, name, version FROM platform_data WHERE (version > 0) AND (id = 1) LIMIT 1 OFFSET 0
[TeaQL SQL][query][308us] 1 rows returned outcome=success batchOutcome=not_applicable comment=matched merchant read with relation purpose=matched benchmark read auditReason= tracePath=[0:OPERATION:Merchant=query -> 1:REQUEST:Merchant= -> 2:PROVIDER:postgresql= -> 3:SQL:select=] mutationLineage=[]
SQL: -- TeaQL PLAIN
SELECT id, name, code, external_id AS externalId, task_life_hours AS taskLifeHours, version, platform FROM merchant_data WHERE (version > 0) AND (external_id = 'matched-merchant') LIMIT 1000 OFFSET 0
[TeaQL SQL][query][307us] 1 rows returned outcome=success batchOutcome=not_applicable comment=matched merchant read with relation purpose=matched benchmark read auditReason= tracePath=[0:OPERATION:Merchant=query -> 1:REQUEST:Merchant= -> 2:RELATION:platform=Merchant.platform -> 3:PROVIDER:postgresql= -> 4:SQL:select=] mutationLineage=[]
SQL: -- TeaQL PLAIN
SELECT id, create_time AS createTime, last_update_time AS lastUpdateTime, name, version FROM platform_data WHERE (version > 0) AND (id = 1) LIMIT 1 OFFSET 0
[TeaQL SQL][query][383us] 1 rows returned outcome=success batchOutcome=not_applicable comment=matched merchant read with relation purpose=matched benchmark read auditReason= tracePath=[0:OPERATION:Merchant=query -> 1:REQUEST:Merchant= -> 2:PROVIDER:postgresql= -> 3:SQL:select=] mutationLineage=[]
SQL: -- TeaQL PLAIN
SELECT id, name, code, external_id AS externalId, task_life_hours AS taskLifeHours, version, platform FROM merchant_data WHERE (version > 0) AND (external_id = 'matched-merchant') LIMIT 1000 OFFSET 0
[TeaQL SQL][query][392us] 1 rows returned outcome=success batchOutcome=not_applicable comment=matched merchant read with relation purpose=matched benchmark read auditReason= tracePath=[0:OPERATION:Merchant=query -> 1:REQUEST:Merchant= -> 2:RELATION:platform=Merchant.platform -> 3:PROVIDER:postgresql= -> 4:SQL:select=] mutationLineage=[]
SQL: -- TeaQL PLAIN
SELECT id, create_time AS createTime, last_update_time AS lastUpdateTime, name, version FROM platform_data WHERE (version > 0) AND (id = 1) LIMIT 1 OFFSET 0
[TeaQL SQL][query][659us] 1 rows returned outcome=success batchOutcome=not_applicable comment=matched merchant read with relation purpose=matched benchmark read auditReason= tracePath=[0:OPERATION:Merchant=query -> 1:REQUEST:Merchant= -> 2:PROVIDER:postgresql= -> 3:SQL:select=] mutationLineage=[]
SQL: -- TeaQL PLAIN
SELECT id, name, code, external_id AS externalId, task_life_hours AS taskLifeHours, version, platform FROM merchant_data WHERE (version > 0) AND (external_id = 'matched-merchant') LIMIT 1000 OFFSET 0
[TeaQL SQL][query][681us] 1 rows returned outcome=success batchOutcome=not_applicable comment=matched merchant read with relation purpose=matched benchmark read auditReason= tracePath=[0:OPERATION:Merchant=query -> 1:REQUEST:Merchant= -> 2:RELATION:platform=Merchant.platform -> 3:PROVIDER:postgresql= -> 4:SQL:select=] mutationLineage=[]
SQL: -- TeaQL PLAIN
SELECT id, create_time AS createTime, last_update_time AS lastUpdateTime, name, version FROM platform_data WHERE (version > 0) AND (id = 1) LIMIT 1 OFFSET 0
[TeaQL SQL][query][516us] 1 rows returned outcome=success batchOutcome=not_applicable comment=matched merchant read with relation purpose=matched benchmark read auditReason= tracePath=[0:OPERATION:Merchant=query -> 1:REQUEST:Merchant= -> 2:PROVIDER:postgresql= -> 3:SQL:select=] mutationLineage=[]
SQL: -- TeaQL PLAIN
SELECT id, name, code, external_id AS externalId, task_life_hours AS taskLifeHours, version, platform FROM merchant_data WHERE (version > 0) AND (external_id = 'matched-merchant') LIMIT 1000 OFFSET 0
[TeaQL SQL][query][358us] 1 rows returned outcome=success batchOutcome=not_applicable comment=matched merchant read with relation purpose=matched benchmark read auditReason= tracePath=[0:OPERATION:Merchant=query -> 1:REQUEST:Merchant= -> 2:RELATION:platform=Merchant.platform -> 3:PROVIDER:postgresql= -> 4:SQL:select=] mutationLineage=[]
SQL: -- TeaQL PLAIN
SELECT id, create_time AS createTime, last_update_time AS lastUpdateTime, name, version FROM platform_data WHERE (version > 0) AND (id = 1) LIMIT 1 OFFSET 0
[TeaQL SQL][query][289us] 1 rows returned outcome=success batchOutcome=not_applicable comment=matched merchant read with relation purpose=matched benchmark read auditReason= tracePath=[0:OPERATION:Merchant=query -> 1:REQUEST:Merchant= -> 2:PROVIDER:postgresql= -> 3:SQL:select=] mutationLineage=[]
SQL: -- TeaQL PLAIN
SELECT id, name, code, external_id AS externalId, task_life_hours AS taskLifeHours, version, platform FROM merchant_data WHERE (version > 0) AND (external_id = 'matched-merchant') LIMIT 1000 OFFSET 0
[TeaQL SQL][query][338us] 1 rows returned outcome=success batchOutcome=not_applicable comment=matched merchant read with relation purpose=matched benchmark read auditReason= tracePath=[0:OPERATION:Merchant=query -> 1:REQUEST:Merchant= -> 2:RELATION:platform=Merchant.platform -> 3:PROVIDER:postgresql= -> 4:SQL:select=] mutationLineage=[]
SQL: -- TeaQL PLAIN
SELECT id, create_time AS createTime, last_update_time AS lastUpdateTime, name, version FROM platform_data WHERE (version > 0) AND (id = 1) LIMIT 1 OFFSET 0
[TeaQL SQL][query][307us] 1 rows returned outcome=success batchOutcome=not_applicable comment=matched merchant read with relation purpose=matched benchmark read auditReason= tracePath=[0:OPERATION:Merchant=query -> 1:REQUEST:Merchant= -> 2:PROVIDER:postgresql= -> 3:SQL:select=] mutationLineage=[]
SQL: -- TeaQL PLAIN
SELECT id, name, code, external_id AS externalId, task_life_hours AS taskLifeHours, version, platform FROM merchant_data WHERE (version > 0) AND (external_id = 'matched-merchant') LIMIT 1000 OFFSET 0
[TeaQL SQL][query][340us] 1 rows returned outcome=success batchOutcome=not_applicable comment=matched merchant read with relation purpose=matched benchmark read auditReason= tracePath=[0:OPERATION:Merchant=query -> 1:REQUEST:Merchant= -> 2:RELATION:platform=Merchant.platform -> 3:PROVIDER:postgresql= -> 4:SQL:select=] mutationLineage=[]
SQL: -- TeaQL PLAIN
SELECT id, create_time AS createTime, last_update_time AS lastUpdateTime, name, version FROM platform_data WHERE (version > 0) AND (id = 1) LIMIT 1 OFFSET 0
[TeaQL SQL][query][379us] 1 rows returned outcome=success batchOutcome=not_applicable comment=matched merchant read with relation purpose=matched benchmark read auditReason= tracePath=[0:OPERATION:Merchant=query -> 1:REQUEST:Merchant= -> 2:PROVIDER:postgresql= -> 3:SQL:select=] mutationLineage=[]
SQL: -- TeaQL PLAIN
SELECT id, name, code, external_id AS externalId, task_life_hours AS taskLifeHours, version, platform FROM merchant_data WHERE (version > 0) AND (external_id = 'matched-merchant') LIMIT 1000 OFFSET 0
[TeaQL SQL][query][564us] 1 rows returned outcome=success batchOutcome=not_applicable comment=matched merchant read with relation purpose=matched benchmark read auditReason= tracePath=[0:OPERATION:Merchant=query -> 1:REQUEST:Merchant= -> 2:PROVIDER:postgresql= -> 3:SQL:select=] mutationLineage=[]
SQL: -- TeaQL PLAIN
SELECT id, name, code, external_id AS externalId, task_life_hours AS taskLifeHours, version, platform FROM merchant_data WHERE (version > 0) AND (external_id = 'matched-merchant') LIMIT 1000 OFFSET 0
[TeaQL SQL][query][291us] 1 rows returned outcome=success batchOutcome=not_applicable comment=matched merchant read with relation purpose=matched benchmark read auditReason= tracePath=[0:OPERATION:Merchant=query -> 1:REQUEST:Merchant= -> 2:RELATION:platform=Merchant.platform -> 3:PROVIDER:postgresql= -> 4:SQL:select=] mutationLineage=[]
SQL: -- TeaQL PLAIN
SELECT id, create_time AS createTime, last_update_time AS lastUpdateTime, name, version FROM platform_data WHERE (version > 0) AND (id = 1) LIMIT 1 OFFSET 0
[TeaQL SQL][query][506us] 1 rows returned outcome=success batchOutcome=not_applicable comment=matched merchant read with relation purpose=matched benchmark read auditReason= tracePath=[0:OPERATION:Merchant=query -> 1:REQUEST:Merchant= -> 2:RELATION:platform=Merchant.platform -> 3:PROVIDER:postgresql= -> 4:SQL:select=] mutationLineage=[]
SQL: -- TeaQL PLAIN
SELECT id, create_time AS createTime, last_update_time AS lastUpdateTime, name, version FROM platform_data WHERE (version > 0) AND (id = 1) LIMIT 1 OFFSET 0
[TeaQL SQL][query][293us] 1 rows returned outcome=success batchOutcome=not_applicable comment=matched merchant read with relation purpose=matched benchmark read auditReason= tracePath=[0:OPERATION:Merchant=query -> 1:REQUEST:Merchant= -> 2:PROVIDER:postgresql= -> 3:SQL:select=] mutationLineage=[]
SQL: -- TeaQL PLAIN
SELECT id, name, code, external_id AS externalId, task_life_hours AS taskLifeHours, version, platform FROM merchant_data WHERE (version > 0) AND (external_id = 'matched-merchant') LIMIT 1000 OFFSET 0
[TeaQL SQL][query][295us] 1 rows returned outcome=success batchOutcome=not_applicable comment=matched merchant read with relation purpose=matched benchmark read auditReason= tracePath=[0:OPERATION:Merchant=query -> 1:REQUEST:Merchant= -> 2:PROVIDER:postgresql= -> 3:SQL:select=] mutationLineage=[]
SQL: -- TeaQL PLAIN
SELECT id, name, code, external_id AS externalId, task_life_hours AS taskLifeHours, version, platform FROM merchant_data WHERE (version > 0) AND (external_id = 'matched-merchant') LIMIT 1000 OFFSET 0
[TeaQL SQL][query][521us] 1 rows returned outcome=success batchOutcome=not_applicable comment=matched merchant read with relation purpose=matched benchmark read auditReason= tracePath=[0:OPERATION:Merchant=query -> 1:REQUEST:Merchant= -> 2:RELATION:platform=Merchant.platform -> 3:PROVIDER:postgresql= -> 4:SQL:select=] mutationLineage=[]
SQL: -- TeaQL PLAIN
SELECT id, create_time AS createTime, last_update_time AS lastUpdateTime, name, version FROM platform_data WHERE (version > 0) AND (id = 1) LIMIT 1 OFFSET 0
[TeaQL SQL][query][255us] 1 rows returned outcome=success batchOutcome=not_applicable comment=matched merchant read with relation purpose=matched benchmark read auditReason= tracePath=[0:OPERATION:Merchant=query -> 1:REQUEST:Merchant= -> 2:RELATION:platform=Merchant.platform -> 3:PROVIDER:postgresql= -> 4:SQL:select=] mutationLineage=[]
SQL: -- TeaQL PLAIN
SELECT id, create_time AS createTime, last_update_time AS lastUpdateTime, name, version FROM platform_data WHERE (version > 0) AND (id = 1) LIMIT 1 OFFSET 0
[TeaQL SQL][query][546us] 1 rows returned outcome=success batchOutcome=not_applicable comment=matched merchant read with relation purpose=matched benchmark read auditReason= tracePath=[0:OPERATION:Merchant=query -> 1:REQUEST:Merchant= -> 2:PROVIDER:postgresql= -> 3:SQL:select=] mutationLineage=[]
SQL: -- TeaQL PLAIN
SELECT id, name, code, external_id AS externalId, task_life_hours AS taskLifeHours, version, platform FROM merchant_data WHERE (version > 0) AND (external_id = 'matched-merchant') LIMIT 1000 OFFSET 0
[TeaQL SQL][query][456us] 1 rows returned outcome=success batchOutcome=not_applicable comment=matched merchant read with relation purpose=matched benchmark read auditReason= tracePath=[0:OPERATION:Merchant=query -> 1:REQUEST:Merchant= -> 2:RELATION:platform=Merchant.platform -> 3:PROVIDER:postgresql= -> 4:SQL:select=] mutationLineage=[]
SQL: -- TeaQL PLAIN
SELECT id, create_time AS createTime, last_update_time AS lastUpdateTime, name, version FROM platform_data WHERE (version > 0) AND (id = 1) LIMIT 1 OFFSET 0
[TeaQL SQL][query][562us] 1 rows returned outcome=success batchOutcome=not_applicable comment=matched merchant read with relation purpose=matched benchmark read auditReason= tracePath=[0:OPERATION:Merchant=query -> 1:REQUEST:Merchant= -> 2:PROVIDER:postgresql= -> 3:SQL:select=] mutationLineage=[]
SQL: -- TeaQL PLAIN
SELECT id, name, code, external_id AS externalId, task_life_hours AS taskLifeHours, version, platform FROM merchant_data WHERE (version > 0) AND (external_id = 'matched-merchant') LIMIT 1000 OFFSET 0
[TeaQL SQL][query][803us] 1 rows returned outcome=success batchOutcome=not_applicable comment=matched merchant read with relation purpose=matched benchmark read auditReason= tracePath=[0:OPERATION:Merchant=query -> 1:REQUEST:Merchant= -> 2:RELATION:platform=Merchant.platform -> 3:PROVIDER:postgresql= -> 4:SQL:select=] mutationLineage=[]
SQL: -- TeaQL PLAIN
SELECT id, create_time AS createTime, last_update_time AS lastUpdateTime, name, version FROM platform_data WHERE (version > 0) AND (id = 1) LIMIT 1 OFFSET 0
[TeaQL SQL][query][613us] 1 rows returned outcome=success batchOutcome=not_applicable comment=matched merchant read with relation purpose=matched benchmark read auditReason= tracePath=[0:OPERATION:Merchant=query -> 1:REQUEST:Merchant= -> 2:PROVIDER:postgresql= -> 3:SQL:select=] mutationLineage=[]
SQL: -- TeaQL PLAIN
SELECT id, name, code, external_id AS externalId, task_life_hours AS taskLifeHours, version, platform FROM merchant_data WHERE (version > 0) AND (external_id = 'matched-merchant') LIMIT 1000 OFFSET 0
[TeaQL SQL][query][729us] 1 rows returned outcome=success batchOutcome=not_applicable comment=matched merchant read with relation purpose=matched benchmark read auditReason= tracePath=[0:OPERATION:Merchant=query -> 1:REQUEST:Merchant= -> 2:RELATION:platform=Merchant.platform -> 3:PROVIDER:postgresql= -> 4:SQL:select=] mutationLineage=[]
SQL: -- TeaQL PLAIN
SELECT id, create_time AS createTime, last_update_time AS lastUpdateTime, name, version FROM platform_data WHERE (version > 0) AND (id = 1) LIMIT 1 OFFSET 0
[TeaQL SQL][query][931us] 1 rows returned outcome=success batchOutcome=not_applicable comment=matched merchant read with relation purpose=matched benchmark read auditReason= tracePath=[0:OPERATION:Merchant=query -> 1:REQUEST:Merchant= -> 2:PROVIDER:postgresql= -> 3:SQL:select=] mutationLineage=[]
SQL: -- TeaQL PLAIN
SELECT id, name, code, external_id AS externalId, task_life_hours AS taskLifeHours, version, platform FROM merchant_data WHERE (version > 0) AND (external_id = 'matched-merchant') LIMIT 1000 OFFSET 0
[TeaQL SQL][query][356us] 1 rows returned outcome=success batchOutcome=not_applicable comment=matched merchant read with relation purpose=matched benchmark read auditReason= tracePath=[0:OPERATION:Merchant=query -> 1:REQUEST:Merchant= -> 2:RELATION:platform=Merchant.platform -> 3:PROVIDER:postgresql= -> 4:SQL:select=] mutationLineage=[]
SQL: -- TeaQL PLAIN
SELECT id, create_time AS createTime, last_update_time AS lastUpdateTime, name, version FROM platform_data WHERE (version > 0) AND (id = 1) LIMIT 1 OFFSET 0
[TeaQL SQL][query][441us] 1 rows returned outcome=success batchOutcome=not_applicable comment=matched merchant read with relation purpose=matched benchmark read auditReason= tracePath=[0:OPERATION:Merchant=query -> 1:REQUEST:Merchant= -> 2:PROVIDER:postgresql= -> 3:SQL:select=] mutationLineage=[]
SQL: -- TeaQL PLAIN
SELECT id, name, code, external_id AS externalId, task_life_hours AS taskLifeHours, version, platform FROM merchant_data WHERE (version > 0) AND (external_id = 'matched-merchant') LIMIT 1000 OFFSET 0
[TeaQL SQL][query][293us] 1 rows returned outcome=success batchOutcome=not_applicable comment=matched merchant read with relation purpose=matched benchmark read auditReason= tracePath=[0:OPERATION:Merchant=query -> 1:REQUEST:Merchant= -> 2:RELATION:platform=Merchant.platform -> 3:PROVIDER:postgresql= -> 4:SQL:select=] mutationLineage=[]
SQL: -- TeaQL PLAIN
SELECT id, create_time AS createTime, last_update_time AS lastUpdateTime, name, version FROM platform_data WHERE (version > 0) AND (id = 1) LIMIT 1 OFFSET 0
[TeaQL SQL][query][367us] 1 rows returned outcome=success batchOutcome=not_applicable comment=matched merchant read with relation purpose=matched benchmark read auditReason= tracePath=[0:OPERATION:Merchant=query -> 1:REQUEST:Merchant= -> 2:PROVIDER:postgresql= -> 3:SQL:select=] mutationLineage=[]
SQL: -- TeaQL PLAIN
SELECT id, name, code, external_id AS externalId, task_life_hours AS taskLifeHours, version, platform FROM merchant_data WHERE (version > 0) AND (external_id = 'matched-merchant') LIMIT 1000 OFFSET 0
[TeaQL SQL][query][328us] 1 rows returned outcome=success batchOutcome=not_applicable comment=matched merchant read with relation purpose=matched benchmark read auditReason= tracePath=[0:OPERATION:Merchant=query -> 1:REQUEST:Merchant= -> 2:RELATION:platform=Merchant.platform -> 3:PROVIDER:postgresql= -> 4:SQL:select=] mutationLineage=[]
SQL: -- TeaQL PLAIN
SELECT id, create_time AS createTime, last_update_time AS lastUpdateTime, name, version FROM platform_data WHERE (version > 0) AND (id = 1) LIMIT 1 OFFSET 0
[TeaQL SQL][query][441us] 1 rows returned outcome=success batchOutcome=not_applicable comment=matched merchant read with relation purpose=matched benchmark read auditReason= tracePath=[0:OPERATION:Merchant=query -> 1:REQUEST:Merchant= -> 2:PROVIDER:postgresql= -> 3:SQL:select=] mutationLineage=[]
SQL: -- TeaQL PLAIN
SELECT id, name, code, external_id AS externalId, task_life_hours AS taskLifeHours, version, platform FROM merchant_data WHERE (version > 0) AND (external_id = 'matched-merchant') LIMIT 1000 OFFSET 0
[TeaQL SQL][query][309us] 1 rows returned outcome=success batchOutcome=not_applicable comment=matched merchant read with relation purpose=matched benchmark read auditReason= tracePath=[0:OPERATION:Merchant=query -> 1:REQUEST:Merchant= -> 2:PROVIDER:postgresql= -> 3:SQL:select=] mutationLineage=[]
SQL: -- TeaQL PLAIN
SELECT id, name, code, external_id AS externalId, task_life_hours AS taskLifeHours, version, platform FROM merchant_data WHERE (version > 0) AND (external_id = 'matched-merchant') LIMIT 1000 OFFSET 0
[TeaQL SQL][query][411us] 1 rows returned outcome=success batchOutcome=not_applicable comment=matched merchant read with relation purpose=matched benchmark read auditReason= tracePath=[0:OPERATION:Merchant=query -> 1:REQUEST:Merchant= -> 2:RELATION:platform=Merchant.platform -> 3:PROVIDER:postgresql= -> 4:SQL:select=] mutationLineage=[]
SQL: -- TeaQL PLAIN
SELECT id, create_time AS createTime, last_update_time AS lastUpdateTime, name, version FROM platform_data WHERE (version > 0) AND (id = 1) LIMIT 1 OFFSET 0
[TeaQL SQL][query][297us] 1 rows returned outcome=success batchOutcome=not_applicable comment=matched merchant read with relation purpose=matched benchmark read auditReason= tracePath=[0:OPERATION:Merchant=query -> 1:REQUEST:Merchant= -> 2:RELATION:platform=Merchant.platform -> 3:PROVIDER:postgresql= -> 4:SQL:select=] mutationLineage=[]
SQL: -- TeaQL PLAIN
SELECT id, create_time AS createTime, last_update_time AS lastUpdateTime, name, version FROM platform_data WHERE (version > 0) AND (id = 1) LIMIT 1 OFFSET 0
[TeaQL SQL][query][587us] 1 rows returned outcome=success batchOutcome=not_applicable comment=matched merchant read with relation purpose=matched benchmark read auditReason= tracePath=[0:OPERATION:Merchant=query -> 1:REQUEST:Merchant= -> 2:PROVIDER:postgresql= -> 3:SQL:select=] mutationLineage=[]
SQL: -- TeaQL PLAIN
SELECT id, name, code, external_id AS externalId, task_life_hours AS taskLifeHours, version, platform FROM merchant_data WHERE (version > 0) AND (external_id = 'matched-merchant') LIMIT 1000 OFFSET 0
[TeaQL SQL][query][468us] 1 rows returned outcome=success batchOutcome=not_applicable comment=matched merchant read with relation purpose=matched benchmark read auditReason= tracePath=[0:OPERATION:Merchant=query -> 1:REQUEST:Merchant= -> 2:RELATION:platform=Merchant.platform -> 3:PROVIDER:postgresql= -> 4:SQL:select=] mutationLineage=[]
SQL: -- TeaQL PLAIN
SELECT id, create_time AS createTime, last_update_time AS lastUpdateTime, name, version FROM platform_data WHERE (version > 0) AND (id = 1) LIMIT 1 OFFSET 0
[TeaQL SQL][query][649us] 1 rows returned outcome=success batchOutcome=not_applicable comment=matched merchant read with relation purpose=matched benchmark read auditReason= tracePath=[0:OPERATION:Merchant=query -> 1:REQUEST:Merchant= -> 2:PROVIDER:postgresql= -> 3:SQL:select=] mutationLineage=[]
SQL: -- TeaQL PLAIN
SELECT id, name, code, external_id AS externalId, task_life_hours AS taskLifeHours, version, platform FROM merchant_data WHERE (version > 0) AND (external_id = 'matched-merchant') LIMIT 1000 OFFSET 0
[TeaQL SQL][query][499us] 1 rows returned outcome=success batchOutcome=not_applicable comment=matched merchant read with relation purpose=matched benchmark read auditReason= tracePath=[0:OPERATION:Merchant=query -> 1:REQUEST:Merchant= -> 2:PROVIDER:postgresql= -> 3:SQL:select=] mutationLineage=[]
SQL: -- TeaQL PLAIN
SELECT id, name, code, external_id AS externalId, task_life_hours AS taskLifeHours, version, platform FROM merchant_data WHERE (version > 0) AND (external_id = 'matched-merchant') LIMIT 1000 OFFSET 0
[TeaQL SQL][query][477us] 1 rows returned outcome=success batchOutcome=not_applicable comment=matched merchant read with relation purpose=matched benchmark read auditReason= tracePath=[0:OPERATION:Merchant=query -> 1:REQUEST:Merchant= -> 2:RELATION:platform=Merchant.platform -> 3:PROVIDER:postgresql= -> 4:SQL:select=] mutationLineage=[]
SQL: -- TeaQL PLAIN
SELECT id, create_time AS createTime, last_update_time AS lastUpdateTime, name, version FROM platform_data WHERE (version > 0) AND (id = 1) LIMIT 1 OFFSET 0
[TeaQL SQL][query][377us] 1 rows returned outcome=success batchOutcome=not_applicable comment=matched merchant read with relation purpose=matched benchmark read auditReason= tracePath=[0:OPERATION:Merchant=query -> 1:REQUEST:Merchant= -> 2:RELATION:platform=Merchant.platform -> 3:PROVIDER:postgresql= -> 4:SQL:select=] mutationLineage=[]
SQL: -- TeaQL PLAIN
SELECT id, create_time AS createTime, last_update_time AS lastUpdateTime, name, version FROM platform_data WHERE (version > 0) AND (id = 1) LIMIT 1 OFFSET 0
[TeaQL SQL][query][371us] 1 rows returned outcome=success batchOutcome=not_applicable comment=matched merchant read with relation purpose=matched benchmark read auditReason= tracePath=[0:OPERATION:Merchant=query -> 1:REQUEST:Merchant= -> 2:PROVIDER:postgresql= -> 3:SQL:select=] mutationLineage=[]
SQL: -- TeaQL PLAIN
SELECT id, name, code, external_id AS externalId, task_life_hours AS taskLifeHours, version, platform FROM merchant_data WHERE (version > 0) AND (external_id = 'matched-merchant') LIMIT 1000 OFFSET 0
[TeaQL SQL][query][276us] 1 rows returned outcome=success batchOutcome=not_applicable comment=matched merchant read with relation purpose=matched benchmark read auditReason= tracePath=[0:OPERATION:Merchant=query -> 1:REQUEST:Merchant= -> 2:RELATION:platform=Merchant.platform -> 3:PROVIDER:postgresql= -> 4:SQL:select=] mutationLineage=[]
SQL: -- TeaQL PLAIN
SELECT id, create_time AS createTime, last_update_time AS lastUpdateTime, name, version FROM platform_data WHERE (version > 0) AND (id = 1) LIMIT 1 OFFSET 0
[TeaQL SQL][query][333us] 1 rows returned outcome=success batchOutcome=not_applicable comment=matched merchant read with relation purpose=matched benchmark read auditReason= tracePath=[0:OPERATION:Merchant=query -> 1:REQUEST:Merchant= -> 2:PROVIDER:postgresql= -> 3:SQL:select=] mutationLineage=[]
SQL: -- TeaQL PLAIN
SELECT id, name, code, external_id AS externalId, task_life_hours AS taskLifeHours, version, platform FROM merchant_data WHERE (version > 0) AND (external_id = 'matched-merchant') LIMIT 1000 OFFSET 0
[TeaQL SQL][query][344us] 1 rows returned outcome=success batchOutcome=not_applicable comment=matched merchant read with relation purpose=matched benchmark read auditReason= tracePath=[0:OPERATION:Merchant=query -> 1:REQUEST:Merchant= -> 2:RELATION:platform=Merchant.platform -> 3:PROVIDER:postgresql= -> 4:SQL:select=] mutationLineage=[]
SQL: -- TeaQL PLAIN
SELECT id, create_time AS createTime, last_update_time AS lastUpdateTime, name, version FROM platform_data WHERE (version > 0) AND (id = 1) LIMIT 1 OFFSET 0
[TeaQL SQL][query][980us] 1 rows returned outcome=success batchOutcome=not_applicable comment=matched merchant read with relation purpose=matched benchmark read auditReason= tracePath=[0:OPERATION:Merchant=query -> 1:REQUEST:Merchant= -> 2:PROVIDER:postgresql= -> 3:SQL:select=] mutationLineage=[]
SQL: -- TeaQL PLAIN
SELECT id, name, code, external_id AS externalId, task_life_hours AS taskLifeHours, version, platform FROM merchant_data WHERE (version > 0) AND (external_id = 'matched-merchant') LIMIT 1000 OFFSET 0
[TeaQL SQL][query][319us] 1 rows returned outcome=success batchOutcome=not_applicable comment=matched merchant read with relation purpose=matched benchmark read auditReason= tracePath=[0:OPERATION:Merchant=query -> 1:REQUEST:Merchant= -> 2:PROVIDER:postgresql= -> 3:SQL:select=] mutationLineage=[]
SQL: -- TeaQL PLAIN
SELECT id, name, code, external_id AS externalId, task_life_hours AS taskLifeHours, version, platform FROM merchant_data WHERE (version > 0) AND (external_id = 'matched-merchant') LIMIT 1000 OFFSET 0
[TeaQL SQL][query][1117us] 1 rows returned outcome=success batchOutcome=not_applicable comment=matched merchant read with relation purpose=matched benchmark read auditReason= tracePath=[0:OPERATION:Merchant=query -> 1:REQUEST:Merchant= -> 2:PROVIDER:postgresql= -> 3:SQL:select=] mutationLineage=[]
SQL: -- TeaQL PLAIN
SELECT id, name, code, external_id AS externalId, task_life_hours AS taskLifeHours, version, platform FROM merchant_data WHERE (version > 0) AND (external_id = 'matched-merchant') LIMIT 1000 OFFSET 0
[TeaQL SQL][query][298us] 1 rows returned outcome=success batchOutcome=not_applicable comment=matched merchant read with relation purpose=matched benchmark read auditReason= tracePath=[0:OPERATION:Merchant=query -> 1:REQUEST:Merchant= -> 2:PROVIDER:postgresql= -> 3:SQL:select=] mutationLineage=[]
SQL: -- TeaQL PLAIN
SELECT id, name, code, external_id AS externalId, task_life_hours AS taskLifeHours, version, platform FROM merchant_data WHERE (version > 0) AND (external_id = 'matched-merchant') LIMIT 1000 OFFSET 0
[TeaQL SQL][query][637us] 1 rows returned outcome=success batchOutcome=not_applicable comment=matched merchant read with relation purpose=matched benchmark read auditReason= tracePath=[0:OPERATION:Merchant=query -> 1:REQUEST:Merchant= -> 2:RELATION:platform=Merchant.platform -> 3:PROVIDER:postgresql= -> 4:SQL:select=] mutationLineage=[]
SQL: -- TeaQL PLAIN
SELECT id, create_time AS createTime, last_update_time AS lastUpdateTime, name, version FROM platform_data WHERE (version > 0) AND (id = 1) LIMIT 1 OFFSET 0
[TeaQL SQL][query][917us] 1 rows returned outcome=success batchOutcome=not_applicable comment=matched merchant read with relation purpose=matched benchmark read auditReason= tracePath=[0:OPERATION:Merchant=query -> 1:REQUEST:Merchant= -> 2:RELATION:platform=Merchant.platform -> 3:PROVIDER:postgresql= -> 4:SQL:select=] mutationLineage=[]
SQL: -- TeaQL PLAIN
SELECT id, create_time AS createTime, last_update_time AS lastUpdateTime, name, version FROM platform_data WHERE (version > 0) AND (id = 1) LIMIT 1 OFFSET 0
[TeaQL SQL][query][1514us] 1 rows returned outcome=success batchOutcome=not_applicable comment=matched merchant read with relation purpose=matched benchmark read auditReason= tracePath=[0:OPERATION:Merchant=query -> 1:REQUEST:Merchant= -> 2:RELATION:platform=Merchant.platform -> 3:PROVIDER:postgresql= -> 4:SQL:select=] mutationLineage=[]
SQL: -- TeaQL PLAIN
SELECT id, create_time AS createTime, last_update_time AS lastUpdateTime, name, version FROM platform_data WHERE (version > 0) AND (id = 1) LIMIT 1 OFFSET 0
[TeaQL SQL][query][388us] 1 rows returned outcome=success batchOutcome=not_applicable comment=matched merchant read with relation purpose=matched benchmark read auditReason= tracePath=[0:OPERATION:Merchant=query -> 1:REQUEST:Merchant= -> 2:RELATION:platform=Merchant.platform -> 3:PROVIDER:postgresql= -> 4:SQL:select=] mutationLineage=[]
SQL: -- TeaQL PLAIN
SELECT id, create_time AS createTime, last_update_time AS lastUpdateTime, name, version FROM platform_data WHERE (version > 0) AND (id = 1) LIMIT 1 OFFSET 0
[TeaQL SQL][query][751us] 1 rows returned outcome=success batchOutcome=not_applicable comment=matched merchant read with relation purpose=matched benchmark read auditReason= tracePath=[0:OPERATION:Merchant=query -> 1:REQUEST:Merchant= -> 2:PROVIDER:postgresql= -> 3:SQL:select=] mutationLineage=[]
SQL: -- TeaQL PLAIN
SELECT id, name, code, external_id AS externalId, task_life_hours AS taskLifeHours, version, platform FROM merchant_data WHERE (version > 0) AND (external_id = 'matched-merchant') LIMIT 1000 OFFSET 0
[TeaQL SQL][query][748us] 1 rows returned outcome=success batchOutcome=not_applicable comment=matched merchant read with relation purpose=matched benchmark read auditReason= tracePath=[0:OPERATION:Merchant=query -> 1:REQUEST:Merchant= -> 2:PROVIDER:postgresql= -> 3:SQL:select=] mutationLineage=[]
SQL: -- TeaQL PLAIN
SELECT id, name, code, external_id AS externalId, task_life_hours AS taskLifeHours, version, platform FROM merchant_data WHERE (version > 0) AND (external_id = 'matched-merchant') LIMIT 1000 OFFSET 0
[TeaQL SQL][query][379us] 1 rows returned outcome=success batchOutcome=not_applicable comment=matched merchant read with relation purpose=matched benchmark read auditReason= tracePath=[0:OPERATION:Merchant=query -> 1:REQUEST:Merchant= -> 2:RELATION:platform=Merchant.platform -> 3:PROVIDER:postgresql= -> 4:SQL:select=] mutationLineage=[]
SQL: -- TeaQL PLAIN
SELECT id, create_time AS createTime, last_update_time AS lastUpdateTime, name, version FROM platform_data WHERE (version > 0) AND (id = 1) LIMIT 1 OFFSET 0
[TeaQL SQL][query][382us] 1 rows returned outcome=success batchOutcome=not_applicable comment=matched merchant read with relation purpose=matched benchmark read auditReason= tracePath=[0:OPERATION:Merchant=query -> 1:REQUEST:Merchant= -> 2:RELATION:platform=Merchant.platform -> 3:PROVIDER:postgresql= -> 4:SQL:select=] mutationLineage=[]
SQL: -- TeaQL PLAIN
SELECT id, create_time AS createTime, last_update_time AS lastUpdateTime, name, version FROM platform_data WHERE (version > 0) AND (id = 1) LIMIT 1 OFFSET 0
[TeaQL SQL][query][1097us] 1 rows returned outcome=success batchOutcome=not_applicable comment=matched merchant read with relation purpose=matched benchmark read auditReason= tracePath=[0:OPERATION:Merchant=query -> 1:REQUEST:Merchant= -> 2:PROVIDER:postgresql= -> 3:SQL:select=] mutationLineage=[]
SQL: -- TeaQL PLAIN
SELECT id, name, code, external_id AS externalId, task_life_hours AS taskLifeHours, version, platform FROM merchant_data WHERE (version > 0) AND (external_id = 'matched-merchant') LIMIT 1000 OFFSET 0
[TeaQL SQL][query][429us] 1 rows returned outcome=success batchOutcome=not_applicable comment=matched merchant read with relation purpose=matched benchmark read auditReason= tracePath=[0:OPERATION:Merchant=query -> 1:REQUEST:Merchant= -> 2:RELATION:platform=Merchant.platform -> 3:PROVIDER:postgresql= -> 4:SQL:select=] mutationLineage=[]
SQL: -- TeaQL PLAIN
SELECT id, create_time AS createTime, last_update_time AS lastUpdateTime, name, version FROM platform_data WHERE (version > 0) AND (id = 1) LIMIT 1 OFFSET 0
[TeaQL SQL][query][469us] 1 rows returned outcome=success batchOutcome=not_applicable comment=matched merchant read with relation purpose=matched benchmark read auditReason= tracePath=[0:OPERATION:Merchant=query -> 1:REQUEST:Merchant= -> 2:PROVIDER:postgresql= -> 3:SQL:select=] mutationLineage=[]
SQL: -- TeaQL PLAIN
SELECT id, name, code, external_id AS externalId, task_life_hours AS taskLifeHours, version, platform FROM merchant_data WHERE (version > 0) AND (external_id = 'matched-merchant') LIMIT 1000 OFFSET 0
[TeaQL SQL][query][317us] 1 rows returned outcome=success batchOutcome=not_applicable comment=matched merchant read with relation purpose=matched benchmark read auditReason= tracePath=[0:OPERATION:Merchant=query -> 1:REQUEST:Merchant= -> 2:RELATION:platform=Merchant.platform -> 3:PROVIDER:postgresql= -> 4:SQL:select=] mutationLineage=[]
SQL: -- TeaQL PLAIN
SELECT id, create_time AS createTime, last_update_time AS lastUpdateTime, name, version FROM platform_data WHERE (version > 0) AND (id = 1) LIMIT 1 OFFSET 0
[TeaQL SQL][query][353us] 1 rows returned outcome=success batchOutcome=not_applicable comment=matched merchant read with relation purpose=matched benchmark read auditReason= tracePath=[0:OPERATION:Merchant=query -> 1:REQUEST:Merchant= -> 2:PROVIDER:postgresql= -> 3:SQL:select=] mutationLineage=[]
SQL: -- TeaQL PLAIN
SELECT id, name, code, external_id AS externalId, task_life_hours AS taskLifeHours, version, platform FROM merchant_data WHERE (version > 0) AND (external_id = 'matched-merchant') LIMIT 1000 OFFSET 0
[TeaQL SQL][query][299us] 1 rows returned outcome=success batchOutcome=not_applicable comment=matched merchant read with relation purpose=matched benchmark read auditReason= tracePath=[0:OPERATION:Merchant=query -> 1:REQUEST:Merchant= -> 2:RELATION:platform=Merchant.platform -> 3:PROVIDER:postgresql= -> 4:SQL:select=] mutationLineage=[]
SQL: -- TeaQL PLAIN
SELECT id, create_time AS createTime, last_update_time AS lastUpdateTime, name, version FROM platform_data WHERE (version > 0) AND (id = 1) LIMIT 1 OFFSET 0
[TeaQL SQL][query][297us] 1 rows returned outcome=success batchOutcome=not_applicable comment=matched merchant read with relation purpose=matched benchmark read auditReason= tracePath=[0:OPERATION:Merchant=query -> 1:REQUEST:Merchant= -> 2:PROVIDER:postgresql= -> 3:SQL:select=] mutationLineage=[]
SQL: -- TeaQL PLAIN
SELECT id, name, code, external_id AS externalId, task_life_hours AS taskLifeHours, version, platform FROM merchant_data WHERE (version > 0) AND (external_id = 'matched-merchant') LIMIT 1000 OFFSET 0
[TeaQL SQL][query][439us] 1 rows returned outcome=success batchOutcome=not_applicable comment=matched merchant read with relation purpose=matched benchmark read auditReason= tracePath=[0:OPERATION:Merchant=query -> 1:REQUEST:Merchant= -> 2:RELATION:platform=Merchant.platform -> 3:PROVIDER:postgresql= -> 4:SQL:select=] mutationLineage=[]
SQL: -- TeaQL PLAIN
SELECT id, create_time AS createTime, last_update_time AS lastUpdateTime, name, version FROM platform_data WHERE (version > 0) AND (id = 1) LIMIT 1 OFFSET 0
[TeaQL SQL][query][527us] 1 rows returned outcome=success batchOutcome=not_applicable comment=matched merchant read with relation purpose=matched benchmark read auditReason= tracePath=[0:OPERATION:Merchant=query -> 1:REQUEST:Merchant= -> 2:PROVIDER:postgresql= -> 3:SQL:select=] mutationLineage=[]
SQL: -- TeaQL PLAIN
SELECT id, name, code, external_id AS externalId, task_life_hours AS taskLifeHours, version, platform FROM merchant_data WHERE (version > 0) AND (external_id = 'matched-merchant') LIMIT 1000 OFFSET 0
[TeaQL SQL][query][883us] 1 rows returned outcome=success batchOutcome=not_applicable comment=matched merchant read with relation purpose=matched benchmark read auditReason= tracePath=[0:OPERATION:Merchant=query -> 1:REQUEST:Merchant= -> 2:PROVIDER:postgresql= -> 3:SQL:select=] mutationLineage=[]
SQL: -- TeaQL PLAIN
SELECT id, name, code, external_id AS externalId, task_life_hours AS taskLifeHours, version, platform FROM merchant_data WHERE (version > 0) AND (external_id = 'matched-merchant') LIMIT 1000 OFFSET 0
[TeaQL SQL][query][374us] 1 rows returned outcome=success batchOutcome=not_applicable comment=matched merchant read with relation purpose=matched benchmark read auditReason= tracePath=[0:OPERATION:Merchant=query -> 1:REQUEST:Merchant= -> 2:RELATION:platform=Merchant.platform -> 3:PROVIDER:postgresql= -> 4:SQL:select=] mutationLineage=[]
SQL: -- TeaQL PLAIN
SELECT id, create_time AS createTime, last_update_time AS lastUpdateTime, name, version FROM platform_data WHERE (version > 0) AND (id = 1) LIMIT 1 OFFSET 0
[TeaQL SQL][query][516us] 1 rows returned outcome=success batchOutcome=not_applicable comment=matched merchant read with relation purpose=matched benchmark read auditReason= tracePath=[0:OPERATION:Merchant=query -> 1:REQUEST:Merchant= -> 2:RELATION:platform=Merchant.platform -> 3:PROVIDER:postgresql= -> 4:SQL:select=] mutationLineage=[]
SQL: -- TeaQL PLAIN
SELECT id, create_time AS createTime, last_update_time AS lastUpdateTime, name, version FROM platform_data WHERE (version > 0) AND (id = 1) LIMIT 1 OFFSET 0
[TeaQL SQL][query][335us] 1 rows returned outcome=success batchOutcome=not_applicable comment=matched merchant read with relation purpose=matched benchmark read auditReason= tracePath=[0:OPERATION:Merchant=query -> 1:REQUEST:Merchant= -> 2:PROVIDER:postgresql= -> 3:SQL:select=] mutationLineage=[]
SQL: -- TeaQL PLAIN
SELECT id, name, code, external_id AS externalId, task_life_hours AS taskLifeHours, version, platform FROM merchant_data WHERE (version > 0) AND (external_id = 'matched-merchant') LIMIT 1000 OFFSET 0
[TeaQL SQL][query][271us] 1 rows returned outcome=success batchOutcome=not_applicable comment=matched merchant read with relation purpose=matched benchmark read auditReason= tracePath=[0:OPERATION:Merchant=query -> 1:REQUEST:Merchant= -> 2:RELATION:platform=Merchant.platform -> 3:PROVIDER:postgresql= -> 4:SQL:select=] mutationLineage=[]
SQL: -- TeaQL PLAIN
SELECT id, create_time AS createTime, last_update_time AS lastUpdateTime, name, version FROM platform_data WHERE (version > 0) AND (id = 1) LIMIT 1 OFFSET 0
[TeaQL SQL][query][352us] 1 rows returned outcome=success batchOutcome=not_applicable comment=matched merchant read with relation purpose=matched benchmark read auditReason= tracePath=[0:OPERATION:Merchant=query -> 1:REQUEST:Merchant= -> 2:PROVIDER:postgresql= -> 3:SQL:select=] mutationLineage=[]
SQL: -- TeaQL PLAIN
SELECT id, name, code, external_id AS externalId, task_life_hours AS taskLifeHours, version, platform FROM merchant_data WHERE (version > 0) AND (external_id = 'matched-merchant') LIMIT 1000 OFFSET 0
[TeaQL SQL][query][318us] 1 rows returned outcome=success batchOutcome=not_applicable comment=matched merchant read with relation purpose=matched benchmark read auditReason= tracePath=[0:OPERATION:Merchant=query -> 1:REQUEST:Merchant= -> 2:RELATION:platform=Merchant.platform -> 3:PROVIDER:postgresql= -> 4:SQL:select=] mutationLineage=[]
SQL: -- TeaQL PLAIN
SELECT id, create_time AS createTime, last_update_time AS lastUpdateTime, name, version FROM platform_data WHERE (version > 0) AND (id = 1) LIMIT 1 OFFSET 0
[TeaQL SQL][query][340us] 1 rows returned outcome=success batchOutcome=not_applicable comment=matched merchant read with relation purpose=matched benchmark read auditReason= tracePath=[0:OPERATION:Merchant=query -> 1:REQUEST:Merchant= -> 2:PROVIDER:postgresql= -> 3:SQL:select=] mutationLineage=[]
SQL: -- TeaQL PLAIN
SELECT id, name, code, external_id AS externalId, task_life_hours AS taskLifeHours, version, platform FROM merchant_data WHERE (version > 0) AND (external_id = 'matched-merchant') LIMIT 1000 OFFSET 0
[TeaQL SQL][query][303us] 1 rows returned outcome=success batchOutcome=not_applicable comment=matched merchant read with relation purpose=matched benchmark read auditReason= tracePath=[0:OPERATION:Merchant=query -> 1:REQUEST:Merchant= -> 2:RELATION:platform=Merchant.platform -> 3:PROVIDER:postgresql= -> 4:SQL:select=] mutationLineage=[]
SQL: -- TeaQL PLAIN
SELECT id, create_time AS createTime, last_update_time AS lastUpdateTime, name, version FROM platform_data WHERE (version > 0) AND (id = 1) LIMIT 1 OFFSET 0
[TeaQL SQL][query][796us] 1 rows returned outcome=success batchOutcome=not_applicable comment=matched merchant read with relation purpose=matched benchmark read auditReason= tracePath=[0:OPERATION:Merchant=query -> 1:REQUEST:Merchant= -> 2:PROVIDER:postgresql= -> 3:SQL:select=] mutationLineage=[]
SQL: -- TeaQL PLAIN
SELECT id, name, code, external_id AS externalId, task_life_hours AS taskLifeHours, version, platform FROM merchant_data WHERE (version > 0) AND (external_id = 'matched-merchant') LIMIT 1000 OFFSET 0
[TeaQL SQL][query][378us] 1 rows returned outcome=success batchOutcome=not_applicable comment=matched merchant read with relation purpose=matched benchmark read auditReason= tracePath=[0:OPERATION:Merchant=query -> 1:REQUEST:Merchant= -> 2:PROVIDER:postgresql= -> 3:SQL:select=] mutationLineage=[]
SQL: -- TeaQL PLAIN
SELECT id, name, code, external_id AS externalId, task_life_hours AS taskLifeHours, version, platform FROM merchant_data WHERE (version > 0) AND (external_id = 'matched-merchant') LIMIT 1000 OFFSET 0
[TeaQL SQL][query][295us] 1 rows returned outcome=success batchOutcome=not_applicable comment=matched merchant read with relation purpose=matched benchmark read auditReason= tracePath=[0:OPERATION:Merchant=query -> 1:REQUEST:Merchant= -> 2:RELATION:platform=Merchant.platform -> 3:PROVIDER:postgresql= -> 4:SQL:select=] mutationLineage=[]
SQL: -- TeaQL PLAIN
SELECT id, create_time AS createTime, last_update_time AS lastUpdateTime, name, version FROM platform_data WHERE (version > 0) AND (id = 1) LIMIT 1 OFFSET 0
[TeaQL SQL][query][716us] 1 rows returned outcome=success batchOutcome=not_applicable comment=matched merchant read with relation purpose=matched benchmark read auditReason= tracePath=[0:OPERATION:Merchant=query -> 1:REQUEST:Merchant= -> 2:RELATION:platform=Merchant.platform -> 3:PROVIDER:postgresql= -> 4:SQL:select=] mutationLineage=[]
SQL: -- TeaQL PLAIN
SELECT id, create_time AS createTime, last_update_time AS lastUpdateTime, name, version FROM platform_data WHERE (version > 0) AND (id = 1) LIMIT 1 OFFSET 0
[TeaQL SQL][query][342us] 1 rows returned outcome=success batchOutcome=not_applicable comment=matched merchant read with relation purpose=matched benchmark read auditReason= tracePath=[0:OPERATION:Merchant=query -> 1:REQUEST:Merchant= -> 2:PROVIDER:postgresql= -> 3:SQL:select=] mutationLineage=[]
SQL: -- TeaQL PLAIN
SELECT id, name, code, external_id AS externalId, task_life_hours AS taskLifeHours, version, platform FROM merchant_data WHERE (version > 0) AND (external_id = 'matched-merchant') LIMIT 1000 OFFSET 0
[TeaQL SQL][query][253us] 1 rows returned outcome=success batchOutcome=not_applicable comment=matched merchant read with relation purpose=matched benchmark read auditReason= tracePath=[0:OPERATION:Merchant=query -> 1:REQUEST:Merchant= -> 2:RELATION:platform=Merchant.platform -> 3:PROVIDER:postgresql= -> 4:SQL:select=] mutationLineage=[]
SQL: -- TeaQL PLAIN
SELECT id, create_time AS createTime, last_update_time AS lastUpdateTime, name, version FROM platform_data WHERE (version > 0) AND (id = 1) LIMIT 1 OFFSET 0
[TeaQL SQL][query][269us] 1 rows returned outcome=success batchOutcome=not_applicable comment=matched merchant read with relation purpose=matched benchmark read auditReason= tracePath=[0:OPERATION:Merchant=query -> 1:REQUEST:Merchant= -> 2:PROVIDER:postgresql= -> 3:SQL:select=] mutationLineage=[]
SQL: -- TeaQL PLAIN
SELECT id, name, code, external_id AS externalId, task_life_hours AS taskLifeHours, version, platform FROM merchant_data WHERE (version > 0) AND (external_id = 'matched-merchant') LIMIT 1000 OFFSET 0
[TeaQL SQL][query][256us] 1 rows returned outcome=success batchOutcome=not_applicable comment=matched merchant read with relation purpose=matched benchmark read auditReason= tracePath=[0:OPERATION:Merchant=query -> 1:REQUEST:Merchant= -> 2:RELATION:platform=Merchant.platform -> 3:PROVIDER:postgresql= -> 4:SQL:select=] mutationLineage=[]
SQL: -- TeaQL PLAIN
SELECT id, create_time AS createTime, last_update_time AS lastUpdateTime, name, version FROM platform_data WHERE (version > 0) AND (id = 1) LIMIT 1 OFFSET 0
[TeaQL SQL][query][301us] 1 rows returned outcome=success batchOutcome=not_applicable comment=matched merchant read with relation purpose=matched benchmark read auditReason= tracePath=[0:OPERATION:Merchant=query -> 1:REQUEST:Merchant= -> 2:PROVIDER:postgresql= -> 3:SQL:select=] mutationLineage=[]
SQL: -- TeaQL PLAIN
SELECT id, name, code, external_id AS externalId, task_life_hours AS taskLifeHours, version, platform FROM merchant_data WHERE (version > 0) AND (external_id = 'matched-merchant') LIMIT 1000 OFFSET 0
[TeaQL SQL][query][296us] 1 rows returned outcome=success batchOutcome=not_applicable comment=matched merchant read with relation purpose=matched benchmark read auditReason= tracePath=[0:OPERATION:Merchant=query -> 1:REQUEST:Merchant= -> 2:RELATION:platform=Merchant.platform -> 3:PROVIDER:postgresql= -> 4:SQL:select=] mutationLineage=[]
SQL: -- TeaQL PLAIN
SELECT id, create_time AS createTime, last_update_time AS lastUpdateTime, name, version FROM platform_data WHERE (version > 0) AND (id = 1) LIMIT 1 OFFSET 0
[TeaQL SQL][query][744us] 1 rows returned outcome=success batchOutcome=not_applicable comment=matched merchant read with relation purpose=matched benchmark read auditReason= tracePath=[0:OPERATION:Merchant=query -> 1:REQUEST:Merchant= -> 2:PROVIDER:postgresql= -> 3:SQL:select=] mutationLineage=[]
SQL: -- TeaQL PLAIN
SELECT id, name, code, external_id AS externalId, task_life_hours AS taskLifeHours, version, platform FROM merchant_data WHERE (version > 0) AND (external_id = 'matched-merchant') LIMIT 1000 OFFSET 0
[TeaQL SQL][query][338us] 1 rows returned outcome=success batchOutcome=not_applicable comment=matched merchant read with relation purpose=matched benchmark read auditReason= tracePath=[0:OPERATION:Merchant=query -> 1:REQUEST:Merchant= -> 2:PROVIDER:postgresql= -> 3:SQL:select=] mutationLineage=[]
SQL: -- TeaQL PLAIN
SELECT id, name, code, external_id AS externalId, task_life_hours AS taskLifeHours, version, platform FROM merchant_data WHERE (version > 0) AND (external_id = 'matched-merchant') LIMIT 1000 OFFSET 0
[TeaQL SQL][query][758us] 1 rows returned outcome=success batchOutcome=not_applicable comment=matched merchant read with relation purpose=matched benchmark read auditReason= tracePath=[0:OPERATION:Merchant=query -> 1:REQUEST:Merchant= -> 2:RELATION:platform=Merchant.platform -> 3:PROVIDER:postgresql= -> 4:SQL:select=] mutationLineage=[]
SQL: -- TeaQL PLAIN
SELECT id, create_time AS createTime, last_update_time AS lastUpdateTime, name, version FROM platform_data WHERE (version > 0) AND (id = 1) LIMIT 1 OFFSET 0
[TeaQL SQL][query][311us] 1 rows returned outcome=success batchOutcome=not_applicable comment=matched merchant read with relation purpose=matched benchmark read auditReason= tracePath=[0:OPERATION:Merchant=query -> 1:REQUEST:Merchant= -> 2:RELATION:platform=Merchant.platform -> 3:PROVIDER:postgresql= -> 4:SQL:select=] mutationLineage=[]
SQL: -- TeaQL PLAIN
SELECT id, create_time AS createTime, last_update_time AS lastUpdateTime, name, version FROM platform_data WHERE (version > 0) AND (id = 1) LIMIT 1 OFFSET 0
[TeaQL SQL][query][377us] 1 rows returned outcome=success batchOutcome=not_applicable comment=matched merchant read with relation purpose=matched benchmark read auditReason= tracePath=[0:OPERATION:Merchant=query -> 1:REQUEST:Merchant= -> 2:PROVIDER:postgresql= -> 3:SQL:select=] mutationLineage=[]
SQL: -- TeaQL PLAIN
SELECT id, name, code, external_id AS externalId, task_life_hours AS taskLifeHours, version, platform FROM merchant_data WHERE (version > 0) AND (external_id = 'matched-merchant') LIMIT 1000 OFFSET 0
[TeaQL SQL][query][306us] 1 rows returned outcome=success batchOutcome=not_applicable comment=matched merchant read with relation purpose=matched benchmark read auditReason= tracePath=[0:OPERATION:Merchant=query -> 1:REQUEST:Merchant= -> 2:RELATION:platform=Merchant.platform -> 3:PROVIDER:postgresql= -> 4:SQL:select=] mutationLineage=[]
SQL: -- TeaQL PLAIN
SELECT id, create_time AS createTime, last_update_time AS lastUpdateTime, name, version FROM platform_data WHERE (version > 0) AND (id = 1) LIMIT 1 OFFSET 0
[TeaQL SQL][query][302us] 1 rows returned outcome=success batchOutcome=not_applicable comment=matched merchant read with relation purpose=matched benchmark read auditReason= tracePath=[0:OPERATION:Merchant=query -> 1:REQUEST:Merchant= -> 2:PROVIDER:postgresql= -> 3:SQL:select=] mutationLineage=[]
SQL: -- TeaQL PLAIN
SELECT id, name, code, external_id AS externalId, task_life_hours AS taskLifeHours, version, platform FROM merchant_data WHERE (version > 0) AND (external_id = 'matched-merchant') LIMIT 1000 OFFSET 0
[TeaQL SQL][query][245us] 1 rows returned outcome=success batchOutcome=not_applicable comment=matched merchant read with relation purpose=matched benchmark read auditReason= tracePath=[0:OPERATION:Merchant=query -> 1:REQUEST:Merchant= -> 2:RELATION:platform=Merchant.platform -> 3:PROVIDER:postgresql= -> 4:SQL:select=] mutationLineage=[]
SQL: -- TeaQL PLAIN
SELECT id, create_time AS createTime, last_update_time AS lastUpdateTime, name, version FROM platform_data WHERE (version > 0) AND (id = 1) LIMIT 1 OFFSET 0
[TeaQL SQL][query][498us] 1 rows returned outcome=success batchOutcome=not_applicable comment=matched merchant read with relation purpose=matched benchmark read auditReason= tracePath=[0:OPERATION:Merchant=query -> 1:REQUEST:Merchant= -> 2:PROVIDER:postgresql= -> 3:SQL:select=] mutationLineage=[]
SQL: -- TeaQL PLAIN
SELECT id, name, code, external_id AS externalId, task_life_hours AS taskLifeHours, version, platform FROM merchant_data WHERE (version > 0) AND (external_id = 'matched-merchant') LIMIT 1000 OFFSET 0
[TeaQL SQL][query][317us] 1 rows returned outcome=success batchOutcome=not_applicable comment=matched merchant read with relation purpose=matched benchmark read auditReason= tracePath=[0:OPERATION:Merchant=query -> 1:REQUEST:Merchant= -> 2:RELATION:platform=Merchant.platform -> 3:PROVIDER:postgresql= -> 4:SQL:select=] mutationLineage=[]
SQL: -- TeaQL PLAIN
SELECT id, create_time AS createTime, last_update_time AS lastUpdateTime, name, version FROM platform_data WHERE (version > 0) AND (id = 1) LIMIT 1 OFFSET 0
[TeaQL SQL][query][268us] 1 rows returned outcome=success batchOutcome=not_applicable comment=matched merchant read with relation purpose=matched benchmark read auditReason= tracePath=[0:OPERATION:Merchant=query -> 1:REQUEST:Merchant= -> 2:PROVIDER:postgresql= -> 3:SQL:select=] mutationLineage=[]
SQL: -- TeaQL PLAIN
SELECT id, name, code, external_id AS externalId, task_life_hours AS taskLifeHours, version, platform FROM merchant_data WHERE (version > 0) AND (external_id = 'matched-merchant') LIMIT 1000 OFFSET 0
[TeaQL SQL][query][251us] 1 rows returned outcome=success batchOutcome=not_applicable comment=matched merchant read with relation purpose=matched benchmark read auditReason= tracePath=[0:OPERATION:Merchant=query -> 1:REQUEST:Merchant= -> 2:RELATION:platform=Merchant.platform -> 3:PROVIDER:postgresql= -> 4:SQL:select=] mutationLineage=[]
SQL: -- TeaQL PLAIN
SELECT id, create_time AS createTime, last_update_time AS lastUpdateTime, name, version FROM platform_data WHERE (version > 0) AND (id = 1) LIMIT 1 OFFSET 0
[TeaQL SQL][query][297us] 1 rows returned outcome=success batchOutcome=not_applicable comment=matched merchant read with relation purpose=matched benchmark read auditReason= tracePath=[0:OPERATION:Merchant=query -> 1:REQUEST:Merchant= -> 2:PROVIDER:postgresql= -> 3:SQL:select=] mutationLineage=[]
SQL: -- TeaQL PLAIN
SELECT id, name, code, external_id AS externalId, task_life_hours AS taskLifeHours, version, platform FROM merchant_data WHERE (version > 0) AND (external_id = 'matched-merchant') LIMIT 1000 OFFSET 0
[TeaQL SQL][query][286us] 1 rows returned outcome=success batchOutcome=not_applicable comment=matched merchant read with relation purpose=matched benchmark read auditReason= tracePath=[0:OPERATION:Merchant=query -> 1:REQUEST:Merchant= -> 2:RELATION:platform=Merchant.platform -> 3:PROVIDER:postgresql= -> 4:SQL:select=] mutationLineage=[]
SQL: -- TeaQL PLAIN
SELECT id, create_time AS createTime, last_update_time AS lastUpdateTime, name, version FROM platform_data WHERE (version > 0) AND (id = 1) LIMIT 1 OFFSET 0
[TeaQL SQL][query][422us] 1 rows returned outcome=success batchOutcome=not_applicable comment=matched merchant read with relation purpose=matched benchmark read auditReason= tracePath=[0:OPERATION:Merchant=query -> 1:REQUEST:Merchant= -> 2:PROVIDER:postgresql= -> 3:SQL:select=] mutationLineage=[]
SQL: -- TeaQL PLAIN
SELECT id, name, code, external_id AS externalId, task_life_hours AS taskLifeHours, version, platform FROM merchant_data WHERE (version > 0) AND (external_id = 'matched-merchant') LIMIT 1000 OFFSET 0
[TeaQL SQL][query][359us] 1 rows returned outcome=success batchOutcome=not_applicable comment=matched merchant read with relation purpose=matched benchmark read auditReason= tracePath=[0:OPERATION:Merchant=query -> 1:REQUEST:Merchant= -> 2:RELATION:platform=Merchant.platform -> 3:PROVIDER:postgresql= -> 4:SQL:select=] mutationLineage=[]
SQL: -- TeaQL PLAIN
SELECT id, create_time AS createTime, last_update_time AS lastUpdateTime, name, version FROM platform_data WHERE (version > 0) AND (id = 1) LIMIT 1 OFFSET 0
[TeaQL SQL][query][615us] 1 rows returned outcome=success batchOutcome=not_applicable comment=matched merchant read with relation purpose=matched benchmark read auditReason= tracePath=[0:OPERATION:Merchant=query -> 1:REQUEST:Merchant= -> 2:PROVIDER:postgresql= -> 3:SQL:select=] mutationLineage=[]
SQL: -- TeaQL PLAIN
SELECT id, name, code, external_id AS externalId, task_life_hours AS taskLifeHours, version, platform FROM merchant_data WHERE (version > 0) AND (external_id = 'matched-merchant') LIMIT 1000 OFFSET 0
[TeaQL SQL][query][420us] 1 rows returned outcome=success batchOutcome=not_applicable comment=matched merchant read with relation purpose=matched benchmark read auditReason= tracePath=[0:OPERATION:Merchant=query -> 1:REQUEST:Merchant= -> 2:RELATION:platform=Merchant.platform -> 3:PROVIDER:postgresql= -> 4:SQL:select=] mutationLineage=[]
SQL: -- TeaQL PLAIN
SELECT id, create_time AS createTime, last_update_time AS lastUpdateTime, name, version FROM platform_data WHERE (version > 0) AND (id = 1) LIMIT 1 OFFSET 0
[TeaQL SQL][query][341us] 1 rows returned outcome=success batchOutcome=not_applicable comment=matched merchant read with relation purpose=matched benchmark read auditReason= tracePath=[0:OPERATION:Merchant=query -> 1:REQUEST:Merchant= -> 2:PROVIDER:postgresql= -> 3:SQL:select=] mutationLineage=[]
SQL: -- TeaQL PLAIN
SELECT id, name, code, external_id AS externalId, task_life_hours AS taskLifeHours, version, platform FROM merchant_data WHERE (version > 0) AND (external_id = 'matched-merchant') LIMIT 1000 OFFSET 0
[TeaQL SQL][query][294us] 1 rows returned outcome=success batchOutcome=not_applicable comment=matched merchant read with relation purpose=matched benchmark read auditReason= tracePath=[0:OPERATION:Merchant=query -> 1:REQUEST:Merchant= -> 2:RELATION:platform=Merchant.platform -> 3:PROVIDER:postgresql= -> 4:SQL:select=] mutationLineage=[]
SQL: -- TeaQL PLAIN
SELECT id, create_time AS createTime, last_update_time AS lastUpdateTime, name, version FROM platform_data WHERE (version > 0) AND (id = 1) LIMIT 1 OFFSET 0
[TeaQL SQL][query][282us] 1 rows returned outcome=success batchOutcome=not_applicable comment=matched merchant read with relation purpose=matched benchmark read auditReason= tracePath=[0:OPERATION:Merchant=query -> 1:REQUEST:Merchant= -> 2:PROVIDER:postgresql= -> 3:SQL:select=] mutationLineage=[]
SQL: -- TeaQL PLAIN
SELECT id, name, code, external_id AS externalId, task_life_hours AS taskLifeHours, version, platform FROM merchant_data WHERE (version > 0) AND (external_id = 'matched-merchant') LIMIT 1000 OFFSET 0
[TeaQL SQL][query][271us] 1 rows returned outcome=success batchOutcome=not_applicable comment=matched merchant read with relation purpose=matched benchmark read auditReason= tracePath=[0:OPERATION:Merchant=query -> 1:REQUEST:Merchant= -> 2:RELATION:platform=Merchant.platform -> 3:PROVIDER:postgresql= -> 4:SQL:select=] mutationLineage=[]
SQL: -- TeaQL PLAIN
SELECT id, create_time AS createTime, last_update_time AS lastUpdateTime, name, version FROM platform_data WHERE (version > 0) AND (id = 1) LIMIT 1 OFFSET 0
[TeaQL SQL][query][295us] 1 rows returned outcome=success batchOutcome=not_applicable comment=matched merchant read with relation purpose=matched benchmark read auditReason= tracePath=[0:OPERATION:Merchant=query -> 1:REQUEST:Merchant= -> 2:PROVIDER:postgresql= -> 3:SQL:select=] mutationLineage=[]
SQL: -- TeaQL PLAIN
SELECT id, name, code, external_id AS externalId, task_life_hours AS taskLifeHours, version, platform FROM merchant_data WHERE (version > 0) AND (external_id = 'matched-merchant') LIMIT 1000 OFFSET 0
[TeaQL SQL][query][296us] 1 rows returned outcome=success batchOutcome=not_applicable comment=matched merchant read with relation purpose=matched benchmark read auditReason= tracePath=[0:OPERATION:Merchant=query -> 1:REQUEST:Merchant= -> 2:RELATION:platform=Merchant.platform -> 3:PROVIDER:postgresql= -> 4:SQL:select=] mutationLineage=[]
SQL: -- TeaQL PLAIN
SELECT id, create_time AS createTime, last_update_time AS lastUpdateTime, name, version FROM platform_data WHERE (version > 0) AND (id = 1) LIMIT 1 OFFSET 0
[TeaQL SQL][query][377us] 1 rows returned outcome=success batchOutcome=not_applicable comment=matched merchant read with relation purpose=matched benchmark read auditReason= tracePath=[0:OPERATION:Merchant=query -> 1:REQUEST:Merchant= -> 2:PROVIDER:postgresql= -> 3:SQL:select=] mutationLineage=[]
SQL: -- TeaQL PLAIN
SELECT id, name, code, external_id AS externalId, task_life_hours AS taskLifeHours, version, platform FROM merchant_data WHERE (version > 0) AND (external_id = 'matched-merchant') LIMIT 1000 OFFSET 0
[TeaQL SQL][query][328us] 1 rows returned outcome=success batchOutcome=not_applicable comment=matched merchant read with relation purpose=matched benchmark read auditReason= tracePath=[0:OPERATION:Merchant=query -> 1:REQUEST:Merchant= -> 2:RELATION:platform=Merchant.platform -> 3:PROVIDER:postgresql= -> 4:SQL:select=] mutationLineage=[]
SQL: -- TeaQL PLAIN
SELECT id, create_time AS createTime, last_update_time AS lastUpdateTime, name, version FROM platform_data WHERE (version > 0) AND (id = 1) LIMIT 1 OFFSET 0
[TeaQL SQL][query][319us] 1 rows returned outcome=success batchOutcome=not_applicable comment=matched merchant read with relation purpose=matched benchmark read auditReason= tracePath=[0:OPERATION:Merchant=query -> 1:REQUEST:Merchant= -> 2:PROVIDER:postgresql= -> 3:SQL:select=] mutationLineage=[]
SQL: -- TeaQL PLAIN
SELECT id, name, code, external_id AS externalId, task_life_hours AS taskLifeHours, version, platform FROM merchant_data WHERE (version > 0) AND (external_id = 'matched-merchant') LIMIT 1000 OFFSET 0
[TeaQL SQL][query][240us] 1 rows returned outcome=success batchOutcome=not_applicable comment=matched merchant read with relation purpose=matched benchmark read auditReason= tracePath=[0:OPERATION:Merchant=query -> 1:REQUEST:Merchant= -> 2:PROVIDER:postgresql= -> 3:SQL:select=] mutationLineage=[]
SQL: -- TeaQL PLAIN
SELECT id, name, code, external_id AS externalId, task_life_hours AS taskLifeHours, version, platform FROM merchant_data WHERE (version > 0) AND (external_id = 'matched-merchant') LIMIT 1000 OFFSET 0
[TeaQL SQL][query][247us] 1 rows returned outcome=success batchOutcome=not_applicable comment=matched merchant read with relation purpose=matched benchmark read auditReason= tracePath=[0:OPERATION:Merchant=query -> 1:REQUEST:Merchant= -> 2:RELATION:platform=Merchant.platform -> 3:PROVIDER:postgresql= -> 4:SQL:select=] mutationLineage=[]
SQL: -- TeaQL PLAIN
SELECT id, create_time AS createTime, last_update_time AS lastUpdateTime, name, version FROM platform_data WHERE (version > 0) AND (id = 1) LIMIT 1 OFFSET 0
[TeaQL SQL][query][264us] 1 rows returned outcome=success batchOutcome=not_applicable comment=matched merchant read with relation purpose=matched benchmark read auditReason= tracePath=[0:OPERATION:Merchant=query -> 1:REQUEST:Merchant= -> 2:RELATION:platform=Merchant.platform -> 3:PROVIDER:postgresql= -> 4:SQL:select=] mutationLineage=[]
SQL: -- TeaQL PLAIN
SELECT id, create_time AS createTime, last_update_time AS lastUpdateTime, name, version FROM platform_data WHERE (version > 0) AND (id = 1) LIMIT 1 OFFSET 0
[TeaQL SQL][query][305us] 1 rows returned outcome=success batchOutcome=not_applicable comment=matched merchant read with relation purpose=matched benchmark read auditReason= tracePath=[0:OPERATION:Merchant=query -> 1:REQUEST:Merchant= -> 2:PROVIDER:postgresql= -> 3:SQL:select=] mutationLineage=[]
SQL: -- TeaQL PLAIN
SELECT id, name, code, external_id AS externalId, task_life_hours AS taskLifeHours, version, platform FROM merchant_data WHERE (version > 0) AND (external_id = 'matched-merchant') LIMIT 1000 OFFSET 0
[TeaQL SQL][query][274us] 1 rows returned outcome=success batchOutcome=not_applicable comment=matched merchant read with relation purpose=matched benchmark read auditReason= tracePath=[0:OPERATION:Merchant=query -> 1:REQUEST:Merchant= -> 2:RELATION:platform=Merchant.platform -> 3:PROVIDER:postgresql= -> 4:SQL:select=] mutationLineage=[]
SQL: -- TeaQL PLAIN
SELECT id, create_time AS createTime, last_update_time AS lastUpdateTime, name, version FROM platform_data WHERE (version > 0) AND (id = 1) LIMIT 1 OFFSET 0
[TeaQL SQL][query][335us] 1 rows returned outcome=success batchOutcome=not_applicable comment=matched merchant read with relation purpose=matched benchmark read auditReason= tracePath=[0:OPERATION:Merchant=query -> 1:REQUEST:Merchant= -> 2:PROVIDER:postgresql= -> 3:SQL:select=] mutationLineage=[]
SQL: -- TeaQL PLAIN
SELECT id, name, code, external_id AS externalId, task_life_hours AS taskLifeHours, version, platform FROM merchant_data WHERE (version > 0) AND (external_id = 'matched-merchant') LIMIT 1000 OFFSET 0
[TeaQL SQL][query][288us] 1 rows returned outcome=success batchOutcome=not_applicable comment=matched merchant read with relation purpose=matched benchmark read auditReason= tracePath=[0:OPERATION:Merchant=query -> 1:REQUEST:Merchant= -> 2:RELATION:platform=Merchant.platform -> 3:PROVIDER:postgresql= -> 4:SQL:select=] mutationLineage=[]
SQL: -- TeaQL PLAIN
SELECT id, create_time AS createTime, last_update_time AS lastUpdateTime, name, version FROM platform_data WHERE (version > 0) AND (id = 1) LIMIT 1 OFFSET 0
[TeaQL SQL][query][503us] 1 rows returned outcome=success batchOutcome=not_applicable comment=matched merchant read with relation purpose=matched benchmark read auditReason= tracePath=[0:OPERATION:Merchant=query -> 1:REQUEST:Merchant= -> 2:PROVIDER:postgresql= -> 3:SQL:select=] mutationLineage=[]
SQL: -- TeaQL PLAIN
SELECT id, name, code, external_id AS externalId, task_life_hours AS taskLifeHours, version, platform FROM merchant_data WHERE (version > 0) AND (external_id = 'matched-merchant') LIMIT 1000 OFFSET 0
[TeaQL SQL][query][503us] 1 rows returned outcome=success batchOutcome=not_applicable comment=matched merchant read with relation purpose=matched benchmark read auditReason= tracePath=[0:OPERATION:Merchant=query -> 1:REQUEST:Merchant= -> 2:PROVIDER:postgresql= -> 3:SQL:select=] mutationLineage=[]
SQL: -- TeaQL PLAIN
SELECT id, name, code, external_id AS externalId, task_life_hours AS taskLifeHours, version, platform FROM merchant_data WHERE (version > 0) AND (external_id = 'matched-merchant') LIMIT 1000 OFFSET 0
[TeaQL SQL][query][336us] 1 rows returned outcome=success batchOutcome=not_applicable comment=matched merchant read with relation purpose=matched benchmark read auditReason= tracePath=[0:OPERATION:Merchant=query -> 1:REQUEST:Merchant= -> 2:RELATION:platform=Merchant.platform -> 3:PROVIDER:postgresql= -> 4:SQL:select=] mutationLineage=[]
SQL: -- TeaQL PLAIN
SELECT id, create_time AS createTime, last_update_time AS lastUpdateTime, name, version FROM platform_data WHERE (version > 0) AND (id = 1) LIMIT 1 OFFSET 0
[TeaQL SQL][query][297us] 1 rows returned outcome=success batchOutcome=not_applicable comment=matched merchant read with relation purpose=matched benchmark read auditReason= tracePath=[0:OPERATION:Merchant=query -> 1:REQUEST:Merchant= -> 2:RELATION:platform=Merchant.platform -> 3:PROVIDER:postgresql= -> 4:SQL:select=] mutationLineage=[]
SQL: -- TeaQL PLAIN
SELECT id, create_time AS createTime, last_update_time AS lastUpdateTime, name, version FROM platform_data WHERE (version > 0) AND (id = 1) LIMIT 1 OFFSET 0
[TeaQL SQL][query][330us] 1 rows returned outcome=success batchOutcome=not_applicable comment=matched merchant read with relation purpose=matched benchmark read auditReason= tracePath=[0:OPERATION:Merchant=query -> 1:REQUEST:Merchant= -> 2:PROVIDER:postgresql= -> 3:SQL:select=] mutationLineage=[]
SQL: -- TeaQL PLAIN
SELECT id, name, code, external_id AS externalId, task_life_hours AS taskLifeHours, version, platform FROM merchant_data WHERE (version > 0) AND (external_id = 'matched-merchant') LIMIT 1000 OFFSET 0
[TeaQL SQL][query][317us] 1 rows returned outcome=success batchOutcome=not_applicable comment=matched merchant read with relation purpose=matched benchmark read auditReason= tracePath=[0:OPERATION:Merchant=query -> 1:REQUEST:Merchant= -> 2:RELATION:platform=Merchant.platform -> 3:PROVIDER:postgresql= -> 4:SQL:select=] mutationLineage=[]
SQL: -- TeaQL PLAIN
SELECT id, create_time AS createTime, last_update_time AS lastUpdateTime, name, version FROM platform_data WHERE (version > 0) AND (id = 1) LIMIT 1 OFFSET 0
[TeaQL SQL][query][400us] 1 rows returned outcome=success batchOutcome=not_applicable comment=matched merchant read with relation purpose=matched benchmark read auditReason= tracePath=[0:OPERATION:Merchant=query -> 1:REQUEST:Merchant= -> 2:PROVIDER:postgresql= -> 3:SQL:select=] mutationLineage=[]
SQL: -- TeaQL PLAIN
SELECT id, name, code, external_id AS externalId, task_life_hours AS taskLifeHours, version, platform FROM merchant_data WHERE (version > 0) AND (external_id = 'matched-merchant') LIMIT 1000 OFFSET 0
[TeaQL SQL][query][409us] 1 rows returned outcome=success batchOutcome=not_applicable comment=matched merchant read with relation purpose=matched benchmark read auditReason= tracePath=[0:OPERATION:Merchant=query -> 1:REQUEST:Merchant= -> 2:RELATION:platform=Merchant.platform -> 3:PROVIDER:postgresql= -> 4:SQL:select=] mutationLineage=[]
SQL: -- TeaQL PLAIN
SELECT id, create_time AS createTime, last_update_time AS lastUpdateTime, name, version FROM platform_data WHERE (version > 0) AND (id = 1) LIMIT 1 OFFSET 0
[TeaQL SQL][query][286us] 1 rows returned outcome=success batchOutcome=not_applicable comment=matched merchant read with relation purpose=matched benchmark read auditReason= tracePath=[0:OPERATION:Merchant=query -> 1:REQUEST:Merchant= -> 2:PROVIDER:postgresql= -> 3:SQL:select=] mutationLineage=[]
SQL: -- TeaQL PLAIN
SELECT id, name, code, external_id AS externalId, task_life_hours AS taskLifeHours, version, platform FROM merchant_data WHERE (version > 0) AND (external_id = 'matched-merchant') LIMIT 1000 OFFSET 0
[TeaQL SQL][query][258us] 1 rows returned outcome=success batchOutcome=not_applicable comment=matched merchant read with relation purpose=matched benchmark read auditReason= tracePath=[0:OPERATION:Merchant=query -> 1:REQUEST:Merchant= -> 2:PROVIDER:postgresql= -> 3:SQL:select=] mutationLineage=[]
SQL: -- TeaQL PLAIN
SELECT id, name, code, external_id AS externalId, task_life_hours AS taskLifeHours, version, platform FROM merchant_data WHERE (version > 0) AND (external_id = 'matched-merchant') LIMIT 1000 OFFSET 0
[TeaQL SQL][query][319us] 1 rows returned outcome=success batchOutcome=not_applicable comment=matched merchant read with relation purpose=matched benchmark read auditReason= tracePath=[0:OPERATION:Merchant=query -> 1:REQUEST:Merchant= -> 2:RELATION:platform=Merchant.platform -> 3:PROVIDER:postgresql= -> 4:SQL:select=] mutationLineage=[]
SQL: -- TeaQL PLAIN
SELECT id, create_time AS createTime, last_update_time AS lastUpdateTime, name, version FROM platform_data WHERE (version > 0) AND (id = 1) LIMIT 1 OFFSET 0
[TeaQL SQL][query][258us] 1 rows returned outcome=success batchOutcome=not_applicable comment=matched merchant read with relation purpose=matched benchmark read auditReason= tracePath=[0:OPERATION:Merchant=query -> 1:REQUEST:Merchant= -> 2:RELATION:platform=Merchant.platform -> 3:PROVIDER:postgresql= -> 4:SQL:select=] mutationLineage=[]
SQL: -- TeaQL PLAIN
SELECT id, create_time AS createTime, last_update_time AS lastUpdateTime, name, version FROM platform_data WHERE (version > 0) AND (id = 1) LIMIT 1 OFFSET 0
[TeaQL SQL][query][328us] 1 rows returned outcome=success batchOutcome=not_applicable comment=matched merchant read with relation purpose=matched benchmark read auditReason= tracePath=[0:OPERATION:Merchant=query -> 1:REQUEST:Merchant= -> 2:PROVIDER:postgresql= -> 3:SQL:select=] mutationLineage=[]
SQL: -- TeaQL PLAIN
SELECT id, name, code, external_id AS externalId, task_life_hours AS taskLifeHours, version, platform FROM merchant_data WHERE (version > 0) AND (external_id = 'matched-merchant') LIMIT 1000 OFFSET 0
[TeaQL SQL][query][275us] 1 rows returned outcome=success batchOutcome=not_applicable comment=matched merchant read with relation purpose=matched benchmark read auditReason= tracePath=[0:OPERATION:Merchant=query -> 1:REQUEST:Merchant= -> 2:RELATION:platform=Merchant.platform -> 3:PROVIDER:postgresql= -> 4:SQL:select=] mutationLineage=[]
SQL: -- TeaQL PLAIN
SELECT id, create_time AS createTime, last_update_time AS lastUpdateTime, name, version FROM platform_data WHERE (version > 0) AND (id = 1) LIMIT 1 OFFSET 0
[TeaQL SQL][query][662us] 1 rows returned outcome=success batchOutcome=not_applicable comment=matched merchant read with relation purpose=matched benchmark read auditReason= tracePath=[0:OPERATION:Merchant=query -> 1:REQUEST:Merchant= -> 2:PROVIDER:postgresql= -> 3:SQL:select=] mutationLineage=[]
SQL: -- TeaQL PLAIN
SELECT id, name, code, external_id AS externalId, task_life_hours AS taskLifeHours, version, platform FROM merchant_data WHERE (version > 0) AND (external_id = 'matched-merchant') LIMIT 1000 OFFSET 0
[TeaQL SQL][query][532us] 1 rows returned outcome=success batchOutcome=not_applicable comment=matched merchant read with relation purpose=matched benchmark read auditReason= tracePath=[0:OPERATION:Merchant=query -> 1:REQUEST:Merchant= -> 2:RELATION:platform=Merchant.platform -> 3:PROVIDER:postgresql= -> 4:SQL:select=] mutationLineage=[]
SQL: -- TeaQL PLAIN
SELECT id, create_time AS createTime, last_update_time AS lastUpdateTime, name, version FROM platform_data WHERE (version > 0) AND (id = 1) LIMIT 1 OFFSET 0
[TeaQL SQL][query][362us] 1 rows returned outcome=success batchOutcome=not_applicable comment=matched merchant read with relation purpose=matched benchmark read auditReason= tracePath=[0:OPERATION:Merchant=query -> 1:REQUEST:Merchant= -> 2:PROVIDER:postgresql= -> 3:SQL:select=] mutationLineage=[]
SQL: -- TeaQL PLAIN
SELECT id, name, code, external_id AS externalId, task_life_hours AS taskLifeHours, version, platform FROM merchant_data WHERE (version > 0) AND (external_id = 'matched-merchant') LIMIT 1000 OFFSET 0
[TeaQL SQL][query][279us] 1 rows returned outcome=success batchOutcome=not_applicable comment=matched merchant read with relation purpose=matched benchmark read auditReason= tracePath=[0:OPERATION:Merchant=query -> 1:REQUEST:Merchant= -> 2:RELATION:platform=Merchant.platform -> 3:PROVIDER:postgresql= -> 4:SQL:select=] mutationLineage=[]
SQL: -- TeaQL PLAIN
SELECT id, create_time AS createTime, last_update_time AS lastUpdateTime, name, version FROM platform_data WHERE (version > 0) AND (id = 1) LIMIT 1 OFFSET 0
[TeaQL SQL][query][314us] 1 rows returned outcome=success batchOutcome=not_applicable comment=matched merchant read with relation purpose=matched benchmark read auditReason= tracePath=[0:OPERATION:Merchant=query -> 1:REQUEST:Merchant= -> 2:PROVIDER:postgresql= -> 3:SQL:select=] mutationLineage=[]
SQL: -- TeaQL PLAIN
SELECT id, name, code, external_id AS externalId, task_life_hours AS taskLifeHours, version, platform FROM merchant_data WHERE (version > 0) AND (external_id = 'matched-merchant') LIMIT 1000 OFFSET 0
[TeaQL SQL][query][292us] 1 rows returned outcome=success batchOutcome=not_applicable comment=matched merchant read with relation purpose=matched benchmark read auditReason= tracePath=[0:OPERATION:Merchant=query -> 1:REQUEST:Merchant= -> 2:PROVIDER:postgresql= -> 3:SQL:select=] mutationLineage=[]
SQL: -- TeaQL PLAIN
SELECT id, name, code, external_id AS externalId, task_life_hours AS taskLifeHours, version, platform FROM merchant_data WHERE (version > 0) AND (external_id = 'matched-merchant') LIMIT 1000 OFFSET 0
[TeaQL SQL][query][292us] 1 rows returned outcome=success batchOutcome=not_applicable comment=matched merchant read with relation purpose=matched benchmark read auditReason= tracePath=[0:OPERATION:Merchant=query -> 1:REQUEST:Merchant= -> 2:RELATION:platform=Merchant.platform -> 3:PROVIDER:postgresql= -> 4:SQL:select=] mutationLineage=[]
SQL: -- TeaQL PLAIN
SELECT id, create_time AS createTime, last_update_time AS lastUpdateTime, name, version FROM platform_data WHERE (version > 0) AND (id = 1) LIMIT 1 OFFSET 0
[TeaQL SQL][query][292us] 1 rows returned outcome=success batchOutcome=not_applicable comment=matched merchant read with relation purpose=matched benchmark read auditReason= tracePath=[0:OPERATION:Merchant=query -> 1:REQUEST:Merchant= -> 2:RELATION:platform=Merchant.platform -> 3:PROVIDER:postgresql= -> 4:SQL:select=] mutationLineage=[]
SQL: -- TeaQL PLAIN
SELECT id, create_time AS createTime, last_update_time AS lastUpdateTime, name, version FROM platform_data WHERE (version > 0) AND (id = 1) LIMIT 1 OFFSET 0
[TeaQL SQL][query][288us] 1 rows returned outcome=success batchOutcome=not_applicable comment=matched merchant read with relation purpose=matched benchmark read auditReason= tracePath=[0:OPERATION:Merchant=query -> 1:REQUEST:Merchant= -> 2:PROVIDER:postgresql= -> 3:SQL:select=] mutationLineage=[]
SQL: -- TeaQL PLAIN
SELECT id, name, code, external_id AS externalId, task_life_hours AS taskLifeHours, version, platform FROM merchant_data WHERE (version > 0) AND (external_id = 'matched-merchant') LIMIT 1000 OFFSET 0
[TeaQL SQL][query][311us] 1 rows returned outcome=success batchOutcome=not_applicable comment=matched merchant read with relation purpose=matched benchmark read auditReason= tracePath=[0:OPERATION:Merchant=query -> 1:REQUEST:Merchant= -> 2:RELATION:platform=Merchant.platform -> 3:PROVIDER:postgresql= -> 4:SQL:select=] mutationLineage=[]
SQL: -- TeaQL PLAIN
SELECT id, create_time AS createTime, last_update_time AS lastUpdateTime, name, version FROM platform_data WHERE (version > 0) AND (id = 1) LIMIT 1 OFFSET 0
[TeaQL SQL][query][393us] 1 rows returned outcome=success batchOutcome=not_applicable comment=matched merchant read with relation purpose=matched benchmark read auditReason= tracePath=[0:OPERATION:Merchant=query -> 1:REQUEST:Merchant= -> 2:PROVIDER:postgresql= -> 3:SQL:select=] mutationLineage=[]
SQL: -- TeaQL PLAIN
SELECT id, name, code, external_id AS externalId, task_life_hours AS taskLifeHours, version, platform FROM merchant_data WHERE (version > 0) AND (external_id = 'matched-merchant') LIMIT 1000 OFFSET 0
[TeaQL SQL][query][299us] 1 rows returned outcome=success batchOutcome=not_applicable comment=matched merchant read with relation purpose=matched benchmark read auditReason= tracePath=[0:OPERATION:Merchant=query -> 1:REQUEST:Merchant= -> 2:RELATION:platform=Merchant.platform -> 3:PROVIDER:postgresql= -> 4:SQL:select=] mutationLineage=[]
SQL: -- TeaQL PLAIN
SELECT id, create_time AS createTime, last_update_time AS lastUpdateTime, name, version FROM platform_data WHERE (version > 0) AND (id = 1) LIMIT 1 OFFSET 0
[TeaQL SQL][query][354us] 1 rows returned outcome=success batchOutcome=not_applicable comment=matched merchant read with relation purpose=matched benchmark read auditReason= tracePath=[0:OPERATION:Merchant=query -> 1:REQUEST:Merchant= -> 2:PROVIDER:postgresql= -> 3:SQL:select=] mutationLineage=[]
SQL: -- TeaQL PLAIN
SELECT id, name, code, external_id AS externalId, task_life_hours AS taskLifeHours, version, platform FROM merchant_data WHERE (version > 0) AND (external_id = 'matched-merchant') LIMIT 1000 OFFSET 0
[TeaQL SQL][query][362us] 1 rows returned outcome=success batchOutcome=not_applicable comment=matched merchant read with relation purpose=matched benchmark read auditReason= tracePath=[0:OPERATION:Merchant=query -> 1:REQUEST:Merchant= -> 2:PROVIDER:postgresql= -> 3:SQL:select=] mutationLineage=[]
SQL: -- TeaQL PLAIN
SELECT id, name, code, external_id AS externalId, task_life_hours AS taskLifeHours, version, platform FROM merchant_data WHERE (version > 0) AND (external_id = 'matched-merchant') LIMIT 1000 OFFSET 0
[TeaQL SQL][query][270us] 1 rows returned outcome=success batchOutcome=not_applicable comment=matched merchant read with relation purpose=matched benchmark read auditReason= tracePath=[0:OPERATION:Merchant=query -> 1:REQUEST:Merchant= -> 2:RELATION:platform=Merchant.platform -> 3:PROVIDER:postgresql= -> 4:SQL:select=] mutationLineage=[]
SQL: -- TeaQL PLAIN
SELECT id, create_time AS createTime, last_update_time AS lastUpdateTime, name, version FROM platform_data WHERE (version > 0) AND (id = 1) LIMIT 1 OFFSET 0
[TeaQL SQL][query][250us] 1 rows returned outcome=success batchOutcome=not_applicable comment=matched merchant read with relation purpose=matched benchmark read auditReason= tracePath=[0:OPERATION:Merchant=query -> 1:REQUEST:Merchant= -> 2:RELATION:platform=Merchant.platform -> 3:PROVIDER:postgresql= -> 4:SQL:select=] mutationLineage=[]
SQL: -- TeaQL PLAIN
SELECT id, create_time AS createTime, last_update_time AS lastUpdateTime, name, version FROM platform_data WHERE (version > 0) AND (id = 1) LIMIT 1 OFFSET 0
[TeaQL SQL][query][306us] 1 rows returned outcome=success batchOutcome=not_applicable comment=matched merchant read with relation purpose=matched benchmark read auditReason= tracePath=[0:OPERATION:Merchant=query -> 1:REQUEST:Merchant= -> 2:PROVIDER:postgresql= -> 3:SQL:select=] mutationLineage=[]
SQL: -- TeaQL PLAIN
SELECT id, name, code, external_id AS externalId, task_life_hours AS taskLifeHours, version, platform FROM merchant_data WHERE (version > 0) AND (external_id = 'matched-merchant') LIMIT 1000 OFFSET 0
[TeaQL SQL][query][270us] 1 rows returned outcome=success batchOutcome=not_applicable comment=matched merchant read with relation purpose=matched benchmark read auditReason= tracePath=[0:OPERATION:Merchant=query -> 1:REQUEST:Merchant= -> 2:RELATION:platform=Merchant.platform -> 3:PROVIDER:postgresql= -> 4:SQL:select=] mutationLineage=[]
SQL: -- TeaQL PLAIN
SELECT id, create_time AS createTime, last_update_time AS lastUpdateTime, name, version FROM platform_data WHERE (version > 0) AND (id = 1) LIMIT 1 OFFSET 0
[TeaQL SQL][query][293us] 1 rows returned outcome=success batchOutcome=not_applicable comment=matched merchant read with relation purpose=matched benchmark read auditReason= tracePath=[0:OPERATION:Merchant=query -> 1:REQUEST:Merchant= -> 2:PROVIDER:postgresql= -> 3:SQL:select=] mutationLineage=[]
SQL: -- TeaQL PLAIN
SELECT id, name, code, external_id AS externalId, task_life_hours AS taskLifeHours, version, platform FROM merchant_data WHERE (version > 0) AND (external_id = 'matched-merchant') LIMIT 1000 OFFSET 0
[TeaQL SQL][query][293us] 1 rows returned outcome=success batchOutcome=not_applicable comment=matched merchant read with relation purpose=matched benchmark read auditReason= tracePath=[0:OPERATION:Merchant=query -> 1:REQUEST:Merchant= -> 2:PROVIDER:postgresql= -> 3:SQL:select=] mutationLineage=[]
SQL: -- TeaQL PLAIN
SELECT id, name, code, external_id AS externalId, task_life_hours AS taskLifeHours, version, platform FROM merchant_data WHERE (version > 0) AND (external_id = 'matched-merchant') LIMIT 1000 OFFSET 0
[TeaQL SQL][query][302us] 1 rows returned outcome=success batchOutcome=not_applicable comment=matched merchant read with relation purpose=matched benchmark read auditReason= tracePath=[0:OPERATION:Merchant=query -> 1:REQUEST:Merchant= -> 2:RELATION:platform=Merchant.platform -> 3:PROVIDER:postgresql= -> 4:SQL:select=] mutationLineage=[]
SQL: -- TeaQL PLAIN
SELECT id, create_time AS createTime, last_update_time AS lastUpdateTime, name, version FROM platform_data WHERE (version > 0) AND (id = 1) LIMIT 1 OFFSET 0
[TeaQL SQL][query][257us] 1 rows returned outcome=success batchOutcome=not_applicable comment=matched merchant read with relation purpose=matched benchmark read auditReason= tracePath=[0:OPERATION:Merchant=query -> 1:REQUEST:Merchant= -> 2:RELATION:platform=Merchant.platform -> 3:PROVIDER:postgresql= -> 4:SQL:select=] mutationLineage=[]
SQL: -- TeaQL PLAIN
SELECT id, create_time AS createTime, last_update_time AS lastUpdateTime, name, version FROM platform_data WHERE (version > 0) AND (id = 1) LIMIT 1 OFFSET 0
[TeaQL SQL][query][476us] 1 rows returned outcome=success batchOutcome=not_applicable comment=matched merchant read with relation purpose=matched benchmark read auditReason= tracePath=[0:OPERATION:Merchant=query -> 1:REQUEST:Merchant= -> 2:PROVIDER:postgresql= -> 3:SQL:select=] mutationLineage=[]
SQL: -- TeaQL PLAIN
SELECT id, name, code, external_id AS externalId, task_life_hours AS taskLifeHours, version, platform FROM merchant_data WHERE (version > 0) AND (external_id = 'matched-merchant') LIMIT 1000 OFFSET 0
[TeaQL SQL][query][482us] 1 rows returned outcome=success batchOutcome=not_applicable comment=matched merchant read with relation purpose=matched benchmark read auditReason= tracePath=[0:OPERATION:Merchant=query -> 1:REQUEST:Merchant= -> 2:RELATION:platform=Merchant.platform -> 3:PROVIDER:postgresql= -> 4:SQL:select=] mutationLineage=[]
SQL: -- TeaQL PLAIN
SELECT id, create_time AS createTime, last_update_time AS lastUpdateTime, name, version FROM platform_data WHERE (version > 0) AND (id = 1) LIMIT 1 OFFSET 0
[TeaQL SQL][query][406us] 1 rows returned outcome=success batchOutcome=not_applicable comment=matched merchant read with relation purpose=matched benchmark read auditReason= tracePath=[0:OPERATION:Merchant=query -> 1:REQUEST:Merchant= -> 2:PROVIDER:postgresql= -> 3:SQL:select=] mutationLineage=[]
SQL: -- TeaQL PLAIN
SELECT id, name, code, external_id AS externalId, task_life_hours AS taskLifeHours, version, platform FROM merchant_data WHERE (version > 0) AND (external_id = 'matched-merchant') LIMIT 1000 OFFSET 0
[TeaQL SQL][query][328us] 1 rows returned outcome=success batchOutcome=not_applicable comment=matched merchant read with relation purpose=matched benchmark read auditReason= tracePath=[0:OPERATION:Merchant=query -> 1:REQUEST:Merchant= -> 2:RELATION:platform=Merchant.platform -> 3:PROVIDER:postgresql= -> 4:SQL:select=] mutationLineage=[]
SQL: -- TeaQL PLAIN
SELECT id, create_time AS createTime, last_update_time AS lastUpdateTime, name, version FROM platform_data WHERE (version > 0) AND (id = 1) LIMIT 1 OFFSET 0
[TeaQL SQL][query][277us] 1 rows returned outcome=success batchOutcome=not_applicable comment=matched merchant read with relation purpose=matched benchmark read auditReason= tracePath=[0:OPERATION:Merchant=query -> 1:REQUEST:Merchant= -> 2:PROVIDER:postgresql= -> 3:SQL:select=] mutationLineage=[]
SQL: -- TeaQL PLAIN
SELECT id, name, code, external_id AS externalId, task_life_hours AS taskLifeHours, version, platform FROM merchant_data WHERE (version > 0) AND (external_id = 'matched-merchant') LIMIT 1000 OFFSET 0
[TeaQL SQL][query][253us] 1 rows returned outcome=success batchOutcome=not_applicable comment=matched merchant read with relation purpose=matched benchmark read auditReason= tracePath=[0:OPERATION:Merchant=query -> 1:REQUEST:Merchant= -> 2:PROVIDER:postgresql= -> 3:SQL:select=] mutationLineage=[]
SQL: -- TeaQL PLAIN
SELECT id, name, code, external_id AS externalId, task_life_hours AS taskLifeHours, version, platform FROM merchant_data WHERE (version > 0) AND (external_id = 'matched-merchant') LIMIT 1000 OFFSET 0
[TeaQL SQL][query][254us] 1 rows returned outcome=success batchOutcome=not_applicable comment=matched merchant read with relation purpose=matched benchmark read auditReason= tracePath=[0:OPERATION:Merchant=query -> 1:REQUEST:Merchant= -> 2:RELATION:platform=Merchant.platform -> 3:PROVIDER:postgresql= -> 4:SQL:select=] mutationLineage=[]
SQL: -- TeaQL PLAIN
SELECT id, create_time AS createTime, last_update_time AS lastUpdateTime, name, version FROM platform_data WHERE (version > 0) AND (id = 1) LIMIT 1 OFFSET 0
[TeaQL SQL][query][214us] 1 rows returned outcome=success batchOutcome=not_applicable comment=matched merchant read with relation purpose=matched benchmark read auditReason= tracePath=[0:OPERATION:Merchant=query -> 1:REQUEST:Merchant= -> 2:RELATION:platform=Merchant.platform -> 3:PROVIDER:postgresql= -> 4:SQL:select=] mutationLineage=[]
SQL: -- TeaQL PLAIN
SELECT id, create_time AS createTime, last_update_time AS lastUpdateTime, name, version FROM platform_data WHERE (version > 0) AND (id = 1) LIMIT 1 OFFSET 0
[TeaQL SQL][query][252us] 1 rows returned outcome=success batchOutcome=not_applicable comment=matched merchant read with relation purpose=matched benchmark read auditReason= tracePath=[0:OPERATION:Merchant=query -> 1:REQUEST:Merchant= -> 2:PROVIDER:postgresql= -> 3:SQL:select=] mutationLineage=[]
SQL: -- TeaQL PLAIN
SELECT id, name, code, external_id AS externalId, task_life_hours AS taskLifeHours, version, platform FROM merchant_data WHERE (version > 0) AND (external_id = 'matched-merchant') LIMIT 1000 OFFSET 0
[TeaQL SQL][query][278us] 1 rows returned outcome=success batchOutcome=not_applicable comment=matched merchant read with relation purpose=matched benchmark read auditReason= tracePath=[0:OPERATION:Merchant=query -> 1:REQUEST:Merchant= -> 2:RELATION:platform=Merchant.platform -> 3:PROVIDER:postgresql= -> 4:SQL:select=] mutationLineage=[]
SQL: -- TeaQL PLAIN
SELECT id, create_time AS createTime, last_update_time AS lastUpdateTime, name, version FROM platform_data WHERE (version > 0) AND (id = 1) LIMIT 1 OFFSET 0
[TeaQL SQL][query][417us] 1 rows returned outcome=success batchOutcome=not_applicable comment=matched merchant read with relation purpose=matched benchmark read auditReason= tracePath=[0:OPERATION:Merchant=query -> 1:REQUEST:Merchant= -> 2:PROVIDER:postgresql= -> 3:SQL:select=] mutationLineage=[]
SQL: -- TeaQL PLAIN
SELECT id, name, code, external_id AS externalId, task_life_hours AS taskLifeHours, version, platform FROM merchant_data WHERE (version > 0) AND (external_id = 'matched-merchant') LIMIT 1000 OFFSET 0
[TeaQL SQL][query][354us] 1 rows returned outcome=success batchOutcome=not_applicable comment=matched merchant read with relation purpose=matched benchmark read auditReason= tracePath=[0:OPERATION:Merchant=query -> 1:REQUEST:Merchant= -> 2:RELATION:platform=Merchant.platform -> 3:PROVIDER:postgresql= -> 4:SQL:select=] mutationLineage=[]
SQL: -- TeaQL PLAIN
SELECT id, create_time AS createTime, last_update_time AS lastUpdateTime, name, version FROM platform_data WHERE (version > 0) AND (id = 1) LIMIT 1 OFFSET 0
[TeaQL SQL][query][441us] 1 rows returned outcome=success batchOutcome=not_applicable comment=matched merchant read with relation purpose=matched benchmark read auditReason= tracePath=[0:OPERATION:Merchant=query -> 1:REQUEST:Merchant= -> 2:PROVIDER:postgresql= -> 3:SQL:select=] mutationLineage=[]
SQL: -- TeaQL PLAIN
SELECT id, name, code, external_id AS externalId, task_life_hours AS taskLifeHours, version, platform FROM merchant_data WHERE (version > 0) AND (external_id = 'matched-merchant') LIMIT 1000 OFFSET 0
[TeaQL SQL][query][380us] 1 rows returned outcome=success batchOutcome=not_applicable comment=matched merchant read with relation purpose=matched benchmark read auditReason= tracePath=[0:OPERATION:Merchant=query -> 1:REQUEST:Merchant= -> 2:RELATION:platform=Merchant.platform -> 3:PROVIDER:postgresql= -> 4:SQL:select=] mutationLineage=[]
SQL: -- TeaQL PLAIN
SELECT id, create_time AS createTime, last_update_time AS lastUpdateTime, name, version FROM platform_data WHERE (version > 0) AND (id = 1) LIMIT 1 OFFSET 0
[TeaQL SQL][query][304us] 1 rows returned outcome=success batchOutcome=not_applicable comment=matched merchant read with relation purpose=matched benchmark read auditReason= tracePath=[0:OPERATION:Merchant=query -> 1:REQUEST:Merchant= -> 2:PROVIDER:postgresql= -> 3:SQL:select=] mutationLineage=[]
SQL: -- TeaQL PLAIN
SELECT id, name, code, external_id AS externalId, task_life_hours AS taskLifeHours, version, platform FROM merchant_data WHERE (version > 0) AND (external_id = 'matched-merchant') LIMIT 1000 OFFSET 0
[TeaQL SQL][query][304us] 1 rows returned outcome=success batchOutcome=not_applicable comment=matched merchant read with relation purpose=matched benchmark read auditReason= tracePath=[0:OPERATION:Merchant=query -> 1:REQUEST:Merchant= -> 2:PROVIDER:postgresql= -> 3:SQL:select=] mutationLineage=[]
SQL: -- TeaQL PLAIN
SELECT id, name, code, external_id AS externalId, task_life_hours AS taskLifeHours, version, platform FROM merchant_data WHERE (version > 0) AND (external_id = 'matched-merchant') LIMIT 1000 OFFSET 0
[TeaQL SQL][query][304us] 1 rows returned outcome=success batchOutcome=not_applicable comment=matched merchant read with relation purpose=matched benchmark read auditReason= tracePath=[0:OPERATION:Merchant=query -> 1:REQUEST:Merchant= -> 2:RELATION:platform=Merchant.platform -> 3:PROVIDER:postgresql= -> 4:SQL:select=] mutationLineage=[]
SQL: -- TeaQL PLAIN
SELECT id, create_time AS createTime, last_update_time AS lastUpdateTime, name, version FROM platform_data WHERE (version > 0) AND (id = 1) LIMIT 1 OFFSET 0
[TeaQL SQL][query][269us] 1 rows returned outcome=success batchOutcome=not_applicable comment=matched merchant read with relation purpose=matched benchmark read auditReason= tracePath=[0:OPERATION:Merchant=query -> 1:REQUEST:Merchant= -> 2:RELATION:platform=Merchant.platform -> 3:PROVIDER:postgresql= -> 4:SQL:select=] mutationLineage=[]
SQL: -- TeaQL PLAIN
SELECT id, create_time AS createTime, last_update_time AS lastUpdateTime, name, version FROM platform_data WHERE (version > 0) AND (id = 1) LIMIT 1 OFFSET 0
[TeaQL SQL][query][315us] 1 rows returned outcome=success batchOutcome=not_applicable comment=matched merchant read with relation purpose=matched benchmark read auditReason= tracePath=[0:OPERATION:Merchant=query -> 1:REQUEST:Merchant= -> 2:PROVIDER:postgresql= -> 3:SQL:select=] mutationLineage=[]
SQL: -- TeaQL PLAIN
SELECT id, name, code, external_id AS externalId, task_life_hours AS taskLifeHours, version, platform FROM merchant_data WHERE (version > 0) AND (external_id = 'matched-merchant') LIMIT 1000 OFFSET 0
[TeaQL SQL][query][282us] 1 rows returned outcome=success batchOutcome=not_applicable comment=matched merchant read with relation purpose=matched benchmark read auditReason= tracePath=[0:OPERATION:Merchant=query -> 1:REQUEST:Merchant= -> 2:RELATION:platform=Merchant.platform -> 3:PROVIDER:postgresql= -> 4:SQL:select=] mutationLineage=[]
SQL: -- TeaQL PLAIN
SELECT id, create_time AS createTime, last_update_time AS lastUpdateTime, name, version FROM platform_data WHERE (version > 0) AND (id = 1) LIMIT 1 OFFSET 0
[TeaQL SQL][query][284us] 1 rows returned outcome=success batchOutcome=not_applicable comment=matched merchant read with relation purpose=matched benchmark read auditReason= tracePath=[0:OPERATION:Merchant=query -> 1:REQUEST:Merchant= -> 2:PROVIDER:postgresql= -> 3:SQL:select=] mutationLineage=[]
SQL: -- TeaQL PLAIN
SELECT id, name, code, external_id AS externalId, task_life_hours AS taskLifeHours, version, platform FROM merchant_data WHERE (version > 0) AND (external_id = 'matched-merchant') LIMIT 1000 OFFSET 0
[TeaQL SQL][query][326us] 1 rows returned outcome=success batchOutcome=not_applicable comment=matched merchant read with relation purpose=matched benchmark read auditReason= tracePath=[0:OPERATION:Merchant=query -> 1:REQUEST:Merchant= -> 2:RELATION:platform=Merchant.platform -> 3:PROVIDER:postgresql= -> 4:SQL:select=] mutationLineage=[]
SQL: -- TeaQL PLAIN
SELECT id, create_time AS createTime, last_update_time AS lastUpdateTime, name, version FROM platform_data WHERE (version > 0) AND (id = 1) LIMIT 1 OFFSET 0
[TeaQL SQL][query][305us] 1 rows returned outcome=success batchOutcome=not_applicable comment=matched merchant read with relation purpose=matched benchmark read auditReason= tracePath=[0:OPERATION:Merchant=query -> 1:REQUEST:Merchant= -> 2:PROVIDER:postgresql= -> 3:SQL:select=] mutationLineage=[]
SQL: -- TeaQL PLAIN
SELECT id, name, code, external_id AS externalId, task_life_hours AS taskLifeHours, version, platform FROM merchant_data WHERE (version > 0) AND (external_id = 'matched-merchant') LIMIT 1000 OFFSET 0
[TeaQL SQL][query][313us] 1 rows returned outcome=success batchOutcome=not_applicable comment=matched merchant read with relation purpose=matched benchmark read auditReason= tracePath=[0:OPERATION:Merchant=query -> 1:REQUEST:Merchant= -> 2:RELATION:platform=Merchant.platform -> 3:PROVIDER:postgresql= -> 4:SQL:select=] mutationLineage=[]
SQL: -- TeaQL PLAIN
SELECT id, create_time AS createTime, last_update_time AS lastUpdateTime, name, version FROM platform_data WHERE (version > 0) AND (id = 1) LIMIT 1 OFFSET 0
[TeaQL SQL][query][254us] 1 rows returned outcome=success batchOutcome=not_applicable comment=matched merchant read with relation purpose=matched benchmark read auditReason= tracePath=[0:OPERATION:Merchant=query -> 1:REQUEST:Merchant= -> 2:PROVIDER:postgresql= -> 3:SQL:select=] mutationLineage=[]
SQL: -- TeaQL PLAIN
SELECT id, name, code, external_id AS externalId, task_life_hours AS taskLifeHours, version, platform FROM merchant_data WHERE (version > 0) AND (external_id = 'matched-merchant') LIMIT 1000 OFFSET 0
[TeaQL SQL][query][229us] 1 rows returned outcome=success batchOutcome=not_applicable comment=matched merchant read with relation purpose=matched benchmark read auditReason= tracePath=[0:OPERATION:Merchant=query -> 1:REQUEST:Merchant= -> 2:RELATION:platform=Merchant.platform -> 3:PROVIDER:postgresql= -> 4:SQL:select=] mutationLineage=[]
SQL: -- TeaQL PLAIN
SELECT id, create_time AS createTime, last_update_time AS lastUpdateTime, name, version FROM platform_data WHERE (version > 0) AND (id = 1) LIMIT 1 OFFSET 0
[TeaQL SQL][query][465us] 1 rows returned outcome=success batchOutcome=not_applicable comment=matched merchant read with relation purpose=matched benchmark read auditReason= tracePath=[0:OPERATION:Merchant=query -> 1:REQUEST:Merchant= -> 2:PROVIDER:postgresql= -> 3:SQL:select=] mutationLineage=[]
SQL: -- TeaQL PLAIN
SELECT id, name, code, external_id AS externalId, task_life_hours AS taskLifeHours, version, platform FROM merchant_data WHERE (version > 0) AND (external_id = 'matched-merchant') LIMIT 1000 OFFSET 0
[TeaQL SQL][query][409us] 1 rows returned outcome=success batchOutcome=not_applicable comment=matched merchant read with relation purpose=matched benchmark read auditReason= tracePath=[0:OPERATION:Merchant=query -> 1:REQUEST:Merchant= -> 2:RELATION:platform=Merchant.platform -> 3:PROVIDER:postgresql= -> 4:SQL:select=] mutationLineage=[]
SQL: -- TeaQL PLAIN
SELECT id, create_time AS createTime, last_update_time AS lastUpdateTime, name, version FROM platform_data WHERE (version > 0) AND (id = 1) LIMIT 1 OFFSET 0
[TeaQL SQL][query][350us] 1 rows returned outcome=success batchOutcome=not_applicable comment=matched merchant read with relation purpose=matched benchmark read auditReason= tracePath=[0:OPERATION:Merchant=query -> 1:REQUEST:Merchant= -> 2:PROVIDER:postgresql= -> 3:SQL:select=] mutationLineage=[]
SQL: -- TeaQL PLAIN
SELECT id, name, code, external_id AS externalId, task_life_hours AS taskLifeHours, version, platform FROM merchant_data WHERE (version > 0) AND (external_id = 'matched-merchant') LIMIT 1000 OFFSET 0
[TeaQL SQL][query][396us] 1 rows returned outcome=success batchOutcome=not_applicable comment=matched merchant read with relation purpose=matched benchmark read auditReason= tracePath=[0:OPERATION:Merchant=query -> 1:REQUEST:Merchant= -> 2:PROVIDER:postgresql= -> 3:SQL:select=] mutationLineage=[]
SQL: -- TeaQL PLAIN
SELECT id, name, code, external_id AS externalId, task_life_hours AS taskLifeHours, version, platform FROM merchant_data WHERE (version > 0) AND (external_id = 'matched-merchant') LIMIT 1000 OFFSET 0
[TeaQL SQL][query][279us] 1 rows returned outcome=success batchOutcome=not_applicable comment=matched merchant read with relation purpose=matched benchmark read auditReason= tracePath=[0:OPERATION:Merchant=query -> 1:REQUEST:Merchant= -> 2:RELATION:platform=Merchant.platform -> 3:PROVIDER:postgresql= -> 4:SQL:select=] mutationLineage=[]
SQL: -- TeaQL PLAIN
SELECT id, create_time AS createTime, last_update_time AS lastUpdateTime, name, version FROM platform_data WHERE (version > 0) AND (id = 1) LIMIT 1 OFFSET 0
[TeaQL SQL][query][322us] 1 rows returned outcome=success batchOutcome=not_applicable comment=matched merchant read with relation purpose=matched benchmark read auditReason= tracePath=[0:OPERATION:Merchant=query -> 1:REQUEST:Merchant= -> 2:RELATION:platform=Merchant.platform -> 3:PROVIDER:postgresql= -> 4:SQL:select=] mutationLineage=[]
SQL: -- TeaQL PLAIN
SELECT id, create_time AS createTime, last_update_time AS lastUpdateTime, name, version FROM platform_data WHERE (version > 0) AND (id = 1) LIMIT 1 OFFSET 0
[TeaQL SQL][query][310us] 1 rows returned outcome=success batchOutcome=not_applicable comment=matched merchant read with relation purpose=matched benchmark read auditReason= tracePath=[0:OPERATION:Merchant=query -> 1:REQUEST:Merchant= -> 2:PROVIDER:postgresql= -> 3:SQL:select=] mutationLineage=[]
SQL: -- TeaQL PLAIN
SELECT id, name, code, external_id AS externalId, task_life_hours AS taskLifeHours, version, platform FROM merchant_data WHERE (version > 0) AND (external_id = 'matched-merchant') LIMIT 1000 OFFSET 0
[TeaQL SQL][query][289us] 1 rows returned outcome=success batchOutcome=not_applicable comment=matched merchant read with relation purpose=matched benchmark read auditReason= tracePath=[0:OPERATION:Merchant=query -> 1:REQUEST:Merchant= -> 2:RELATION:platform=Merchant.platform -> 3:PROVIDER:postgresql= -> 4:SQL:select=] mutationLineage=[]
SQL: -- TeaQL PLAIN
SELECT id, create_time AS createTime, last_update_time AS lastUpdateTime, name, version FROM platform_data WHERE (version > 0) AND (id = 1) LIMIT 1 OFFSET 0
[TeaQL SQL][query][484us] 1 rows returned outcome=success batchOutcome=not_applicable comment=matched merchant read with relation purpose=matched benchmark read auditReason= tracePath=[0:OPERATION:Merchant=query -> 1:REQUEST:Merchant= -> 2:PROVIDER:postgresql= -> 3:SQL:select=] mutationLineage=[]
SQL: -- TeaQL PLAIN
SELECT id, name, code, external_id AS externalId, task_life_hours AS taskLifeHours, version, platform FROM merchant_data WHERE (version > 0) AND (external_id = 'matched-merchant') LIMIT 1000 OFFSET 0
[TeaQL SQL][query][351us] 1 rows returned outcome=success batchOutcome=not_applicable comment=matched merchant read with relation purpose=matched benchmark read auditReason= tracePath=[0:OPERATION:Merchant=query -> 1:REQUEST:Merchant= -> 2:PROVIDER:postgresql= -> 3:SQL:select=] mutationLineage=[]
SQL: -- TeaQL PLAIN
SELECT id, name, code, external_id AS externalId, task_life_hours AS taskLifeHours, version, platform FROM merchant_data WHERE (version > 0) AND (external_id = 'matched-merchant') LIMIT 1000 OFFSET 0
[TeaQL SQL][query][440us] 1 rows returned outcome=success batchOutcome=not_applicable comment=matched merchant read with relation purpose=matched benchmark read auditReason= tracePath=[0:OPERATION:Merchant=query -> 1:REQUEST:Merchant= -> 2:RELATION:platform=Merchant.platform -> 3:PROVIDER:postgresql= -> 4:SQL:select=] mutationLineage=[]
SQL: -- TeaQL PLAIN
SELECT id, create_time AS createTime, last_update_time AS lastUpdateTime, name, version FROM platform_data WHERE (version > 0) AND (id = 1) LIMIT 1 OFFSET 0
[TeaQL SQL][query][356us] 1 rows returned outcome=success batchOutcome=not_applicable comment=matched merchant read with relation purpose=matched benchmark read auditReason= tracePath=[0:OPERATION:Merchant=query -> 1:REQUEST:Merchant= -> 2:PROVIDER:postgresql= -> 3:SQL:select=] mutationLineage=[]
SQL: -- TeaQL PLAIN
SELECT id, name, code, external_id AS externalId, task_life_hours AS taskLifeHours, version, platform FROM merchant_data WHERE (version > 0) AND (external_id = 'matched-merchant') LIMIT 1000 OFFSET 0
[TeaQL SQL][query][482us] 1 rows returned outcome=success batchOutcome=not_applicable comment=matched merchant read with relation purpose=matched benchmark read auditReason= tracePath=[0:OPERATION:Merchant=query -> 1:REQUEST:Merchant= -> 2:RELATION:platform=Merchant.platform -> 3:PROVIDER:postgresql= -> 4:SQL:select=] mutationLineage=[]
SQL: -- TeaQL PLAIN
SELECT id, create_time AS createTime, last_update_time AS lastUpdateTime, name, version FROM platform_data WHERE (version > 0) AND (id = 1) LIMIT 1 OFFSET 0
[TeaQL SQL][query][398us] 1 rows returned outcome=success batchOutcome=not_applicable comment=matched merchant read with relation purpose=matched benchmark read auditReason= tracePath=[0:OPERATION:Merchant=query -> 1:REQUEST:Merchant= -> 2:RELATION:platform=Merchant.platform -> 3:PROVIDER:postgresql= -> 4:SQL:select=] mutationLineage=[]
SQL: -- TeaQL PLAIN
SELECT id, create_time AS createTime, last_update_time AS lastUpdateTime, name, version FROM platform_data WHERE (version > 0) AND (id = 1) LIMIT 1 OFFSET 0
[TeaQL SQL][query][355us] 1 rows returned outcome=success batchOutcome=not_applicable comment=matched merchant read with relation purpose=matched benchmark read auditReason= tracePath=[0:OPERATION:Merchant=query -> 1:REQUEST:Merchant= -> 2:PROVIDER:postgresql= -> 3:SQL:select=] mutationLineage=[]
SQL: -- TeaQL PLAIN
SELECT id, name, code, external_id AS externalId, task_life_hours AS taskLifeHours, version, platform FROM merchant_data WHERE (version > 0) AND (external_id = 'matched-merchant') LIMIT 1000 OFFSET 0
[TeaQL SQL][query][370us] 1 rows returned outcome=success batchOutcome=not_applicable comment=matched merchant read with relation purpose=matched benchmark read auditReason= tracePath=[0:OPERATION:Merchant=query -> 1:REQUEST:Merchant= -> 2:RELATION:platform=Merchant.platform -> 3:PROVIDER:postgresql= -> 4:SQL:select=] mutationLineage=[]
SQL: -- TeaQL PLAIN
SELECT id, create_time AS createTime, last_update_time AS lastUpdateTime, name, version FROM platform_data WHERE (version > 0) AND (id = 1) LIMIT 1 OFFSET 0
[TeaQL SQL][query][389us] 1 rows returned outcome=success batchOutcome=not_applicable comment=matched merchant read with relation purpose=matched benchmark read auditReason= tracePath=[0:OPERATION:Merchant=query -> 1:REQUEST:Merchant= -> 2:PROVIDER:postgresql= -> 3:SQL:select=] mutationLineage=[]
SQL: -- TeaQL PLAIN
SELECT id, name, code, external_id AS externalId, task_life_hours AS taskLifeHours, version, platform FROM merchant_data WHERE (version > 0) AND (external_id = 'matched-merchant') LIMIT 1000 OFFSET 0
[TeaQL SQL][query][307us] 1 rows returned outcome=success batchOutcome=not_applicable comment=matched merchant read with relation purpose=matched benchmark read auditReason= tracePath=[0:OPERATION:Merchant=query -> 1:REQUEST:Merchant= -> 2:RELATION:platform=Merchant.platform -> 3:PROVIDER:postgresql= -> 4:SQL:select=] mutationLineage=[]
SQL: -- TeaQL PLAIN
SELECT id, create_time AS createTime, last_update_time AS lastUpdateTime, name, version FROM platform_data WHERE (version > 0) AND (id = 1) LIMIT 1 OFFSET 0
[TeaQL SQL][query][464us] 1 rows returned outcome=success batchOutcome=not_applicable comment=matched merchant read with relation purpose=matched benchmark read auditReason= tracePath=[0:OPERATION:Merchant=query -> 1:REQUEST:Merchant= -> 2:PROVIDER:postgresql= -> 3:SQL:select=] mutationLineage=[]
SQL: -- TeaQL PLAIN
SELECT id, name, code, external_id AS externalId, task_life_hours AS taskLifeHours, version, platform FROM merchant_data WHERE (version > 0) AND (external_id = 'matched-merchant') LIMIT 1000 OFFSET 0
[TeaQL SQL][query][309us] 1 rows returned outcome=success batchOutcome=not_applicable comment=matched merchant read with relation purpose=matched benchmark read auditReason= tracePath=[0:OPERATION:Merchant=query -> 1:REQUEST:Merchant= -> 2:PROVIDER:postgresql= -> 3:SQL:select=] mutationLineage=[]
SQL: -- TeaQL PLAIN
SELECT id, name, code, external_id AS externalId, task_life_hours AS taskLifeHours, version, platform FROM merchant_data WHERE (version > 0) AND (external_id = 'matched-merchant') LIMIT 1000 OFFSET 0
[TeaQL SQL][query][343us] 1 rows returned outcome=success batchOutcome=not_applicable comment=matched merchant read with relation purpose=matched benchmark read auditReason= tracePath=[0:OPERATION:Merchant=query -> 1:REQUEST:Merchant= -> 2:PROVIDER:postgresql= -> 3:SQL:select=] mutationLineage=[]
SQL: -- TeaQL PLAIN
SELECT id, name, code, external_id AS externalId, task_life_hours AS taskLifeHours, version, platform FROM merchant_data WHERE (version > 0) AND (external_id = 'matched-merchant') LIMIT 1000 OFFSET 0
[TeaQL SQL][query][265us] 1 rows returned outcome=success batchOutcome=not_applicable comment=matched merchant read with relation purpose=matched benchmark read auditReason= tracePath=[0:OPERATION:Merchant=query -> 1:REQUEST:Merchant= -> 2:RELATION:platform=Merchant.platform -> 3:PROVIDER:postgresql= -> 4:SQL:select=] mutationLineage=[]
SQL: -- TeaQL PLAIN
SELECT id, create_time AS createTime, last_update_time AS lastUpdateTime, name, version FROM platform_data WHERE (version > 0) AND (id = 1) LIMIT 1 OFFSET 0
[TeaQL SQL][query][234us] 1 rows returned outcome=success batchOutcome=not_applicable comment=matched merchant read with relation purpose=matched benchmark read auditReason= tracePath=[0:OPERATION:Merchant=query -> 1:REQUEST:Merchant= -> 2:RELATION:platform=Merchant.platform -> 3:PROVIDER:postgresql= -> 4:SQL:select=] mutationLineage=[]
SQL: -- TeaQL PLAIN
SELECT id, create_time AS createTime, last_update_time AS lastUpdateTime, name, version FROM platform_data WHERE (version > 0) AND (id = 1) LIMIT 1 OFFSET 0
[TeaQL SQL][query][262us] 1 rows returned outcome=success batchOutcome=not_applicable comment=matched merchant read with relation purpose=matched benchmark read auditReason= tracePath=[0:OPERATION:Merchant=query -> 1:REQUEST:Merchant= -> 2:RELATION:platform=Merchant.platform -> 3:PROVIDER:postgresql= -> 4:SQL:select=] mutationLineage=[]
SQL: -- TeaQL PLAIN
SELECT id, create_time AS createTime, last_update_time AS lastUpdateTime, name, version FROM platform_data WHERE (version > 0) AND (id = 1) LIMIT 1 OFFSET 0
[TeaQL SQL][query][332us] 1 rows returned outcome=success batchOutcome=not_applicable comment=matched merchant read with relation purpose=matched benchmark read auditReason= tracePath=[0:OPERATION:Merchant=query -> 1:REQUEST:Merchant= -> 2:PROVIDER:postgresql= -> 3:SQL:select=] mutationLineage=[]
SQL: -- TeaQL PLAIN
SELECT id, name, code, external_id AS externalId, task_life_hours AS taskLifeHours, version, platform FROM merchant_data WHERE (version > 0) AND (external_id = 'matched-merchant') LIMIT 1000 OFFSET 0
[TeaQL SQL][query][286us] 1 rows returned outcome=success batchOutcome=not_applicable comment=matched merchant read with relation purpose=matched benchmark read auditReason= tracePath=[0:OPERATION:Merchant=query -> 1:REQUEST:Merchant= -> 2:RELATION:platform=Merchant.platform -> 3:PROVIDER:postgresql= -> 4:SQL:select=] mutationLineage=[]
SQL: -- TeaQL PLAIN
SELECT id, create_time AS createTime, last_update_time AS lastUpdateTime, name, version FROM platform_data WHERE (version > 0) AND (id = 1) LIMIT 1 OFFSET 0
[TeaQL SQL][query][464us] 1 rows returned outcome=success batchOutcome=not_applicable comment=matched merchant read with relation purpose=matched benchmark read auditReason= tracePath=[0:OPERATION:Merchant=query -> 1:REQUEST:Merchant= -> 2:PROVIDER:postgresql= -> 3:SQL:select=] mutationLineage=[]
SQL: -- TeaQL PLAIN
SELECT id, name, code, external_id AS externalId, task_life_hours AS taskLifeHours, version, platform FROM merchant_data WHERE (version > 0) AND (external_id = 'matched-merchant') LIMIT 1000 OFFSET 0
[TeaQL SQL][query][463us] 1 rows returned outcome=success batchOutcome=not_applicable comment=matched merchant read with relation purpose=matched benchmark read auditReason= tracePath=[0:OPERATION:Merchant=query -> 1:REQUEST:Merchant= -> 2:PROVIDER:postgresql= -> 3:SQL:select=] mutationLineage=[]
SQL: -- TeaQL PLAIN
SELECT id, name, code, external_id AS externalId, task_life_hours AS taskLifeHours, version, platform FROM merchant_data WHERE (version > 0) AND (external_id = 'matched-merchant') LIMIT 1000 OFFSET 0
[TeaQL SQL][query][301us] 1 rows returned outcome=success batchOutcome=not_applicable comment=matched merchant read with relation purpose=matched benchmark read auditReason= tracePath=[0:OPERATION:Merchant=query -> 1:REQUEST:Merchant= -> 2:RELATION:platform=Merchant.platform -> 3:PROVIDER:postgresql= -> 4:SQL:select=] mutationLineage=[]
SQL: -- TeaQL PLAIN
SELECT id, create_time AS createTime, last_update_time AS lastUpdateTime, name, version FROM platform_data WHERE (version > 0) AND (id = 1) LIMIT 1 OFFSET 0
[TeaQL SQL][query][282us] 1 rows returned outcome=success batchOutcome=not_applicable comment=matched merchant read with relation purpose=matched benchmark read auditReason= tracePath=[0:OPERATION:Merchant=query -> 1:REQUEST:Merchant= -> 2:RELATION:platform=Merchant.platform -> 3:PROVIDER:postgresql= -> 4:SQL:select=] mutationLineage=[]
SQL: -- TeaQL PLAIN
SELECT id, create_time AS createTime, last_update_time AS lastUpdateTime, name, version FROM platform_data WHERE (version > 0) AND (id = 1) LIMIT 1 OFFSET 0
[TeaQL SQL][query][276us] 1 rows returned outcome=success batchOutcome=not_applicable comment=matched merchant read with relation purpose=matched benchmark read auditReason= tracePath=[0:OPERATION:Merchant=query -> 1:REQUEST:Merchant= -> 2:PROVIDER:postgresql= -> 3:SQL:select=] mutationLineage=[]
SQL: -- TeaQL PLAIN
SELECT id, name, code, external_id AS externalId, task_life_hours AS taskLifeHours, version, platform FROM merchant_data WHERE (version > 0) AND (external_id = 'matched-merchant') LIMIT 1000 OFFSET 0
[TeaQL SQL][query][250us] 1 rows returned outcome=success batchOutcome=not_applicable comment=matched merchant read with relation purpose=matched benchmark read auditReason= tracePath=[0:OPERATION:Merchant=query -> 1:REQUEST:Merchant= -> 2:PROVIDER:postgresql= -> 3:SQL:select=] mutationLineage=[]
SQL: -- TeaQL PLAIN
SELECT id, name, code, external_id AS externalId, task_life_hours AS taskLifeHours, version, platform FROM merchant_data WHERE (version > 0) AND (external_id = 'matched-merchant') LIMIT 1000 OFFSET 0
[TeaQL SQL][query][260us] 1 rows returned outcome=success batchOutcome=not_applicable comment=matched merchant read with relation purpose=matched benchmark read auditReason= tracePath=[0:OPERATION:Merchant=query -> 1:REQUEST:Merchant= -> 2:RELATION:platform=Merchant.platform -> 3:PROVIDER:postgresql= -> 4:SQL:select=] mutationLineage=[]
SQL: -- TeaQL PLAIN
SELECT id, create_time AS createTime, last_update_time AS lastUpdateTime, name, version FROM platform_data WHERE (version > 0) AND (id = 1) LIMIT 1 OFFSET 0
[TeaQL SQL][query][211us] 1 rows returned outcome=success batchOutcome=not_applicable comment=matched merchant read with relation purpose=matched benchmark read auditReason= tracePath=[0:OPERATION:Merchant=query -> 1:REQUEST:Merchant= -> 2:RELATION:platform=Merchant.platform -> 3:PROVIDER:postgresql= -> 4:SQL:select=] mutationLineage=[]
SQL: -- TeaQL PLAIN
SELECT id, create_time AS createTime, last_update_time AS lastUpdateTime, name, version FROM platform_data WHERE (version > 0) AND (id = 1) LIMIT 1 OFFSET 0
[TeaQL SQL][query][424us] 1 rows returned outcome=success batchOutcome=not_applicable comment=matched merchant read with relation purpose=matched benchmark read auditReason= tracePath=[0:OPERATION:Merchant=query -> 1:REQUEST:Merchant= -> 2:PROVIDER:postgresql= -> 3:SQL:select=] mutationLineage=[]
SQL: -- TeaQL PLAIN
SELECT id, name, code, external_id AS externalId, task_life_hours AS taskLifeHours, version, platform FROM merchant_data WHERE (version > 0) AND (external_id = 'matched-merchant') LIMIT 1000 OFFSET 0
[TeaQL SQL][query][433us] 1 rows returned outcome=success batchOutcome=not_applicable comment=matched merchant read with relation purpose=matched benchmark read auditReason= tracePath=[0:OPERATION:Merchant=query -> 1:REQUEST:Merchant= -> 2:PROVIDER:postgresql= -> 3:SQL:select=] mutationLineage=[]
SQL: -- TeaQL PLAIN
SELECT id, name, code, external_id AS externalId, task_life_hours AS taskLifeHours, version, platform FROM merchant_data WHERE (version > 0) AND (external_id = 'matched-merchant') LIMIT 1000 OFFSET 0
[TeaQL SQL][query][433us] 1 rows returned outcome=success batchOutcome=not_applicable comment=matched merchant read with relation purpose=matched benchmark read auditReason= tracePath=[0:OPERATION:Merchant=query -> 1:REQUEST:Merchant= -> 2:PROVIDER:postgresql= -> 3:SQL:select=] mutationLineage=[]
SQL: -- TeaQL PLAIN
SELECT id, name, code, external_id AS externalId, task_life_hours AS taskLifeHours, version, platform FROM merchant_data WHERE (version > 0) AND (external_id = 'matched-merchant') LIMIT 1000 OFFSET 0
[TeaQL SQL][query][347us] 1 rows returned outcome=success batchOutcome=not_applicable comment=matched merchant read with relation purpose=matched benchmark read auditReason= tracePath=[0:OPERATION:Merchant=query -> 1:REQUEST:Merchant= -> 2:RELATION:platform=Merchant.platform -> 3:PROVIDER:postgresql= -> 4:SQL:select=] mutationLineage=[]
SQL: -- TeaQL PLAIN
SELECT id, create_time AS createTime, last_update_time AS lastUpdateTime, name, version FROM platform_data WHERE (version > 0) AND (id = 1) LIMIT 1 OFFSET 0
[TeaQL SQL][query][295us] 1 rows returned outcome=success batchOutcome=not_applicable comment=matched merchant read with relation purpose=matched benchmark read auditReason= tracePath=[0:OPERATION:Merchant=query -> 1:REQUEST:Merchant= -> 2:RELATION:platform=Merchant.platform -> 3:PROVIDER:postgresql= -> 4:SQL:select=] mutationLineage=[]
SQL: -- TeaQL PLAIN
SELECT id, create_time AS createTime, last_update_time AS lastUpdateTime, name, version FROM platform_data WHERE (version > 0) AND (id = 1) LIMIT 1 OFFSET 0
[TeaQL SQL][query][300us] 1 rows returned outcome=success batchOutcome=not_applicable comment=matched merchant read with relation purpose=matched benchmark read auditReason= tracePath=[0:OPERATION:Merchant=query -> 1:REQUEST:Merchant= -> 2:RELATION:platform=Merchant.platform -> 3:PROVIDER:postgresql= -> 4:SQL:select=] mutationLineage=[]
SQL: -- TeaQL PLAIN
SELECT id, create_time AS createTime, last_update_time AS lastUpdateTime, name, version FROM platform_data WHERE (version > 0) AND (id = 1) LIMIT 1 OFFSET 0
[TeaQL SQL][query][2337us] 1 rows returned outcome=success batchOutcome=not_applicable comment=matched merchant read with relation purpose=matched benchmark read auditReason= tracePath=[0:OPERATION:Merchant=query -> 1:REQUEST:Merchant= -> 2:PROVIDER:postgresql= -> 3:SQL:select=] mutationLineage=[]
SQL: -- TeaQL PLAIN
SELECT id, name, code, external_id AS externalId, task_life_hours AS taskLifeHours, version, platform FROM merchant_data WHERE (version > 0) AND (external_id = 'matched-merchant') LIMIT 1000 OFFSET 0
[TeaQL SQL][query][762us] 1 rows returned outcome=success batchOutcome=not_applicable comment=matched merchant read with relation purpose=matched benchmark read auditReason= tracePath=[0:OPERATION:Merchant=query -> 1:REQUEST:Merchant= -> 2:RELATION:platform=Merchant.platform -> 3:PROVIDER:postgresql= -> 4:SQL:select=] mutationLineage=[]
SQL: -- TeaQL PLAIN
SELECT id, create_time AS createTime, last_update_time AS lastUpdateTime, name, version FROM platform_data WHERE (version > 0) AND (id = 1) LIMIT 1 OFFSET 0
[TeaQL SQL][query][329us] 1 rows returned outcome=success batchOutcome=not_applicable comment=matched merchant read with relation purpose=matched benchmark read auditReason= tracePath=[0:OPERATION:Merchant=query -> 1:REQUEST:Merchant= -> 2:PROVIDER:postgresql= -> 3:SQL:select=] mutationLineage=[]
SQL: -- TeaQL PLAIN
SELECT id, name, code, external_id AS externalId, task_life_hours AS taskLifeHours, version, platform FROM merchant_data WHERE (version > 0) AND (external_id = 'matched-merchant') LIMIT 1000 OFFSET 0
[TeaQL SQL][query][284us] 1 rows returned outcome=success batchOutcome=not_applicable comment=matched merchant read with relation purpose=matched benchmark read auditReason= tracePath=[0:OPERATION:Merchant=query -> 1:REQUEST:Merchant= -> 2:RELATION:platform=Merchant.platform -> 3:PROVIDER:postgresql= -> 4:SQL:select=] mutationLineage=[]
SQL: -- TeaQL PLAIN
SELECT id, create_time AS createTime, last_update_time AS lastUpdateTime, name, version FROM platform_data WHERE (version > 0) AND (id = 1) LIMIT 1 OFFSET 0
[TeaQL SQL][query][238us] 1 rows returned outcome=success batchOutcome=not_applicable comment=matched merchant read with relation purpose=matched benchmark read auditReason= tracePath=[0:OPERATION:Merchant=query -> 1:REQUEST:Merchant= -> 2:PROVIDER:postgresql= -> 3:SQL:select=] mutationLineage=[]
SQL: -- TeaQL PLAIN
SELECT id, name, code, external_id AS externalId, task_life_hours AS taskLifeHours, version, platform FROM merchant_data WHERE (version > 0) AND (external_id = 'matched-merchant') LIMIT 1000 OFFSET 0
[TeaQL SQL][query][234us] 1 rows returned outcome=success batchOutcome=not_applicable comment=matched merchant read with relation purpose=matched benchmark read auditReason= tracePath=[0:OPERATION:Merchant=query -> 1:REQUEST:Merchant= -> 2:RELATION:platform=Merchant.platform -> 3:PROVIDER:postgresql= -> 4:SQL:select=] mutationLineage=[]
SQL: -- TeaQL PLAIN
SELECT id, create_time AS createTime, last_update_time AS lastUpdateTime, name, version FROM platform_data WHERE (version > 0) AND (id = 1) LIMIT 1 OFFSET 0
[TeaQL SQL][query][244us] 1 rows returned outcome=success batchOutcome=not_applicable comment=matched merchant read with relation purpose=matched benchmark read auditReason= tracePath=[0:OPERATION:Merchant=query -> 1:REQUEST:Merchant= -> 2:PROVIDER:postgresql= -> 3:SQL:select=] mutationLineage=[]
SQL: -- TeaQL PLAIN
SELECT id, name, code, external_id AS externalId, task_life_hours AS taskLifeHours, version, platform FROM merchant_data WHERE (version > 0) AND (external_id = 'matched-merchant') LIMIT 1000 OFFSET 0
[TeaQL SQL][query][431us] 1 rows returned outcome=success batchOutcome=not_applicable comment=matched merchant read with relation purpose=matched benchmark read auditReason= tracePath=[0:OPERATION:Merchant=query -> 1:REQUEST:Merchant= -> 2:PROVIDER:postgresql= -> 3:SQL:select=] mutationLineage=[]
SQL: -- TeaQL PLAIN
SELECT id, name, code, external_id AS externalId, task_life_hours AS taskLifeHours, version, platform FROM merchant_data WHERE (version > 0) AND (external_id = 'matched-merchant') LIMIT 1000 OFFSET 0
[TeaQL SQL][query][237us] 1 rows returned outcome=success batchOutcome=not_applicable comment=matched merchant read with relation purpose=matched benchmark read auditReason= tracePath=[0:OPERATION:Merchant=query -> 1:REQUEST:Merchant= -> 2:RELATION:platform=Merchant.platform -> 3:PROVIDER:postgresql= -> 4:SQL:select=] mutationLineage=[]
SQL: -- TeaQL PLAIN
SELECT id, create_time AS createTime, last_update_time AS lastUpdateTime, name, version FROM platform_data WHERE (version > 0) AND (id = 1) LIMIT 1 OFFSET 0
[TeaQL SQL][query][498us] 1 rows returned outcome=success batchOutcome=not_applicable comment=matched merchant read with relation purpose=matched benchmark read auditReason= tracePath=[0:OPERATION:Merchant=query -> 1:REQUEST:Merchant= -> 2:RELATION:platform=Merchant.platform -> 3:PROVIDER:postgresql= -> 4:SQL:select=] mutationLineage=[]
SQL: -- TeaQL PLAIN
SELECT id, create_time AS createTime, last_update_time AS lastUpdateTime, name, version FROM platform_data WHERE (version > 0) AND (id = 1) LIMIT 1 OFFSET 0
[TeaQL SQL][query][270us] 1 rows returned outcome=success batchOutcome=not_applicable comment=matched merchant read with relation purpose=matched benchmark read auditReason= tracePath=[0:OPERATION:Merchant=query -> 1:REQUEST:Merchant= -> 2:PROVIDER:postgresql= -> 3:SQL:select=] mutationLineage=[]
SQL: -- TeaQL PLAIN
SELECT id, name, code, external_id AS externalId, task_life_hours AS taskLifeHours, version, platform FROM merchant_data WHERE (version > 0) AND (external_id = 'matched-merchant') LIMIT 1000 OFFSET 0
[TeaQL SQL][query][248us] 1 rows returned outcome=success batchOutcome=not_applicable comment=matched merchant read with relation purpose=matched benchmark read auditReason= tracePath=[0:OPERATION:Merchant=query -> 1:REQUEST:Merchant= -> 2:RELATION:platform=Merchant.platform -> 3:PROVIDER:postgresql= -> 4:SQL:select=] mutationLineage=[]
SQL: -- TeaQL PLAIN
SELECT id, create_time AS createTime, last_update_time AS lastUpdateTime, name, version FROM platform_data WHERE (version > 0) AND (id = 1) LIMIT 1 OFFSET 0
[TeaQL SQL][query][263us] 1 rows returned outcome=success batchOutcome=not_applicable comment=matched merchant read with relation purpose=matched benchmark read auditReason= tracePath=[0:OPERATION:Merchant=query -> 1:REQUEST:Merchant= -> 2:PROVIDER:postgresql= -> 3:SQL:select=] mutationLineage=[]
SQL: -- TeaQL PLAIN
SELECT id, name, code, external_id AS externalId, task_life_hours AS taskLifeHours, version, platform FROM merchant_data WHERE (version > 0) AND (external_id = 'matched-merchant') LIMIT 1000 OFFSET 0
[TeaQL SQL][query][236us] 1 rows returned outcome=success batchOutcome=not_applicable comment=matched merchant read with relation purpose=matched benchmark read auditReason= tracePath=[0:OPERATION:Merchant=query -> 1:REQUEST:Merchant= -> 2:RELATION:platform=Merchant.platform -> 3:PROVIDER:postgresql= -> 4:SQL:select=] mutationLineage=[]
SQL: -- TeaQL PLAIN
SELECT id, create_time AS createTime, last_update_time AS lastUpdateTime, name, version FROM platform_data WHERE (version > 0) AND (id = 1) LIMIT 1 OFFSET 0
[TeaQL SQL][query][275us] 1 rows returned outcome=success batchOutcome=not_applicable comment=matched merchant read with relation purpose=matched benchmark read auditReason= tracePath=[0:OPERATION:Merchant=query -> 1:REQUEST:Merchant= -> 2:PROVIDER:postgresql= -> 3:SQL:select=] mutationLineage=[]
SQL: -- TeaQL PLAIN
SELECT id, name, code, external_id AS externalId, task_life_hours AS taskLifeHours, version, platform FROM merchant_data WHERE (version > 0) AND (external_id = 'matched-merchant') LIMIT 1000 OFFSET 0
[TeaQL SQL][query][254us] 1 rows returned outcome=success batchOutcome=not_applicable comment=matched merchant read with relation purpose=matched benchmark read auditReason= tracePath=[0:OPERATION:Merchant=query -> 1:REQUEST:Merchant= -> 2:RELATION:platform=Merchant.platform -> 3:PROVIDER:postgresql= -> 4:SQL:select=] mutationLineage=[]
SQL: -- TeaQL PLAIN
SELECT id, create_time AS createTime, last_update_time AS lastUpdateTime, name, version FROM platform_data WHERE (version > 0) AND (id = 1) LIMIT 1 OFFSET 0
[TeaQL SQL][query][412us] 1 rows returned outcome=success batchOutcome=not_applicable comment=matched merchant read with relation purpose=matched benchmark read auditReason= tracePath=[0:OPERATION:Merchant=query -> 1:REQUEST:Merchant= -> 2:PROVIDER:postgresql= -> 3:SQL:select=] mutationLineage=[]
SQL: -- TeaQL PLAIN
SELECT id, name, code, external_id AS externalId, task_life_hours AS taskLifeHours, version, platform FROM merchant_data WHERE (version > 0) AND (external_id = 'matched-merchant') LIMIT 1000 OFFSET 0
[TeaQL SQL][query][407us] 1 rows returned outcome=success batchOutcome=not_applicable comment=matched merchant read with relation purpose=matched benchmark read auditReason= tracePath=[0:OPERATION:Merchant=query -> 1:REQUEST:Merchant= -> 2:RELATION:platform=Merchant.platform -> 3:PROVIDER:postgresql= -> 4:SQL:select=] mutationLineage=[]
SQL: -- TeaQL PLAIN
SELECT id, create_time AS createTime, last_update_time AS lastUpdateTime, name, version FROM platform_data WHERE (version > 0) AND (id = 1) LIMIT 1 OFFSET 0
[TeaQL SQL][query][272us] 1 rows returned outcome=success batchOutcome=not_applicable comment=matched merchant read with relation purpose=matched benchmark read auditReason= tracePath=[0:OPERATION:Merchant=query -> 1:REQUEST:Merchant= -> 2:PROVIDER:postgresql= -> 3:SQL:select=] mutationLineage=[]
SQL: -- TeaQL PLAIN
SELECT id, name, code, external_id AS externalId, task_life_hours AS taskLifeHours, version, platform FROM merchant_data WHERE (version > 0) AND (external_id = 'matched-merchant') LIMIT 1000 OFFSET 0
[TeaQL SQL][query][232us] 1 rows returned outcome=success batchOutcome=not_applicable comment=matched merchant read with relation purpose=matched benchmark read auditReason= tracePath=[0:OPERATION:Merchant=query -> 1:REQUEST:Merchant= -> 2:RELATION:platform=Merchant.platform -> 3:PROVIDER:postgresql= -> 4:SQL:select=] mutationLineage=[]
SQL: -- TeaQL PLAIN
SELECT id, create_time AS createTime, last_update_time AS lastUpdateTime, name, version FROM platform_data WHERE (version > 0) AND (id = 1) LIMIT 1 OFFSET 0
[TeaQL SQL][query][265us] 1 rows returned outcome=success batchOutcome=not_applicable comment=matched merchant read with relation purpose=matched benchmark read auditReason= tracePath=[0:OPERATION:Merchant=query -> 1:REQUEST:Merchant= -> 2:PROVIDER:postgresql= -> 3:SQL:select=] mutationLineage=[]
SQL: -- TeaQL PLAIN
SELECT id, name, code, external_id AS externalId, task_life_hours AS taskLifeHours, version, platform FROM merchant_data WHERE (version > 0) AND (external_id = 'matched-merchant') LIMIT 1000 OFFSET 0
[TeaQL SQL][query][276us] 1 rows returned outcome=success batchOutcome=not_applicable comment=matched merchant read with relation purpose=matched benchmark read auditReason= tracePath=[0:OPERATION:Merchant=query -> 1:REQUEST:Merchant= -> 2:RELATION:platform=Merchant.platform -> 3:PROVIDER:postgresql= -> 4:SQL:select=] mutationLineage=[]
SQL: -- TeaQL PLAIN
SELECT id, create_time AS createTime, last_update_time AS lastUpdateTime, name, version FROM platform_data WHERE (version > 0) AND (id = 1) LIMIT 1 OFFSET 0
[TeaQL SQL][query][246us] 1 rows returned outcome=success batchOutcome=not_applicable comment=matched merchant read with relation purpose=matched benchmark read auditReason= tracePath=[0:OPERATION:Merchant=query -> 1:REQUEST:Merchant= -> 2:PROVIDER:postgresql= -> 3:SQL:select=] mutationLineage=[]
SQL: -- TeaQL PLAIN
SELECT id, name, code, external_id AS externalId, task_life_hours AS taskLifeHours, version, platform FROM merchant_data WHERE (version > 0) AND (external_id = 'matched-merchant') LIMIT 1000 OFFSET 0
[TeaQL SQL][query][222us] 1 rows returned outcome=success batchOutcome=not_applicable comment=matched merchant read with relation purpose=matched benchmark read auditReason= tracePath=[0:OPERATION:Merchant=query -> 1:REQUEST:Merchant= -> 2:RELATION:platform=Merchant.platform -> 3:PROVIDER:postgresql= -> 4:SQL:select=] mutationLineage=[]
SQL: -- TeaQL PLAIN
SELECT id, create_time AS createTime, last_update_time AS lastUpdateTime, name, version FROM platform_data WHERE (version > 0) AND (id = 1) LIMIT 1 OFFSET 0
[TeaQL SQL][query][542us] 1 rows returned outcome=success batchOutcome=not_applicable comment=matched merchant read with relation purpose=matched benchmark read auditReason= tracePath=[0:OPERATION:Merchant=query -> 1:REQUEST:Merchant= -> 2:PROVIDER:postgresql= -> 3:SQL:select=] mutationLineage=[]
SQL: -- TeaQL PLAIN
SELECT id, name, code, external_id AS externalId, task_life_hours AS taskLifeHours, version, platform FROM merchant_data WHERE (version > 0) AND (external_id = 'matched-merchant') LIMIT 1000 OFFSET 0
[TeaQL SQL][query][199us] 1 rows returned outcome=success batchOutcome=not_applicable comment=matched merchant read with relation purpose=matched benchmark read auditReason= tracePath=[0:OPERATION:Merchant=query -> 1:REQUEST:Merchant= -> 2:PROVIDER:postgresql= -> 3:SQL:select=] mutationLineage=[]
SQL: -- TeaQL PLAIN
SELECT id, name, code, external_id AS externalId, task_life_hours AS taskLifeHours, version, platform FROM merchant_data WHERE (version > 0) AND (external_id = 'matched-merchant') LIMIT 1000 OFFSET 0
[TeaQL SQL][query][486us] 1 rows returned outcome=success batchOutcome=not_applicable comment=matched merchant read with relation purpose=matched benchmark read auditReason= tracePath=[0:OPERATION:Merchant=query -> 1:REQUEST:Merchant= -> 2:RELATION:platform=Merchant.platform -> 3:PROVIDER:postgresql= -> 4:SQL:select=] mutationLineage=[]
SQL: -- TeaQL PLAIN
SELECT id, create_time AS createTime, last_update_time AS lastUpdateTime, name, version FROM platform_data WHERE (version > 0) AND (id = 1) LIMIT 1 OFFSET 0
[TeaQL SQL][query][237us] 1 rows returned outcome=success batchOutcome=not_applicable comment=matched merchant read with relation purpose=matched benchmark read auditReason= tracePath=[0:OPERATION:Merchant=query -> 1:REQUEST:Merchant= -> 2:RELATION:platform=Merchant.platform -> 3:PROVIDER:postgresql= -> 4:SQL:select=] mutationLineage=[]
SQL: -- TeaQL PLAIN
SELECT id, create_time AS createTime, last_update_time AS lastUpdateTime, name, version FROM platform_data WHERE (version > 0) AND (id = 1) LIMIT 1 OFFSET 0
[TeaQL SQL][query][266us] 1 rows returned outcome=success batchOutcome=not_applicable comment=matched merchant read with relation purpose=matched benchmark read auditReason= tracePath=[0:OPERATION:Merchant=query -> 1:REQUEST:Merchant= -> 2:PROVIDER:postgresql= -> 3:SQL:select=] mutationLineage=[]
SQL: -- TeaQL PLAIN
SELECT id, name, code, external_id AS externalId, task_life_hours AS taskLifeHours, version, platform FROM merchant_data WHERE (version > 0) AND (external_id = 'matched-merchant') LIMIT 1000 OFFSET 0
[TeaQL SQL][query][221us] 1 rows returned outcome=success batchOutcome=not_applicable comment=matched merchant read with relation purpose=matched benchmark read auditReason= tracePath=[0:OPERATION:Merchant=query -> 1:REQUEST:Merchant= -> 2:RELATION:platform=Merchant.platform -> 3:PROVIDER:postgresql= -> 4:SQL:select=] mutationLineage=[]
SQL: -- TeaQL PLAIN
SELECT id, create_time AS createTime, last_update_time AS lastUpdateTime, name, version FROM platform_data WHERE (version > 0) AND (id = 1) LIMIT 1 OFFSET 0
[TeaQL SQL][query][274us] 1 rows returned outcome=success batchOutcome=not_applicable comment=matched merchant read with relation purpose=matched benchmark read auditReason= tracePath=[0:OPERATION:Merchant=query -> 1:REQUEST:Merchant= -> 2:PROVIDER:postgresql= -> 3:SQL:select=] mutationLineage=[]
SQL: -- TeaQL PLAIN
SELECT id, name, code, external_id AS externalId, task_life_hours AS taskLifeHours, version, platform FROM merchant_data WHERE (version > 0) AND (external_id = 'matched-merchant') LIMIT 1000 OFFSET 0
[TeaQL SQL][query][266us] 1 rows returned outcome=success batchOutcome=not_applicable comment=matched merchant read with relation purpose=matched benchmark read auditReason= tracePath=[0:OPERATION:Merchant=query -> 1:REQUEST:Merchant= -> 2:RELATION:platform=Merchant.platform -> 3:PROVIDER:postgresql= -> 4:SQL:select=] mutationLineage=[]
SQL: -- TeaQL PLAIN
SELECT id, create_time AS createTime, last_update_time AS lastUpdateTime, name, version FROM platform_data WHERE (version > 0) AND (id = 1) LIMIT 1 OFFSET 0
[TeaQL SQL][query][454us] 1 rows returned outcome=success batchOutcome=not_applicable comment=matched merchant read with relation purpose=matched benchmark read auditReason= tracePath=[0:OPERATION:Merchant=query -> 1:REQUEST:Merchant= -> 2:PROVIDER:postgresql= -> 3:SQL:select=] mutationLineage=[]
SQL: -- TeaQL PLAIN
SELECT id, name, code, external_id AS externalId, task_life_hours AS taskLifeHours, version, platform FROM merchant_data WHERE (version > 0) AND (external_id = 'matched-merchant') LIMIT 1000 OFFSET 0
[TeaQL SQL][query][415us] 1 rows returned outcome=success batchOutcome=not_applicable comment=matched merchant read with relation purpose=matched benchmark read auditReason= tracePath=[0:OPERATION:Merchant=query -> 1:REQUEST:Merchant= -> 2:RELATION:platform=Merchant.platform -> 3:PROVIDER:postgresql= -> 4:SQL:select=] mutationLineage=[]
SQL: -- TeaQL PLAIN
SELECT id, create_time AS createTime, last_update_time AS lastUpdateTime, name, version FROM platform_data WHERE (version > 0) AND (id = 1) LIMIT 1 OFFSET 0
[TeaQL SQL][query][222us] 1 rows returned outcome=success batchOutcome=not_applicable comment=matched merchant read with relation purpose=matched benchmark read auditReason= tracePath=[0:OPERATION:Merchant=query -> 1:REQUEST:Merchant= -> 2:PROVIDER:postgresql= -> 3:SQL:select=] mutationLineage=[]
SQL: -- TeaQL PLAIN
SELECT id, name, code, external_id AS externalId, task_life_hours AS taskLifeHours, version, platform FROM merchant_data WHERE (version > 0) AND (external_id = 'matched-merchant') LIMIT 1000 OFFSET 0
[TeaQL SQL][query][330us] 1 rows returned outcome=success batchOutcome=not_applicable comment=matched merchant read with relation purpose=matched benchmark read auditReason= tracePath=[0:OPERATION:Merchant=query -> 1:REQUEST:Merchant= -> 2:PROVIDER:postgresql= -> 3:SQL:select=] mutationLineage=[]
SQL: -- TeaQL PLAIN
SELECT id, name, code, external_id AS externalId, task_life_hours AS taskLifeHours, version, platform FROM merchant_data WHERE (version > 0) AND (external_id = 'matched-merchant') LIMIT 1000 OFFSET 0
[TeaQL SQL][query][272us] 1 rows returned outcome=success batchOutcome=not_applicable comment=matched merchant read with relation purpose=matched benchmark read auditReason= tracePath=[0:OPERATION:Merchant=query -> 1:REQUEST:Merchant= -> 2:RELATION:platform=Merchant.platform -> 3:PROVIDER:postgresql= -> 4:SQL:select=] mutationLineage=[]
SQL: -- TeaQL PLAIN
SELECT id, create_time AS createTime, last_update_time AS lastUpdateTime, name, version FROM platform_data WHERE (version > 0) AND (id = 1) LIMIT 1 OFFSET 0
[TeaQL SQL][query][269us] 1 rows returned outcome=success batchOutcome=not_applicable comment=matched merchant read with relation purpose=matched benchmark read auditReason= tracePath=[0:OPERATION:Merchant=query -> 1:REQUEST:Merchant= -> 2:RELATION:platform=Merchant.platform -> 3:PROVIDER:postgresql= -> 4:SQL:select=] mutationLineage=[]
SQL: -- TeaQL PLAIN
SELECT id, create_time AS createTime, last_update_time AS lastUpdateTime, name, version FROM platform_data WHERE (version > 0) AND (id = 1) LIMIT 1 OFFSET 0
[TeaQL SQL][query][294us] 1 rows returned outcome=success batchOutcome=not_applicable comment=matched merchant read with relation purpose=matched benchmark read auditReason= tracePath=[0:OPERATION:Merchant=query -> 1:REQUEST:Merchant= -> 2:PROVIDER:postgresql= -> 3:SQL:select=] mutationLineage=[]
SQL: -- TeaQL PLAIN
SELECT id, name, code, external_id AS externalId, task_life_hours AS taskLifeHours, version, platform FROM merchant_data WHERE (version > 0) AND (external_id = 'matched-merchant') LIMIT 1000 OFFSET 0
[TeaQL SQL][query][265us] 1 rows returned outcome=success batchOutcome=not_applicable comment=matched merchant read with relation purpose=matched benchmark read auditReason= tracePath=[0:OPERATION:Merchant=query -> 1:REQUEST:Merchant= -> 2:RELATION:platform=Merchant.platform -> 3:PROVIDER:postgresql= -> 4:SQL:select=] mutationLineage=[]
SQL: -- TeaQL PLAIN
SELECT id, create_time AS createTime, last_update_time AS lastUpdateTime, name, version FROM platform_data WHERE (version > 0) AND (id = 1) LIMIT 1 OFFSET 0
[TeaQL SQL][query][319us] 1 rows returned outcome=success batchOutcome=not_applicable comment=matched merchant read with relation purpose=matched benchmark read auditReason= tracePath=[0:OPERATION:Merchant=query -> 1:REQUEST:Merchant= -> 2:PROVIDER:postgresql= -> 3:SQL:select=] mutationLineage=[]
SQL: -- TeaQL PLAIN
SELECT id, name, code, external_id AS externalId, task_life_hours AS taskLifeHours, version, platform FROM merchant_data WHERE (version > 0) AND (external_id = 'matched-merchant') LIMIT 1000 OFFSET 0
[TeaQL SQL][query][304us] 1 rows returned outcome=success batchOutcome=not_applicable comment=matched merchant read with relation purpose=matched benchmark read auditReason= tracePath=[0:OPERATION:Merchant=query -> 1:REQUEST:Merchant= -> 2:RELATION:platform=Merchant.platform -> 3:PROVIDER:postgresql= -> 4:SQL:select=] mutationLineage=[]
SQL: -- TeaQL PLAIN
SELECT id, create_time AS createTime, last_update_time AS lastUpdateTime, name, version FROM platform_data WHERE (version > 0) AND (id = 1) LIMIT 1 OFFSET 0
[TeaQL SQL][query][478us] 1 rows returned outcome=success batchOutcome=not_applicable comment=matched merchant read with relation purpose=matched benchmark read auditReason= tracePath=[0:OPERATION:Merchant=query -> 1:REQUEST:Merchant= -> 2:PROVIDER:postgresql= -> 3:SQL:select=] mutationLineage=[]
SQL: -- TeaQL PLAIN
SELECT id, name, code, external_id AS externalId, task_life_hours AS taskLifeHours, version, platform FROM merchant_data WHERE (version > 0) AND (external_id = 'matched-merchant') LIMIT 1000 OFFSET 0
[TeaQL SQL][query][458us] 1 rows returned outcome=success batchOutcome=not_applicable comment=matched merchant read with relation purpose=matched benchmark read auditReason= tracePath=[0:OPERATION:Merchant=query -> 1:REQUEST:Merchant= -> 2:PROVIDER:postgresql= -> 3:SQL:select=] mutationLineage=[]
SQL: -- TeaQL PLAIN
SELECT id, name, code, external_id AS externalId, task_life_hours AS taskLifeHours, version, platform FROM merchant_data WHERE (version > 0) AND (external_id = 'matched-merchant') LIMIT 1000 OFFSET 0
[TeaQL SQL][query][459us] 1 rows returned outcome=success batchOutcome=not_applicable comment=matched merchant read with relation purpose=matched benchmark read auditReason= tracePath=[0:OPERATION:Merchant=query -> 1:REQUEST:Merchant= -> 2:PROVIDER:postgresql= -> 3:SQL:select=] mutationLineage=[]
SQL: -- TeaQL PLAIN
SELECT id, name, code, external_id AS externalId, task_life_hours AS taskLifeHours, version, platform FROM merchant_data WHERE (version > 0) AND (external_id = 'matched-merchant') LIMIT 1000 OFFSET 0
[TeaQL SQL][query][380us] 1 rows returned outcome=success batchOutcome=not_applicable comment=matched merchant read with relation purpose=matched benchmark read auditReason= tracePath=[0:OPERATION:Merchant=query -> 1:REQUEST:Merchant= -> 2:RELATION:platform=Merchant.platform -> 3:PROVIDER:postgresql= -> 4:SQL:select=] mutationLineage=[]
SQL: -- TeaQL PLAIN
SELECT id, create_time AS createTime, last_update_time AS lastUpdateTime, name, version FROM platform_data WHERE (version > 0) AND (id = 1) LIMIT 1 OFFSET 0
[TeaQL SQL][query][486us] 1 rows returned outcome=success batchOutcome=not_applicable comment=matched merchant read with relation purpose=matched benchmark read auditReason= tracePath=[0:OPERATION:Merchant=query -> 1:REQUEST:Merchant= -> 2:RELATION:platform=Merchant.platform -> 3:PROVIDER:postgresql= -> 4:SQL:select=] mutationLineage=[]
SQL: -- TeaQL PLAIN
SELECT id, create_time AS createTime, last_update_time AS lastUpdateTime, name, version FROM platform_data WHERE (version > 0) AND (id = 1) LIMIT 1 OFFSET 0
[TeaQL SQL][query][411us] 1 rows returned outcome=success batchOutcome=not_applicable comment=matched merchant read with relation purpose=matched benchmark read auditReason= tracePath=[0:OPERATION:Merchant=query -> 1:REQUEST:Merchant= -> 2:RELATION:platform=Merchant.platform -> 3:PROVIDER:postgresql= -> 4:SQL:select=] mutationLineage=[]
SQL: -- TeaQL PLAIN
SELECT id, create_time AS createTime, last_update_time AS lastUpdateTime, name, version FROM platform_data WHERE (version > 0) AND (id = 1) LIMIT 1 OFFSET 0
[TeaQL SQL][query][352us] 1 rows returned outcome=success batchOutcome=not_applicable comment=matched merchant read with relation purpose=matched benchmark read auditReason= tracePath=[0:OPERATION:Merchant=query -> 1:REQUEST:Merchant= -> 2:PROVIDER:postgresql= -> 3:SQL:select=] mutationLineage=[]
SQL: -- TeaQL PLAIN
SELECT id, name, code, external_id AS externalId, task_life_hours AS taskLifeHours, version, platform FROM merchant_data WHERE (version > 0) AND (external_id = 'matched-merchant') LIMIT 1000 OFFSET 0
[TeaQL SQL][query][265us] 1 rows returned outcome=success batchOutcome=not_applicable comment=matched merchant read with relation purpose=matched benchmark read auditReason= tracePath=[0:OPERATION:Merchant=query -> 1:REQUEST:Merchant= -> 2:RELATION:platform=Merchant.platform -> 3:PROVIDER:postgresql= -> 4:SQL:select=] mutationLineage=[]
SQL: -- TeaQL PLAIN
SELECT id, create_time AS createTime, last_update_time AS lastUpdateTime, name, version FROM platform_data WHERE (version > 0) AND (id = 1) LIMIT 1 OFFSET 0
[TeaQL SQL][query][270us] 1 rows returned outcome=success batchOutcome=not_applicable comment=matched merchant read with relation purpose=matched benchmark read auditReason= tracePath=[0:OPERATION:Merchant=query -> 1:REQUEST:Merchant= -> 2:PROVIDER:postgresql= -> 3:SQL:select=] mutationLineage=[]
SQL: -- TeaQL PLAIN
SELECT id, name, code, external_id AS externalId, task_life_hours AS taskLifeHours, version, platform FROM merchant_data WHERE (version > 0) AND (external_id = 'matched-merchant') LIMIT 1000 OFFSET 0
[TeaQL SQL][query][339us] 1 rows returned outcome=success batchOutcome=not_applicable comment=matched merchant read with relation purpose=matched benchmark read auditReason= tracePath=[0:OPERATION:Merchant=query -> 1:REQUEST:Merchant= -> 2:PROVIDER:postgresql= -> 3:SQL:select=] mutationLineage=[]
SQL: -- TeaQL PLAIN
SELECT id, name, code, external_id AS externalId, task_life_hours AS taskLifeHours, version, platform FROM merchant_data WHERE (version > 0) AND (external_id = 'matched-merchant') LIMIT 1000 OFFSET 0
[TeaQL SQL][query][222us] 1 rows returned outcome=success batchOutcome=not_applicable comment=matched merchant read with relation purpose=matched benchmark read auditReason= tracePath=[0:OPERATION:Merchant=query -> 1:REQUEST:Merchant= -> 2:RELATION:platform=Merchant.platform -> 3:PROVIDER:postgresql= -> 4:SQL:select=] mutationLineage=[]
SQL: -- TeaQL PLAIN
SELECT id, create_time AS createTime, last_update_time AS lastUpdateTime, name, version FROM platform_data WHERE (version > 0) AND (id = 1) LIMIT 1 OFFSET 0
[TeaQL SQL][query][278us] 1 rows returned outcome=success batchOutcome=not_applicable comment=matched merchant read with relation purpose=matched benchmark read auditReason= tracePath=[0:OPERATION:Merchant=query -> 1:REQUEST:Merchant= -> 2:RELATION:platform=Merchant.platform -> 3:PROVIDER:postgresql= -> 4:SQL:select=] mutationLineage=[]
SQL: -- TeaQL PLAIN
SELECT id, create_time AS createTime, last_update_time AS lastUpdateTime, name, version FROM platform_data WHERE (version > 0) AND (id = 1) LIMIT 1 OFFSET 0
[TeaQL SQL][query][308us] 1 rows returned outcome=success batchOutcome=not_applicable comment=matched merchant read with relation purpose=matched benchmark read auditReason= tracePath=[0:OPERATION:Merchant=query -> 1:REQUEST:Merchant= -> 2:PROVIDER:postgresql= -> 3:SQL:select=] mutationLineage=[]
SQL: -- TeaQL PLAIN
SELECT id, name, code, external_id AS externalId, task_life_hours AS taskLifeHours, version, platform FROM merchant_data WHERE (version > 0) AND (external_id = 'matched-merchant') LIMIT 1000 OFFSET 0
[TeaQL SQL][query][252us] 1 rows returned outcome=success batchOutcome=not_applicable comment=matched merchant read with relation purpose=matched benchmark read auditReason= tracePath=[0:OPERATION:Merchant=query -> 1:REQUEST:Merchant= -> 2:RELATION:platform=Merchant.platform -> 3:PROVIDER:postgresql= -> 4:SQL:select=] mutationLineage=[]
SQL: -- TeaQL PLAIN
SELECT id, create_time AS createTime, last_update_time AS lastUpdateTime, name, version FROM platform_data WHERE (version > 0) AND (id = 1) LIMIT 1 OFFSET 0
[TeaQL SQL][query][420us] 1 rows returned outcome=success batchOutcome=not_applicable comment=matched merchant read with relation purpose=matched benchmark read auditReason= tracePath=[0:OPERATION:Merchant=query -> 1:REQUEST:Merchant= -> 2:PROVIDER:postgresql= -> 3:SQL:select=] mutationLineage=[]
SQL: -- TeaQL PLAIN
SELECT id, name, code, external_id AS externalId, task_life_hours AS taskLifeHours, version, platform FROM merchant_data WHERE (version > 0) AND (external_id = 'matched-merchant') LIMIT 1000 OFFSET 0
[TeaQL SQL][query][293us] 1 rows returned outcome=success batchOutcome=not_applicable comment=matched merchant read with relation purpose=matched benchmark read auditReason= tracePath=[0:OPERATION:Merchant=query -> 1:REQUEST:Merchant= -> 2:PROVIDER:postgresql= -> 3:SQL:select=] mutationLineage=[]
SQL: -- TeaQL PLAIN
SELECT id, name, code, external_id AS externalId, task_life_hours AS taskLifeHours, version, platform FROM merchant_data WHERE (version > 0) AND (external_id = 'matched-merchant') LIMIT 1000 OFFSET 0
[TeaQL SQL][query][428us] 1 rows returned outcome=success batchOutcome=not_applicable comment=matched merchant read with relation purpose=matched benchmark read auditReason= tracePath=[0:OPERATION:Merchant=query -> 1:REQUEST:Merchant= -> 2:PROVIDER:postgresql= -> 3:SQL:select=] mutationLineage=[]
SQL: -- TeaQL PLAIN
SELECT id, name, code, external_id AS externalId, task_life_hours AS taskLifeHours, version, platform FROM merchant_data WHERE (version > 0) AND (external_id = 'matched-merchant') LIMIT 1000 OFFSET 0
[TeaQL SQL][query][259us] 1 rows returned outcome=success batchOutcome=not_applicable comment=matched merchant read with relation purpose=matched benchmark read auditReason= tracePath=[0:OPERATION:Merchant=query -> 1:REQUEST:Merchant= -> 2:RELATION:platform=Merchant.platform -> 3:PROVIDER:postgresql= -> 4:SQL:select=] mutationLineage=[]
SQL: -- TeaQL PLAIN
SELECT id, create_time AS createTime, last_update_time AS lastUpdateTime, name, version FROM platform_data WHERE (version > 0) AND (id = 1) LIMIT 1 OFFSET 0
[TeaQL SQL][query][346us] 1 rows returned outcome=success batchOutcome=not_applicable comment=matched merchant read with relation purpose=matched benchmark read auditReason= tracePath=[0:OPERATION:Merchant=query -> 1:REQUEST:Merchant= -> 2:RELATION:platform=Merchant.platform -> 3:PROVIDER:postgresql= -> 4:SQL:select=] mutationLineage=[]
SQL: -- TeaQL PLAIN
SELECT id, create_time AS createTime, last_update_time AS lastUpdateTime, name, version FROM platform_data WHERE (version > 0) AND (id = 1) LIMIT 1 OFFSET 0
[TeaQL SQL][query][346us] 1 rows returned outcome=success batchOutcome=not_applicable comment=matched merchant read with relation purpose=matched benchmark read auditReason= tracePath=[0:OPERATION:Merchant=query -> 1:REQUEST:Merchant= -> 2:RELATION:platform=Merchant.platform -> 3:PROVIDER:postgresql= -> 4:SQL:select=] mutationLineage=[]
SQL: -- TeaQL PLAIN
SELECT id, create_time AS createTime, last_update_time AS lastUpdateTime, name, version FROM platform_data WHERE (version > 0) AND (id = 1) LIMIT 1 OFFSET 0
[TeaQL SQL][query][342us] 1 rows returned outcome=success batchOutcome=not_applicable comment=matched merchant read with relation purpose=matched benchmark read auditReason= tracePath=[0:OPERATION:Merchant=query -> 1:REQUEST:Merchant= -> 2:PROVIDER:postgresql= -> 3:SQL:select=] mutationLineage=[]
SQL: -- TeaQL PLAIN
SELECT id, name, code, external_id AS externalId, task_life_hours AS taskLifeHours, version, platform FROM merchant_data WHERE (version > 0) AND (external_id = 'matched-merchant') LIMIT 1000 OFFSET 0
[TeaQL SQL][query][336us] 1 rows returned outcome=success batchOutcome=not_applicable comment=matched merchant read with relation purpose=matched benchmark read auditReason= tracePath=[0:OPERATION:Merchant=query -> 1:REQUEST:Merchant= -> 2:RELATION:platform=Merchant.platform -> 3:PROVIDER:postgresql= -> 4:SQL:select=] mutationLineage=[]
SQL: -- TeaQL PLAIN
SELECT id, create_time AS createTime, last_update_time AS lastUpdateTime, name, version FROM platform_data WHERE (version > 0) AND (id = 1) LIMIT 1 OFFSET 0
[TeaQL SQL][query][421us] 1 rows returned outcome=success batchOutcome=not_applicable comment=matched merchant read with relation purpose=matched benchmark read auditReason= tracePath=[0:OPERATION:Merchant=query -> 1:REQUEST:Merchant= -> 2:PROVIDER:postgresql= -> 3:SQL:select=] mutationLineage=[]
SQL: -- TeaQL PLAIN
SELECT id, name, code, external_id AS externalId, task_life_hours AS taskLifeHours, version, platform FROM merchant_data WHERE (version > 0) AND (external_id = 'matched-merchant') LIMIT 1000 OFFSET 0
[TeaQL SQL][query][323us] 1 rows returned outcome=success batchOutcome=not_applicable comment=matched merchant read with relation purpose=matched benchmark read auditReason= tracePath=[0:OPERATION:Merchant=query -> 1:REQUEST:Merchant= -> 2:PROVIDER:postgresql= -> 3:SQL:select=] mutationLineage=[]
SQL: -- TeaQL PLAIN
SELECT id, name, code, external_id AS externalId, task_life_hours AS taskLifeHours, version, platform FROM merchant_data WHERE (version > 0) AND (external_id = 'matched-merchant') LIMIT 1000 OFFSET 0
[TeaQL SQL][query][398us] 1 rows returned outcome=success batchOutcome=not_applicable comment=matched merchant read with relation purpose=matched benchmark read auditReason= tracePath=[0:OPERATION:Merchant=query -> 1:REQUEST:Merchant= -> 2:RELATION:platform=Merchant.platform -> 3:PROVIDER:postgresql= -> 4:SQL:select=] mutationLineage=[]
SQL: -- TeaQL PLAIN
SELECT id, create_time AS createTime, last_update_time AS lastUpdateTime, name, version FROM platform_data WHERE (version > 0) AND (id = 1) LIMIT 1 OFFSET 0
[TeaQL SQL][query][221us] 1 rows returned outcome=success batchOutcome=not_applicable comment=matched merchant read with relation purpose=matched benchmark read auditReason= tracePath=[0:OPERATION:Merchant=query -> 1:REQUEST:Merchant= -> 2:RELATION:platform=Merchant.platform -> 3:PROVIDER:postgresql= -> 4:SQL:select=] mutationLineage=[]
SQL: -- TeaQL PLAIN
SELECT id, create_time AS createTime, last_update_time AS lastUpdateTime, name, version FROM platform_data WHERE (version > 0) AND (id = 1) LIMIT 1 OFFSET 0
[TeaQL SQL][query][567us] 1 rows returned outcome=success batchOutcome=not_applicable comment=matched merchant read with relation purpose=matched benchmark read auditReason= tracePath=[0:OPERATION:Merchant=query -> 1:REQUEST:Merchant= -> 2:PROVIDER:postgresql= -> 3:SQL:select=] mutationLineage=[]
SQL: -- TeaQL PLAIN
SELECT id, name, code, external_id AS externalId, task_life_hours AS taskLifeHours, version, platform FROM merchant_data WHERE (version > 0) AND (external_id = 'matched-merchant') LIMIT 1000 OFFSET 0
[TeaQL SQL][query][468us] 1 rows returned outcome=success batchOutcome=not_applicable comment=matched merchant read with relation purpose=matched benchmark read auditReason= tracePath=[0:OPERATION:Merchant=query -> 1:REQUEST:Merchant= -> 2:RELATION:platform=Merchant.platform -> 3:PROVIDER:postgresql= -> 4:SQL:select=] mutationLineage=[]
SQL: -- TeaQL PLAIN
SELECT id, create_time AS createTime, last_update_time AS lastUpdateTime, name, version FROM platform_data WHERE (version > 0) AND (id = 1) LIMIT 1 OFFSET 0
[TeaQL SQL][query][323us] 1 rows returned outcome=success batchOutcome=not_applicable comment=matched merchant read with relation purpose=matched benchmark read auditReason= tracePath=[0:OPERATION:Merchant=query -> 1:REQUEST:Merchant= -> 2:PROVIDER:postgresql= -> 3:SQL:select=] mutationLineage=[]
SQL: -- TeaQL PLAIN
SELECT id, name, code, external_id AS externalId, task_life_hours AS taskLifeHours, version, platform FROM merchant_data WHERE (version > 0) AND (external_id = 'matched-merchant') LIMIT 1000 OFFSET 0
[TeaQL SQL][query][412us] 1 rows returned outcome=success batchOutcome=not_applicable comment=matched merchant read with relation purpose=matched benchmark read auditReason= tracePath=[0:OPERATION:Merchant=query -> 1:REQUEST:Merchant= -> 2:RELATION:platform=Merchant.platform -> 3:PROVIDER:postgresql= -> 4:SQL:select=] mutationLineage=[]
SQL: -- TeaQL PLAIN
SELECT id, create_time AS createTime, last_update_time AS lastUpdateTime, name, version FROM platform_data WHERE (version > 0) AND (id = 1) LIMIT 1 OFFSET 0
[TeaQL SQL][query][348us] 1 rows returned outcome=success batchOutcome=not_applicable comment=matched merchant read with relation purpose=matched benchmark read auditReason= tracePath=[0:OPERATION:Merchant=query -> 1:REQUEST:Merchant= -> 2:PROVIDER:postgresql= -> 3:SQL:select=] mutationLineage=[]
SQL: -- TeaQL PLAIN
SELECT id, name, code, external_id AS externalId, task_life_hours AS taskLifeHours, version, platform FROM merchant_data WHERE (version > 0) AND (external_id = 'matched-merchant') LIMIT 1000 OFFSET 0
[TeaQL SQL][query][224us] 1 rows returned outcome=success batchOutcome=not_applicable comment=matched merchant read with relation purpose=matched benchmark read auditReason= tracePath=[0:OPERATION:Merchant=query -> 1:REQUEST:Merchant= -> 2:RELATION:platform=Merchant.platform -> 3:PROVIDER:postgresql= -> 4:SQL:select=] mutationLineage=[]
SQL: -- TeaQL PLAIN
SELECT id, create_time AS createTime, last_update_time AS lastUpdateTime, name, version FROM platform_data WHERE (version > 0) AND (id = 1) LIMIT 1 OFFSET 0
[TeaQL SQL][query][293us] 1 rows returned outcome=success batchOutcome=not_applicable comment=matched merchant read with relation purpose=matched benchmark read auditReason= tracePath=[0:OPERATION:Merchant=query -> 1:REQUEST:Merchant= -> 2:PROVIDER:postgresql= -> 3:SQL:select=] mutationLineage=[]
SQL: -- TeaQL PLAIN
SELECT id, name, code, external_id AS externalId, task_life_hours AS taskLifeHours, version, platform FROM merchant_data WHERE (version > 0) AND (external_id = 'matched-merchant') LIMIT 1000 OFFSET 0
[TeaQL SQL][query][303us] 1 rows returned outcome=success batchOutcome=not_applicable comment=matched merchant read with relation purpose=matched benchmark read auditReason= tracePath=[0:OPERATION:Merchant=query -> 1:REQUEST:Merchant= -> 2:RELATION:platform=Merchant.platform -> 3:PROVIDER:postgresql= -> 4:SQL:select=] mutationLineage=[]
SQL: -- TeaQL PLAIN
SELECT id, create_time AS createTime, last_update_time AS lastUpdateTime, name, version FROM platform_data WHERE (version > 0) AND (id = 1) LIMIT 1 OFFSET 0
[TeaQL SQL][query][275us] 1 rows returned outcome=success batchOutcome=not_applicable comment=matched merchant read with relation purpose=matched benchmark read auditReason= tracePath=[0:OPERATION:Merchant=query -> 1:REQUEST:Merchant= -> 2:PROVIDER:postgresql= -> 3:SQL:select=] mutationLineage=[]
SQL: -- TeaQL PLAIN
SELECT id, name, code, external_id AS externalId, task_life_hours AS taskLifeHours, version, platform FROM merchant_data WHERE (version > 0) AND (external_id = 'matched-merchant') LIMIT 1000 OFFSET 0
[TeaQL SQL][query][231us] 1 rows returned outcome=success batchOutcome=not_applicable comment=matched merchant read with relation purpose=matched benchmark read auditReason= tracePath=[0:OPERATION:Merchant=query -> 1:REQUEST:Merchant= -> 2:RELATION:platform=Merchant.platform -> 3:PROVIDER:postgresql= -> 4:SQL:select=] mutationLineage=[]
SQL: -- TeaQL PLAIN
SELECT id, create_time AS createTime, last_update_time AS lastUpdateTime, name, version FROM platform_data WHERE (version > 0) AND (id = 1) LIMIT 1 OFFSET 0
[TeaQL SQL][query][231us] 1 rows returned outcome=success batchOutcome=not_applicable comment=matched merchant read with relation purpose=matched benchmark read auditReason= tracePath=[0:OPERATION:Merchant=query -> 1:REQUEST:Merchant= -> 2:PROVIDER:postgresql= -> 3:SQL:select=] mutationLineage=[]
SQL: -- TeaQL PLAIN
SELECT id, name, code, external_id AS externalId, task_life_hours AS taskLifeHours, version, platform FROM merchant_data WHERE (version > 0) AND (external_id = 'matched-merchant') LIMIT 1000 OFFSET 0
[TeaQL SQL][query][215us] 1 rows returned outcome=success batchOutcome=not_applicable comment=matched merchant read with relation purpose=matched benchmark read auditReason= tracePath=[0:OPERATION:Merchant=query -> 1:REQUEST:Merchant= -> 2:RELATION:platform=Merchant.platform -> 3:PROVIDER:postgresql= -> 4:SQL:select=] mutationLineage=[]
SQL: -- TeaQL PLAIN
SELECT id, create_time AS createTime, last_update_time AS lastUpdateTime, name, version FROM platform_data WHERE (version > 0) AND (id = 1) LIMIT 1 OFFSET 0
[TeaQL SQL][query][366us] 1 rows returned outcome=success batchOutcome=not_applicable comment=matched merchant read with relation purpose=matched benchmark read auditReason= tracePath=[0:OPERATION:Merchant=query -> 1:REQUEST:Merchant= -> 2:PROVIDER:postgresql= -> 3:SQL:select=] mutationLineage=[]
SQL: -- TeaQL PLAIN
SELECT id, name, code, external_id AS externalId, task_life_hours AS taskLifeHours, version, platform FROM merchant_data WHERE (version > 0) AND (external_id = 'matched-merchant') LIMIT 1000 OFFSET 0
[TeaQL SQL][query][265us] 1 rows returned outcome=success batchOutcome=not_applicable comment=matched merchant read with relation purpose=matched benchmark read auditReason= tracePath=[0:OPERATION:Merchant=query -> 1:REQUEST:Merchant= -> 2:RELATION:platform=Merchant.platform -> 3:PROVIDER:postgresql= -> 4:SQL:select=] mutationLineage=[]
SQL: -- TeaQL PLAIN
SELECT id, create_time AS createTime, last_update_time AS lastUpdateTime, name, version FROM platform_data WHERE (version > 0) AND (id = 1) LIMIT 1 OFFSET 0
[TeaQL SQL][query][339us] 1 rows returned outcome=success batchOutcome=not_applicable comment=matched merchant read with relation purpose=matched benchmark read auditReason= tracePath=[0:OPERATION:Merchant=query -> 1:REQUEST:Merchant= -> 2:PROVIDER:postgresql= -> 3:SQL:select=] mutationLineage=[]
SQL: -- TeaQL PLAIN
SELECT id, name, code, external_id AS externalId, task_life_hours AS taskLifeHours, version, platform FROM merchant_data WHERE (version > 0) AND (external_id = 'matched-merchant') LIMIT 1000 OFFSET 0
[TeaQL SQL][query][337us] 1 rows returned outcome=success batchOutcome=not_applicable comment=matched merchant read with relation purpose=matched benchmark read auditReason= tracePath=[0:OPERATION:Merchant=query -> 1:REQUEST:Merchant= -> 2:RELATION:platform=Merchant.platform -> 3:PROVIDER:postgresql= -> 4:SQL:select=] mutationLineage=[]
SQL: -- TeaQL PLAIN
SELECT id, create_time AS createTime, last_update_time AS lastUpdateTime, name, version FROM platform_data WHERE (version > 0) AND (id = 1) LIMIT 1 OFFSET 0
[TeaQL SQL][query][270us] 1 rows returned outcome=success batchOutcome=not_applicable comment=matched merchant read with relation purpose=matched benchmark read auditReason= tracePath=[0:OPERATION:Merchant=query -> 1:REQUEST:Merchant= -> 2:PROVIDER:postgresql= -> 3:SQL:select=] mutationLineage=[]
SQL: -- TeaQL PLAIN
SELECT id, name, code, external_id AS externalId, task_life_hours AS taskLifeHours, version, platform FROM merchant_data WHERE (version > 0) AND (external_id = 'matched-merchant') LIMIT 1000 OFFSET 0
[TeaQL SQL][query][306us] 1 rows returned outcome=success batchOutcome=not_applicable comment=matched merchant read with relation purpose=matched benchmark read auditReason= tracePath=[0:OPERATION:Merchant=query -> 1:REQUEST:Merchant= -> 2:RELATION:platform=Merchant.platform -> 3:PROVIDER:postgresql= -> 4:SQL:select=] mutationLineage=[]
SQL: -- TeaQL PLAIN
SELECT id, create_time AS createTime, last_update_time AS lastUpdateTime, name, version FROM platform_data WHERE (version > 0) AND (id = 1) LIMIT 1 OFFSET 0
[TeaQL SQL][query][351us] 1 rows returned outcome=success batchOutcome=not_applicable comment=matched merchant read with relation purpose=matched benchmark read auditReason= tracePath=[0:OPERATION:Merchant=query -> 1:REQUEST:Merchant= -> 2:PROVIDER:postgresql= -> 3:SQL:select=] mutationLineage=[]
SQL: -- TeaQL PLAIN
SELECT id, name, code, external_id AS externalId, task_life_hours AS taskLifeHours, version, platform FROM merchant_data WHERE (version > 0) AND (external_id = 'matched-merchant') LIMIT 1000 OFFSET 0
[TeaQL SQL][query][277us] 1 rows returned outcome=success batchOutcome=not_applicable comment=matched merchant read with relation purpose=matched benchmark read auditReason= tracePath=[0:OPERATION:Merchant=query -> 1:REQUEST:Merchant= -> 2:RELATION:platform=Merchant.platform -> 3:PROVIDER:postgresql= -> 4:SQL:select=] mutationLineage=[]
SQL: -- TeaQL PLAIN
SELECT id, create_time AS createTime, last_update_time AS lastUpdateTime, name, version FROM platform_data WHERE (version > 0) AND (id = 1) LIMIT 1 OFFSET 0
[TeaQL SQL][query][272us] 1 rows returned outcome=success batchOutcome=not_applicable comment=matched merchant read with relation purpose=matched benchmark read auditReason= tracePath=[0:OPERATION:Merchant=query -> 1:REQUEST:Merchant= -> 2:PROVIDER:postgresql= -> 3:SQL:select=] mutationLineage=[]
SQL: -- TeaQL PLAIN
SELECT id, name, code, external_id AS externalId, task_life_hours AS taskLifeHours, version, platform FROM merchant_data WHERE (version > 0) AND (external_id = 'matched-merchant') LIMIT 1000 OFFSET 0
[TeaQL SQL][query][246us] 1 rows returned outcome=success batchOutcome=not_applicable comment=matched merchant read with relation purpose=matched benchmark read auditReason= tracePath=[0:OPERATION:Merchant=query -> 1:REQUEST:Merchant= -> 2:RELATION:platform=Merchant.platform -> 3:PROVIDER:postgresql= -> 4:SQL:select=] mutationLineage=[]
SQL: -- TeaQL PLAIN
SELECT id, create_time AS createTime, last_update_time AS lastUpdateTime, name, version FROM platform_data WHERE (version > 0) AND (id = 1) LIMIT 1 OFFSET 0
[TeaQL SQL][query][305us] 1 rows returned outcome=success batchOutcome=not_applicable comment=matched merchant read with relation purpose=matched benchmark read auditReason= tracePath=[0:OPERATION:Merchant=query -> 1:REQUEST:Merchant= -> 2:PROVIDER:postgresql= -> 3:SQL:select=] mutationLineage=[]
SQL: -- TeaQL PLAIN
SELECT id, name, code, external_id AS externalId, task_life_hours AS taskLifeHours, version, platform FROM merchant_data WHERE (version > 0) AND (external_id = 'matched-merchant') LIMIT 1000 OFFSET 0
[TeaQL SQL][query][276us] 1 rows returned outcome=success batchOutcome=not_applicable comment=matched merchant read with relation purpose=matched benchmark read auditReason= tracePath=[0:OPERATION:Merchant=query -> 1:REQUEST:Merchant= -> 2:RELATION:platform=Merchant.platform -> 3:PROVIDER:postgresql= -> 4:SQL:select=] mutationLineage=[]
SQL: -- TeaQL PLAIN
SELECT id, create_time AS createTime, last_update_time AS lastUpdateTime, name, version FROM platform_data WHERE (version > 0) AND (id = 1) LIMIT 1 OFFSET 0
[TeaQL SQL][query][280us] 1 rows returned outcome=success batchOutcome=not_applicable comment=matched merchant read with relation purpose=matched benchmark read auditReason= tracePath=[0:OPERATION:Merchant=query -> 1:REQUEST:Merchant= -> 2:PROVIDER:postgresql= -> 3:SQL:select=] mutationLineage=[]
SQL: -- TeaQL PLAIN
SELECT id, name, code, external_id AS externalId, task_life_hours AS taskLifeHours, version, platform FROM merchant_data WHERE (version > 0) AND (external_id = 'matched-merchant') LIMIT 1000 OFFSET 0
[TeaQL SQL][query][261us] 1 rows returned outcome=success batchOutcome=not_applicable comment=matched merchant read with relation purpose=matched benchmark read auditReason= tracePath=[0:OPERATION:Merchant=query -> 1:REQUEST:Merchant= -> 2:RELATION:platform=Merchant.platform -> 3:PROVIDER:postgresql= -> 4:SQL:select=] mutationLineage=[]
SQL: -- TeaQL PLAIN
SELECT id, create_time AS createTime, last_update_time AS lastUpdateTime, name, version FROM platform_data WHERE (version > 0) AND (id = 1) LIMIT 1 OFFSET 0
[TeaQL SQL][query][396us] 1 rows returned outcome=success batchOutcome=not_applicable comment=matched merchant read with relation purpose=matched benchmark read auditReason= tracePath=[0:OPERATION:Merchant=query -> 1:REQUEST:Merchant= -> 2:PROVIDER:postgresql= -> 3:SQL:select=] mutationLineage=[]
SQL: -- TeaQL PLAIN
SELECT id, name, code, external_id AS externalId, task_life_hours AS taskLifeHours, version, platform FROM merchant_data WHERE (version > 0) AND (external_id = 'matched-merchant') LIMIT 1000 OFFSET 0
[TeaQL SQL][query][382us] 1 rows returned outcome=success batchOutcome=not_applicable comment=matched merchant read with relation purpose=matched benchmark read auditReason= tracePath=[0:OPERATION:Merchant=query -> 1:REQUEST:Merchant= -> 2:RELATION:platform=Merchant.platform -> 3:PROVIDER:postgresql= -> 4:SQL:select=] mutationLineage=[]
SQL: -- TeaQL PLAIN
SELECT id, create_time AS createTime, last_update_time AS lastUpdateTime, name, version FROM platform_data WHERE (version > 0) AND (id = 1) LIMIT 1 OFFSET 0
[TeaQL SQL][query][334us] 1 rows returned outcome=success batchOutcome=not_applicable comment=matched merchant read with relation purpose=matched benchmark read auditReason= tracePath=[0:OPERATION:Merchant=query -> 1:REQUEST:Merchant= -> 2:PROVIDER:postgresql= -> 3:SQL:select=] mutationLineage=[]
SQL: -- TeaQL PLAIN
SELECT id, name, code, external_id AS externalId, task_life_hours AS taskLifeHours, version, platform FROM merchant_data WHERE (version > 0) AND (external_id = 'matched-merchant') LIMIT 1000 OFFSET 0
[TeaQL SQL][query][310us] 1 rows returned outcome=success batchOutcome=not_applicable comment=matched merchant read with relation purpose=matched benchmark read auditReason= tracePath=[0:OPERATION:Merchant=query -> 1:REQUEST:Merchant= -> 2:RELATION:platform=Merchant.platform -> 3:PROVIDER:postgresql= -> 4:SQL:select=] mutationLineage=[]
SQL: -- TeaQL PLAIN
SELECT id, create_time AS createTime, last_update_time AS lastUpdateTime, name, version FROM platform_data WHERE (version > 0) AND (id = 1) LIMIT 1 OFFSET 0
[TeaQL SQL][query][321us] 1 rows returned outcome=success batchOutcome=not_applicable comment=matched merchant read with relation purpose=matched benchmark read auditReason= tracePath=[0:OPERATION:Merchant=query -> 1:REQUEST:Merchant= -> 2:PROVIDER:postgresql= -> 3:SQL:select=] mutationLineage=[]
SQL: -- TeaQL PLAIN
SELECT id, name, code, external_id AS externalId, task_life_hours AS taskLifeHours, version, platform FROM merchant_data WHERE (version > 0) AND (external_id = 'matched-merchant') LIMIT 1000 OFFSET 0
[TeaQL SQL][query][273us] 1 rows returned outcome=success batchOutcome=not_applicable comment=matched merchant read with relation purpose=matched benchmark read auditReason= tracePath=[0:OPERATION:Merchant=query -> 1:REQUEST:Merchant= -> 2:RELATION:platform=Merchant.platform -> 3:PROVIDER:postgresql= -> 4:SQL:select=] mutationLineage=[]
SQL: -- TeaQL PLAIN
SELECT id, create_time AS createTime, last_update_time AS lastUpdateTime, name, version FROM platform_data WHERE (version > 0) AND (id = 1) LIMIT 1 OFFSET 0
[TeaQL SQL][query][278us] 1 rows returned outcome=success batchOutcome=not_applicable comment=matched merchant read with relation purpose=matched benchmark read auditReason= tracePath=[0:OPERATION:Merchant=query -> 1:REQUEST:Merchant= -> 2:PROVIDER:postgresql= -> 3:SQL:select=] mutationLineage=[]
SQL: -- TeaQL PLAIN
SELECT id, name, code, external_id AS externalId, task_life_hours AS taskLifeHours, version, platform FROM merchant_data WHERE (version > 0) AND (external_id = 'matched-merchant') LIMIT 1000 OFFSET 0
[TeaQL SQL][query][230us] 1 rows returned outcome=success batchOutcome=not_applicable comment=matched merchant read with relation purpose=matched benchmark read auditReason= tracePath=[0:OPERATION:Merchant=query -> 1:REQUEST:Merchant= -> 2:RELATION:platform=Merchant.platform -> 3:PROVIDER:postgresql= -> 4:SQL:select=] mutationLineage=[]
SQL: -- TeaQL PLAIN
SELECT id, create_time AS createTime, last_update_time AS lastUpdateTime, name, version FROM platform_data WHERE (version > 0) AND (id = 1) LIMIT 1 OFFSET 0
[TeaQL SQL][query][288us] 1 rows returned outcome=success batchOutcome=not_applicable comment=matched merchant read with relation purpose=matched benchmark read auditReason= tracePath=[0:OPERATION:Merchant=query -> 1:REQUEST:Merchant= -> 2:PROVIDER:postgresql= -> 3:SQL:select=] mutationLineage=[]
SQL: -- TeaQL PLAIN
SELECT id, name, code, external_id AS externalId, task_life_hours AS taskLifeHours, version, platform FROM merchant_data WHERE (version > 0) AND (external_id = 'matched-merchant') LIMIT 1000 OFFSET 0
[TeaQL SQL][query][243us] 1 rows returned outcome=success batchOutcome=not_applicable comment=matched merchant read with relation purpose=matched benchmark read auditReason= tracePath=[0:OPERATION:Merchant=query -> 1:REQUEST:Merchant= -> 2:RELATION:platform=Merchant.platform -> 3:PROVIDER:postgresql= -> 4:SQL:select=] mutationLineage=[]
SQL: -- TeaQL PLAIN
SELECT id, create_time AS createTime, last_update_time AS lastUpdateTime, name, version FROM platform_data WHERE (version > 0) AND (id = 1) LIMIT 1 OFFSET 0
[TeaQL SQL][query][322us] 1 rows returned outcome=success batchOutcome=not_applicable comment=matched merchant read with relation purpose=matched benchmark read auditReason= tracePath=[0:OPERATION:Merchant=query -> 1:REQUEST:Merchant= -> 2:PROVIDER:postgresql= -> 3:SQL:select=] mutationLineage=[]
SQL: -- TeaQL PLAIN
SELECT id, name, code, external_id AS externalId, task_life_hours AS taskLifeHours, version, platform FROM merchant_data WHERE (version > 0) AND (external_id = 'matched-merchant') LIMIT 1000 OFFSET 0
[TeaQL SQL][query][293us] 1 rows returned outcome=success batchOutcome=not_applicable comment=matched merchant read with relation purpose=matched benchmark read auditReason= tracePath=[0:OPERATION:Merchant=query -> 1:REQUEST:Merchant= -> 2:RELATION:platform=Merchant.platform -> 3:PROVIDER:postgresql= -> 4:SQL:select=] mutationLineage=[]
SQL: -- TeaQL PLAIN
SELECT id, create_time AS createTime, last_update_time AS lastUpdateTime, name, version FROM platform_data WHERE (version > 0) AND (id = 1) LIMIT 1 OFFSET 0
[TeaQL SQL][query][325us] 1 rows returned outcome=success batchOutcome=not_applicable comment=matched merchant read with relation purpose=matched benchmark read auditReason= tracePath=[0:OPERATION:Merchant=query -> 1:REQUEST:Merchant= -> 2:PROVIDER:postgresql= -> 3:SQL:select=] mutationLineage=[]
SQL: -- TeaQL PLAIN
SELECT id, name, code, external_id AS externalId, task_life_hours AS taskLifeHours, version, platform FROM merchant_data WHERE (version > 0) AND (external_id = 'matched-merchant') LIMIT 1000 OFFSET 0
[TeaQL SQL][query][297us] 1 rows returned outcome=success batchOutcome=not_applicable comment=matched merchant read with relation purpose=matched benchmark read auditReason= tracePath=[0:OPERATION:Merchant=query -> 1:REQUEST:Merchant= -> 2:RELATION:platform=Merchant.platform -> 3:PROVIDER:postgresql= -> 4:SQL:select=] mutationLineage=[]
SQL: -- TeaQL PLAIN
SELECT id, create_time AS createTime, last_update_time AS lastUpdateTime, name, version FROM platform_data WHERE (version > 0) AND (id = 1) LIMIT 1 OFFSET 0
[TeaQL SQL][query][247us] 1 rows returned outcome=success batchOutcome=not_applicable comment=matched merchant read with relation purpose=matched benchmark read auditReason= tracePath=[0:OPERATION:Merchant=query -> 1:REQUEST:Merchant= -> 2:PROVIDER:postgresql= -> 3:SQL:select=] mutationLineage=[]
SQL: -- TeaQL PLAIN
SELECT id, name, code, external_id AS externalId, task_life_hours AS taskLifeHours, version, platform FROM merchant_data WHERE (version > 0) AND (external_id = 'matched-merchant') LIMIT 1000 OFFSET 0
[TeaQL SQL][query][264us] 1 rows returned outcome=success batchOutcome=not_applicable comment=matched merchant read with relation purpose=matched benchmark read auditReason= tracePath=[0:OPERATION:Merchant=query -> 1:REQUEST:Merchant= -> 2:RELATION:platform=Merchant.platform -> 3:PROVIDER:postgresql= -> 4:SQL:select=] mutationLineage=[]
SQL: -- TeaQL PLAIN
SELECT id, create_time AS createTime, last_update_time AS lastUpdateTime, name, version FROM platform_data WHERE (version > 0) AND (id = 1) LIMIT 1 OFFSET 0
[TeaQL SQL][query][249us] 1 rows returned outcome=success batchOutcome=not_applicable comment=matched merchant read with relation purpose=matched benchmark read auditReason= tracePath=[0:OPERATION:Merchant=query -> 1:REQUEST:Merchant= -> 2:PROVIDER:postgresql= -> 3:SQL:select=] mutationLineage=[]
SQL: -- TeaQL PLAIN
SELECT id, name, code, external_id AS externalId, task_life_hours AS taskLifeHours, version, platform FROM merchant_data WHERE (version > 0) AND (external_id = 'matched-merchant') LIMIT 1000 OFFSET 0
[TeaQL SQL][query][231us] 1 rows returned outcome=success batchOutcome=not_applicable comment=matched merchant read with relation purpose=matched benchmark read auditReason= tracePath=[0:OPERATION:Merchant=query -> 1:REQUEST:Merchant= -> 2:RELATION:platform=Merchant.platform -> 3:PROVIDER:postgresql= -> 4:SQL:select=] mutationLineage=[]
SQL: -- TeaQL PLAIN
SELECT id, create_time AS createTime, last_update_time AS lastUpdateTime, name, version FROM platform_data WHERE (version > 0) AND (id = 1) LIMIT 1 OFFSET 0
[TeaQL SQL][query][250us] 1 rows returned outcome=success batchOutcome=not_applicable comment=matched merchant read with relation purpose=matched benchmark read auditReason= tracePath=[0:OPERATION:Merchant=query -> 1:REQUEST:Merchant= -> 2:PROVIDER:postgresql= -> 3:SQL:select=] mutationLineage=[]
SQL: -- TeaQL PLAIN
SELECT id, name, code, external_id AS externalId, task_life_hours AS taskLifeHours, version, platform FROM merchant_data WHERE (version > 0) AND (external_id = 'matched-merchant') LIMIT 1000 OFFSET 0
[TeaQL SQL][query][209us] 1 rows returned outcome=success batchOutcome=not_applicable comment=matched merchant read with relation purpose=matched benchmark read auditReason= tracePath=[0:OPERATION:Merchant=query -> 1:REQUEST:Merchant= -> 2:RELATION:platform=Merchant.platform -> 3:PROVIDER:postgresql= -> 4:SQL:select=] mutationLineage=[]
SQL: -- TeaQL PLAIN
SELECT id, create_time AS createTime, last_update_time AS lastUpdateTime, name, version FROM platform_data WHERE (version > 0) AND (id = 1) LIMIT 1 OFFSET 0
[TeaQL SQL][query][316us] 1 rows returned outcome=success batchOutcome=not_applicable comment=matched merchant read with relation purpose=matched benchmark read auditReason= tracePath=[0:OPERATION:Merchant=query -> 1:REQUEST:Merchant= -> 2:PROVIDER:postgresql= -> 3:SQL:select=] mutationLineage=[]
SQL: -- TeaQL PLAIN
SELECT id, name, code, external_id AS externalId, task_life_hours AS taskLifeHours, version, platform FROM merchant_data WHERE (version > 0) AND (external_id = 'matched-merchant') LIMIT 1000 OFFSET 0
[TeaQL SQL][query][276us] 1 rows returned outcome=success batchOutcome=not_applicable comment=matched merchant read with relation purpose=matched benchmark read auditReason= tracePath=[0:OPERATION:Merchant=query -> 1:REQUEST:Merchant= -> 2:RELATION:platform=Merchant.platform -> 3:PROVIDER:postgresql= -> 4:SQL:select=] mutationLineage=[]
SQL: -- TeaQL PLAIN
SELECT id, create_time AS createTime, last_update_time AS lastUpdateTime, name, version FROM platform_data WHERE (version > 0) AND (id = 1) LIMIT 1 OFFSET 0
[TeaQL SQL][query][283us] 1 rows returned outcome=success batchOutcome=not_applicable comment=matched merchant read with relation purpose=matched benchmark read auditReason= tracePath=[0:OPERATION:Merchant=query -> 1:REQUEST:Merchant= -> 2:PROVIDER:postgresql= -> 3:SQL:select=] mutationLineage=[]
SQL: -- TeaQL PLAIN
SELECT id, name, code, external_id AS externalId, task_life_hours AS taskLifeHours, version, platform FROM merchant_data WHERE (version > 0) AND (external_id = 'matched-merchant') LIMIT 1000 OFFSET 0
[TeaQL SQL][query][259us] 1 rows returned outcome=success batchOutcome=not_applicable comment=matched merchant read with relation purpose=matched benchmark read auditReason= tracePath=[0:OPERATION:Merchant=query -> 1:REQUEST:Merchant= -> 2:RELATION:platform=Merchant.platform -> 3:PROVIDER:postgresql= -> 4:SQL:select=] mutationLineage=[]
SQL: -- TeaQL PLAIN
SELECT id, create_time AS createTime, last_update_time AS lastUpdateTime, name, version FROM platform_data WHERE (version > 0) AND (id = 1) LIMIT 1 OFFSET 0
[TeaQL SQL][query][297us] 1 rows returned outcome=success batchOutcome=not_applicable comment=matched merchant read with relation purpose=matched benchmark read auditReason= tracePath=[0:OPERATION:Merchant=query -> 1:REQUEST:Merchant= -> 2:PROVIDER:postgresql= -> 3:SQL:select=] mutationLineage=[]
SQL: -- TeaQL PLAIN
SELECT id, name, code, external_id AS externalId, task_life_hours AS taskLifeHours, version, platform FROM merchant_data WHERE (version > 0) AND (external_id = 'matched-merchant') LIMIT 1000 OFFSET 0
[TeaQL SQL][query][264us] 1 rows returned outcome=success batchOutcome=not_applicable comment=matched merchant read with relation purpose=matched benchmark read auditReason= tracePath=[0:OPERATION:Merchant=query -> 1:REQUEST:Merchant= -> 2:RELATION:platform=Merchant.platform -> 3:PROVIDER:postgresql= -> 4:SQL:select=] mutationLineage=[]
SQL: -- TeaQL PLAIN
SELECT id, create_time AS createTime, last_update_time AS lastUpdateTime, name, version FROM platform_data WHERE (version > 0) AND (id = 1) LIMIT 1 OFFSET 0
[TeaQL SQL][query][427us] 1 rows returned outcome=success batchOutcome=not_applicable comment=matched merchant read with relation purpose=matched benchmark read auditReason= tracePath=[0:OPERATION:Merchant=query -> 1:REQUEST:Merchant= -> 2:PROVIDER:postgresql= -> 3:SQL:select=] mutationLineage=[]
SQL: -- TeaQL PLAIN
SELECT id, name, code, external_id AS externalId, task_life_hours AS taskLifeHours, version, platform FROM merchant_data WHERE (version > 0) AND (external_id = 'matched-merchant') LIMIT 1000 OFFSET 0
[TeaQL SQL][query][427us] 1 rows returned outcome=success batchOutcome=not_applicable comment=matched merchant read with relation purpose=matched benchmark read auditReason= tracePath=[0:OPERATION:Merchant=query -> 1:REQUEST:Merchant= -> 2:PROVIDER:postgresql= -> 3:SQL:select=] mutationLineage=[]
SQL: -- TeaQL PLAIN
SELECT id, name, code, external_id AS externalId, task_life_hours AS taskLifeHours, version, platform FROM merchant_data WHERE (version > 0) AND (external_id = 'matched-merchant') LIMIT 1000 OFFSET 0
[TeaQL SQL][query][427us] 1 rows returned outcome=success batchOutcome=not_applicable comment=matched merchant read with relation purpose=matched benchmark read auditReason= tracePath=[0:OPERATION:Merchant=query -> 1:REQUEST:Merchant= -> 2:PROVIDER:postgresql= -> 3:SQL:select=] mutationLineage=[]
SQL: -- TeaQL PLAIN
SELECT id, name, code, external_id AS externalId, task_life_hours AS taskLifeHours, version, platform FROM merchant_data WHERE (version > 0) AND (external_id = 'matched-merchant') LIMIT 1000 OFFSET 0
[TeaQL SQL][query][226us] 1 rows returned outcome=success batchOutcome=not_applicable comment=matched merchant read with relation purpose=matched benchmark read auditReason= tracePath=[0:OPERATION:Merchant=query -> 1:REQUEST:Merchant= -> 2:RELATION:platform=Merchant.platform -> 3:PROVIDER:postgresql= -> 4:SQL:select=] mutationLineage=[]
SQL: -- TeaQL PLAIN
SELECT id, create_time AS createTime, last_update_time AS lastUpdateTime, name, version FROM platform_data WHERE (version > 0) AND (id = 1) LIMIT 1 OFFSET 0
[TeaQL SQL][query][206us] 1 rows returned outcome=success batchOutcome=not_applicable comment=matched merchant read with relation purpose=matched benchmark read auditReason= tracePath=[0:OPERATION:Merchant=query -> 1:REQUEST:Merchant= -> 2:RELATION:platform=Merchant.platform -> 3:PROVIDER:postgresql= -> 4:SQL:select=] mutationLineage=[]
SQL: -- TeaQL PLAIN
SELECT id, create_time AS createTime, last_update_time AS lastUpdateTime, name, version FROM platform_data WHERE (version > 0) AND (id = 1) LIMIT 1 OFFSET 0
[TeaQL SQL][query][277us] 1 rows returned outcome=success batchOutcome=not_applicable comment=matched merchant read with relation purpose=matched benchmark read auditReason= tracePath=[0:OPERATION:Merchant=query -> 1:REQUEST:Merchant= -> 2:RELATION:platform=Merchant.platform -> 3:PROVIDER:postgresql= -> 4:SQL:select=] mutationLineage=[]
SQL: -- TeaQL PLAIN
SELECT id, create_time AS createTime, last_update_time AS lastUpdateTime, name, version FROM platform_data WHERE (version > 0) AND (id = 1) LIMIT 1 OFFSET 0
[TeaQL SQL][query][364us] 1 rows returned outcome=success batchOutcome=not_applicable comment=matched merchant read with relation purpose=matched benchmark read auditReason= tracePath=[0:OPERATION:Merchant=query -> 1:REQUEST:Merchant= -> 2:PROVIDER:postgresql= -> 3:SQL:select=] mutationLineage=[]
SQL: -- TeaQL PLAIN
SELECT id, name, code, external_id AS externalId, task_life_hours AS taskLifeHours, version, platform FROM merchant_data WHERE (version > 0) AND (external_id = 'matched-merchant') LIMIT 1000 OFFSET 0
[TeaQL SQL][query][254us] 1 rows returned outcome=success batchOutcome=not_applicable comment=matched merchant read with relation purpose=matched benchmark read auditReason= tracePath=[0:OPERATION:Merchant=query -> 1:REQUEST:Merchant= -> 2:RELATION:platform=Merchant.platform -> 3:PROVIDER:postgresql= -> 4:SQL:select=] mutationLineage=[]
SQL: -- TeaQL PLAIN
SELECT id, create_time AS createTime, last_update_time AS lastUpdateTime, name, version FROM platform_data WHERE (version > 0) AND (id = 1) LIMIT 1 OFFSET 0
[TeaQL SQL][query][292us] 1 rows returned outcome=success batchOutcome=not_applicable comment=matched merchant read with relation purpose=matched benchmark read auditReason= tracePath=[0:OPERATION:Merchant=query -> 1:REQUEST:Merchant= -> 2:PROVIDER:postgresql= -> 3:SQL:select=] mutationLineage=[]
SQL: -- TeaQL PLAIN
SELECT id, name, code, external_id AS externalId, task_life_hours AS taskLifeHours, version, platform FROM merchant_data WHERE (version > 0) AND (external_id = 'matched-merchant') LIMIT 1000 OFFSET 0
[TeaQL SQL][query][225us] 1 rows returned outcome=success batchOutcome=not_applicable comment=matched merchant read with relation purpose=matched benchmark read auditReason= tracePath=[0:OPERATION:Merchant=query -> 1:REQUEST:Merchant= -> 2:RELATION:platform=Merchant.platform -> 3:PROVIDER:postgresql= -> 4:SQL:select=] mutationLineage=[]
SQL: -- TeaQL PLAIN
SELECT id, create_time AS createTime, last_update_time AS lastUpdateTime, name, version FROM platform_data WHERE (version > 0) AND (id = 1) LIMIT 1 OFFSET 0
[TeaQL SQL][query][299us] 1 rows returned outcome=success batchOutcome=not_applicable comment=matched merchant read with relation purpose=matched benchmark read auditReason= tracePath=[0:OPERATION:Merchant=query -> 1:REQUEST:Merchant= -> 2:PROVIDER:postgresql= -> 3:SQL:select=] mutationLineage=[]
SQL: -- TeaQL PLAIN
SELECT id, name, code, external_id AS externalId, task_life_hours AS taskLifeHours, version, platform FROM merchant_data WHERE (version > 0) AND (external_id = 'matched-merchant') LIMIT 1000 OFFSET 0
[TeaQL SQL][query][265us] 1 rows returned outcome=success batchOutcome=not_applicable comment=matched merchant read with relation purpose=matched benchmark read auditReason= tracePath=[0:OPERATION:Merchant=query -> 1:REQUEST:Merchant= -> 2:PROVIDER:postgresql= -> 3:SQL:select=] mutationLineage=[]
SQL: -- TeaQL PLAIN
SELECT id, name, code, external_id AS externalId, task_life_hours AS taskLifeHours, version, platform FROM merchant_data WHERE (version > 0) AND (external_id = 'matched-merchant') LIMIT 1000 OFFSET 0
[TeaQL SQL][query][252us] 1 rows returned outcome=success batchOutcome=not_applicable comment=matched merchant read with relation purpose=matched benchmark read auditReason= tracePath=[0:OPERATION:Merchant=query -> 1:REQUEST:Merchant= -> 2:RELATION:platform=Merchant.platform -> 3:PROVIDER:postgresql= -> 4:SQL:select=] mutationLineage=[]
SQL: -- TeaQL PLAIN
SELECT id, create_time AS createTime, last_update_time AS lastUpdateTime, name, version FROM platform_data WHERE (version > 0) AND (id = 1) LIMIT 1 OFFSET 0
[TeaQL SQL][query][236us] 1 rows returned outcome=success batchOutcome=not_applicable comment=matched merchant read with relation purpose=matched benchmark read auditReason= tracePath=[0:OPERATION:Merchant=query -> 1:REQUEST:Merchant= -> 2:RELATION:platform=Merchant.platform -> 3:PROVIDER:postgresql= -> 4:SQL:select=] mutationLineage=[]
SQL: -- TeaQL PLAIN
SELECT id, create_time AS createTime, last_update_time AS lastUpdateTime, name, version FROM platform_data WHERE (version > 0) AND (id = 1) LIMIT 1 OFFSET 0
[TeaQL SQL][query][279us] 1 rows returned outcome=success batchOutcome=not_applicable comment=matched merchant read with relation purpose=matched benchmark read auditReason= tracePath=[0:OPERATION:Merchant=query -> 1:REQUEST:Merchant= -> 2:PROVIDER:postgresql= -> 3:SQL:select=] mutationLineage=[]
SQL: -- TeaQL PLAIN
SELECT id, name, code, external_id AS externalId, task_life_hours AS taskLifeHours, version, platform FROM merchant_data WHERE (version > 0) AND (external_id = 'matched-merchant') LIMIT 1000 OFFSET 0
[TeaQL SQL][query][258us] 1 rows returned outcome=success batchOutcome=not_applicable comment=matched merchant read with relation purpose=matched benchmark read auditReason= tracePath=[0:OPERATION:Merchant=query -> 1:REQUEST:Merchant= -> 2:RELATION:platform=Merchant.platform -> 3:PROVIDER:postgresql= -> 4:SQL:select=] mutationLineage=[]
SQL: -- TeaQL PLAIN
SELECT id, create_time AS createTime, last_update_time AS lastUpdateTime, name, version FROM platform_data WHERE (version > 0) AND (id = 1) LIMIT 1 OFFSET 0
[TeaQL SQL][query][263us] 1 rows returned outcome=success batchOutcome=not_applicable comment=matched merchant read with relation purpose=matched benchmark read auditReason= tracePath=[0:OPERATION:Merchant=query -> 1:REQUEST:Merchant= -> 2:PROVIDER:postgresql= -> 3:SQL:select=] mutationLineage=[]
SQL: -- TeaQL PLAIN
SELECT id, name, code, external_id AS externalId, task_life_hours AS taskLifeHours, version, platform FROM merchant_data WHERE (version > 0) AND (external_id = 'matched-merchant') LIMIT 1000 OFFSET 0
[TeaQL SQL][query][221us] 1 rows returned outcome=success batchOutcome=not_applicable comment=matched merchant read with relation purpose=matched benchmark read auditReason= tracePath=[0:OPERATION:Merchant=query -> 1:REQUEST:Merchant= -> 2:RELATION:platform=Merchant.platform -> 3:PROVIDER:postgresql= -> 4:SQL:select=] mutationLineage=[]
SQL: -- TeaQL PLAIN
SELECT id, create_time AS createTime, last_update_time AS lastUpdateTime, name, version FROM platform_data WHERE (version > 0) AND (id = 1) LIMIT 1 OFFSET 0
[TeaQL SQL][query][227us] 1 rows returned outcome=success batchOutcome=not_applicable comment=matched merchant read with relation purpose=matched benchmark read auditReason= tracePath=[0:OPERATION:Merchant=query -> 1:REQUEST:Merchant= -> 2:PROVIDER:postgresql= -> 3:SQL:select=] mutationLineage=[]
SQL: -- TeaQL PLAIN
SELECT id, name, code, external_id AS externalId, task_life_hours AS taskLifeHours, version, platform FROM merchant_data WHERE (version > 0) AND (external_id = 'matched-merchant') LIMIT 1000 OFFSET 0
[TeaQL SQL][query][199us] 1 rows returned outcome=success batchOutcome=not_applicable comment=matched merchant read with relation purpose=matched benchmark read auditReason= tracePath=[0:OPERATION:Merchant=query -> 1:REQUEST:Merchant= -> 2:RELATION:platform=Merchant.platform -> 3:PROVIDER:postgresql= -> 4:SQL:select=] mutationLineage=[]
SQL: -- TeaQL PLAIN
SELECT id, create_time AS createTime, last_update_time AS lastUpdateTime, name, version FROM platform_data WHERE (version > 0) AND (id = 1) LIMIT 1 OFFSET 0
[TeaQL SQL][query][270us] 1 rows returned outcome=success batchOutcome=not_applicable comment=matched merchant read with relation purpose=matched benchmark read auditReason= tracePath=[0:OPERATION:Merchant=query -> 1:REQUEST:Merchant= -> 2:PROVIDER:postgresql= -> 3:SQL:select=] mutationLineage=[]
SQL: -- TeaQL PLAIN
SELECT id, name, code, external_id AS externalId, task_life_hours AS taskLifeHours, version, platform FROM merchant_data WHERE (version > 0) AND (external_id = 'matched-merchant') LIMIT 1000 OFFSET 0
[TeaQL SQL][query][264us] 1 rows returned outcome=success batchOutcome=not_applicable comment=matched merchant read with relation purpose=matched benchmark read auditReason= tracePath=[0:OPERATION:Merchant=query -> 1:REQUEST:Merchant= -> 2:RELATION:platform=Merchant.platform -> 3:PROVIDER:postgresql= -> 4:SQL:select=] mutationLineage=[]
SQL: -- TeaQL PLAIN
SELECT id, create_time AS createTime, last_update_time AS lastUpdateTime, name, version FROM platform_data WHERE (version > 0) AND (id = 1) LIMIT 1 OFFSET 0
[TeaQL SQL][query][226us] 1 rows returned outcome=success batchOutcome=not_applicable comment=matched merchant read with relation purpose=matched benchmark read auditReason= tracePath=[0:OPERATION:Merchant=query -> 1:REQUEST:Merchant= -> 2:PROVIDER:postgresql= -> 3:SQL:select=] mutationLineage=[]
SQL: -- TeaQL PLAIN
SELECT id, name, code, external_id AS externalId, task_life_hours AS taskLifeHours, version, platform FROM merchant_data WHERE (version > 0) AND (external_id = 'matched-merchant') LIMIT 1000 OFFSET 0
[TeaQL SQL][query][180us] 1 rows returned outcome=success batchOutcome=not_applicable comment=matched merchant read with relation purpose=matched benchmark read auditReason= tracePath=[0:OPERATION:Merchant=query -> 1:REQUEST:Merchant= -> 2:RELATION:platform=Merchant.platform -> 3:PROVIDER:postgresql= -> 4:SQL:select=] mutationLineage=[]
SQL: -- TeaQL PLAIN
SELECT id, create_time AS createTime, last_update_time AS lastUpdateTime, name, version FROM platform_data WHERE (version > 0) AND (id = 1) LIMIT 1 OFFSET 0
[TeaQL SQL][query][247us] 1 rows returned outcome=success batchOutcome=not_applicable comment=matched merchant read with relation purpose=matched benchmark read auditReason= tracePath=[0:OPERATION:Merchant=query -> 1:REQUEST:Merchant= -> 2:PROVIDER:postgresql= -> 3:SQL:select=] mutationLineage=[]
SQL: -- TeaQL PLAIN
SELECT id, name, code, external_id AS externalId, task_life_hours AS taskLifeHours, version, platform FROM merchant_data WHERE (version > 0) AND (external_id = 'matched-merchant') LIMIT 1000 OFFSET 0
[TeaQL SQL][query][209us] 1 rows returned outcome=success batchOutcome=not_applicable comment=matched merchant read with relation purpose=matched benchmark read auditReason= tracePath=[0:OPERATION:Merchant=query -> 1:REQUEST:Merchant= -> 2:RELATION:platform=Merchant.platform -> 3:PROVIDER:postgresql= -> 4:SQL:select=] mutationLineage=[]
SQL: -- TeaQL PLAIN
SELECT id, create_time AS createTime, last_update_time AS lastUpdateTime, name, version FROM platform_data WHERE (version > 0) AND (id = 1) LIMIT 1 OFFSET 0
[TeaQL SQL][query][265us] 1 rows returned outcome=success batchOutcome=not_applicable comment=matched merchant read with relation purpose=matched benchmark read auditReason= tracePath=[0:OPERATION:Merchant=query -> 1:REQUEST:Merchant= -> 2:PROVIDER:postgresql= -> 3:SQL:select=] mutationLineage=[]
SQL: -- TeaQL PLAIN
SELECT id, name, code, external_id AS externalId, task_life_hours AS taskLifeHours, version, platform FROM merchant_data WHERE (version > 0) AND (external_id = 'matched-merchant') LIMIT 1000 OFFSET 0
[TeaQL SQL][query][217us] 1 rows returned outcome=success batchOutcome=not_applicable comment=matched merchant read with relation purpose=matched benchmark read auditReason= tracePath=[0:OPERATION:Merchant=query -> 1:REQUEST:Merchant= -> 2:RELATION:platform=Merchant.platform -> 3:PROVIDER:postgresql= -> 4:SQL:select=] mutationLineage=[]
SQL: -- TeaQL PLAIN
SELECT id, create_time AS createTime, last_update_time AS lastUpdateTime, name, version FROM platform_data WHERE (version > 0) AND (id = 1) LIMIT 1 OFFSET 0
[TeaQL SQL][query][252us] 1 rows returned outcome=success batchOutcome=not_applicable comment=matched merchant read with relation purpose=matched benchmark read auditReason= tracePath=[0:OPERATION:Merchant=query -> 1:REQUEST:Merchant= -> 2:PROVIDER:postgresql= -> 3:SQL:select=] mutationLineage=[]
SQL: -- TeaQL PLAIN
SELECT id, name, code, external_id AS externalId, task_life_hours AS taskLifeHours, version, platform FROM merchant_data WHERE (version > 0) AND (external_id = 'matched-merchant') LIMIT 1000 OFFSET 0
[TeaQL SQL][query][199us] 1 rows returned outcome=success batchOutcome=not_applicable comment=matched merchant read with relation purpose=matched benchmark read auditReason= tracePath=[0:OPERATION:Merchant=query -> 1:REQUEST:Merchant= -> 2:RELATION:platform=Merchant.platform -> 3:PROVIDER:postgresql= -> 4:SQL:select=] mutationLineage=[]
SQL: -- TeaQL PLAIN
SELECT id, create_time AS createTime, last_update_time AS lastUpdateTime, name, version FROM platform_data WHERE (version > 0) AND (id = 1) LIMIT 1 OFFSET 0
[TeaQL SQL][query][271us] 1 rows returned outcome=success batchOutcome=not_applicable comment=matched merchant read with relation purpose=matched benchmark read auditReason= tracePath=[0:OPERATION:Merchant=query -> 1:REQUEST:Merchant= -> 2:PROVIDER:postgresql= -> 3:SQL:select=] mutationLineage=[]
SQL: -- TeaQL PLAIN
SELECT id, name, code, external_id AS externalId, task_life_hours AS taskLifeHours, version, platform FROM merchant_data WHERE (version > 0) AND (external_id = 'matched-merchant') LIMIT 1000 OFFSET 0
[TeaQL SQL][query][224us] 1 rows returned outcome=success batchOutcome=not_applicable comment=matched merchant read with relation purpose=matched benchmark read auditReason= tracePath=[0:OPERATION:Merchant=query -> 1:REQUEST:Merchant= -> 2:RELATION:platform=Merchant.platform -> 3:PROVIDER:postgresql= -> 4:SQL:select=] mutationLineage=[]
SQL: -- TeaQL PLAIN
SELECT id, create_time AS createTime, last_update_time AS lastUpdateTime, name, version FROM platform_data WHERE (version > 0) AND (id = 1) LIMIT 1 OFFSET 0
[TeaQL SQL][query][248us] 1 rows returned outcome=success batchOutcome=not_applicable comment=matched merchant read with relation purpose=matched benchmark read auditReason= tracePath=[0:OPERATION:Merchant=query -> 1:REQUEST:Merchant= -> 2:PROVIDER:postgresql= -> 3:SQL:select=] mutationLineage=[]
SQL: -- TeaQL PLAIN
SELECT id, name, code, external_id AS externalId, task_life_hours AS taskLifeHours, version, platform FROM merchant_data WHERE (version > 0) AND (external_id = 'matched-merchant') LIMIT 1000 OFFSET 0
[TeaQL SQL][query][244us] 1 rows returned outcome=success batchOutcome=not_applicable comment=matched merchant read with relation purpose=matched benchmark read auditReason= tracePath=[0:OPERATION:Merchant=query -> 1:REQUEST:Merchant= -> 2:RELATION:platform=Merchant.platform -> 3:PROVIDER:postgresql= -> 4:SQL:select=] mutationLineage=[]
SQL: -- TeaQL PLAIN
SELECT id, create_time AS createTime, last_update_time AS lastUpdateTime, name, version FROM platform_data WHERE (version > 0) AND (id = 1) LIMIT 1 OFFSET 0
[TeaQL SQL][query][248us] 1 rows returned outcome=success batchOutcome=not_applicable comment=matched merchant read with relation purpose=matched benchmark read auditReason= tracePath=[0:OPERATION:Merchant=query -> 1:REQUEST:Merchant= -> 2:PROVIDER:postgresql= -> 3:SQL:select=] mutationLineage=[]
SQL: -- TeaQL PLAIN
SELECT id, name, code, external_id AS externalId, task_life_hours AS taskLifeHours, version, platform FROM merchant_data WHERE (version > 0) AND (external_id = 'matched-merchant') LIMIT 1000 OFFSET 0
[TeaQL SQL][query][217us] 1 rows returned outcome=success batchOutcome=not_applicable comment=matched merchant read with relation purpose=matched benchmark read auditReason= tracePath=[0:OPERATION:Merchant=query -> 1:REQUEST:Merchant= -> 2:RELATION:platform=Merchant.platform -> 3:PROVIDER:postgresql= -> 4:SQL:select=] mutationLineage=[]
SQL: -- TeaQL PLAIN
SELECT id, create_time AS createTime, last_update_time AS lastUpdateTime, name, version FROM platform_data WHERE (version > 0) AND (id = 1) LIMIT 1 OFFSET 0
[TeaQL SQL][query][285us] 1 rows returned outcome=success batchOutcome=not_applicable comment=matched merchant read with relation purpose=matched benchmark read auditReason= tracePath=[0:OPERATION:Merchant=query -> 1:REQUEST:Merchant= -> 2:PROVIDER:postgresql= -> 3:SQL:select=] mutationLineage=[]
SQL: -- TeaQL PLAIN
SELECT id, name, code, external_id AS externalId, task_life_hours AS taskLifeHours, version, platform FROM merchant_data WHERE (version > 0) AND (external_id = 'matched-merchant') LIMIT 1000 OFFSET 0
[TeaQL SQL][query][238us] 1 rows returned outcome=success batchOutcome=not_applicable comment=matched merchant read with relation purpose=matched benchmark read auditReason= tracePath=[0:OPERATION:Merchant=query -> 1:REQUEST:Merchant= -> 2:RELATION:platform=Merchant.platform -> 3:PROVIDER:postgresql= -> 4:SQL:select=] mutationLineage=[]
SQL: -- TeaQL PLAIN
SELECT id, create_time AS createTime, last_update_time AS lastUpdateTime, name, version FROM platform_data WHERE (version > 0) AND (id = 1) LIMIT 1 OFFSET 0
[TeaQL SQL][query][406us] 1 rows returned outcome=success batchOutcome=not_applicable comment=matched merchant read with relation purpose=matched benchmark read auditReason= tracePath=[0:OPERATION:Merchant=query -> 1:REQUEST:Merchant= -> 2:PROVIDER:postgresql= -> 3:SQL:select=] mutationLineage=[]
SQL: -- TeaQL PLAIN
SELECT id, name, code, external_id AS externalId, task_life_hours AS taskLifeHours, version, platform FROM merchant_data WHERE (version > 0) AND (external_id = 'matched-merchant') LIMIT 1000 OFFSET 0
[TeaQL SQL][query][410us] 1 rows returned outcome=success batchOutcome=not_applicable comment=matched merchant read with relation purpose=matched benchmark read auditReason= tracePath=[0:OPERATION:Merchant=query -> 1:REQUEST:Merchant= -> 2:PROVIDER:postgresql= -> 3:SQL:select=] mutationLineage=[]
SQL: -- TeaQL PLAIN
SELECT id, name, code, external_id AS externalId, task_life_hours AS taskLifeHours, version, platform FROM merchant_data WHERE (version > 0) AND (external_id = 'matched-merchant') LIMIT 1000 OFFSET 0
[TeaQL SQL][query][317us] 1 rows returned outcome=success batchOutcome=not_applicable comment=matched merchant read with relation purpose=matched benchmark read auditReason= tracePath=[0:OPERATION:Merchant=query -> 1:REQUEST:Merchant= -> 2:RELATION:platform=Merchant.platform -> 3:PROVIDER:postgresql= -> 4:SQL:select=] mutationLineage=[]
SQL: -- TeaQL PLAIN
SELECT id, create_time AS createTime, last_update_time AS lastUpdateTime, name, version FROM platform_data WHERE (version > 0) AND (id = 1) LIMIT 1 OFFSET 0
[TeaQL SQL][query][255us] 1 rows returned outcome=success batchOutcome=not_applicable comment=matched merchant read with relation purpose=matched benchmark read auditReason= tracePath=[0:OPERATION:Merchant=query -> 1:REQUEST:Merchant= -> 2:RELATION:platform=Merchant.platform -> 3:PROVIDER:postgresql= -> 4:SQL:select=] mutationLineage=[]
SQL: -- TeaQL PLAIN
SELECT id, create_time AS createTime, last_update_time AS lastUpdateTime, name, version FROM platform_data WHERE (version > 0) AND (id = 1) LIMIT 1 OFFSET 0
[TeaQL SQL][query][316us] 1 rows returned outcome=success batchOutcome=not_applicable comment=matched merchant read with relation purpose=matched benchmark read auditReason= tracePath=[0:OPERATION:Merchant=query -> 1:REQUEST:Merchant= -> 2:PROVIDER:postgresql= -> 3:SQL:select=] mutationLineage=[]
SQL: -- TeaQL PLAIN
SELECT id, name, code, external_id AS externalId, task_life_hours AS taskLifeHours, version, platform FROM merchant_data WHERE (version > 0) AND (external_id = 'matched-merchant') LIMIT 1000 OFFSET 0
[TeaQL SQL][query][252us] 1 rows returned outcome=success batchOutcome=not_applicable comment=matched merchant read with relation purpose=matched benchmark read auditReason= tracePath=[0:OPERATION:Merchant=query -> 1:REQUEST:Merchant= -> 2:RELATION:platform=Merchant.platform -> 3:PROVIDER:postgresql= -> 4:SQL:select=] mutationLineage=[]
SQL: -- TeaQL PLAIN
SELECT id, create_time AS createTime, last_update_time AS lastUpdateTime, name, version FROM platform_data WHERE (version > 0) AND (id = 1) LIMIT 1 OFFSET 0
[TeaQL SQL][query][324us] 1 rows returned outcome=success batchOutcome=not_applicable comment=matched merchant read with relation purpose=matched benchmark read auditReason= tracePath=[0:OPERATION:Merchant=query -> 1:REQUEST:Merchant= -> 2:PROVIDER:postgresql= -> 3:SQL:select=] mutationLineage=[]
SQL: -- TeaQL PLAIN
SELECT id, name, code, external_id AS externalId, task_life_hours AS taskLifeHours, version, platform FROM merchant_data WHERE (version > 0) AND (external_id = 'matched-merchant') LIMIT 1000 OFFSET 0
[TeaQL SQL][query][247us] 1 rows returned outcome=success batchOutcome=not_applicable comment=matched merchant read with relation purpose=matched benchmark read auditReason= tracePath=[0:OPERATION:Merchant=query -> 1:REQUEST:Merchant= -> 2:RELATION:platform=Merchant.platform -> 3:PROVIDER:postgresql= -> 4:SQL:select=] mutationLineage=[]
SQL: -- TeaQL PLAIN
SELECT id, create_time AS createTime, last_update_time AS lastUpdateTime, name, version FROM platform_data WHERE (version > 0) AND (id = 1) LIMIT 1 OFFSET 0
[TeaQL SQL][query][261us] 1 rows returned outcome=success batchOutcome=not_applicable comment=matched merchant read with relation purpose=matched benchmark read auditReason= tracePath=[0:OPERATION:Merchant=query -> 1:REQUEST:Merchant= -> 2:PROVIDER:postgresql= -> 3:SQL:select=] mutationLineage=[]
SQL: -- TeaQL PLAIN
SELECT id, name, code, external_id AS externalId, task_life_hours AS taskLifeHours, version, platform FROM merchant_data WHERE (version > 0) AND (external_id = 'matched-merchant') LIMIT 1000 OFFSET 0
[TeaQL SQL][query][215us] 1 rows returned outcome=success batchOutcome=not_applicable comment=matched merchant read with relation purpose=matched benchmark read auditReason= tracePath=[0:OPERATION:Merchant=query -> 1:REQUEST:Merchant= -> 2:RELATION:platform=Merchant.platform -> 3:PROVIDER:postgresql= -> 4:SQL:select=] mutationLineage=[]
SQL: -- TeaQL PLAIN
SELECT id, create_time AS createTime, last_update_time AS lastUpdateTime, name, version FROM platform_data WHERE (version > 0) AND (id = 1) LIMIT 1 OFFSET 0
[TeaQL SQL][query][274us] 1 rows returned outcome=success batchOutcome=not_applicable comment=matched merchant read with relation purpose=matched benchmark read auditReason= tracePath=[0:OPERATION:Merchant=query -> 1:REQUEST:Merchant= -> 2:PROVIDER:postgresql= -> 3:SQL:select=] mutationLineage=[]
SQL: -- TeaQL PLAIN
SELECT id, name, code, external_id AS externalId, task_life_hours AS taskLifeHours, version, platform FROM merchant_data WHERE (version > 0) AND (external_id = 'matched-merchant') LIMIT 1000 OFFSET 0
[TeaQL SQL][query][246us] 1 rows returned outcome=success batchOutcome=not_applicable comment=matched merchant read with relation purpose=matched benchmark read auditReason= tracePath=[0:OPERATION:Merchant=query -> 1:REQUEST:Merchant= -> 2:PROVIDER:postgresql= -> 3:SQL:select=] mutationLineage=[]
SQL: -- TeaQL PLAIN
SELECT id, name, code, external_id AS externalId, task_life_hours AS taskLifeHours, version, platform FROM merchant_data WHERE (version > 0) AND (external_id = 'matched-merchant') LIMIT 1000 OFFSET 0
[TeaQL SQL][query][287us] 1 rows returned outcome=success batchOutcome=not_applicable comment=matched merchant read with relation purpose=matched benchmark read auditReason= tracePath=[0:OPERATION:Merchant=query -> 1:REQUEST:Merchant= -> 2:RELATION:platform=Merchant.platform -> 3:PROVIDER:postgresql= -> 4:SQL:select=] mutationLineage=[]
SQL: -- TeaQL PLAIN
SELECT id, create_time AS createTime, last_update_time AS lastUpdateTime, name, version FROM platform_data WHERE (version > 0) AND (id = 1) LIMIT 1 OFFSET 0
[TeaQL SQL][query][297us] 1 rows returned outcome=success batchOutcome=not_applicable comment=matched merchant read with relation purpose=matched benchmark read auditReason= tracePath=[0:OPERATION:Merchant=query -> 1:REQUEST:Merchant= -> 2:RELATION:platform=Merchant.platform -> 3:PROVIDER:postgresql= -> 4:SQL:select=] mutationLineage=[]
SQL: -- TeaQL PLAIN
SELECT id, create_time AS createTime, last_update_time AS lastUpdateTime, name, version FROM platform_data WHERE (version > 0) AND (id = 1) LIMIT 1 OFFSET 0
[TeaQL SQL][query][377us] 1 rows returned outcome=success batchOutcome=not_applicable comment=matched merchant read with relation purpose=matched benchmark read auditReason= tracePath=[0:OPERATION:Merchant=query -> 1:REQUEST:Merchant= -> 2:PROVIDER:postgresql= -> 3:SQL:select=] mutationLineage=[]
SQL: -- TeaQL PLAIN
SELECT id, name, code, external_id AS externalId, task_life_hours AS taskLifeHours, version, platform FROM merchant_data WHERE (version > 0) AND (external_id = 'matched-merchant') LIMIT 1000 OFFSET 0
[TeaQL SQL][query][288us] 1 rows returned outcome=success batchOutcome=not_applicable comment=matched merchant read with relation purpose=matched benchmark read auditReason= tracePath=[0:OPERATION:Merchant=query -> 1:REQUEST:Merchant= -> 2:RELATION:platform=Merchant.platform -> 3:PROVIDER:postgresql= -> 4:SQL:select=] mutationLineage=[]
SQL: -- TeaQL PLAIN
SELECT id, create_time AS createTime, last_update_time AS lastUpdateTime, name, version FROM platform_data WHERE (version > 0) AND (id = 1) LIMIT 1 OFFSET 0
[TeaQL SQL][query][326us] 1 rows returned outcome=success batchOutcome=not_applicable comment=matched merchant read with relation purpose=matched benchmark read auditReason= tracePath=[0:OPERATION:Merchant=query -> 1:REQUEST:Merchant= -> 2:PROVIDER:postgresql= -> 3:SQL:select=] mutationLineage=[]
SQL: -- TeaQL PLAIN
SELECT id, name, code, external_id AS externalId, task_life_hours AS taskLifeHours, version, platform FROM merchant_data WHERE (version > 0) AND (external_id = 'matched-merchant') LIMIT 1000 OFFSET 0
[TeaQL SQL][query][219us] 1 rows returned outcome=success batchOutcome=not_applicable comment=matched merchant read with relation purpose=matched benchmark read auditReason= tracePath=[0:OPERATION:Merchant=query -> 1:REQUEST:Merchant= -> 2:RELATION:platform=Merchant.platform -> 3:PROVIDER:postgresql= -> 4:SQL:select=] mutationLineage=[]
SQL: -- TeaQL PLAIN
SELECT id, create_time AS createTime, last_update_time AS lastUpdateTime, name, version FROM platform_data WHERE (version > 0) AND (id = 1) LIMIT 1 OFFSET 0
[TeaQL SQL][query][260us] 1 rows returned outcome=success batchOutcome=not_applicable comment=matched merchant read with relation purpose=matched benchmark read auditReason= tracePath=[0:OPERATION:Merchant=query -> 1:REQUEST:Merchant= -> 2:PROVIDER:postgresql= -> 3:SQL:select=] mutationLineage=[]
SQL: -- TeaQL PLAIN
SELECT id, name, code, external_id AS externalId, task_life_hours AS taskLifeHours, version, platform FROM merchant_data WHERE (version > 0) AND (external_id = 'matched-merchant') LIMIT 1000 OFFSET 0
[TeaQL SQL][query][293us] 1 rows returned outcome=success batchOutcome=not_applicable comment=matched merchant read with relation purpose=matched benchmark read auditReason= tracePath=[0:OPERATION:Merchant=query -> 1:REQUEST:Merchant= -> 2:PROVIDER:postgresql= -> 3:SQL:select=] mutationLineage=[]
SQL: -- TeaQL PLAIN
SELECT id, name, code, external_id AS externalId, task_life_hours AS taskLifeHours, version, platform FROM merchant_data WHERE (version > 0) AND (external_id = 'matched-merchant') LIMIT 1000 OFFSET 0
[TeaQL SQL][query][273us] 1 rows returned outcome=success batchOutcome=not_applicable comment=matched merchant read with relation purpose=matched benchmark read auditReason= tracePath=[0:OPERATION:Merchant=query -> 1:REQUEST:Merchant= -> 2:RELATION:platform=Merchant.platform -> 3:PROVIDER:postgresql= -> 4:SQL:select=] mutationLineage=[]
SQL: -- TeaQL PLAIN
SELECT id, create_time AS createTime, last_update_time AS lastUpdateTime, name, version FROM platform_data WHERE (version > 0) AND (id = 1) LIMIT 1 OFFSET 0
[TeaQL SQL][query][260us] 1 rows returned outcome=success batchOutcome=not_applicable comment=matched merchant read with relation purpose=matched benchmark read auditReason= tracePath=[0:OPERATION:Merchant=query -> 1:REQUEST:Merchant= -> 2:RELATION:platform=Merchant.platform -> 3:PROVIDER:postgresql= -> 4:SQL:select=] mutationLineage=[]
SQL: -- TeaQL PLAIN
SELECT id, create_time AS createTime, last_update_time AS lastUpdateTime, name, version FROM platform_data WHERE (version > 0) AND (id = 1) LIMIT 1 OFFSET 0
[TeaQL SQL][query][249us] 1 rows returned outcome=success batchOutcome=not_applicable comment=matched merchant read with relation purpose=matched benchmark read auditReason= tracePath=[0:OPERATION:Merchant=query -> 1:REQUEST:Merchant= -> 2:PROVIDER:postgresql= -> 3:SQL:select=] mutationLineage=[]
SQL: -- TeaQL PLAIN
SELECT id, name, code, external_id AS externalId, task_life_hours AS taskLifeHours, version, platform FROM merchant_data WHERE (version > 0) AND (external_id = 'matched-merchant') LIMIT 1000 OFFSET 0
[TeaQL SQL][query][246us] 1 rows returned outcome=success batchOutcome=not_applicable comment=matched merchant read with relation purpose=matched benchmark read auditReason= tracePath=[0:OPERATION:Merchant=query -> 1:REQUEST:Merchant= -> 2:RELATION:platform=Merchant.platform -> 3:PROVIDER:postgresql= -> 4:SQL:select=] mutationLineage=[]
SQL: -- TeaQL PLAIN
SELECT id, create_time AS createTime, last_update_time AS lastUpdateTime, name, version FROM platform_data WHERE (version > 0) AND (id = 1) LIMIT 1 OFFSET 0
[TeaQL SQL][query][324us] 1 rows returned outcome=success batchOutcome=not_applicable comment=matched merchant read with relation purpose=matched benchmark read auditReason= tracePath=[0:OPERATION:Merchant=query -> 1:REQUEST:Merchant= -> 2:PROVIDER:postgresql= -> 3:SQL:select=] mutationLineage=[]
SQL: -- TeaQL PLAIN
SELECT id, name, code, external_id AS externalId, task_life_hours AS taskLifeHours, version, platform FROM merchant_data WHERE (version > 0) AND (external_id = 'matched-merchant') LIMIT 1000 OFFSET 0
[TeaQL SQL][query][241us] 1 rows returned outcome=success batchOutcome=not_applicable comment=matched merchant read with relation purpose=matched benchmark read auditReason= tracePath=[0:OPERATION:Merchant=query -> 1:REQUEST:Merchant= -> 2:RELATION:platform=Merchant.platform -> 3:PROVIDER:postgresql= -> 4:SQL:select=] mutationLineage=[]
SQL: -- TeaQL PLAIN
SELECT id, create_time AS createTime, last_update_time AS lastUpdateTime, name, version FROM platform_data WHERE (version > 0) AND (id = 1) LIMIT 1 OFFSET 0
[TeaQL SQL][query][404us] 1 rows returned outcome=success batchOutcome=not_applicable comment=matched merchant read with relation purpose=matched benchmark read auditReason= tracePath=[0:OPERATION:Merchant=query -> 1:REQUEST:Merchant= -> 2:PROVIDER:postgresql= -> 3:SQL:select=] mutationLineage=[]
SQL: -- TeaQL PLAIN
SELECT id, name, code, external_id AS externalId, task_life_hours AS taskLifeHours, version, platform FROM merchant_data WHERE (version > 0) AND (external_id = 'matched-merchant') LIMIT 1000 OFFSET 0
[TeaQL SQL][query][404us] 1 rows returned outcome=success batchOutcome=not_applicable comment=matched merchant read with relation purpose=matched benchmark read auditReason= tracePath=[0:OPERATION:Merchant=query -> 1:REQUEST:Merchant= -> 2:PROVIDER:postgresql= -> 3:SQL:select=] mutationLineage=[]
SQL: -- TeaQL PLAIN
SELECT id, name, code, external_id AS externalId, task_life_hours AS taskLifeHours, version, platform FROM merchant_data WHERE (version > 0) AND (external_id = 'matched-merchant') LIMIT 1000 OFFSET 0
[TeaQL SQL][query][324us] 1 rows returned outcome=success batchOutcome=not_applicable comment=matched merchant read with relation purpose=matched benchmark read auditReason= tracePath=[0:OPERATION:Merchant=query -> 1:REQUEST:Merchant= -> 2:RELATION:platform=Merchant.platform -> 3:PROVIDER:postgresql= -> 4:SQL:select=] mutationLineage=[]
SQL: -- TeaQL PLAIN
SELECT id, create_time AS createTime, last_update_time AS lastUpdateTime, name, version FROM platform_data WHERE (version > 0) AND (id = 1) LIMIT 1 OFFSET 0
[TeaQL SQL][query][324us] 1 rows returned outcome=success batchOutcome=not_applicable comment=matched merchant read with relation purpose=matched benchmark read auditReason= tracePath=[0:OPERATION:Merchant=query -> 1:REQUEST:Merchant= -> 2:RELATION:platform=Merchant.platform -> 3:PROVIDER:postgresql= -> 4:SQL:select=] mutationLineage=[]
SQL: -- TeaQL PLAIN
SELECT id, create_time AS createTime, last_update_time AS lastUpdateTime, name, version FROM platform_data WHERE (version > 0) AND (id = 1) LIMIT 1 OFFSET 0
[TeaQL SQL][query][345us] 1 rows returned outcome=success batchOutcome=not_applicable comment=matched merchant read with relation purpose=matched benchmark read auditReason= tracePath=[0:OPERATION:Merchant=query -> 1:REQUEST:Merchant= -> 2:PROVIDER:postgresql= -> 3:SQL:select=] mutationLineage=[]
SQL: -- TeaQL PLAIN
SELECT id, name, code, external_id AS externalId, task_life_hours AS taskLifeHours, version, platform FROM merchant_data WHERE (version > 0) AND (external_id = 'matched-merchant') LIMIT 1000 OFFSET 0
[TeaQL SQL][query][237us] 1 rows returned outcome=success batchOutcome=not_applicable comment=matched merchant read with relation purpose=matched benchmark read auditReason= tracePath=[0:OPERATION:Merchant=query -> 1:REQUEST:Merchant= -> 2:RELATION:platform=Merchant.platform -> 3:PROVIDER:postgresql= -> 4:SQL:select=] mutationLineage=[]
SQL: -- TeaQL PLAIN
SELECT id, create_time AS createTime, last_update_time AS lastUpdateTime, name, version FROM platform_data WHERE (version > 0) AND (id = 1) LIMIT 1 OFFSET 0
[TeaQL SQL][query][257us] 1 rows returned outcome=success batchOutcome=not_applicable comment=matched merchant read with relation purpose=matched benchmark read auditReason= tracePath=[0:OPERATION:Merchant=query -> 1:REQUEST:Merchant= -> 2:PROVIDER:postgresql= -> 3:SQL:select=] mutationLineage=[]
SQL: -- TeaQL PLAIN
SELECT id, name, code, external_id AS externalId, task_life_hours AS taskLifeHours, version, platform FROM merchant_data WHERE (version > 0) AND (external_id = 'matched-merchant') LIMIT 1000 OFFSET 0
[TeaQL SQL][query][221us] 1 rows returned outcome=success batchOutcome=not_applicable comment=matched merchant read with relation purpose=matched benchmark read auditReason= tracePath=[0:OPERATION:Merchant=query -> 1:REQUEST:Merchant= -> 2:RELATION:platform=Merchant.platform -> 3:PROVIDER:postgresql= -> 4:SQL:select=] mutationLineage=[]
SQL: -- TeaQL PLAIN
SELECT id, create_time AS createTime, last_update_time AS lastUpdateTime, name, version FROM platform_data WHERE (version > 0) AND (id = 1) LIMIT 1 OFFSET 0
[TeaQL SQL][query][306us] 1 rows returned outcome=success batchOutcome=not_applicable comment=matched merchant read with relation purpose=matched benchmark read auditReason= tracePath=[0:OPERATION:Merchant=query -> 1:REQUEST:Merchant= -> 2:PROVIDER:postgresql= -> 3:SQL:select=] mutationLineage=[]
SQL: -- TeaQL PLAIN
SELECT id, name, code, external_id AS externalId, task_life_hours AS taskLifeHours, version, platform FROM merchant_data WHERE (version > 0) AND (external_id = 'matched-merchant') LIMIT 1000 OFFSET 0
[TeaQL SQL][query][226us] 1 rows returned outcome=success batchOutcome=not_applicable comment=matched merchant read with relation purpose=matched benchmark read auditReason= tracePath=[0:OPERATION:Merchant=query -> 1:REQUEST:Merchant= -> 2:RELATION:platform=Merchant.platform -> 3:PROVIDER:postgresql= -> 4:SQL:select=] mutationLineage=[]
SQL: -- TeaQL PLAIN
SELECT id, create_time AS createTime, last_update_time AS lastUpdateTime, name, version FROM platform_data WHERE (version > 0) AND (id = 1) LIMIT 1 OFFSET 0
[TeaQL SQL][query][299us] 1 rows returned outcome=success batchOutcome=not_applicable comment=matched merchant read with relation purpose=matched benchmark read auditReason= tracePath=[0:OPERATION:Merchant=query -> 1:REQUEST:Merchant= -> 2:PROVIDER:postgresql= -> 3:SQL:select=] mutationLineage=[]
SQL: -- TeaQL PLAIN
SELECT id, name, code, external_id AS externalId, task_life_hours AS taskLifeHours, version, platform FROM merchant_data WHERE (version > 0) AND (external_id = 'matched-merchant') LIMIT 1000 OFFSET 0
[TeaQL SQL][query][258us] 1 rows returned outcome=success batchOutcome=not_applicable comment=matched merchant read with relation purpose=matched benchmark read auditReason= tracePath=[0:OPERATION:Merchant=query -> 1:REQUEST:Merchant= -> 2:RELATION:platform=Merchant.platform -> 3:PROVIDER:postgresql= -> 4:SQL:select=] mutationLineage=[]
SQL: -- TeaQL PLAIN
SELECT id, create_time AS createTime, last_update_time AS lastUpdateTime, name, version FROM platform_data WHERE (version > 0) AND (id = 1) LIMIT 1 OFFSET 0
[TeaQL SQL][query][416us] 1 rows returned outcome=success batchOutcome=not_applicable comment=matched merchant read with relation purpose=matched benchmark read auditReason= tracePath=[0:OPERATION:Merchant=query -> 1:REQUEST:Merchant= -> 2:PROVIDER:postgresql= -> 3:SQL:select=] mutationLineage=[]
SQL: -- TeaQL PLAIN
SELECT id, name, code, external_id AS externalId, task_life_hours AS taskLifeHours, version, platform FROM merchant_data WHERE (version > 0) AND (external_id = 'matched-merchant') LIMIT 1000 OFFSET 0
[TeaQL SQL][query][411us] 1 rows returned outcome=success batchOutcome=not_applicable comment=matched merchant read with relation purpose=matched benchmark read auditReason= tracePath=[0:OPERATION:Merchant=query -> 1:REQUEST:Merchant= -> 2:PROVIDER:postgresql= -> 3:SQL:select=] mutationLineage=[]
SQL: -- TeaQL PLAIN
SELECT id, name, code, external_id AS externalId, task_life_hours AS taskLifeHours, version, platform FROM merchant_data WHERE (version > 0) AND (external_id = 'matched-merchant') LIMIT 1000 OFFSET 0
[TeaQL SQL][query][295us] 1 rows returned outcome=success batchOutcome=not_applicable comment=matched merchant read with relation purpose=matched benchmark read auditReason= tracePath=[0:OPERATION:Merchant=query -> 1:REQUEST:Merchant= -> 2:RELATION:platform=Merchant.platform -> 3:PROVIDER:postgresql= -> 4:SQL:select=] mutationLineage=[]
SQL: -- TeaQL PLAIN
SELECT id, create_time AS createTime, last_update_time AS lastUpdateTime, name, version FROM platform_data WHERE (version > 0) AND (id = 1) LIMIT 1 OFFSET 0
[TeaQL SQL][query][271us] 1 rows returned outcome=success batchOutcome=not_applicable comment=matched merchant read with relation purpose=matched benchmark read auditReason= tracePath=[0:OPERATION:Merchant=query -> 1:REQUEST:Merchant= -> 2:RELATION:platform=Merchant.platform -> 3:PROVIDER:postgresql= -> 4:SQL:select=] mutationLineage=[]
SQL: -- TeaQL PLAIN
SELECT id, create_time AS createTime, last_update_time AS lastUpdateTime, name, version FROM platform_data WHERE (version > 0) AND (id = 1) LIMIT 1 OFFSET 0
[TeaQL SQL][query][400us] 1 rows returned outcome=success batchOutcome=not_applicable comment=matched merchant read with relation purpose=matched benchmark read auditReason= tracePath=[0:OPERATION:Merchant=query -> 1:REQUEST:Merchant= -> 2:PROVIDER:postgresql= -> 3:SQL:select=] mutationLineage=[]
SQL: -- TeaQL PLAIN
SELECT id, name, code, external_id AS externalId, task_life_hours AS taskLifeHours, version, platform FROM merchant_data WHERE (version > 0) AND (external_id = 'matched-merchant') LIMIT 1000 OFFSET 0
[TeaQL SQL][query][252us] 1 rows returned outcome=success batchOutcome=not_applicable comment=matched merchant read with relation purpose=matched benchmark read auditReason= tracePath=[0:OPERATION:Merchant=query -> 1:REQUEST:Merchant= -> 2:RELATION:platform=Merchant.platform -> 3:PROVIDER:postgresql= -> 4:SQL:select=] mutationLineage=[]
SQL: -- TeaQL PLAIN
SELECT id, create_time AS createTime, last_update_time AS lastUpdateTime, name, version FROM platform_data WHERE (version > 0) AND (id = 1) LIMIT 1 OFFSET 0
[TeaQL SQL][query][288us] 1 rows returned outcome=success batchOutcome=not_applicable comment=matched merchant read with relation purpose=matched benchmark read auditReason= tracePath=[0:OPERATION:Merchant=query -> 1:REQUEST:Merchant= -> 2:PROVIDER:postgresql= -> 3:SQL:select=] mutationLineage=[]
SQL: -- TeaQL PLAIN
SELECT id, name, code, external_id AS externalId, task_life_hours AS taskLifeHours, version, platform FROM merchant_data WHERE (version > 0) AND (external_id = 'matched-merchant') LIMIT 1000 OFFSET 0
[TeaQL SQL][query][234us] 1 rows returned outcome=success batchOutcome=not_applicable comment=matched merchant read with relation purpose=matched benchmark read auditReason= tracePath=[0:OPERATION:Merchant=query -> 1:REQUEST:Merchant= -> 2:RELATION:platform=Merchant.platform -> 3:PROVIDER:postgresql= -> 4:SQL:select=] mutationLineage=[]
SQL: -- TeaQL PLAIN
SELECT id, create_time AS createTime, last_update_time AS lastUpdateTime, name, version FROM platform_data WHERE (version > 0) AND (id = 1) LIMIT 1 OFFSET 0
[TeaQL SQL][query][307us] 1 rows returned outcome=success batchOutcome=not_applicable comment=matched merchant read with relation purpose=matched benchmark read auditReason= tracePath=[0:OPERATION:Merchant=query -> 1:REQUEST:Merchant= -> 2:PROVIDER:postgresql= -> 3:SQL:select=] mutationLineage=[]
SQL: -- TeaQL PLAIN
SELECT id, name, code, external_id AS externalId, task_life_hours AS taskLifeHours, version, platform FROM merchant_data WHERE (version > 0) AND (external_id = 'matched-merchant') LIMIT 1000 OFFSET 0
[TeaQL SQL][query][268us] 1 rows returned outcome=success batchOutcome=not_applicable comment=matched merchant read with relation purpose=matched benchmark read auditReason= tracePath=[0:OPERATION:Merchant=query -> 1:REQUEST:Merchant= -> 2:RELATION:platform=Merchant.platform -> 3:PROVIDER:postgresql= -> 4:SQL:select=] mutationLineage=[]
SQL: -- TeaQL PLAIN
SELECT id, create_time AS createTime, last_update_time AS lastUpdateTime, name, version FROM platform_data WHERE (version > 0) AND (id = 1) LIMIT 1 OFFSET 0
[TeaQL SQL][query][273us] 1 rows returned outcome=success batchOutcome=not_applicable comment=matched merchant read with relation purpose=matched benchmark read auditReason= tracePath=[0:OPERATION:Merchant=query -> 1:REQUEST:Merchant= -> 2:PROVIDER:postgresql= -> 3:SQL:select=] mutationLineage=[]
SQL: -- TeaQL PLAIN
SELECT id, name, code, external_id AS externalId, task_life_hours AS taskLifeHours, version, platform FROM merchant_data WHERE (version > 0) AND (external_id = 'matched-merchant') LIMIT 1000 OFFSET 0
[TeaQL SQL][query][265us] 1 rows returned outcome=success batchOutcome=not_applicable comment=matched merchant read with relation purpose=matched benchmark read auditReason= tracePath=[0:OPERATION:Merchant=query -> 1:REQUEST:Merchant= -> 2:RELATION:platform=Merchant.platform -> 3:PROVIDER:postgresql= -> 4:SQL:select=] mutationLineage=[]
SQL: -- TeaQL PLAIN
SELECT id, create_time AS createTime, last_update_time AS lastUpdateTime, name, version FROM platform_data WHERE (version > 0) AND (id = 1) LIMIT 1 OFFSET 0
[TeaQL SQL][query][310us] 1 rows returned outcome=success batchOutcome=not_applicable comment=matched merchant read with relation purpose=matched benchmark read auditReason= tracePath=[0:OPERATION:Merchant=query -> 1:REQUEST:Merchant= -> 2:PROVIDER:postgresql= -> 3:SQL:select=] mutationLineage=[]
SQL: -- TeaQL PLAIN
SELECT id, name, code, external_id AS externalId, task_life_hours AS taskLifeHours, version, platform FROM merchant_data WHERE (version > 0) AND (external_id = 'matched-merchant') LIMIT 1000 OFFSET 0
[TeaQL SQL][query][256us] 1 rows returned outcome=success batchOutcome=not_applicable comment=matched merchant read with relation purpose=matched benchmark read auditReason= tracePath=[0:OPERATION:Merchant=query -> 1:REQUEST:Merchant= -> 2:RELATION:platform=Merchant.platform -> 3:PROVIDER:postgresql= -> 4:SQL:select=] mutationLineage=[]
SQL: -- TeaQL PLAIN
SELECT id, create_time AS createTime, last_update_time AS lastUpdateTime, name, version FROM platform_data WHERE (version > 0) AND (id = 1) LIMIT 1 OFFSET 0
[TeaQL SQL][query][374us] 1 rows returned outcome=success batchOutcome=not_applicable comment=matched merchant read with relation purpose=matched benchmark read auditReason= tracePath=[0:OPERATION:Merchant=query -> 1:REQUEST:Merchant= -> 2:PROVIDER:postgresql= -> 3:SQL:select=] mutationLineage=[]
SQL: -- TeaQL PLAIN
SELECT id, name, code, external_id AS externalId, task_life_hours AS taskLifeHours, version, platform FROM merchant_data WHERE (version > 0) AND (external_id = 'matched-merchant') LIMIT 1000 OFFSET 0
[TeaQL SQL][query][278us] 1 rows returned outcome=success batchOutcome=not_applicable comment=matched merchant read with relation purpose=matched benchmark read auditReason= tracePath=[0:OPERATION:Merchant=query -> 1:REQUEST:Merchant= -> 2:RELATION:platform=Merchant.platform -> 3:PROVIDER:postgresql= -> 4:SQL:select=] mutationLineage=[]
SQL: -- TeaQL PLAIN
SELECT id, create_time AS createTime, last_update_time AS lastUpdateTime, name, version FROM platform_data WHERE (version > 0) AND (id = 1) LIMIT 1 OFFSET 0
[TeaQL SQL][query][400us] 1 rows returned outcome=success batchOutcome=not_applicable comment=matched merchant read with relation purpose=matched benchmark read auditReason= tracePath=[0:OPERATION:Merchant=query -> 1:REQUEST:Merchant= -> 2:PROVIDER:postgresql= -> 3:SQL:select=] mutationLineage=[]
SQL: -- TeaQL PLAIN
SELECT id, name, code, external_id AS externalId, task_life_hours AS taskLifeHours, version, platform FROM merchant_data WHERE (version > 0) AND (external_id = 'matched-merchant') LIMIT 1000 OFFSET 0
[TeaQL SQL][query][273us] 1 rows returned outcome=success batchOutcome=not_applicable comment=matched merchant read with relation purpose=matched benchmark read auditReason= tracePath=[0:OPERATION:Merchant=query -> 1:REQUEST:Merchant= -> 2:RELATION:platform=Merchant.platform -> 3:PROVIDER:postgresql= -> 4:SQL:select=] mutationLineage=[]
SQL: -- TeaQL PLAIN
SELECT id, create_time AS createTime, last_update_time AS lastUpdateTime, name, version FROM platform_data WHERE (version > 0) AND (id = 1) LIMIT 1 OFFSET 0
[TeaQL SQL][query][316us] 1 rows returned outcome=success batchOutcome=not_applicable comment=matched merchant read with relation purpose=matched benchmark read auditReason= tracePath=[0:OPERATION:Merchant=query -> 1:REQUEST:Merchant= -> 2:PROVIDER:postgresql= -> 3:SQL:select=] mutationLineage=[]
SQL: -- TeaQL PLAIN
SELECT id, name, code, external_id AS externalId, task_life_hours AS taskLifeHours, version, platform FROM merchant_data WHERE (version > 0) AND (external_id = 'matched-merchant') LIMIT 1000 OFFSET 0
[TeaQL SQL][query][275us] 1 rows returned outcome=success batchOutcome=not_applicable comment=matched merchant read with relation purpose=matched benchmark read auditReason= tracePath=[0:OPERATION:Merchant=query -> 1:REQUEST:Merchant= -> 2:RELATION:platform=Merchant.platform -> 3:PROVIDER:postgresql= -> 4:SQL:select=] mutationLineage=[]
SQL: -- TeaQL PLAIN
SELECT id, create_time AS createTime, last_update_time AS lastUpdateTime, name, version FROM platform_data WHERE (version > 0) AND (id = 1) LIMIT 1 OFFSET 0
[TeaQL SQL][query][302us] 1 rows returned outcome=success batchOutcome=not_applicable comment=matched merchant read with relation purpose=matched benchmark read auditReason= tracePath=[0:OPERATION:Merchant=query -> 1:REQUEST:Merchant= -> 2:PROVIDER:postgresql= -> 3:SQL:select=] mutationLineage=[]
SQL: -- TeaQL PLAIN
SELECT id, name, code, external_id AS externalId, task_life_hours AS taskLifeHours, version, platform FROM merchant_data WHERE (version > 0) AND (external_id = 'matched-merchant') LIMIT 1000 OFFSET 0
[TeaQL SQL][query][275us] 1 rows returned outcome=success batchOutcome=not_applicable comment=matched merchant read with relation purpose=matched benchmark read auditReason= tracePath=[0:OPERATION:Merchant=query -> 1:REQUEST:Merchant= -> 2:RELATION:platform=Merchant.platform -> 3:PROVIDER:postgresql= -> 4:SQL:select=] mutationLineage=[]
SQL: -- TeaQL PLAIN
SELECT id, create_time AS createTime, last_update_time AS lastUpdateTime, name, version FROM platform_data WHERE (version > 0) AND (id = 1) LIMIT 1 OFFSET 0
[TeaQL SQL][query][285us] 1 rows returned outcome=success batchOutcome=not_applicable comment=matched merchant read with relation purpose=matched benchmark read auditReason= tracePath=[0:OPERATION:Merchant=query -> 1:REQUEST:Merchant= -> 2:PROVIDER:postgresql= -> 3:SQL:select=] mutationLineage=[]
SQL: -- TeaQL PLAIN
SELECT id, name, code, external_id AS externalId, task_life_hours AS taskLifeHours, version, platform FROM merchant_data WHERE (version > 0) AND (external_id = 'matched-merchant') LIMIT 1000 OFFSET 0
[TeaQL SQL][query][231us] 1 rows returned outcome=success batchOutcome=not_applicable comment=matched merchant read with relation purpose=matched benchmark read auditReason= tracePath=[0:OPERATION:Merchant=query -> 1:REQUEST:Merchant= -> 2:RELATION:platform=Merchant.platform -> 3:PROVIDER:postgresql= -> 4:SQL:select=] mutationLineage=[]
SQL: -- TeaQL PLAIN
SELECT id, create_time AS createTime, last_update_time AS lastUpdateTime, name, version FROM platform_data WHERE (version > 0) AND (id = 1) LIMIT 1 OFFSET 0
[TeaQL SQL][query][269us] 1 rows returned outcome=success batchOutcome=not_applicable comment=matched merchant read with relation purpose=matched benchmark read auditReason= tracePath=[0:OPERATION:Merchant=query -> 1:REQUEST:Merchant= -> 2:PROVIDER:postgresql= -> 3:SQL:select=] mutationLineage=[]
SQL: -- TeaQL PLAIN
SELECT id, name, code, external_id AS externalId, task_life_hours AS taskLifeHours, version, platform FROM merchant_data WHERE (version > 0) AND (external_id = 'matched-merchant') LIMIT 1000 OFFSET 0
[TeaQL SQL][query][227us] 1 rows returned outcome=success batchOutcome=not_applicable comment=matched merchant read with relation purpose=matched benchmark read auditReason= tracePath=[0:OPERATION:Merchant=query -> 1:REQUEST:Merchant= -> 2:RELATION:platform=Merchant.platform -> 3:PROVIDER:postgresql= -> 4:SQL:select=] mutationLineage=[]
SQL: -- TeaQL PLAIN
SELECT id, create_time AS createTime, last_update_time AS lastUpdateTime, name, version FROM platform_data WHERE (version > 0) AND (id = 1) LIMIT 1 OFFSET 0
[TeaQL SQL][query][398us] 1 rows returned outcome=success batchOutcome=not_applicable comment=matched merchant read with relation purpose=matched benchmark read auditReason= tracePath=[0:OPERATION:Merchant=query -> 1:REQUEST:Merchant= -> 2:PROVIDER:postgresql= -> 3:SQL:select=] mutationLineage=[]
SQL: -- TeaQL PLAIN
SELECT id, name, code, external_id AS externalId, task_life_hours AS taskLifeHours, version, platform FROM merchant_data WHERE (version > 0) AND (external_id = 'matched-merchant') LIMIT 1000 OFFSET 0
[TeaQL SQL][query][371us] 1 rows returned outcome=success batchOutcome=not_applicable comment=matched merchant read with relation purpose=matched benchmark read auditReason= tracePath=[0:OPERATION:Merchant=query -> 1:REQUEST:Merchant= -> 2:RELATION:platform=Merchant.platform -> 3:PROVIDER:postgresql= -> 4:SQL:select=] mutationLineage=[]
SQL: -- TeaQL PLAIN
SELECT id, create_time AS createTime, last_update_time AS lastUpdateTime, name, version FROM platform_data WHERE (version > 0) AND (id = 1) LIMIT 1 OFFSET 0
[TeaQL SQL][query][341us] 1 rows returned outcome=success batchOutcome=not_applicable comment=matched merchant read with relation purpose=matched benchmark read auditReason= tracePath=[0:OPERATION:Merchant=query -> 1:REQUEST:Merchant= -> 2:PROVIDER:postgresql= -> 3:SQL:select=] mutationLineage=[]
SQL: -- TeaQL PLAIN
SELECT id, name, code, external_id AS externalId, task_life_hours AS taskLifeHours, version, platform FROM merchant_data WHERE (version > 0) AND (external_id = 'matched-merchant') LIMIT 1000 OFFSET 0
[TeaQL SQL][query][335us] 1 rows returned outcome=success batchOutcome=not_applicable comment=matched merchant read with relation purpose=matched benchmark read auditReason= tracePath=[0:OPERATION:Merchant=query -> 1:REQUEST:Merchant= -> 2:RELATION:platform=Merchant.platform -> 3:PROVIDER:postgresql= -> 4:SQL:select=] mutationLineage=[]
SQL: -- TeaQL PLAIN
SELECT id, create_time AS createTime, last_update_time AS lastUpdateTime, name, version FROM platform_data WHERE (version > 0) AND (id = 1) LIMIT 1 OFFSET 0
[TeaQL SQL][query][332us] 1 rows returned outcome=success batchOutcome=not_applicable comment=matched merchant read with relation purpose=matched benchmark read auditReason= tracePath=[0:OPERATION:Merchant=query -> 1:REQUEST:Merchant= -> 2:PROVIDER:postgresql= -> 3:SQL:select=] mutationLineage=[]
SQL: -- TeaQL PLAIN
SELECT id, name, code, external_id AS externalId, task_life_hours AS taskLifeHours, version, platform FROM merchant_data WHERE (version > 0) AND (external_id = 'matched-merchant') LIMIT 1000 OFFSET 0
[TeaQL SQL][query][273us] 1 rows returned outcome=success batchOutcome=not_applicable comment=matched merchant read with relation purpose=matched benchmark read auditReason= tracePath=[0:OPERATION:Merchant=query -> 1:REQUEST:Merchant= -> 2:RELATION:platform=Merchant.platform -> 3:PROVIDER:postgresql= -> 4:SQL:select=] mutationLineage=[]
SQL: -- TeaQL PLAIN
SELECT id, create_time AS createTime, last_update_time AS lastUpdateTime, name, version FROM platform_data WHERE (version > 0) AND (id = 1) LIMIT 1 OFFSET 0
[TeaQL SQL][query][353us] 1 rows returned outcome=success batchOutcome=not_applicable comment=matched merchant read with relation purpose=matched benchmark read auditReason= tracePath=[0:OPERATION:Merchant=query -> 1:REQUEST:Merchant= -> 2:PROVIDER:postgresql= -> 3:SQL:select=] mutationLineage=[]
SQL: -- TeaQL PLAIN
SELECT id, name, code, external_id AS externalId, task_life_hours AS taskLifeHours, version, platform FROM merchant_data WHERE (version > 0) AND (external_id = 'matched-merchant') LIMIT 1000 OFFSET 0
[TeaQL SQL][query][262us] 1 rows returned outcome=success batchOutcome=not_applicable comment=matched merchant read with relation purpose=matched benchmark read auditReason= tracePath=[0:OPERATION:Merchant=query -> 1:REQUEST:Merchant= -> 2:RELATION:platform=Merchant.platform -> 3:PROVIDER:postgresql= -> 4:SQL:select=] mutationLineage=[]
SQL: -- TeaQL PLAIN
SELECT id, create_time AS createTime, last_update_time AS lastUpdateTime, name, version FROM platform_data WHERE (version > 0) AND (id = 1) LIMIT 1 OFFSET 0
[TeaQL SQL][query][319us] 1 rows returned outcome=success batchOutcome=not_applicable comment=matched merchant read with relation purpose=matched benchmark read auditReason= tracePath=[0:OPERATION:Merchant=query -> 1:REQUEST:Merchant= -> 2:PROVIDER:postgresql= -> 3:SQL:select=] mutationLineage=[]
SQL: -- TeaQL PLAIN
SELECT id, name, code, external_id AS externalId, task_life_hours AS taskLifeHours, version, platform FROM merchant_data WHERE (version > 0) AND (external_id = 'matched-merchant') LIMIT 1000 OFFSET 0
[TeaQL SQL][query][292us] 1 rows returned outcome=success batchOutcome=not_applicable comment=matched merchant read with relation purpose=matched benchmark read auditReason= tracePath=[0:OPERATION:Merchant=query -> 1:REQUEST:Merchant= -> 2:RELATION:platform=Merchant.platform -> 3:PROVIDER:postgresql= -> 4:SQL:select=] mutationLineage=[]
SQL: -- TeaQL PLAIN
SELECT id, create_time AS createTime, last_update_time AS lastUpdateTime, name, version FROM platform_data WHERE (version > 0) AND (id = 1) LIMIT 1 OFFSET 0
[TeaQL SQL][query][361us] 1 rows returned outcome=success batchOutcome=not_applicable comment=matched merchant read with relation purpose=matched benchmark read auditReason= tracePath=[0:OPERATION:Merchant=query -> 1:REQUEST:Merchant= -> 2:PROVIDER:postgresql= -> 3:SQL:select=] mutationLineage=[]
SQL: -- TeaQL PLAIN
SELECT id, name, code, external_id AS externalId, task_life_hours AS taskLifeHours, version, platform FROM merchant_data WHERE (version > 0) AND (external_id = 'matched-merchant') LIMIT 1000 OFFSET 0
[TeaQL SQL][query][269us] 1 rows returned outcome=success batchOutcome=not_applicable comment=matched merchant read with relation purpose=matched benchmark read auditReason= tracePath=[0:OPERATION:Merchant=query -> 1:REQUEST:Merchant= -> 2:RELATION:platform=Merchant.platform -> 3:PROVIDER:postgresql= -> 4:SQL:select=] mutationLineage=[]
SQL: -- TeaQL PLAIN
SELECT id, create_time AS createTime, last_update_time AS lastUpdateTime, name, version FROM platform_data WHERE (version > 0) AND (id = 1) LIMIT 1 OFFSET 0
[TeaQL SQL][query][305us] 1 rows returned outcome=success batchOutcome=not_applicable comment=matched merchant read with relation purpose=matched benchmark read auditReason= tracePath=[0:OPERATION:Merchant=query -> 1:REQUEST:Merchant= -> 2:PROVIDER:postgresql= -> 3:SQL:select=] mutationLineage=[]
SQL: -- TeaQL PLAIN
SELECT id, name, code, external_id AS externalId, task_life_hours AS taskLifeHours, version, platform FROM merchant_data WHERE (version > 0) AND (external_id = 'matched-merchant') LIMIT 1000 OFFSET 0
[TeaQL SQL][query][232us] 1 rows returned outcome=success batchOutcome=not_applicable comment=matched merchant read with relation purpose=matched benchmark read auditReason= tracePath=[0:OPERATION:Merchant=query -> 1:REQUEST:Merchant= -> 2:PROVIDER:postgresql= -> 3:SQL:select=] mutationLineage=[]
SQL: -- TeaQL PLAIN
SELECT id, name, code, external_id AS externalId, task_life_hours AS taskLifeHours, version, platform FROM merchant_data WHERE (version > 0) AND (external_id = 'matched-merchant') LIMIT 1000 OFFSET 0
[TeaQL SQL][query][245us] 1 rows returned outcome=success batchOutcome=not_applicable comment=matched merchant read with relation purpose=matched benchmark read auditReason= tracePath=[0:OPERATION:Merchant=query -> 1:REQUEST:Merchant= -> 2:RELATION:platform=Merchant.platform -> 3:PROVIDER:postgresql= -> 4:SQL:select=] mutationLineage=[]
SQL: -- TeaQL PLAIN
SELECT id, create_time AS createTime, last_update_time AS lastUpdateTime, name, version FROM platform_data WHERE (version > 0) AND (id = 1) LIMIT 1 OFFSET 0
[TeaQL SQL][query][187us] 1 rows returned outcome=success batchOutcome=not_applicable comment=matched merchant read with relation purpose=matched benchmark read auditReason= tracePath=[0:OPERATION:Merchant=query -> 1:REQUEST:Merchant= -> 2:RELATION:platform=Merchant.platform -> 3:PROVIDER:postgresql= -> 4:SQL:select=] mutationLineage=[]
SQL: -- TeaQL PLAIN
SELECT id, create_time AS createTime, last_update_time AS lastUpdateTime, name, version FROM platform_data WHERE (version > 0) AND (id = 1) LIMIT 1 OFFSET 0
[TeaQL SQL][query][445us] 1 rows returned outcome=success batchOutcome=not_applicable comment=matched merchant read with relation purpose=matched benchmark read auditReason= tracePath=[0:OPERATION:Merchant=query -> 1:REQUEST:Merchant= -> 2:PROVIDER:postgresql= -> 3:SQL:select=] mutationLineage=[]
SQL: -- TeaQL PLAIN
SELECT id, name, code, external_id AS externalId, task_life_hours AS taskLifeHours, version, platform FROM merchant_data WHERE (version > 0) AND (external_id = 'matched-merchant') LIMIT 1000 OFFSET 0
[TeaQL SQL][query][344us] 1 rows returned outcome=success batchOutcome=not_applicable comment=matched merchant read with relation purpose=matched benchmark read auditReason= tracePath=[0:OPERATION:Merchant=query -> 1:REQUEST:Merchant= -> 2:RELATION:platform=Merchant.platform -> 3:PROVIDER:postgresql= -> 4:SQL:select=] mutationLineage=[]
SQL: -- TeaQL PLAIN
SELECT id, create_time AS createTime, last_update_time AS lastUpdateTime, name, version FROM platform_data WHERE (version > 0) AND (id = 1) LIMIT 1 OFFSET 0
[TeaQL SQL][query][402us] 1 rows returned outcome=success batchOutcome=not_applicable comment=matched merchant read with relation purpose=matched benchmark read auditReason= tracePath=[0:OPERATION:Merchant=query -> 1:REQUEST:Merchant= -> 2:PROVIDER:postgresql= -> 3:SQL:select=] mutationLineage=[]
SQL: -- TeaQL PLAIN
SELECT id, name, code, external_id AS externalId, task_life_hours AS taskLifeHours, version, platform FROM merchant_data WHERE (version > 0) AND (external_id = 'matched-merchant') LIMIT 1000 OFFSET 0
[TeaQL SQL][query][279us] 1 rows returned outcome=success batchOutcome=not_applicable comment=matched merchant read with relation purpose=matched benchmark read auditReason= tracePath=[0:OPERATION:Merchant=query -> 1:REQUEST:Merchant= -> 2:RELATION:platform=Merchant.platform -> 3:PROVIDER:postgresql= -> 4:SQL:select=] mutationLineage=[]
SQL: -- TeaQL PLAIN
SELECT id, create_time AS createTime, last_update_time AS lastUpdateTime, name, version FROM platform_data WHERE (version > 0) AND (id = 1) LIMIT 1 OFFSET 0
[TeaQL SQL][query][279us] 1 rows returned outcome=success batchOutcome=not_applicable comment=matched merchant read with relation purpose=matched benchmark read auditReason= tracePath=[0:OPERATION:Merchant=query -> 1:REQUEST:Merchant= -> 2:PROVIDER:postgresql= -> 3:SQL:select=] mutationLineage=[]
SQL: -- TeaQL PLAIN
SELECT id, name, code, external_id AS externalId, task_life_hours AS taskLifeHours, version, platform FROM merchant_data WHERE (version > 0) AND (external_id = 'matched-merchant') LIMIT 1000 OFFSET 0
[TeaQL SQL][query][254us] 1 rows returned outcome=success batchOutcome=not_applicable comment=matched merchant read with relation purpose=matched benchmark read auditReason= tracePath=[0:OPERATION:Merchant=query -> 1:REQUEST:Merchant= -> 2:RELATION:platform=Merchant.platform -> 3:PROVIDER:postgresql= -> 4:SQL:select=] mutationLineage=[]
SQL: -- TeaQL PLAIN
SELECT id, create_time AS createTime, last_update_time AS lastUpdateTime, name, version FROM platform_data WHERE (version > 0) AND (id = 1) LIMIT 1 OFFSET 0
[TeaQL SQL][query][330us] 1 rows returned outcome=success batchOutcome=not_applicable comment=matched merchant read with relation purpose=matched benchmark read auditReason= tracePath=[0:OPERATION:Merchant=query -> 1:REQUEST:Merchant= -> 2:PROVIDER:postgresql= -> 3:SQL:select=] mutationLineage=[]
SQL: -- TeaQL PLAIN
SELECT id, name, code, external_id AS externalId, task_life_hours AS taskLifeHours, version, platform FROM merchant_data WHERE (version > 0) AND (external_id = 'matched-merchant') LIMIT 1000 OFFSET 0
[TeaQL SQL][query][301us] 1 rows returned outcome=success batchOutcome=not_applicable comment=matched merchant read with relation purpose=matched benchmark read auditReason= tracePath=[0:OPERATION:Merchant=query -> 1:REQUEST:Merchant= -> 2:PROVIDER:postgresql= -> 3:SQL:select=] mutationLineage=[]
SQL: -- TeaQL PLAIN
SELECT id, name, code, external_id AS externalId, task_life_hours AS taskLifeHours, version, platform FROM merchant_data WHERE (version > 0) AND (external_id = 'matched-merchant') LIMIT 1000 OFFSET 0
[TeaQL SQL][query][270us] 1 rows returned outcome=success batchOutcome=not_applicable comment=matched merchant read with relation purpose=matched benchmark read auditReason= tracePath=[0:OPERATION:Merchant=query -> 1:REQUEST:Merchant= -> 2:RELATION:platform=Merchant.platform -> 3:PROVIDER:postgresql= -> 4:SQL:select=] mutationLineage=[]
SQL: -- TeaQL PLAIN
SELECT id, create_time AS createTime, last_update_time AS lastUpdateTime, name, version FROM platform_data WHERE (version > 0) AND (id = 1) LIMIT 1 OFFSET 0
[TeaQL SQL][query][226us] 1 rows returned outcome=success batchOutcome=not_applicable comment=matched merchant read with relation purpose=matched benchmark read auditReason= tracePath=[0:OPERATION:Merchant=query -> 1:REQUEST:Merchant= -> 2:RELATION:platform=Merchant.platform -> 3:PROVIDER:postgresql= -> 4:SQL:select=] mutationLineage=[]
SQL: -- TeaQL PLAIN
SELECT id, create_time AS createTime, last_update_time AS lastUpdateTime, name, version FROM platform_data WHERE (version > 0) AND (id = 1) LIMIT 1 OFFSET 0
[TeaQL SQL][query][403us] 1 rows returned outcome=success batchOutcome=not_applicable comment=matched merchant read with relation purpose=matched benchmark read auditReason= tracePath=[0:OPERATION:Merchant=query -> 1:REQUEST:Merchant= -> 2:PROVIDER:postgresql= -> 3:SQL:select=] mutationLineage=[]
SQL: -- TeaQL PLAIN
SELECT id, name, code, external_id AS externalId, task_life_hours AS taskLifeHours, version, platform FROM merchant_data WHERE (version > 0) AND (external_id = 'matched-merchant') LIMIT 1000 OFFSET 0
[TeaQL SQL][query][403us] 1 rows returned outcome=success batchOutcome=not_applicable comment=matched merchant read with relation purpose=matched benchmark read auditReason= tracePath=[0:OPERATION:Merchant=query -> 1:REQUEST:Merchant= -> 2:PROVIDER:postgresql= -> 3:SQL:select=] mutationLineage=[]
SQL: -- TeaQL PLAIN
SELECT id, name, code, external_id AS externalId, task_life_hours AS taskLifeHours, version, platform FROM merchant_data WHERE (version > 0) AND (external_id = 'matched-merchant') LIMIT 1000 OFFSET 0
[TeaQL SQL][query][306us] 1 rows returned outcome=success batchOutcome=not_applicable comment=matched merchant read with relation purpose=matched benchmark read auditReason= tracePath=[0:OPERATION:Merchant=query -> 1:REQUEST:Merchant= -> 2:RELATION:platform=Merchant.platform -> 3:PROVIDER:postgresql= -> 4:SQL:select=] mutationLineage=[]
SQL: -- TeaQL PLAIN
SELECT id, create_time AS createTime, last_update_time AS lastUpdateTime, name, version FROM platform_data WHERE (version > 0) AND (id = 1) LIMIT 1 OFFSET 0
[TeaQL SQL][query][312us] 1 rows returned outcome=success batchOutcome=not_applicable comment=matched merchant read with relation purpose=matched benchmark read auditReason= tracePath=[0:OPERATION:Merchant=query -> 1:REQUEST:Merchant= -> 2:RELATION:platform=Merchant.platform -> 3:PROVIDER:postgresql= -> 4:SQL:select=] mutationLineage=[]
SQL: -- TeaQL PLAIN
SELECT id, create_time AS createTime, last_update_time AS lastUpdateTime, name, version FROM platform_data WHERE (version > 0) AND (id = 1) LIMIT 1 OFFSET 0
[TeaQL SQL][query][496us] 1 rows returned outcome=success batchOutcome=not_applicable comment=matched merchant read with relation purpose=matched benchmark read auditReason= tracePath=[0:OPERATION:Merchant=query -> 1:REQUEST:Merchant= -> 2:PROVIDER:postgresql= -> 3:SQL:select=] mutationLineage=[]
SQL: -- TeaQL PLAIN
SELECT id, name, code, external_id AS externalId, task_life_hours AS taskLifeHours, version, platform FROM merchant_data WHERE (version > 0) AND (external_id = 'matched-merchant') LIMIT 1000 OFFSET 0
[TeaQL SQL][query][414us] 1 rows returned outcome=success batchOutcome=not_applicable comment=matched merchant read with relation purpose=matched benchmark read auditReason= tracePath=[0:OPERATION:Merchant=query -> 1:REQUEST:Merchant= -> 2:RELATION:platform=Merchant.platform -> 3:PROVIDER:postgresql= -> 4:SQL:select=] mutationLineage=[]
SQL: -- TeaQL PLAIN
SELECT id, create_time AS createTime, last_update_time AS lastUpdateTime, name, version FROM platform_data WHERE (version > 0) AND (id = 1) LIMIT 1 OFFSET 0
[TeaQL SQL][query][388us] 1 rows returned outcome=success batchOutcome=not_applicable comment=matched merchant read with relation purpose=matched benchmark read auditReason= tracePath=[0:OPERATION:Merchant=query -> 1:REQUEST:Merchant= -> 2:PROVIDER:postgresql= -> 3:SQL:select=] mutationLineage=[]
SQL: -- TeaQL PLAIN
SELECT id, name, code, external_id AS externalId, task_life_hours AS taskLifeHours, version, platform FROM merchant_data WHERE (version > 0) AND (external_id = 'matched-merchant') LIMIT 1000 OFFSET 0
[TeaQL SQL][query][299us] 1 rows returned outcome=success batchOutcome=not_applicable comment=matched merchant read with relation purpose=matched benchmark read auditReason= tracePath=[0:OPERATION:Merchant=query -> 1:REQUEST:Merchant= -> 2:PROVIDER:postgresql= -> 3:SQL:select=] mutationLineage=[]
SQL: -- TeaQL PLAIN
SELECT id, name, code, external_id AS externalId, task_life_hours AS taskLifeHours, version, platform FROM merchant_data WHERE (version > 0) AND (external_id = 'matched-merchant') LIMIT 1000 OFFSET 0
[TeaQL SQL][query][314us] 1 rows returned outcome=success batchOutcome=not_applicable comment=matched merchant read with relation purpose=matched benchmark read auditReason= tracePath=[0:OPERATION:Merchant=query -> 1:REQUEST:Merchant= -> 2:RELATION:platform=Merchant.platform -> 3:PROVIDER:postgresql= -> 4:SQL:select=] mutationLineage=[]
SQL: -- TeaQL PLAIN
SELECT id, create_time AS createTime, last_update_time AS lastUpdateTime, name, version FROM platform_data WHERE (version > 0) AND (id = 1) LIMIT 1 OFFSET 0
[TeaQL SQL][query][275us] 1 rows returned outcome=success batchOutcome=not_applicable comment=matched merchant read with relation purpose=matched benchmark read auditReason= tracePath=[0:OPERATION:Merchant=query -> 1:REQUEST:Merchant= -> 2:RELATION:platform=Merchant.platform -> 3:PROVIDER:postgresql= -> 4:SQL:select=] mutationLineage=[]
SQL: -- TeaQL PLAIN
SELECT id, create_time AS createTime, last_update_time AS lastUpdateTime, name, version FROM platform_data WHERE (version > 0) AND (id = 1) LIMIT 1 OFFSET 0
[TeaQL SQL][query][332us] 1 rows returned outcome=success batchOutcome=not_applicable comment=matched merchant read with relation purpose=matched benchmark read auditReason= tracePath=[0:OPERATION:Merchant=query -> 1:REQUEST:Merchant= -> 2:PROVIDER:postgresql= -> 3:SQL:select=] mutationLineage=[]
SQL: -- TeaQL PLAIN
SELECT id, name, code, external_id AS externalId, task_life_hours AS taskLifeHours, version, platform FROM merchant_data WHERE (version > 0) AND (external_id = 'matched-merchant') LIMIT 1000 OFFSET 0
[TeaQL SQL][query][254us] 1 rows returned outcome=success batchOutcome=not_applicable comment=matched merchant read with relation purpose=matched benchmark read auditReason= tracePath=[0:OPERATION:Merchant=query -> 1:REQUEST:Merchant= -> 2:PROVIDER:postgresql= -> 3:SQL:select=] mutationLineage=[]
SQL: -- TeaQL PLAIN
SELECT id, name, code, external_id AS externalId, task_life_hours AS taskLifeHours, version, platform FROM merchant_data WHERE (version > 0) AND (external_id = 'matched-merchant') LIMIT 1000 OFFSET 0
[TeaQL SQL][query][236us] 1 rows returned outcome=success batchOutcome=not_applicable comment=matched merchant read with relation purpose=matched benchmark read auditReason= tracePath=[0:OPERATION:Merchant=query -> 1:REQUEST:Merchant= -> 2:RELATION:platform=Merchant.platform -> 3:PROVIDER:postgresql= -> 4:SQL:select=] mutationLineage=[]
SQL: -- TeaQL PLAIN
SELECT id, create_time AS createTime, last_update_time AS lastUpdateTime, name, version FROM platform_data WHERE (version > 0) AND (id = 1) LIMIT 1 OFFSET 0
[TeaQL SQL][query][245us] 1 rows returned outcome=success batchOutcome=not_applicable comment=matched merchant read with relation purpose=matched benchmark read auditReason= tracePath=[0:OPERATION:Merchant=query -> 1:REQUEST:Merchant= -> 2:RELATION:platform=Merchant.platform -> 3:PROVIDER:postgresql= -> 4:SQL:select=] mutationLineage=[]
SQL: -- TeaQL PLAIN
SELECT id, create_time AS createTime, last_update_time AS lastUpdateTime, name, version FROM platform_data WHERE (version > 0) AND (id = 1) LIMIT 1 OFFSET 0
[TeaQL SQL][query][459us] 1 rows returned outcome=success batchOutcome=not_applicable comment=matched merchant read with relation purpose=matched benchmark read auditReason= tracePath=[0:OPERATION:Merchant=query -> 1:REQUEST:Merchant= -> 2:PROVIDER:postgresql= -> 3:SQL:select=] mutationLineage=[]
SQL: -- TeaQL PLAIN
SELECT id, name, code, external_id AS externalId, task_life_hours AS taskLifeHours, version, platform FROM merchant_data WHERE (version > 0) AND (external_id = 'matched-merchant') LIMIT 1000 OFFSET 0
[TeaQL SQL][query][459us] 1 rows returned outcome=success batchOutcome=not_applicable comment=matched merchant read with relation purpose=matched benchmark read auditReason= tracePath=[0:OPERATION:Merchant=query -> 1:REQUEST:Merchant= -> 2:PROVIDER:postgresql= -> 3:SQL:select=] mutationLineage=[]
SQL: -- TeaQL PLAIN
SELECT id, name, code, external_id AS externalId, task_life_hours AS taskLifeHours, version, platform FROM merchant_data WHERE (version > 0) AND (external_id = 'matched-merchant') LIMIT 1000 OFFSET 0
[TeaQL SQL][query][395us] 1 rows returned outcome=success batchOutcome=not_applicable comment=matched merchant read with relation purpose=matched benchmark read auditReason= tracePath=[0:OPERATION:Merchant=query -> 1:REQUEST:Merchant= -> 2:RELATION:platform=Merchant.platform -> 3:PROVIDER:postgresql= -> 4:SQL:select=] mutationLineage=[]
SQL: -- TeaQL PLAIN
SELECT id, create_time AS createTime, last_update_time AS lastUpdateTime, name, version FROM platform_data WHERE (version > 0) AND (id = 1) LIMIT 1 OFFSET 0
[TeaQL SQL][query][395us] 1 rows returned outcome=success batchOutcome=not_applicable comment=matched merchant read with relation purpose=matched benchmark read auditReason= tracePath=[0:OPERATION:Merchant=query -> 1:REQUEST:Merchant= -> 2:RELATION:platform=Merchant.platform -> 3:PROVIDER:postgresql= -> 4:SQL:select=] mutationLineage=[]
SQL: -- TeaQL PLAIN
SELECT id, create_time AS createTime, last_update_time AS lastUpdateTime, name, version FROM platform_data WHERE (version > 0) AND (id = 1) LIMIT 1 OFFSET 0
[TeaQL SQL][query][243us] 1 rows returned outcome=success batchOutcome=not_applicable comment=matched merchant read with relation purpose=matched benchmark read auditReason= tracePath=[0:OPERATION:Merchant=query -> 1:REQUEST:Merchant= -> 2:PROVIDER:postgresql= -> 3:SQL:select=] mutationLineage=[]
SQL: -- TeaQL PLAIN
SELECT id, name, code, external_id AS externalId, task_life_hours AS taskLifeHours, version, platform FROM merchant_data WHERE (version > 0) AND (external_id = 'matched-merchant') LIMIT 1000 OFFSET 0
[TeaQL SQL][query][343us] 1 rows returned outcome=success batchOutcome=not_applicable comment=matched merchant read with relation purpose=matched benchmark read auditReason= tracePath=[0:OPERATION:Merchant=query -> 1:REQUEST:Merchant= -> 2:RELATION:platform=Merchant.platform -> 3:PROVIDER:postgresql= -> 4:SQL:select=] mutationLineage=[]
SQL: -- TeaQL PLAIN
SELECT id, create_time AS createTime, last_update_time AS lastUpdateTime, name, version FROM platform_data WHERE (version > 0) AND (id = 1) LIMIT 1 OFFSET 0
[TeaQL SQL][query][326us] 1 rows returned outcome=success batchOutcome=not_applicable comment=matched merchant read with relation purpose=matched benchmark read auditReason= tracePath=[0:OPERATION:Merchant=query -> 1:REQUEST:Merchant= -> 2:PROVIDER:postgresql= -> 3:SQL:select=] mutationLineage=[]
SQL: -- TeaQL PLAIN
SELECT id, name, code, external_id AS externalId, task_life_hours AS taskLifeHours, version, platform FROM merchant_data WHERE (version > 0) AND (external_id = 'matched-merchant') LIMIT 1000 OFFSET 0
[TeaQL SQL][query][331us] 1 rows returned outcome=success batchOutcome=not_applicable comment=matched merchant read with relation purpose=matched benchmark read auditReason= tracePath=[0:OPERATION:Merchant=query -> 1:REQUEST:Merchant= -> 2:RELATION:platform=Merchant.platform -> 3:PROVIDER:postgresql= -> 4:SQL:select=] mutationLineage=[]
SQL: -- TeaQL PLAIN
SELECT id, create_time AS createTime, last_update_time AS lastUpdateTime, name, version FROM platform_data WHERE (version > 0) AND (id = 1) LIMIT 1 OFFSET 0
[TeaQL SQL][query][263us] 1 rows returned outcome=success batchOutcome=not_applicable comment=matched merchant read with relation purpose=matched benchmark read auditReason= tracePath=[0:OPERATION:Merchant=query -> 1:REQUEST:Merchant= -> 2:PROVIDER:postgresql= -> 3:SQL:select=] mutationLineage=[]
SQL: -- TeaQL PLAIN
SELECT id, name, code, external_id AS externalId, task_life_hours AS taskLifeHours, version, platform FROM merchant_data WHERE (version > 0) AND (external_id = 'matched-merchant') LIMIT 1000 OFFSET 0
[TeaQL SQL][query][271us] 1 rows returned outcome=success batchOutcome=not_applicable comment=matched merchant read with relation purpose=matched benchmark read auditReason= tracePath=[0:OPERATION:Merchant=query -> 1:REQUEST:Merchant= -> 2:RELATION:platform=Merchant.platform -> 3:PROVIDER:postgresql= -> 4:SQL:select=] mutationLineage=[]
SQL: -- TeaQL PLAIN
SELECT id, create_time AS createTime, last_update_time AS lastUpdateTime, name, version FROM platform_data WHERE (version > 0) AND (id = 1) LIMIT 1 OFFSET 0
[TeaQL SQL][query][284us] 1 rows returned outcome=success batchOutcome=not_applicable comment=matched merchant read with relation purpose=matched benchmark read auditReason= tracePath=[0:OPERATION:Merchant=query -> 1:REQUEST:Merchant= -> 2:PROVIDER:postgresql= -> 3:SQL:select=] mutationLineage=[]
SQL: -- TeaQL PLAIN
SELECT id, name, code, external_id AS externalId, task_life_hours AS taskLifeHours, version, platform FROM merchant_data WHERE (version > 0) AND (external_id = 'matched-merchant') LIMIT 1000 OFFSET 0
[TeaQL SQL][query][245us] 1 rows returned outcome=success batchOutcome=not_applicable comment=matched merchant read with relation purpose=matched benchmark read auditReason= tracePath=[0:OPERATION:Merchant=query -> 1:REQUEST:Merchant= -> 2:RELATION:platform=Merchant.platform -> 3:PROVIDER:postgresql= -> 4:SQL:select=] mutationLineage=[]
SQL: -- TeaQL PLAIN
SELECT id, create_time AS createTime, last_update_time AS lastUpdateTime, name, version FROM platform_data WHERE (version > 0) AND (id = 1) LIMIT 1 OFFSET 0
[TeaQL SQL][query][482us] 1 rows returned outcome=success batchOutcome=not_applicable comment=matched merchant read with relation purpose=matched benchmark read auditReason= tracePath=[0:OPERATION:Merchant=query -> 1:REQUEST:Merchant= -> 2:PROVIDER:postgresql= -> 3:SQL:select=] mutationLineage=[]
SQL: -- TeaQL PLAIN
SELECT id, name, code, external_id AS externalId, task_life_hours AS taskLifeHours, version, platform FROM merchant_data WHERE (version > 0) AND (external_id = 'matched-merchant') LIMIT 1000 OFFSET 0
[TeaQL SQL][query][315us] 1 rows returned outcome=success batchOutcome=not_applicable comment=matched merchant read with relation purpose=matched benchmark read auditReason= tracePath=[0:OPERATION:Merchant=query -> 1:REQUEST:Merchant= -> 2:PROVIDER:postgresql= -> 3:SQL:select=] mutationLineage=[]
SQL: -- TeaQL PLAIN
SELECT id, name, code, external_id AS externalId, task_life_hours AS taskLifeHours, version, platform FROM merchant_data WHERE (version > 0) AND (external_id = 'matched-merchant') LIMIT 1000 OFFSET 0
[TeaQL SQL][query][395us] 1 rows returned outcome=success batchOutcome=not_applicable comment=matched merchant read with relation purpose=matched benchmark read auditReason= tracePath=[0:OPERATION:Merchant=query -> 1:REQUEST:Merchant= -> 2:RELATION:platform=Merchant.platform -> 3:PROVIDER:postgresql= -> 4:SQL:select=] mutationLineage=[]
SQL: -- TeaQL PLAIN
SELECT id, create_time AS createTime, last_update_time AS lastUpdateTime, name, version FROM platform_data WHERE (version > 0) AND (id = 1) LIMIT 1 OFFSET 0
[TeaQL SQL][query][289us] 1 rows returned outcome=success batchOutcome=not_applicable comment=matched merchant read with relation purpose=matched benchmark read auditReason= tracePath=[0:OPERATION:Merchant=query -> 1:REQUEST:Merchant= -> 2:RELATION:platform=Merchant.platform -> 3:PROVIDER:postgresql= -> 4:SQL:select=] mutationLineage=[]
SQL: -- TeaQL PLAIN
SELECT id, create_time AS createTime, last_update_time AS lastUpdateTime, name, version FROM platform_data WHERE (version > 0) AND (id = 1) LIMIT 1 OFFSET 0
[TeaQL SQL][query][335us] 1 rows returned outcome=success batchOutcome=not_applicable comment=matched merchant read with relation purpose=matched benchmark read auditReason= tracePath=[0:OPERATION:Merchant=query -> 1:REQUEST:Merchant= -> 2:PROVIDER:postgresql= -> 3:SQL:select=] mutationLineage=[]
SQL: -- TeaQL PLAIN
SELECT id, name, code, external_id AS externalId, task_life_hours AS taskLifeHours, version, platform FROM merchant_data WHERE (version > 0) AND (external_id = 'matched-merchant') LIMIT 1000 OFFSET 0
[TeaQL SQL][query][255us] 1 rows returned outcome=success batchOutcome=not_applicable comment=matched merchant read with relation purpose=matched benchmark read auditReason= tracePath=[0:OPERATION:Merchant=query -> 1:REQUEST:Merchant= -> 2:RELATION:platform=Merchant.platform -> 3:PROVIDER:postgresql= -> 4:SQL:select=] mutationLineage=[]
SQL: -- TeaQL PLAIN
SELECT id, create_time AS createTime, last_update_time AS lastUpdateTime, name, version FROM platform_data WHERE (version > 0) AND (id = 1) LIMIT 1 OFFSET 0
[TeaQL SQL][query][271us] 1 rows returned outcome=success batchOutcome=not_applicable comment=matched merchant read with relation purpose=matched benchmark read auditReason= tracePath=[0:OPERATION:Merchant=query -> 1:REQUEST:Merchant= -> 2:PROVIDER:postgresql= -> 3:SQL:select=] mutationLineage=[]
SQL: -- TeaQL PLAIN
SELECT id, name, code, external_id AS externalId, task_life_hours AS taskLifeHours, version, platform FROM merchant_data WHERE (version > 0) AND (external_id = 'matched-merchant') LIMIT 1000 OFFSET 0
[TeaQL SQL][query][233us] 1 rows returned outcome=success batchOutcome=not_applicable comment=matched merchant read with relation purpose=matched benchmark read auditReason= tracePath=[0:OPERATION:Merchant=query -> 1:REQUEST:Merchant= -> 2:RELATION:platform=Merchant.platform -> 3:PROVIDER:postgresql= -> 4:SQL:select=] mutationLineage=[]
SQL: -- TeaQL PLAIN
SELECT id, create_time AS createTime, last_update_time AS lastUpdateTime, name, version FROM platform_data WHERE (version > 0) AND (id = 1) LIMIT 1 OFFSET 0
[TeaQL SQL][query][257us] 1 rows returned outcome=success batchOutcome=not_applicable comment=matched merchant read with relation purpose=matched benchmark read auditReason= tracePath=[0:OPERATION:Merchant=query -> 1:REQUEST:Merchant= -> 2:PROVIDER:postgresql= -> 3:SQL:select=] mutationLineage=[]
SQL: -- TeaQL PLAIN
SELECT id, name, code, external_id AS externalId, task_life_hours AS taskLifeHours, version, platform FROM merchant_data WHERE (version > 0) AND (external_id = 'matched-merchant') LIMIT 1000 OFFSET 0
[TeaQL SQL][query][232us] 1 rows returned outcome=success batchOutcome=not_applicable comment=matched merchant read with relation purpose=matched benchmark read auditReason= tracePath=[0:OPERATION:Merchant=query -> 1:REQUEST:Merchant= -> 2:PROVIDER:postgresql= -> 3:SQL:select=] mutationLineage=[]
SQL: -- TeaQL PLAIN
SELECT id, name, code, external_id AS externalId, task_life_hours AS taskLifeHours, version, platform FROM merchant_data WHERE (version > 0) AND (external_id = 'matched-merchant') LIMIT 1000 OFFSET 0
[TeaQL SQL][query][207us] 1 rows returned outcome=success batchOutcome=not_applicable comment=matched merchant read with relation purpose=matched benchmark read auditReason= tracePath=[0:OPERATION:Merchant=query -> 1:REQUEST:Merchant= -> 2:RELATION:platform=Merchant.platform -> 3:PROVIDER:postgresql= -> 4:SQL:select=] mutationLineage=[]
SQL: -- TeaQL PLAIN
SELECT id, create_time AS createTime, last_update_time AS lastUpdateTime, name, version FROM platform_data WHERE (version > 0) AND (id = 1) LIMIT 1 OFFSET 0
[TeaQL SQL][query][222us] 1 rows returned outcome=success batchOutcome=not_applicable comment=matched merchant read with relation purpose=matched benchmark read auditReason= tracePath=[0:OPERATION:Merchant=query -> 1:REQUEST:Merchant= -> 2:RELATION:platform=Merchant.platform -> 3:PROVIDER:postgresql= -> 4:SQL:select=] mutationLineage=[]
SQL: -- TeaQL PLAIN
SELECT id, create_time AS createTime, last_update_time AS lastUpdateTime, name, version FROM platform_data WHERE (version > 0) AND (id = 1) LIMIT 1 OFFSET 0
[TeaQL SQL][query][409us] 1 rows returned outcome=success batchOutcome=not_applicable comment=matched merchant read with relation purpose=matched benchmark read auditReason= tracePath=[0:OPERATION:Merchant=query -> 1:REQUEST:Merchant= -> 2:PROVIDER:postgresql= -> 3:SQL:select=] mutationLineage=[]
SQL: -- TeaQL PLAIN
SELECT id, name, code, external_id AS externalId, task_life_hours AS taskLifeHours, version, platform FROM merchant_data WHERE (version > 0) AND (external_id = 'matched-merchant') LIMIT 1000 OFFSET 0
[TeaQL SQL][query][289us] 1 rows returned outcome=success batchOutcome=not_applicable comment=matched merchant read with relation purpose=matched benchmark read auditReason= tracePath=[0:OPERATION:Merchant=query -> 1:REQUEST:Merchant= -> 2:RELATION:platform=Merchant.platform -> 3:PROVIDER:postgresql= -> 4:SQL:select=] mutationLineage=[]
SQL: -- TeaQL PLAIN
SELECT id, create_time AS createTime, last_update_time AS lastUpdateTime, name, version FROM platform_data WHERE (version > 0) AND (id = 1) LIMIT 1 OFFSET 0
[TeaQL SQL][query][427us] 1 rows returned outcome=success batchOutcome=not_applicable comment=matched merchant read with relation purpose=matched benchmark read auditReason= tracePath=[0:OPERATION:Merchant=query -> 1:REQUEST:Merchant= -> 2:PROVIDER:postgresql= -> 3:SQL:select=] mutationLineage=[]
SQL: -- TeaQL PLAIN
SELECT id, name, code, external_id AS externalId, task_life_hours AS taskLifeHours, version, platform FROM merchant_data WHERE (version > 0) AND (external_id = 'matched-merchant') LIMIT 1000 OFFSET 0
[TeaQL SQL][query][326us] 1 rows returned outcome=success batchOutcome=not_applicable comment=matched merchant read with relation purpose=matched benchmark read auditReason= tracePath=[0:OPERATION:Merchant=query -> 1:REQUEST:Merchant= -> 2:RELATION:platform=Merchant.platform -> 3:PROVIDER:postgresql= -> 4:SQL:select=] mutationLineage=[]
SQL: -- TeaQL PLAIN
SELECT id, create_time AS createTime, last_update_time AS lastUpdateTime, name, version FROM platform_data WHERE (version > 0) AND (id = 1) LIMIT 1 OFFSET 0
[TeaQL SQL][query][285us] 1 rows returned outcome=success batchOutcome=not_applicable comment=matched merchant read with relation purpose=matched benchmark read auditReason= tracePath=[0:OPERATION:Merchant=query -> 1:REQUEST:Merchant= -> 2:PROVIDER:postgresql= -> 3:SQL:select=] mutationLineage=[]
SQL: -- TeaQL PLAIN
SELECT id, name, code, external_id AS externalId, task_life_hours AS taskLifeHours, version, platform FROM merchant_data WHERE (version > 0) AND (external_id = 'matched-merchant') LIMIT 1000 OFFSET 0
[TeaQL SQL][query][235us] 1 rows returned outcome=success batchOutcome=not_applicable comment=matched merchant read with relation purpose=matched benchmark read auditReason= tracePath=[0:OPERATION:Merchant=query -> 1:REQUEST:Merchant= -> 2:PROVIDER:postgresql= -> 3:SQL:select=] mutationLineage=[]
SQL: -- TeaQL PLAIN
SELECT id, name, code, external_id AS externalId, task_life_hours AS taskLifeHours, version, platform FROM merchant_data WHERE (version > 0) AND (external_id = 'matched-merchant') LIMIT 1000 OFFSET 0
[TeaQL SQL][query][247us] 1 rows returned outcome=success batchOutcome=not_applicable comment=matched merchant read with relation purpose=matched benchmark read auditReason= tracePath=[0:OPERATION:Merchant=query -> 1:REQUEST:Merchant= -> 2:RELATION:platform=Merchant.platform -> 3:PROVIDER:postgresql= -> 4:SQL:select=] mutationLineage=[]
SQL: -- TeaQL PLAIN
SELECT id, create_time AS createTime, last_update_time AS lastUpdateTime, name, version FROM platform_data WHERE (version > 0) AND (id = 1) LIMIT 1 OFFSET 0
[TeaQL SQL][query][208us] 1 rows returned outcome=success batchOutcome=not_applicable comment=matched merchant read with relation purpose=matched benchmark read auditReason= tracePath=[0:OPERATION:Merchant=query -> 1:REQUEST:Merchant= -> 2:RELATION:platform=Merchant.platform -> 3:PROVIDER:postgresql= -> 4:SQL:select=] mutationLineage=[]
SQL: -- TeaQL PLAIN
SELECT id, create_time AS createTime, last_update_time AS lastUpdateTime, name, version FROM platform_data WHERE (version > 0) AND (id = 1) LIMIT 1 OFFSET 0
[TeaQL SQL][query][274us] 1 rows returned outcome=success batchOutcome=not_applicable comment=matched merchant read with relation purpose=matched benchmark read auditReason= tracePath=[0:OPERATION:Merchant=query -> 1:REQUEST:Merchant= -> 2:PROVIDER:postgresql= -> 3:SQL:select=] mutationLineage=[]
SQL: -- TeaQL PLAIN
SELECT id, name, code, external_id AS externalId, task_life_hours AS taskLifeHours, version, platform FROM merchant_data WHERE (version > 0) AND (external_id = 'matched-merchant') LIMIT 1000 OFFSET 0
[TeaQL SQL][query][203us] 1 rows returned outcome=success batchOutcome=not_applicable comment=matched merchant read with relation purpose=matched benchmark read auditReason= tracePath=[0:OPERATION:Merchant=query -> 1:REQUEST:Merchant= -> 2:RELATION:platform=Merchant.platform -> 3:PROVIDER:postgresql= -> 4:SQL:select=] mutationLineage=[]
SQL: -- TeaQL PLAIN
SELECT id, create_time AS createTime, last_update_time AS lastUpdateTime, name, version FROM platform_data WHERE (version > 0) AND (id = 1) LIMIT 1 OFFSET 0
[TeaQL SQL][query][308us] 1 rows returned outcome=success batchOutcome=not_applicable comment=matched merchant read with relation purpose=matched benchmark read auditReason= tracePath=[0:OPERATION:Merchant=query -> 1:REQUEST:Merchant= -> 2:PROVIDER:postgresql= -> 3:SQL:select=] mutationLineage=[]
SQL: -- TeaQL PLAIN
SELECT id, name, code, external_id AS externalId, task_life_hours AS taskLifeHours, version, platform FROM merchant_data WHERE (version > 0) AND (external_id = 'matched-merchant') LIMIT 1000 OFFSET 0
[TeaQL SQL][query][275us] 1 rows returned outcome=success batchOutcome=not_applicable comment=matched merchant read with relation purpose=matched benchmark read auditReason= tracePath=[0:OPERATION:Merchant=query -> 1:REQUEST:Merchant= -> 2:RELATION:platform=Merchant.platform -> 3:PROVIDER:postgresql= -> 4:SQL:select=] mutationLineage=[]
SQL: -- TeaQL PLAIN
SELECT id, create_time AS createTime, last_update_time AS lastUpdateTime, name, version FROM platform_data WHERE (version > 0) AND (id = 1) LIMIT 1 OFFSET 0
[TeaQL SQL][query][428us] 1 rows returned outcome=success batchOutcome=not_applicable comment=matched merchant read with relation purpose=matched benchmark read auditReason= tracePath=[0:OPERATION:Merchant=query -> 1:REQUEST:Merchant= -> 2:PROVIDER:postgresql= -> 3:SQL:select=] mutationLineage=[]
SQL: -- TeaQL PLAIN
SELECT id, name, code, external_id AS externalId, task_life_hours AS taskLifeHours, version, platform FROM merchant_data WHERE (version > 0) AND (external_id = 'matched-merchant') LIMIT 1000 OFFSET 0
[TeaQL SQL][query][427us] 1 rows returned outcome=success batchOutcome=not_applicable comment=matched merchant read with relation purpose=matched benchmark read auditReason= tracePath=[0:OPERATION:Merchant=query -> 1:REQUEST:Merchant= -> 2:PROVIDER:postgresql= -> 3:SQL:select=] mutationLineage=[]
SQL: -- TeaQL PLAIN
SELECT id, name, code, external_id AS externalId, task_life_hours AS taskLifeHours, version, platform FROM merchant_data WHERE (version > 0) AND (external_id = 'matched-merchant') LIMIT 1000 OFFSET 0
[TeaQL SQL][query][319us] 1 rows returned outcome=success batchOutcome=not_applicable comment=matched merchant read with relation purpose=matched benchmark read auditReason= tracePath=[0:OPERATION:Merchant=query -> 1:REQUEST:Merchant= -> 2:RELATION:platform=Merchant.platform -> 3:PROVIDER:postgresql= -> 4:SQL:select=] mutationLineage=[]
SQL: -- TeaQL PLAIN
SELECT id, create_time AS createTime, last_update_time AS lastUpdateTime, name, version FROM platform_data WHERE (version > 0) AND (id = 1) LIMIT 1 OFFSET 0
[TeaQL SQL][query][345us] 1 rows returned outcome=success batchOutcome=not_applicable comment=matched merchant read with relation purpose=matched benchmark read auditReason= tracePath=[0:OPERATION:Merchant=query -> 1:REQUEST:Merchant= -> 2:RELATION:platform=Merchant.platform -> 3:PROVIDER:postgresql= -> 4:SQL:select=] mutationLineage=[]
SQL: -- TeaQL PLAIN
SELECT id, create_time AS createTime, last_update_time AS lastUpdateTime, name, version FROM platform_data WHERE (version > 0) AND (id = 1) LIMIT 1 OFFSET 0
[TeaQL SQL][query][334us] 1 rows returned outcome=success batchOutcome=not_applicable comment=matched merchant read with relation purpose=matched benchmark read auditReason= tracePath=[0:OPERATION:Merchant=query -> 1:REQUEST:Merchant= -> 2:PROVIDER:postgresql= -> 3:SQL:select=] mutationLineage=[]
SQL: -- TeaQL PLAIN
SELECT id, name, code, external_id AS externalId, task_life_hours AS taskLifeHours, version, platform FROM merchant_data WHERE (version > 0) AND (external_id = 'matched-merchant') LIMIT 1000 OFFSET 0
[TeaQL SQL][query][230us] 1 rows returned outcome=success batchOutcome=not_applicable comment=matched merchant read with relation purpose=matched benchmark read auditReason= tracePath=[0:OPERATION:Merchant=query -> 1:REQUEST:Merchant= -> 2:RELATION:platform=Merchant.platform -> 3:PROVIDER:postgresql= -> 4:SQL:select=] mutationLineage=[]
SQL: -- TeaQL PLAIN
SELECT id, create_time AS createTime, last_update_time AS lastUpdateTime, name, version FROM platform_data WHERE (version > 0) AND (id = 1) LIMIT 1 OFFSET 0
[TeaQL SQL][query][264us] 1 rows returned outcome=success batchOutcome=not_applicable comment=matched merchant read with relation purpose=matched benchmark read auditReason= tracePath=[0:OPERATION:Merchant=query -> 1:REQUEST:Merchant= -> 2:PROVIDER:postgresql= -> 3:SQL:select=] mutationLineage=[]
SQL: -- TeaQL PLAIN
SELECT id, name, code, external_id AS externalId, task_life_hours AS taskLifeHours, version, platform FROM merchant_data WHERE (version > 0) AND (external_id = 'matched-merchant') LIMIT 1000 OFFSET 0
[TeaQL SQL][query][234us] 1 rows returned outcome=success batchOutcome=not_applicable comment=matched merchant read with relation purpose=matched benchmark read auditReason= tracePath=[0:OPERATION:Merchant=query -> 1:REQUEST:Merchant= -> 2:RELATION:platform=Merchant.platform -> 3:PROVIDER:postgresql= -> 4:SQL:select=] mutationLineage=[]
SQL: -- TeaQL PLAIN
SELECT id, create_time AS createTime, last_update_time AS lastUpdateTime, name, version FROM platform_data WHERE (version > 0) AND (id = 1) LIMIT 1 OFFSET 0
[TeaQL SQL][query][307us] 1 rows returned outcome=success batchOutcome=not_applicable comment=matched merchant read with relation purpose=matched benchmark read auditReason= tracePath=[0:OPERATION:Merchant=query -> 1:REQUEST:Merchant= -> 2:PROVIDER:postgresql= -> 3:SQL:select=] mutationLineage=[]
SQL: -- TeaQL PLAIN
SELECT id, name, code, external_id AS externalId, task_life_hours AS taskLifeHours, version, platform FROM merchant_data WHERE (version > 0) AND (external_id = 'matched-merchant') LIMIT 1000 OFFSET 0
[TeaQL SQL][query][243us] 1 rows returned outcome=success batchOutcome=not_applicable comment=matched merchant read with relation purpose=matched benchmark read auditReason= tracePath=[0:OPERATION:Merchant=query -> 1:REQUEST:Merchant= -> 2:RELATION:platform=Merchant.platform -> 3:PROVIDER:postgresql= -> 4:SQL:select=] mutationLineage=[]
SQL: -- TeaQL PLAIN
SELECT id, create_time AS createTime, last_update_time AS lastUpdateTime, name, version FROM platform_data WHERE (version > 0) AND (id = 1) LIMIT 1 OFFSET 0
[TeaQL SQL][query][313us] 1 rows returned outcome=success batchOutcome=not_applicable comment=matched merchant read with relation purpose=matched benchmark read auditReason= tracePath=[0:OPERATION:Merchant=query -> 1:REQUEST:Merchant= -> 2:PROVIDER:postgresql= -> 3:SQL:select=] mutationLineage=[]
SQL: -- TeaQL PLAIN
SELECT id, name, code, external_id AS externalId, task_life_hours AS taskLifeHours, version, platform FROM merchant_data WHERE (version > 0) AND (external_id = 'matched-merchant') LIMIT 1000 OFFSET 0
[TeaQL SQL][query][236us] 1 rows returned outcome=success batchOutcome=not_applicable comment=matched merchant read with relation purpose=matched benchmark read auditReason= tracePath=[0:OPERATION:Merchant=query -> 1:REQUEST:Merchant= -> 2:RELATION:platform=Merchant.platform -> 3:PROVIDER:postgresql= -> 4:SQL:select=] mutationLineage=[]
SQL: -- TeaQL PLAIN
SELECT id, create_time AS createTime, last_update_time AS lastUpdateTime, name, version FROM platform_data WHERE (version > 0) AND (id = 1) LIMIT 1 OFFSET 0
[TeaQL SQL][query][270us] 1 rows returned outcome=success batchOutcome=not_applicable comment=matched merchant read with relation purpose=matched benchmark read auditReason= tracePath=[0:OPERATION:Merchant=query -> 1:REQUEST:Merchant= -> 2:PROVIDER:postgresql= -> 3:SQL:select=] mutationLineage=[]
SQL: -- TeaQL PLAIN
SELECT id, name, code, external_id AS externalId, task_life_hours AS taskLifeHours, version, platform FROM merchant_data WHERE (version > 0) AND (external_id = 'matched-merchant') LIMIT 1000 OFFSET 0
[TeaQL SQL][query][271us] 1 rows returned outcome=success batchOutcome=not_applicable comment=matched merchant read with relation purpose=matched benchmark read auditReason= tracePath=[0:OPERATION:Merchant=query -> 1:REQUEST:Merchant= -> 2:RELATION:platform=Merchant.platform -> 3:PROVIDER:postgresql= -> 4:SQL:select=] mutationLineage=[]
SQL: -- TeaQL PLAIN
SELECT id, create_time AS createTime, last_update_time AS lastUpdateTime, name, version FROM platform_data WHERE (version > 0) AND (id = 1) LIMIT 1 OFFSET 0
[TeaQL SQL][query][213us] 1 rows returned outcome=success batchOutcome=not_applicable comment=matched merchant read with relation purpose=matched benchmark read auditReason= tracePath=[0:OPERATION:Merchant=query -> 1:REQUEST:Merchant= -> 2:PROVIDER:postgresql= -> 3:SQL:select=] mutationLineage=[]
SQL: -- TeaQL PLAIN
SELECT id, name, code, external_id AS externalId, task_life_hours AS taskLifeHours, version, platform FROM merchant_data WHERE (version > 0) AND (external_id = 'matched-merchant') LIMIT 1000 OFFSET 0
[TeaQL SQL][query][226us] 1 rows returned outcome=success batchOutcome=not_applicable comment=matched merchant read with relation purpose=matched benchmark read auditReason= tracePath=[0:OPERATION:Merchant=query -> 1:REQUEST:Merchant= -> 2:RELATION:platform=Merchant.platform -> 3:PROVIDER:postgresql= -> 4:SQL:select=] mutationLineage=[]
SQL: -- TeaQL PLAIN
SELECT id, create_time AS createTime, last_update_time AS lastUpdateTime, name, version FROM platform_data WHERE (version > 0) AND (id = 1) LIMIT 1 OFFSET 0
[TeaQL SQL][query][283us] 1 rows returned outcome=success batchOutcome=not_applicable comment=matched merchant read with relation purpose=matched benchmark read auditReason= tracePath=[0:OPERATION:Merchant=query -> 1:REQUEST:Merchant= -> 2:PROVIDER:postgresql= -> 3:SQL:select=] mutationLineage=[]
SQL: -- TeaQL PLAIN
SELECT id, name, code, external_id AS externalId, task_life_hours AS taskLifeHours, version, platform FROM merchant_data WHERE (version > 0) AND (external_id = 'matched-merchant') LIMIT 1000 OFFSET 0
[TeaQL SQL][query][236us] 1 rows returned outcome=success batchOutcome=not_applicable comment=matched merchant read with relation purpose=matched benchmark read auditReason= tracePath=[0:OPERATION:Merchant=query -> 1:REQUEST:Merchant= -> 2:RELATION:platform=Merchant.platform -> 3:PROVIDER:postgresql= -> 4:SQL:select=] mutationLineage=[]
SQL: -- TeaQL PLAIN
SELECT id, create_time AS createTime, last_update_time AS lastUpdateTime, name, version FROM platform_data WHERE (version > 0) AND (id = 1) LIMIT 1 OFFSET 0
[TeaQL SQL][query][301us] 1 rows returned outcome=success batchOutcome=not_applicable comment=matched merchant read with relation purpose=matched benchmark read auditReason= tracePath=[0:OPERATION:Merchant=query -> 1:REQUEST:Merchant= -> 2:PROVIDER:postgresql= -> 3:SQL:select=] mutationLineage=[]
SQL: -- TeaQL PLAIN
SELECT id, name, code, external_id AS externalId, task_life_hours AS taskLifeHours, version, platform FROM merchant_data WHERE (version > 0) AND (external_id = 'matched-merchant') LIMIT 1000 OFFSET 0
[TeaQL SQL][query][251us] 1 rows returned outcome=success batchOutcome=not_applicable comment=matched merchant read with relation purpose=matched benchmark read auditReason= tracePath=[0:OPERATION:Merchant=query -> 1:REQUEST:Merchant= -> 2:RELATION:platform=Merchant.platform -> 3:PROVIDER:postgresql= -> 4:SQL:select=] mutationLineage=[]
SQL: -- TeaQL PLAIN
SELECT id, create_time AS createTime, last_update_time AS lastUpdateTime, name, version FROM platform_data WHERE (version > 0) AND (id = 1) LIMIT 1 OFFSET 0
[TeaQL SQL][query][229us] 1 rows returned outcome=success batchOutcome=not_applicable comment=matched merchant read with relation purpose=matched benchmark read auditReason= tracePath=[0:OPERATION:Merchant=query -> 1:REQUEST:Merchant= -> 2:PROVIDER:postgresql= -> 3:SQL:select=] mutationLineage=[]
SQL: -- TeaQL PLAIN
SELECT id, name, code, external_id AS externalId, task_life_hours AS taskLifeHours, version, platform FROM merchant_data WHERE (version > 0) AND (external_id = 'matched-merchant') LIMIT 1000 OFFSET 0
[TeaQL SQL][query][228us] 1 rows returned outcome=success batchOutcome=not_applicable comment=matched merchant read with relation purpose=matched benchmark read auditReason= tracePath=[0:OPERATION:Merchant=query -> 1:REQUEST:Merchant= -> 2:RELATION:platform=Merchant.platform -> 3:PROVIDER:postgresql= -> 4:SQL:select=] mutationLineage=[]
SQL: -- TeaQL PLAIN
SELECT id, create_time AS createTime, last_update_time AS lastUpdateTime, name, version FROM platform_data WHERE (version > 0) AND (id = 1) LIMIT 1 OFFSET 0
[TeaQL SQL][query][256us] 1 rows returned outcome=success batchOutcome=not_applicable comment=matched merchant read with relation purpose=matched benchmark read auditReason= tracePath=[0:OPERATION:Merchant=query -> 1:REQUEST:Merchant= -> 2:PROVIDER:postgresql= -> 3:SQL:select=] mutationLineage=[]
SQL: -- TeaQL PLAIN
SELECT id, name, code, external_id AS externalId, task_life_hours AS taskLifeHours, version, platform FROM merchant_data WHERE (version > 0) AND (external_id = 'matched-merchant') LIMIT 1000 OFFSET 0
[TeaQL SQL][query][197us] 1 rows returned outcome=success batchOutcome=not_applicable comment=matched merchant read with relation purpose=matched benchmark read auditReason= tracePath=[0:OPERATION:Merchant=query -> 1:REQUEST:Merchant= -> 2:RELATION:platform=Merchant.platform -> 3:PROVIDER:postgresql= -> 4:SQL:select=] mutationLineage=[]
SQL: -- TeaQL PLAIN
SELECT id, create_time AS createTime, last_update_time AS lastUpdateTime, name, version FROM platform_data WHERE (version > 0) AND (id = 1) LIMIT 1 OFFSET 0
[TeaQL SQL][query][236us] 1 rows returned outcome=success batchOutcome=not_applicable comment=matched merchant read with relation purpose=matched benchmark read auditReason= tracePath=[0:OPERATION:Merchant=query -> 1:REQUEST:Merchant= -> 2:PROVIDER:postgresql= -> 3:SQL:select=] mutationLineage=[]
SQL: -- TeaQL PLAIN
SELECT id, name, code, external_id AS externalId, task_life_hours AS taskLifeHours, version, platform FROM merchant_data WHERE (version > 0) AND (external_id = 'matched-merchant') LIMIT 1000 OFFSET 0
[TeaQL SQL][query][198us] 1 rows returned outcome=success batchOutcome=not_applicable comment=matched merchant read with relation purpose=matched benchmark read auditReason= tracePath=[0:OPERATION:Merchant=query -> 1:REQUEST:Merchant= -> 2:RELATION:platform=Merchant.platform -> 3:PROVIDER:postgresql= -> 4:SQL:select=] mutationLineage=[]
SQL: -- TeaQL PLAIN
SELECT id, create_time AS createTime, last_update_time AS lastUpdateTime, name, version FROM platform_data WHERE (version > 0) AND (id = 1) LIMIT 1 OFFSET 0
[TeaQL SQL][query][366us] 1 rows returned outcome=success batchOutcome=not_applicable comment=matched merchant read with relation purpose=matched benchmark read auditReason= tracePath=[0:OPERATION:Merchant=query -> 1:REQUEST:Merchant= -> 2:PROVIDER:postgresql= -> 3:SQL:select=] mutationLineage=[]
SQL: -- TeaQL PLAIN
SELECT id, name, code, external_id AS externalId, task_life_hours AS taskLifeHours, version, platform FROM merchant_data WHERE (version > 0) AND (external_id = 'matched-merchant') LIMIT 1000 OFFSET 0
[TeaQL SQL][query][274us] 1 rows returned outcome=success batchOutcome=not_applicable comment=matched merchant read with relation purpose=matched benchmark read auditReason= tracePath=[0:OPERATION:Merchant=query -> 1:REQUEST:Merchant= -> 2:RELATION:platform=Merchant.platform -> 3:PROVIDER:postgresql= -> 4:SQL:select=] mutationLineage=[]
SQL: -- TeaQL PLAIN
SELECT id, create_time AS createTime, last_update_time AS lastUpdateTime, name, version FROM platform_data WHERE (version > 0) AND (id = 1) LIMIT 1 OFFSET 0
[TeaQL SQL][query][399us] 1 rows returned outcome=success batchOutcome=not_applicable comment=matched merchant read with relation purpose=matched benchmark read auditReason= tracePath=[0:OPERATION:Merchant=query -> 1:REQUEST:Merchant= -> 2:PROVIDER:postgresql= -> 3:SQL:select=] mutationLineage=[]
SQL: -- TeaQL PLAIN
SELECT id, name, code, external_id AS externalId, task_life_hours AS taskLifeHours, version, platform FROM merchant_data WHERE (version > 0) AND (external_id = 'matched-merchant') LIMIT 1000 OFFSET 0
[TeaQL SQL][query][398us] 1 rows returned outcome=success batchOutcome=not_applicable comment=matched merchant read with relation purpose=matched benchmark read auditReason= tracePath=[0:OPERATION:Merchant=query -> 1:REQUEST:Merchant= -> 2:PROVIDER:postgresql= -> 3:SQL:select=] mutationLineage=[]
SQL: -- TeaQL PLAIN
SELECT id, name, code, external_id AS externalId, task_life_hours AS taskLifeHours, version, platform FROM merchant_data WHERE (version > 0) AND (external_id = 'matched-merchant') LIMIT 1000 OFFSET 0
[TeaQL SQL][query][264us] 1 rows returned outcome=success batchOutcome=not_applicable comment=matched merchant read with relation purpose=matched benchmark read auditReason= tracePath=[0:OPERATION:Merchant=query -> 1:REQUEST:Merchant= -> 2:RELATION:platform=Merchant.platform -> 3:PROVIDER:postgresql= -> 4:SQL:select=] mutationLineage=[]
SQL: -- TeaQL PLAIN
SELECT id, create_time AS createTime, last_update_time AS lastUpdateTime, name, version FROM platform_data WHERE (version > 0) AND (id = 1) LIMIT 1 OFFSET 0
[TeaQL SQL][query][229us] 1 rows returned outcome=success batchOutcome=not_applicable comment=matched merchant read with relation purpose=matched benchmark read auditReason= tracePath=[0:OPERATION:Merchant=query -> 1:REQUEST:Merchant= -> 2:RELATION:platform=Merchant.platform -> 3:PROVIDER:postgresql= -> 4:SQL:select=] mutationLineage=[]
SQL: -- TeaQL PLAIN
SELECT id, create_time AS createTime, last_update_time AS lastUpdateTime, name, version FROM platform_data WHERE (version > 0) AND (id = 1) LIMIT 1 OFFSET 0
[TeaQL SQL][query][353us] 1 rows returned outcome=success batchOutcome=not_applicable comment=matched merchant read with relation purpose=matched benchmark read auditReason= tracePath=[0:OPERATION:Merchant=query -> 1:REQUEST:Merchant= -> 2:PROVIDER:postgresql= -> 3:SQL:select=] mutationLineage=[]
SQL: -- TeaQL PLAIN
SELECT id, name, code, external_id AS externalId, task_life_hours AS taskLifeHours, version, platform FROM merchant_data WHERE (version > 0) AND (external_id = 'matched-merchant') LIMIT 1000 OFFSET 0
[TeaQL SQL][query][227us] 1 rows returned outcome=success batchOutcome=not_applicable comment=matched merchant read with relation purpose=matched benchmark read auditReason= tracePath=[0:OPERATION:Merchant=query -> 1:REQUEST:Merchant= -> 2:RELATION:platform=Merchant.platform -> 3:PROVIDER:postgresql= -> 4:SQL:select=] mutationLineage=[]
SQL: -- TeaQL PLAIN
SELECT id, create_time AS createTime, last_update_time AS lastUpdateTime, name, version FROM platform_data WHERE (version > 0) AND (id = 1) LIMIT 1 OFFSET 0
[TeaQL SQL][query][287us] 1 rows returned outcome=success batchOutcome=not_applicable comment=matched merchant read with relation purpose=matched benchmark read auditReason= tracePath=[0:OPERATION:Merchant=query -> 1:REQUEST:Merchant= -> 2:PROVIDER:postgresql= -> 3:SQL:select=] mutationLineage=[]
SQL: -- TeaQL PLAIN
SELECT id, name, code, external_id AS externalId, task_life_hours AS taskLifeHours, version, platform FROM merchant_data WHERE (version > 0) AND (external_id = 'matched-merchant') LIMIT 1000 OFFSET 0
[TeaQL SQL][query][243us] 1 rows returned outcome=success batchOutcome=not_applicable comment=matched merchant read with relation purpose=matched benchmark read auditReason= tracePath=[0:OPERATION:Merchant=query -> 1:REQUEST:Merchant= -> 2:RELATION:platform=Merchant.platform -> 3:PROVIDER:postgresql= -> 4:SQL:select=] mutationLineage=[]
SQL: -- TeaQL PLAIN
SELECT id, create_time AS createTime, last_update_time AS lastUpdateTime, name, version FROM platform_data WHERE (version > 0) AND (id = 1) LIMIT 1 OFFSET 0
[TeaQL SQL][query][237us] 1 rows returned outcome=success batchOutcome=not_applicable comment=matched merchant read with relation purpose=matched benchmark read auditReason= tracePath=[0:OPERATION:Merchant=query -> 1:REQUEST:Merchant= -> 2:PROVIDER:postgresql= -> 3:SQL:select=] mutationLineage=[]
SQL: -- TeaQL PLAIN
SELECT id, name, code, external_id AS externalId, task_life_hours AS taskLifeHours, version, platform FROM merchant_data WHERE (version > 0) AND (external_id = 'matched-merchant') LIMIT 1000 OFFSET 0
[TeaQL SQL][query][266us] 1 rows returned outcome=success batchOutcome=not_applicable comment=matched merchant read with relation purpose=matched benchmark read auditReason= tracePath=[0:OPERATION:Merchant=query -> 1:REQUEST:Merchant= -> 2:RELATION:platform=Merchant.platform -> 3:PROVIDER:postgresql= -> 4:SQL:select=] mutationLineage=[]
SQL: -- TeaQL PLAIN
SELECT id, create_time AS createTime, last_update_time AS lastUpdateTime, name, version FROM platform_data WHERE (version > 0) AND (id = 1) LIMIT 1 OFFSET 0
[TeaQL SQL][query][275us] 1 rows returned outcome=success batchOutcome=not_applicable comment=matched merchant read with relation purpose=matched benchmark read auditReason= tracePath=[0:OPERATION:Merchant=query -> 1:REQUEST:Merchant= -> 2:PROVIDER:postgresql= -> 3:SQL:select=] mutationLineage=[]
SQL: -- TeaQL PLAIN
SELECT id, name, code, external_id AS externalId, task_life_hours AS taskLifeHours, version, platform FROM merchant_data WHERE (version > 0) AND (external_id = 'matched-merchant') LIMIT 1000 OFFSET 0
[TeaQL SQL][query][217us] 1 rows returned outcome=success batchOutcome=not_applicable comment=matched merchant read with relation purpose=matched benchmark read auditReason= tracePath=[0:OPERATION:Merchant=query -> 1:REQUEST:Merchant= -> 2:RELATION:platform=Merchant.platform -> 3:PROVIDER:postgresql= -> 4:SQL:select=] mutationLineage=[]
SQL: -- TeaQL PLAIN
SELECT id, create_time AS createTime, last_update_time AS lastUpdateTime, name, version FROM platform_data WHERE (version > 0) AND (id = 1) LIMIT 1 OFFSET 0
[TeaQL SQL][query][404us] 1 rows returned outcome=success batchOutcome=not_applicable comment=matched merchant read with relation purpose=matched benchmark read auditReason= tracePath=[0:OPERATION:Merchant=query -> 1:REQUEST:Merchant= -> 2:PROVIDER:postgresql= -> 3:SQL:select=] mutationLineage=[]
SQL: -- TeaQL PLAIN
SELECT id, name, code, external_id AS externalId, task_life_hours AS taskLifeHours, version, platform FROM merchant_data WHERE (version > 0) AND (external_id = 'matched-merchant') LIMIT 1000 OFFSET 0
[TeaQL SQL][query][336us] 1 rows returned outcome=success batchOutcome=not_applicable comment=matched merchant read with relation purpose=matched benchmark read auditReason= tracePath=[0:OPERATION:Merchant=query -> 1:REQUEST:Merchant= -> 2:RELATION:platform=Merchant.platform -> 3:PROVIDER:postgresql= -> 4:SQL:select=] mutationLineage=[]
SQL: -- TeaQL PLAIN
SELECT id, create_time AS createTime, last_update_time AS lastUpdateTime, name, version FROM platform_data WHERE (version > 0) AND (id = 1) LIMIT 1 OFFSET 0
[TeaQL SQL][query][326us] 1 rows returned outcome=success batchOutcome=not_applicable comment=matched merchant read with relation purpose=matched benchmark read auditReason= tracePath=[0:OPERATION:Merchant=query -> 1:REQUEST:Merchant= -> 2:PROVIDER:postgresql= -> 3:SQL:select=] mutationLineage=[]
SQL: -- TeaQL PLAIN
SELECT id, name, code, external_id AS externalId, task_life_hours AS taskLifeHours, version, platform FROM merchant_data WHERE (version > 0) AND (external_id = 'matched-merchant') LIMIT 1000 OFFSET 0
[TeaQL SQL][query][284us] 1 rows returned outcome=success batchOutcome=not_applicable comment=matched merchant read with relation purpose=matched benchmark read auditReason= tracePath=[0:OPERATION:Merchant=query -> 1:REQUEST:Merchant= -> 2:RELATION:platform=Merchant.platform -> 3:PROVIDER:postgresql= -> 4:SQL:select=] mutationLineage=[]
SQL: -- TeaQL PLAIN
SELECT id, create_time AS createTime, last_update_time AS lastUpdateTime, name, version FROM platform_data WHERE (version > 0) AND (id = 1) LIMIT 1 OFFSET 0
[TeaQL SQL][query][357us] 1 rows returned outcome=success batchOutcome=not_applicable comment=matched merchant read with relation purpose=matched benchmark read auditReason= tracePath=[0:OPERATION:Merchant=query -> 1:REQUEST:Merchant= -> 2:PROVIDER:postgresql= -> 3:SQL:select=] mutationLineage=[]
SQL: -- TeaQL PLAIN
SELECT id, name, code, external_id AS externalId, task_life_hours AS taskLifeHours, version, platform FROM merchant_data WHERE (version > 0) AND (external_id = 'matched-merchant') LIMIT 1000 OFFSET 0
[TeaQL SQL][query][216us] 1 rows returned outcome=success batchOutcome=not_applicable comment=matched merchant read with relation purpose=matched benchmark read auditReason= tracePath=[0:OPERATION:Merchant=query -> 1:REQUEST:Merchant= -> 2:PROVIDER:postgresql= -> 3:SQL:select=] mutationLineage=[]
SQL: -- TeaQL PLAIN
SELECT id, name, code, external_id AS externalId, task_life_hours AS taskLifeHours, version, platform FROM merchant_data WHERE (version > 0) AND (external_id = 'matched-merchant') LIMIT 1000 OFFSET 0
[TeaQL SQL][query][232us] 1 rows returned outcome=success batchOutcome=not_applicable comment=matched merchant read with relation purpose=matched benchmark read auditReason= tracePath=[0:OPERATION:Merchant=query -> 1:REQUEST:Merchant= -> 2:RELATION:platform=Merchant.platform -> 3:PROVIDER:postgresql= -> 4:SQL:select=] mutationLineage=[]
SQL: -- TeaQL PLAIN
SELECT id, create_time AS createTime, last_update_time AS lastUpdateTime, name, version FROM platform_data WHERE (version > 0) AND (id = 1) LIMIT 1 OFFSET 0
[TeaQL SQL][query][268us] 1 rows returned outcome=success batchOutcome=not_applicable comment=matched merchant read with relation purpose=matched benchmark read auditReason= tracePath=[0:OPERATION:Merchant=query -> 1:REQUEST:Merchant= -> 2:RELATION:platform=Merchant.platform -> 3:PROVIDER:postgresql= -> 4:SQL:select=] mutationLineage=[]
SQL: -- TeaQL PLAIN
SELECT id, create_time AS createTime, last_update_time AS lastUpdateTime, name, version FROM platform_data WHERE (version > 0) AND (id = 1) LIMIT 1 OFFSET 0
[TeaQL SQL][query][300us] 1 rows returned outcome=success batchOutcome=not_applicable comment=matched merchant read with relation purpose=matched benchmark read auditReason= tracePath=[0:OPERATION:Merchant=query -> 1:REQUEST:Merchant= -> 2:PROVIDER:postgresql= -> 3:SQL:select=] mutationLineage=[]
SQL: -- TeaQL PLAIN
SELECT id, name, code, external_id AS externalId, task_life_hours AS taskLifeHours, version, platform FROM merchant_data WHERE (version > 0) AND (external_id = 'matched-merchant') LIMIT 1000 OFFSET 0
[TeaQL SQL][query][230us] 1 rows returned outcome=success batchOutcome=not_applicable comment=matched merchant read with relation purpose=matched benchmark read auditReason= tracePath=[0:OPERATION:Merchant=query -> 1:REQUEST:Merchant= -> 2:RELATION:platform=Merchant.platform -> 3:PROVIDER:postgresql= -> 4:SQL:select=] mutationLineage=[]
SQL: -- TeaQL PLAIN
SELECT id, create_time AS createTime, last_update_time AS lastUpdateTime, name, version FROM platform_data WHERE (version > 0) AND (id = 1) LIMIT 1 OFFSET 0
[TeaQL SQL][query][295us] 1 rows returned outcome=success batchOutcome=not_applicable comment=matched merchant read with relation purpose=matched benchmark read auditReason= tracePath=[0:OPERATION:Merchant=query -> 1:REQUEST:Merchant= -> 2:PROVIDER:postgresql= -> 3:SQL:select=] mutationLineage=[]
SQL: -- TeaQL PLAIN
SELECT id, name, code, external_id AS externalId, task_life_hours AS taskLifeHours, version, platform FROM merchant_data WHERE (version > 0) AND (external_id = 'matched-merchant') LIMIT 1000 OFFSET 0
[TeaQL SQL][query][242us] 1 rows returned outcome=success batchOutcome=not_applicable comment=matched merchant read with relation purpose=matched benchmark read auditReason= tracePath=[0:OPERATION:Merchant=query -> 1:REQUEST:Merchant= -> 2:RELATION:platform=Merchant.platform -> 3:PROVIDER:postgresql= -> 4:SQL:select=] mutationLineage=[]
SQL: -- TeaQL PLAIN
SELECT id, create_time AS createTime, last_update_time AS lastUpdateTime, name, version FROM platform_data WHERE (version > 0) AND (id = 1) LIMIT 1 OFFSET 0
[TeaQL SQL][query][501us] 1 rows returned outcome=success batchOutcome=not_applicable comment=matched merchant read with relation purpose=matched benchmark read auditReason= tracePath=[0:OPERATION:Merchant=query -> 1:REQUEST:Merchant= -> 2:PROVIDER:postgresql= -> 3:SQL:select=] mutationLineage=[]
SQL: -- TeaQL PLAIN
SELECT id, name, code, external_id AS externalId, task_life_hours AS taskLifeHours, version, platform FROM merchant_data WHERE (version > 0) AND (external_id = 'matched-merchant') LIMIT 1000 OFFSET 0
[TeaQL SQL][query][386us] 1 rows returned outcome=success batchOutcome=not_applicable comment=matched merchant read with relation purpose=matched benchmark read auditReason= tracePath=[0:OPERATION:Merchant=query -> 1:REQUEST:Merchant= -> 2:PROVIDER:postgresql= -> 3:SQL:select=] mutationLineage=[]
SQL: -- TeaQL PLAIN
SELECT id, name, code, external_id AS externalId, task_life_hours AS taskLifeHours, version, platform FROM merchant_data WHERE (version > 0) AND (external_id = 'matched-merchant') LIMIT 1000 OFFSET 0
[TeaQL SQL][query][538us] 1 rows returned outcome=success batchOutcome=not_applicable comment=matched merchant read with relation purpose=matched benchmark read auditReason= tracePath=[0:OPERATION:Merchant=query -> 1:REQUEST:Merchant= -> 2:PROVIDER:postgresql= -> 3:SQL:select=] mutationLineage=[]
SQL: -- TeaQL PLAIN
SELECT id, name, code, external_id AS externalId, task_life_hours AS taskLifeHours, version, platform FROM merchant_data WHERE (version > 0) AND (external_id = 'matched-merchant') LIMIT 1000 OFFSET 0
[TeaQL SQL][query][367us] 1 rows returned outcome=success batchOutcome=not_applicable comment=matched merchant read with relation purpose=matched benchmark read auditReason= tracePath=[0:OPERATION:Merchant=query -> 1:REQUEST:Merchant= -> 2:RELATION:platform=Merchant.platform -> 3:PROVIDER:postgresql= -> 4:SQL:select=] mutationLineage=[]
SQL: -- TeaQL PLAIN
SELECT id, create_time AS createTime, last_update_time AS lastUpdateTime, name, version FROM platform_data WHERE (version > 0) AND (id = 1) LIMIT 1 OFFSET 0
[TeaQL SQL][query][367us] 1 rows returned outcome=success batchOutcome=not_applicable comment=matched merchant read with relation purpose=matched benchmark read auditReason= tracePath=[0:OPERATION:Merchant=query -> 1:REQUEST:Merchant= -> 2:RELATION:platform=Merchant.platform -> 3:PROVIDER:postgresql= -> 4:SQL:select=] mutationLineage=[]
SQL: -- TeaQL PLAIN
SELECT id, create_time AS createTime, last_update_time AS lastUpdateTime, name, version FROM platform_data WHERE (version > 0) AND (id = 1) LIMIT 1 OFFSET 0
[TeaQL SQL][query][344us] 1 rows returned outcome=success batchOutcome=not_applicable comment=matched merchant read with relation purpose=matched benchmark read auditReason= tracePath=[0:OPERATION:Merchant=query -> 1:REQUEST:Merchant= -> 2:RELATION:platform=Merchant.platform -> 3:PROVIDER:postgresql= -> 4:SQL:select=] mutationLineage=[]
SQL: -- TeaQL PLAIN
SELECT id, create_time AS createTime, last_update_time AS lastUpdateTime, name, version FROM platform_data WHERE (version > 0) AND (id = 1) LIMIT 1 OFFSET 0
[TeaQL SQL][query][428us] 1 rows returned outcome=success batchOutcome=not_applicable comment=matched merchant read with relation purpose=matched benchmark read auditReason= tracePath=[0:OPERATION:Merchant=query -> 1:REQUEST:Merchant= -> 2:PROVIDER:postgresql= -> 3:SQL:select=] mutationLineage=[]
SQL: -- TeaQL PLAIN
SELECT id, name, code, external_id AS externalId, task_life_hours AS taskLifeHours, version, platform FROM merchant_data WHERE (version > 0) AND (external_id = 'matched-merchant') LIMIT 1000 OFFSET 0
[TeaQL SQL][query][303us] 1 rows returned outcome=success batchOutcome=not_applicable comment=matched merchant read with relation purpose=matched benchmark read auditReason= tracePath=[0:OPERATION:Merchant=query -> 1:REQUEST:Merchant= -> 2:RELATION:platform=Merchant.platform -> 3:PROVIDER:postgresql= -> 4:SQL:select=] mutationLineage=[]
SQL: -- TeaQL PLAIN
SELECT id, create_time AS createTime, last_update_time AS lastUpdateTime, name, version FROM platform_data WHERE (version > 0) AND (id = 1) LIMIT 1 OFFSET 0
[TeaQL SQL][query][330us] 1 rows returned outcome=success batchOutcome=not_applicable comment=matched merchant read with relation purpose=matched benchmark read auditReason= tracePath=[0:OPERATION:Merchant=query -> 1:REQUEST:Merchant= -> 2:PROVIDER:postgresql= -> 3:SQL:select=] mutationLineage=[]
SQL: -- TeaQL PLAIN
SELECT id, name, code, external_id AS externalId, task_life_hours AS taskLifeHours, version, platform FROM merchant_data WHERE (version > 0) AND (external_id = 'matched-merchant') LIMIT 1000 OFFSET 0
[TeaQL SQL][query][232us] 1 rows returned outcome=success batchOutcome=not_applicable comment=matched merchant read with relation purpose=matched benchmark read auditReason= tracePath=[0:OPERATION:Merchant=query -> 1:REQUEST:Merchant= -> 2:PROVIDER:postgresql= -> 3:SQL:select=] mutationLineage=[]
SQL: -- TeaQL PLAIN
SELECT id, name, code, external_id AS externalId, task_life_hours AS taskLifeHours, version, platform FROM merchant_data WHERE (version > 0) AND (external_id = 'matched-merchant') LIMIT 1000 OFFSET 0
[TeaQL SQL][query][255us] 1 rows returned outcome=success batchOutcome=not_applicable comment=matched merchant read with relation purpose=matched benchmark read auditReason= tracePath=[0:OPERATION:Merchant=query -> 1:REQUEST:Merchant= -> 2:RELATION:platform=Merchant.platform -> 3:PROVIDER:postgresql= -> 4:SQL:select=] mutationLineage=[]
SQL: -- TeaQL PLAIN
SELECT id, create_time AS createTime, last_update_time AS lastUpdateTime, name, version FROM platform_data WHERE (version > 0) AND (id = 1) LIMIT 1 OFFSET 0
[TeaQL SQL][query][208us] 1 rows returned outcome=success batchOutcome=not_applicable comment=matched merchant read with relation purpose=matched benchmark read auditReason= tracePath=[0:OPERATION:Merchant=query -> 1:REQUEST:Merchant= -> 2:RELATION:platform=Merchant.platform -> 3:PROVIDER:postgresql= -> 4:SQL:select=] mutationLineage=[]
SQL: -- TeaQL PLAIN
SELECT id, create_time AS createTime, last_update_time AS lastUpdateTime, name, version FROM platform_data WHERE (version > 0) AND (id = 1) LIMIT 1 OFFSET 0
[TeaQL SQL][query][380us] 1 rows returned outcome=success batchOutcome=not_applicable comment=matched merchant read with relation purpose=matched benchmark read auditReason= tracePath=[0:OPERATION:Merchant=query -> 1:REQUEST:Merchant= -> 2:PROVIDER:postgresql= -> 3:SQL:select=] mutationLineage=[]
SQL: -- TeaQL PLAIN
SELECT id, name, code, external_id AS externalId, task_life_hours AS taskLifeHours, version, platform FROM merchant_data WHERE (version > 0) AND (external_id = 'matched-merchant') LIMIT 1000 OFFSET 0
[TeaQL SQL][query][412us] 1 rows returned outcome=success batchOutcome=not_applicable comment=matched merchant read with relation purpose=matched benchmark read auditReason= tracePath=[0:OPERATION:Merchant=query -> 1:REQUEST:Merchant= -> 2:PROVIDER:postgresql= -> 3:SQL:select=] mutationLineage=[]
SQL: -- TeaQL PLAIN
SELECT id, name, code, external_id AS externalId, task_life_hours AS taskLifeHours, version, platform FROM merchant_data WHERE (version > 0) AND (external_id = 'matched-merchant') LIMIT 1000 OFFSET 0
[TeaQL SQL][query][275us] 1 rows returned outcome=success batchOutcome=not_applicable comment=matched merchant read with relation purpose=matched benchmark read auditReason= tracePath=[0:OPERATION:Merchant=query -> 1:REQUEST:Merchant= -> 2:RELATION:platform=Merchant.platform -> 3:PROVIDER:postgresql= -> 4:SQL:select=] mutationLineage=[]
SQL: -- TeaQL PLAIN
SELECT id, create_time AS createTime, last_update_time AS lastUpdateTime, name, version FROM platform_data WHERE (version > 0) AND (id = 1) LIMIT 1 OFFSET 0
[TeaQL SQL][query][261us] 1 rows returned outcome=success batchOutcome=not_applicable comment=matched merchant read with relation purpose=matched benchmark read auditReason= tracePath=[0:OPERATION:Merchant=query -> 1:REQUEST:Merchant= -> 2:RELATION:platform=Merchant.platform -> 3:PROVIDER:postgresql= -> 4:SQL:select=] mutationLineage=[]
SQL: -- TeaQL PLAIN
SELECT id, create_time AS createTime, last_update_time AS lastUpdateTime, name, version FROM platform_data WHERE (version > 0) AND (id = 1) LIMIT 1 OFFSET 0
[TeaQL SQL][query][338us] 1 rows returned outcome=success batchOutcome=not_applicable comment=matched merchant read with relation purpose=matched benchmark read auditReason= tracePath=[0:OPERATION:Merchant=query -> 1:REQUEST:Merchant= -> 2:PROVIDER:postgresql= -> 3:SQL:select=] mutationLineage=[]
SQL: -- TeaQL PLAIN
SELECT id, name, code, external_id AS externalId, task_life_hours AS taskLifeHours, version, platform FROM merchant_data WHERE (version > 0) AND (external_id = 'matched-merchant') LIMIT 1000 OFFSET 0
[TeaQL SQL][query][342us] 1 rows returned outcome=success batchOutcome=not_applicable comment=matched merchant read with relation purpose=matched benchmark read auditReason= tracePath=[0:OPERATION:Merchant=query -> 1:REQUEST:Merchant= -> 2:PROVIDER:postgresql= -> 3:SQL:select=] mutationLineage=[]
SQL: -- TeaQL PLAIN
SELECT id, name, code, external_id AS externalId, task_life_hours AS taskLifeHours, version, platform FROM merchant_data WHERE (version > 0) AND (external_id = 'matched-merchant') LIMIT 1000 OFFSET 0
[TeaQL SQL][query][271us] 1 rows returned outcome=success batchOutcome=not_applicable comment=matched merchant read with relation purpose=matched benchmark read auditReason= tracePath=[0:OPERATION:Merchant=query -> 1:REQUEST:Merchant= -> 2:RELATION:platform=Merchant.platform -> 3:PROVIDER:postgresql= -> 4:SQL:select=] mutationLineage=[]
SQL: -- TeaQL PLAIN
SELECT id, create_time AS createTime, last_update_time AS lastUpdateTime, name, version FROM platform_data WHERE (version > 0) AND (id = 1) LIMIT 1 OFFSET 0
[TeaQL SQL][query][236us] 1 rows returned outcome=success batchOutcome=not_applicable comment=matched merchant read with relation purpose=matched benchmark read auditReason= tracePath=[0:OPERATION:Merchant=query -> 1:REQUEST:Merchant= -> 2:RELATION:platform=Merchant.platform -> 3:PROVIDER:postgresql= -> 4:SQL:select=] mutationLineage=[]
SQL: -- TeaQL PLAIN
SELECT id, create_time AS createTime, last_update_time AS lastUpdateTime, name, version FROM platform_data WHERE (version > 0) AND (id = 1) LIMIT 1 OFFSET 0
[TeaQL SQL][query][255us] 1 rows returned outcome=success batchOutcome=not_applicable comment=matched merchant read with relation purpose=matched benchmark read auditReason= tracePath=[0:OPERATION:Merchant=query -> 1:REQUEST:Merchant= -> 2:PROVIDER:postgresql= -> 3:SQL:select=] mutationLineage=[]
SQL: -- TeaQL PLAIN
SELECT id, name, code, external_id AS externalId, task_life_hours AS taskLifeHours, version, platform FROM merchant_data WHERE (version > 0) AND (external_id = 'matched-merchant') LIMIT 1000 OFFSET 0
[TeaQL SQL][query][198us] 1 rows returned outcome=success batchOutcome=not_applicable comment=matched merchant read with relation purpose=matched benchmark read auditReason= tracePath=[0:OPERATION:Merchant=query -> 1:REQUEST:Merchant= -> 2:RELATION:platform=Merchant.platform -> 3:PROVIDER:postgresql= -> 4:SQL:select=] mutationLineage=[]
SQL: -- TeaQL PLAIN
SELECT id, create_time AS createTime, last_update_time AS lastUpdateTime, name, version FROM platform_data WHERE (version > 0) AND (id = 1) LIMIT 1 OFFSET 0
[TeaQL SQL][query][254us] 1 rows returned outcome=success batchOutcome=not_applicable comment=matched merchant read with relation purpose=matched benchmark read auditReason= tracePath=[0:OPERATION:Merchant=query -> 1:REQUEST:Merchant= -> 2:PROVIDER:postgresql= -> 3:SQL:select=] mutationLineage=[]
SQL: -- TeaQL PLAIN
SELECT id, name, code, external_id AS externalId, task_life_hours AS taskLifeHours, version, platform FROM merchant_data WHERE (version > 0) AND (external_id = 'matched-merchant') LIMIT 1000 OFFSET 0
[TeaQL SQL][query][212us] 1 rows returned outcome=success batchOutcome=not_applicable comment=matched merchant read with relation purpose=matched benchmark read auditReason= tracePath=[0:OPERATION:Merchant=query -> 1:REQUEST:Merchant= -> 2:RELATION:platform=Merchant.platform -> 3:PROVIDER:postgresql= -> 4:SQL:select=] mutationLineage=[]
SQL: -- TeaQL PLAIN
SELECT id, create_time AS createTime, last_update_time AS lastUpdateTime, name, version FROM platform_data WHERE (version > 0) AND (id = 1) LIMIT 1 OFFSET 0
[TeaQL SQL][query][338us] 1 rows returned outcome=success batchOutcome=not_applicable comment=matched merchant read with relation purpose=matched benchmark read auditReason= tracePath=[0:OPERATION:Merchant=query -> 1:REQUEST:Merchant= -> 2:PROVIDER:postgresql= -> 3:SQL:select=] mutationLineage=[]
SQL: -- TeaQL PLAIN
SELECT id, name, code, external_id AS externalId, task_life_hours AS taskLifeHours, version, platform FROM merchant_data WHERE (version > 0) AND (external_id = 'matched-merchant') LIMIT 1000 OFFSET 0
[TeaQL SQL][query][340us] 1 rows returned outcome=success batchOutcome=not_applicable comment=matched merchant read with relation purpose=matched benchmark read auditReason= tracePath=[0:OPERATION:Merchant=query -> 1:REQUEST:Merchant= -> 2:PROVIDER:postgresql= -> 3:SQL:select=] mutationLineage=[]
SQL: -- TeaQL PLAIN
SELECT id, name, code, external_id AS externalId, task_life_hours AS taskLifeHours, version, platform FROM merchant_data WHERE (version > 0) AND (external_id = 'matched-merchant') LIMIT 1000 OFFSET 0
[TeaQL SQL][query][271us] 1 rows returned outcome=success batchOutcome=not_applicable comment=matched merchant read with relation purpose=matched benchmark read auditReason= tracePath=[0:OPERATION:Merchant=query -> 1:REQUEST:Merchant= -> 2:RELATION:platform=Merchant.platform -> 3:PROVIDER:postgresql= -> 4:SQL:select=] mutationLineage=[]
SQL: -- TeaQL PLAIN
SELECT id, create_time AS createTime, last_update_time AS lastUpdateTime, name, version FROM platform_data WHERE (version > 0) AND (id = 1) LIMIT 1 OFFSET 0
[TeaQL SQL][query][242us] 1 rows returned outcome=success batchOutcome=not_applicable comment=matched merchant read with relation purpose=matched benchmark read auditReason= tracePath=[0:OPERATION:Merchant=query -> 1:REQUEST:Merchant= -> 2:RELATION:platform=Merchant.platform -> 3:PROVIDER:postgresql= -> 4:SQL:select=] mutationLineage=[]
SQL: -- TeaQL PLAIN
SELECT id, create_time AS createTime, last_update_time AS lastUpdateTime, name, version FROM platform_data WHERE (version > 0) AND (id = 1) LIMIT 1 OFFSET 0
[TeaQL SQL][query][304us] 1 rows returned outcome=success batchOutcome=not_applicable comment=matched merchant read with relation purpose=matched benchmark read auditReason= tracePath=[0:OPERATION:Merchant=query -> 1:REQUEST:Merchant= -> 2:PROVIDER:postgresql= -> 3:SQL:select=] mutationLineage=[]
SQL: -- TeaQL PLAIN
SELECT id, name, code, external_id AS externalId, task_life_hours AS taskLifeHours, version, platform FROM merchant_data WHERE (version > 0) AND (external_id = 'matched-merchant') LIMIT 1000 OFFSET 0
[TeaQL SQL][query][261us] 1 rows returned outcome=success batchOutcome=not_applicable comment=matched merchant read with relation purpose=matched benchmark read auditReason= tracePath=[0:OPERATION:Merchant=query -> 1:REQUEST:Merchant= -> 2:RELATION:platform=Merchant.platform -> 3:PROVIDER:postgresql= -> 4:SQL:select=] mutationLineage=[]
SQL: -- TeaQL PLAIN
SELECT id, create_time AS createTime, last_update_time AS lastUpdateTime, name, version FROM platform_data WHERE (version > 0) AND (id = 1) LIMIT 1 OFFSET 0
[TeaQL SQL][query][315us] 1 rows returned outcome=success batchOutcome=not_applicable comment=matched merchant read with relation purpose=matched benchmark read auditReason= tracePath=[0:OPERATION:Merchant=query -> 1:REQUEST:Merchant= -> 2:PROVIDER:postgresql= -> 3:SQL:select=] mutationLineage=[]
SQL: -- TeaQL PLAIN
SELECT id, name, code, external_id AS externalId, task_life_hours AS taskLifeHours, version, platform FROM merchant_data WHERE (version > 0) AND (external_id = 'matched-merchant') LIMIT 1000 OFFSET 0
[TeaQL SQL][query][252us] 1 rows returned outcome=success batchOutcome=not_applicable comment=matched merchant read with relation purpose=matched benchmark read auditReason= tracePath=[0:OPERATION:Merchant=query -> 1:REQUEST:Merchant= -> 2:RELATION:platform=Merchant.platform -> 3:PROVIDER:postgresql= -> 4:SQL:select=] mutationLineage=[]
SQL: -- TeaQL PLAIN
SELECT id, create_time AS createTime, last_update_time AS lastUpdateTime, name, version FROM platform_data WHERE (version > 0) AND (id = 1) LIMIT 1 OFFSET 0
[TeaQL SQL][query][277us] 1 rows returned outcome=success batchOutcome=not_applicable comment=matched merchant read with relation purpose=matched benchmark read auditReason= tracePath=[0:OPERATION:Merchant=query -> 1:REQUEST:Merchant= -> 2:PROVIDER:postgresql= -> 3:SQL:select=] mutationLineage=[]
SQL: -- TeaQL PLAIN
SELECT id, name, code, external_id AS externalId, task_life_hours AS taskLifeHours, version, platform FROM merchant_data WHERE (version > 0) AND (external_id = 'matched-merchant') LIMIT 1000 OFFSET 0
[TeaQL SQL][query][228us] 1 rows returned outcome=success batchOutcome=not_applicable comment=matched merchant read with relation purpose=matched benchmark read auditReason= tracePath=[0:OPERATION:Merchant=query -> 1:REQUEST:Merchant= -> 2:RELATION:platform=Merchant.platform -> 3:PROVIDER:postgresql= -> 4:SQL:select=] mutationLineage=[]
SQL: -- TeaQL PLAIN
SELECT id, create_time AS createTime, last_update_time AS lastUpdateTime, name, version FROM platform_data WHERE (version > 0) AND (id = 1) LIMIT 1 OFFSET 0
[TeaQL SQL][query][265us] 1 rows returned outcome=success batchOutcome=not_applicable comment=matched merchant read with relation purpose=matched benchmark read auditReason= tracePath=[0:OPERATION:Merchant=query -> 1:REQUEST:Merchant= -> 2:PROVIDER:postgresql= -> 3:SQL:select=] mutationLineage=[]
SQL: -- TeaQL PLAIN
SELECT id, name, code, external_id AS externalId, task_life_hours AS taskLifeHours, version, platform FROM merchant_data WHERE (version > 0) AND (external_id = 'matched-merchant') LIMIT 1000 OFFSET 0
[TeaQL SQL][query][208us] 1 rows returned outcome=success batchOutcome=not_applicable comment=matched merchant read with relation purpose=matched benchmark read auditReason= tracePath=[0:OPERATION:Merchant=query -> 1:REQUEST:Merchant= -> 2:RELATION:platform=Merchant.platform -> 3:PROVIDER:postgresql= -> 4:SQL:select=] mutationLineage=[]
SQL: -- TeaQL PLAIN
SELECT id, create_time AS createTime, last_update_time AS lastUpdateTime, name, version FROM platform_data WHERE (version > 0) AND (id = 1) LIMIT 1 OFFSET 0
[TeaQL SQL][query][380us] 1 rows returned outcome=success batchOutcome=not_applicable comment=matched merchant read with relation purpose=matched benchmark read auditReason= tracePath=[0:OPERATION:Merchant=query -> 1:REQUEST:Merchant= -> 2:PROVIDER:postgresql= -> 3:SQL:select=] mutationLineage=[]
SQL: -- TeaQL PLAIN
SELECT id, name, code, external_id AS externalId, task_life_hours AS taskLifeHours, version, platform FROM merchant_data WHERE (version > 0) AND (external_id = 'matched-merchant') LIMIT 1000 OFFSET 0
[TeaQL SQL][query][331us] 1 rows returned outcome=success batchOutcome=not_applicable comment=matched merchant read with relation purpose=matched benchmark read auditReason= tracePath=[0:OPERATION:Merchant=query -> 1:REQUEST:Merchant= -> 2:RELATION:platform=Merchant.platform -> 3:PROVIDER:postgresql= -> 4:SQL:select=] mutationLineage=[]
SQL: -- TeaQL PLAIN
SELECT id, create_time AS createTime, last_update_time AS lastUpdateTime, name, version FROM platform_data WHERE (version > 0) AND (id = 1) LIMIT 1 OFFSET 0
[TeaQL SQL][query][450us] 1 rows returned outcome=success batchOutcome=not_applicable comment=matched merchant read with relation purpose=matched benchmark read auditReason= tracePath=[0:OPERATION:Merchant=query -> 1:REQUEST:Merchant= -> 2:PROVIDER:postgresql= -> 3:SQL:select=] mutationLineage=[]
SQL: -- TeaQL PLAIN
SELECT id, name, code, external_id AS externalId, task_life_hours AS taskLifeHours, version, platform FROM merchant_data WHERE (version > 0) AND (external_id = 'matched-merchant') LIMIT 1000 OFFSET 0
[TeaQL SQL][query][303us] 1 rows returned outcome=success batchOutcome=not_applicable comment=matched merchant read with relation purpose=matched benchmark read auditReason= tracePath=[0:OPERATION:Merchant=query -> 1:REQUEST:Merchant= -> 2:RELATION:platform=Merchant.platform -> 3:PROVIDER:postgresql= -> 4:SQL:select=] mutationLineage=[]
SQL: -- TeaQL PLAIN
SELECT id, create_time AS createTime, last_update_time AS lastUpdateTime, name, version FROM platform_data WHERE (version > 0) AND (id = 1) LIMIT 1 OFFSET 0
[TeaQL SQL][query][542us] 1 rows returned outcome=success batchOutcome=not_applicable comment=matched merchant read with relation purpose=matched benchmark read auditReason= tracePath=[0:OPERATION:Merchant=query -> 1:REQUEST:Merchant= -> 2:PROVIDER:postgresql= -> 3:SQL:select=] mutationLineage=[]
SQL: -- TeaQL PLAIN
SELECT id, name, code, external_id AS externalId, task_life_hours AS taskLifeHours, version, platform FROM merchant_data WHERE (version > 0) AND (external_id = 'matched-merchant') LIMIT 1000 OFFSET 0
[TeaQL SQL][query][343us] 1 rows returned outcome=success batchOutcome=not_applicable comment=matched merchant read with relation purpose=matched benchmark read auditReason= tracePath=[0:OPERATION:Merchant=query -> 1:REQUEST:Merchant= -> 2:PROVIDER:postgresql= -> 3:SQL:select=] mutationLineage=[]
SQL: -- TeaQL PLAIN
SELECT id, name, code, external_id AS externalId, task_life_hours AS taskLifeHours, version, platform FROM merchant_data WHERE (version > 0) AND (external_id = 'matched-merchant') LIMIT 1000 OFFSET 0
[TeaQL SQL][query][390us] 1 rows returned outcome=success batchOutcome=not_applicable comment=matched merchant read with relation purpose=matched benchmark read auditReason= tracePath=[0:OPERATION:Merchant=query -> 1:REQUEST:Merchant= -> 2:PROVIDER:postgresql= -> 3:SQL:select=] mutationLineage=[]
SQL: -- TeaQL PLAIN
SELECT id, name, code, external_id AS externalId, task_life_hours AS taskLifeHours, version, platform FROM merchant_data WHERE (version > 0) AND (external_id = 'matched-merchant') LIMIT 1000 OFFSET 0
[TeaQL SQL][query][257us] 1 rows returned outcome=success batchOutcome=not_applicable comment=matched merchant read with relation purpose=matched benchmark read auditReason= tracePath=[0:OPERATION:Merchant=query -> 1:REQUEST:Merchant= -> 2:RELATION:platform=Merchant.platform -> 3:PROVIDER:postgresql= -> 4:SQL:select=] mutationLineage=[]
SQL: -- TeaQL PLAIN
SELECT id, create_time AS createTime, last_update_time AS lastUpdateTime, name, version FROM platform_data WHERE (version > 0) AND (id = 1) LIMIT 1 OFFSET 0
[TeaQL SQL][query][263us] 1 rows returned outcome=success batchOutcome=not_applicable comment=matched merchant read with relation purpose=matched benchmark read auditReason= tracePath=[0:OPERATION:Merchant=query -> 1:REQUEST:Merchant= -> 2:RELATION:platform=Merchant.platform -> 3:PROVIDER:postgresql= -> 4:SQL:select=] mutationLineage=[]
SQL: -- TeaQL PLAIN
SELECT id, create_time AS createTime, last_update_time AS lastUpdateTime, name, version FROM platform_data WHERE (version > 0) AND (id = 1) LIMIT 1 OFFSET 0
[TeaQL SQL][query][232us] 1 rows returned outcome=success batchOutcome=not_applicable comment=matched merchant read with relation purpose=matched benchmark read auditReason= tracePath=[0:OPERATION:Merchant=query -> 1:REQUEST:Merchant= -> 2:RELATION:platform=Merchant.platform -> 3:PROVIDER:postgresql= -> 4:SQL:select=] mutationLineage=[]
SQL: -- TeaQL PLAIN
SELECT id, create_time AS createTime, last_update_time AS lastUpdateTime, name, version FROM platform_data WHERE (version > 0) AND (id = 1) LIMIT 1 OFFSET 0
[TeaQL SQL][query][411us] 1 rows returned outcome=success batchOutcome=not_applicable comment=matched merchant read with relation purpose=matched benchmark read auditReason= tracePath=[0:OPERATION:Merchant=query -> 1:REQUEST:Merchant= -> 2:PROVIDER:postgresql= -> 3:SQL:select=] mutationLineage=[]
SQL: -- TeaQL PLAIN
SELECT id, name, code, external_id AS externalId, task_life_hours AS taskLifeHours, version, platform FROM merchant_data WHERE (version > 0) AND (external_id = 'matched-merchant') LIMIT 1000 OFFSET 0
[TeaQL SQL][query][306us] 1 rows returned outcome=success batchOutcome=not_applicable comment=matched merchant read with relation purpose=matched benchmark read auditReason= tracePath=[0:OPERATION:Merchant=query -> 1:REQUEST:Merchant= -> 2:RELATION:platform=Merchant.platform -> 3:PROVIDER:postgresql= -> 4:SQL:select=] mutationLineage=[]
SQL: -- TeaQL PLAIN
SELECT id, create_time AS createTime, last_update_time AS lastUpdateTime, name, version FROM platform_data WHERE (version > 0) AND (id = 1) LIMIT 1 OFFSET 0
[TeaQL SQL][query][405us] 1 rows returned outcome=success batchOutcome=not_applicable comment=matched merchant read with relation purpose=matched benchmark read auditReason= tracePath=[0:OPERATION:Merchant=query -> 1:REQUEST:Merchant= -> 2:PROVIDER:postgresql= -> 3:SQL:select=] mutationLineage=[]
SQL: -- TeaQL PLAIN
SELECT id, name, code, external_id AS externalId, task_life_hours AS taskLifeHours, version, platform FROM merchant_data WHERE (version > 0) AND (external_id = 'matched-merchant') LIMIT 1000 OFFSET 0
[TeaQL SQL][query][296us] 1 rows returned outcome=success batchOutcome=not_applicable comment=matched merchant read with relation purpose=matched benchmark read auditReason= tracePath=[0:OPERATION:Merchant=query -> 1:REQUEST:Merchant= -> 2:RELATION:platform=Merchant.platform -> 3:PROVIDER:postgresql= -> 4:SQL:select=] mutationLineage=[]
SQL: -- TeaQL PLAIN
SELECT id, create_time AS createTime, last_update_time AS lastUpdateTime, name, version FROM platform_data WHERE (version > 0) AND (id = 1) LIMIT 1 OFFSET 0
[TeaQL SQL][query][248us] 1 rows returned outcome=success batchOutcome=not_applicable comment=matched merchant read with relation purpose=matched benchmark read auditReason= tracePath=[0:OPERATION:Merchant=query -> 1:REQUEST:Merchant= -> 2:PROVIDER:postgresql= -> 3:SQL:select=] mutationLineage=[]
SQL: -- TeaQL PLAIN
SELECT id, name, code, external_id AS externalId, task_life_hours AS taskLifeHours, version, platform FROM merchant_data WHERE (version > 0) AND (external_id = 'matched-merchant') LIMIT 1000 OFFSET 0
[TeaQL SQL][query][270us] 1 rows returned outcome=success batchOutcome=not_applicable comment=matched merchant read with relation purpose=matched benchmark read auditReason= tracePath=[0:OPERATION:Merchant=query -> 1:REQUEST:Merchant= -> 2:PROVIDER:postgresql= -> 3:SQL:select=] mutationLineage=[]
SQL: -- TeaQL PLAIN
SELECT id, name, code, external_id AS externalId, task_life_hours AS taskLifeHours, version, platform FROM merchant_data WHERE (version > 0) AND (external_id = 'matched-merchant') LIMIT 1000 OFFSET 0
[TeaQL SQL][query][230us] 1 rows returned outcome=success batchOutcome=not_applicable comment=matched merchant read with relation purpose=matched benchmark read auditReason= tracePath=[0:OPERATION:Merchant=query -> 1:REQUEST:Merchant= -> 2:RELATION:platform=Merchant.platform -> 3:PROVIDER:postgresql= -> 4:SQL:select=] mutationLineage=[]
SQL: -- TeaQL PLAIN
SELECT id, create_time AS createTime, last_update_time AS lastUpdateTime, name, version FROM platform_data WHERE (version > 0) AND (id = 1) LIMIT 1 OFFSET 0
[TeaQL SQL][query][207us] 1 rows returned outcome=success batchOutcome=not_applicable comment=matched merchant read with relation purpose=matched benchmark read auditReason= tracePath=[0:OPERATION:Merchant=query -> 1:REQUEST:Merchant= -> 2:RELATION:platform=Merchant.platform -> 3:PROVIDER:postgresql= -> 4:SQL:select=] mutationLineage=[]
SQL: -- TeaQL PLAIN
SELECT id, create_time AS createTime, last_update_time AS lastUpdateTime, name, version FROM platform_data WHERE (version > 0) AND (id = 1) LIMIT 1 OFFSET 0
[TeaQL SQL][query][308us] 1 rows returned outcome=success batchOutcome=not_applicable comment=matched merchant read with relation purpose=matched benchmark read auditReason= tracePath=[0:OPERATION:Merchant=query -> 1:REQUEST:Merchant= -> 2:PROVIDER:postgresql= -> 3:SQL:select=] mutationLineage=[]
SQL: -- TeaQL PLAIN
SELECT id, name, code, external_id AS externalId, task_life_hours AS taskLifeHours, version, platform FROM merchant_data WHERE (version > 0) AND (external_id = 'matched-merchant') LIMIT 1000 OFFSET 0
[TeaQL SQL][query][223us] 1 rows returned outcome=success batchOutcome=not_applicable comment=matched merchant read with relation purpose=matched benchmark read auditReason= tracePath=[0:OPERATION:Merchant=query -> 1:REQUEST:Merchant= -> 2:RELATION:platform=Merchant.platform -> 3:PROVIDER:postgresql= -> 4:SQL:select=] mutationLineage=[]
SQL: -- TeaQL PLAIN
SELECT id, create_time AS createTime, last_update_time AS lastUpdateTime, name, version FROM platform_data WHERE (version > 0) AND (id = 1) LIMIT 1 OFFSET 0
[TeaQL SQL][query][290us] 1 rows returned outcome=success batchOutcome=not_applicable comment=matched merchant read with relation purpose=matched benchmark read auditReason= tracePath=[0:OPERATION:Merchant=query -> 1:REQUEST:Merchant= -> 2:PROVIDER:postgresql= -> 3:SQL:select=] mutationLineage=[]
SQL: -- TeaQL PLAIN
SELECT id, name, code, external_id AS externalId, task_life_hours AS taskLifeHours, version, platform FROM merchant_data WHERE (version > 0) AND (external_id = 'matched-merchant') LIMIT 1000 OFFSET 0
[TeaQL SQL][query][247us] 1 rows returned outcome=success batchOutcome=not_applicable comment=matched merchant read with relation purpose=matched benchmark read auditReason= tracePath=[0:OPERATION:Merchant=query -> 1:REQUEST:Merchant= -> 2:PROVIDER:postgresql= -> 3:SQL:select=] mutationLineage=[]
SQL: -- TeaQL PLAIN
SELECT id, name, code, external_id AS externalId, task_life_hours AS taskLifeHours, version, platform FROM merchant_data WHERE (version > 0) AND (external_id = 'matched-merchant') LIMIT 1000 OFFSET 0
[TeaQL SQL][query][253us] 1 rows returned outcome=success batchOutcome=not_applicable comment=matched merchant read with relation purpose=matched benchmark read auditReason= tracePath=[0:OPERATION:Merchant=query -> 1:REQUEST:Merchant= -> 2:PROVIDER:postgresql= -> 3:SQL:select=] mutationLineage=[]
SQL: -- TeaQL PLAIN
SELECT id, name, code, external_id AS externalId, task_life_hours AS taskLifeHours, version, platform FROM merchant_data WHERE (version > 0) AND (external_id = 'matched-merchant') LIMIT 1000 OFFSET 0
[TeaQL SQL][query][262us] 1 rows returned outcome=success batchOutcome=not_applicable comment=matched merchant read with relation purpose=matched benchmark read auditReason= tracePath=[0:OPERATION:Merchant=query -> 1:REQUEST:Merchant= -> 2:RELATION:platform=Merchant.platform -> 3:PROVIDER:postgresql= -> 4:SQL:select=] mutationLineage=[]
SQL: -- TeaQL PLAIN
SELECT id, create_time AS createTime, last_update_time AS lastUpdateTime, name, version FROM platform_data WHERE (version > 0) AND (id = 1) LIMIT 1 OFFSET 0
[TeaQL SQL][query][207us] 1 rows returned outcome=success batchOutcome=not_applicable comment=matched merchant read with relation purpose=matched benchmark read auditReason= tracePath=[0:OPERATION:Merchant=query -> 1:REQUEST:Merchant= -> 2:RELATION:platform=Merchant.platform -> 3:PROVIDER:postgresql= -> 4:SQL:select=] mutationLineage=[]
SQL: -- TeaQL PLAIN
SELECT id, create_time AS createTime, last_update_time AS lastUpdateTime, name, version FROM platform_data WHERE (version > 0) AND (id = 1) LIMIT 1 OFFSET 0
[TeaQL SQL][query][204us] 1 rows returned outcome=success batchOutcome=not_applicable comment=matched merchant read with relation purpose=matched benchmark read auditReason= tracePath=[0:OPERATION:Merchant=query -> 1:REQUEST:Merchant= -> 2:RELATION:platform=Merchant.platform -> 3:PROVIDER:postgresql= -> 4:SQL:select=] mutationLineage=[]
SQL: -- TeaQL PLAIN
SELECT id, create_time AS createTime, last_update_time AS lastUpdateTime, name, version FROM platform_data WHERE (version > 0) AND (id = 1) LIMIT 1 OFFSET 0
[TeaQL SQL][query][358us] 1 rows returned outcome=success batchOutcome=not_applicable comment=matched merchant read with relation purpose=matched benchmark read auditReason= tracePath=[0:OPERATION:Merchant=query -> 1:REQUEST:Merchant= -> 2:PROVIDER:postgresql= -> 3:SQL:select=] mutationLineage=[]
SQL: -- TeaQL PLAIN
SELECT id, name, code, external_id AS externalId, task_life_hours AS taskLifeHours, version, platform FROM merchant_data WHERE (version > 0) AND (external_id = 'matched-merchant') LIMIT 1000 OFFSET 0
[TeaQL SQL][query][293us] 1 rows returned outcome=success batchOutcome=not_applicable comment=matched merchant read with relation purpose=matched benchmark read auditReason= tracePath=[0:OPERATION:Merchant=query -> 1:REQUEST:Merchant= -> 2:RELATION:platform=Merchant.platform -> 3:PROVIDER:postgresql= -> 4:SQL:select=] mutationLineage=[]
SQL: -- TeaQL PLAIN
SELECT id, create_time AS createTime, last_update_time AS lastUpdateTime, name, version FROM platform_data WHERE (version > 0) AND (id = 1) LIMIT 1 OFFSET 0
[TeaQL SQL][query][377us] 1 rows returned outcome=success batchOutcome=not_applicable comment=matched merchant read with relation purpose=matched benchmark read auditReason= tracePath=[0:OPERATION:Merchant=query -> 1:REQUEST:Merchant= -> 2:PROVIDER:postgresql= -> 3:SQL:select=] mutationLineage=[]
SQL: -- TeaQL PLAIN
SELECT id, name, code, external_id AS externalId, task_life_hours AS taskLifeHours, version, platform FROM merchant_data WHERE (version > 0) AND (external_id = 'matched-merchant') LIMIT 1000 OFFSET 0
[TeaQL SQL][query][377us] 1 rows returned outcome=success batchOutcome=not_applicable comment=matched merchant read with relation purpose=matched benchmark read auditReason= tracePath=[0:OPERATION:Merchant=query -> 1:REQUEST:Merchant= -> 2:PROVIDER:postgresql= -> 3:SQL:select=] mutationLineage=[]
SQL: -- TeaQL PLAIN
SELECT id, name, code, external_id AS externalId, task_life_hours AS taskLifeHours, version, platform FROM merchant_data WHERE (version > 0) AND (external_id = 'matched-merchant') LIMIT 1000 OFFSET 0
[TeaQL SQL][query][273us] 1 rows returned outcome=success batchOutcome=not_applicable comment=matched merchant read with relation purpose=matched benchmark read auditReason= tracePath=[0:OPERATION:Merchant=query -> 1:REQUEST:Merchant= -> 2:PROVIDER:postgresql= -> 3:SQL:select=] mutationLineage=[]
SQL: -- TeaQL PLAIN
SELECT id, name, code, external_id AS externalId, task_life_hours AS taskLifeHours, version, platform FROM merchant_data WHERE (version > 0) AND (external_id = 'matched-merchant') LIMIT 1000 OFFSET 0
[TeaQL SQL][query][276us] 1 rows returned outcome=success batchOutcome=not_applicable comment=matched merchant read with relation purpose=matched benchmark read auditReason= tracePath=[0:OPERATION:Merchant=query -> 1:REQUEST:Merchant= -> 2:RELATION:platform=Merchant.platform -> 3:PROVIDER:postgresql= -> 4:SQL:select=] mutationLineage=[]
SQL: -- TeaQL PLAIN
SELECT id, create_time AS createTime, last_update_time AS lastUpdateTime, name, version FROM platform_data WHERE (version > 0) AND (id = 1) LIMIT 1 OFFSET 0
[TeaQL SQL][query][236us] 1 rows returned outcome=success batchOutcome=not_applicable comment=matched merchant read with relation purpose=matched benchmark read auditReason= tracePath=[0:OPERATION:Merchant=query -> 1:REQUEST:Merchant= -> 2:RELATION:platform=Merchant.platform -> 3:PROVIDER:postgresql= -> 4:SQL:select=] mutationLineage=[]
SQL: -- TeaQL PLAIN
SELECT id, create_time AS createTime, last_update_time AS lastUpdateTime, name, version FROM platform_data WHERE (version > 0) AND (id = 1) LIMIT 1 OFFSET 0
[TeaQL SQL][query][237us] 1 rows returned outcome=success batchOutcome=not_applicable comment=matched merchant read with relation purpose=matched benchmark read auditReason= tracePath=[0:OPERATION:Merchant=query -> 1:REQUEST:Merchant= -> 2:RELATION:platform=Merchant.platform -> 3:PROVIDER:postgresql= -> 4:SQL:select=] mutationLineage=[]
SQL: -- TeaQL PLAIN
SELECT id, create_time AS createTime, last_update_time AS lastUpdateTime, name, version FROM platform_data WHERE (version > 0) AND (id = 1) LIMIT 1 OFFSET 0
[TeaQL SQL][query][304us] 1 rows returned outcome=success batchOutcome=not_applicable comment=matched merchant read with relation purpose=matched benchmark read auditReason= tracePath=[0:OPERATION:Merchant=query -> 1:REQUEST:Merchant= -> 2:PROVIDER:postgresql= -> 3:SQL:select=] mutationLineage=[]
SQL: -- TeaQL PLAIN
SELECT id, name, code, external_id AS externalId, task_life_hours AS taskLifeHours, version, platform FROM merchant_data WHERE (version > 0) AND (external_id = 'matched-merchant') LIMIT 1000 OFFSET 0
[TeaQL SQL][query][255us] 1 rows returned outcome=success batchOutcome=not_applicable comment=matched merchant read with relation purpose=matched benchmark read auditReason= tracePath=[0:OPERATION:Merchant=query -> 1:REQUEST:Merchant= -> 2:RELATION:platform=Merchant.platform -> 3:PROVIDER:postgresql= -> 4:SQL:select=] mutationLineage=[]
SQL: -- TeaQL PLAIN
SELECT id, create_time AS createTime, last_update_time AS lastUpdateTime, name, version FROM platform_data WHERE (version > 0) AND (id = 1) LIMIT 1 OFFSET 0
[TeaQL SQL][query][232us] 1 rows returned outcome=success batchOutcome=not_applicable comment=matched merchant read with relation purpose=matched benchmark read auditReason= tracePath=[0:OPERATION:Merchant=query -> 1:REQUEST:Merchant= -> 2:PROVIDER:postgresql= -> 3:SQL:select=] mutationLineage=[]
SQL: -- TeaQL PLAIN
SELECT id, name, code, external_id AS externalId, task_life_hours AS taskLifeHours, version, platform FROM merchant_data WHERE (version > 0) AND (external_id = 'matched-merchant') LIMIT 1000 OFFSET 0
[TeaQL SQL][query][210us] 1 rows returned outcome=success batchOutcome=not_applicable comment=matched merchant read with relation purpose=matched benchmark read auditReason= tracePath=[0:OPERATION:Merchant=query -> 1:REQUEST:Merchant= -> 2:RELATION:platform=Merchant.platform -> 3:PROVIDER:postgresql= -> 4:SQL:select=] mutationLineage=[]
SQL: -- TeaQL PLAIN
SELECT id, create_time AS createTime, last_update_time AS lastUpdateTime, name, version FROM platform_data WHERE (version > 0) AND (id = 1) LIMIT 1 OFFSET 0
[TeaQL SQL][query][439us] 1 rows returned outcome=success batchOutcome=not_applicable comment=matched merchant read with relation purpose=matched benchmark read auditReason= tracePath=[0:OPERATION:Merchant=query -> 1:REQUEST:Merchant= -> 2:PROVIDER:postgresql= -> 3:SQL:select=] mutationLineage=[]
SQL: -- TeaQL PLAIN
SELECT id, name, code, external_id AS externalId, task_life_hours AS taskLifeHours, version, platform FROM merchant_data WHERE (version > 0) AND (external_id = 'matched-merchant') LIMIT 1000 OFFSET 0
[TeaQL SQL][query][440us] 1 rows returned outcome=success batchOutcome=not_applicable comment=matched merchant read with relation purpose=matched benchmark read auditReason= tracePath=[0:OPERATION:Merchant=query -> 1:REQUEST:Merchant= -> 2:PROVIDER:postgresql= -> 3:SQL:select=] mutationLineage=[]
SQL: -- TeaQL PLAIN
SELECT id, name, code, external_id AS externalId, task_life_hours AS taskLifeHours, version, platform FROM merchant_data WHERE (version > 0) AND (external_id = 'matched-merchant') LIMIT 1000 OFFSET 0
[TeaQL SQL][query][333us] 1 rows returned outcome=success batchOutcome=not_applicable comment=matched merchant read with relation purpose=matched benchmark read auditReason= tracePath=[0:OPERATION:Merchant=query -> 1:REQUEST:Merchant= -> 2:RELATION:platform=Merchant.platform -> 3:PROVIDER:postgresql= -> 4:SQL:select=] mutationLineage=[]
SQL: -- TeaQL PLAIN
SELECT id, create_time AS createTime, last_update_time AS lastUpdateTime, name, version FROM platform_data WHERE (version > 0) AND (id = 1) LIMIT 1 OFFSET 0
[TeaQL SQL][query][335us] 1 rows returned outcome=success batchOutcome=not_applicable comment=matched merchant read with relation purpose=matched benchmark read auditReason= tracePath=[0:OPERATION:Merchant=query -> 1:REQUEST:Merchant= -> 2:RELATION:platform=Merchant.platform -> 3:PROVIDER:postgresql= -> 4:SQL:select=] mutationLineage=[]
SQL: -- TeaQL PLAIN
SELECT id, create_time AS createTime, last_update_time AS lastUpdateTime, name, version FROM platform_data WHERE (version > 0) AND (id = 1) LIMIT 1 OFFSET 0
[TeaQL SQL][query][265us] 1 rows returned outcome=success batchOutcome=not_applicable comment=matched merchant read with relation purpose=matched benchmark read auditReason= tracePath=[0:OPERATION:Merchant=query -> 1:REQUEST:Merchant= -> 2:PROVIDER:postgresql= -> 3:SQL:select=] mutationLineage=[]
SQL: -- TeaQL PLAIN
SELECT id, name, code, external_id AS externalId, task_life_hours AS taskLifeHours, version, platform FROM merchant_data WHERE (version > 0) AND (external_id = 'matched-merchant') LIMIT 1000 OFFSET 0
[TeaQL SQL][query][416us] 1 rows returned outcome=success batchOutcome=not_applicable comment=matched merchant read with relation purpose=matched benchmark read auditReason= tracePath=[0:OPERATION:Merchant=query -> 1:REQUEST:Merchant= -> 2:RELATION:platform=Merchant.platform -> 3:PROVIDER:postgresql= -> 4:SQL:select=] mutationLineage=[]
SQL: -- TeaQL PLAIN
SELECT id, create_time AS createTime, last_update_time AS lastUpdateTime, name, version FROM platform_data WHERE (version > 0) AND (id = 1) LIMIT 1 OFFSET 0
[TeaQL SQL][query][300us] 1 rows returned outcome=success batchOutcome=not_applicable comment=matched merchant read with relation purpose=matched benchmark read auditReason= tracePath=[0:OPERATION:Merchant=query -> 1:REQUEST:Merchant= -> 2:PROVIDER:postgresql= -> 3:SQL:select=] mutationLineage=[]
SQL: -- TeaQL PLAIN
SELECT id, name, code, external_id AS externalId, task_life_hours AS taskLifeHours, version, platform FROM merchant_data WHERE (version > 0) AND (external_id = 'matched-merchant') LIMIT 1000 OFFSET 0
[TeaQL SQL][query][228us] 1 rows returned outcome=success batchOutcome=not_applicable comment=matched merchant read with relation purpose=matched benchmark read auditReason= tracePath=[0:OPERATION:Merchant=query -> 1:REQUEST:Merchant= -> 2:RELATION:platform=Merchant.platform -> 3:PROVIDER:postgresql= -> 4:SQL:select=] mutationLineage=[]
SQL: -- TeaQL PLAIN
SELECT id, create_time AS createTime, last_update_time AS lastUpdateTime, name, version FROM platform_data WHERE (version > 0) AND (id = 1) LIMIT 1 OFFSET 0
[TeaQL SQL][query][274us] 1 rows returned outcome=success batchOutcome=not_applicable comment=matched merchant read with relation purpose=matched benchmark read auditReason= tracePath=[0:OPERATION:Merchant=query -> 1:REQUEST:Merchant= -> 2:PROVIDER:postgresql= -> 3:SQL:select=] mutationLineage=[]
SQL: -- TeaQL PLAIN
SELECT id, name, code, external_id AS externalId, task_life_hours AS taskLifeHours, version, platform FROM merchant_data WHERE (version > 0) AND (external_id = 'matched-merchant') LIMIT 1000 OFFSET 0
[TeaQL SQL][query][270us] 1 rows returned outcome=success batchOutcome=not_applicable comment=matched merchant read with relation purpose=matched benchmark read auditReason= tracePath=[0:OPERATION:Merchant=query -> 1:REQUEST:Merchant= -> 2:PROVIDER:postgresql= -> 3:SQL:select=] mutationLineage=[]
SQL: -- TeaQL PLAIN
SELECT id, name, code, external_id AS externalId, task_life_hours AS taskLifeHours, version, platform FROM merchant_data WHERE (version > 0) AND (external_id = 'matched-merchant') LIMIT 1000 OFFSET 0
[TeaQL SQL][query][223us] 1 rows returned outcome=success batchOutcome=not_applicable comment=matched merchant read with relation purpose=matched benchmark read auditReason= tracePath=[0:OPERATION:Merchant=query -> 1:REQUEST:Merchant= -> 2:RELATION:platform=Merchant.platform -> 3:PROVIDER:postgresql= -> 4:SQL:select=] mutationLineage=[]
SQL: -- TeaQL PLAIN
SELECT id, create_time AS createTime, last_update_time AS lastUpdateTime, name, version FROM platform_data WHERE (version > 0) AND (id = 1) LIMIT 1 OFFSET 0
[TeaQL SQL][query][223us] 1 rows returned outcome=success batchOutcome=not_applicable comment=matched merchant read with relation purpose=matched benchmark read auditReason= tracePath=[0:OPERATION:Merchant=query -> 1:REQUEST:Merchant= -> 2:RELATION:platform=Merchant.platform -> 3:PROVIDER:postgresql= -> 4:SQL:select=] mutationLineage=[]
SQL: -- TeaQL PLAIN
SELECT id, create_time AS createTime, last_update_time AS lastUpdateTime, name, version FROM platform_data WHERE (version > 0) AND (id = 1) LIMIT 1 OFFSET 0
[TeaQL SQL][query][278us] 1 rows returned outcome=success batchOutcome=not_applicable comment=matched merchant read with relation purpose=matched benchmark read auditReason= tracePath=[0:OPERATION:Merchant=query -> 1:REQUEST:Merchant= -> 2:PROVIDER:postgresql= -> 3:SQL:select=] mutationLineage=[]
SQL: -- TeaQL PLAIN
SELECT id, name, code, external_id AS externalId, task_life_hours AS taskLifeHours, version, platform FROM merchant_data WHERE (version > 0) AND (external_id = 'matched-merchant') LIMIT 1000 OFFSET 0
[TeaQL SQL][query][277us] 1 rows returned outcome=success batchOutcome=not_applicable comment=matched merchant read with relation purpose=matched benchmark read auditReason= tracePath=[0:OPERATION:Merchant=query -> 1:REQUEST:Merchant= -> 2:RELATION:platform=Merchant.platform -> 3:PROVIDER:postgresql= -> 4:SQL:select=] mutationLineage=[]
SQL: -- TeaQL PLAIN
SELECT id, create_time AS createTime, last_update_time AS lastUpdateTime, name, version FROM platform_data WHERE (version > 0) AND (id = 1) LIMIT 1 OFFSET 0
[TeaQL SQL][query][229us] 1 rows returned outcome=success batchOutcome=not_applicable comment=matched merchant read with relation purpose=matched benchmark read auditReason= tracePath=[0:OPERATION:Merchant=query -> 1:REQUEST:Merchant= -> 2:PROVIDER:postgresql= -> 3:SQL:select=] mutationLineage=[]
SQL: -- TeaQL PLAIN
SELECT id, name, code, external_id AS externalId, task_life_hours AS taskLifeHours, version, platform FROM merchant_data WHERE (version > 0) AND (external_id = 'matched-merchant') LIMIT 1000 OFFSET 0
[TeaQL SQL][query][218us] 1 rows returned outcome=success batchOutcome=not_applicable comment=matched merchant read with relation purpose=matched benchmark read auditReason= tracePath=[0:OPERATION:Merchant=query -> 1:REQUEST:Merchant= -> 2:RELATION:platform=Merchant.platform -> 3:PROVIDER:postgresql= -> 4:SQL:select=] mutationLineage=[]
SQL: -- TeaQL PLAIN
SELECT id, create_time AS createTime, last_update_time AS lastUpdateTime, name, version FROM platform_data WHERE (version > 0) AND (id = 1) LIMIT 1 OFFSET 0
[TeaQL SQL][query][395us] 1 rows returned outcome=success batchOutcome=not_applicable comment=matched merchant read with relation purpose=matched benchmark read auditReason= tracePath=[0:OPERATION:Merchant=query -> 1:REQUEST:Merchant= -> 2:PROVIDER:postgresql= -> 3:SQL:select=] mutationLineage=[]
SQL: -- TeaQL PLAIN
SELECT id, name, code, external_id AS externalId, task_life_hours AS taskLifeHours, version, platform FROM merchant_data WHERE (version > 0) AND (external_id = 'matched-merchant') LIMIT 1000 OFFSET 0
[TeaQL SQL][query][272us] 1 rows returned outcome=success batchOutcome=not_applicable comment=matched merchant read with relation purpose=matched benchmark read auditReason= tracePath=[0:OPERATION:Merchant=query -> 1:REQUEST:Merchant= -> 2:RELATION:platform=Merchant.platform -> 3:PROVIDER:postgresql= -> 4:SQL:select=] mutationLineage=[]
SQL: -- TeaQL PLAIN
SELECT id, create_time AS createTime, last_update_time AS lastUpdateTime, name, version FROM platform_data WHERE (version > 0) AND (id = 1) LIMIT 1 OFFSET 0
[TeaQL SQL][query][317us] 1 rows returned outcome=success batchOutcome=not_applicable comment=matched merchant read with relation purpose=matched benchmark read auditReason= tracePath=[0:OPERATION:Merchant=query -> 1:REQUEST:Merchant= -> 2:PROVIDER:postgresql= -> 3:SQL:select=] mutationLineage=[]
SQL: -- TeaQL PLAIN
SELECT id, name, code, external_id AS externalId, task_life_hours AS taskLifeHours, version, platform FROM merchant_data WHERE (version > 0) AND (external_id = 'matched-merchant') LIMIT 1000 OFFSET 0
[TeaQL SQL][query][275us] 1 rows returned outcome=success batchOutcome=not_applicable comment=matched merchant read with relation purpose=matched benchmark read auditReason= tracePath=[0:OPERATION:Merchant=query -> 1:REQUEST:Merchant= -> 2:RELATION:platform=Merchant.platform -> 3:PROVIDER:postgresql= -> 4:SQL:select=] mutationLineage=[]
SQL: -- TeaQL PLAIN
SELECT id, create_time AS createTime, last_update_time AS lastUpdateTime, name, version FROM platform_data WHERE (version > 0) AND (id = 1) LIMIT 1 OFFSET 0
[TeaQL SQL][query][294us] 1 rows returned outcome=success batchOutcome=not_applicable comment=matched merchant read with relation purpose=matched benchmark read auditReason= tracePath=[0:OPERATION:Merchant=query -> 1:REQUEST:Merchant= -> 2:PROVIDER:postgresql= -> 3:SQL:select=] mutationLineage=[]
SQL: -- TeaQL PLAIN
SELECT id, name, code, external_id AS externalId, task_life_hours AS taskLifeHours, version, platform FROM merchant_data WHERE (version > 0) AND (external_id = 'matched-merchant') LIMIT 1000 OFFSET 0
[TeaQL SQL][query][250us] 1 rows returned outcome=success batchOutcome=not_applicable comment=matched merchant read with relation purpose=matched benchmark read auditReason= tracePath=[0:OPERATION:Merchant=query -> 1:REQUEST:Merchant= -> 2:RELATION:platform=Merchant.platform -> 3:PROVIDER:postgresql= -> 4:SQL:select=] mutationLineage=[]
SQL: -- TeaQL PLAIN
SELECT id, create_time AS createTime, last_update_time AS lastUpdateTime, name, version FROM platform_data WHERE (version > 0) AND (id = 1) LIMIT 1 OFFSET 0
[TeaQL SQL][query][258us] 1 rows returned outcome=success batchOutcome=not_applicable comment=matched merchant read with relation purpose=matched benchmark read auditReason= tracePath=[0:OPERATION:Merchant=query -> 1:REQUEST:Merchant= -> 2:PROVIDER:postgresql= -> 3:SQL:select=] mutationLineage=[]
SQL: -- TeaQL PLAIN
SELECT id, name, code, external_id AS externalId, task_life_hours AS taskLifeHours, version, platform FROM merchant_data WHERE (version > 0) AND (external_id = 'matched-merchant') LIMIT 1000 OFFSET 0
[TeaQL SQL][query][208us] 1 rows returned outcome=success batchOutcome=not_applicable comment=matched merchant read with relation purpose=matched benchmark read auditReason= tracePath=[0:OPERATION:Merchant=query -> 1:REQUEST:Merchant= -> 2:RELATION:platform=Merchant.platform -> 3:PROVIDER:postgresql= -> 4:SQL:select=] mutationLineage=[]
SQL: -- TeaQL PLAIN
SELECT id, create_time AS createTime, last_update_time AS lastUpdateTime, name, version FROM platform_data WHERE (version > 0) AND (id = 1) LIMIT 1 OFFSET 0
[TeaQL SQL][query][333us] 1 rows returned outcome=success batchOutcome=not_applicable comment=matched merchant read with relation purpose=matched benchmark read auditReason= tracePath=[0:OPERATION:Merchant=query -> 1:REQUEST:Merchant= -> 2:PROVIDER:postgresql= -> 3:SQL:select=] mutationLineage=[]
SQL: -- TeaQL PLAIN
SELECT id, name, code, external_id AS externalId, task_life_hours AS taskLifeHours, version, platform FROM merchant_data WHERE (version > 0) AND (external_id = 'matched-merchant') LIMIT 1000 OFFSET 0
[TeaQL SQL][query][266us] 1 rows returned outcome=success batchOutcome=not_applicable comment=matched merchant read with relation purpose=matched benchmark read auditReason= tracePath=[0:OPERATION:Merchant=query -> 1:REQUEST:Merchant= -> 2:RELATION:platform=Merchant.platform -> 3:PROVIDER:postgresql= -> 4:SQL:select=] mutationLineage=[]
SQL: -- TeaQL PLAIN
SELECT id, create_time AS createTime, last_update_time AS lastUpdateTime, name, version FROM platform_data WHERE (version > 0) AND (id = 1) LIMIT 1 OFFSET 0
[TeaQL SQL][query][329us] 1 rows returned outcome=success batchOutcome=not_applicable comment=matched merchant read with relation purpose=matched benchmark read auditReason= tracePath=[0:OPERATION:Merchant=query -> 1:REQUEST:Merchant= -> 2:PROVIDER:postgresql= -> 3:SQL:select=] mutationLineage=[]
SQL: -- TeaQL PLAIN
SELECT id, name, code, external_id AS externalId, task_life_hours AS taskLifeHours, version, platform FROM merchant_data WHERE (version > 0) AND (external_id = 'matched-merchant') LIMIT 1000 OFFSET 0
[TeaQL SQL][query][239us] 1 rows returned outcome=success batchOutcome=not_applicable comment=matched merchant read with relation purpose=matched benchmark read auditReason= tracePath=[0:OPERATION:Merchant=query -> 1:REQUEST:Merchant= -> 2:RELATION:platform=Merchant.platform -> 3:PROVIDER:postgresql= -> 4:SQL:select=] mutationLineage=[]
SQL: -- TeaQL PLAIN
SELECT id, create_time AS createTime, last_update_time AS lastUpdateTime, name, version FROM platform_data WHERE (version > 0) AND (id = 1) LIMIT 1 OFFSET 0
[TeaQL SQL][query][362us] 1 rows returned outcome=success batchOutcome=not_applicable comment=matched merchant read with relation purpose=matched benchmark read auditReason= tracePath=[0:OPERATION:Merchant=query -> 1:REQUEST:Merchant= -> 2:PROVIDER:postgresql= -> 3:SQL:select=] mutationLineage=[]
SQL: -- TeaQL PLAIN
SELECT id, name, code, external_id AS externalId, task_life_hours AS taskLifeHours, version, platform FROM merchant_data WHERE (version > 0) AND (external_id = 'matched-merchant') LIMIT 1000 OFFSET 0
[TeaQL SQL][query][254us] 1 rows returned outcome=success batchOutcome=not_applicable comment=matched merchant read with relation purpose=matched benchmark read auditReason= tracePath=[0:OPERATION:Merchant=query -> 1:REQUEST:Merchant= -> 2:RELATION:platform=Merchant.platform -> 3:PROVIDER:postgresql= -> 4:SQL:select=] mutationLineage=[]
SQL: -- TeaQL PLAIN
SELECT id, create_time AS createTime, last_update_time AS lastUpdateTime, name, version FROM platform_data WHERE (version > 0) AND (id = 1) LIMIT 1 OFFSET 0
[TeaQL SQL][query][243us] 1 rows returned outcome=success batchOutcome=not_applicable comment=matched merchant read with relation purpose=matched benchmark read auditReason= tracePath=[0:OPERATION:Merchant=query -> 1:REQUEST:Merchant= -> 2:PROVIDER:postgresql= -> 3:SQL:select=] mutationLineage=[]
SQL: -- TeaQL PLAIN
SELECT id, name, code, external_id AS externalId, task_life_hours AS taskLifeHours, version, platform FROM merchant_data WHERE (version > 0) AND (external_id = 'matched-merchant') LIMIT 1000 OFFSET 0
[TeaQL SQL][query][235us] 1 rows returned outcome=success batchOutcome=not_applicable comment=matched merchant read with relation purpose=matched benchmark read auditReason= tracePath=[0:OPERATION:Merchant=query -> 1:REQUEST:Merchant= -> 2:RELATION:platform=Merchant.platform -> 3:PROVIDER:postgresql= -> 4:SQL:select=] mutationLineage=[]
SQL: -- TeaQL PLAIN
SELECT id, create_time AS createTime, last_update_time AS lastUpdateTime, name, version FROM platform_data WHERE (version > 0) AND (id = 1) LIMIT 1 OFFSET 0
[TeaQL SQL][query][309us] 1 rows returned outcome=success batchOutcome=not_applicable comment=matched merchant read with relation purpose=matched benchmark read auditReason= tracePath=[0:OPERATION:Merchant=query -> 1:REQUEST:Merchant= -> 2:PROVIDER:postgresql= -> 3:SQL:select=] mutationLineage=[]
SQL: -- TeaQL PLAIN
SELECT id, name, code, external_id AS externalId, task_life_hours AS taskLifeHours, version, platform FROM merchant_data WHERE (version > 0) AND (external_id = 'matched-merchant') LIMIT 1000 OFFSET 0
[TeaQL SQL][query][256us] 1 rows returned outcome=success batchOutcome=not_applicable comment=matched merchant read with relation purpose=matched benchmark read auditReason= tracePath=[0:OPERATION:Merchant=query -> 1:REQUEST:Merchant= -> 2:RELATION:platform=Merchant.platform -> 3:PROVIDER:postgresql= -> 4:SQL:select=] mutationLineage=[]
SQL: -- TeaQL PLAIN
SELECT id, create_time AS createTime, last_update_time AS lastUpdateTime, name, version FROM platform_data WHERE (version > 0) AND (id = 1) LIMIT 1 OFFSET 0
[TeaQL SQL][query][258us] 1 rows returned outcome=success batchOutcome=not_applicable comment=matched merchant read with relation purpose=matched benchmark read auditReason= tracePath=[0:OPERATION:Merchant=query -> 1:REQUEST:Merchant= -> 2:PROVIDER:postgresql= -> 3:SQL:select=] mutationLineage=[]
SQL: -- TeaQL PLAIN
SELECT id, name, code, external_id AS externalId, task_life_hours AS taskLifeHours, version, platform FROM merchant_data WHERE (version > 0) AND (external_id = 'matched-merchant') LIMIT 1000 OFFSET 0
[TeaQL SQL][query][204us] 1 rows returned outcome=success batchOutcome=not_applicable comment=matched merchant read with relation purpose=matched benchmark read auditReason= tracePath=[0:OPERATION:Merchant=query -> 1:REQUEST:Merchant= -> 2:RELATION:platform=Merchant.platform -> 3:PROVIDER:postgresql= -> 4:SQL:select=] mutationLineage=[]
SQL: -- TeaQL PLAIN
SELECT id, create_time AS createTime, last_update_time AS lastUpdateTime, name, version FROM platform_data WHERE (version > 0) AND (id = 1) LIMIT 1 OFFSET 0
[TeaQL SQL][query][279us] 1 rows returned outcome=success batchOutcome=not_applicable comment=matched merchant read with relation purpose=matched benchmark read auditReason= tracePath=[0:OPERATION:Merchant=query -> 1:REQUEST:Merchant= -> 2:PROVIDER:postgresql= -> 3:SQL:select=] mutationLineage=[]
SQL: -- TeaQL PLAIN
SELECT id, name, code, external_id AS externalId, task_life_hours AS taskLifeHours, version, platform FROM merchant_data WHERE (version > 0) AND (external_id = 'matched-merchant') LIMIT 1000 OFFSET 0
[TeaQL SQL][query][236us] 1 rows returned outcome=success batchOutcome=not_applicable comment=matched merchant read with relation purpose=matched benchmark read auditReason= tracePath=[0:OPERATION:Merchant=query -> 1:REQUEST:Merchant= -> 2:RELATION:platform=Merchant.platform -> 3:PROVIDER:postgresql= -> 4:SQL:select=] mutationLineage=[]
SQL: -- TeaQL PLAIN
SELECT id, create_time AS createTime, last_update_time AS lastUpdateTime, name, version FROM platform_data WHERE (version > 0) AND (id = 1) LIMIT 1 OFFSET 0
[TeaQL SQL][query][350us] 1 rows returned outcome=success batchOutcome=not_applicable comment=matched merchant read with relation purpose=matched benchmark read auditReason= tracePath=[0:OPERATION:Merchant=query -> 1:REQUEST:Merchant= -> 2:PROVIDER:postgresql= -> 3:SQL:select=] mutationLineage=[]
SQL: -- TeaQL PLAIN
SELECT id, name, code, external_id AS externalId, task_life_hours AS taskLifeHours, version, platform FROM merchant_data WHERE (version > 0) AND (external_id = 'matched-merchant') LIMIT 1000 OFFSET 0
[TeaQL SQL][query][350us] 1 rows returned outcome=success batchOutcome=not_applicable comment=matched merchant read with relation purpose=matched benchmark read auditReason= tracePath=[0:OPERATION:Merchant=query -> 1:REQUEST:Merchant= -> 2:PROVIDER:postgresql= -> 3:SQL:select=] mutationLineage=[]
SQL: -- TeaQL PLAIN
SELECT id, name, code, external_id AS externalId, task_life_hours AS taskLifeHours, version, platform FROM merchant_data WHERE (version > 0) AND (external_id = 'matched-merchant') LIMIT 1000 OFFSET 0
[TeaQL SQL][query][274us] 1 rows returned outcome=success batchOutcome=not_applicable comment=matched merchant read with relation purpose=matched benchmark read auditReason= tracePath=[0:OPERATION:Merchant=query -> 1:REQUEST:Merchant= -> 2:PROVIDER:postgresql= -> 3:SQL:select=] mutationLineage=[]
SQL: -- TeaQL PLAIN
SELECT id, name, code, external_id AS externalId, task_life_hours AS taskLifeHours, version, platform FROM merchant_data WHERE (version > 0) AND (external_id = 'matched-merchant') LIMIT 1000 OFFSET 0
[TeaQL SQL][query][282us] 1 rows returned outcome=success batchOutcome=not_applicable comment=matched merchant read with relation purpose=matched benchmark read auditReason= tracePath=[0:OPERATION:Merchant=query -> 1:REQUEST:Merchant= -> 2:RELATION:platform=Merchant.platform -> 3:PROVIDER:postgresql= -> 4:SQL:select=] mutationLineage=[]
SQL: -- TeaQL PLAIN
SELECT id, create_time AS createTime, last_update_time AS lastUpdateTime, name, version FROM platform_data WHERE (version > 0) AND (id = 1) LIMIT 1 OFFSET 0
[TeaQL SQL][query][282us] 1 rows returned outcome=success batchOutcome=not_applicable comment=matched merchant read with relation purpose=matched benchmark read auditReason= tracePath=[0:OPERATION:Merchant=query -> 1:REQUEST:Merchant= -> 2:RELATION:platform=Merchant.platform -> 3:PROVIDER:postgresql= -> 4:SQL:select=] mutationLineage=[]
SQL: -- TeaQL PLAIN
SELECT id, create_time AS createTime, last_update_time AS lastUpdateTime, name, version FROM platform_data WHERE (version > 0) AND (id = 1) LIMIT 1 OFFSET 0
[TeaQL SQL][query][228us] 1 rows returned outcome=success batchOutcome=not_applicable comment=matched merchant read with relation purpose=matched benchmark read auditReason= tracePath=[0:OPERATION:Merchant=query -> 1:REQUEST:Merchant= -> 2:RELATION:platform=Merchant.platform -> 3:PROVIDER:postgresql= -> 4:SQL:select=] mutationLineage=[]
SQL: -- TeaQL PLAIN
SELECT id, create_time AS createTime, last_update_time AS lastUpdateTime, name, version FROM platform_data WHERE (version > 0) AND (id = 1) LIMIT 1 OFFSET 0
[TeaQL SQL][query][294us] 1 rows returned outcome=success batchOutcome=not_applicable comment=matched merchant read with relation purpose=matched benchmark read auditReason= tracePath=[0:OPERATION:Merchant=query -> 1:REQUEST:Merchant= -> 2:PROVIDER:postgresql= -> 3:SQL:select=] mutationLineage=[]
SQL: -- TeaQL PLAIN
SELECT id, name, code, external_id AS externalId, task_life_hours AS taskLifeHours, version, platform FROM merchant_data WHERE (version > 0) AND (external_id = 'matched-merchant') LIMIT 1000 OFFSET 0
[TeaQL SQL][query][225us] 1 rows returned outcome=success batchOutcome=not_applicable comment=matched merchant read with relation purpose=matched benchmark read auditReason= tracePath=[0:OPERATION:Merchant=query -> 1:REQUEST:Merchant= -> 2:RELATION:platform=Merchant.platform -> 3:PROVIDER:postgresql= -> 4:SQL:select=] mutationLineage=[]
SQL: -- TeaQL PLAIN
SELECT id, create_time AS createTime, last_update_time AS lastUpdateTime, name, version FROM platform_data WHERE (version > 0) AND (id = 1) LIMIT 1 OFFSET 0
[TeaQL SQL][query][287us] 1 rows returned outcome=success batchOutcome=not_applicable comment=matched merchant read with relation purpose=matched benchmark read auditReason= tracePath=[0:OPERATION:Merchant=query -> 1:REQUEST:Merchant= -> 2:PROVIDER:postgresql= -> 3:SQL:select=] mutationLineage=[]
SQL: -- TeaQL PLAIN
SELECT id, name, code, external_id AS externalId, task_life_hours AS taskLifeHours, version, platform FROM merchant_data WHERE (version > 0) AND (external_id = 'matched-merchant') LIMIT 1000 OFFSET 0
[TeaQL SQL][query][234us] 1 rows returned outcome=success batchOutcome=not_applicable comment=matched merchant read with relation purpose=matched benchmark read auditReason= tracePath=[0:OPERATION:Merchant=query -> 1:REQUEST:Merchant= -> 2:RELATION:platform=Merchant.platform -> 3:PROVIDER:postgresql= -> 4:SQL:select=] mutationLineage=[]
SQL: -- TeaQL PLAIN
SELECT id, create_time AS createTime, last_update_time AS lastUpdateTime, name, version FROM platform_data WHERE (version > 0) AND (id = 1) LIMIT 1 OFFSET 0
[TeaQL SQL][query][283us] 1 rows returned outcome=success batchOutcome=not_applicable comment=matched merchant read with relation purpose=matched benchmark read auditReason= tracePath=[0:OPERATION:Merchant=query -> 1:REQUEST:Merchant= -> 2:PROVIDER:postgresql= -> 3:SQL:select=] mutationLineage=[]
SQL: -- TeaQL PLAIN
SELECT id, name, code, external_id AS externalId, task_life_hours AS taskLifeHours, version, platform FROM merchant_data WHERE (version > 0) AND (external_id = 'matched-merchant') LIMIT 1000 OFFSET 0
[TeaQL SQL][query][256us] 1 rows returned outcome=success batchOutcome=not_applicable comment=matched merchant read with relation purpose=matched benchmark read auditReason= tracePath=[0:OPERATION:Merchant=query -> 1:REQUEST:Merchant= -> 2:PROVIDER:postgresql= -> 3:SQL:select=] mutationLineage=[]
SQL: -- TeaQL PLAIN
SELECT id, name, code, external_id AS externalId, task_life_hours AS taskLifeHours, version, platform FROM merchant_data WHERE (version > 0) AND (external_id = 'matched-merchant') LIMIT 1000 OFFSET 0
[TeaQL SQL][query][266us] 1 rows returned outcome=success batchOutcome=not_applicable comment=matched merchant read with relation purpose=matched benchmark read auditReason= tracePath=[0:OPERATION:Merchant=query -> 1:REQUEST:Merchant= -> 2:RELATION:platform=Merchant.platform -> 3:PROVIDER:postgresql= -> 4:SQL:select=] mutationLineage=[]
SQL: -- TeaQL PLAIN
SELECT id, create_time AS createTime, last_update_time AS lastUpdateTime, name, version FROM platform_data WHERE (version > 0) AND (id = 1) LIMIT 1 OFFSET 0
[TeaQL SQL][query][278us] 1 rows returned outcome=success batchOutcome=not_applicable comment=matched merchant read with relation purpose=matched benchmark read auditReason= tracePath=[0:OPERATION:Merchant=query -> 1:REQUEST:Merchant= -> 2:RELATION:platform=Merchant.platform -> 3:PROVIDER:postgresql= -> 4:SQL:select=] mutationLineage=[]
SQL: -- TeaQL PLAIN
SELECT id, create_time AS createTime, last_update_time AS lastUpdateTime, name, version FROM platform_data WHERE (version > 0) AND (id = 1) LIMIT 1 OFFSET 0
[TeaQL SQL][query][347us] 1 rows returned outcome=success batchOutcome=not_applicable comment=matched merchant read with relation purpose=matched benchmark read auditReason= tracePath=[0:OPERATION:Merchant=query -> 1:REQUEST:Merchant= -> 2:PROVIDER:postgresql= -> 3:SQL:select=] mutationLineage=[]
SQL: -- TeaQL PLAIN
SELECT id, name, code, external_id AS externalId, task_life_hours AS taskLifeHours, version, platform FROM merchant_data WHERE (version > 0) AND (external_id = 'matched-merchant') LIMIT 1000 OFFSET 0
[TeaQL SQL][query][250us] 1 rows returned outcome=success batchOutcome=not_applicable comment=matched merchant read with relation purpose=matched benchmark read auditReason= tracePath=[0:OPERATION:Merchant=query -> 1:REQUEST:Merchant= -> 2:PROVIDER:postgresql= -> 3:SQL:select=] mutationLineage=[]
SQL: -- TeaQL PLAIN
SELECT id, name, code, external_id AS externalId, task_life_hours AS taskLifeHours, version, platform FROM merchant_data WHERE (version > 0) AND (external_id = 'matched-merchant') LIMIT 1000 OFFSET 0
[TeaQL SQL][query][251us] 1 rows returned outcome=success batchOutcome=not_applicable comment=matched merchant read with relation purpose=matched benchmark read auditReason= tracePath=[0:OPERATION:Merchant=query -> 1:REQUEST:Merchant= -> 2:RELATION:platform=Merchant.platform -> 3:PROVIDER:postgresql= -> 4:SQL:select=] mutationLineage=[]
SQL: -- TeaQL PLAIN
SELECT id, create_time AS createTime, last_update_time AS lastUpdateTime, name, version FROM platform_data WHERE (version > 0) AND (id = 1) LIMIT 1 OFFSET 0
[TeaQL SQL][query][291us] 1 rows returned outcome=success batchOutcome=not_applicable comment=matched merchant read with relation purpose=matched benchmark read auditReason= tracePath=[0:OPERATION:Merchant=query -> 1:REQUEST:Merchant= -> 2:RELATION:platform=Merchant.platform -> 3:PROVIDER:postgresql= -> 4:SQL:select=] mutationLineage=[]
SQL: -- TeaQL PLAIN
SELECT id, create_time AS createTime, last_update_time AS lastUpdateTime, name, version FROM platform_data WHERE (version > 0) AND (id = 1) LIMIT 1 OFFSET 0
[TeaQL SQL][query][419us] 1 rows returned outcome=success batchOutcome=not_applicable comment=matched merchant read with relation purpose=matched benchmark read auditReason= tracePath=[0:OPERATION:Merchant=query -> 1:REQUEST:Merchant= -> 2:PROVIDER:postgresql= -> 3:SQL:select=] mutationLineage=[]
SQL: -- TeaQL PLAIN
SELECT id, name, code, external_id AS externalId, task_life_hours AS taskLifeHours, version, platform FROM merchant_data WHERE (version > 0) AND (external_id = 'matched-merchant') LIMIT 1000 OFFSET 0
[TeaQL SQL][query][263us] 1 rows returned outcome=success batchOutcome=not_applicable comment=matched merchant read with relation purpose=matched benchmark read auditReason= tracePath=[0:OPERATION:Merchant=query -> 1:REQUEST:Merchant= -> 2:RELATION:platform=Merchant.platform -> 3:PROVIDER:postgresql= -> 4:SQL:select=] mutationLineage=[]
SQL: -- TeaQL PLAIN
SELECT id, create_time AS createTime, last_update_time AS lastUpdateTime, name, version FROM platform_data WHERE (version > 0) AND (id = 1) LIMIT 1 OFFSET 0
[TeaQL SQL][query][379us] 1 rows returned outcome=success batchOutcome=not_applicable comment=matched merchant read with relation purpose=matched benchmark read auditReason= tracePath=[0:OPERATION:Merchant=query -> 1:REQUEST:Merchant= -> 2:PROVIDER:postgresql= -> 3:SQL:select=] mutationLineage=[]
SQL: -- TeaQL PLAIN
SELECT id, name, code, external_id AS externalId, task_life_hours AS taskLifeHours, version, platform FROM merchant_data WHERE (version > 0) AND (external_id = 'matched-merchant') LIMIT 1000 OFFSET 0
[TeaQL SQL][query][379us] 1 rows returned outcome=success batchOutcome=not_applicable comment=matched merchant read with relation purpose=matched benchmark read auditReason= tracePath=[0:OPERATION:Merchant=query -> 1:REQUEST:Merchant= -> 2:PROVIDER:postgresql= -> 3:SQL:select=] mutationLineage=[]
SQL: -- TeaQL PLAIN
SELECT id, name, code, external_id AS externalId, task_life_hours AS taskLifeHours, version, platform FROM merchant_data WHERE (version > 0) AND (external_id = 'matched-merchant') LIMIT 1000 OFFSET 0
[TeaQL SQL][query][246us] 1 rows returned outcome=success batchOutcome=not_applicable comment=matched merchant read with relation purpose=matched benchmark read auditReason= tracePath=[0:OPERATION:Merchant=query -> 1:REQUEST:Merchant= -> 2:RELATION:platform=Merchant.platform -> 3:PROVIDER:postgresql= -> 4:SQL:select=] mutationLineage=[]
SQL: -- TeaQL PLAIN
SELECT id, create_time AS createTime, last_update_time AS lastUpdateTime, name, version FROM platform_data WHERE (version > 0) AND (id = 1) LIMIT 1 OFFSET 0
[TeaQL SQL][query][269us] 1 rows returned outcome=success batchOutcome=not_applicable comment=matched merchant read with relation purpose=matched benchmark read auditReason= tracePath=[0:OPERATION:Merchant=query -> 1:REQUEST:Merchant= -> 2:RELATION:platform=Merchant.platform -> 3:PROVIDER:postgresql= -> 4:SQL:select=] mutationLineage=[]
SQL: -- TeaQL PLAIN
SELECT id, create_time AS createTime, last_update_time AS lastUpdateTime, name, version FROM platform_data WHERE (version > 0) AND (id = 1) LIMIT 1 OFFSET 0
[TeaQL SQL][query][270us] 1 rows returned outcome=success batchOutcome=not_applicable comment=matched merchant read with relation purpose=matched benchmark read auditReason= tracePath=[0:OPERATION:Merchant=query -> 1:REQUEST:Merchant= -> 2:PROVIDER:postgresql= -> 3:SQL:select=] mutationLineage=[]
SQL: -- TeaQL PLAIN
SELECT id, name, code, external_id AS externalId, task_life_hours AS taskLifeHours, version, platform FROM merchant_data WHERE (version > 0) AND (external_id = 'matched-merchant') LIMIT 1000 OFFSET 0
[TeaQL SQL][query][207us] 1 rows returned outcome=success batchOutcome=not_applicable comment=matched merchant read with relation purpose=matched benchmark read auditReason= tracePath=[0:OPERATION:Merchant=query -> 1:REQUEST:Merchant= -> 2:RELATION:platform=Merchant.platform -> 3:PROVIDER:postgresql= -> 4:SQL:select=] mutationLineage=[]
SQL: -- TeaQL PLAIN
SELECT id, create_time AS createTime, last_update_time AS lastUpdateTime, name, version FROM platform_data WHERE (version > 0) AND (id = 1) LIMIT 1 OFFSET 0
[TeaQL SQL][query][315us] 1 rows returned outcome=success batchOutcome=not_applicable comment=matched merchant read with relation purpose=matched benchmark read auditReason= tracePath=[0:OPERATION:Merchant=query -> 1:REQUEST:Merchant= -> 2:PROVIDER:postgresql= -> 3:SQL:select=] mutationLineage=[]
SQL: -- TeaQL PLAIN
SELECT id, name, code, external_id AS externalId, task_life_hours AS taskLifeHours, version, platform FROM merchant_data WHERE (version > 0) AND (external_id = 'matched-merchant') LIMIT 1000 OFFSET 0
[TeaQL SQL][query][273us] 1 rows returned outcome=success batchOutcome=not_applicable comment=matched merchant read with relation purpose=matched benchmark read auditReason= tracePath=[0:OPERATION:Merchant=query -> 1:REQUEST:Merchant= -> 2:RELATION:platform=Merchant.platform -> 3:PROVIDER:postgresql= -> 4:SQL:select=] mutationLineage=[]
SQL: -- TeaQL PLAIN
SELECT id, create_time AS createTime, last_update_time AS lastUpdateTime, name, version FROM platform_data WHERE (version > 0) AND (id = 1) LIMIT 1 OFFSET 0
[TeaQL SQL][query][428us] 1 rows returned outcome=success batchOutcome=not_applicable comment=matched merchant read with relation purpose=matched benchmark read auditReason= tracePath=[0:OPERATION:Merchant=query -> 1:REQUEST:Merchant= -> 2:PROVIDER:postgresql= -> 3:SQL:select=] mutationLineage=[]
SQL: -- TeaQL PLAIN
SELECT id, name, code, external_id AS externalId, task_life_hours AS taskLifeHours, version, platform FROM merchant_data WHERE (version > 0) AND (external_id = 'matched-merchant') LIMIT 1000 OFFSET 0
[TeaQL SQL][query][429us] 1 rows returned outcome=success batchOutcome=not_applicable comment=matched merchant read with relation purpose=matched benchmark read auditReason= tracePath=[0:OPERATION:Merchant=query -> 1:REQUEST:Merchant= -> 2:PROVIDER:postgresql= -> 3:SQL:select=] mutationLineage=[]
SQL: -- TeaQL PLAIN
SELECT id, name, code, external_id AS externalId, task_life_hours AS taskLifeHours, version, platform FROM merchant_data WHERE (version > 0) AND (external_id = 'matched-merchant') LIMIT 1000 OFFSET 0
[TeaQL SQL][query][429us] 1 rows returned outcome=success batchOutcome=not_applicable comment=matched merchant read with relation purpose=matched benchmark read auditReason= tracePath=[0:OPERATION:Merchant=query -> 1:REQUEST:Merchant= -> 2:PROVIDER:postgresql= -> 3:SQL:select=] mutationLineage=[]
SQL: -- TeaQL PLAIN
SELECT id, name, code, external_id AS externalId, task_life_hours AS taskLifeHours, version, platform FROM merchant_data WHERE (version > 0) AND (external_id = 'matched-merchant') LIMIT 1000 OFFSET 0
[TeaQL SQL][query][289us] 1 rows returned outcome=success batchOutcome=not_applicable comment=matched merchant read with relation purpose=matched benchmark read auditReason= tracePath=[0:OPERATION:Merchant=query -> 1:REQUEST:Merchant= -> 2:RELATION:platform=Merchant.platform -> 3:PROVIDER:postgresql= -> 4:SQL:select=] mutationLineage=[]
SQL: -- TeaQL PLAIN
SELECT id, create_time AS createTime, last_update_time AS lastUpdateTime, name, version FROM platform_data WHERE (version > 0) AND (id = 1) LIMIT 1 OFFSET 0
[TeaQL SQL][query][221us] 1 rows returned outcome=success batchOutcome=not_applicable comment=matched merchant read with relation purpose=matched benchmark read auditReason= tracePath=[0:OPERATION:Merchant=query -> 1:REQUEST:Merchant= -> 2:RELATION:platform=Merchant.platform -> 3:PROVIDER:postgresql= -> 4:SQL:select=] mutationLineage=[]
SQL: -- TeaQL PLAIN
SELECT id, create_time AS createTime, last_update_time AS lastUpdateTime, name, version FROM platform_data WHERE (version > 0) AND (id = 1) LIMIT 1 OFFSET 0
[TeaQL SQL][query][266us] 1 rows returned outcome=success batchOutcome=not_applicable comment=matched merchant read with relation purpose=matched benchmark read auditReason= tracePath=[0:OPERATION:Merchant=query -> 1:REQUEST:Merchant= -> 2:RELATION:platform=Merchant.platform -> 3:PROVIDER:postgresql= -> 4:SQL:select=] mutationLineage=[]
SQL: -- TeaQL PLAIN
SELECT id, create_time AS createTime, last_update_time AS lastUpdateTime, name, version FROM platform_data WHERE (version > 0) AND (id = 1) LIMIT 1 OFFSET 0
[TeaQL SQL][query][400us] 1 rows returned outcome=success batchOutcome=not_applicable comment=matched merchant read with relation purpose=matched benchmark read auditReason= tracePath=[0:OPERATION:Merchant=query -> 1:REQUEST:Merchant= -> 2:PROVIDER:postgresql= -> 3:SQL:select=] mutationLineage=[]
SQL: -- TeaQL PLAIN
SELECT id, name, code, external_id AS externalId, task_life_hours AS taskLifeHours, version, platform FROM merchant_data WHERE (version > 0) AND (external_id = 'matched-merchant') LIMIT 1000 OFFSET 0
[TeaQL SQL][query][290us] 1 rows returned outcome=success batchOutcome=not_applicable comment=matched merchant read with relation purpose=matched benchmark read auditReason= tracePath=[0:OPERATION:Merchant=query -> 1:REQUEST:Merchant= -> 2:RELATION:platform=Merchant.platform -> 3:PROVIDER:postgresql= -> 4:SQL:select=] mutationLineage=[]
SQL: -- TeaQL PLAIN
SELECT id, create_time AS createTime, last_update_time AS lastUpdateTime, name, version FROM platform_data WHERE (version > 0) AND (id = 1) LIMIT 1 OFFSET 0
[TeaQL SQL][query][263us] 1 rows returned outcome=success batchOutcome=not_applicable comment=matched merchant read with relation purpose=matched benchmark read auditReason= tracePath=[0:OPERATION:Merchant=query -> 1:REQUEST:Merchant= -> 2:PROVIDER:postgresql= -> 3:SQL:select=] mutationLineage=[]
SQL: -- TeaQL PLAIN
SELECT id, name, code, external_id AS externalId, task_life_hours AS taskLifeHours, version, platform FROM merchant_data WHERE (version > 0) AND (external_id = 'matched-merchant') LIMIT 1000 OFFSET 0
[TeaQL SQL][query][242us] 1 rows returned outcome=success batchOutcome=not_applicable comment=matched merchant read with relation purpose=matched benchmark read auditReason= tracePath=[0:OPERATION:Merchant=query -> 1:REQUEST:Merchant= -> 2:RELATION:platform=Merchant.platform -> 3:PROVIDER:postgresql= -> 4:SQL:select=] mutationLineage=[]
SQL: -- TeaQL PLAIN
SELECT id, create_time AS createTime, last_update_time AS lastUpdateTime, name, version FROM platform_data WHERE (version > 0) AND (id = 1) LIMIT 1 OFFSET 0
[TeaQL SQL][query][391us] 1 rows returned outcome=success batchOutcome=not_applicable comment=matched merchant read with relation purpose=matched benchmark read auditReason= tracePath=[0:OPERATION:Merchant=query -> 1:REQUEST:Merchant= -> 2:PROVIDER:postgresql= -> 3:SQL:select=] mutationLineage=[]
SQL: -- TeaQL PLAIN
SELECT id, name, code, external_id AS externalId, task_life_hours AS taskLifeHours, version, platform FROM merchant_data WHERE (version > 0) AND (external_id = 'matched-merchant') LIMIT 1000 OFFSET 0
[TeaQL SQL][query][392us] 1 rows returned outcome=success batchOutcome=not_applicable comment=matched merchant read with relation purpose=matched benchmark read auditReason= tracePath=[0:OPERATION:Merchant=query -> 1:REQUEST:Merchant= -> 2:PROVIDER:postgresql= -> 3:SQL:select=] mutationLineage=[]
SQL: -- TeaQL PLAIN
SELECT id, name, code, external_id AS externalId, task_life_hours AS taskLifeHours, version, platform FROM merchant_data WHERE (version > 0) AND (external_id = 'matched-merchant') LIMIT 1000 OFFSET 0
[TeaQL SQL][query][247us] 1 rows returned outcome=success batchOutcome=not_applicable comment=matched merchant read with relation purpose=matched benchmark read auditReason= tracePath=[0:OPERATION:Merchant=query -> 1:REQUEST:Merchant= -> 2:RELATION:platform=Merchant.platform -> 3:PROVIDER:postgresql= -> 4:SQL:select=] mutationLineage=[]
SQL: -- TeaQL PLAIN
SELECT id, create_time AS createTime, last_update_time AS lastUpdateTime, name, version FROM platform_data WHERE (version > 0) AND (id = 1) LIMIT 1 OFFSET 0
[TeaQL SQL][query][283us] 1 rows returned outcome=success batchOutcome=not_applicable comment=matched merchant read with relation purpose=matched benchmark read auditReason= tracePath=[0:OPERATION:Merchant=query -> 1:REQUEST:Merchant= -> 2:RELATION:platform=Merchant.platform -> 3:PROVIDER:postgresql= -> 4:SQL:select=] mutationLineage=[]
SQL: -- TeaQL PLAIN
SELECT id, create_time AS createTime, last_update_time AS lastUpdateTime, name, version FROM platform_data WHERE (version > 0) AND (id = 1) LIMIT 1 OFFSET 0
[TeaQL SQL][query][338us] 1 rows returned outcome=success batchOutcome=not_applicable comment=matched merchant read with relation purpose=matched benchmark read auditReason= tracePath=[0:OPERATION:Merchant=query -> 1:REQUEST:Merchant= -> 2:PROVIDER:postgresql= -> 3:SQL:select=] mutationLineage=[]
SQL: -- TeaQL PLAIN
SELECT id, name, code, external_id AS externalId, task_life_hours AS taskLifeHours, version, platform FROM merchant_data WHERE (version > 0) AND (external_id = 'matched-merchant') LIMIT 1000 OFFSET 0
[TeaQL SQL][query][339us] 1 rows returned outcome=success batchOutcome=not_applicable comment=matched merchant read with relation purpose=matched benchmark read auditReason= tracePath=[0:OPERATION:Merchant=query -> 1:REQUEST:Merchant= -> 2:PROVIDER:postgresql= -> 3:SQL:select=] mutationLineage=[]
SQL: -- TeaQL PLAIN
SELECT id, name, code, external_id AS externalId, task_life_hours AS taskLifeHours, version, platform FROM merchant_data WHERE (version > 0) AND (external_id = 'matched-merchant') LIMIT 1000 OFFSET 0
[TeaQL SQL][query][210us] 1 rows returned outcome=success batchOutcome=not_applicable comment=matched merchant read with relation purpose=matched benchmark read auditReason= tracePath=[0:OPERATION:Merchant=query -> 1:REQUEST:Merchant= -> 2:RELATION:platform=Merchant.platform -> 3:PROVIDER:postgresql= -> 4:SQL:select=] mutationLineage=[]
SQL: -- TeaQL PLAIN
SELECT id, create_time AS createTime, last_update_time AS lastUpdateTime, name, version FROM platform_data WHERE (version > 0) AND (id = 1) LIMIT 1 OFFSET 0
[TeaQL SQL][query][214us] 1 rows returned outcome=success batchOutcome=not_applicable comment=matched merchant read with relation purpose=matched benchmark read auditReason= tracePath=[0:OPERATION:Merchant=query -> 1:REQUEST:Merchant= -> 2:RELATION:platform=Merchant.platform -> 3:PROVIDER:postgresql= -> 4:SQL:select=] mutationLineage=[]
SQL: -- TeaQL PLAIN
SELECT id, create_time AS createTime, last_update_time AS lastUpdateTime, name, version FROM platform_data WHERE (version > 0) AND (id = 1) LIMIT 1 OFFSET 0
[TeaQL SQL][query][268us] 1 rows returned outcome=success batchOutcome=not_applicable comment=matched merchant read with relation purpose=matched benchmark read auditReason= tracePath=[0:OPERATION:Merchant=query -> 1:REQUEST:Merchant= -> 2:PROVIDER:postgresql= -> 3:SQL:select=] mutationLineage=[]
SQL: -- TeaQL PLAIN
SELECT id, name, code, external_id AS externalId, task_life_hours AS taskLifeHours, version, platform FROM merchant_data WHERE (version > 0) AND (external_id = 'matched-merchant') LIMIT 1000 OFFSET 0
[TeaQL SQL][query][222us] 1 rows returned outcome=success batchOutcome=not_applicable comment=matched merchant read with relation purpose=matched benchmark read auditReason= tracePath=[0:OPERATION:Merchant=query -> 1:REQUEST:Merchant= -> 2:PROVIDER:postgresql= -> 3:SQL:select=] mutationLineage=[]
SQL: -- TeaQL PLAIN
SELECT id, name, code, external_id AS externalId, task_life_hours AS taskLifeHours, version, platform FROM merchant_data WHERE (version > 0) AND (external_id = 'matched-merchant') LIMIT 1000 OFFSET 0
[TeaQL SQL][query][228us] 1 rows returned outcome=success batchOutcome=not_applicable comment=matched merchant read with relation purpose=matched benchmark read auditReason= tracePath=[0:OPERATION:Merchant=query -> 1:REQUEST:Merchant= -> 2:RELATION:platform=Merchant.platform -> 3:PROVIDER:postgresql= -> 4:SQL:select=] mutationLineage=[]
SQL: -- TeaQL PLAIN
SELECT id, create_time AS createTime, last_update_time AS lastUpdateTime, name, version FROM platform_data WHERE (version > 0) AND (id = 1) LIMIT 1 OFFSET 0
[TeaQL SQL][query][255us] 1 rows returned outcome=success batchOutcome=not_applicable comment=matched merchant read with relation purpose=matched benchmark read auditReason= tracePath=[0:OPERATION:Merchant=query -> 1:REQUEST:Merchant= -> 2:RELATION:platform=Merchant.platform -> 3:PROVIDER:postgresql= -> 4:SQL:select=] mutationLineage=[]
SQL: -- TeaQL PLAIN
SELECT id, create_time AS createTime, last_update_time AS lastUpdateTime, name, version FROM platform_data WHERE (version > 0) AND (id = 1) LIMIT 1 OFFSET 0
[TeaQL SQL][query][285us] 1 rows returned outcome=success batchOutcome=not_applicable comment=matched merchant read with relation purpose=matched benchmark read auditReason= tracePath=[0:OPERATION:Merchant=query -> 1:REQUEST:Merchant= -> 2:PROVIDER:postgresql= -> 3:SQL:select=] mutationLineage=[]
SQL: -- TeaQL PLAIN
SELECT id, name, code, external_id AS externalId, task_life_hours AS taskLifeHours, version, platform FROM merchant_data WHERE (version > 0) AND (external_id = 'matched-merchant') LIMIT 1000 OFFSET 0
[TeaQL SQL][query][287us] 1 rows returned outcome=success batchOutcome=not_applicable comment=matched merchant read with relation purpose=matched benchmark read auditReason= tracePath=[0:OPERATION:Merchant=query -> 1:REQUEST:Merchant= -> 2:PROVIDER:postgresql= -> 3:SQL:select=] mutationLineage=[]
SQL: -- TeaQL PLAIN
SELECT id, name, code, external_id AS externalId, task_life_hours AS taskLifeHours, version, platform FROM merchant_data WHERE (version > 0) AND (external_id = 'matched-merchant') LIMIT 1000 OFFSET 0
[TeaQL SQL][query][209us] 1 rows returned outcome=success batchOutcome=not_applicable comment=matched merchant read with relation purpose=matched benchmark read auditReason= tracePath=[0:OPERATION:Merchant=query -> 1:REQUEST:Merchant= -> 2:RELATION:platform=Merchant.platform -> 3:PROVIDER:postgresql= -> 4:SQL:select=] mutationLineage=[]
SQL: -- TeaQL PLAIN
SELECT id, create_time AS createTime, last_update_time AS lastUpdateTime, name, version FROM platform_data WHERE (version > 0) AND (id = 1) LIMIT 1 OFFSET 0
[TeaQL SQL][query][218us] 1 rows returned outcome=success batchOutcome=not_applicable comment=matched merchant read with relation purpose=matched benchmark read auditReason= tracePath=[0:OPERATION:Merchant=query -> 1:REQUEST:Merchant= -> 2:RELATION:platform=Merchant.platform -> 3:PROVIDER:postgresql= -> 4:SQL:select=] mutationLineage=[]
SQL: -- TeaQL PLAIN
SELECT id, create_time AS createTime, last_update_time AS lastUpdateTime, name, version FROM platform_data WHERE (version > 0) AND (id = 1) LIMIT 1 OFFSET 0
[TeaQL SQL][query][422us] 1 rows returned outcome=success batchOutcome=not_applicable comment=matched merchant read with relation purpose=matched benchmark read auditReason= tracePath=[0:OPERATION:Merchant=query -> 1:REQUEST:Merchant= -> 2:PROVIDER:postgresql= -> 3:SQL:select=] mutationLineage=[]
SQL: -- TeaQL PLAIN
SELECT id, name, code, external_id AS externalId, task_life_hours AS taskLifeHours, version, platform FROM merchant_data WHERE (version > 0) AND (external_id = 'matched-merchant') LIMIT 1000 OFFSET 0
[TeaQL SQL][query][287us] 1 rows returned outcome=success batchOutcome=not_applicable comment=matched merchant read with relation purpose=matched benchmark read auditReason= tracePath=[0:OPERATION:Merchant=query -> 1:REQUEST:Merchant= -> 2:PROVIDER:postgresql= -> 3:SQL:select=] mutationLineage=[]
SQL: -- TeaQL PLAIN
SELECT id, name, code, external_id AS externalId, task_life_hours AS taskLifeHours, version, platform FROM merchant_data WHERE (version > 0) AND (external_id = 'matched-merchant') LIMIT 1000 OFFSET 0
[TeaQL SQL][query][270us] 1 rows returned outcome=success batchOutcome=not_applicable comment=matched merchant read with relation purpose=matched benchmark read auditReason= tracePath=[0:OPERATION:Merchant=query -> 1:REQUEST:Merchant= -> 2:RELATION:platform=Merchant.platform -> 3:PROVIDER:postgresql= -> 4:SQL:select=] mutationLineage=[]
SQL: -- TeaQL PLAIN
SELECT id, create_time AS createTime, last_update_time AS lastUpdateTime, name, version FROM platform_data WHERE (version > 0) AND (id = 1) LIMIT 1 OFFSET 0
[TeaQL SQL][query][233us] 1 rows returned outcome=success batchOutcome=not_applicable comment=matched merchant read with relation purpose=matched benchmark read auditReason= tracePath=[0:OPERATION:Merchant=query -> 1:REQUEST:Merchant= -> 2:RELATION:platform=Merchant.platform -> 3:PROVIDER:postgresql= -> 4:SQL:select=] mutationLineage=[]
SQL: -- TeaQL PLAIN
SELECT id, create_time AS createTime, last_update_time AS lastUpdateTime, name, version FROM platform_data WHERE (version > 0) AND (id = 1) LIMIT 1 OFFSET 0
[TeaQL SQL][query][426us] 1 rows returned outcome=success batchOutcome=not_applicable comment=matched merchant read with relation purpose=matched benchmark read auditReason= tracePath=[0:OPERATION:Merchant=query -> 1:REQUEST:Merchant= -> 2:PROVIDER:postgresql= -> 3:SQL:select=] mutationLineage=[]
SQL: -- TeaQL PLAIN
SELECT id, name, code, external_id AS externalId, task_life_hours AS taskLifeHours, version, platform FROM merchant_data WHERE (version > 0) AND (external_id = 'matched-merchant') LIMIT 1000 OFFSET 0
[TeaQL SQL][query][431us] 1 rows returned outcome=success batchOutcome=not_applicable comment=matched merchant read with relation purpose=matched benchmark read auditReason= tracePath=[0:OPERATION:Merchant=query -> 1:REQUEST:Merchant= -> 2:PROVIDER:postgresql= -> 3:SQL:select=] mutationLineage=[]
SQL: -- TeaQL PLAIN
SELECT id, name, code, external_id AS externalId, task_life_hours AS taskLifeHours, version, platform FROM merchant_data WHERE (version > 0) AND (external_id = 'matched-merchant') LIMIT 1000 OFFSET 0
[TeaQL SQL][query][285us] 1 rows returned outcome=success batchOutcome=not_applicable comment=matched merchant read with relation purpose=matched benchmark read auditReason= tracePath=[0:OPERATION:Merchant=query -> 1:REQUEST:Merchant= -> 2:RELATION:platform=Merchant.platform -> 3:PROVIDER:postgresql= -> 4:SQL:select=] mutationLineage=[]
SQL: -- TeaQL PLAIN
SELECT id, create_time AS createTime, last_update_time AS lastUpdateTime, name, version FROM platform_data WHERE (version > 0) AND (id = 1) LIMIT 1 OFFSET 0
[TeaQL SQL][query][229us] 1 rows returned outcome=success batchOutcome=not_applicable comment=matched merchant read with relation purpose=matched benchmark read auditReason= tracePath=[0:OPERATION:Merchant=query -> 1:REQUEST:Merchant= -> 2:RELATION:platform=Merchant.platform -> 3:PROVIDER:postgresql= -> 4:SQL:select=] mutationLineage=[]
SQL: -- TeaQL PLAIN
SELECT id, create_time AS createTime, last_update_time AS lastUpdateTime, name, version FROM platform_data WHERE (version > 0) AND (id = 1) LIMIT 1 OFFSET 0
[TeaQL SQL][query][192us] 1 rows returned outcome=success batchOutcome=not_applicable comment=matched merchant read with relation purpose=matched benchmark read auditReason= tracePath=[0:OPERATION:Merchant=query -> 1:REQUEST:Merchant= -> 2:PROVIDER:postgresql= -> 3:SQL:select=] mutationLineage=[]
SQL: -- TeaQL PLAIN
SELECT id, name, code, external_id AS externalId, task_life_hours AS taskLifeHours, version, platform FROM merchant_data WHERE (version > 0) AND (external_id = 'matched-merchant') LIMIT 1000 OFFSET 0
[TeaQL SQL][query][204us] 1 rows returned outcome=success batchOutcome=not_applicable comment=matched merchant read with relation purpose=matched benchmark read auditReason= tracePath=[0:OPERATION:Merchant=query -> 1:REQUEST:Merchant= -> 2:PROVIDER:postgresql= -> 3:SQL:select=] mutationLineage=[]
SQL: -- TeaQL PLAIN
SELECT id, name, code, external_id AS externalId, task_life_hours AS taskLifeHours, version, platform FROM merchant_data WHERE (version > 0) AND (external_id = 'matched-merchant') LIMIT 1000 OFFSET 0
[TeaQL SQL][query][217us] 1 rows returned outcome=success batchOutcome=not_applicable comment=matched merchant read with relation purpose=matched benchmark read auditReason= tracePath=[0:OPERATION:Merchant=query -> 1:REQUEST:Merchant= -> 2:RELATION:platform=Merchant.platform -> 3:PROVIDER:postgresql= -> 4:SQL:select=] mutationLineage=[]
SQL: -- TeaQL PLAIN
SELECT id, create_time AS createTime, last_update_time AS lastUpdateTime, name, version FROM platform_data WHERE (version > 0) AND (id = 1) LIMIT 1 OFFSET 0
[TeaQL SQL][query][209us] 1 rows returned outcome=success batchOutcome=not_applicable comment=matched merchant read with relation purpose=matched benchmark read auditReason= tracePath=[0:OPERATION:Merchant=query -> 1:REQUEST:Merchant= -> 2:RELATION:platform=Merchant.platform -> 3:PROVIDER:postgresql= -> 4:SQL:select=] mutationLineage=[]
SQL: -- TeaQL PLAIN
SELECT id, create_time AS createTime, last_update_time AS lastUpdateTime, name, version FROM platform_data WHERE (version > 0) AND (id = 1) LIMIT 1 OFFSET 0
[TeaQL SQL][query][347us] 1 rows returned outcome=success batchOutcome=not_applicable comment=matched merchant read with relation purpose=matched benchmark read auditReason= tracePath=[0:OPERATION:Merchant=query -> 1:REQUEST:Merchant= -> 2:PROVIDER:postgresql= -> 3:SQL:select=] mutationLineage=[]
SQL: -- TeaQL PLAIN
SELECT id, name, code, external_id AS externalId, task_life_hours AS taskLifeHours, version, platform FROM merchant_data WHERE (version > 0) AND (external_id = 'matched-merchant') LIMIT 1000 OFFSET 0
[TeaQL SQL][query][233us] 1 rows returned outcome=success batchOutcome=not_applicable comment=matched merchant read with relation purpose=matched benchmark read auditReason= tracePath=[0:OPERATION:Merchant=query -> 1:REQUEST:Merchant= -> 2:RELATION:platform=Merchant.platform -> 3:PROVIDER:postgresql= -> 4:SQL:select=] mutationLineage=[]
SQL: -- TeaQL PLAIN
SELECT id, create_time AS createTime, last_update_time AS lastUpdateTime, name, version FROM platform_data WHERE (version > 0) AND (id = 1) LIMIT 1 OFFSET 0
[TeaQL SQL][query][396us] 1 rows returned outcome=success batchOutcome=not_applicable comment=matched merchant read with relation purpose=matched benchmark read auditReason= tracePath=[0:OPERATION:Merchant=query -> 1:REQUEST:Merchant= -> 2:PROVIDER:postgresql= -> 3:SQL:select=] mutationLineage=[]
SQL: -- TeaQL PLAIN
SELECT id, name, code, external_id AS externalId, task_life_hours AS taskLifeHours, version, platform FROM merchant_data WHERE (version > 0) AND (external_id = 'matched-merchant') LIMIT 1000 OFFSET 0
[TeaQL SQL][query][292us] 1 rows returned outcome=success batchOutcome=not_applicable comment=matched merchant read with relation purpose=matched benchmark read auditReason= tracePath=[0:OPERATION:Merchant=query -> 1:REQUEST:Merchant= -> 2:RELATION:platform=Merchant.platform -> 3:PROVIDER:postgresql= -> 4:SQL:select=] mutationLineage=[]
SQL: -- TeaQL PLAIN
SELECT id, create_time AS createTime, last_update_time AS lastUpdateTime, name, version FROM platform_data WHERE (version > 0) AND (id = 1) LIMIT 1 OFFSET 0
[TeaQL SQL][query][485us] 1 rows returned outcome=success batchOutcome=not_applicable comment=matched merchant read with relation purpose=matched benchmark read auditReason= tracePath=[0:OPERATION:Merchant=query -> 1:REQUEST:Merchant= -> 2:PROVIDER:postgresql= -> 3:SQL:select=] mutationLineage=[]
SQL: -- TeaQL PLAIN
SELECT id, name, code, external_id AS externalId, task_life_hours AS taskLifeHours, version, platform FROM merchant_data WHERE (version > 0) AND (external_id = 'matched-merchant') LIMIT 1000 OFFSET 0
[TeaQL SQL][query][485us] 1 rows returned outcome=success batchOutcome=not_applicable comment=matched merchant read with relation purpose=matched benchmark read auditReason= tracePath=[0:OPERATION:Merchant=query -> 1:REQUEST:Merchant= -> 2:PROVIDER:postgresql= -> 3:SQL:select=] mutationLineage=[]
SQL: -- TeaQL PLAIN
SELECT id, name, code, external_id AS externalId, task_life_hours AS taskLifeHours, version, platform FROM merchant_data WHERE (version > 0) AND (external_id = 'matched-merchant') LIMIT 1000 OFFSET 0
[TeaQL SQL][query][484us] 1 rows returned outcome=success batchOutcome=not_applicable comment=matched merchant read with relation purpose=matched benchmark read auditReason= tracePath=[0:OPERATION:Merchant=query -> 1:REQUEST:Merchant= -> 2:PROVIDER:postgresql= -> 3:SQL:select=] mutationLineage=[]
SQL: -- TeaQL PLAIN
SELECT id, name, code, external_id AS externalId, task_life_hours AS taskLifeHours, version, platform FROM merchant_data WHERE (version > 0) AND (external_id = 'matched-merchant') LIMIT 1000 OFFSET 0
[TeaQL SQL][query][248us] 1 rows returned outcome=success batchOutcome=not_applicable comment=matched merchant read with relation purpose=matched benchmark read auditReason= tracePath=[0:OPERATION:Merchant=query -> 1:REQUEST:Merchant= -> 2:RELATION:platform=Merchant.platform -> 3:PROVIDER:postgresql= -> 4:SQL:select=] mutationLineage=[]
SQL: -- TeaQL PLAIN
SELECT id, create_time AS createTime, last_update_time AS lastUpdateTime, name, version FROM platform_data WHERE (version > 0) AND (id = 1) LIMIT 1 OFFSET 0
[TeaQL SQL][query][222us] 1 rows returned outcome=success batchOutcome=not_applicable comment=matched merchant read with relation purpose=matched benchmark read auditReason= tracePath=[0:OPERATION:Merchant=query -> 1:REQUEST:Merchant= -> 2:RELATION:platform=Merchant.platform -> 3:PROVIDER:postgresql= -> 4:SQL:select=] mutationLineage=[]
SQL: -- TeaQL PLAIN
SELECT id, create_time AS createTime, last_update_time AS lastUpdateTime, name, version FROM platform_data WHERE (version > 0) AND (id = 1) LIMIT 1 OFFSET 0
[TeaQL SQL][query][230us] 1 rows returned outcome=success batchOutcome=not_applicable comment=matched merchant read with relation purpose=matched benchmark read auditReason= tracePath=[0:OPERATION:Merchant=query -> 1:REQUEST:Merchant= -> 2:RELATION:platform=Merchant.platform -> 3:PROVIDER:postgresql= -> 4:SQL:select=] mutationLineage=[]
SQL: -- TeaQL PLAIN
SELECT id, create_time AS createTime, last_update_time AS lastUpdateTime, name, version FROM platform_data WHERE (version > 0) AND (id = 1) LIMIT 1 OFFSET 0
[TeaQL SQL][query][302us] 1 rows returned outcome=success batchOutcome=not_applicable comment=matched merchant read with relation purpose=matched benchmark read auditReason= tracePath=[0:OPERATION:Merchant=query -> 1:REQUEST:Merchant= -> 2:PROVIDER:postgresql= -> 3:SQL:select=] mutationLineage=[]
SQL: -- TeaQL PLAIN
SELECT id, name, code, external_id AS externalId, task_life_hours AS taskLifeHours, version, platform FROM merchant_data WHERE (version > 0) AND (external_id = 'matched-merchant') LIMIT 1000 OFFSET 0
[TeaQL SQL][query][233us] 1 rows returned outcome=success batchOutcome=not_applicable comment=matched merchant read with relation purpose=matched benchmark read auditReason= tracePath=[0:OPERATION:Merchant=query -> 1:REQUEST:Merchant= -> 2:RELATION:platform=Merchant.platform -> 3:PROVIDER:postgresql= -> 4:SQL:select=] mutationLineage=[]
SQL: -- TeaQL PLAIN
SELECT id, create_time AS createTime, last_update_time AS lastUpdateTime, name, version FROM platform_data WHERE (version > 0) AND (id = 1) LIMIT 1 OFFSET 0
[TeaQL SQL][query][261us] 1 rows returned outcome=success batchOutcome=not_applicable comment=matched merchant read with relation purpose=matched benchmark read auditReason= tracePath=[0:OPERATION:Merchant=query -> 1:REQUEST:Merchant= -> 2:PROVIDER:postgresql= -> 3:SQL:select=] mutationLineage=[]
SQL: -- TeaQL PLAIN
SELECT id, name, code, external_id AS externalId, task_life_hours AS taskLifeHours, version, platform FROM merchant_data WHERE (version > 0) AND (external_id = 'matched-merchant') LIMIT 1000 OFFSET 0
[TeaQL SQL][query][225us] 1 rows returned outcome=success batchOutcome=not_applicable comment=matched merchant read with relation purpose=matched benchmark read auditReason= tracePath=[0:OPERATION:Merchant=query -> 1:REQUEST:Merchant= -> 2:RELATION:platform=Merchant.platform -> 3:PROVIDER:postgresql= -> 4:SQL:select=] mutationLineage=[]
SQL: -- TeaQL PLAIN
SELECT id, create_time AS createTime, last_update_time AS lastUpdateTime, name, version FROM platform_data WHERE (version > 0) AND (id = 1) LIMIT 1 OFFSET 0
[TeaQL SQL][query][471us] 1 rows returned outcome=success batchOutcome=not_applicable comment=matched merchant read with relation purpose=matched benchmark read auditReason= tracePath=[0:OPERATION:Merchant=query -> 1:REQUEST:Merchant= -> 2:PROVIDER:postgresql= -> 3:SQL:select=] mutationLineage=[]
SQL: -- TeaQL PLAIN
SELECT id, name, code, external_id AS externalId, task_life_hours AS taskLifeHours, version, platform FROM merchant_data WHERE (version > 0) AND (external_id = 'matched-merchant') LIMIT 1000 OFFSET 0
[TeaQL SQL][query][280us] 1 rows returned outcome=success batchOutcome=not_applicable comment=matched merchant read with relation purpose=matched benchmark read auditReason= tracePath=[0:OPERATION:Merchant=query -> 1:REQUEST:Merchant= -> 2:PROVIDER:postgresql= -> 3:SQL:select=] mutationLineage=[]
SQL: -- TeaQL PLAIN
SELECT id, name, code, external_id AS externalId, task_life_hours AS taskLifeHours, version, platform FROM merchant_data WHERE (version > 0) AND (external_id = 'matched-merchant') LIMIT 1000 OFFSET 0
[TeaQL SQL][query][345us] 1 rows returned outcome=success batchOutcome=not_applicable comment=matched merchant read with relation purpose=matched benchmark read auditReason= tracePath=[0:OPERATION:Merchant=query -> 1:REQUEST:Merchant= -> 2:RELATION:platform=Merchant.platform -> 3:PROVIDER:postgresql= -> 4:SQL:select=] mutationLineage=[]
SQL: -- TeaQL PLAIN
SELECT id, create_time AS createTime, last_update_time AS lastUpdateTime, name, version FROM platform_data WHERE (version > 0) AND (id = 1) LIMIT 1 OFFSET 0
[TeaQL SQL][query][353us] 1 rows returned outcome=success batchOutcome=not_applicable comment=matched merchant read with relation purpose=matched benchmark read auditReason= tracePath=[0:OPERATION:Merchant=query -> 1:REQUEST:Merchant= -> 2:RELATION:platform=Merchant.platform -> 3:PROVIDER:postgresql= -> 4:SQL:select=] mutationLineage=[]
SQL: -- TeaQL PLAIN
SELECT id, create_time AS createTime, last_update_time AS lastUpdateTime, name, version FROM platform_data WHERE (version > 0) AND (id = 1) LIMIT 1 OFFSET 0
[TeaQL SQL][query][290us] 1 rows returned outcome=success batchOutcome=not_applicable comment=matched merchant read with relation purpose=matched benchmark read auditReason= tracePath=[0:OPERATION:Merchant=query -> 1:REQUEST:Merchant= -> 2:PROVIDER:postgresql= -> 3:SQL:select=] mutationLineage=[]
SQL: -- TeaQL PLAIN
SELECT id, name, code, external_id AS externalId, task_life_hours AS taskLifeHours, version, platform FROM merchant_data WHERE (version > 0) AND (external_id = 'matched-merchant') LIMIT 1000 OFFSET 0
[TeaQL SQL][query][223us] 1 rows returned outcome=success batchOutcome=not_applicable comment=matched merchant read with relation purpose=matched benchmark read auditReason= tracePath=[0:OPERATION:Merchant=query -> 1:REQUEST:Merchant= -> 2:RELATION:platform=Merchant.platform -> 3:PROVIDER:postgresql= -> 4:SQL:select=] mutationLineage=[]
SQL: -- TeaQL PLAIN
SELECT id, create_time AS createTime, last_update_time AS lastUpdateTime, name, version FROM platform_data WHERE (version > 0) AND (id = 1) LIMIT 1 OFFSET 0
[TeaQL SQL][query][302us] 1 rows returned outcome=success batchOutcome=not_applicable comment=matched merchant read with relation purpose=matched benchmark read auditReason= tracePath=[0:OPERATION:Merchant=query -> 1:REQUEST:Merchant= -> 2:PROVIDER:postgresql= -> 3:SQL:select=] mutationLineage=[]
SQL: -- TeaQL PLAIN
SELECT id, name, code, external_id AS externalId, task_life_hours AS taskLifeHours, version, platform FROM merchant_data WHERE (version > 0) AND (external_id = 'matched-merchant') LIMIT 1000 OFFSET 0
[TeaQL SQL][query][239us] 1 rows returned outcome=success batchOutcome=not_applicable comment=matched merchant read with relation purpose=matched benchmark read auditReason= tracePath=[0:OPERATION:Merchant=query -> 1:REQUEST:Merchant= -> 2:RELATION:platform=Merchant.platform -> 3:PROVIDER:postgresql= -> 4:SQL:select=] mutationLineage=[]
SQL: -- TeaQL PLAIN
SELECT id, create_time AS createTime, last_update_time AS lastUpdateTime, name, version FROM platform_data WHERE (version > 0) AND (id = 1) LIMIT 1 OFFSET 0
[TeaQL SQL][query][313us] 1 rows returned outcome=success batchOutcome=not_applicable comment=matched merchant read with relation purpose=matched benchmark read auditReason= tracePath=[0:OPERATION:Merchant=query -> 1:REQUEST:Merchant= -> 2:PROVIDER:postgresql= -> 3:SQL:select=] mutationLineage=[]
SQL: -- TeaQL PLAIN
SELECT id, name, code, external_id AS externalId, task_life_hours AS taskLifeHours, version, platform FROM merchant_data WHERE (version > 0) AND (external_id = 'matched-merchant') LIMIT 1000 OFFSET 0
[TeaQL SQL][query][302us] 1 rows returned outcome=success batchOutcome=not_applicable comment=matched merchant read with relation purpose=matched benchmark read auditReason= tracePath=[0:OPERATION:Merchant=query -> 1:REQUEST:Merchant= -> 2:PROVIDER:postgresql= -> 3:SQL:select=] mutationLineage=[]
SQL: -- TeaQL PLAIN
SELECT id, name, code, external_id AS externalId, task_life_hours AS taskLifeHours, version, platform FROM merchant_data WHERE (version > 0) AND (external_id = 'matched-merchant') LIMIT 1000 OFFSET 0
[TeaQL SQL][query][213us] 1 rows returned outcome=success batchOutcome=not_applicable comment=matched merchant read with relation purpose=matched benchmark read auditReason= tracePath=[0:OPERATION:Merchant=query -> 1:REQUEST:Merchant= -> 2:RELATION:platform=Merchant.platform -> 3:PROVIDER:postgresql= -> 4:SQL:select=] mutationLineage=[]
SQL: -- TeaQL PLAIN
SELECT id, create_time AS createTime, last_update_time AS lastUpdateTime, name, version FROM platform_data WHERE (version > 0) AND (id = 1) LIMIT 1 OFFSET 0
[TeaQL SQL][query][228us] 1 rows returned outcome=success batchOutcome=not_applicable comment=matched merchant read with relation purpose=matched benchmark read auditReason= tracePath=[0:OPERATION:Merchant=query -> 1:REQUEST:Merchant= -> 2:RELATION:platform=Merchant.platform -> 3:PROVIDER:postgresql= -> 4:SQL:select=] mutationLineage=[]
SQL: -- TeaQL PLAIN
SELECT id, create_time AS createTime, last_update_time AS lastUpdateTime, name, version FROM platform_data WHERE (version > 0) AND (id = 1) LIMIT 1 OFFSET 0
[TeaQL SQL][query][208us] 1 rows returned outcome=success batchOutcome=not_applicable comment=matched merchant read with relation purpose=matched benchmark read auditReason= tracePath=[0:OPERATION:Merchant=query -> 1:REQUEST:Merchant= -> 2:PROVIDER:postgresql= -> 3:SQL:select=] mutationLineage=[]
SQL: -- TeaQL PLAIN
SELECT id, name, code, external_id AS externalId, task_life_hours AS taskLifeHours, version, platform FROM merchant_data WHERE (version > 0) AND (external_id = 'matched-merchant') LIMIT 1000 OFFSET 0
[TeaQL SQL][query][195us] 1 rows returned outcome=success batchOutcome=not_applicable comment=matched merchant read with relation purpose=matched benchmark read auditReason= tracePath=[0:OPERATION:Merchant=query -> 1:REQUEST:Merchant= -> 2:RELATION:platform=Merchant.platform -> 3:PROVIDER:postgresql= -> 4:SQL:select=] mutationLineage=[]
SQL: -- TeaQL PLAIN
SELECT id, create_time AS createTime, last_update_time AS lastUpdateTime, name, version FROM platform_data WHERE (version > 0) AND (id = 1) LIMIT 1 OFFSET 0
[TeaQL SQL][query][273us] 1 rows returned outcome=success batchOutcome=not_applicable comment=matched merchant read with relation purpose=matched benchmark read auditReason= tracePath=[0:OPERATION:Merchant=query -> 1:REQUEST:Merchant= -> 2:PROVIDER:postgresql= -> 3:SQL:select=] mutationLineage=[]
SQL: -- TeaQL PLAIN
SELECT id, name, code, external_id AS externalId, task_life_hours AS taskLifeHours, version, platform FROM merchant_data WHERE (version > 0) AND (external_id = 'matched-merchant') LIMIT 1000 OFFSET 0
[TeaQL SQL][query][281us] 1 rows returned outcome=success batchOutcome=not_applicable comment=matched merchant read with relation purpose=matched benchmark read auditReason= tracePath=[0:OPERATION:Merchant=query -> 1:REQUEST:Merchant= -> 2:RELATION:platform=Merchant.platform -> 3:PROVIDER:postgresql= -> 4:SQL:select=] mutationLineage=[]
SQL: -- TeaQL PLAIN
SELECT id, create_time AS createTime, last_update_time AS lastUpdateTime, name, version FROM platform_data WHERE (version > 0) AND (id = 1) LIMIT 1 OFFSET 0
[TeaQL SQL][query][332us] 1 rows returned outcome=success batchOutcome=not_applicable comment=matched merchant read with relation purpose=matched benchmark read auditReason= tracePath=[0:OPERATION:Merchant=query -> 1:REQUEST:Merchant= -> 2:PROVIDER:postgresql= -> 3:SQL:select=] mutationLineage=[]
SQL: -- TeaQL PLAIN
SELECT id, name, code, external_id AS externalId, task_life_hours AS taskLifeHours, version, platform FROM merchant_data WHERE (version > 0) AND (external_id = 'matched-merchant') LIMIT 1000 OFFSET 0
[TeaQL SQL][query][748us] 1 rows returned outcome=success batchOutcome=not_applicable comment=matched merchant read with relation purpose=matched benchmark read auditReason= tracePath=[0:OPERATION:Merchant=query -> 1:REQUEST:Merchant= -> 2:PROVIDER:postgresql= -> 3:SQL:select=] mutationLineage=[]
SQL: -- TeaQL PLAIN
SELECT id, name, code, external_id AS externalId, task_life_hours AS taskLifeHours, version, platform FROM merchant_data WHERE (version > 0) AND (external_id = 'matched-merchant') LIMIT 1000 OFFSET 0
[TeaQL SQL][query][424us] 1 rows returned outcome=success batchOutcome=not_applicable comment=matched merchant read with relation purpose=matched benchmark read auditReason= tracePath=[0:OPERATION:Merchant=query -> 1:REQUEST:Merchant= -> 2:RELATION:platform=Merchant.platform -> 3:PROVIDER:postgresql= -> 4:SQL:select=] mutationLineage=[]
SQL: -- TeaQL PLAIN
SELECT id, create_time AS createTime, last_update_time AS lastUpdateTime, name, version FROM platform_data WHERE (version > 0) AND (id = 1) LIMIT 1 OFFSET 0
[TeaQL SQL][query][231us] 1 rows returned outcome=success batchOutcome=not_applicable comment=matched merchant read with relation purpose=matched benchmark read auditReason= tracePath=[0:OPERATION:Merchant=query -> 1:REQUEST:Merchant= -> 2:RELATION:platform=Merchant.platform -> 3:PROVIDER:postgresql= -> 4:SQL:select=] mutationLineage=[]
SQL: -- TeaQL PLAIN
SELECT id, create_time AS createTime, last_update_time AS lastUpdateTime, name, version FROM platform_data WHERE (version > 0) AND (id = 1) LIMIT 1 OFFSET 0
[TeaQL SQL][query][367us] 1 rows returned outcome=success batchOutcome=not_applicable comment=matched merchant read with relation purpose=matched benchmark read auditReason= tracePath=[0:OPERATION:Merchant=query -> 1:REQUEST:Merchant= -> 2:PROVIDER:postgresql= -> 3:SQL:select=] mutationLineage=[]
SQL: -- TeaQL PLAIN
SELECT id, name, code, external_id AS externalId, task_life_hours AS taskLifeHours, version, platform FROM merchant_data WHERE (version > 0) AND (external_id = 'matched-merchant') LIMIT 1000 OFFSET 0
[TeaQL SQL][query][256us] 1 rows returned outcome=success batchOutcome=not_applicable comment=matched merchant read with relation purpose=matched benchmark read auditReason= tracePath=[0:OPERATION:Merchant=query -> 1:REQUEST:Merchant= -> 2:RELATION:platform=Merchant.platform -> 3:PROVIDER:postgresql= -> 4:SQL:select=] mutationLineage=[]
SQL: -- TeaQL PLAIN
SELECT id, create_time AS createTime, last_update_time AS lastUpdateTime, name, version FROM platform_data WHERE (version > 0) AND (id = 1) LIMIT 1 OFFSET 0
[TeaQL SQL][query][283us] 1 rows returned outcome=success batchOutcome=not_applicable comment=matched merchant read with relation purpose=matched benchmark read auditReason= tracePath=[0:OPERATION:Merchant=query -> 1:REQUEST:Merchant= -> 2:PROVIDER:postgresql= -> 3:SQL:select=] mutationLineage=[]
SQL: -- TeaQL PLAIN
SELECT id, name, code, external_id AS externalId, task_life_hours AS taskLifeHours, version, platform FROM merchant_data WHERE (version > 0) AND (external_id = 'matched-merchant') LIMIT 1000 OFFSET 0
[TeaQL SQL][query][223us] 1 rows returned outcome=success batchOutcome=not_applicable comment=matched merchant read with relation purpose=matched benchmark read auditReason= tracePath=[0:OPERATION:Merchant=query -> 1:REQUEST:Merchant= -> 2:RELATION:platform=Merchant.platform -> 3:PROVIDER:postgresql= -> 4:SQL:select=] mutationLineage=[]
SQL: -- TeaQL PLAIN
SELECT id, create_time AS createTime, last_update_time AS lastUpdateTime, name, version FROM platform_data WHERE (version > 0) AND (id = 1) LIMIT 1 OFFSET 0
[TeaQL SQL][query][256us] 1 rows returned outcome=success batchOutcome=not_applicable comment=matched merchant read with relation purpose=matched benchmark read auditReason= tracePath=[0:OPERATION:Merchant=query -> 1:REQUEST:Merchant= -> 2:PROVIDER:postgresql= -> 3:SQL:select=] mutationLineage=[]
SQL: -- TeaQL PLAIN
SELECT id, name, code, external_id AS externalId, task_life_hours AS taskLifeHours, version, platform FROM merchant_data WHERE (version > 0) AND (external_id = 'matched-merchant') LIMIT 1000 OFFSET 0
[TeaQL SQL][query][277us] 1 rows returned outcome=success batchOutcome=not_applicable comment=matched merchant read with relation purpose=matched benchmark read auditReason= tracePath=[0:OPERATION:Merchant=query -> 1:REQUEST:Merchant= -> 2:RELATION:platform=Merchant.platform -> 3:PROVIDER:postgresql= -> 4:SQL:select=] mutationLineage=[]
SQL: -- TeaQL PLAIN
SELECT id, create_time AS createTime, last_update_time AS lastUpdateTime, name, version FROM platform_data WHERE (version > 0) AND (id = 1) LIMIT 1 OFFSET 0
[TeaQL SQL][query][362us] 1 rows returned outcome=success batchOutcome=not_applicable comment=matched merchant read with relation purpose=matched benchmark read auditReason= tracePath=[0:OPERATION:Merchant=query -> 1:REQUEST:Merchant= -> 2:PROVIDER:postgresql= -> 3:SQL:select=] mutationLineage=[]
SQL: -- TeaQL PLAIN
SELECT id, name, code, external_id AS externalId, task_life_hours AS taskLifeHours, version, platform FROM merchant_data WHERE (version > 0) AND (external_id = 'matched-merchant') LIMIT 1000 OFFSET 0
[TeaQL SQL][query][263us] 1 rows returned outcome=success batchOutcome=not_applicable comment=matched merchant read with relation purpose=matched benchmark read auditReason= tracePath=[0:OPERATION:Merchant=query -> 1:REQUEST:Merchant= -> 2:RELATION:platform=Merchant.platform -> 3:PROVIDER:postgresql= -> 4:SQL:select=] mutationLineage=[]
SQL: -- TeaQL PLAIN
SELECT id, create_time AS createTime, last_update_time AS lastUpdateTime, name, version FROM platform_data WHERE (version > 0) AND (id = 1) LIMIT 1 OFFSET 0
[TeaQL SQL][query][334us] 1 rows returned outcome=success batchOutcome=not_applicable comment=matched merchant read with relation purpose=matched benchmark read auditReason= tracePath=[0:OPERATION:Merchant=query -> 1:REQUEST:Merchant= -> 2:PROVIDER:postgresql= -> 3:SQL:select=] mutationLineage=[]
SQL: -- TeaQL PLAIN
SELECT id, name, code, external_id AS externalId, task_life_hours AS taskLifeHours, version, platform FROM merchant_data WHERE (version > 0) AND (external_id = 'matched-merchant') LIMIT 1000 OFFSET 0
[TeaQL SQL][query][270us] 1 rows returned outcome=success batchOutcome=not_applicable comment=matched merchant read with relation purpose=matched benchmark read auditReason= tracePath=[0:OPERATION:Merchant=query -> 1:REQUEST:Merchant= -> 2:RELATION:platform=Merchant.platform -> 3:PROVIDER:postgresql= -> 4:SQL:select=] mutationLineage=[]
SQL: -- TeaQL PLAIN
SELECT id, create_time AS createTime, last_update_time AS lastUpdateTime, name, version FROM platform_data WHERE (version > 0) AND (id = 1) LIMIT 1 OFFSET 0
[TeaQL SQL][query][845us] 1 rows returned outcome=success batchOutcome=not_applicable comment=matched update lookup purpose=matched benchmark write auditReason= tracePath=[0:OPERATION:Merchant=query -> 1:REQUEST:Merchant= -> 2:PROVIDER:postgresql= -> 3:SQL:select=] mutationLineage=[]
SQL: -- TeaQL PLAIN
SELECT id, name, code, external_id AS externalId, task_life_hours AS taskLifeHours, platform, version FROM merchant_data WHERE (version > 0) AND (external_id = 'matched-merchant') LIMIT 1000 OFFSET 0
[TeaQL SQL][mutation][639us] 1 rows affected outcome=success batchOutcome=not_applicable comment= purpose= auditReason=matched benchmark update tracePath=[0:OPERATION:Merchant=mutation -> 1:ENTITY:Merchant= -> 2:PROVIDER:postgresql= -> 3:SQL:update=] mutationLineage=[0:AUDIT_REASON:Merchant#1=matched benchmark update]
SQL: -- TeaQL PLAIN
UPDATE merchant_data SET task_life_hours = 49 , version = 1008 WHERE id = 1 AND version = 1007
[TeaQL SQL][query][420us] 1 rows returned outcome=success batchOutcome=not_applicable comment=matched benchmark update purpose=runtime: read authoritative persisted mutation result auditReason=matched benchmark update tracePath=[0:OPERATION:Merchant=query -> 1:REQUEST:Merchant= -> 2:PROVIDER:postgresql= -> 3:SQL:select=] mutationLineage=[0:AUDIT_REASON:Merchant#1=matched benchmark update]
SQL: -- TeaQL PLAIN
SELECT * FROM merchant_data WHERE id = 1
[TeaQL SQL][query][401us] 1 rows returned outcome=success batchOutcome=not_applicable comment=matched merchant read with relation purpose=matched benchmark read auditReason= tracePath=[0:OPERATION:Merchant=query -> 1:REQUEST:Merchant= -> 2:PROVIDER:postgresql= -> 3:SQL:select=] mutationLineage=[]
SQL: -- TeaQL PLAIN
SELECT id, name, code, external_id AS externalId, task_life_hours AS taskLifeHours, version, platform FROM merchant_data WHERE (version > 0) AND (external_id = 'matched-merchant') LIMIT 1000 OFFSET 0
[TeaQL SQL][query][327us] 1 rows returned outcome=success batchOutcome=not_applicable comment=matched merchant read with relation purpose=matched benchmark read auditReason= tracePath=[0:OPERATION:Merchant=query -> 1:REQUEST:Merchant= -> 2:RELATION:platform=Merchant.platform -> 3:PROVIDER:postgresql= -> 4:SQL:select=] mutationLineage=[]
SQL: -- TeaQL PLAIN
SELECT id, create_time AS createTime, last_update_time AS lastUpdateTime, name, version FROM platform_data WHERE (version > 0) AND (id = 1) LIMIT 1 OFFSET 0
[TeaQL SQL][query][751us] 1 rows returned outcome=success batchOutcome=not_applicable comment=matched update lookup purpose=matched benchmark write auditReason= tracePath=[0:OPERATION:Merchant=query -> 1:REQUEST:Merchant= -> 2:PROVIDER:postgresql= -> 3:SQL:select=] mutationLineage=[]
SQL: -- TeaQL PLAIN
SELECT id, name, code, external_id AS externalId, task_life_hours AS taskLifeHours, platform, version FROM merchant_data WHERE (version > 0) AND (external_id = 'matched-merchant') LIMIT 1000 OFFSET 0
[TeaQL SQL][mutation][684us] 1 rows affected outcome=success batchOutcome=not_applicable comment= purpose= auditReason=matched benchmark update tracePath=[0:OPERATION:Merchant=mutation -> 1:ENTITY:Merchant= -> 2:PROVIDER:postgresql= -> 3:SQL:update=] mutationLineage=[0:AUDIT_REASON:Merchant#1=matched benchmark update]
SQL: -- TeaQL PLAIN
UPDATE merchant_data SET task_life_hours = 48 , version = 1009 WHERE id = 1 AND version = 1008
[TeaQL SQL][query][494us] 1 rows returned outcome=success batchOutcome=not_applicable comment=matched benchmark update purpose=runtime: read authoritative persisted mutation result auditReason=matched benchmark update tracePath=[0:OPERATION:Merchant=query -> 1:REQUEST:Merchant= -> 2:PROVIDER:postgresql= -> 3:SQL:select=] mutationLineage=[0:AUDIT_REASON:Merchant#1=matched benchmark update]
SQL: -- TeaQL PLAIN
SELECT * FROM merchant_data WHERE id = 1
[TeaQL SQL][query][401us] 1 rows returned outcome=success batchOutcome=not_applicable comment=matched merchant read with relation purpose=matched benchmark read auditReason= tracePath=[0:OPERATION:Merchant=query -> 1:REQUEST:Merchant= -> 2:PROVIDER:postgresql= -> 3:SQL:select=] mutationLineage=[]
SQL: -- TeaQL PLAIN
SELECT id, name, code, external_id AS externalId, task_life_hours AS taskLifeHours, version, platform FROM merchant_data WHERE (version > 0) AND (external_id = 'matched-merchant') LIMIT 1000 OFFSET 0
[TeaQL SQL][query][286us] 1 rows returned outcome=success batchOutcome=not_applicable comment=matched merchant read with relation purpose=matched benchmark read auditReason= tracePath=[0:OPERATION:Merchant=query -> 1:REQUEST:Merchant= -> 2:RELATION:platform=Merchant.platform -> 3:PROVIDER:postgresql= -> 4:SQL:select=] mutationLineage=[]
SQL: -- TeaQL PLAIN
SELECT id, create_time AS createTime, last_update_time AS lastUpdateTime, name, version FROM platform_data WHERE (version > 0) AND (id = 1) LIMIT 1 OFFSET 0
[TeaQL SQL][query][653us] 1 rows returned outcome=success batchOutcome=not_applicable comment=matched update lookup purpose=matched benchmark write auditReason= tracePath=[0:OPERATION:Merchant=query -> 1:REQUEST:Merchant= -> 2:PROVIDER:postgresql= -> 3:SQL:select=] mutationLineage=[]
SQL: -- TeaQL PLAIN
SELECT id, name, code, external_id AS externalId, task_life_hours AS taskLifeHours, platform, version FROM merchant_data WHERE (version > 0) AND (external_id = 'matched-merchant') LIMIT 1000 OFFSET 0
[TeaQL SQL][mutation][531us] 1 rows affected outcome=success batchOutcome=not_applicable comment= purpose= auditReason=matched benchmark update tracePath=[0:OPERATION:Merchant=mutation -> 1:ENTITY:Merchant= -> 2:PROVIDER:postgresql= -> 3:SQL:update=] mutationLineage=[0:AUDIT_REASON:Merchant#1=matched benchmark update]
SQL: -- TeaQL PLAIN
UPDATE merchant_data SET task_life_hours = 49 , version = 1010 WHERE id = 1 AND version = 1009
[TeaQL SQL][query][367us] 1 rows returned outcome=success batchOutcome=not_applicable comment=matched benchmark update purpose=runtime: read authoritative persisted mutation result auditReason=matched benchmark update tracePath=[0:OPERATION:Merchant=query -> 1:REQUEST:Merchant= -> 2:PROVIDER:postgresql= -> 3:SQL:select=] mutationLineage=[0:AUDIT_REASON:Merchant#1=matched benchmark update]
SQL: -- TeaQL PLAIN
SELECT * FROM merchant_data WHERE id = 1
[TeaQL SQL][query][342us] 1 rows returned outcome=success batchOutcome=not_applicable comment=matched merchant read with relation purpose=matched benchmark read auditReason= tracePath=[0:OPERATION:Merchant=query -> 1:REQUEST:Merchant= -> 2:PROVIDER:postgresql= -> 3:SQL:select=] mutationLineage=[]
SQL: -- TeaQL PLAIN
SELECT id, name, code, external_id AS externalId, task_life_hours AS taskLifeHours, version, platform FROM merchant_data WHERE (version > 0) AND (external_id = 'matched-merchant') LIMIT 1000 OFFSET 0
[TeaQL SQL][query][232us] 1 rows returned outcome=success batchOutcome=not_applicable comment=matched merchant read with relation purpose=matched benchmark read auditReason= tracePath=[0:OPERATION:Merchant=query -> 1:REQUEST:Merchant= -> 2:RELATION:platform=Merchant.platform -> 3:PROVIDER:postgresql= -> 4:SQL:select=] mutationLineage=[]
SQL: -- TeaQL PLAIN
SELECT id, create_time AS createTime, last_update_time AS lastUpdateTime, name, version FROM platform_data WHERE (version > 0) AND (id = 1) LIMIT 1 OFFSET 0
[TeaQL SQL][query][451us] 1 rows returned outcome=success batchOutcome=not_applicable comment=matched update lookup purpose=matched benchmark write auditReason= tracePath=[0:OPERATION:Merchant=query -> 1:REQUEST:Merchant= -> 2:PROVIDER:postgresql= -> 3:SQL:select=] mutationLineage=[]
SQL: -- TeaQL PLAIN
SELECT id, name, code, external_id AS externalId, task_life_hours AS taskLifeHours, platform, version FROM merchant_data WHERE (version > 0) AND (external_id = 'matched-merchant') LIMIT 1000 OFFSET 0
[TeaQL SQL][mutation][367us] 1 rows affected outcome=success batchOutcome=not_applicable comment= purpose= auditReason=matched benchmark update tracePath=[0:OPERATION:Merchant=mutation -> 1:ENTITY:Merchant= -> 2:PROVIDER:postgresql= -> 3:SQL:update=] mutationLineage=[0:AUDIT_REASON:Merchant#1=matched benchmark update]
SQL: -- TeaQL PLAIN
UPDATE merchant_data SET task_life_hours = 48 , version = 1011 WHERE id = 1 AND version = 1010
[TeaQL SQL][query][300us] 1 rows returned outcome=success batchOutcome=not_applicable comment=matched benchmark update purpose=runtime: read authoritative persisted mutation result auditReason=matched benchmark update tracePath=[0:OPERATION:Merchant=query -> 1:REQUEST:Merchant= -> 2:PROVIDER:postgresql= -> 3:SQL:select=] mutationLineage=[0:AUDIT_REASON:Merchant#1=matched benchmark update]
SQL: -- TeaQL PLAIN
SELECT * FROM merchant_data WHERE id = 1
[TeaQL SQL][query][349us] 1 rows returned outcome=success batchOutcome=not_applicable comment=matched merchant read with relation purpose=matched benchmark read auditReason= tracePath=[0:OPERATION:Merchant=query -> 1:REQUEST:Merchant= -> 2:PROVIDER:postgresql= -> 3:SQL:select=] mutationLineage=[]
SQL: -- TeaQL PLAIN
SELECT id, name, code, external_id AS externalId, task_life_hours AS taskLifeHours, version, platform FROM merchant_data WHERE (version > 0) AND (external_id = 'matched-merchant') LIMIT 1000 OFFSET 0
[TeaQL SQL][query][328us] 1 rows returned outcome=success batchOutcome=not_applicable comment=matched merchant read with relation purpose=matched benchmark read auditReason= tracePath=[0:OPERATION:Merchant=query -> 1:REQUEST:Merchant= -> 2:RELATION:platform=Merchant.platform -> 3:PROVIDER:postgresql= -> 4:SQL:select=] mutationLineage=[]
SQL: -- TeaQL PLAIN
SELECT id, create_time AS createTime, last_update_time AS lastUpdateTime, name, version FROM platform_data WHERE (version > 0) AND (id = 1) LIMIT 1 OFFSET 0
[TeaQL SQL][query][822us] 1 rows returned outcome=success batchOutcome=not_applicable comment=matched update lookup purpose=matched benchmark write auditReason= tracePath=[0:OPERATION:Merchant=query -> 1:REQUEST:Merchant= -> 2:PROVIDER:postgresql= -> 3:SQL:select=] mutationLineage=[]
SQL: -- TeaQL PLAIN
SELECT id, name, code, external_id AS externalId, task_life_hours AS taskLifeHours, platform, version FROM merchant_data WHERE (version > 0) AND (external_id = 'matched-merchant') LIMIT 1000 OFFSET 0
[TeaQL SQL][mutation][438us] 1 rows affected outcome=success batchOutcome=not_applicable comment= purpose= auditReason=matched benchmark update tracePath=[0:OPERATION:Merchant=mutation -> 1:ENTITY:Merchant= -> 2:PROVIDER:postgresql= -> 3:SQL:update=] mutationLineage=[0:AUDIT_REASON:Merchant#1=matched benchmark update]
SQL: -- TeaQL PLAIN
UPDATE merchant_data SET task_life_hours = 49 , version = 1012 WHERE id = 1 AND version = 1011
[TeaQL SQL][query][462us] 1 rows returned outcome=success batchOutcome=not_applicable comment=matched benchmark update purpose=runtime: read authoritative persisted mutation result auditReason=matched benchmark update tracePath=[0:OPERATION:Merchant=query -> 1:REQUEST:Merchant= -> 2:PROVIDER:postgresql= -> 3:SQL:select=] mutationLineage=[0:AUDIT_REASON:Merchant#1=matched benchmark update]
SQL: -- TeaQL PLAIN
SELECT * FROM merchant_data WHERE id = 1
[TeaQL SQL][query][419us] 1 rows returned outcome=success batchOutcome=not_applicable comment=matched merchant read with relation purpose=matched benchmark read auditReason= tracePath=[0:OPERATION:Merchant=query -> 1:REQUEST:Merchant= -> 2:PROVIDER:postgresql= -> 3:SQL:select=] mutationLineage=[]
SQL: -- TeaQL PLAIN
SELECT id, name, code, external_id AS externalId, task_life_hours AS taskLifeHours, version, platform FROM merchant_data WHERE (version > 0) AND (external_id = 'matched-merchant') LIMIT 1000 OFFSET 0
[TeaQL SQL][query][387us] 1 rows returned outcome=success batchOutcome=not_applicable comment=matched merchant read with relation purpose=matched benchmark read auditReason= tracePath=[0:OPERATION:Merchant=query -> 1:REQUEST:Merchant= -> 2:RELATION:platform=Merchant.platform -> 3:PROVIDER:postgresql= -> 4:SQL:select=] mutationLineage=[]
SQL: -- TeaQL PLAIN
SELECT id, create_time AS createTime, last_update_time AS lastUpdateTime, name, version FROM platform_data WHERE (version > 0) AND (id = 1) LIMIT 1 OFFSET 0
[TeaQL SQL][query][598us] 1 rows returned outcome=success batchOutcome=not_applicable comment=matched update lookup purpose=matched benchmark write auditReason= tracePath=[0:OPERATION:Merchant=query -> 1:REQUEST:Merchant= -> 2:PROVIDER:postgresql= -> 3:SQL:select=] mutationLineage=[]
SQL: -- TeaQL PLAIN
SELECT id, name, code, external_id AS externalId, task_life_hours AS taskLifeHours, platform, version FROM merchant_data WHERE (version > 0) AND (external_id = 'matched-merchant') LIMIT 1000 OFFSET 0
[TeaQL SQL][mutation][496us] 1 rows affected outcome=success batchOutcome=not_applicable comment= purpose= auditReason=matched benchmark update tracePath=[0:OPERATION:Merchant=mutation -> 1:ENTITY:Merchant= -> 2:PROVIDER:postgresql= -> 3:SQL:update=] mutationLineage=[0:AUDIT_REASON:Merchant#1=matched benchmark update]
SQL: -- TeaQL PLAIN
UPDATE merchant_data SET task_life_hours = 48 , version = 1013 WHERE id = 1 AND version = 1012
[TeaQL SQL][query][396us] 1 rows returned outcome=success batchOutcome=not_applicable comment=matched benchmark update purpose=runtime: read authoritative persisted mutation result auditReason=matched benchmark update tracePath=[0:OPERATION:Merchant=query -> 1:REQUEST:Merchant= -> 2:PROVIDER:postgresql= -> 3:SQL:select=] mutationLineage=[0:AUDIT_REASON:Merchant#1=matched benchmark update]
SQL: -- TeaQL PLAIN
SELECT * FROM merchant_data WHERE id = 1
[TeaQL SQL][query][339us] 1 rows returned outcome=success batchOutcome=not_applicable comment=matched merchant read with relation purpose=matched benchmark read auditReason= tracePath=[0:OPERATION:Merchant=query -> 1:REQUEST:Merchant= -> 2:PROVIDER:postgresql= -> 3:SQL:select=] mutationLineage=[]
SQL: -- TeaQL PLAIN
SELECT id, name, code, external_id AS externalId, task_life_hours AS taskLifeHours, version, platform FROM merchant_data WHERE (version > 0) AND (external_id = 'matched-merchant') LIMIT 1000 OFFSET 0
[TeaQL SQL][query][306us] 1 rows returned outcome=success batchOutcome=not_applicable comment=matched merchant read with relation purpose=matched benchmark read auditReason= tracePath=[0:OPERATION:Merchant=query -> 1:REQUEST:Merchant= -> 2:RELATION:platform=Merchant.platform -> 3:PROVIDER:postgresql= -> 4:SQL:select=] mutationLineage=[]
SQL: -- TeaQL PLAIN
SELECT id, create_time AS createTime, last_update_time AS lastUpdateTime, name, version FROM platform_data WHERE (version > 0) AND (id = 1) LIMIT 1 OFFSET 0
[TeaQL SQL][query][667us] 1 rows returned outcome=success batchOutcome=not_applicable comment=matched update lookup purpose=matched benchmark write auditReason= tracePath=[0:OPERATION:Merchant=query -> 1:REQUEST:Merchant= -> 2:PROVIDER:postgresql= -> 3:SQL:select=] mutationLineage=[]
SQL: -- TeaQL PLAIN
SELECT id, name, code, external_id AS externalId, task_life_hours AS taskLifeHours, platform, version FROM merchant_data WHERE (version > 0) AND (external_id = 'matched-merchant') LIMIT 1000 OFFSET 0
[TeaQL SQL][mutation][526us] 1 rows affected outcome=success batchOutcome=not_applicable comment= purpose= auditReason=matched benchmark update tracePath=[0:OPERATION:Merchant=mutation -> 1:ENTITY:Merchant= -> 2:PROVIDER:postgresql= -> 3:SQL:update=] mutationLineage=[0:AUDIT_REASON:Merchant#1=matched benchmark update]
SQL: -- TeaQL PLAIN
UPDATE merchant_data SET task_life_hours = 49 , version = 1014 WHERE id = 1 AND version = 1013
[TeaQL SQL][query][405us] 1 rows returned outcome=success batchOutcome=not_applicable comment=matched benchmark update purpose=runtime: read authoritative persisted mutation result auditReason=matched benchmark update tracePath=[0:OPERATION:Merchant=query -> 1:REQUEST:Merchant= -> 2:PROVIDER:postgresql= -> 3:SQL:select=] mutationLineage=[0:AUDIT_REASON:Merchant#1=matched benchmark update]
SQL: -- TeaQL PLAIN
SELECT * FROM merchant_data WHERE id = 1
[TeaQL SQL][query][315us] 1 rows returned outcome=success batchOutcome=not_applicable comment=matched merchant read with relation purpose=matched benchmark read auditReason= tracePath=[0:OPERATION:Merchant=query -> 1:REQUEST:Merchant= -> 2:PROVIDER:postgresql= -> 3:SQL:select=] mutationLineage=[]
SQL: -- TeaQL PLAIN
SELECT id, name, code, external_id AS externalId, task_life_hours AS taskLifeHours, version, platform FROM merchant_data WHERE (version > 0) AND (external_id = 'matched-merchant') LIMIT 1000 OFFSET 0
[TeaQL SQL][query][261us] 1 rows returned outcome=success batchOutcome=not_applicable comment=matched merchant read with relation purpose=matched benchmark read auditReason= tracePath=[0:OPERATION:Merchant=query -> 1:REQUEST:Merchant= -> 2:RELATION:platform=Merchant.platform -> 3:PROVIDER:postgresql= -> 4:SQL:select=] mutationLineage=[]
SQL: -- TeaQL PLAIN
SELECT id, create_time AS createTime, last_update_time AS lastUpdateTime, name, version FROM platform_data WHERE (version > 0) AND (id = 1) LIMIT 1 OFFSET 0
[TeaQL SQL][query][407us] 1 rows returned outcome=success batchOutcome=not_applicable comment=matched update lookup purpose=matched benchmark write auditReason= tracePath=[0:OPERATION:Merchant=query -> 1:REQUEST:Merchant= -> 2:PROVIDER:postgresql= -> 3:SQL:select=] mutationLineage=[]
SQL: -- TeaQL PLAIN
SELECT id, name, code, external_id AS externalId, task_life_hours AS taskLifeHours, platform, version FROM merchant_data WHERE (version > 0) AND (external_id = 'matched-merchant') LIMIT 1000 OFFSET 0
[TeaQL SQL][mutation][362us] 1 rows affected outcome=success batchOutcome=not_applicable comment= purpose= auditReason=matched benchmark update tracePath=[0:OPERATION:Merchant=mutation -> 1:ENTITY:Merchant= -> 2:PROVIDER:postgresql= -> 3:SQL:update=] mutationLineage=[0:AUDIT_REASON:Merchant#1=matched benchmark update]
SQL: -- TeaQL PLAIN
UPDATE merchant_data SET task_life_hours = 48 , version = 1015 WHERE id = 1 AND version = 1014
[TeaQL SQL][query][268us] 1 rows returned outcome=success batchOutcome=not_applicable comment=matched benchmark update purpose=runtime: read authoritative persisted mutation result auditReason=matched benchmark update tracePath=[0:OPERATION:Merchant=query -> 1:REQUEST:Merchant= -> 2:PROVIDER:postgresql= -> 3:SQL:select=] mutationLineage=[0:AUDIT_REASON:Merchant#1=matched benchmark update]
SQL: -- TeaQL PLAIN
SELECT * FROM merchant_data WHERE id = 1
[TeaQL SQL][query][342us] 1 rows returned outcome=success batchOutcome=not_applicable comment=matched merchant read with relation purpose=matched benchmark read auditReason= tracePath=[0:OPERATION:Merchant=query -> 1:REQUEST:Merchant= -> 2:PROVIDER:postgresql= -> 3:SQL:select=] mutationLineage=[]
SQL: -- TeaQL PLAIN
SELECT id, name, code, external_id AS externalId, task_life_hours AS taskLifeHours, version, platform FROM merchant_data WHERE (version > 0) AND (external_id = 'matched-merchant') LIMIT 1000 OFFSET 0
[TeaQL SQL][query][355us] 1 rows returned outcome=success batchOutcome=not_applicable comment=matched merchant read with relation purpose=matched benchmark read auditReason= tracePath=[0:OPERATION:Merchant=query -> 1:REQUEST:Merchant= -> 2:RELATION:platform=Merchant.platform -> 3:PROVIDER:postgresql= -> 4:SQL:select=] mutationLineage=[]
SQL: -- TeaQL PLAIN
SELECT id, create_time AS createTime, last_update_time AS lastUpdateTime, name, version FROM platform_data WHERE (version > 0) AND (id = 1) LIMIT 1 OFFSET 0
[TeaQL SQL][query][658us] 1 rows returned outcome=success batchOutcome=not_applicable comment=matched update lookup purpose=matched benchmark write auditReason= tracePath=[0:OPERATION:Merchant=query -> 1:REQUEST:Merchant= -> 2:PROVIDER:postgresql= -> 3:SQL:select=] mutationLineage=[]
SQL: -- TeaQL PLAIN
SELECT id, name, code, external_id AS externalId, task_life_hours AS taskLifeHours, platform, version FROM merchant_data WHERE (version > 0) AND (external_id = 'matched-merchant') LIMIT 1000 OFFSET 0
[TeaQL SQL][mutation][458us] 1 rows affected outcome=success batchOutcome=not_applicable comment= purpose= auditReason=matched benchmark update tracePath=[0:OPERATION:Merchant=mutation -> 1:ENTITY:Merchant= -> 2:PROVIDER:postgresql= -> 3:SQL:update=] mutationLineage=[0:AUDIT_REASON:Merchant#1=matched benchmark update]
SQL: -- TeaQL PLAIN
UPDATE merchant_data SET task_life_hours = 49 , version = 1016 WHERE id = 1 AND version = 1015
[TeaQL SQL][query][363us] 1 rows returned outcome=success batchOutcome=not_applicable comment=matched benchmark update purpose=runtime: read authoritative persisted mutation result auditReason=matched benchmark update tracePath=[0:OPERATION:Merchant=query -> 1:REQUEST:Merchant= -> 2:PROVIDER:postgresql= -> 3:SQL:select=] mutationLineage=[0:AUDIT_REASON:Merchant#1=matched benchmark update]
SQL: -- TeaQL PLAIN
SELECT * FROM merchant_data WHERE id = 1
[TeaQL SQL][query][309us] 1 rows returned outcome=success batchOutcome=not_applicable comment=matched merchant read with relation purpose=matched benchmark read auditReason= tracePath=[0:OPERATION:Merchant=query -> 1:REQUEST:Merchant= -> 2:PROVIDER:postgresql= -> 3:SQL:select=] mutationLineage=[]
SQL: -- TeaQL PLAIN
SELECT id, name, code, external_id AS externalId, task_life_hours AS taskLifeHours, version, platform FROM merchant_data WHERE (version > 0) AND (external_id = 'matched-merchant') LIMIT 1000 OFFSET 0
[TeaQL SQL][query][279us] 1 rows returned outcome=success batchOutcome=not_applicable comment=matched merchant read with relation purpose=matched benchmark read auditReason= tracePath=[0:OPERATION:Merchant=query -> 1:REQUEST:Merchant= -> 2:RELATION:platform=Merchant.platform -> 3:PROVIDER:postgresql= -> 4:SQL:select=] mutationLineage=[]
SQL: -- TeaQL PLAIN
SELECT id, create_time AS createTime, last_update_time AS lastUpdateTime, name, version FROM platform_data WHERE (version > 0) AND (id = 1) LIMIT 1 OFFSET 0
[TeaQL SQL][query][585us] 1 rows returned outcome=success batchOutcome=not_applicable comment=matched update lookup purpose=matched benchmark write auditReason= tracePath=[0:OPERATION:Merchant=query -> 1:REQUEST:Merchant= -> 2:PROVIDER:postgresql= -> 3:SQL:select=] mutationLineage=[]
SQL: -- TeaQL PLAIN
SELECT id, name, code, external_id AS externalId, task_life_hours AS taskLifeHours, platform, version FROM merchant_data WHERE (version > 0) AND (external_id = 'matched-merchant') LIMIT 1000 OFFSET 0
[TeaQL SQL][mutation][368us] 1 rows affected outcome=success batchOutcome=not_applicable comment= purpose= auditReason=matched benchmark update tracePath=[0:OPERATION:Merchant=mutation -> 1:ENTITY:Merchant= -> 2:PROVIDER:postgresql= -> 3:SQL:update=] mutationLineage=[0:AUDIT_REASON:Merchant#1=matched benchmark update]
SQL: -- TeaQL PLAIN
UPDATE merchant_data SET task_life_hours = 48 , version = 1017 WHERE id = 1 AND version = 1016
[TeaQL SQL][query][310us] 1 rows returned outcome=success batchOutcome=not_applicable comment=matched benchmark update purpose=runtime: read authoritative persisted mutation result auditReason=matched benchmark update tracePath=[0:OPERATION:Merchant=query -> 1:REQUEST:Merchant= -> 2:PROVIDER:postgresql= -> 3:SQL:select=] mutationLineage=[0:AUDIT_REASON:Merchant#1=matched benchmark update]
SQL: -- TeaQL PLAIN
SELECT * FROM merchant_data WHERE id = 1
[TeaQL SQL][query][303us] 1 rows returned outcome=success batchOutcome=not_applicable comment=matched merchant read with relation purpose=matched benchmark read auditReason= tracePath=[0:OPERATION:Merchant=query -> 1:REQUEST:Merchant= -> 2:PROVIDER:postgresql= -> 3:SQL:select=] mutationLineage=[]
SQL: -- TeaQL PLAIN
SELECT id, name, code, external_id AS externalId, task_life_hours AS taskLifeHours, version, platform FROM merchant_data WHERE (version > 0) AND (external_id = 'matched-merchant') LIMIT 1000 OFFSET 0
[TeaQL SQL][query][293us] 1 rows returned outcome=success batchOutcome=not_applicable comment=matched merchant read with relation purpose=matched benchmark read auditReason= tracePath=[0:OPERATION:Merchant=query -> 1:REQUEST:Merchant= -> 2:RELATION:platform=Merchant.platform -> 3:PROVIDER:postgresql= -> 4:SQL:select=] mutationLineage=[]
SQL: -- TeaQL PLAIN
SELECT id, create_time AS createTime, last_update_time AS lastUpdateTime, name, version FROM platform_data WHERE (version > 0) AND (id = 1) LIMIT 1 OFFSET 0
[TeaQL SQL][query][647us] 1 rows returned outcome=success batchOutcome=not_applicable comment=matched update lookup purpose=matched benchmark write auditReason= tracePath=[0:OPERATION:Merchant=query -> 1:REQUEST:Merchant= -> 2:PROVIDER:postgresql= -> 3:SQL:select=] mutationLineage=[]
SQL: -- TeaQL PLAIN
SELECT id, name, code, external_id AS externalId, task_life_hours AS taskLifeHours, platform, version FROM merchant_data WHERE (version > 0) AND (external_id = 'matched-merchant') LIMIT 1000 OFFSET 0
[TeaQL SQL][mutation][400us] 1 rows affected outcome=success batchOutcome=not_applicable comment= purpose= auditReason=matched benchmark update tracePath=[0:OPERATION:Merchant=mutation -> 1:ENTITY:Merchant= -> 2:PROVIDER:postgresql= -> 3:SQL:update=] mutationLineage=[0:AUDIT_REASON:Merchant#1=matched benchmark update]
SQL: -- TeaQL PLAIN
UPDATE merchant_data SET task_life_hours = 49 , version = 1018 WHERE id = 1 AND version = 1017
[TeaQL SQL][query][315us] 1 rows returned outcome=success batchOutcome=not_applicable comment=matched benchmark update purpose=runtime: read authoritative persisted mutation result auditReason=matched benchmark update tracePath=[0:OPERATION:Merchant=query -> 1:REQUEST:Merchant= -> 2:PROVIDER:postgresql= -> 3:SQL:select=] mutationLineage=[0:AUDIT_REASON:Merchant#1=matched benchmark update]
SQL: -- TeaQL PLAIN
SELECT * FROM merchant_data WHERE id = 1
[TeaQL SQL][query][357us] 1 rows returned outcome=success batchOutcome=not_applicable comment=matched merchant read with relation purpose=matched benchmark read auditReason= tracePath=[0:OPERATION:Merchant=query -> 1:REQUEST:Merchant= -> 2:PROVIDER:postgresql= -> 3:SQL:select=] mutationLineage=[]
SQL: -- TeaQL PLAIN
SELECT id, name, code, external_id AS externalId, task_life_hours AS taskLifeHours, version, platform FROM merchant_data WHERE (version > 0) AND (external_id = 'matched-merchant') LIMIT 1000 OFFSET 0
[TeaQL SQL][query][318us] 1 rows returned outcome=success batchOutcome=not_applicable comment=matched merchant read with relation purpose=matched benchmark read auditReason= tracePath=[0:OPERATION:Merchant=query -> 1:REQUEST:Merchant= -> 2:RELATION:platform=Merchant.platform -> 3:PROVIDER:postgresql= -> 4:SQL:select=] mutationLineage=[]
SQL: -- TeaQL PLAIN
SELECT id, create_time AS createTime, last_update_time AS lastUpdateTime, name, version FROM platform_data WHERE (version > 0) AND (id = 1) LIMIT 1 OFFSET 0
[TeaQL SQL][query][445us] 1 rows returned outcome=success batchOutcome=not_applicable comment=matched update lookup purpose=matched benchmark write auditReason= tracePath=[0:OPERATION:Merchant=query -> 1:REQUEST:Merchant= -> 2:PROVIDER:postgresql= -> 3:SQL:select=] mutationLineage=[]
SQL: -- TeaQL PLAIN
SELECT id, name, code, external_id AS externalId, task_life_hours AS taskLifeHours, platform, version FROM merchant_data WHERE (version > 0) AND (external_id = 'matched-merchant') LIMIT 1000 OFFSET 0
[TeaQL SQL][mutation][379us] 1 rows affected outcome=success batchOutcome=not_applicable comment= purpose= auditReason=matched benchmark update tracePath=[0:OPERATION:Merchant=mutation -> 1:ENTITY:Merchant= -> 2:PROVIDER:postgresql= -> 3:SQL:update=] mutationLineage=[0:AUDIT_REASON:Merchant#1=matched benchmark update]
SQL: -- TeaQL PLAIN
UPDATE merchant_data SET task_life_hours = 48 , version = 1019 WHERE id = 1 AND version = 1018
[TeaQL SQL][query][280us] 1 rows returned outcome=success batchOutcome=not_applicable comment=matched benchmark update purpose=runtime: read authoritative persisted mutation result auditReason=matched benchmark update tracePath=[0:OPERATION:Merchant=query -> 1:REQUEST:Merchant= -> 2:PROVIDER:postgresql= -> 3:SQL:select=] mutationLineage=[0:AUDIT_REASON:Merchant#1=matched benchmark update]
SQL: -- TeaQL PLAIN
SELECT * FROM merchant_data WHERE id = 1
[TeaQL SQL][query][394us] 1 rows returned outcome=success batchOutcome=not_applicable comment=matched merchant read with relation purpose=matched benchmark read auditReason= tracePath=[0:OPERATION:Merchant=query -> 1:REQUEST:Merchant= -> 2:PROVIDER:postgresql= -> 3:SQL:select=] mutationLineage=[]
SQL: -- TeaQL PLAIN
SELECT id, name, code, external_id AS externalId, task_life_hours AS taskLifeHours, version, platform FROM merchant_data WHERE (version > 0) AND (external_id = 'matched-merchant') LIMIT 1000 OFFSET 0
[TeaQL SQL][query][363us] 1 rows returned outcome=success batchOutcome=not_applicable comment=matched merchant read with relation purpose=matched benchmark read auditReason= tracePath=[0:OPERATION:Merchant=query -> 1:REQUEST:Merchant= -> 2:RELATION:platform=Merchant.platform -> 3:PROVIDER:postgresql= -> 4:SQL:select=] mutationLineage=[]
SQL: -- TeaQL PLAIN
SELECT id, create_time AS createTime, last_update_time AS lastUpdateTime, name, version FROM platform_data WHERE (version > 0) AND (id = 1) LIMIT 1 OFFSET 0
[TeaQL SQL][query][604us] 1 rows returned outcome=success batchOutcome=not_applicable comment=matched update lookup purpose=matched benchmark write auditReason= tracePath=[0:OPERATION:Merchant=query -> 1:REQUEST:Merchant= -> 2:PROVIDER:postgresql= -> 3:SQL:select=] mutationLineage=[]
SQL: -- TeaQL PLAIN
SELECT id, name, code, external_id AS externalId, task_life_hours AS taskLifeHours, platform, version FROM merchant_data WHERE (version > 0) AND (external_id = 'matched-merchant') LIMIT 1000 OFFSET 0
[TeaQL SQL][mutation][459us] 1 rows affected outcome=success batchOutcome=not_applicable comment= purpose= auditReason=matched benchmark update tracePath=[0:OPERATION:Merchant=mutation -> 1:ENTITY:Merchant= -> 2:PROVIDER:postgresql= -> 3:SQL:update=] mutationLineage=[0:AUDIT_REASON:Merchant#1=matched benchmark update]
SQL: -- TeaQL PLAIN
UPDATE merchant_data SET task_life_hours = 49 , version = 1020 WHERE id = 1 AND version = 1019
[TeaQL SQL][query][384us] 1 rows returned outcome=success batchOutcome=not_applicable comment=matched benchmark update purpose=runtime: read authoritative persisted mutation result auditReason=matched benchmark update tracePath=[0:OPERATION:Merchant=query -> 1:REQUEST:Merchant= -> 2:PROVIDER:postgresql= -> 3:SQL:select=] mutationLineage=[0:AUDIT_REASON:Merchant#1=matched benchmark update]
SQL: -- TeaQL PLAIN
SELECT * FROM merchant_data WHERE id = 1
[TeaQL SQL][query][304us] 1 rows returned outcome=success batchOutcome=not_applicable comment=matched merchant read with relation purpose=matched benchmark read auditReason= tracePath=[0:OPERATION:Merchant=query -> 1:REQUEST:Merchant= -> 2:PROVIDER:postgresql= -> 3:SQL:select=] mutationLineage=[]
SQL: -- TeaQL PLAIN
SELECT id, name, code, external_id AS externalId, task_life_hours AS taskLifeHours, version, platform FROM merchant_data WHERE (version > 0) AND (external_id = 'matched-merchant') LIMIT 1000 OFFSET 0
[TeaQL SQL][query][309us] 1 rows returned outcome=success batchOutcome=not_applicable comment=matched merchant read with relation purpose=matched benchmark read auditReason= tracePath=[0:OPERATION:Merchant=query -> 1:REQUEST:Merchant= -> 2:RELATION:platform=Merchant.platform -> 3:PROVIDER:postgresql= -> 4:SQL:select=] mutationLineage=[]
SQL: -- TeaQL PLAIN
SELECT id, create_time AS createTime, last_update_time AS lastUpdateTime, name, version FROM platform_data WHERE (version > 0) AND (id = 1) LIMIT 1 OFFSET 0
[TeaQL SQL][query][597us] 1 rows returned outcome=success batchOutcome=not_applicable comment=matched update lookup purpose=matched benchmark write auditReason= tracePath=[0:OPERATION:Merchant=query -> 1:REQUEST:Merchant= -> 2:PROVIDER:postgresql= -> 3:SQL:select=] mutationLineage=[]
SQL: -- TeaQL PLAIN
SELECT id, name, code, external_id AS externalId, task_life_hours AS taskLifeHours, platform, version FROM merchant_data WHERE (version > 0) AND (external_id = 'matched-merchant') LIMIT 1000 OFFSET 0
[TeaQL SQL][mutation][445us] 1 rows affected outcome=success batchOutcome=not_applicable comment= purpose= auditReason=matched benchmark update tracePath=[0:OPERATION:Merchant=mutation -> 1:ENTITY:Merchant= -> 2:PROVIDER:postgresql= -> 3:SQL:update=] mutationLineage=[0:AUDIT_REASON:Merchant#1=matched benchmark update]
SQL: -- TeaQL PLAIN
UPDATE merchant_data SET task_life_hours = 48 , version = 1021 WHERE id = 1 AND version = 1020
[TeaQL SQL][query][356us] 1 rows returned outcome=success batchOutcome=not_applicable comment=matched benchmark update purpose=runtime: read authoritative persisted mutation result auditReason=matched benchmark update tracePath=[0:OPERATION:Merchant=query -> 1:REQUEST:Merchant= -> 2:PROVIDER:postgresql= -> 3:SQL:select=] mutationLineage=[0:AUDIT_REASON:Merchant#1=matched benchmark update]
SQL: -- TeaQL PLAIN
SELECT * FROM merchant_data WHERE id = 1
[TeaQL SQL][query][329us] 1 rows returned outcome=success batchOutcome=not_applicable comment=matched merchant read with relation purpose=matched benchmark read auditReason= tracePath=[0:OPERATION:Merchant=query -> 1:REQUEST:Merchant= -> 2:PROVIDER:postgresql= -> 3:SQL:select=] mutationLineage=[]
SQL: -- TeaQL PLAIN
SELECT id, name, code, external_id AS externalId, task_life_hours AS taskLifeHours, version, platform FROM merchant_data WHERE (version > 0) AND (external_id = 'matched-merchant') LIMIT 1000 OFFSET 0
[TeaQL SQL][query][302us] 1 rows returned outcome=success batchOutcome=not_applicable comment=matched merchant read with relation purpose=matched benchmark read auditReason= tracePath=[0:OPERATION:Merchant=query -> 1:REQUEST:Merchant= -> 2:RELATION:platform=Merchant.platform -> 3:PROVIDER:postgresql= -> 4:SQL:select=] mutationLineage=[]
SQL: -- TeaQL PLAIN
SELECT id, create_time AS createTime, last_update_time AS lastUpdateTime, name, version FROM platform_data WHERE (version > 0) AND (id = 1) LIMIT 1 OFFSET 0
[TeaQL SQL][query][691us] 1 rows returned outcome=success batchOutcome=not_applicable comment=matched update lookup purpose=matched benchmark write auditReason= tracePath=[0:OPERATION:Merchant=query -> 1:REQUEST:Merchant= -> 2:PROVIDER:postgresql= -> 3:SQL:select=] mutationLineage=[]
SQL: -- TeaQL PLAIN
SELECT id, name, code, external_id AS externalId, task_life_hours AS taskLifeHours, platform, version FROM merchant_data WHERE (version > 0) AND (external_id = 'matched-merchant') LIMIT 1000 OFFSET 0
[TeaQL SQL][mutation][474us] 1 rows affected outcome=success batchOutcome=not_applicable comment= purpose= auditReason=matched benchmark update tracePath=[0:OPERATION:Merchant=mutation -> 1:ENTITY:Merchant= -> 2:PROVIDER:postgresql= -> 3:SQL:update=] mutationLineage=[0:AUDIT_REASON:Merchant#1=matched benchmark update]
SQL: -- TeaQL PLAIN
UPDATE merchant_data SET task_life_hours = 49 , version = 1022 WHERE id = 1 AND version = 1021
[TeaQL SQL][query][413us] 1 rows returned outcome=success batchOutcome=not_applicable comment=matched benchmark update purpose=runtime: read authoritative persisted mutation result auditReason=matched benchmark update tracePath=[0:OPERATION:Merchant=query -> 1:REQUEST:Merchant= -> 2:PROVIDER:postgresql= -> 3:SQL:select=] mutationLineage=[0:AUDIT_REASON:Merchant#1=matched benchmark update]
SQL: -- TeaQL PLAIN
SELECT * FROM merchant_data WHERE id = 1
[TeaQL SQL][query][416us] 1 rows returned outcome=success batchOutcome=not_applicable comment=matched merchant read with relation purpose=matched benchmark read auditReason= tracePath=[0:OPERATION:Merchant=query -> 1:REQUEST:Merchant= -> 2:PROVIDER:postgresql= -> 3:SQL:select=] mutationLineage=[]
SQL: -- TeaQL PLAIN
SELECT id, name, code, external_id AS externalId, task_life_hours AS taskLifeHours, version, platform FROM merchant_data WHERE (version > 0) AND (external_id = 'matched-merchant') LIMIT 1000 OFFSET 0
[TeaQL SQL][query][392us] 1 rows returned outcome=success batchOutcome=not_applicable comment=matched merchant read with relation purpose=matched benchmark read auditReason= tracePath=[0:OPERATION:Merchant=query -> 1:REQUEST:Merchant= -> 2:RELATION:platform=Merchant.platform -> 3:PROVIDER:postgresql= -> 4:SQL:select=] mutationLineage=[]
SQL: -- TeaQL PLAIN
SELECT id, create_time AS createTime, last_update_time AS lastUpdateTime, name, version FROM platform_data WHERE (version > 0) AND (id = 1) LIMIT 1 OFFSET 0
[TeaQL SQL][query][540us] 1 rows returned outcome=success batchOutcome=not_applicable comment=matched update lookup purpose=matched benchmark write auditReason= tracePath=[0:OPERATION:Merchant=query -> 1:REQUEST:Merchant= -> 2:PROVIDER:postgresql= -> 3:SQL:select=] mutationLineage=[]
SQL: -- TeaQL PLAIN
SELECT id, name, code, external_id AS externalId, task_life_hours AS taskLifeHours, platform, version FROM merchant_data WHERE (version > 0) AND (external_id = 'matched-merchant') LIMIT 1000 OFFSET 0
[TeaQL SQL][mutation][359us] 1 rows affected outcome=success batchOutcome=not_applicable comment= purpose= auditReason=matched benchmark update tracePath=[0:OPERATION:Merchant=mutation -> 1:ENTITY:Merchant= -> 2:PROVIDER:postgresql= -> 3:SQL:update=] mutationLineage=[0:AUDIT_REASON:Merchant#1=matched benchmark update]
SQL: -- TeaQL PLAIN
UPDATE merchant_data SET task_life_hours = 48 , version = 1023 WHERE id = 1 AND version = 1022
[TeaQL SQL][query][305us] 1 rows returned outcome=success batchOutcome=not_applicable comment=matched benchmark update purpose=runtime: read authoritative persisted mutation result auditReason=matched benchmark update tracePath=[0:OPERATION:Merchant=query -> 1:REQUEST:Merchant= -> 2:PROVIDER:postgresql= -> 3:SQL:select=] mutationLineage=[0:AUDIT_REASON:Merchant#1=matched benchmark update]
SQL: -- TeaQL PLAIN
SELECT * FROM merchant_data WHERE id = 1
[TeaQL SQL][query][438us] 1 rows returned outcome=success batchOutcome=not_applicable comment=matched merchant read with relation purpose=matched benchmark read auditReason= tracePath=[0:OPERATION:Merchant=query -> 1:REQUEST:Merchant= -> 2:PROVIDER:postgresql= -> 3:SQL:select=] mutationLineage=[]
SQL: -- TeaQL PLAIN
SELECT id, name, code, external_id AS externalId, task_life_hours AS taskLifeHours, version, platform FROM merchant_data WHERE (version > 0) AND (external_id = 'matched-merchant') LIMIT 1000 OFFSET 0
[TeaQL SQL][query][393us] 1 rows returned outcome=success batchOutcome=not_applicable comment=matched merchant read with relation purpose=matched benchmark read auditReason= tracePath=[0:OPERATION:Merchant=query -> 1:REQUEST:Merchant= -> 2:RELATION:platform=Merchant.platform -> 3:PROVIDER:postgresql= -> 4:SQL:select=] mutationLineage=[]
SQL: -- TeaQL PLAIN
SELECT id, create_time AS createTime, last_update_time AS lastUpdateTime, name, version FROM platform_data WHERE (version > 0) AND (id = 1) LIMIT 1 OFFSET 0
[TeaQL SQL][query][714us] 1 rows returned outcome=success batchOutcome=not_applicable comment=matched update lookup purpose=matched benchmark write auditReason= tracePath=[0:OPERATION:Merchant=query -> 1:REQUEST:Merchant= -> 2:PROVIDER:postgresql= -> 3:SQL:select=] mutationLineage=[]
SQL: -- TeaQL PLAIN
SELECT id, name, code, external_id AS externalId, task_life_hours AS taskLifeHours, platform, version FROM merchant_data WHERE (version > 0) AND (external_id = 'matched-merchant') LIMIT 1000 OFFSET 0
[TeaQL SQL][mutation][533us] 1 rows affected outcome=success batchOutcome=not_applicable comment= purpose= auditReason=matched benchmark update tracePath=[0:OPERATION:Merchant=mutation -> 1:ENTITY:Merchant= -> 2:PROVIDER:postgresql= -> 3:SQL:update=] mutationLineage=[0:AUDIT_REASON:Merchant#1=matched benchmark update]
SQL: -- TeaQL PLAIN
UPDATE merchant_data SET task_life_hours = 49 , version = 1024 WHERE id = 1 AND version = 1023
[TeaQL SQL][query][472us] 1 rows returned outcome=success batchOutcome=not_applicable comment=matched benchmark update purpose=runtime: read authoritative persisted mutation result auditReason=matched benchmark update tracePath=[0:OPERATION:Merchant=query -> 1:REQUEST:Merchant= -> 2:PROVIDER:postgresql= -> 3:SQL:select=] mutationLineage=[0:AUDIT_REASON:Merchant#1=matched benchmark update]
SQL: -- TeaQL PLAIN
SELECT * FROM merchant_data WHERE id = 1
[TeaQL SQL][query][334us] 1 rows returned outcome=success batchOutcome=not_applicable comment=matched merchant read with relation purpose=matched benchmark read auditReason= tracePath=[0:OPERATION:Merchant=query -> 1:REQUEST:Merchant= -> 2:PROVIDER:postgresql= -> 3:SQL:select=] mutationLineage=[]
SQL: -- TeaQL PLAIN
SELECT id, name, code, external_id AS externalId, task_life_hours AS taskLifeHours, version, platform FROM merchant_data WHERE (version > 0) AND (external_id = 'matched-merchant') LIMIT 1000 OFFSET 0
[TeaQL SQL][query][342us] 1 rows returned outcome=success batchOutcome=not_applicable comment=matched merchant read with relation purpose=matched benchmark read auditReason= tracePath=[0:OPERATION:Merchant=query -> 1:REQUEST:Merchant= -> 2:RELATION:platform=Merchant.platform -> 3:PROVIDER:postgresql= -> 4:SQL:select=] mutationLineage=[]
SQL: -- TeaQL PLAIN
SELECT id, create_time AS createTime, last_update_time AS lastUpdateTime, name, version FROM platform_data WHERE (version > 0) AND (id = 1) LIMIT 1 OFFSET 0
[TeaQL SQL][query][668us] 1 rows returned outcome=success batchOutcome=not_applicable comment=matched update lookup purpose=matched benchmark write auditReason= tracePath=[0:OPERATION:Merchant=query -> 1:REQUEST:Merchant= -> 2:PROVIDER:postgresql= -> 3:SQL:select=] mutationLineage=[]
SQL: -- TeaQL PLAIN
SELECT id, name, code, external_id AS externalId, task_life_hours AS taskLifeHours, platform, version FROM merchant_data WHERE (version > 0) AND (external_id = 'matched-merchant') LIMIT 1000 OFFSET 0
[TeaQL SQL][mutation][517us] 1 rows affected outcome=success batchOutcome=not_applicable comment= purpose= auditReason=matched benchmark update tracePath=[0:OPERATION:Merchant=mutation -> 1:ENTITY:Merchant= -> 2:PROVIDER:postgresql= -> 3:SQL:update=] mutationLineage=[0:AUDIT_REASON:Merchant#1=matched benchmark update]
SQL: -- TeaQL PLAIN
UPDATE merchant_data SET task_life_hours = 48 , version = 1025 WHERE id = 1 AND version = 1024
[TeaQL SQL][query][451us] 1 rows returned outcome=success batchOutcome=not_applicable comment=matched benchmark update purpose=runtime: read authoritative persisted mutation result auditReason=matched benchmark update tracePath=[0:OPERATION:Merchant=query -> 1:REQUEST:Merchant= -> 2:PROVIDER:postgresql= -> 3:SQL:select=] mutationLineage=[0:AUDIT_REASON:Merchant#1=matched benchmark update]
SQL: -- TeaQL PLAIN
SELECT * FROM merchant_data WHERE id = 1
[TeaQL SQL][query][412us] 1 rows returned outcome=success batchOutcome=not_applicable comment=matched merchant read with relation purpose=matched benchmark read auditReason= tracePath=[0:OPERATION:Merchant=query -> 1:REQUEST:Merchant= -> 2:PROVIDER:postgresql= -> 3:SQL:select=] mutationLineage=[]
SQL: -- TeaQL PLAIN
SELECT id, name, code, external_id AS externalId, task_life_hours AS taskLifeHours, version, platform FROM merchant_data WHERE (version > 0) AND (external_id = 'matched-merchant') LIMIT 1000 OFFSET 0
[TeaQL SQL][query][398us] 1 rows returned outcome=success batchOutcome=not_applicable comment=matched merchant read with relation purpose=matched benchmark read auditReason= tracePath=[0:OPERATION:Merchant=query -> 1:REQUEST:Merchant= -> 2:RELATION:platform=Merchant.platform -> 3:PROVIDER:postgresql= -> 4:SQL:select=] mutationLineage=[]
SQL: -- TeaQL PLAIN
SELECT id, create_time AS createTime, last_update_time AS lastUpdateTime, name, version FROM platform_data WHERE (version > 0) AND (id = 1) LIMIT 1 OFFSET 0
[TeaQL SQL][query][715us] 1 rows returned outcome=success batchOutcome=not_applicable comment=matched update lookup purpose=matched benchmark write auditReason= tracePath=[0:OPERATION:Merchant=query -> 1:REQUEST:Merchant= -> 2:PROVIDER:postgresql= -> 3:SQL:select=] mutationLineage=[]
SQL: -- TeaQL PLAIN
SELECT id, name, code, external_id AS externalId, task_life_hours AS taskLifeHours, platform, version FROM merchant_data WHERE (version > 0) AND (external_id = 'matched-merchant') LIMIT 1000 OFFSET 0
[TeaQL SQL][mutation][602us] 1 rows affected outcome=success batchOutcome=not_applicable comment= purpose= auditReason=matched benchmark update tracePath=[0:OPERATION:Merchant=mutation -> 1:ENTITY:Merchant= -> 2:PROVIDER:postgresql= -> 3:SQL:update=] mutationLineage=[0:AUDIT_REASON:Merchant#1=matched benchmark update]
SQL: -- TeaQL PLAIN
UPDATE merchant_data SET task_life_hours = 49 , version = 1026 WHERE id = 1 AND version = 1025
[TeaQL SQL][query][610us] 1 rows returned outcome=success batchOutcome=not_applicable comment=matched benchmark update purpose=runtime: read authoritative persisted mutation result auditReason=matched benchmark update tracePath=[0:OPERATION:Merchant=query -> 1:REQUEST:Merchant= -> 2:PROVIDER:postgresql= -> 3:SQL:select=] mutationLineage=[0:AUDIT_REASON:Merchant#1=matched benchmark update]
SQL: -- TeaQL PLAIN
SELECT * FROM merchant_data WHERE id = 1
[TeaQL SQL][query][330us] 1 rows returned outcome=success batchOutcome=not_applicable comment=matched merchant read with relation purpose=matched benchmark read auditReason= tracePath=[0:OPERATION:Merchant=query -> 1:REQUEST:Merchant= -> 2:PROVIDER:postgresql= -> 3:SQL:select=] mutationLineage=[]
SQL: -- TeaQL PLAIN
SELECT id, name, code, external_id AS externalId, task_life_hours AS taskLifeHours, version, platform FROM merchant_data WHERE (version > 0) AND (external_id = 'matched-merchant') LIMIT 1000 OFFSET 0
[TeaQL SQL][query][360us] 1 rows returned outcome=success batchOutcome=not_applicable comment=matched merchant read with relation purpose=matched benchmark read auditReason= tracePath=[0:OPERATION:Merchant=query -> 1:REQUEST:Merchant= -> 2:RELATION:platform=Merchant.platform -> 3:PROVIDER:postgresql= -> 4:SQL:select=] mutationLineage=[]
SQL: -- TeaQL PLAIN
SELECT id, create_time AS createTime, last_update_time AS lastUpdateTime, name, version FROM platform_data WHERE (version > 0) AND (id = 1) LIMIT 1 OFFSET 0
[TeaQL SQL][query][458us] 1 rows returned outcome=success batchOutcome=not_applicable comment=matched update lookup purpose=matched benchmark write auditReason= tracePath=[0:OPERATION:Merchant=query -> 1:REQUEST:Merchant= -> 2:PROVIDER:postgresql= -> 3:SQL:select=] mutationLineage=[]
SQL: -- TeaQL PLAIN
SELECT id, name, code, external_id AS externalId, task_life_hours AS taskLifeHours, platform, version FROM merchant_data WHERE (version > 0) AND (external_id = 'matched-merchant') LIMIT 1000 OFFSET 0
[TeaQL SQL][mutation][331us] 1 rows affected outcome=success batchOutcome=not_applicable comment= purpose= auditReason=matched benchmark update tracePath=[0:OPERATION:Merchant=mutation -> 1:ENTITY:Merchant= -> 2:PROVIDER:postgresql= -> 3:SQL:update=] mutationLineage=[0:AUDIT_REASON:Merchant#1=matched benchmark update]
SQL: -- TeaQL PLAIN
UPDATE merchant_data SET task_life_hours = 48 , version = 1027 WHERE id = 1 AND version = 1026
[TeaQL SQL][query][274us] 1 rows returned outcome=success batchOutcome=not_applicable comment=matched benchmark update purpose=runtime: read authoritative persisted mutation result auditReason=matched benchmark update tracePath=[0:OPERATION:Merchant=query -> 1:REQUEST:Merchant= -> 2:PROVIDER:postgresql= -> 3:SQL:select=] mutationLineage=[0:AUDIT_REASON:Merchant#1=matched benchmark update]
SQL: -- TeaQL PLAIN
SELECT * FROM merchant_data WHERE id = 1
[TeaQL SQL][query][413us] 1 rows returned outcome=success batchOutcome=not_applicable comment=matched merchant read with relation purpose=matched benchmark read auditReason= tracePath=[0:OPERATION:Merchant=query -> 1:REQUEST:Merchant= -> 2:PROVIDER:postgresql= -> 3:SQL:select=] mutationLineage=[]
SQL: -- TeaQL PLAIN
SELECT id, name, code, external_id AS externalId, task_life_hours AS taskLifeHours, version, platform FROM merchant_data WHERE (version > 0) AND (external_id = 'matched-merchant') LIMIT 1000 OFFSET 0
[TeaQL SQL][query][365us] 1 rows returned outcome=success batchOutcome=not_applicable comment=matched merchant read with relation purpose=matched benchmark read auditReason= tracePath=[0:OPERATION:Merchant=query -> 1:REQUEST:Merchant= -> 2:RELATION:platform=Merchant.platform -> 3:PROVIDER:postgresql= -> 4:SQL:select=] mutationLineage=[]
SQL: -- TeaQL PLAIN
SELECT id, create_time AS createTime, last_update_time AS lastUpdateTime, name, version FROM platform_data WHERE (version > 0) AND (id = 1) LIMIT 1 OFFSET 0
[TeaQL SQL][query][591us] 1 rows returned outcome=success batchOutcome=not_applicable comment=matched update lookup purpose=matched benchmark write auditReason= tracePath=[0:OPERATION:Merchant=query -> 1:REQUEST:Merchant= -> 2:PROVIDER:postgresql= -> 3:SQL:select=] mutationLineage=[]
SQL: -- TeaQL PLAIN
SELECT id, name, code, external_id AS externalId, task_life_hours AS taskLifeHours, platform, version FROM merchant_data WHERE (version > 0) AND (external_id = 'matched-merchant') LIMIT 1000 OFFSET 0
[TeaQL SQL][mutation][447us] 1 rows affected outcome=success batchOutcome=not_applicable comment= purpose= auditReason=matched benchmark update tracePath=[0:OPERATION:Merchant=mutation -> 1:ENTITY:Merchant= -> 2:PROVIDER:postgresql= -> 3:SQL:update=] mutationLineage=[0:AUDIT_REASON:Merchant#1=matched benchmark update]
SQL: -- TeaQL PLAIN
UPDATE merchant_data SET task_life_hours = 49 , version = 1028 WHERE id = 1 AND version = 1027
[TeaQL SQL][query][337us] 1 rows returned outcome=success batchOutcome=not_applicable comment=matched benchmark update purpose=runtime: read authoritative persisted mutation result auditReason=matched benchmark update tracePath=[0:OPERATION:Merchant=query -> 1:REQUEST:Merchant= -> 2:PROVIDER:postgresql= -> 3:SQL:select=] mutationLineage=[0:AUDIT_REASON:Merchant#1=matched benchmark update]
SQL: -- TeaQL PLAIN
SELECT * FROM merchant_data WHERE id = 1
[TeaQL SQL][query][389us] 1 rows returned outcome=success batchOutcome=not_applicable comment=matched merchant read with relation purpose=matched benchmark read auditReason= tracePath=[0:OPERATION:Merchant=query -> 1:REQUEST:Merchant= -> 2:PROVIDER:postgresql= -> 3:SQL:select=] mutationLineage=[]
SQL: -- TeaQL PLAIN
SELECT id, name, code, external_id AS externalId, task_life_hours AS taskLifeHours, version, platform FROM merchant_data WHERE (version > 0) AND (external_id = 'matched-merchant') LIMIT 1000 OFFSET 0
[TeaQL SQL][query][373us] 1 rows returned outcome=success batchOutcome=not_applicable comment=matched merchant read with relation purpose=matched benchmark read auditReason= tracePath=[0:OPERATION:Merchant=query -> 1:REQUEST:Merchant= -> 2:RELATION:platform=Merchant.platform -> 3:PROVIDER:postgresql= -> 4:SQL:select=] mutationLineage=[]
SQL: -- TeaQL PLAIN
SELECT id, create_time AS createTime, last_update_time AS lastUpdateTime, name, version FROM platform_data WHERE (version > 0) AND (id = 1) LIMIT 1 OFFSET 0
[TeaQL SQL][query][646us] 1 rows returned outcome=success batchOutcome=not_applicable comment=matched update lookup purpose=matched benchmark write auditReason= tracePath=[0:OPERATION:Merchant=query -> 1:REQUEST:Merchant= -> 2:PROVIDER:postgresql= -> 3:SQL:select=] mutationLineage=[]
SQL: -- TeaQL PLAIN
SELECT id, name, code, external_id AS externalId, task_life_hours AS taskLifeHours, platform, version FROM merchant_data WHERE (version > 0) AND (external_id = 'matched-merchant') LIMIT 1000 OFFSET 0
[TeaQL SQL][mutation][488us] 1 rows affected outcome=success batchOutcome=not_applicable comment= purpose= auditReason=matched benchmark update tracePath=[0:OPERATION:Merchant=mutation -> 1:ENTITY:Merchant= -> 2:PROVIDER:postgresql= -> 3:SQL:update=] mutationLineage=[0:AUDIT_REASON:Merchant#1=matched benchmark update]
SQL: -- TeaQL PLAIN
UPDATE merchant_data SET task_life_hours = 48 , version = 1029 WHERE id = 1 AND version = 1028
[TeaQL SQL][query][367us] 1 rows returned outcome=success batchOutcome=not_applicable comment=matched benchmark update purpose=runtime: read authoritative persisted mutation result auditReason=matched benchmark update tracePath=[0:OPERATION:Merchant=query -> 1:REQUEST:Merchant= -> 2:PROVIDER:postgresql= -> 3:SQL:select=] mutationLineage=[0:AUDIT_REASON:Merchant#1=matched benchmark update]
SQL: -- TeaQL PLAIN
SELECT * FROM merchant_data WHERE id = 1
[TeaQL SQL][query][383us] 1 rows returned outcome=success batchOutcome=not_applicable comment=matched merchant read with relation purpose=matched benchmark read auditReason= tracePath=[0:OPERATION:Merchant=query -> 1:REQUEST:Merchant= -> 2:PROVIDER:postgresql= -> 3:SQL:select=] mutationLineage=[]
SQL: -- TeaQL PLAIN
SELECT id, name, code, external_id AS externalId, task_life_hours AS taskLifeHours, version, platform FROM merchant_data WHERE (version > 0) AND (external_id = 'matched-merchant') LIMIT 1000 OFFSET 0
[TeaQL SQL][query][394us] 1 rows returned outcome=success batchOutcome=not_applicable comment=matched merchant read with relation purpose=matched benchmark read auditReason= tracePath=[0:OPERATION:Merchant=query -> 1:REQUEST:Merchant= -> 2:RELATION:platform=Merchant.platform -> 3:PROVIDER:postgresql= -> 4:SQL:select=] mutationLineage=[]
SQL: -- TeaQL PLAIN
SELECT id, create_time AS createTime, last_update_time AS lastUpdateTime, name, version FROM platform_data WHERE (version > 0) AND (id = 1) LIMIT 1 OFFSET 0
[TeaQL SQL][query][591us] 1 rows returned outcome=success batchOutcome=not_applicable comment=matched update lookup purpose=matched benchmark write auditReason= tracePath=[0:OPERATION:Merchant=query -> 1:REQUEST:Merchant= -> 2:PROVIDER:postgresql= -> 3:SQL:select=] mutationLineage=[]
SQL: -- TeaQL PLAIN
SELECT id, name, code, external_id AS externalId, task_life_hours AS taskLifeHours, platform, version FROM merchant_data WHERE (version > 0) AND (external_id = 'matched-merchant') LIMIT 1000 OFFSET 0
[TeaQL SQL][mutation][425us] 1 rows affected outcome=success batchOutcome=not_applicable comment= purpose= auditReason=matched benchmark update tracePath=[0:OPERATION:Merchant=mutation -> 1:ENTITY:Merchant= -> 2:PROVIDER:postgresql= -> 3:SQL:update=] mutationLineage=[0:AUDIT_REASON:Merchant#1=matched benchmark update]
SQL: -- TeaQL PLAIN
UPDATE merchant_data SET task_life_hours = 49 , version = 1030 WHERE id = 1 AND version = 1029
[TeaQL SQL][query][320us] 1 rows returned outcome=success batchOutcome=not_applicable comment=matched benchmark update purpose=runtime: read authoritative persisted mutation result auditReason=matched benchmark update tracePath=[0:OPERATION:Merchant=query -> 1:REQUEST:Merchant= -> 2:PROVIDER:postgresql= -> 3:SQL:select=] mutationLineage=[0:AUDIT_REASON:Merchant#1=matched benchmark update]
SQL: -- TeaQL PLAIN
SELECT * FROM merchant_data WHERE id = 1
[TeaQL SQL][query][418us] 1 rows returned outcome=success batchOutcome=not_applicable comment=matched merchant read with relation purpose=matched benchmark read auditReason= tracePath=[0:OPERATION:Merchant=query -> 1:REQUEST:Merchant= -> 2:PROVIDER:postgresql= -> 3:SQL:select=] mutationLineage=[]
SQL: -- TeaQL PLAIN
SELECT id, name, code, external_id AS externalId, task_life_hours AS taskLifeHours, version, platform FROM merchant_data WHERE (version > 0) AND (external_id = 'matched-merchant') LIMIT 1000 OFFSET 0
[TeaQL SQL][query][388us] 1 rows returned outcome=success batchOutcome=not_applicable comment=matched merchant read with relation purpose=matched benchmark read auditReason= tracePath=[0:OPERATION:Merchant=query -> 1:REQUEST:Merchant= -> 2:RELATION:platform=Merchant.platform -> 3:PROVIDER:postgresql= -> 4:SQL:select=] mutationLineage=[]
SQL: -- TeaQL PLAIN
SELECT id, create_time AS createTime, last_update_time AS lastUpdateTime, name, version FROM platform_data WHERE (version > 0) AND (id = 1) LIMIT 1 OFFSET 0
[TeaQL SQL][query][423us] 1 rows returned outcome=success batchOutcome=not_applicable comment=matched update lookup purpose=matched benchmark write auditReason= tracePath=[0:OPERATION:Merchant=query -> 1:REQUEST:Merchant= -> 2:PROVIDER:postgresql= -> 3:SQL:select=] mutationLineage=[]
SQL: -- TeaQL PLAIN
SELECT id, name, code, external_id AS externalId, task_life_hours AS taskLifeHours, platform, version FROM merchant_data WHERE (version > 0) AND (external_id = 'matched-merchant') LIMIT 1000 OFFSET 0
[TeaQL SQL][mutation][376us] 1 rows affected outcome=success batchOutcome=not_applicable comment= purpose= auditReason=matched benchmark update tracePath=[0:OPERATION:Merchant=mutation -> 1:ENTITY:Merchant= -> 2:PROVIDER:postgresql= -> 3:SQL:update=] mutationLineage=[0:AUDIT_REASON:Merchant#1=matched benchmark update]
SQL: -- TeaQL PLAIN
UPDATE merchant_data SET task_life_hours = 48 , version = 1031 WHERE id = 1 AND version = 1030
[TeaQL SQL][query][290us] 1 rows returned outcome=success batchOutcome=not_applicable comment=matched benchmark update purpose=runtime: read authoritative persisted mutation result auditReason=matched benchmark update tracePath=[0:OPERATION:Merchant=query -> 1:REQUEST:Merchant= -> 2:PROVIDER:postgresql= -> 3:SQL:select=] mutationLineage=[0:AUDIT_REASON:Merchant#1=matched benchmark update]
SQL: -- TeaQL PLAIN
SELECT * FROM merchant_data WHERE id = 1
[TeaQL SQL][query][411us] 1 rows returned outcome=success batchOutcome=not_applicable comment=matched merchant read with relation purpose=matched benchmark read auditReason= tracePath=[0:OPERATION:Merchant=query -> 1:REQUEST:Merchant= -> 2:PROVIDER:postgresql= -> 3:SQL:select=] mutationLineage=[]
SQL: -- TeaQL PLAIN
SELECT id, name, code, external_id AS externalId, task_life_hours AS taskLifeHours, version, platform FROM merchant_data WHERE (version > 0) AND (external_id = 'matched-merchant') LIMIT 1000 OFFSET 0
[TeaQL SQL][query][393us] 1 rows returned outcome=success batchOutcome=not_applicable comment=matched merchant read with relation purpose=matched benchmark read auditReason= tracePath=[0:OPERATION:Merchant=query -> 1:REQUEST:Merchant= -> 2:RELATION:platform=Merchant.platform -> 3:PROVIDER:postgresql= -> 4:SQL:select=] mutationLineage=[]
SQL: -- TeaQL PLAIN
SELECT id, create_time AS createTime, last_update_time AS lastUpdateTime, name, version FROM platform_data WHERE (version > 0) AND (id = 1) LIMIT 1 OFFSET 0
[TeaQL SQL][query][566us] 1 rows returned outcome=success batchOutcome=not_applicable comment=matched update lookup purpose=matched benchmark write auditReason= tracePath=[0:OPERATION:Merchant=query -> 1:REQUEST:Merchant= -> 2:PROVIDER:postgresql= -> 3:SQL:select=] mutationLineage=[]
SQL: -- TeaQL PLAIN
SELECT id, name, code, external_id AS externalId, task_life_hours AS taskLifeHours, platform, version FROM merchant_data WHERE (version > 0) AND (external_id = 'matched-merchant') LIMIT 1000 OFFSET 0
[TeaQL SQL][mutation][422us] 1 rows affected outcome=success batchOutcome=not_applicable comment= purpose= auditReason=matched benchmark update tracePath=[0:OPERATION:Merchant=mutation -> 1:ENTITY:Merchant= -> 2:PROVIDER:postgresql= -> 3:SQL:update=] mutationLineage=[0:AUDIT_REASON:Merchant#1=matched benchmark update]
SQL: -- TeaQL PLAIN
UPDATE merchant_data SET task_life_hours = 49 , version = 1032 WHERE id = 1 AND version = 1031
[TeaQL SQL][query][353us] 1 rows returned outcome=success batchOutcome=not_applicable comment=matched benchmark update purpose=runtime: read authoritative persisted mutation result auditReason=matched benchmark update tracePath=[0:OPERATION:Merchant=query -> 1:REQUEST:Merchant= -> 2:PROVIDER:postgresql= -> 3:SQL:select=] mutationLineage=[0:AUDIT_REASON:Merchant#1=matched benchmark update]
SQL: -- TeaQL PLAIN
SELECT * FROM merchant_data WHERE id = 1
[TeaQL SQL][query][287us] 1 rows returned outcome=success batchOutcome=not_applicable comment=matched merchant read with relation purpose=matched benchmark read auditReason= tracePath=[0:OPERATION:Merchant=query -> 1:REQUEST:Merchant= -> 2:PROVIDER:postgresql= -> 3:SQL:select=] mutationLineage=[]
SQL: -- TeaQL PLAIN
SELECT id, name, code, external_id AS externalId, task_life_hours AS taskLifeHours, version, platform FROM merchant_data WHERE (version > 0) AND (external_id = 'matched-merchant') LIMIT 1000 OFFSET 0
[TeaQL SQL][query][296us] 1 rows returned outcome=success batchOutcome=not_applicable comment=matched merchant read with relation purpose=matched benchmark read auditReason= tracePath=[0:OPERATION:Merchant=query -> 1:REQUEST:Merchant= -> 2:RELATION:platform=Merchant.platform -> 3:PROVIDER:postgresql= -> 4:SQL:select=] mutationLineage=[]
SQL: -- TeaQL PLAIN
SELECT id, create_time AS createTime, last_update_time AS lastUpdateTime, name, version FROM platform_data WHERE (version > 0) AND (id = 1) LIMIT 1 OFFSET 0
[TeaQL SQL][query][562us] 1 rows returned outcome=success batchOutcome=not_applicable comment=matched update lookup purpose=matched benchmark write auditReason= tracePath=[0:OPERATION:Merchant=query -> 1:REQUEST:Merchant= -> 2:PROVIDER:postgresql= -> 3:SQL:select=] mutationLineage=[]
SQL: -- TeaQL PLAIN
SELECT id, name, code, external_id AS externalId, task_life_hours AS taskLifeHours, platform, version FROM merchant_data WHERE (version > 0) AND (external_id = 'matched-merchant') LIMIT 1000 OFFSET 0
[TeaQL SQL][mutation][446us] 1 rows affected outcome=success batchOutcome=not_applicable comment= purpose= auditReason=matched benchmark update tracePath=[0:OPERATION:Merchant=mutation -> 1:ENTITY:Merchant= -> 2:PROVIDER:postgresql= -> 3:SQL:update=] mutationLineage=[0:AUDIT_REASON:Merchant#1=matched benchmark update]
SQL: -- TeaQL PLAIN
UPDATE merchant_data SET task_life_hours = 48 , version = 1033 WHERE id = 1 AND version = 1032
[TeaQL SQL][query][350us] 1 rows returned outcome=success batchOutcome=not_applicable comment=matched benchmark update purpose=runtime: read authoritative persisted mutation result auditReason=matched benchmark update tracePath=[0:OPERATION:Merchant=query -> 1:REQUEST:Merchant= -> 2:PROVIDER:postgresql= -> 3:SQL:select=] mutationLineage=[0:AUDIT_REASON:Merchant#1=matched benchmark update]
SQL: -- TeaQL PLAIN
SELECT * FROM merchant_data WHERE id = 1
[TeaQL SQL][query][438us] 1 rows returned outcome=success batchOutcome=not_applicable comment=matched merchant read with relation purpose=matched benchmark read auditReason= tracePath=[0:OPERATION:Merchant=query -> 1:REQUEST:Merchant= -> 2:PROVIDER:postgresql= -> 3:SQL:select=] mutationLineage=[]
SQL: -- TeaQL PLAIN
SELECT id, name, code, external_id AS externalId, task_life_hours AS taskLifeHours, version, platform FROM merchant_data WHERE (version > 0) AND (external_id = 'matched-merchant') LIMIT 1000 OFFSET 0
[TeaQL SQL][query][398us] 1 rows returned outcome=success batchOutcome=not_applicable comment=matched merchant read with relation purpose=matched benchmark read auditReason= tracePath=[0:OPERATION:Merchant=query -> 1:REQUEST:Merchant= -> 2:RELATION:platform=Merchant.platform -> 3:PROVIDER:postgresql= -> 4:SQL:select=] mutationLineage=[]
SQL: -- TeaQL PLAIN
SELECT id, create_time AS createTime, last_update_time AS lastUpdateTime, name, version FROM platform_data WHERE (version > 0) AND (id = 1) LIMIT 1 OFFSET 0
[TeaQL SQL][query][568us] 1 rows returned outcome=success batchOutcome=not_applicable comment=matched update lookup purpose=matched benchmark write auditReason= tracePath=[0:OPERATION:Merchant=query -> 1:REQUEST:Merchant= -> 2:PROVIDER:postgresql= -> 3:SQL:select=] mutationLineage=[]
SQL: -- TeaQL PLAIN
SELECT id, name, code, external_id AS externalId, task_life_hours AS taskLifeHours, platform, version FROM merchant_data WHERE (version > 0) AND (external_id = 'matched-merchant') LIMIT 1000 OFFSET 0
[TeaQL SQL][mutation][410us] 1 rows affected outcome=success batchOutcome=not_applicable comment= purpose= auditReason=matched benchmark update tracePath=[0:OPERATION:Merchant=mutation -> 1:ENTITY:Merchant= -> 2:PROVIDER:postgresql= -> 3:SQL:update=] mutationLineage=[0:AUDIT_REASON:Merchant#1=matched benchmark update]
SQL: -- TeaQL PLAIN
UPDATE merchant_data SET task_life_hours = 49 , version = 1034 WHERE id = 1 AND version = 1033
[TeaQL SQL][query][355us] 1 rows returned outcome=success batchOutcome=not_applicable comment=matched benchmark update purpose=runtime: read authoritative persisted mutation result auditReason=matched benchmark update tracePath=[0:OPERATION:Merchant=query -> 1:REQUEST:Merchant= -> 2:PROVIDER:postgresql= -> 3:SQL:select=] mutationLineage=[0:AUDIT_REASON:Merchant#1=matched benchmark update]
SQL: -- TeaQL PLAIN
SELECT * FROM merchant_data WHERE id = 1
[TeaQL SQL][query][453us] 1 rows returned outcome=success batchOutcome=not_applicable comment=matched merchant read with relation purpose=matched benchmark read auditReason= tracePath=[0:OPERATION:Merchant=query -> 1:REQUEST:Merchant= -> 2:PROVIDER:postgresql= -> 3:SQL:select=] mutationLineage=[]
SQL: -- TeaQL PLAIN
SELECT id, name, code, external_id AS externalId, task_life_hours AS taskLifeHours, version, platform FROM merchant_data WHERE (version > 0) AND (external_id = 'matched-merchant') LIMIT 1000 OFFSET 0
[TeaQL SQL][query][643us] 1 rows returned outcome=success batchOutcome=not_applicable comment=matched merchant read with relation purpose=matched benchmark read auditReason= tracePath=[0:OPERATION:Merchant=query -> 1:REQUEST:Merchant= -> 2:RELATION:platform=Merchant.platform -> 3:PROVIDER:postgresql= -> 4:SQL:select=] mutationLineage=[]
SQL: -- TeaQL PLAIN
SELECT id, create_time AS createTime, last_update_time AS lastUpdateTime, name, version FROM platform_data WHERE (version > 0) AND (id = 1) LIMIT 1 OFFSET 0
[TeaQL SQL][query][479us] 1 rows returned outcome=success batchOutcome=not_applicable comment=matched update lookup purpose=matched benchmark write auditReason= tracePath=[0:OPERATION:Merchant=query -> 1:REQUEST:Merchant= -> 2:PROVIDER:postgresql= -> 3:SQL:select=] mutationLineage=[]
SQL: -- TeaQL PLAIN
SELECT id, name, code, external_id AS externalId, task_life_hours AS taskLifeHours, platform, version FROM merchant_data WHERE (version > 0) AND (external_id = 'matched-merchant') LIMIT 1000 OFFSET 0
[TeaQL SQL][mutation][336us] 1 rows affected outcome=success batchOutcome=not_applicable comment= purpose= auditReason=matched benchmark update tracePath=[0:OPERATION:Merchant=mutation -> 1:ENTITY:Merchant= -> 2:PROVIDER:postgresql= -> 3:SQL:update=] mutationLineage=[0:AUDIT_REASON:Merchant#1=matched benchmark update]
SQL: -- TeaQL PLAIN
UPDATE merchant_data SET task_life_hours = 48 , version = 1035 WHERE id = 1 AND version = 1034
[TeaQL SQL][query][238us] 1 rows returned outcome=success batchOutcome=not_applicable comment=matched benchmark update purpose=runtime: read authoritative persisted mutation result auditReason=matched benchmark update tracePath=[0:OPERATION:Merchant=query -> 1:REQUEST:Merchant= -> 2:PROVIDER:postgresql= -> 3:SQL:select=] mutationLineage=[0:AUDIT_REASON:Merchant#1=matched benchmark update]
SQL: -- TeaQL PLAIN
SELECT * FROM merchant_data WHERE id = 1
[TeaQL SQL][query][331us] 1 rows returned outcome=success batchOutcome=not_applicable comment=matched merchant read with relation purpose=matched benchmark read auditReason= tracePath=[0:OPERATION:Merchant=query -> 1:REQUEST:Merchant= -> 2:PROVIDER:postgresql= -> 3:SQL:select=] mutationLineage=[]
SQL: -- TeaQL PLAIN
SELECT id, name, code, external_id AS externalId, task_life_hours AS taskLifeHours, version, platform FROM merchant_data WHERE (version > 0) AND (external_id = 'matched-merchant') LIMIT 1000 OFFSET 0
[TeaQL SQL][query][340us] 1 rows returned outcome=success batchOutcome=not_applicable comment=matched merchant read with relation purpose=matched benchmark read auditReason= tracePath=[0:OPERATION:Merchant=query -> 1:REQUEST:Merchant= -> 2:RELATION:platform=Merchant.platform -> 3:PROVIDER:postgresql= -> 4:SQL:select=] mutationLineage=[]
SQL: -- TeaQL PLAIN
SELECT id, create_time AS createTime, last_update_time AS lastUpdateTime, name, version FROM platform_data WHERE (version > 0) AND (id = 1) LIMIT 1 OFFSET 0
[TeaQL SQL][query][509us] 1 rows returned outcome=success batchOutcome=not_applicable comment=matched update lookup purpose=matched benchmark write auditReason= tracePath=[0:OPERATION:Merchant=query -> 1:REQUEST:Merchant= -> 2:PROVIDER:postgresql= -> 3:SQL:select=] mutationLineage=[]
SQL: -- TeaQL PLAIN
SELECT id, name, code, external_id AS externalId, task_life_hours AS taskLifeHours, platform, version FROM merchant_data WHERE (version > 0) AND (external_id = 'matched-merchant') LIMIT 1000 OFFSET 0
[TeaQL SQL][mutation][425us] 1 rows affected outcome=success batchOutcome=not_applicable comment= purpose= auditReason=matched benchmark update tracePath=[0:OPERATION:Merchant=mutation -> 1:ENTITY:Merchant= -> 2:PROVIDER:postgresql= -> 3:SQL:update=] mutationLineage=[0:AUDIT_REASON:Merchant#1=matched benchmark update]
SQL: -- TeaQL PLAIN
UPDATE merchant_data SET task_life_hours = 49 , version = 1036 WHERE id = 1 AND version = 1035
[TeaQL SQL][query][391us] 1 rows returned outcome=success batchOutcome=not_applicable comment=matched benchmark update purpose=runtime: read authoritative persisted mutation result auditReason=matched benchmark update tracePath=[0:OPERATION:Merchant=query -> 1:REQUEST:Merchant= -> 2:PROVIDER:postgresql= -> 3:SQL:select=] mutationLineage=[0:AUDIT_REASON:Merchant#1=matched benchmark update]
SQL: -- TeaQL PLAIN
SELECT * FROM merchant_data WHERE id = 1
[TeaQL SQL][query][318us] 1 rows returned outcome=success batchOutcome=not_applicable comment=matched merchant read with relation purpose=matched benchmark read auditReason= tracePath=[0:OPERATION:Merchant=query -> 1:REQUEST:Merchant= -> 2:PROVIDER:postgresql= -> 3:SQL:select=] mutationLineage=[]
SQL: -- TeaQL PLAIN
SELECT id, name, code, external_id AS externalId, task_life_hours AS taskLifeHours, version, platform FROM merchant_data WHERE (version > 0) AND (external_id = 'matched-merchant') LIMIT 1000 OFFSET 0
[TeaQL SQL][query][311us] 1 rows returned outcome=success batchOutcome=not_applicable comment=matched merchant read with relation purpose=matched benchmark read auditReason= tracePath=[0:OPERATION:Merchant=query -> 1:REQUEST:Merchant= -> 2:RELATION:platform=Merchant.platform -> 3:PROVIDER:postgresql= -> 4:SQL:select=] mutationLineage=[]
SQL: -- TeaQL PLAIN
SELECT id, create_time AS createTime, last_update_time AS lastUpdateTime, name, version FROM platform_data WHERE (version > 0) AND (id = 1) LIMIT 1 OFFSET 0
[TeaQL SQL][query][567us] 1 rows returned outcome=success batchOutcome=not_applicable comment=matched update lookup purpose=matched benchmark write auditReason= tracePath=[0:OPERATION:Merchant=query -> 1:REQUEST:Merchant= -> 2:PROVIDER:postgresql= -> 3:SQL:select=] mutationLineage=[]
SQL: -- TeaQL PLAIN
SELECT id, name, code, external_id AS externalId, task_life_hours AS taskLifeHours, platform, version FROM merchant_data WHERE (version > 0) AND (external_id = 'matched-merchant') LIMIT 1000 OFFSET 0
[TeaQL SQL][mutation][425us] 1 rows affected outcome=success batchOutcome=not_applicable comment= purpose= auditReason=matched benchmark update tracePath=[0:OPERATION:Merchant=mutation -> 1:ENTITY:Merchant= -> 2:PROVIDER:postgresql= -> 3:SQL:update=] mutationLineage=[0:AUDIT_REASON:Merchant#1=matched benchmark update]
SQL: -- TeaQL PLAIN
UPDATE merchant_data SET task_life_hours = 48 , version = 1037 WHERE id = 1 AND version = 1036
[TeaQL SQL][query][342us] 1 rows returned outcome=success batchOutcome=not_applicable comment=matched benchmark update purpose=runtime: read authoritative persisted mutation result auditReason=matched benchmark update tracePath=[0:OPERATION:Merchant=query -> 1:REQUEST:Merchant= -> 2:PROVIDER:postgresql= -> 3:SQL:select=] mutationLineage=[0:AUDIT_REASON:Merchant#1=matched benchmark update]
SQL: -- TeaQL PLAIN
SELECT * FROM merchant_data WHERE id = 1
[TeaQL SQL][query][338us] 1 rows returned outcome=success batchOutcome=not_applicable comment=matched merchant read with relation purpose=matched benchmark read auditReason= tracePath=[0:OPERATION:Merchant=query -> 1:REQUEST:Merchant= -> 2:PROVIDER:postgresql= -> 3:SQL:select=] mutationLineage=[]
SQL: -- TeaQL PLAIN
SELECT id, name, code, external_id AS externalId, task_life_hours AS taskLifeHours, version, platform FROM merchant_data WHERE (version > 0) AND (external_id = 'matched-merchant') LIMIT 1000 OFFSET 0
[TeaQL SQL][query][339us] 1 rows returned outcome=success batchOutcome=not_applicable comment=matched merchant read with relation purpose=matched benchmark read auditReason= tracePath=[0:OPERATION:Merchant=query -> 1:REQUEST:Merchant= -> 2:RELATION:platform=Merchant.platform -> 3:PROVIDER:postgresql= -> 4:SQL:select=] mutationLineage=[]
SQL: -- TeaQL PLAIN
SELECT id, create_time AS createTime, last_update_time AS lastUpdateTime, name, version FROM platform_data WHERE (version > 0) AND (id = 1) LIMIT 1 OFFSET 0
[TeaQL SQL][query][560us] 1 rows returned outcome=success batchOutcome=not_applicable comment=matched update lookup purpose=matched benchmark write auditReason= tracePath=[0:OPERATION:Merchant=query -> 1:REQUEST:Merchant= -> 2:PROVIDER:postgresql= -> 3:SQL:select=] mutationLineage=[]
SQL: -- TeaQL PLAIN
SELECT id, name, code, external_id AS externalId, task_life_hours AS taskLifeHours, platform, version FROM merchant_data WHERE (version > 0) AND (external_id = 'matched-merchant') LIMIT 1000 OFFSET 0
[TeaQL SQL][mutation][455us] 1 rows affected outcome=success batchOutcome=not_applicable comment= purpose= auditReason=matched benchmark update tracePath=[0:OPERATION:Merchant=mutation -> 1:ENTITY:Merchant= -> 2:PROVIDER:postgresql= -> 3:SQL:update=] mutationLineage=[0:AUDIT_REASON:Merchant#1=matched benchmark update]
SQL: -- TeaQL PLAIN
UPDATE merchant_data SET task_life_hours = 49 , version = 1038 WHERE id = 1 AND version = 1037
[TeaQL SQL][query][379us] 1 rows returned outcome=success batchOutcome=not_applicable comment=matched benchmark update purpose=runtime: read authoritative persisted mutation result auditReason=matched benchmark update tracePath=[0:OPERATION:Merchant=query -> 1:REQUEST:Merchant= -> 2:PROVIDER:postgresql= -> 3:SQL:select=] mutationLineage=[0:AUDIT_REASON:Merchant#1=matched benchmark update]
SQL: -- TeaQL PLAIN
SELECT * FROM merchant_data WHERE id = 1
[TeaQL SQL][query][326us] 1 rows returned outcome=success batchOutcome=not_applicable comment=matched merchant read with relation purpose=matched benchmark read auditReason= tracePath=[0:OPERATION:Merchant=query -> 1:REQUEST:Merchant= -> 2:PROVIDER:postgresql= -> 3:SQL:select=] mutationLineage=[]
SQL: -- TeaQL PLAIN
SELECT id, name, code, external_id AS externalId, task_life_hours AS taskLifeHours, version, platform FROM merchant_data WHERE (version > 0) AND (external_id = 'matched-merchant') LIMIT 1000 OFFSET 0
[TeaQL SQL][query][330us] 1 rows returned outcome=success batchOutcome=not_applicable comment=matched merchant read with relation purpose=matched benchmark read auditReason= tracePath=[0:OPERATION:Merchant=query -> 1:REQUEST:Merchant= -> 2:RELATION:platform=Merchant.platform -> 3:PROVIDER:postgresql= -> 4:SQL:select=] mutationLineage=[]
SQL: -- TeaQL PLAIN
SELECT id, create_time AS createTime, last_update_time AS lastUpdateTime, name, version FROM platform_data WHERE (version > 0) AND (id = 1) LIMIT 1 OFFSET 0
[TeaQL SQL][query][440us] 1 rows returned outcome=success batchOutcome=not_applicable comment=matched update lookup purpose=matched benchmark write auditReason= tracePath=[0:OPERATION:Merchant=query -> 1:REQUEST:Merchant= -> 2:PROVIDER:postgresql= -> 3:SQL:select=] mutationLineage=[]
SQL: -- TeaQL PLAIN
SELECT id, name, code, external_id AS externalId, task_life_hours AS taskLifeHours, platform, version FROM merchant_data WHERE (version > 0) AND (external_id = 'matched-merchant') LIMIT 1000 OFFSET 0
[TeaQL SQL][mutation][362us] 1 rows affected outcome=success batchOutcome=not_applicable comment= purpose= auditReason=matched benchmark update tracePath=[0:OPERATION:Merchant=mutation -> 1:ENTITY:Merchant= -> 2:PROVIDER:postgresql= -> 3:SQL:update=] mutationLineage=[0:AUDIT_REASON:Merchant#1=matched benchmark update]
SQL: -- TeaQL PLAIN
UPDATE merchant_data SET task_life_hours = 48 , version = 1039 WHERE id = 1 AND version = 1038
[TeaQL SQL][query][281us] 1 rows returned outcome=success batchOutcome=not_applicable comment=matched benchmark update purpose=runtime: read authoritative persisted mutation result auditReason=matched benchmark update tracePath=[0:OPERATION:Merchant=query -> 1:REQUEST:Merchant= -> 2:PROVIDER:postgresql= -> 3:SQL:select=] mutationLineage=[0:AUDIT_REASON:Merchant#1=matched benchmark update]
SQL: -- TeaQL PLAIN
SELECT * FROM merchant_data WHERE id = 1
[TeaQL SQL][query][369us] 1 rows returned outcome=success batchOutcome=not_applicable comment=matched merchant read with relation purpose=matched benchmark read auditReason= tracePath=[0:OPERATION:Merchant=query -> 1:REQUEST:Merchant= -> 2:PROVIDER:postgresql= -> 3:SQL:select=] mutationLineage=[]
SQL: -- TeaQL PLAIN
SELECT id, name, code, external_id AS externalId, task_life_hours AS taskLifeHours, version, platform FROM merchant_data WHERE (version > 0) AND (external_id = 'matched-merchant') LIMIT 1000 OFFSET 0
[TeaQL SQL][query][377us] 1 rows returned outcome=success batchOutcome=not_applicable comment=matched merchant read with relation purpose=matched benchmark read auditReason= tracePath=[0:OPERATION:Merchant=query -> 1:REQUEST:Merchant= -> 2:RELATION:platform=Merchant.platform -> 3:PROVIDER:postgresql= -> 4:SQL:select=] mutationLineage=[]
SQL: -- TeaQL PLAIN
SELECT id, create_time AS createTime, last_update_time AS lastUpdateTime, name, version FROM platform_data WHERE (version > 0) AND (id = 1) LIMIT 1 OFFSET 0
[TeaQL SQL][query][566us] 1 rows returned outcome=success batchOutcome=not_applicable comment=matched update lookup purpose=matched benchmark write auditReason= tracePath=[0:OPERATION:Merchant=query -> 1:REQUEST:Merchant= -> 2:PROVIDER:postgresql= -> 3:SQL:select=] mutationLineage=[]
SQL: -- TeaQL PLAIN
SELECT id, name, code, external_id AS externalId, task_life_hours AS taskLifeHours, platform, version FROM merchant_data WHERE (version > 0) AND (external_id = 'matched-merchant') LIMIT 1000 OFFSET 0
[TeaQL SQL][mutation][440us] 1 rows affected outcome=success batchOutcome=not_applicable comment= purpose= auditReason=matched benchmark update tracePath=[0:OPERATION:Merchant=mutation -> 1:ENTITY:Merchant= -> 2:PROVIDER:postgresql= -> 3:SQL:update=] mutationLineage=[0:AUDIT_REASON:Merchant#1=matched benchmark update]
SQL: -- TeaQL PLAIN
UPDATE merchant_data SET task_life_hours = 49 , version = 1040 WHERE id = 1 AND version = 1039
[TeaQL SQL][query][358us] 1 rows returned outcome=success batchOutcome=not_applicable comment=matched benchmark update purpose=runtime: read authoritative persisted mutation result auditReason=matched benchmark update tracePath=[0:OPERATION:Merchant=query -> 1:REQUEST:Merchant= -> 2:PROVIDER:postgresql= -> 3:SQL:select=] mutationLineage=[0:AUDIT_REASON:Merchant#1=matched benchmark update]
SQL: -- TeaQL PLAIN
SELECT * FROM merchant_data WHERE id = 1
[TeaQL SQL][query][335us] 1 rows returned outcome=success batchOutcome=not_applicable comment=matched merchant read with relation purpose=matched benchmark read auditReason= tracePath=[0:OPERATION:Merchant=query -> 1:REQUEST:Merchant= -> 2:PROVIDER:postgresql= -> 3:SQL:select=] mutationLineage=[]
SQL: -- TeaQL PLAIN
SELECT id, name, code, external_id AS externalId, task_life_hours AS taskLifeHours, version, platform FROM merchant_data WHERE (version > 0) AND (external_id = 'matched-merchant') LIMIT 1000 OFFSET 0
[TeaQL SQL][query][319us] 1 rows returned outcome=success batchOutcome=not_applicable comment=matched merchant read with relation purpose=matched benchmark read auditReason= tracePath=[0:OPERATION:Merchant=query -> 1:REQUEST:Merchant= -> 2:RELATION:platform=Merchant.platform -> 3:PROVIDER:postgresql= -> 4:SQL:select=] mutationLineage=[]
SQL: -- TeaQL PLAIN
SELECT id, create_time AS createTime, last_update_time AS lastUpdateTime, name, version FROM platform_data WHERE (version > 0) AND (id = 1) LIMIT 1 OFFSET 0
[TeaQL SQL][query][543us] 1 rows returned outcome=success batchOutcome=not_applicable comment=matched update lookup purpose=matched benchmark write auditReason= tracePath=[0:OPERATION:Merchant=query -> 1:REQUEST:Merchant= -> 2:PROVIDER:postgresql= -> 3:SQL:select=] mutationLineage=[]
SQL: -- TeaQL PLAIN
SELECT id, name, code, external_id AS externalId, task_life_hours AS taskLifeHours, platform, version FROM merchant_data WHERE (version > 0) AND (external_id = 'matched-merchant') LIMIT 1000 OFFSET 0
[TeaQL SQL][mutation][428us] 1 rows affected outcome=success batchOutcome=not_applicable comment= purpose= auditReason=matched benchmark update tracePath=[0:OPERATION:Merchant=mutation -> 1:ENTITY:Merchant= -> 2:PROVIDER:postgresql= -> 3:SQL:update=] mutationLineage=[0:AUDIT_REASON:Merchant#1=matched benchmark update]
SQL: -- TeaQL PLAIN
UPDATE merchant_data SET task_life_hours = 48 , version = 1041 WHERE id = 1 AND version = 1040
[TeaQL SQL][query][366us] 1 rows returned outcome=success batchOutcome=not_applicable comment=matched benchmark update purpose=runtime: read authoritative persisted mutation result auditReason=matched benchmark update tracePath=[0:OPERATION:Merchant=query -> 1:REQUEST:Merchant= -> 2:PROVIDER:postgresql= -> 3:SQL:select=] mutationLineage=[0:AUDIT_REASON:Merchant#1=matched benchmark update]
SQL: -- TeaQL PLAIN
SELECT * FROM merchant_data WHERE id = 1
[TeaQL SQL][query][344us] 1 rows returned outcome=success batchOutcome=not_applicable comment=matched merchant read with relation purpose=matched benchmark read auditReason= tracePath=[0:OPERATION:Merchant=query -> 1:REQUEST:Merchant= -> 2:PROVIDER:postgresql= -> 3:SQL:select=] mutationLineage=[]
SQL: -- TeaQL PLAIN
SELECT id, name, code, external_id AS externalId, task_life_hours AS taskLifeHours, version, platform FROM merchant_data WHERE (version > 0) AND (external_id = 'matched-merchant') LIMIT 1000 OFFSET 0
[TeaQL SQL][query][408us] 1 rows returned outcome=success batchOutcome=not_applicable comment=matched merchant read with relation purpose=matched benchmark read auditReason= tracePath=[0:OPERATION:Merchant=query -> 1:REQUEST:Merchant= -> 2:RELATION:platform=Merchant.platform -> 3:PROVIDER:postgresql= -> 4:SQL:select=] mutationLineage=[]
SQL: -- TeaQL PLAIN
SELECT id, create_time AS createTime, last_update_time AS lastUpdateTime, name, version FROM platform_data WHERE (version > 0) AND (id = 1) LIMIT 1 OFFSET 0
[TeaQL SQL][query][538us] 1 rows returned outcome=success batchOutcome=not_applicable comment=matched update lookup purpose=matched benchmark write auditReason= tracePath=[0:OPERATION:Merchant=query -> 1:REQUEST:Merchant= -> 2:PROVIDER:postgresql= -> 3:SQL:select=] mutationLineage=[]
SQL: -- TeaQL PLAIN
SELECT id, name, code, external_id AS externalId, task_life_hours AS taskLifeHours, platform, version FROM merchant_data WHERE (version > 0) AND (external_id = 'matched-merchant') LIMIT 1000 OFFSET 0
[TeaQL SQL][mutation][521us] 1 rows affected outcome=success batchOutcome=not_applicable comment= purpose= auditReason=matched benchmark update tracePath=[0:OPERATION:Merchant=mutation -> 1:ENTITY:Merchant= -> 2:PROVIDER:postgresql= -> 3:SQL:update=] mutationLineage=[0:AUDIT_REASON:Merchant#1=matched benchmark update]
SQL: -- TeaQL PLAIN
UPDATE merchant_data SET task_life_hours = 49 , version = 1042 WHERE id = 1 AND version = 1041
[TeaQL SQL][query][404us] 1 rows returned outcome=success batchOutcome=not_applicable comment=matched benchmark update purpose=runtime: read authoritative persisted mutation result auditReason=matched benchmark update tracePath=[0:OPERATION:Merchant=query -> 1:REQUEST:Merchant= -> 2:PROVIDER:postgresql= -> 3:SQL:select=] mutationLineage=[0:AUDIT_REASON:Merchant#1=matched benchmark update]
SQL: -- TeaQL PLAIN
SELECT * FROM merchant_data WHERE id = 1
[TeaQL SQL][query][334us] 1 rows returned outcome=success batchOutcome=not_applicable comment=matched merchant read with relation purpose=matched benchmark read auditReason= tracePath=[0:OPERATION:Merchant=query -> 1:REQUEST:Merchant= -> 2:PROVIDER:postgresql= -> 3:SQL:select=] mutationLineage=[]
SQL: -- TeaQL PLAIN
SELECT id, name, code, external_id AS externalId, task_life_hours AS taskLifeHours, version, platform FROM merchant_data WHERE (version > 0) AND (external_id = 'matched-merchant') LIMIT 1000 OFFSET 0
[TeaQL SQL][query][371us] 1 rows returned outcome=success batchOutcome=not_applicable comment=matched merchant read with relation purpose=matched benchmark read auditReason= tracePath=[0:OPERATION:Merchant=query -> 1:REQUEST:Merchant= -> 2:RELATION:platform=Merchant.platform -> 3:PROVIDER:postgresql= -> 4:SQL:select=] mutationLineage=[]
SQL: -- TeaQL PLAIN
SELECT id, create_time AS createTime, last_update_time AS lastUpdateTime, name, version FROM platform_data WHERE (version > 0) AND (id = 1) LIMIT 1 OFFSET 0
[TeaQL SQL][query][455us] 1 rows returned outcome=success batchOutcome=not_applicable comment=matched update lookup purpose=matched benchmark write auditReason= tracePath=[0:OPERATION:Merchant=query -> 1:REQUEST:Merchant= -> 2:PROVIDER:postgresql= -> 3:SQL:select=] mutationLineage=[]
SQL: -- TeaQL PLAIN
SELECT id, name, code, external_id AS externalId, task_life_hours AS taskLifeHours, platform, version FROM merchant_data WHERE (version > 0) AND (external_id = 'matched-merchant') LIMIT 1000 OFFSET 0
[TeaQL SQL][mutation][391us] 1 rows affected outcome=success batchOutcome=not_applicable comment= purpose= auditReason=matched benchmark update tracePath=[0:OPERATION:Merchant=mutation -> 1:ENTITY:Merchant= -> 2:PROVIDER:postgresql= -> 3:SQL:update=] mutationLineage=[0:AUDIT_REASON:Merchant#1=matched benchmark update]
SQL: -- TeaQL PLAIN
UPDATE merchant_data SET task_life_hours = 48 , version = 1043 WHERE id = 1 AND version = 1042
[TeaQL SQL][query][321us] 1 rows returned outcome=success batchOutcome=not_applicable comment=matched benchmark update purpose=runtime: read authoritative persisted mutation result auditReason=matched benchmark update tracePath=[0:OPERATION:Merchant=query -> 1:REQUEST:Merchant= -> 2:PROVIDER:postgresql= -> 3:SQL:select=] mutationLineage=[0:AUDIT_REASON:Merchant#1=matched benchmark update]
SQL: -- TeaQL PLAIN
SELECT * FROM merchant_data WHERE id = 1
[TeaQL SQL][query][333us] 1 rows returned outcome=success batchOutcome=not_applicable comment=matched merchant read with relation purpose=matched benchmark read auditReason= tracePath=[0:OPERATION:Merchant=query -> 1:REQUEST:Merchant= -> 2:PROVIDER:postgresql= -> 3:SQL:select=] mutationLineage=[]
SQL: -- TeaQL PLAIN
SELECT id, name, code, external_id AS externalId, task_life_hours AS taskLifeHours, version, platform FROM merchant_data WHERE (version > 0) AND (external_id = 'matched-merchant') LIMIT 1000 OFFSET 0
[TeaQL SQL][query][319us] 1 rows returned outcome=success batchOutcome=not_applicable comment=matched merchant read with relation purpose=matched benchmark read auditReason= tracePath=[0:OPERATION:Merchant=query -> 1:REQUEST:Merchant= -> 2:RELATION:platform=Merchant.platform -> 3:PROVIDER:postgresql= -> 4:SQL:select=] mutationLineage=[]
SQL: -- TeaQL PLAIN
SELECT id, create_time AS createTime, last_update_time AS lastUpdateTime, name, version FROM platform_data WHERE (version > 0) AND (id = 1) LIMIT 1 OFFSET 0
[TeaQL SQL][query][494us] 1 rows returned outcome=success batchOutcome=not_applicable comment=matched update lookup purpose=matched benchmark write auditReason= tracePath=[0:OPERATION:Merchant=query -> 1:REQUEST:Merchant= -> 2:PROVIDER:postgresql= -> 3:SQL:select=] mutationLineage=[]
SQL: -- TeaQL PLAIN
SELECT id, name, code, external_id AS externalId, task_life_hours AS taskLifeHours, platform, version FROM merchant_data WHERE (version > 0) AND (external_id = 'matched-merchant') LIMIT 1000 OFFSET 0
[TeaQL SQL][mutation][357us] 1 rows affected outcome=success batchOutcome=not_applicable comment= purpose= auditReason=matched benchmark update tracePath=[0:OPERATION:Merchant=mutation -> 1:ENTITY:Merchant= -> 2:PROVIDER:postgresql= -> 3:SQL:update=] mutationLineage=[0:AUDIT_REASON:Merchant#1=matched benchmark update]
SQL: -- TeaQL PLAIN
UPDATE merchant_data SET task_life_hours = 49 , version = 1044 WHERE id = 1 AND version = 1043
[TeaQL SQL][query][285us] 1 rows returned outcome=success batchOutcome=not_applicable comment=matched benchmark update purpose=runtime: read authoritative persisted mutation result auditReason=matched benchmark update tracePath=[0:OPERATION:Merchant=query -> 1:REQUEST:Merchant= -> 2:PROVIDER:postgresql= -> 3:SQL:select=] mutationLineage=[0:AUDIT_REASON:Merchant#1=matched benchmark update]
SQL: -- TeaQL PLAIN
SELECT * FROM merchant_data WHERE id = 1
[TeaQL SQL][query][266us] 1 rows returned outcome=success batchOutcome=not_applicable comment=matched merchant read with relation purpose=matched benchmark read auditReason= tracePath=[0:OPERATION:Merchant=query -> 1:REQUEST:Merchant= -> 2:PROVIDER:postgresql= -> 3:SQL:select=] mutationLineage=[]
SQL: -- TeaQL PLAIN
SELECT id, name, code, external_id AS externalId, task_life_hours AS taskLifeHours, version, platform FROM merchant_data WHERE (version > 0) AND (external_id = 'matched-merchant') LIMIT 1000 OFFSET 0
[TeaQL SQL][query][289us] 1 rows returned outcome=success batchOutcome=not_applicable comment=matched merchant read with relation purpose=matched benchmark read auditReason= tracePath=[0:OPERATION:Merchant=query -> 1:REQUEST:Merchant= -> 2:RELATION:platform=Merchant.platform -> 3:PROVIDER:postgresql= -> 4:SQL:select=] mutationLineage=[]
SQL: -- TeaQL PLAIN
SELECT id, create_time AS createTime, last_update_time AS lastUpdateTime, name, version FROM platform_data WHERE (version > 0) AND (id = 1) LIMIT 1 OFFSET 0
[TeaQL SQL][query][526us] 1 rows returned outcome=success batchOutcome=not_applicable comment=matched update lookup purpose=matched benchmark write auditReason= tracePath=[0:OPERATION:Merchant=query -> 1:REQUEST:Merchant= -> 2:PROVIDER:postgresql= -> 3:SQL:select=] mutationLineage=[]
SQL: -- TeaQL PLAIN
SELECT id, name, code, external_id AS externalId, task_life_hours AS taskLifeHours, platform, version FROM merchant_data WHERE (version > 0) AND (external_id = 'matched-merchant') LIMIT 1000 OFFSET 0
[TeaQL SQL][mutation][434us] 1 rows affected outcome=success batchOutcome=not_applicable comment= purpose= auditReason=matched benchmark update tracePath=[0:OPERATION:Merchant=mutation -> 1:ENTITY:Merchant= -> 2:PROVIDER:postgresql= -> 3:SQL:update=] mutationLineage=[0:AUDIT_REASON:Merchant#1=matched benchmark update]
SQL: -- TeaQL PLAIN
UPDATE merchant_data SET task_life_hours = 48 , version = 1045 WHERE id = 1 AND version = 1044
[TeaQL SQL][query][383us] 1 rows returned outcome=success batchOutcome=not_applicable comment=matched benchmark update purpose=runtime: read authoritative persisted mutation result auditReason=matched benchmark update tracePath=[0:OPERATION:Merchant=query -> 1:REQUEST:Merchant= -> 2:PROVIDER:postgresql= -> 3:SQL:select=] mutationLineage=[0:AUDIT_REASON:Merchant#1=matched benchmark update]
SQL: -- TeaQL PLAIN
SELECT * FROM merchant_data WHERE id = 1
[TeaQL SQL][query][353us] 1 rows returned outcome=success batchOutcome=not_applicable comment=matched merchant read with relation purpose=matched benchmark read auditReason= tracePath=[0:OPERATION:Merchant=query -> 1:REQUEST:Merchant= -> 2:PROVIDER:postgresql= -> 3:SQL:select=] mutationLineage=[]
SQL: -- TeaQL PLAIN
SELECT id, name, code, external_id AS externalId, task_life_hours AS taskLifeHours, version, platform FROM merchant_data WHERE (version > 0) AND (external_id = 'matched-merchant') LIMIT 1000 OFFSET 0
[TeaQL SQL][query][363us] 1 rows returned outcome=success batchOutcome=not_applicable comment=matched merchant read with relation purpose=matched benchmark read auditReason= tracePath=[0:OPERATION:Merchant=query -> 1:REQUEST:Merchant= -> 2:RELATION:platform=Merchant.platform -> 3:PROVIDER:postgresql= -> 4:SQL:select=] mutationLineage=[]
SQL: -- TeaQL PLAIN
SELECT id, create_time AS createTime, last_update_time AS lastUpdateTime, name, version FROM platform_data WHERE (version > 0) AND (id = 1) LIMIT 1 OFFSET 0
[TeaQL SQL][query][595us] 1 rows returned outcome=success batchOutcome=not_applicable comment=matched update lookup purpose=matched benchmark write auditReason= tracePath=[0:OPERATION:Merchant=query -> 1:REQUEST:Merchant= -> 2:PROVIDER:postgresql= -> 3:SQL:select=] mutationLineage=[]
SQL: -- TeaQL PLAIN
SELECT id, name, code, external_id AS externalId, task_life_hours AS taskLifeHours, platform, version FROM merchant_data WHERE (version > 0) AND (external_id = 'matched-merchant') LIMIT 1000 OFFSET 0
[TeaQL SQL][mutation][412us] 1 rows affected outcome=success batchOutcome=not_applicable comment= purpose= auditReason=matched benchmark update tracePath=[0:OPERATION:Merchant=mutation -> 1:ENTITY:Merchant= -> 2:PROVIDER:postgresql= -> 3:SQL:update=] mutationLineage=[0:AUDIT_REASON:Merchant#1=matched benchmark update]
SQL: -- TeaQL PLAIN
UPDATE merchant_data SET task_life_hours = 49 , version = 1046 WHERE id = 1 AND version = 1045
[TeaQL SQL][query][309us] 1 rows returned outcome=success batchOutcome=not_applicable comment=matched benchmark update purpose=runtime: read authoritative persisted mutation result auditReason=matched benchmark update tracePath=[0:OPERATION:Merchant=query -> 1:REQUEST:Merchant= -> 2:PROVIDER:postgresql= -> 3:SQL:select=] mutationLineage=[0:AUDIT_REASON:Merchant#1=matched benchmark update]
SQL: -- TeaQL PLAIN
SELECT * FROM merchant_data WHERE id = 1
[TeaQL SQL][query][339us] 1 rows returned outcome=success batchOutcome=not_applicable comment=matched merchant read with relation purpose=matched benchmark read auditReason= tracePath=[0:OPERATION:Merchant=query -> 1:REQUEST:Merchant= -> 2:PROVIDER:postgresql= -> 3:SQL:select=] mutationLineage=[]
SQL: -- TeaQL PLAIN
SELECT id, name, code, external_id AS externalId, task_life_hours AS taskLifeHours, version, platform FROM merchant_data WHERE (version > 0) AND (external_id = 'matched-merchant') LIMIT 1000 OFFSET 0
[TeaQL SQL][query][386us] 1 rows returned outcome=success batchOutcome=not_applicable comment=matched merchant read with relation purpose=matched benchmark read auditReason= tracePath=[0:OPERATION:Merchant=query -> 1:REQUEST:Merchant= -> 2:RELATION:platform=Merchant.platform -> 3:PROVIDER:postgresql= -> 4:SQL:select=] mutationLineage=[]
SQL: -- TeaQL PLAIN
SELECT id, create_time AS createTime, last_update_time AS lastUpdateTime, name, version FROM platform_data WHERE (version > 0) AND (id = 1) LIMIT 1 OFFSET 0
[TeaQL SQL][query][376us] 1 rows returned outcome=success batchOutcome=not_applicable comment=matched update lookup purpose=matched benchmark write auditReason= tracePath=[0:OPERATION:Merchant=query -> 1:REQUEST:Merchant= -> 2:PROVIDER:postgresql= -> 3:SQL:select=] mutationLineage=[]
SQL: -- TeaQL PLAIN
SELECT id, name, code, external_id AS externalId, task_life_hours AS taskLifeHours, platform, version FROM merchant_data WHERE (version > 0) AND (external_id = 'matched-merchant') LIMIT 1000 OFFSET 0
[TeaQL SQL][mutation][277us] 1 rows affected outcome=success batchOutcome=not_applicable comment= purpose= auditReason=matched benchmark update tracePath=[0:OPERATION:Merchant=mutation -> 1:ENTITY:Merchant= -> 2:PROVIDER:postgresql= -> 3:SQL:update=] mutationLineage=[0:AUDIT_REASON:Merchant#1=matched benchmark update]
SQL: -- TeaQL PLAIN
UPDATE merchant_data SET task_life_hours = 48 , version = 1047 WHERE id = 1 AND version = 1046
[TeaQL SQL][query][271us] 1 rows returned outcome=success batchOutcome=not_applicable comment=matched benchmark update purpose=runtime: read authoritative persisted mutation result auditReason=matched benchmark update tracePath=[0:OPERATION:Merchant=query -> 1:REQUEST:Merchant= -> 2:PROVIDER:postgresql= -> 3:SQL:select=] mutationLineage=[0:AUDIT_REASON:Merchant#1=matched benchmark update]
SQL: -- TeaQL PLAIN
SELECT * FROM merchant_data WHERE id = 1
[TeaQL SQL][query][358us] 1 rows returned outcome=success batchOutcome=not_applicable comment=matched merchant read with relation purpose=matched benchmark read auditReason= tracePath=[0:OPERATION:Merchant=query -> 1:REQUEST:Merchant= -> 2:PROVIDER:postgresql= -> 3:SQL:select=] mutationLineage=[]
SQL: -- TeaQL PLAIN
SELECT id, name, code, external_id AS externalId, task_life_hours AS taskLifeHours, version, platform FROM merchant_data WHERE (version > 0) AND (external_id = 'matched-merchant') LIMIT 1000 OFFSET 0
[TeaQL SQL][query][339us] 1 rows returned outcome=success batchOutcome=not_applicable comment=matched merchant read with relation purpose=matched benchmark read auditReason= tracePath=[0:OPERATION:Merchant=query -> 1:REQUEST:Merchant= -> 2:RELATION:platform=Merchant.platform -> 3:PROVIDER:postgresql= -> 4:SQL:select=] mutationLineage=[]
SQL: -- TeaQL PLAIN
SELECT id, create_time AS createTime, last_update_time AS lastUpdateTime, name, version FROM platform_data WHERE (version > 0) AND (id = 1) LIMIT 1 OFFSET 0
