Started StandaloneProbe in 0.394 seconds
[TeaQL SQL][query][242527us] 1 rows returned outcome=success batchOutcome=not_applicable comment=matched merchant read with relation purpose=matched benchmark read auditReason= tracePath=[0:OPERATION:Merchant=query -> 1:REQUEST:Merchant= -> 2:PROVIDER:postgresql= -> 3:SQL:select=] mutationLineage=[]
SQL: -- TeaQL PLAIN
SELECT id, name, code, external_id AS externalId, task_life_hours AS taskLifeHours, version, platform FROM merchant_data WHERE (version > 0) AND (external_id = 'matched-merchant') LIMIT 1000 OFFSET 0
[TeaQL SQL][query][1933us] 1 rows returned outcome=success batchOutcome=not_applicable comment=matched merchant read with relation purpose=matched benchmark read auditReason= tracePath=[0:OPERATION:Merchant=query -> 1:REQUEST:Merchant= -> 2:RELATION:platform=Merchant.platform -> 3:PROVIDER:postgresql= -> 4:SQL:select=] mutationLineage=[]
SQL: -- TeaQL PLAIN
SELECT id, create_time AS createTime, last_update_time AS lastUpdateTime, name, version FROM platform_data WHERE (version > 0) AND (id = 1) LIMIT 1 OFFSET 0
[TeaQL SQL][query][911us] 1 rows returned outcome=success batchOutcome=not_applicable comment=matched merchant read with relation purpose=matched benchmark read auditReason= tracePath=[0:OPERATION:Merchant=query -> 1:REQUEST:Merchant= -> 2:PROVIDER:postgresql= -> 3:SQL:select=] mutationLineage=[]
SQL: -- TeaQL PLAIN
SELECT id, name, code, external_id AS externalId, task_life_hours AS taskLifeHours, version, platform FROM merchant_data WHERE (version > 0) AND (external_id = 'matched-merchant') LIMIT 1000 OFFSET 0
[TeaQL SQL][query][743us] 1 rows returned outcome=success batchOutcome=not_applicable comment=matched merchant read with relation purpose=matched benchmark read auditReason= tracePath=[0:OPERATION:Merchant=query -> 1:REQUEST:Merchant= -> 2:RELATION:platform=Merchant.platform -> 3:PROVIDER:postgresql= -> 4:SQL:select=] mutationLineage=[]
SQL: -- TeaQL PLAIN
SELECT id, create_time AS createTime, last_update_time AS lastUpdateTime, name, version FROM platform_data WHERE (version > 0) AND (id = 1) LIMIT 1 OFFSET 0
[TeaQL SQL][query][650us] 1 rows returned outcome=success batchOutcome=not_applicable comment=matched merchant read with relation purpose=matched benchmark read auditReason= tracePath=[0:OPERATION:Merchant=query -> 1:REQUEST:Merchant= -> 2:PROVIDER:postgresql= -> 3:SQL:select=] mutationLineage=[]
SQL: -- TeaQL PLAIN
SELECT id, name, code, external_id AS externalId, task_life_hours AS taskLifeHours, version, platform FROM merchant_data WHERE (version > 0) AND (external_id = 'matched-merchant') LIMIT 1000 OFFSET 0
[TeaQL SQL][query][753us] 1 rows returned outcome=success batchOutcome=not_applicable comment=matched merchant read with relation purpose=matched benchmark read auditReason= tracePath=[0:OPERATION:Merchant=query -> 1:REQUEST:Merchant= -> 2:RELATION:platform=Merchant.platform -> 3:PROVIDER:postgresql= -> 4:SQL:select=] mutationLineage=[]
SQL: -- TeaQL PLAIN
SELECT id, create_time AS createTime, last_update_time AS lastUpdateTime, name, version FROM platform_data WHERE (version > 0) AND (id = 1) LIMIT 1 OFFSET 0
[TeaQL SQL][query][616us] 1 rows returned outcome=success batchOutcome=not_applicable comment=matched merchant read with relation purpose=matched benchmark read auditReason= tracePath=[0:OPERATION:Merchant=query -> 1:REQUEST:Merchant= -> 2:PROVIDER:postgresql= -> 3:SQL:select=] mutationLineage=[]
SQL: -- TeaQL PLAIN
SELECT id, name, code, external_id AS externalId, task_life_hours AS taskLifeHours, version, platform FROM merchant_data WHERE (version > 0) AND (external_id = 'matched-merchant') LIMIT 1000 OFFSET 0
[TeaQL SQL][query][696us] 1 rows returned outcome=success batchOutcome=not_applicable comment=matched merchant read with relation purpose=matched benchmark read auditReason= tracePath=[0:OPERATION:Merchant=query -> 1:REQUEST:Merchant= -> 2:RELATION:platform=Merchant.platform -> 3:PROVIDER:postgresql= -> 4:SQL:select=] mutationLineage=[]
SQL: -- TeaQL PLAIN
SELECT id, create_time AS createTime, last_update_time AS lastUpdateTime, name, version FROM platform_data WHERE (version > 0) AND (id = 1) LIMIT 1 OFFSET 0
[TeaQL SQL][query][861us] 1 rows returned outcome=success batchOutcome=not_applicable comment=matched merchant read with relation purpose=matched benchmark read auditReason= tracePath=[0:OPERATION:Merchant=query -> 1:REQUEST:Merchant= -> 2:PROVIDER:postgresql= -> 3:SQL:select=] mutationLineage=[]
SQL: -- TeaQL PLAIN
SELECT id, name, code, external_id AS externalId, task_life_hours AS taskLifeHours, version, platform FROM merchant_data WHERE (version > 0) AND (external_id = 'matched-merchant') LIMIT 1000 OFFSET 0
[TeaQL SQL][query][952us] 1 rows returned outcome=success batchOutcome=not_applicable comment=matched merchant read with relation purpose=matched benchmark read auditReason= tracePath=[0:OPERATION:Merchant=query -> 1:REQUEST:Merchant= -> 2:RELATION:platform=Merchant.platform -> 3:PROVIDER:postgresql= -> 4:SQL:select=] mutationLineage=[]
SQL: -- TeaQL PLAIN
SELECT id, create_time AS createTime, last_update_time AS lastUpdateTime, name, version FROM platform_data WHERE (version > 0) AND (id = 1) LIMIT 1 OFFSET 0
[TeaQL SQL][query][664us] 1 rows returned outcome=success batchOutcome=not_applicable comment=matched merchant read with relation purpose=matched benchmark read auditReason= tracePath=[0:OPERATION:Merchant=query -> 1:REQUEST:Merchant= -> 2:PROVIDER:postgresql= -> 3:SQL:select=] mutationLineage=[]
SQL: -- TeaQL PLAIN
SELECT id, name, code, external_id AS externalId, task_life_hours AS taskLifeHours, version, platform FROM merchant_data WHERE (version > 0) AND (external_id = 'matched-merchant') LIMIT 1000 OFFSET 0
[TeaQL SQL][query][1101us] 1 rows returned outcome=success batchOutcome=not_applicable comment=matched merchant read with relation purpose=matched benchmark read auditReason= tracePath=[0:OPERATION:Merchant=query -> 1:REQUEST:Merchant= -> 2:RELATION:platform=Merchant.platform -> 3:PROVIDER:postgresql= -> 4:SQL:select=] mutationLineage=[]
SQL: -- TeaQL PLAIN
SELECT id, create_time AS createTime, last_update_time AS lastUpdateTime, name, version FROM platform_data WHERE (version > 0) AND (id = 1) LIMIT 1 OFFSET 0
[TeaQL SQL][query][518us] 1 rows returned outcome=success batchOutcome=not_applicable comment=matched merchant read with relation purpose=matched benchmark read auditReason= tracePath=[0:OPERATION:Merchant=query -> 1:REQUEST:Merchant= -> 2:PROVIDER:postgresql= -> 3:SQL:select=] mutationLineage=[]
SQL: -- TeaQL PLAIN
SELECT id, name, code, external_id AS externalId, task_life_hours AS taskLifeHours, version, platform FROM merchant_data WHERE (version > 0) AND (external_id = 'matched-merchant') LIMIT 1000 OFFSET 0
[TeaQL SQL][query][627us] 1 rows returned outcome=success batchOutcome=not_applicable comment=matched merchant read with relation purpose=matched benchmark read auditReason= tracePath=[0:OPERATION:Merchant=query -> 1:REQUEST:Merchant= -> 2:RELATION:platform=Merchant.platform -> 3:PROVIDER:postgresql= -> 4:SQL:select=] mutationLineage=[]
SQL: -- TeaQL PLAIN
SELECT id, create_time AS createTime, last_update_time AS lastUpdateTime, name, version FROM platform_data WHERE (version > 0) AND (id = 1) LIMIT 1 OFFSET 0
[TeaQL SQL][query][528us] 1 rows returned outcome=success batchOutcome=not_applicable comment=matched merchant read with relation purpose=matched benchmark read auditReason= tracePath=[0:OPERATION:Merchant=query -> 1:REQUEST:Merchant= -> 2:PROVIDER:postgresql= -> 3:SQL:select=] mutationLineage=[]
SQL: -- TeaQL PLAIN
SELECT id, name, code, external_id AS externalId, task_life_hours AS taskLifeHours, version, platform FROM merchant_data WHERE (version > 0) AND (external_id = 'matched-merchant') LIMIT 1000 OFFSET 0
[TeaQL SQL][query][604us] 1 rows returned outcome=success batchOutcome=not_applicable comment=matched merchant read with relation purpose=matched benchmark read auditReason= tracePath=[0:OPERATION:Merchant=query -> 1:REQUEST:Merchant= -> 2:RELATION:platform=Merchant.platform -> 3:PROVIDER:postgresql= -> 4:SQL:select=] mutationLineage=[]
SQL: -- TeaQL PLAIN
SELECT id, create_time AS createTime, last_update_time AS lastUpdateTime, name, version FROM platform_data WHERE (version > 0) AND (id = 1) LIMIT 1 OFFSET 0
[TeaQL SQL][query][778us] 1 rows returned outcome=success batchOutcome=not_applicable comment=matched merchant read with relation purpose=matched benchmark read auditReason= tracePath=[0:OPERATION:Merchant=query -> 1:REQUEST:Merchant= -> 2:PROVIDER:postgresql= -> 3:SQL:select=] mutationLineage=[]
SQL: -- TeaQL PLAIN
SELECT id, name, code, external_id AS externalId, task_life_hours AS taskLifeHours, version, platform FROM merchant_data WHERE (version > 0) AND (external_id = 'matched-merchant') LIMIT 1000 OFFSET 0
[TeaQL SQL][query][840us] 1 rows returned outcome=success batchOutcome=not_applicable comment=matched merchant read with relation purpose=matched benchmark read auditReason= tracePath=[0:OPERATION:Merchant=query -> 1:REQUEST:Merchant= -> 2:RELATION:platform=Merchant.platform -> 3:PROVIDER:postgresql= -> 4:SQL:select=] mutationLineage=[]
SQL: -- TeaQL PLAIN
SELECT id, create_time AS createTime, last_update_time AS lastUpdateTime, name, version FROM platform_data WHERE (version > 0) AND (id = 1) LIMIT 1 OFFSET 0
[TeaQL SQL][query][781us] 1 rows returned outcome=success batchOutcome=not_applicable comment=matched merchant read with relation purpose=matched benchmark read auditReason= tracePath=[0:OPERATION:Merchant=query -> 1:REQUEST:Merchant= -> 2:PROVIDER:postgresql= -> 3:SQL:select=] mutationLineage=[]
SQL: -- TeaQL PLAIN
SELECT id, name, code, external_id AS externalId, task_life_hours AS taskLifeHours, version, platform FROM merchant_data WHERE (version > 0) AND (external_id = 'matched-merchant') LIMIT 1000 OFFSET 0
[TeaQL SQL][query][880us] 1 rows returned outcome=success batchOutcome=not_applicable comment=matched merchant read with relation purpose=matched benchmark read auditReason= tracePath=[0:OPERATION:Merchant=query -> 1:REQUEST:Merchant= -> 2:RELATION:platform=Merchant.platform -> 3:PROVIDER:postgresql= -> 4:SQL:select=] mutationLineage=[]
SQL: -- TeaQL PLAIN
SELECT id, create_time AS createTime, last_update_time AS lastUpdateTime, name, version FROM platform_data WHERE (version > 0) AND (id = 1) LIMIT 1 OFFSET 0
[TeaQL SQL][query][645us] 1 rows returned outcome=success batchOutcome=not_applicable comment=matched merchant read with relation purpose=matched benchmark read auditReason= tracePath=[0:OPERATION:Merchant=query -> 1:REQUEST:Merchant= -> 2:PROVIDER:postgresql= -> 3:SQL:select=] mutationLineage=[]
SQL: -- TeaQL PLAIN
SELECT id, name, code, external_id AS externalId, task_life_hours AS taskLifeHours, version, platform FROM merchant_data WHERE (version > 0) AND (external_id = 'matched-merchant') LIMIT 1000 OFFSET 0
[TeaQL SQL][query][662us] 1 rows returned outcome=success batchOutcome=not_applicable comment=matched merchant read with relation purpose=matched benchmark read auditReason= tracePath=[0:OPERATION:Merchant=query -> 1:REQUEST:Merchant= -> 2:RELATION:platform=Merchant.platform -> 3:PROVIDER:postgresql= -> 4:SQL:select=] mutationLineage=[]
SQL: -- TeaQL PLAIN
SELECT id, create_time AS createTime, last_update_time AS lastUpdateTime, name, version FROM platform_data WHERE (version > 0) AND (id = 1) LIMIT 1 OFFSET 0
[TeaQL SQL][query][572us] 1 rows returned outcome=success batchOutcome=not_applicable comment=matched merchant read with relation purpose=matched benchmark read auditReason= tracePath=[0:OPERATION:Merchant=query -> 1:REQUEST:Merchant= -> 2:PROVIDER:postgresql= -> 3:SQL:select=] mutationLineage=[]
SQL: -- TeaQL PLAIN
SELECT id, name, code, external_id AS externalId, task_life_hours AS taskLifeHours, version, platform FROM merchant_data WHERE (version > 0) AND (external_id = 'matched-merchant') LIMIT 1000 OFFSET 0
[TeaQL SQL][query][676us] 1 rows returned outcome=success batchOutcome=not_applicable comment=matched merchant read with relation purpose=matched benchmark read auditReason= tracePath=[0:OPERATION:Merchant=query -> 1:REQUEST:Merchant= -> 2:RELATION:platform=Merchant.platform -> 3:PROVIDER:postgresql= -> 4:SQL:select=] mutationLineage=[]
SQL: -- TeaQL PLAIN
SELECT id, create_time AS createTime, last_update_time AS lastUpdateTime, name, version FROM platform_data WHERE (version > 0) AND (id = 1) LIMIT 1 OFFSET 0
[TeaQL SQL][query][660us] 1 rows returned outcome=success batchOutcome=not_applicable comment=matched merchant read with relation purpose=matched benchmark read auditReason= tracePath=[0:OPERATION:Merchant=query -> 1:REQUEST:Merchant= -> 2:PROVIDER:postgresql= -> 3:SQL:select=] mutationLineage=[]
SQL: -- TeaQL PLAIN
SELECT id, name, code, external_id AS externalId, task_life_hours AS taskLifeHours, version, platform FROM merchant_data WHERE (version > 0) AND (external_id = 'matched-merchant') LIMIT 1000 OFFSET 0
[TeaQL SQL][query][650us] 1 rows returned outcome=success batchOutcome=not_applicable comment=matched merchant read with relation purpose=matched benchmark read auditReason= tracePath=[0:OPERATION:Merchant=query -> 1:REQUEST:Merchant= -> 2:RELATION:platform=Merchant.platform -> 3:PROVIDER:postgresql= -> 4:SQL:select=] mutationLineage=[]
SQL: -- TeaQL PLAIN
SELECT id, create_time AS createTime, last_update_time AS lastUpdateTime, name, version FROM platform_data WHERE (version > 0) AND (id = 1) LIMIT 1 OFFSET 0
[TeaQL SQL][query][580us] 1 rows returned outcome=success batchOutcome=not_applicable comment=matched merchant read with relation purpose=matched benchmark read auditReason= tracePath=[0:OPERATION:Merchant=query -> 1:REQUEST:Merchant= -> 2:PROVIDER:postgresql= -> 3:SQL:select=] mutationLineage=[]
SQL: -- TeaQL PLAIN
SELECT id, name, code, external_id AS externalId, task_life_hours AS taskLifeHours, version, platform FROM merchant_data WHERE (version > 0) AND (external_id = 'matched-merchant') LIMIT 1000 OFFSET 0
[TeaQL SQL][query][541us] 1 rows returned outcome=success batchOutcome=not_applicable comment=matched merchant read with relation purpose=matched benchmark read auditReason= tracePath=[0:OPERATION:Merchant=query -> 1:REQUEST:Merchant= -> 2:RELATION:platform=Merchant.platform -> 3:PROVIDER:postgresql= -> 4:SQL:select=] mutationLineage=[]
SQL: -- TeaQL PLAIN
SELECT id, create_time AS createTime, last_update_time AS lastUpdateTime, name, version FROM platform_data WHERE (version > 0) AND (id = 1) LIMIT 1 OFFSET 0
[TeaQL SQL][query][587us] 1 rows returned outcome=success batchOutcome=not_applicable comment=matched merchant read with relation purpose=matched benchmark read auditReason= tracePath=[0:OPERATION:Merchant=query -> 1:REQUEST:Merchant= -> 2:PROVIDER:postgresql= -> 3:SQL:select=] mutationLineage=[]
SQL: -- TeaQL PLAIN
SELECT id, name, code, external_id AS externalId, task_life_hours AS taskLifeHours, version, platform FROM merchant_data WHERE (version > 0) AND (external_id = 'matched-merchant') LIMIT 1000 OFFSET 0
[TeaQL SQL][query][615us] 1 rows returned outcome=success batchOutcome=not_applicable comment=matched merchant read with relation purpose=matched benchmark read auditReason= tracePath=[0:OPERATION:Merchant=query -> 1:REQUEST:Merchant= -> 2:RELATION:platform=Merchant.platform -> 3:PROVIDER:postgresql= -> 4:SQL:select=] mutationLineage=[]
SQL: -- TeaQL PLAIN
SELECT id, create_time AS createTime, last_update_time AS lastUpdateTime, name, version FROM platform_data WHERE (version > 0) AND (id = 1) LIMIT 1 OFFSET 0
[TeaQL SQL][query][489us] 1 rows returned outcome=success batchOutcome=not_applicable comment=matched merchant read with relation purpose=matched benchmark read auditReason= tracePath=[0:OPERATION:Merchant=query -> 1:REQUEST:Merchant= -> 2:PROVIDER:postgresql= -> 3:SQL:select=] mutationLineage=[]
SQL: -- TeaQL PLAIN
SELECT id, name, code, external_id AS externalId, task_life_hours AS taskLifeHours, version, platform FROM merchant_data WHERE (version > 0) AND (external_id = 'matched-merchant') LIMIT 1000 OFFSET 0
[TeaQL SQL][query][670us] 1 rows returned outcome=success batchOutcome=not_applicable comment=matched merchant read with relation purpose=matched benchmark read auditReason= tracePath=[0:OPERATION:Merchant=query -> 1:REQUEST:Merchant= -> 2:RELATION:platform=Merchant.platform -> 3:PROVIDER:postgresql= -> 4:SQL:select=] mutationLineage=[]
SQL: -- TeaQL PLAIN
SELECT id, create_time AS createTime, last_update_time AS lastUpdateTime, name, version FROM platform_data WHERE (version > 0) AND (id = 1) LIMIT 1 OFFSET 0
[TeaQL SQL][query][568us] 1 rows returned outcome=success batchOutcome=not_applicable comment=matched merchant read with relation purpose=matched benchmark read auditReason= tracePath=[0:OPERATION:Merchant=query -> 1:REQUEST:Merchant= -> 2:PROVIDER:postgresql= -> 3:SQL:select=] mutationLineage=[]
SQL: -- TeaQL PLAIN
SELECT id, name, code, external_id AS externalId, task_life_hours AS taskLifeHours, version, platform FROM merchant_data WHERE (version > 0) AND (external_id = 'matched-merchant') LIMIT 1000 OFFSET 0
[TeaQL SQL][query][611us] 1 rows returned outcome=success batchOutcome=not_applicable comment=matched merchant read with relation purpose=matched benchmark read auditReason= tracePath=[0:OPERATION:Merchant=query -> 1:REQUEST:Merchant= -> 2:RELATION:platform=Merchant.platform -> 3:PROVIDER:postgresql= -> 4:SQL:select=] mutationLineage=[]
SQL: -- TeaQL PLAIN
SELECT id, create_time AS createTime, last_update_time AS lastUpdateTime, name, version FROM platform_data WHERE (version > 0) AND (id = 1) LIMIT 1 OFFSET 0
[TeaQL SQL][query][393us] 1 rows returned outcome=success batchOutcome=not_applicable comment=matched merchant read with relation purpose=matched benchmark read auditReason= tracePath=[0:OPERATION:Merchant=query -> 1:REQUEST:Merchant= -> 2:PROVIDER:postgresql= -> 3:SQL:select=] mutationLineage=[]
SQL: -- TeaQL PLAIN
SELECT id, name, code, external_id AS externalId, task_life_hours AS taskLifeHours, version, platform FROM merchant_data WHERE (version > 0) AND (external_id = 'matched-merchant') LIMIT 1000 OFFSET 0
[TeaQL SQL][query][464us] 1 rows returned outcome=success batchOutcome=not_applicable comment=matched merchant read with relation purpose=matched benchmark read auditReason= tracePath=[0:OPERATION:Merchant=query -> 1:REQUEST:Merchant= -> 2:RELATION:platform=Merchant.platform -> 3:PROVIDER:postgresql= -> 4:SQL:select=] mutationLineage=[]
SQL: -- TeaQL PLAIN
SELECT id, create_time AS createTime, last_update_time AS lastUpdateTime, name, version FROM platform_data WHERE (version > 0) AND (id = 1) LIMIT 1 OFFSET 0
[TeaQL SQL][query][381us] 1 rows returned outcome=success batchOutcome=not_applicable comment=matched merchant read with relation purpose=matched benchmark read auditReason= tracePath=[0:OPERATION:Merchant=query -> 1:REQUEST:Merchant= -> 2:PROVIDER:postgresql= -> 3:SQL:select=] mutationLineage=[]
SQL: -- TeaQL PLAIN
SELECT id, name, code, external_id AS externalId, task_life_hours AS taskLifeHours, version, platform FROM merchant_data WHERE (version > 0) AND (external_id = 'matched-merchant') LIMIT 1000 OFFSET 0
[TeaQL SQL][query][441us] 1 rows returned outcome=success batchOutcome=not_applicable comment=matched merchant read with relation purpose=matched benchmark read auditReason= tracePath=[0:OPERATION:Merchant=query -> 1:REQUEST:Merchant= -> 2:RELATION:platform=Merchant.platform -> 3:PROVIDER:postgresql= -> 4:SQL:select=] mutationLineage=[]
SQL: -- TeaQL PLAIN
SELECT id, create_time AS createTime, last_update_time AS lastUpdateTime, name, version FROM platform_data WHERE (version > 0) AND (id = 1) LIMIT 1 OFFSET 0
[TeaQL SQL][query][444us] 1 rows returned outcome=success batchOutcome=not_applicable comment=matched merchant read with relation purpose=matched benchmark read auditReason= tracePath=[0:OPERATION:Merchant=query -> 1:REQUEST:Merchant= -> 2:PROVIDER:postgresql= -> 3:SQL:select=] mutationLineage=[]
SQL: -- TeaQL PLAIN
SELECT id, name, code, external_id AS externalId, task_life_hours AS taskLifeHours, version, platform FROM merchant_data WHERE (version > 0) AND (external_id = 'matched-merchant') LIMIT 1000 OFFSET 0
[TeaQL SQL][query][511us] 1 rows returned outcome=success batchOutcome=not_applicable comment=matched merchant read with relation purpose=matched benchmark read auditReason= tracePath=[0:OPERATION:Merchant=query -> 1:REQUEST:Merchant= -> 2:RELATION:platform=Merchant.platform -> 3:PROVIDER:postgresql= -> 4:SQL:select=] mutationLineage=[]
SQL: -- TeaQL PLAIN
SELECT id, create_time AS createTime, last_update_time AS lastUpdateTime, name, version FROM platform_data WHERE (version > 0) AND (id = 1) LIMIT 1 OFFSET 0
[TeaQL SQL][query][453us] 1 rows returned outcome=success batchOutcome=not_applicable comment=matched merchant read with relation purpose=matched benchmark read auditReason= tracePath=[0:OPERATION:Merchant=query -> 1:REQUEST:Merchant= -> 2:PROVIDER:postgresql= -> 3:SQL:select=] mutationLineage=[]
SQL: -- TeaQL PLAIN
SELECT id, name, code, external_id AS externalId, task_life_hours AS taskLifeHours, version, platform FROM merchant_data WHERE (version > 0) AND (external_id = 'matched-merchant') LIMIT 1000 OFFSET 0
[TeaQL SQL][query][572us] 1 rows returned outcome=success batchOutcome=not_applicable comment=matched merchant read with relation purpose=matched benchmark read auditReason= tracePath=[0:OPERATION:Merchant=query -> 1:REQUEST:Merchant= -> 2:RELATION:platform=Merchant.platform -> 3:PROVIDER:postgresql= -> 4:SQL:select=] mutationLineage=[]
SQL: -- TeaQL PLAIN
SELECT id, create_time AS createTime, last_update_time AS lastUpdateTime, name, version FROM platform_data WHERE (version > 0) AND (id = 1) LIMIT 1 OFFSET 0
[TeaQL SQL][query][589us] 1 rows returned outcome=success batchOutcome=not_applicable comment=matched merchant read with relation purpose=matched benchmark read auditReason= tracePath=[0:OPERATION:Merchant=query -> 1:REQUEST:Merchant= -> 2:PROVIDER:postgresql= -> 3:SQL:select=] mutationLineage=[]
SQL: -- TeaQL PLAIN
SELECT id, name, code, external_id AS externalId, task_life_hours AS taskLifeHours, version, platform FROM merchant_data WHERE (version > 0) AND (external_id = 'matched-merchant') LIMIT 1000 OFFSET 0
[TeaQL SQL][query][638us] 1 rows returned outcome=success batchOutcome=not_applicable comment=matched merchant read with relation purpose=matched benchmark read auditReason= tracePath=[0:OPERATION:Merchant=query -> 1:REQUEST:Merchant= -> 2:RELATION:platform=Merchant.platform -> 3:PROVIDER:postgresql= -> 4:SQL:select=] mutationLineage=[]
SQL: -- TeaQL PLAIN
SELECT id, create_time AS createTime, last_update_time AS lastUpdateTime, name, version FROM platform_data WHERE (version > 0) AND (id = 1) LIMIT 1 OFFSET 0
[TeaQL SQL][query][458us] 1 rows returned outcome=success batchOutcome=not_applicable comment=matched merchant read with relation purpose=matched benchmark read auditReason= tracePath=[0:OPERATION:Merchant=query -> 1:REQUEST:Merchant= -> 2:PROVIDER:postgresql= -> 3:SQL:select=] mutationLineage=[]
SQL: -- TeaQL PLAIN
SELECT id, name, code, external_id AS externalId, task_life_hours AS taskLifeHours, version, platform FROM merchant_data WHERE (version > 0) AND (external_id = 'matched-merchant') LIMIT 1000 OFFSET 0
[TeaQL SQL][query][426us] 1 rows returned outcome=success batchOutcome=not_applicable comment=matched merchant read with relation purpose=matched benchmark read auditReason= tracePath=[0:OPERATION:Merchant=query -> 1:REQUEST:Merchant= -> 2:RELATION:platform=Merchant.platform -> 3:PROVIDER:postgresql= -> 4:SQL:select=] mutationLineage=[]
SQL: -- TeaQL PLAIN
SELECT id, create_time AS createTime, last_update_time AS lastUpdateTime, name, version FROM platform_data WHERE (version > 0) AND (id = 1) LIMIT 1 OFFSET 0
[TeaQL SQL][query][449us] 1 rows returned outcome=success batchOutcome=not_applicable comment=matched merchant read with relation purpose=matched benchmark read auditReason= tracePath=[0:OPERATION:Merchant=query -> 1:REQUEST:Merchant= -> 2:PROVIDER:postgresql= -> 3:SQL:select=] mutationLineage=[]
SQL: -- TeaQL PLAIN
SELECT id, name, code, external_id AS externalId, task_life_hours AS taskLifeHours, version, platform FROM merchant_data WHERE (version > 0) AND (external_id = 'matched-merchant') LIMIT 1000 OFFSET 0
[TeaQL SQL][query][515us] 1 rows returned outcome=success batchOutcome=not_applicable comment=matched merchant read with relation purpose=matched benchmark read auditReason= tracePath=[0:OPERATION:Merchant=query -> 1:REQUEST:Merchant= -> 2:RELATION:platform=Merchant.platform -> 3:PROVIDER:postgresql= -> 4:SQL:select=] mutationLineage=[]
SQL: -- TeaQL PLAIN
SELECT id, create_time AS createTime, last_update_time AS lastUpdateTime, name, version FROM platform_data WHERE (version > 0) AND (id = 1) LIMIT 1 OFFSET 0
[TeaQL SQL][query][512us] 1 rows returned outcome=success batchOutcome=not_applicable comment=matched merchant read with relation purpose=matched benchmark read auditReason= tracePath=[0:OPERATION:Merchant=query -> 1:REQUEST:Merchant= -> 2:PROVIDER:postgresql= -> 3:SQL:select=] mutationLineage=[]
SQL: -- TeaQL PLAIN
SELECT id, name, code, external_id AS externalId, task_life_hours AS taskLifeHours, version, platform FROM merchant_data WHERE (version > 0) AND (external_id = 'matched-merchant') LIMIT 1000 OFFSET 0
[TeaQL SQL][query][567us] 1 rows returned outcome=success batchOutcome=not_applicable comment=matched merchant read with relation purpose=matched benchmark read auditReason= tracePath=[0:OPERATION:Merchant=query -> 1:REQUEST:Merchant= -> 2:RELATION:platform=Merchant.platform -> 3:PROVIDER:postgresql= -> 4:SQL:select=] mutationLineage=[]
SQL: -- TeaQL PLAIN
SELECT id, create_time AS createTime, last_update_time AS lastUpdateTime, name, version FROM platform_data WHERE (version > 0) AND (id = 1) LIMIT 1 OFFSET 0
[TeaQL SQL][query][462us] 1 rows returned outcome=success batchOutcome=not_applicable comment=matched merchant read with relation purpose=matched benchmark read auditReason= tracePath=[0:OPERATION:Merchant=query -> 1:REQUEST:Merchant= -> 2:PROVIDER:postgresql= -> 3:SQL:select=] mutationLineage=[]
SQL: -- TeaQL PLAIN
SELECT id, name, code, external_id AS externalId, task_life_hours AS taskLifeHours, version, platform FROM merchant_data WHERE (version > 0) AND (external_id = 'matched-merchant') LIMIT 1000 OFFSET 0
[TeaQL SQL][query][517us] 1 rows returned outcome=success batchOutcome=not_applicable comment=matched merchant read with relation purpose=matched benchmark read auditReason= tracePath=[0:OPERATION:Merchant=query -> 1:REQUEST:Merchant= -> 2:RELATION:platform=Merchant.platform -> 3:PROVIDER:postgresql= -> 4:SQL:select=] mutationLineage=[]
SQL: -- TeaQL PLAIN
SELECT id, create_time AS createTime, last_update_time AS lastUpdateTime, name, version FROM platform_data WHERE (version > 0) AND (id = 1) LIMIT 1 OFFSET 0
[TeaQL SQL][query][418us] 1 rows returned outcome=success batchOutcome=not_applicable comment=matched merchant read with relation purpose=matched benchmark read auditReason= tracePath=[0:OPERATION:Merchant=query -> 1:REQUEST:Merchant= -> 2:PROVIDER:postgresql= -> 3:SQL:select=] mutationLineage=[]
SQL: -- TeaQL PLAIN
SELECT id, name, code, external_id AS externalId, task_life_hours AS taskLifeHours, version, platform FROM merchant_data WHERE (version > 0) AND (external_id = 'matched-merchant') LIMIT 1000 OFFSET 0
[TeaQL SQL][query][492us] 1 rows returned outcome=success batchOutcome=not_applicable comment=matched merchant read with relation purpose=matched benchmark read auditReason= tracePath=[0:OPERATION:Merchant=query -> 1:REQUEST:Merchant= -> 2:RELATION:platform=Merchant.platform -> 3:PROVIDER:postgresql= -> 4:SQL:select=] mutationLineage=[]
SQL: -- TeaQL PLAIN
SELECT id, create_time AS createTime, last_update_time AS lastUpdateTime, name, version FROM platform_data WHERE (version > 0) AND (id = 1) LIMIT 1 OFFSET 0
[TeaQL SQL][query][466us] 1 rows returned outcome=success batchOutcome=not_applicable comment=matched merchant read with relation purpose=matched benchmark read auditReason= tracePath=[0:OPERATION:Merchant=query -> 1:REQUEST:Merchant= -> 2:PROVIDER:postgresql= -> 3:SQL:select=] mutationLineage=[]
SQL: -- TeaQL PLAIN
SELECT id, name, code, external_id AS externalId, task_life_hours AS taskLifeHours, version, platform FROM merchant_data WHERE (version > 0) AND (external_id = 'matched-merchant') LIMIT 1000 OFFSET 0
[TeaQL SQL][query][514us] 1 rows returned outcome=success batchOutcome=not_applicable comment=matched merchant read with relation purpose=matched benchmark read auditReason= tracePath=[0:OPERATION:Merchant=query -> 1:REQUEST:Merchant= -> 2:RELATION:platform=Merchant.platform -> 3:PROVIDER:postgresql= -> 4:SQL:select=] mutationLineage=[]
SQL: -- TeaQL PLAIN
SELECT id, create_time AS createTime, last_update_time AS lastUpdateTime, name, version FROM platform_data WHERE (version > 0) AND (id = 1) LIMIT 1 OFFSET 0
[TeaQL SQL][query][462us] 1 rows returned outcome=success batchOutcome=not_applicable comment=matched merchant read with relation purpose=matched benchmark read auditReason= tracePath=[0:OPERATION:Merchant=query -> 1:REQUEST:Merchant= -> 2:PROVIDER:postgresql= -> 3:SQL:select=] mutationLineage=[]
SQL: -- TeaQL PLAIN
SELECT id, name, code, external_id AS externalId, task_life_hours AS taskLifeHours, version, platform FROM merchant_data WHERE (version > 0) AND (external_id = 'matched-merchant') LIMIT 1000 OFFSET 0
[TeaQL SQL][query][554us] 1 rows returned outcome=success batchOutcome=not_applicable comment=matched merchant read with relation purpose=matched benchmark read auditReason= tracePath=[0:OPERATION:Merchant=query -> 1:REQUEST:Merchant= -> 2:RELATION:platform=Merchant.platform -> 3:PROVIDER:postgresql= -> 4:SQL:select=] mutationLineage=[]
SQL: -- TeaQL PLAIN
SELECT id, create_time AS createTime, last_update_time AS lastUpdateTime, name, version FROM platform_data WHERE (version > 0) AND (id = 1) LIMIT 1 OFFSET 0
[TeaQL SQL][query][471us] 1 rows returned outcome=success batchOutcome=not_applicable comment=matched merchant read with relation purpose=matched benchmark read auditReason= tracePath=[0:OPERATION:Merchant=query -> 1:REQUEST:Merchant= -> 2:PROVIDER:postgresql= -> 3:SQL:select=] mutationLineage=[]
SQL: -- TeaQL PLAIN
SELECT id, name, code, external_id AS externalId, task_life_hours AS taskLifeHours, version, platform FROM merchant_data WHERE (version > 0) AND (external_id = 'matched-merchant') LIMIT 1000 OFFSET 0
[TeaQL SQL][query][469us] 1 rows returned outcome=success batchOutcome=not_applicable comment=matched merchant read with relation purpose=matched benchmark read auditReason= tracePath=[0:OPERATION:Merchant=query -> 1:REQUEST:Merchant= -> 2:RELATION:platform=Merchant.platform -> 3:PROVIDER:postgresql= -> 4:SQL:select=] mutationLineage=[]
SQL: -- TeaQL PLAIN
SELECT id, create_time AS createTime, last_update_time AS lastUpdateTime, name, version FROM platform_data WHERE (version > 0) AND (id = 1) LIMIT 1 OFFSET 0
[TeaQL SQL][query][675us] 1 rows returned outcome=success batchOutcome=not_applicable comment=matched merchant read with relation purpose=matched benchmark read auditReason= tracePath=[0:OPERATION:Merchant=query -> 1:REQUEST:Merchant= -> 2:PROVIDER:postgresql= -> 3:SQL:select=] mutationLineage=[]
SQL: -- TeaQL PLAIN
SELECT id, name, code, external_id AS externalId, task_life_hours AS taskLifeHours, version, platform FROM merchant_data WHERE (version > 0) AND (external_id = 'matched-merchant') LIMIT 1000 OFFSET 0
[TeaQL SQL][query][611us] 1 rows returned outcome=success batchOutcome=not_applicable comment=matched merchant read with relation purpose=matched benchmark read auditReason= tracePath=[0:OPERATION:Merchant=query -> 1:REQUEST:Merchant= -> 2:RELATION:platform=Merchant.platform -> 3:PROVIDER:postgresql= -> 4:SQL:select=] mutationLineage=[]
SQL: -- TeaQL PLAIN
SELECT id, create_time AS createTime, last_update_time AS lastUpdateTime, name, version FROM platform_data WHERE (version > 0) AND (id = 1) LIMIT 1 OFFSET 0
[TeaQL SQL][query][631us] 1 rows returned outcome=success batchOutcome=not_applicable comment=matched merchant read with relation purpose=matched benchmark read auditReason= tracePath=[0:OPERATION:Merchant=query -> 1:REQUEST:Merchant= -> 2:PROVIDER:postgresql= -> 3:SQL:select=] mutationLineage=[]
SQL: -- TeaQL PLAIN
SELECT id, name, code, external_id AS externalId, task_life_hours AS taskLifeHours, version, platform FROM merchant_data WHERE (version > 0) AND (external_id = 'matched-merchant') LIMIT 1000 OFFSET 0
[TeaQL SQL][query][573us] 1 rows returned outcome=success batchOutcome=not_applicable comment=matched merchant read with relation purpose=matched benchmark read auditReason= tracePath=[0:OPERATION:Merchant=query -> 1:REQUEST:Merchant= -> 2:RELATION:platform=Merchant.platform -> 3:PROVIDER:postgresql= -> 4:SQL:select=] mutationLineage=[]
SQL: -- TeaQL PLAIN
SELECT id, create_time AS createTime, last_update_time AS lastUpdateTime, name, version FROM platform_data WHERE (version > 0) AND (id = 1) LIMIT 1 OFFSET 0
[TeaQL SQL][query][678us] 1 rows returned outcome=success batchOutcome=not_applicable comment=matched merchant read with relation purpose=matched benchmark read auditReason= tracePath=[0:OPERATION:Merchant=query -> 1:REQUEST:Merchant= -> 2:PROVIDER:postgresql= -> 3:SQL:select=] mutationLineage=[]
SQL: -- TeaQL PLAIN
SELECT id, name, code, external_id AS externalId, task_life_hours AS taskLifeHours, version, platform FROM merchant_data WHERE (version > 0) AND (external_id = 'matched-merchant') LIMIT 1000 OFFSET 0
[TeaQL SQL][query][654us] 1 rows returned outcome=success batchOutcome=not_applicable comment=matched merchant read with relation purpose=matched benchmark read auditReason= tracePath=[0:OPERATION:Merchant=query -> 1:REQUEST:Merchant= -> 2:RELATION:platform=Merchant.platform -> 3:PROVIDER:postgresql= -> 4:SQL:select=] mutationLineage=[]
SQL: -- TeaQL PLAIN
SELECT id, create_time AS createTime, last_update_time AS lastUpdateTime, name, version FROM platform_data WHERE (version > 0) AND (id = 1) LIMIT 1 OFFSET 0
[TeaQL SQL][query][708us] 1 rows returned outcome=success batchOutcome=not_applicable comment=matched merchant read with relation purpose=matched benchmark read auditReason= tracePath=[0:OPERATION:Merchant=query -> 1:REQUEST:Merchant= -> 2:PROVIDER:postgresql= -> 3:SQL:select=] mutationLineage=[]
SQL: -- TeaQL PLAIN
SELECT id, name, code, external_id AS externalId, task_life_hours AS taskLifeHours, version, platform FROM merchant_data WHERE (version > 0) AND (external_id = 'matched-merchant') LIMIT 1000 OFFSET 0
[TeaQL SQL][query][643us] 1 rows returned outcome=success batchOutcome=not_applicable comment=matched merchant read with relation purpose=matched benchmark read auditReason= tracePath=[0:OPERATION:Merchant=query -> 1:REQUEST:Merchant= -> 2:RELATION:platform=Merchant.platform -> 3:PROVIDER:postgresql= -> 4:SQL:select=] mutationLineage=[]
SQL: -- TeaQL PLAIN
SELECT id, create_time AS createTime, last_update_time AS lastUpdateTime, name, version FROM platform_data WHERE (version > 0) AND (id = 1) LIMIT 1 OFFSET 0
[TeaQL SQL][query][605us] 1 rows returned outcome=success batchOutcome=not_applicable comment=matched merchant read with relation purpose=matched benchmark read auditReason= tracePath=[0:OPERATION:Merchant=query -> 1:REQUEST:Merchant= -> 2:PROVIDER:postgresql= -> 3:SQL:select=] mutationLineage=[]
SQL: -- TeaQL PLAIN
SELECT id, name, code, external_id AS externalId, task_life_hours AS taskLifeHours, version, platform FROM merchant_data WHERE (version > 0) AND (external_id = 'matched-merchant') LIMIT 1000 OFFSET 0
[TeaQL SQL][query][621us] 1 rows returned outcome=success batchOutcome=not_applicable comment=matched merchant read with relation purpose=matched benchmark read auditReason= tracePath=[0:OPERATION:Merchant=query -> 1:REQUEST:Merchant= -> 2:RELATION:platform=Merchant.platform -> 3:PROVIDER:postgresql= -> 4:SQL:select=] mutationLineage=[]
SQL: -- TeaQL PLAIN
SELECT id, create_time AS createTime, last_update_time AS lastUpdateTime, name, version FROM platform_data WHERE (version > 0) AND (id = 1) LIMIT 1 OFFSET 0
[TeaQL SQL][query][789us] 1 rows returned outcome=success batchOutcome=not_applicable comment=matched merchant read with relation purpose=matched benchmark read auditReason= tracePath=[0:OPERATION:Merchant=query -> 1:REQUEST:Merchant= -> 2:PROVIDER:postgresql= -> 3:SQL:select=] mutationLineage=[]
SQL: -- TeaQL PLAIN
SELECT id, name, code, external_id AS externalId, task_life_hours AS taskLifeHours, version, platform FROM merchant_data WHERE (version > 0) AND (external_id = 'matched-merchant') LIMIT 1000 OFFSET 0
[TeaQL SQL][query][696us] 1 rows returned outcome=success batchOutcome=not_applicable comment=matched merchant read with relation purpose=matched benchmark read auditReason= tracePath=[0:OPERATION:Merchant=query -> 1:REQUEST:Merchant= -> 2:RELATION:platform=Merchant.platform -> 3:PROVIDER:postgresql= -> 4:SQL:select=] mutationLineage=[]
SQL: -- TeaQL PLAIN
SELECT id, create_time AS createTime, last_update_time AS lastUpdateTime, name, version FROM platform_data WHERE (version > 0) AND (id = 1) LIMIT 1 OFFSET 0
[TeaQL SQL][query][605us] 1 rows returned outcome=success batchOutcome=not_applicable comment=matched merchant read with relation purpose=matched benchmark read auditReason= tracePath=[0:OPERATION:Merchant=query -> 1:REQUEST:Merchant= -> 2:PROVIDER:postgresql= -> 3:SQL:select=] mutationLineage=[]
SQL: -- TeaQL PLAIN
SELECT id, name, code, external_id AS externalId, task_life_hours AS taskLifeHours, version, platform FROM merchant_data WHERE (version > 0) AND (external_id = 'matched-merchant') LIMIT 1000 OFFSET 0
[TeaQL SQL][query][662us] 1 rows returned outcome=success batchOutcome=not_applicable comment=matched merchant read with relation purpose=matched benchmark read auditReason= tracePath=[0:OPERATION:Merchant=query -> 1:REQUEST:Merchant= -> 2:RELATION:platform=Merchant.platform -> 3:PROVIDER:postgresql= -> 4:SQL:select=] mutationLineage=[]
SQL: -- TeaQL PLAIN
SELECT id, create_time AS createTime, last_update_time AS lastUpdateTime, name, version FROM platform_data WHERE (version > 0) AND (id = 1) LIMIT 1 OFFSET 0
[TeaQL SQL][query][629us] 1 rows returned outcome=success batchOutcome=not_applicable comment=matched merchant read with relation purpose=matched benchmark read auditReason= tracePath=[0:OPERATION:Merchant=query -> 1:REQUEST:Merchant= -> 2:PROVIDER:postgresql= -> 3:SQL:select=] mutationLineage=[]
SQL: -- TeaQL PLAIN
SELECT id, name, code, external_id AS externalId, task_life_hours AS taskLifeHours, version, platform FROM merchant_data WHERE (version > 0) AND (external_id = 'matched-merchant') LIMIT 1000 OFFSET 0
[TeaQL SQL][query][697us] 1 rows returned outcome=success batchOutcome=not_applicable comment=matched merchant read with relation purpose=matched benchmark read auditReason= tracePath=[0:OPERATION:Merchant=query -> 1:REQUEST:Merchant= -> 2:RELATION:platform=Merchant.platform -> 3:PROVIDER:postgresql= -> 4:SQL:select=] mutationLineage=[]
SQL: -- TeaQL PLAIN
SELECT id, create_time AS createTime, last_update_time AS lastUpdateTime, name, version FROM platform_data WHERE (version > 0) AND (id = 1) LIMIT 1 OFFSET 0
[TeaQL SQL][query][625us] 1 rows returned outcome=success batchOutcome=not_applicable comment=matched merchant read with relation purpose=matched benchmark read auditReason= tracePath=[0:OPERATION:Merchant=query -> 1:REQUEST:Merchant= -> 2:PROVIDER:postgresql= -> 3:SQL:select=] mutationLineage=[]
SQL: -- TeaQL PLAIN
SELECT id, name, code, external_id AS externalId, task_life_hours AS taskLifeHours, version, platform FROM merchant_data WHERE (version > 0) AND (external_id = 'matched-merchant') LIMIT 1000 OFFSET 0
[TeaQL SQL][query][646us] 1 rows returned outcome=success batchOutcome=not_applicable comment=matched merchant read with relation purpose=matched benchmark read auditReason= tracePath=[0:OPERATION:Merchant=query -> 1:REQUEST:Merchant= -> 2:RELATION:platform=Merchant.platform -> 3:PROVIDER:postgresql= -> 4:SQL:select=] mutationLineage=[]
SQL: -- TeaQL PLAIN
SELECT id, create_time AS createTime, last_update_time AS lastUpdateTime, name, version FROM platform_data WHERE (version > 0) AND (id = 1) LIMIT 1 OFFSET 0
[TeaQL SQL][query][685us] 1 rows returned outcome=success batchOutcome=not_applicable comment=matched merchant read with relation purpose=matched benchmark read auditReason= tracePath=[0:OPERATION:Merchant=query -> 1:REQUEST:Merchant= -> 2:PROVIDER:postgresql= -> 3:SQL:select=] mutationLineage=[]
SQL: -- TeaQL PLAIN
SELECT id, name, code, external_id AS externalId, task_life_hours AS taskLifeHours, version, platform FROM merchant_data WHERE (version > 0) AND (external_id = 'matched-merchant') LIMIT 1000 OFFSET 0
[TeaQL SQL][query][713us] 1 rows returned outcome=success batchOutcome=not_applicable comment=matched merchant read with relation purpose=matched benchmark read auditReason= tracePath=[0:OPERATION:Merchant=query -> 1:REQUEST:Merchant= -> 2:RELATION:platform=Merchant.platform -> 3:PROVIDER:postgresql= -> 4:SQL:select=] mutationLineage=[]
SQL: -- TeaQL PLAIN
SELECT id, create_time AS createTime, last_update_time AS lastUpdateTime, name, version FROM platform_data WHERE (version > 0) AND (id = 1) LIMIT 1 OFFSET 0
[TeaQL SQL][query][624us] 1 rows returned outcome=success batchOutcome=not_applicable comment=matched merchant read with relation purpose=matched benchmark read auditReason= tracePath=[0:OPERATION:Merchant=query -> 1:REQUEST:Merchant= -> 2:PROVIDER:postgresql= -> 3:SQL:select=] mutationLineage=[]
SQL: -- TeaQL PLAIN
SELECT id, name, code, external_id AS externalId, task_life_hours AS taskLifeHours, version, platform FROM merchant_data WHERE (version > 0) AND (external_id = 'matched-merchant') LIMIT 1000 OFFSET 0
[TeaQL SQL][query][557us] 1 rows returned outcome=success batchOutcome=not_applicable comment=matched merchant read with relation purpose=matched benchmark read auditReason= tracePath=[0:OPERATION:Merchant=query -> 1:REQUEST:Merchant= -> 2:RELATION:platform=Merchant.platform -> 3:PROVIDER:postgresql= -> 4:SQL:select=] mutationLineage=[]
SQL: -- TeaQL PLAIN
SELECT id, create_time AS createTime, last_update_time AS lastUpdateTime, name, version FROM platform_data WHERE (version > 0) AND (id = 1) LIMIT 1 OFFSET 0
[TeaQL SQL][query][607us] 1 rows returned outcome=success batchOutcome=not_applicable comment=matched merchant read with relation purpose=matched benchmark read auditReason= tracePath=[0:OPERATION:Merchant=query -> 1:REQUEST:Merchant= -> 2:PROVIDER:postgresql= -> 3:SQL:select=] mutationLineage=[]
SQL: -- TeaQL PLAIN
SELECT id, name, code, external_id AS externalId, task_life_hours AS taskLifeHours, version, platform FROM merchant_data WHERE (version > 0) AND (external_id = 'matched-merchant') LIMIT 1000 OFFSET 0
[TeaQL SQL][query][626us] 1 rows returned outcome=success batchOutcome=not_applicable comment=matched merchant read with relation purpose=matched benchmark read auditReason= tracePath=[0:OPERATION:Merchant=query -> 1:REQUEST:Merchant= -> 2:RELATION:platform=Merchant.platform -> 3:PROVIDER:postgresql= -> 4:SQL:select=] mutationLineage=[]
SQL: -- TeaQL PLAIN
SELECT id, create_time AS createTime, last_update_time AS lastUpdateTime, name, version FROM platform_data WHERE (version > 0) AND (id = 1) LIMIT 1 OFFSET 0
[TeaQL SQL][query][728us] 1 rows returned outcome=success batchOutcome=not_applicable comment=matched merchant read with relation purpose=matched benchmark read auditReason= tracePath=[0:OPERATION:Merchant=query -> 1:REQUEST:Merchant= -> 2:PROVIDER:postgresql= -> 3:SQL:select=] mutationLineage=[]
SQL: -- TeaQL PLAIN
SELECT id, name, code, external_id AS externalId, task_life_hours AS taskLifeHours, version, platform FROM merchant_data WHERE (version > 0) AND (external_id = 'matched-merchant') LIMIT 1000 OFFSET 0
[TeaQL SQL][query][699us] 1 rows returned outcome=success batchOutcome=not_applicable comment=matched merchant read with relation purpose=matched benchmark read auditReason= tracePath=[0:OPERATION:Merchant=query -> 1:REQUEST:Merchant= -> 2:RELATION:platform=Merchant.platform -> 3:PROVIDER:postgresql= -> 4:SQL:select=] mutationLineage=[]
SQL: -- TeaQL PLAIN
SELECT id, create_time AS createTime, last_update_time AS lastUpdateTime, name, version FROM platform_data WHERE (version > 0) AND (id = 1) LIMIT 1 OFFSET 0
[TeaQL SQL][query][684us] 1 rows returned outcome=success batchOutcome=not_applicable comment=matched merchant read with relation purpose=matched benchmark read auditReason= tracePath=[0:OPERATION:Merchant=query -> 1:REQUEST:Merchant= -> 2:PROVIDER:postgresql= -> 3:SQL:select=] mutationLineage=[]
SQL: -- TeaQL PLAIN
SELECT id, name, code, external_id AS externalId, task_life_hours AS taskLifeHours, version, platform FROM merchant_data WHERE (version > 0) AND (external_id = 'matched-merchant') LIMIT 1000 OFFSET 0
[TeaQL SQL][query][686us] 1 rows returned outcome=success batchOutcome=not_applicable comment=matched merchant read with relation purpose=matched benchmark read auditReason= tracePath=[0:OPERATION:Merchant=query -> 1:REQUEST:Merchant= -> 2:RELATION:platform=Merchant.platform -> 3:PROVIDER:postgresql= -> 4:SQL:select=] mutationLineage=[]
SQL: -- TeaQL PLAIN
SELECT id, create_time AS createTime, last_update_time AS lastUpdateTime, name, version FROM platform_data WHERE (version > 0) AND (id = 1) LIMIT 1 OFFSET 0
[TeaQL SQL][query][648us] 1 rows returned outcome=success batchOutcome=not_applicable comment=matched merchant read with relation purpose=matched benchmark read auditReason= tracePath=[0:OPERATION:Merchant=query -> 1:REQUEST:Merchant= -> 2:PROVIDER:postgresql= -> 3:SQL:select=] mutationLineage=[]
SQL: -- TeaQL PLAIN
SELECT id, name, code, external_id AS externalId, task_life_hours AS taskLifeHours, version, platform FROM merchant_data WHERE (version > 0) AND (external_id = 'matched-merchant') LIMIT 1000 OFFSET 0
[TeaQL SQL][query][606us] 1 rows returned outcome=success batchOutcome=not_applicable comment=matched merchant read with relation purpose=matched benchmark read auditReason= tracePath=[0:OPERATION:Merchant=query -> 1:REQUEST:Merchant= -> 2:RELATION:platform=Merchant.platform -> 3:PROVIDER:postgresql= -> 4:SQL:select=] mutationLineage=[]
SQL: -- TeaQL PLAIN
SELECT id, create_time AS createTime, last_update_time AS lastUpdateTime, name, version FROM platform_data WHERE (version > 0) AND (id = 1) LIMIT 1 OFFSET 0
[TeaQL SQL][query][566us] 1 rows returned outcome=success batchOutcome=not_applicable comment=matched merchant read with relation purpose=matched benchmark read auditReason= tracePath=[0:OPERATION:Merchant=query -> 1:REQUEST:Merchant= -> 2:PROVIDER:postgresql= -> 3:SQL:select=] mutationLineage=[]
SQL: -- TeaQL PLAIN
SELECT id, name, code, external_id AS externalId, task_life_hours AS taskLifeHours, version, platform FROM merchant_data WHERE (version > 0) AND (external_id = 'matched-merchant') LIMIT 1000 OFFSET 0
[TeaQL SQL][query][518us] 1 rows returned outcome=success batchOutcome=not_applicable comment=matched merchant read with relation purpose=matched benchmark read auditReason= tracePath=[0:OPERATION:Merchant=query -> 1:REQUEST:Merchant= -> 2:RELATION:platform=Merchant.platform -> 3:PROVIDER:postgresql= -> 4:SQL:select=] mutationLineage=[]
SQL: -- TeaQL PLAIN
SELECT id, create_time AS createTime, last_update_time AS lastUpdateTime, name, version FROM platform_data WHERE (version > 0) AND (id = 1) LIMIT 1 OFFSET 0
[TeaQL SQL][query][636us] 1 rows returned outcome=success batchOutcome=not_applicable comment=matched merchant read with relation purpose=matched benchmark read auditReason= tracePath=[0:OPERATION:Merchant=query -> 1:REQUEST:Merchant= -> 2:PROVIDER:postgresql= -> 3:SQL:select=] mutationLineage=[]
SQL: -- TeaQL PLAIN
SELECT id, name, code, external_id AS externalId, task_life_hours AS taskLifeHours, version, platform FROM merchant_data WHERE (version > 0) AND (external_id = 'matched-merchant') LIMIT 1000 OFFSET 0
[TeaQL SQL][query][608us] 1 rows returned outcome=success batchOutcome=not_applicable comment=matched merchant read with relation purpose=matched benchmark read auditReason= tracePath=[0:OPERATION:Merchant=query -> 1:REQUEST:Merchant= -> 2:RELATION:platform=Merchant.platform -> 3:PROVIDER:postgresql= -> 4:SQL:select=] mutationLineage=[]
SQL: -- TeaQL PLAIN
SELECT id, create_time AS createTime, last_update_time AS lastUpdateTime, name, version FROM platform_data WHERE (version > 0) AND (id = 1) LIMIT 1 OFFSET 0
[TeaQL SQL][query][661us] 1 rows returned outcome=success batchOutcome=not_applicable comment=matched merchant read with relation purpose=matched benchmark read auditReason= tracePath=[0:OPERATION:Merchant=query -> 1:REQUEST:Merchant= -> 2:PROVIDER:postgresql= -> 3:SQL:select=] mutationLineage=[]
SQL: -- TeaQL PLAIN
SELECT id, name, code, external_id AS externalId, task_life_hours AS taskLifeHours, version, platform FROM merchant_data WHERE (version > 0) AND (external_id = 'matched-merchant') LIMIT 1000 OFFSET 0
[TeaQL SQL][query][737us] 1 rows returned outcome=success batchOutcome=not_applicable comment=matched merchant read with relation purpose=matched benchmark read auditReason= tracePath=[0:OPERATION:Merchant=query -> 1:REQUEST:Merchant= -> 2:RELATION:platform=Merchant.platform -> 3:PROVIDER:postgresql= -> 4:SQL:select=] mutationLineage=[]
SQL: -- TeaQL PLAIN
SELECT id, create_time AS createTime, last_update_time AS lastUpdateTime, name, version FROM platform_data WHERE (version > 0) AND (id = 1) LIMIT 1 OFFSET 0
[TeaQL SQL][query][635us] 1 rows returned outcome=success batchOutcome=not_applicable comment=matched merchant read with relation purpose=matched benchmark read auditReason= tracePath=[0:OPERATION:Merchant=query -> 1:REQUEST:Merchant= -> 2:PROVIDER:postgresql= -> 3:SQL:select=] mutationLineage=[]
SQL: -- TeaQL PLAIN
SELECT id, name, code, external_id AS externalId, task_life_hours AS taskLifeHours, version, platform FROM merchant_data WHERE (version > 0) AND (external_id = 'matched-merchant') LIMIT 1000 OFFSET 0
[TeaQL SQL][query][542us] 1 rows returned outcome=success batchOutcome=not_applicable comment=matched merchant read with relation purpose=matched benchmark read auditReason= tracePath=[0:OPERATION:Merchant=query -> 1:REQUEST:Merchant= -> 2:RELATION:platform=Merchant.platform -> 3:PROVIDER:postgresql= -> 4:SQL:select=] mutationLineage=[]
SQL: -- TeaQL PLAIN
SELECT id, create_time AS createTime, last_update_time AS lastUpdateTime, name, version FROM platform_data WHERE (version > 0) AND (id = 1) LIMIT 1 OFFSET 0
[TeaQL SQL][query][659us] 1 rows returned outcome=success batchOutcome=not_applicable comment=matched merchant read with relation purpose=matched benchmark read auditReason= tracePath=[0:OPERATION:Merchant=query -> 1:REQUEST:Merchant= -> 2:PROVIDER:postgresql= -> 3:SQL:select=] mutationLineage=[]
SQL: -- TeaQL PLAIN
SELECT id, name, code, external_id AS externalId, task_life_hours AS taskLifeHours, version, platform FROM merchant_data WHERE (version > 0) AND (external_id = 'matched-merchant') LIMIT 1000 OFFSET 0
[TeaQL SQL][query][604us] 1 rows returned outcome=success batchOutcome=not_applicable comment=matched merchant read with relation purpose=matched benchmark read auditReason= tracePath=[0:OPERATION:Merchant=query -> 1:REQUEST:Merchant= -> 2:RELATION:platform=Merchant.platform -> 3:PROVIDER:postgresql= -> 4:SQL:select=] mutationLineage=[]
SQL: -- TeaQL PLAIN
SELECT id, create_time AS createTime, last_update_time AS lastUpdateTime, name, version FROM platform_data WHERE (version > 0) AND (id = 1) LIMIT 1 OFFSET 0
[TeaQL SQL][query][614us] 1 rows returned outcome=success batchOutcome=not_applicable comment=matched merchant read with relation purpose=matched benchmark read auditReason= tracePath=[0:OPERATION:Merchant=query -> 1:REQUEST:Merchant= -> 2:PROVIDER:postgresql= -> 3:SQL:select=] mutationLineage=[]
SQL: -- TeaQL PLAIN
SELECT id, name, code, external_id AS externalId, task_life_hours AS taskLifeHours, version, platform FROM merchant_data WHERE (version > 0) AND (external_id = 'matched-merchant') LIMIT 1000 OFFSET 0
[TeaQL SQL][query][563us] 1 rows returned outcome=success batchOutcome=not_applicable comment=matched merchant read with relation purpose=matched benchmark read auditReason= tracePath=[0:OPERATION:Merchant=query -> 1:REQUEST:Merchant= -> 2:RELATION:platform=Merchant.platform -> 3:PROVIDER:postgresql= -> 4:SQL:select=] mutationLineage=[]
SQL: -- TeaQL PLAIN
SELECT id, create_time AS createTime, last_update_time AS lastUpdateTime, name, version FROM platform_data WHERE (version > 0) AND (id = 1) LIMIT 1 OFFSET 0
[TeaQL SQL][query][671us] 1 rows returned outcome=success batchOutcome=not_applicable comment=matched merchant read with relation purpose=matched benchmark read auditReason= tracePath=[0:OPERATION:Merchant=query -> 1:REQUEST:Merchant= -> 2:PROVIDER:postgresql= -> 3:SQL:select=] mutationLineage=[]
SQL: -- TeaQL PLAIN
SELECT id, name, code, external_id AS externalId, task_life_hours AS taskLifeHours, version, platform FROM merchant_data WHERE (version > 0) AND (external_id = 'matched-merchant') LIMIT 1000 OFFSET 0
[TeaQL SQL][query][718us] 1 rows returned outcome=success batchOutcome=not_applicable comment=matched merchant read with relation purpose=matched benchmark read auditReason= tracePath=[0:OPERATION:Merchant=query -> 1:REQUEST:Merchant= -> 2:RELATION:platform=Merchant.platform -> 3:PROVIDER:postgresql= -> 4:SQL:select=] mutationLineage=[]
SQL: -- TeaQL PLAIN
SELECT id, create_time AS createTime, last_update_time AS lastUpdateTime, name, version FROM platform_data WHERE (version > 0) AND (id = 1) LIMIT 1 OFFSET 0
[TeaQL SQL][query][613us] 1 rows returned outcome=success batchOutcome=not_applicable comment=matched merchant read with relation purpose=matched benchmark read auditReason= tracePath=[0:OPERATION:Merchant=query -> 1:REQUEST:Merchant= -> 2:PROVIDER:postgresql= -> 3:SQL:select=] mutationLineage=[]
SQL: -- TeaQL PLAIN
SELECT id, name, code, external_id AS externalId, task_life_hours AS taskLifeHours, version, platform FROM merchant_data WHERE (version > 0) AND (external_id = 'matched-merchant') LIMIT 1000 OFFSET 0
[TeaQL SQL][query][525us] 1 rows returned outcome=success batchOutcome=not_applicable comment=matched merchant read with relation purpose=matched benchmark read auditReason= tracePath=[0:OPERATION:Merchant=query -> 1:REQUEST:Merchant= -> 2:RELATION:platform=Merchant.platform -> 3:PROVIDER:postgresql= -> 4:SQL:select=] mutationLineage=[]
SQL: -- TeaQL PLAIN
SELECT id, create_time AS createTime, last_update_time AS lastUpdateTime, name, version FROM platform_data WHERE (version > 0) AND (id = 1) LIMIT 1 OFFSET 0
[TeaQL SQL][query][710us] 1 rows returned outcome=success batchOutcome=not_applicable comment=matched merchant read with relation purpose=matched benchmark read auditReason= tracePath=[0:OPERATION:Merchant=query -> 1:REQUEST:Merchant= -> 2:PROVIDER:postgresql= -> 3:SQL:select=] mutationLineage=[]
SQL: -- TeaQL PLAIN
SELECT id, name, code, external_id AS externalId, task_life_hours AS taskLifeHours, version, platform FROM merchant_data WHERE (version > 0) AND (external_id = 'matched-merchant') LIMIT 1000 OFFSET 0
[TeaQL SQL][query][559us] 1 rows returned outcome=success batchOutcome=not_applicable comment=matched merchant read with relation purpose=matched benchmark read auditReason= tracePath=[0:OPERATION:Merchant=query -> 1:REQUEST:Merchant= -> 2:RELATION:platform=Merchant.platform -> 3:PROVIDER:postgresql= -> 4:SQL:select=] mutationLineage=[]
SQL: -- TeaQL PLAIN
SELECT id, create_time AS createTime, last_update_time AS lastUpdateTime, name, version FROM platform_data WHERE (version > 0) AND (id = 1) LIMIT 1 OFFSET 0
[TeaQL SQL][query][575us] 1 rows returned outcome=success batchOutcome=not_applicable comment=matched merchant read with relation purpose=matched benchmark read auditReason= tracePath=[0:OPERATION:Merchant=query -> 1:REQUEST:Merchant= -> 2:PROVIDER:postgresql= -> 3:SQL:select=] mutationLineage=[]
SQL: -- TeaQL PLAIN
SELECT id, name, code, external_id AS externalId, task_life_hours AS taskLifeHours, version, platform FROM merchant_data WHERE (version > 0) AND (external_id = 'matched-merchant') LIMIT 1000 OFFSET 0
[TeaQL SQL][query][569us] 1 rows returned outcome=success batchOutcome=not_applicable comment=matched merchant read with relation purpose=matched benchmark read auditReason= tracePath=[0:OPERATION:Merchant=query -> 1:REQUEST:Merchant= -> 2:RELATION:platform=Merchant.platform -> 3:PROVIDER:postgresql= -> 4:SQL:select=] mutationLineage=[]
SQL: -- TeaQL PLAIN
SELECT id, create_time AS createTime, last_update_time AS lastUpdateTime, name, version FROM platform_data WHERE (version > 0) AND (id = 1) LIMIT 1 OFFSET 0
[TeaQL SQL][query][658us] 1 rows returned outcome=success batchOutcome=not_applicable comment=matched merchant read with relation purpose=matched benchmark read auditReason= tracePath=[0:OPERATION:Merchant=query -> 1:REQUEST:Merchant= -> 2:PROVIDER:postgresql= -> 3:SQL:select=] mutationLineage=[]
SQL: -- TeaQL PLAIN
SELECT id, name, code, external_id AS externalId, task_life_hours AS taskLifeHours, version, platform FROM merchant_data WHERE (version > 0) AND (external_id = 'matched-merchant') LIMIT 1000 OFFSET 0
[TeaQL SQL][query][596us] 1 rows returned outcome=success batchOutcome=not_applicable comment=matched merchant read with relation purpose=matched benchmark read auditReason= tracePath=[0:OPERATION:Merchant=query -> 1:REQUEST:Merchant= -> 2:RELATION:platform=Merchant.platform -> 3:PROVIDER:postgresql= -> 4:SQL:select=] mutationLineage=[]
SQL: -- TeaQL PLAIN
SELECT id, create_time AS createTime, last_update_time AS lastUpdateTime, name, version FROM platform_data WHERE (version > 0) AND (id = 1) LIMIT 1 OFFSET 0
[TeaQL SQL][query][575us] 1 rows returned outcome=success batchOutcome=not_applicable comment=matched merchant read with relation purpose=matched benchmark read auditReason= tracePath=[0:OPERATION:Merchant=query -> 1:REQUEST:Merchant= -> 2:PROVIDER:postgresql= -> 3:SQL:select=] mutationLineage=[]
SQL: -- TeaQL PLAIN
SELECT id, name, code, external_id AS externalId, task_life_hours AS taskLifeHours, version, platform FROM merchant_data WHERE (version > 0) AND (external_id = 'matched-merchant') LIMIT 1000 OFFSET 0
[TeaQL SQL][query][616us] 1 rows returned outcome=success batchOutcome=not_applicable comment=matched merchant read with relation purpose=matched benchmark read auditReason= tracePath=[0:OPERATION:Merchant=query -> 1:REQUEST:Merchant= -> 2:RELATION:platform=Merchant.platform -> 3:PROVIDER:postgresql= -> 4:SQL:select=] mutationLineage=[]
SQL: -- TeaQL PLAIN
SELECT id, create_time AS createTime, last_update_time AS lastUpdateTime, name, version FROM platform_data WHERE (version > 0) AND (id = 1) LIMIT 1 OFFSET 0
[TeaQL SQL][query][639us] 1 rows returned outcome=success batchOutcome=not_applicable comment=matched merchant read with relation purpose=matched benchmark read auditReason= tracePath=[0:OPERATION:Merchant=query -> 1:REQUEST:Merchant= -> 2:PROVIDER:postgresql= -> 3:SQL:select=] mutationLineage=[]
SQL: -- TeaQL PLAIN
SELECT id, name, code, external_id AS externalId, task_life_hours AS taskLifeHours, version, platform FROM merchant_data WHERE (version > 0) AND (external_id = 'matched-merchant') LIMIT 1000 OFFSET 0
[TeaQL SQL][query][575us] 1 rows returned outcome=success batchOutcome=not_applicable comment=matched merchant read with relation purpose=matched benchmark read auditReason= tracePath=[0:OPERATION:Merchant=query -> 1:REQUEST:Merchant= -> 2:RELATION:platform=Merchant.platform -> 3:PROVIDER:postgresql= -> 4:SQL:select=] mutationLineage=[]
SQL: -- TeaQL PLAIN
SELECT id, create_time AS createTime, last_update_time AS lastUpdateTime, name, version FROM platform_data WHERE (version > 0) AND (id = 1) LIMIT 1 OFFSET 0
[TeaQL SQL][query][599us] 1 rows returned outcome=success batchOutcome=not_applicable comment=matched merchant read with relation purpose=matched benchmark read auditReason= tracePath=[0:OPERATION:Merchant=query -> 1:REQUEST:Merchant= -> 2:PROVIDER:postgresql= -> 3:SQL:select=] mutationLineage=[]
SQL: -- TeaQL PLAIN
SELECT id, name, code, external_id AS externalId, task_life_hours AS taskLifeHours, version, platform FROM merchant_data WHERE (version > 0) AND (external_id = 'matched-merchant') LIMIT 1000 OFFSET 0
[TeaQL SQL][query][612us] 1 rows returned outcome=success batchOutcome=not_applicable comment=matched merchant read with relation purpose=matched benchmark read auditReason= tracePath=[0:OPERATION:Merchant=query -> 1:REQUEST:Merchant= -> 2:RELATION:platform=Merchant.platform -> 3:PROVIDER:postgresql= -> 4:SQL:select=] mutationLineage=[]
SQL: -- TeaQL PLAIN
SELECT id, create_time AS createTime, last_update_time AS lastUpdateTime, name, version FROM platform_data WHERE (version > 0) AND (id = 1) LIMIT 1 OFFSET 0
[TeaQL SQL][query][615us] 1 rows returned outcome=success batchOutcome=not_applicable comment=matched merchant read with relation purpose=matched benchmark read auditReason= tracePath=[0:OPERATION:Merchant=query -> 1:REQUEST:Merchant= -> 2:PROVIDER:postgresql= -> 3:SQL:select=] mutationLineage=[]
SQL: -- TeaQL PLAIN
SELECT id, name, code, external_id AS externalId, task_life_hours AS taskLifeHours, version, platform FROM merchant_data WHERE (version > 0) AND (external_id = 'matched-merchant') LIMIT 1000 OFFSET 0
[TeaQL SQL][query][518us] 1 rows returned outcome=success batchOutcome=not_applicable comment=matched merchant read with relation purpose=matched benchmark read auditReason= tracePath=[0:OPERATION:Merchant=query -> 1:REQUEST:Merchant= -> 2:RELATION:platform=Merchant.platform -> 3:PROVIDER:postgresql= -> 4:SQL:select=] mutationLineage=[]
SQL: -- TeaQL PLAIN
SELECT id, create_time AS createTime, last_update_time AS lastUpdateTime, name, version FROM platform_data WHERE (version > 0) AND (id = 1) LIMIT 1 OFFSET 0
[TeaQL SQL][query][685us] 1 rows returned outcome=success batchOutcome=not_applicable comment=matched merchant read with relation purpose=matched benchmark read auditReason= tracePath=[0:OPERATION:Merchant=query -> 1:REQUEST:Merchant= -> 2:PROVIDER:postgresql= -> 3:SQL:select=] mutationLineage=[]
SQL: -- TeaQL PLAIN
SELECT id, name, code, external_id AS externalId, task_life_hours AS taskLifeHours, version, platform FROM merchant_data WHERE (version > 0) AND (external_id = 'matched-merchant') LIMIT 1000 OFFSET 0
[TeaQL SQL][query][625us] 1 rows returned outcome=success batchOutcome=not_applicable comment=matched merchant read with relation purpose=matched benchmark read auditReason= tracePath=[0:OPERATION:Merchant=query -> 1:REQUEST:Merchant= -> 2:RELATION:platform=Merchant.platform -> 3:PROVIDER:postgresql= -> 4:SQL:select=] mutationLineage=[]
SQL: -- TeaQL PLAIN
SELECT id, create_time AS createTime, last_update_time AS lastUpdateTime, name, version FROM platform_data WHERE (version > 0) AND (id = 1) LIMIT 1 OFFSET 0
[TeaQL SQL][query][588us] 1 rows returned outcome=success batchOutcome=not_applicable comment=matched merchant read with relation purpose=matched benchmark read auditReason= tracePath=[0:OPERATION:Merchant=query -> 1:REQUEST:Merchant= -> 2:PROVIDER:postgresql= -> 3:SQL:select=] mutationLineage=[]
SQL: -- TeaQL PLAIN
SELECT id, name, code, external_id AS externalId, task_life_hours AS taskLifeHours, version, platform FROM merchant_data WHERE (version > 0) AND (external_id = 'matched-merchant') LIMIT 1000 OFFSET 0
[TeaQL SQL][query][542us] 1 rows returned outcome=success batchOutcome=not_applicable comment=matched merchant read with relation purpose=matched benchmark read auditReason= tracePath=[0:OPERATION:Merchant=query -> 1:REQUEST:Merchant= -> 2:RELATION:platform=Merchant.platform -> 3:PROVIDER:postgresql= -> 4:SQL:select=] mutationLineage=[]
SQL: -- TeaQL PLAIN
SELECT id, create_time AS createTime, last_update_time AS lastUpdateTime, name, version FROM platform_data WHERE (version > 0) AND (id = 1) LIMIT 1 OFFSET 0
[TeaQL SQL][query][527us] 1 rows returned outcome=success batchOutcome=not_applicable comment=matched merchant read with relation purpose=matched benchmark read auditReason= tracePath=[0:OPERATION:Merchant=query -> 1:REQUEST:Merchant= -> 2:PROVIDER:postgresql= -> 3:SQL:select=] mutationLineage=[]
SQL: -- TeaQL PLAIN
SELECT id, name, code, external_id AS externalId, task_life_hours AS taskLifeHours, version, platform FROM merchant_data WHERE (version > 0) AND (external_id = 'matched-merchant') LIMIT 1000 OFFSET 0
[TeaQL SQL][query][556us] 1 rows returned outcome=success batchOutcome=not_applicable comment=matched merchant read with relation purpose=matched benchmark read auditReason= tracePath=[0:OPERATION:Merchant=query -> 1:REQUEST:Merchant= -> 2:RELATION:platform=Merchant.platform -> 3:PROVIDER:postgresql= -> 4:SQL:select=] mutationLineage=[]
SQL: -- TeaQL PLAIN
SELECT id, create_time AS createTime, last_update_time AS lastUpdateTime, name, version FROM platform_data WHERE (version > 0) AND (id = 1) LIMIT 1 OFFSET 0
[TeaQL SQL][query][548us] 1 rows returned outcome=success batchOutcome=not_applicable comment=matched merchant read with relation purpose=matched benchmark read auditReason= tracePath=[0:OPERATION:Merchant=query -> 1:REQUEST:Merchant= -> 2:PROVIDER:postgresql= -> 3:SQL:select=] mutationLineage=[]
SQL: -- TeaQL PLAIN
SELECT id, name, code, external_id AS externalId, task_life_hours AS taskLifeHours, version, platform FROM merchant_data WHERE (version > 0) AND (external_id = 'matched-merchant') LIMIT 1000 OFFSET 0
[TeaQL SQL][query][725us] 1 rows returned outcome=success batchOutcome=not_applicable comment=matched merchant read with relation purpose=matched benchmark read auditReason= tracePath=[0:OPERATION:Merchant=query -> 1:REQUEST:Merchant= -> 2:RELATION:platform=Merchant.platform -> 3:PROVIDER:postgresql= -> 4:SQL:select=] mutationLineage=[]
SQL: -- TeaQL PLAIN
SELECT id, create_time AS createTime, last_update_time AS lastUpdateTime, name, version FROM platform_data WHERE (version > 0) AND (id = 1) LIMIT 1 OFFSET 0
[TeaQL SQL][query][617us] 1 rows returned outcome=success batchOutcome=not_applicable comment=matched merchant read with relation purpose=matched benchmark read auditReason= tracePath=[0:OPERATION:Merchant=query -> 1:REQUEST:Merchant= -> 2:PROVIDER:postgresql= -> 3:SQL:select=] mutationLineage=[]
SQL: -- TeaQL PLAIN
SELECT id, name, code, external_id AS externalId, task_life_hours AS taskLifeHours, version, platform FROM merchant_data WHERE (version > 0) AND (external_id = 'matched-merchant') LIMIT 1000 OFFSET 0
[TeaQL SQL][query][565us] 1 rows returned outcome=success batchOutcome=not_applicable comment=matched merchant read with relation purpose=matched benchmark read auditReason= tracePath=[0:OPERATION:Merchant=query -> 1:REQUEST:Merchant= -> 2:RELATION:platform=Merchant.platform -> 3:PROVIDER:postgresql= -> 4:SQL:select=] mutationLineage=[]
SQL: -- TeaQL PLAIN
SELECT id, create_time AS createTime, last_update_time AS lastUpdateTime, name, version FROM platform_data WHERE (version > 0) AND (id = 1) LIMIT 1 OFFSET 0
[TeaQL SQL][query][603us] 1 rows returned outcome=success batchOutcome=not_applicable comment=matched merchant read with relation purpose=matched benchmark read auditReason= tracePath=[0:OPERATION:Merchant=query -> 1:REQUEST:Merchant= -> 2:PROVIDER:postgresql= -> 3:SQL:select=] mutationLineage=[]
SQL: -- TeaQL PLAIN
SELECT id, name, code, external_id AS externalId, task_life_hours AS taskLifeHours, version, platform FROM merchant_data WHERE (version > 0) AND (external_id = 'matched-merchant') LIMIT 1000 OFFSET 0
[TeaQL SQL][query][504us] 1 rows returned outcome=success batchOutcome=not_applicable comment=matched merchant read with relation purpose=matched benchmark read auditReason= tracePath=[0:OPERATION:Merchant=query -> 1:REQUEST:Merchant= -> 2:RELATION:platform=Merchant.platform -> 3:PROVIDER:postgresql= -> 4:SQL:select=] mutationLineage=[]
SQL: -- TeaQL PLAIN
SELECT id, create_time AS createTime, last_update_time AS lastUpdateTime, name, version FROM platform_data WHERE (version > 0) AND (id = 1) LIMIT 1 OFFSET 0
[TeaQL SQL][query][567us] 1 rows returned outcome=success batchOutcome=not_applicable comment=matched merchant read with relation purpose=matched benchmark read auditReason= tracePath=[0:OPERATION:Merchant=query -> 1:REQUEST:Merchant= -> 2:PROVIDER:postgresql= -> 3:SQL:select=] mutationLineage=[]
SQL: -- TeaQL PLAIN
SELECT id, name, code, external_id AS externalId, task_life_hours AS taskLifeHours, version, platform FROM merchant_data WHERE (version > 0) AND (external_id = 'matched-merchant') LIMIT 1000 OFFSET 0
[TeaQL SQL][query][566us] 1 rows returned outcome=success batchOutcome=not_applicable comment=matched merchant read with relation purpose=matched benchmark read auditReason= tracePath=[0:OPERATION:Merchant=query -> 1:REQUEST:Merchant= -> 2:RELATION:platform=Merchant.platform -> 3:PROVIDER:postgresql= -> 4:SQL:select=] mutationLineage=[]
SQL: -- TeaQL PLAIN
SELECT id, create_time AS createTime, last_update_time AS lastUpdateTime, name, version FROM platform_data WHERE (version > 0) AND (id = 1) LIMIT 1 OFFSET 0
[TeaQL SQL][query][532us] 1 rows returned outcome=success batchOutcome=not_applicable comment=matched merchant read with relation purpose=matched benchmark read auditReason= tracePath=[0:OPERATION:Merchant=query -> 1:REQUEST:Merchant= -> 2:PROVIDER:postgresql= -> 3:SQL:select=] mutationLineage=[]
SQL: -- TeaQL PLAIN
SELECT id, name, code, external_id AS externalId, task_life_hours AS taskLifeHours, version, platform FROM merchant_data WHERE (version > 0) AND (external_id = 'matched-merchant') LIMIT 1000 OFFSET 0
[TeaQL SQL][query][452us] 1 rows returned outcome=success batchOutcome=not_applicable comment=matched merchant read with relation purpose=matched benchmark read auditReason= tracePath=[0:OPERATION:Merchant=query -> 1:REQUEST:Merchant= -> 2:RELATION:platform=Merchant.platform -> 3:PROVIDER:postgresql= -> 4:SQL:select=] mutationLineage=[]
SQL: -- TeaQL PLAIN
SELECT id, create_time AS createTime, last_update_time AS lastUpdateTime, name, version FROM platform_data WHERE (version > 0) AND (id = 1) LIMIT 1 OFFSET 0
[TeaQL SQL][query][611us] 1 rows returned outcome=success batchOutcome=not_applicable comment=matched merchant read with relation purpose=matched benchmark read auditReason= tracePath=[0:OPERATION:Merchant=query -> 1:REQUEST:Merchant= -> 2:PROVIDER:postgresql= -> 3:SQL:select=] mutationLineage=[]
SQL: -- TeaQL PLAIN
SELECT id, name, code, external_id AS externalId, task_life_hours AS taskLifeHours, version, platform FROM merchant_data WHERE (version > 0) AND (external_id = 'matched-merchant') LIMIT 1000 OFFSET 0
[TeaQL SQL][query][551us] 1 rows returned outcome=success batchOutcome=not_applicable comment=matched merchant read with relation purpose=matched benchmark read auditReason= tracePath=[0:OPERATION:Merchant=query -> 1:REQUEST:Merchant= -> 2:RELATION:platform=Merchant.platform -> 3:PROVIDER:postgresql= -> 4:SQL:select=] mutationLineage=[]
SQL: -- TeaQL PLAIN
SELECT id, create_time AS createTime, last_update_time AS lastUpdateTime, name, version FROM platform_data WHERE (version > 0) AND (id = 1) LIMIT 1 OFFSET 0
[TeaQL SQL][query][628us] 1 rows returned outcome=success batchOutcome=not_applicable comment=matched merchant read with relation purpose=matched benchmark read auditReason= tracePath=[0:OPERATION:Merchant=query -> 1:REQUEST:Merchant= -> 2:PROVIDER:postgresql= -> 3:SQL:select=] mutationLineage=[]
SQL: -- TeaQL PLAIN
SELECT id, name, code, external_id AS externalId, task_life_hours AS taskLifeHours, version, platform FROM merchant_data WHERE (version > 0) AND (external_id = 'matched-merchant') LIMIT 1000 OFFSET 0
[TeaQL SQL][query][563us] 1 rows returned outcome=success batchOutcome=not_applicable comment=matched merchant read with relation purpose=matched benchmark read auditReason= tracePath=[0:OPERATION:Merchant=query -> 1:REQUEST:Merchant= -> 2:RELATION:platform=Merchant.platform -> 3:PROVIDER:postgresql= -> 4:SQL:select=] mutationLineage=[]
SQL: -- TeaQL PLAIN
SELECT id, create_time AS createTime, last_update_time AS lastUpdateTime, name, version FROM platform_data WHERE (version > 0) AND (id = 1) LIMIT 1 OFFSET 0
[TeaQL SQL][query][575us] 1 rows returned outcome=success batchOutcome=not_applicable comment=matched merchant read with relation purpose=matched benchmark read auditReason= tracePath=[0:OPERATION:Merchant=query -> 1:REQUEST:Merchant= -> 2:PROVIDER:postgresql= -> 3:SQL:select=] mutationLineage=[]
SQL: -- TeaQL PLAIN
SELECT id, name, code, external_id AS externalId, task_life_hours AS taskLifeHours, version, platform FROM merchant_data WHERE (version > 0) AND (external_id = 'matched-merchant') LIMIT 1000 OFFSET 0
[TeaQL SQL][query][481us] 1 rows returned outcome=success batchOutcome=not_applicable comment=matched merchant read with relation purpose=matched benchmark read auditReason= tracePath=[0:OPERATION:Merchant=query -> 1:REQUEST:Merchant= -> 2:RELATION:platform=Merchant.platform -> 3:PROVIDER:postgresql= -> 4:SQL:select=] mutationLineage=[]
SQL: -- TeaQL PLAIN
SELECT id, create_time AS createTime, last_update_time AS lastUpdateTime, name, version FROM platform_data WHERE (version > 0) AND (id = 1) LIMIT 1 OFFSET 0
[TeaQL SQL][query][488us] 1 rows returned outcome=success batchOutcome=not_applicable comment=matched merchant read with relation purpose=matched benchmark read auditReason= tracePath=[0:OPERATION:Merchant=query -> 1:REQUEST:Merchant= -> 2:PROVIDER:postgresql= -> 3:SQL:select=] mutationLineage=[]
SQL: -- TeaQL PLAIN
SELECT id, name, code, external_id AS externalId, task_life_hours AS taskLifeHours, version, platform FROM merchant_data WHERE (version > 0) AND (external_id = 'matched-merchant') LIMIT 1000 OFFSET 0
[TeaQL SQL][query][422us] 1 rows returned outcome=success batchOutcome=not_applicable comment=matched merchant read with relation purpose=matched benchmark read auditReason= tracePath=[0:OPERATION:Merchant=query -> 1:REQUEST:Merchant= -> 2:RELATION:platform=Merchant.platform -> 3:PROVIDER:postgresql= -> 4:SQL:select=] mutationLineage=[]
SQL: -- TeaQL PLAIN
SELECT id, create_time AS createTime, last_update_time AS lastUpdateTime, name, version FROM platform_data WHERE (version > 0) AND (id = 1) LIMIT 1 OFFSET 0
[TeaQL SQL][query][595us] 1 rows returned outcome=success batchOutcome=not_applicable comment=matched merchant read with relation purpose=matched benchmark read auditReason= tracePath=[0:OPERATION:Merchant=query -> 1:REQUEST:Merchant= -> 2:PROVIDER:postgresql= -> 3:SQL:select=] mutationLineage=[]
SQL: -- TeaQL PLAIN
SELECT id, name, code, external_id AS externalId, task_life_hours AS taskLifeHours, version, platform FROM merchant_data WHERE (version > 0) AND (external_id = 'matched-merchant') LIMIT 1000 OFFSET 0
[TeaQL SQL][query][573us] 1 rows returned outcome=success batchOutcome=not_applicable comment=matched merchant read with relation purpose=matched benchmark read auditReason= tracePath=[0:OPERATION:Merchant=query -> 1:REQUEST:Merchant= -> 2:RELATION:platform=Merchant.platform -> 3:PROVIDER:postgresql= -> 4:SQL:select=] mutationLineage=[]
SQL: -- TeaQL PLAIN
SELECT id, create_time AS createTime, last_update_time AS lastUpdateTime, name, version FROM platform_data WHERE (version > 0) AND (id = 1) LIMIT 1 OFFSET 0
[TeaQL SQL][query][589us] 1 rows returned outcome=success batchOutcome=not_applicable comment=matched merchant read with relation purpose=matched benchmark read auditReason= tracePath=[0:OPERATION:Merchant=query -> 1:REQUEST:Merchant= -> 2:PROVIDER:postgresql= -> 3:SQL:select=] mutationLineage=[]
SQL: -- TeaQL PLAIN
SELECT id, name, code, external_id AS externalId, task_life_hours AS taskLifeHours, version, platform FROM merchant_data WHERE (version > 0) AND (external_id = 'matched-merchant') LIMIT 1000 OFFSET 0
[TeaQL SQL][query][564us] 1 rows returned outcome=success batchOutcome=not_applicable comment=matched merchant read with relation purpose=matched benchmark read auditReason= tracePath=[0:OPERATION:Merchant=query -> 1:REQUEST:Merchant= -> 2:RELATION:platform=Merchant.platform -> 3:PROVIDER:postgresql= -> 4:SQL:select=] mutationLineage=[]
SQL: -- TeaQL PLAIN
SELECT id, create_time AS createTime, last_update_time AS lastUpdateTime, name, version FROM platform_data WHERE (version > 0) AND (id = 1) LIMIT 1 OFFSET 0
[TeaQL SQL][query][559us] 1 rows returned outcome=success batchOutcome=not_applicable comment=matched merchant read with relation purpose=matched benchmark read auditReason= tracePath=[0:OPERATION:Merchant=query -> 1:REQUEST:Merchant= -> 2:PROVIDER:postgresql= -> 3:SQL:select=] mutationLineage=[]
SQL: -- TeaQL PLAIN
SELECT id, name, code, external_id AS externalId, task_life_hours AS taskLifeHours, version, platform FROM merchant_data WHERE (version > 0) AND (external_id = 'matched-merchant') LIMIT 1000 OFFSET 0
[TeaQL SQL][query][523us] 1 rows returned outcome=success batchOutcome=not_applicable comment=matched merchant read with relation purpose=matched benchmark read auditReason= tracePath=[0:OPERATION:Merchant=query -> 1:REQUEST:Merchant= -> 2:RELATION:platform=Merchant.platform -> 3:PROVIDER:postgresql= -> 4:SQL:select=] mutationLineage=[]
SQL: -- TeaQL PLAIN
SELECT id, create_time AS createTime, last_update_time AS lastUpdateTime, name, version FROM platform_data WHERE (version > 0) AND (id = 1) LIMIT 1 OFFSET 0
[TeaQL SQL][query][523us] 1 rows returned outcome=success batchOutcome=not_applicable comment=matched merchant read with relation purpose=matched benchmark read auditReason= tracePath=[0:OPERATION:Merchant=query -> 1:REQUEST:Merchant= -> 2:PROVIDER:postgresql= -> 3:SQL:select=] mutationLineage=[]
SQL: -- TeaQL PLAIN
SELECT id, name, code, external_id AS externalId, task_life_hours AS taskLifeHours, version, platform FROM merchant_data WHERE (version > 0) AND (external_id = 'matched-merchant') LIMIT 1000 OFFSET 0
[TeaQL SQL][query][495us] 1 rows returned outcome=success batchOutcome=not_applicable comment=matched merchant read with relation purpose=matched benchmark read auditReason= tracePath=[0:OPERATION:Merchant=query -> 1:REQUEST:Merchant= -> 2:RELATION:platform=Merchant.platform -> 3:PROVIDER:postgresql= -> 4:SQL:select=] mutationLineage=[]
SQL: -- TeaQL PLAIN
SELECT id, create_time AS createTime, last_update_time AS lastUpdateTime, name, version FROM platform_data WHERE (version > 0) AND (id = 1) LIMIT 1 OFFSET 0
[TeaQL SQL][query][585us] 1 rows returned outcome=success batchOutcome=not_applicable comment=matched merchant read with relation purpose=matched benchmark read auditReason= tracePath=[0:OPERATION:Merchant=query -> 1:REQUEST:Merchant= -> 2:PROVIDER:postgresql= -> 3:SQL:select=] mutationLineage=[]
SQL: -- TeaQL PLAIN
SELECT id, name, code, external_id AS externalId, task_life_hours AS taskLifeHours, version, platform FROM merchant_data WHERE (version > 0) AND (external_id = 'matched-merchant') LIMIT 1000 OFFSET 0
[TeaQL SQL][query][511us] 1 rows returned outcome=success batchOutcome=not_applicable comment=matched merchant read with relation purpose=matched benchmark read auditReason= tracePath=[0:OPERATION:Merchant=query -> 1:REQUEST:Merchant= -> 2:RELATION:platform=Merchant.platform -> 3:PROVIDER:postgresql= -> 4:SQL:select=] mutationLineage=[]
SQL: -- TeaQL PLAIN
SELECT id, create_time AS createTime, last_update_time AS lastUpdateTime, name, version FROM platform_data WHERE (version > 0) AND (id = 1) LIMIT 1 OFFSET 0
[TeaQL SQL][query][655us] 1 rows returned outcome=success batchOutcome=not_applicable comment=matched merchant read with relation purpose=matched benchmark read auditReason= tracePath=[0:OPERATION:Merchant=query -> 1:REQUEST:Merchant= -> 2:PROVIDER:postgresql= -> 3:SQL:select=] mutationLineage=[]
SQL: -- TeaQL PLAIN
SELECT id, name, code, external_id AS externalId, task_life_hours AS taskLifeHours, version, platform FROM merchant_data WHERE (version > 0) AND (external_id = 'matched-merchant') LIMIT 1000 OFFSET 0
[TeaQL SQL][query][494us] 1 rows returned outcome=success batchOutcome=not_applicable comment=matched merchant read with relation purpose=matched benchmark read auditReason= tracePath=[0:OPERATION:Merchant=query -> 1:REQUEST:Merchant= -> 2:RELATION:platform=Merchant.platform -> 3:PROVIDER:postgresql= -> 4:SQL:select=] mutationLineage=[]
SQL: -- TeaQL PLAIN
SELECT id, create_time AS createTime, last_update_time AS lastUpdateTime, name, version FROM platform_data WHERE (version > 0) AND (id = 1) LIMIT 1 OFFSET 0
[TeaQL SQL][query][588us] 1 rows returned outcome=success batchOutcome=not_applicable comment=matched merchant read with relation purpose=matched benchmark read auditReason= tracePath=[0:OPERATION:Merchant=query -> 1:REQUEST:Merchant= -> 2:PROVIDER:postgresql= -> 3:SQL:select=] mutationLineage=[]
SQL: -- TeaQL PLAIN
SELECT id, name, code, external_id AS externalId, task_life_hours AS taskLifeHours, version, platform FROM merchant_data WHERE (version > 0) AND (external_id = 'matched-merchant') LIMIT 1000 OFFSET 0
[TeaQL SQL][query][542us] 1 rows returned outcome=success batchOutcome=not_applicable comment=matched merchant read with relation purpose=matched benchmark read auditReason= tracePath=[0:OPERATION:Merchant=query -> 1:REQUEST:Merchant= -> 2:RELATION:platform=Merchant.platform -> 3:PROVIDER:postgresql= -> 4:SQL:select=] mutationLineage=[]
SQL: -- TeaQL PLAIN
SELECT id, create_time AS createTime, last_update_time AS lastUpdateTime, name, version FROM platform_data WHERE (version > 0) AND (id = 1) LIMIT 1 OFFSET 0
[TeaQL SQL][query][506us] 1 rows returned outcome=success batchOutcome=not_applicable comment=matched merchant read with relation purpose=matched benchmark read auditReason= tracePath=[0:OPERATION:Merchant=query -> 1:REQUEST:Merchant= -> 2:PROVIDER:postgresql= -> 3:SQL:select=] mutationLineage=[]
SQL: -- TeaQL PLAIN
SELECT id, name, code, external_id AS externalId, task_life_hours AS taskLifeHours, version, platform FROM merchant_data WHERE (version > 0) AND (external_id = 'matched-merchant') LIMIT 1000 OFFSET 0
[TeaQL SQL][query][467us] 1 rows returned outcome=success batchOutcome=not_applicable comment=matched merchant read with relation purpose=matched benchmark read auditReason= tracePath=[0:OPERATION:Merchant=query -> 1:REQUEST:Merchant= -> 2:RELATION:platform=Merchant.platform -> 3:PROVIDER:postgresql= -> 4:SQL:select=] mutationLineage=[]
SQL: -- TeaQL PLAIN
SELECT id, create_time AS createTime, last_update_time AS lastUpdateTime, name, version FROM platform_data WHERE (version > 0) AND (id = 1) LIMIT 1 OFFSET 0
[TeaQL SQL][query][584us] 1 rows returned outcome=success batchOutcome=not_applicable comment=matched merchant read with relation purpose=matched benchmark read auditReason= tracePath=[0:OPERATION:Merchant=query -> 1:REQUEST:Merchant= -> 2:PROVIDER:postgresql= -> 3:SQL:select=] mutationLineage=[]
SQL: -- TeaQL PLAIN
SELECT id, name, code, external_id AS externalId, task_life_hours AS taskLifeHours, version, platform FROM merchant_data WHERE (version > 0) AND (external_id = 'matched-merchant') LIMIT 1000 OFFSET 0
[TeaQL SQL][query][527us] 1 rows returned outcome=success batchOutcome=not_applicable comment=matched merchant read with relation purpose=matched benchmark read auditReason= tracePath=[0:OPERATION:Merchant=query -> 1:REQUEST:Merchant= -> 2:RELATION:platform=Merchant.platform -> 3:PROVIDER:postgresql= -> 4:SQL:select=] mutationLineage=[]
SQL: -- TeaQL PLAIN
SELECT id, create_time AS createTime, last_update_time AS lastUpdateTime, name, version FROM platform_data WHERE (version > 0) AND (id = 1) LIMIT 1 OFFSET 0
[TeaQL SQL][query][585us] 1 rows returned outcome=success batchOutcome=not_applicable comment=matched merchant read with relation purpose=matched benchmark read auditReason= tracePath=[0:OPERATION:Merchant=query -> 1:REQUEST:Merchant= -> 2:PROVIDER:postgresql= -> 3:SQL:select=] mutationLineage=[]
SQL: -- TeaQL PLAIN
SELECT id, name, code, external_id AS externalId, task_life_hours AS taskLifeHours, version, platform FROM merchant_data WHERE (version > 0) AND (external_id = 'matched-merchant') LIMIT 1000 OFFSET 0
[TeaQL SQL][query][566us] 1 rows returned outcome=success batchOutcome=not_applicable comment=matched merchant read with relation purpose=matched benchmark read auditReason= tracePath=[0:OPERATION:Merchant=query -> 1:REQUEST:Merchant= -> 2:RELATION:platform=Merchant.platform -> 3:PROVIDER:postgresql= -> 4:SQL:select=] mutationLineage=[]
SQL: -- TeaQL PLAIN
SELECT id, create_time AS createTime, last_update_time AS lastUpdateTime, name, version FROM platform_data WHERE (version > 0) AND (id = 1) LIMIT 1 OFFSET 0
[TeaQL SQL][query][572us] 1 rows returned outcome=success batchOutcome=not_applicable comment=matched merchant read with relation purpose=matched benchmark read auditReason= tracePath=[0:OPERATION:Merchant=query -> 1:REQUEST:Merchant= -> 2:PROVIDER:postgresql= -> 3:SQL:select=] mutationLineage=[]
SQL: -- TeaQL PLAIN
SELECT id, name, code, external_id AS externalId, task_life_hours AS taskLifeHours, version, platform FROM merchant_data WHERE (version > 0) AND (external_id = 'matched-merchant') LIMIT 1000 OFFSET 0
[TeaQL SQL][query][463us] 1 rows returned outcome=success batchOutcome=not_applicable comment=matched merchant read with relation purpose=matched benchmark read auditReason= tracePath=[0:OPERATION:Merchant=query -> 1:REQUEST:Merchant= -> 2:RELATION:platform=Merchant.platform -> 3:PROVIDER:postgresql= -> 4:SQL:select=] mutationLineage=[]
SQL: -- TeaQL PLAIN
SELECT id, create_time AS createTime, last_update_time AS lastUpdateTime, name, version FROM platform_data WHERE (version > 0) AND (id = 1) LIMIT 1 OFFSET 0
[TeaQL SQL][query][592us] 1 rows returned outcome=success batchOutcome=not_applicable comment=matched merchant read with relation purpose=matched benchmark read auditReason= tracePath=[0:OPERATION:Merchant=query -> 1:REQUEST:Merchant= -> 2:PROVIDER:postgresql= -> 3:SQL:select=] mutationLineage=[]
SQL: -- TeaQL PLAIN
SELECT id, name, code, external_id AS externalId, task_life_hours AS taskLifeHours, version, platform FROM merchant_data WHERE (version > 0) AND (external_id = 'matched-merchant') LIMIT 1000 OFFSET 0
[TeaQL SQL][query][483us] 1 rows returned outcome=success batchOutcome=not_applicable comment=matched merchant read with relation purpose=matched benchmark read auditReason= tracePath=[0:OPERATION:Merchant=query -> 1:REQUEST:Merchant= -> 2:RELATION:platform=Merchant.platform -> 3:PROVIDER:postgresql= -> 4:SQL:select=] mutationLineage=[]
SQL: -- TeaQL PLAIN
SELECT id, create_time AS createTime, last_update_time AS lastUpdateTime, name, version FROM platform_data WHERE (version > 0) AND (id = 1) LIMIT 1 OFFSET 0
[TeaQL SQL][query][625us] 1 rows returned outcome=success batchOutcome=not_applicable comment=matched merchant read with relation purpose=matched benchmark read auditReason= tracePath=[0:OPERATION:Merchant=query -> 1:REQUEST:Merchant= -> 2:PROVIDER:postgresql= -> 3:SQL:select=] mutationLineage=[]
SQL: -- TeaQL PLAIN
SELECT id, name, code, external_id AS externalId, task_life_hours AS taskLifeHours, version, platform FROM merchant_data WHERE (version > 0) AND (external_id = 'matched-merchant') LIMIT 1000 OFFSET 0
[TeaQL SQL][query][516us] 1 rows returned outcome=success batchOutcome=not_applicable comment=matched merchant read with relation purpose=matched benchmark read auditReason= tracePath=[0:OPERATION:Merchant=query -> 1:REQUEST:Merchant= -> 2:RELATION:platform=Merchant.platform -> 3:PROVIDER:postgresql= -> 4:SQL:select=] mutationLineage=[]
SQL: -- TeaQL PLAIN
SELECT id, create_time AS createTime, last_update_time AS lastUpdateTime, name, version FROM platform_data WHERE (version > 0) AND (id = 1) LIMIT 1 OFFSET 0
[TeaQL SQL][query][638us] 1 rows returned outcome=success batchOutcome=not_applicable comment=matched merchant read with relation purpose=matched benchmark read auditReason= tracePath=[0:OPERATION:Merchant=query -> 1:REQUEST:Merchant= -> 2:PROVIDER:postgresql= -> 3:SQL:select=] mutationLineage=[]
SQL: -- TeaQL PLAIN
SELECT id, name, code, external_id AS externalId, task_life_hours AS taskLifeHours, version, platform FROM merchant_data WHERE (version > 0) AND (external_id = 'matched-merchant') LIMIT 1000 OFFSET 0
[TeaQL SQL][query][712us] 1 rows returned outcome=success batchOutcome=not_applicable comment=matched merchant read with relation purpose=matched benchmark read auditReason= tracePath=[0:OPERATION:Merchant=query -> 1:REQUEST:Merchant= -> 2:RELATION:platform=Merchant.platform -> 3:PROVIDER:postgresql= -> 4:SQL:select=] mutationLineage=[]
SQL: -- TeaQL PLAIN
SELECT id, create_time AS createTime, last_update_time AS lastUpdateTime, name, version FROM platform_data WHERE (version > 0) AND (id = 1) LIMIT 1 OFFSET 0
[TeaQL SQL][query][633us] 1 rows returned outcome=success batchOutcome=not_applicable comment=matched merchant read with relation purpose=matched benchmark read auditReason= tracePath=[0:OPERATION:Merchant=query -> 1:REQUEST:Merchant= -> 2:PROVIDER:postgresql= -> 3:SQL:select=] mutationLineage=[]
SQL: -- TeaQL PLAIN
SELECT id, name, code, external_id AS externalId, task_life_hours AS taskLifeHours, version, platform FROM merchant_data WHERE (version > 0) AND (external_id = 'matched-merchant') LIMIT 1000 OFFSET 0
[TeaQL SQL][query][539us] 1 rows returned outcome=success batchOutcome=not_applicable comment=matched merchant read with relation purpose=matched benchmark read auditReason= tracePath=[0:OPERATION:Merchant=query -> 1:REQUEST:Merchant= -> 2:RELATION:platform=Merchant.platform -> 3:PROVIDER:postgresql= -> 4:SQL:select=] mutationLineage=[]
SQL: -- TeaQL PLAIN
SELECT id, create_time AS createTime, last_update_time AS lastUpdateTime, name, version FROM platform_data WHERE (version > 0) AND (id = 1) LIMIT 1 OFFSET 0
[TeaQL SQL][query][471us] 1 rows returned outcome=success batchOutcome=not_applicable comment=matched merchant read with relation purpose=matched benchmark read auditReason= tracePath=[0:OPERATION:Merchant=query -> 1:REQUEST:Merchant= -> 2:PROVIDER:postgresql= -> 3:SQL:select=] mutationLineage=[]
SQL: -- TeaQL PLAIN
SELECT id, name, code, external_id AS externalId, task_life_hours AS taskLifeHours, version, platform FROM merchant_data WHERE (version > 0) AND (external_id = 'matched-merchant') LIMIT 1000 OFFSET 0
[TeaQL SQL][query][444us] 1 rows returned outcome=success batchOutcome=not_applicable comment=matched merchant read with relation purpose=matched benchmark read auditReason= tracePath=[0:OPERATION:Merchant=query -> 1:REQUEST:Merchant= -> 2:RELATION:platform=Merchant.platform -> 3:PROVIDER:postgresql= -> 4:SQL:select=] mutationLineage=[]
SQL: -- TeaQL PLAIN
SELECT id, create_time AS createTime, last_update_time AS lastUpdateTime, name, version FROM platform_data WHERE (version > 0) AND (id = 1) LIMIT 1 OFFSET 0
[TeaQL SQL][query][515us] 1 rows returned outcome=success batchOutcome=not_applicable comment=matched merchant read with relation purpose=matched benchmark read auditReason= tracePath=[0:OPERATION:Merchant=query -> 1:REQUEST:Merchant= -> 2:PROVIDER:postgresql= -> 3:SQL:select=] mutationLineage=[]
SQL: -- TeaQL PLAIN
SELECT id, name, code, external_id AS externalId, task_life_hours AS taskLifeHours, version, platform FROM merchant_data WHERE (version > 0) AND (external_id = 'matched-merchant') LIMIT 1000 OFFSET 0
[TeaQL SQL][query][475us] 1 rows returned outcome=success batchOutcome=not_applicable comment=matched merchant read with relation purpose=matched benchmark read auditReason= tracePath=[0:OPERATION:Merchant=query -> 1:REQUEST:Merchant= -> 2:RELATION:platform=Merchant.platform -> 3:PROVIDER:postgresql= -> 4:SQL:select=] mutationLineage=[]
SQL: -- TeaQL PLAIN
SELECT id, create_time AS createTime, last_update_time AS lastUpdateTime, name, version FROM platform_data WHERE (version > 0) AND (id = 1) LIMIT 1 OFFSET 0
[TeaQL SQL][query][710us] 1 rows returned outcome=success batchOutcome=not_applicable comment=matched merchant read with relation purpose=matched benchmark read auditReason= tracePath=[0:OPERATION:Merchant=query -> 1:REQUEST:Merchant= -> 2:PROVIDER:postgresql= -> 3:SQL:select=] mutationLineage=[]
SQL: -- TeaQL PLAIN
SELECT id, name, code, external_id AS externalId, task_life_hours AS taskLifeHours, version, platform FROM merchant_data WHERE (version > 0) AND (external_id = 'matched-merchant') LIMIT 1000 OFFSET 0
[TeaQL SQL][query][630us] 1 rows returned outcome=success batchOutcome=not_applicable comment=matched merchant read with relation purpose=matched benchmark read auditReason= tracePath=[0:OPERATION:Merchant=query -> 1:REQUEST:Merchant= -> 2:RELATION:platform=Merchant.platform -> 3:PROVIDER:postgresql= -> 4:SQL:select=] mutationLineage=[]
SQL: -- TeaQL PLAIN
SELECT id, create_time AS createTime, last_update_time AS lastUpdateTime, name, version FROM platform_data WHERE (version > 0) AND (id = 1) LIMIT 1 OFFSET 0
[TeaQL SQL][query][576us] 1 rows returned outcome=success batchOutcome=not_applicable comment=matched merchant read with relation purpose=matched benchmark read auditReason= tracePath=[0:OPERATION:Merchant=query -> 1:REQUEST:Merchant= -> 2:PROVIDER:postgresql= -> 3:SQL:select=] mutationLineage=[]
SQL: -- TeaQL PLAIN
SELECT id, name, code, external_id AS externalId, task_life_hours AS taskLifeHours, version, platform FROM merchant_data WHERE (version > 0) AND (external_id = 'matched-merchant') LIMIT 1000 OFFSET 0
[TeaQL SQL][query][437us] 1 rows returned outcome=success batchOutcome=not_applicable comment=matched merchant read with relation purpose=matched benchmark read auditReason= tracePath=[0:OPERATION:Merchant=query -> 1:REQUEST:Merchant= -> 2:RELATION:platform=Merchant.platform -> 3:PROVIDER:postgresql= -> 4:SQL:select=] mutationLineage=[]
SQL: -- TeaQL PLAIN
SELECT id, create_time AS createTime, last_update_time AS lastUpdateTime, name, version FROM platform_data WHERE (version > 0) AND (id = 1) LIMIT 1 OFFSET 0
[TeaQL SQL][query][510us] 1 rows returned outcome=success batchOutcome=not_applicable comment=matched merchant read with relation purpose=matched benchmark read auditReason= tracePath=[0:OPERATION:Merchant=query -> 1:REQUEST:Merchant= -> 2:PROVIDER:postgresql= -> 3:SQL:select=] mutationLineage=[]
SQL: -- TeaQL PLAIN
SELECT id, name, code, external_id AS externalId, task_life_hours AS taskLifeHours, version, platform FROM merchant_data WHERE (version > 0) AND (external_id = 'matched-merchant') LIMIT 1000 OFFSET 0
[TeaQL SQL][query][511us] 1 rows returned outcome=success batchOutcome=not_applicable comment=matched merchant read with relation purpose=matched benchmark read auditReason= tracePath=[0:OPERATION:Merchant=query -> 1:REQUEST:Merchant= -> 2:RELATION:platform=Merchant.platform -> 3:PROVIDER:postgresql= -> 4:SQL:select=] mutationLineage=[]
SQL: -- TeaQL PLAIN
SELECT id, create_time AS createTime, last_update_time AS lastUpdateTime, name, version FROM platform_data WHERE (version > 0) AND (id = 1) LIMIT 1 OFFSET 0
[TeaQL SQL][query][595us] 1 rows returned outcome=success batchOutcome=not_applicable comment=matched merchant read with relation purpose=matched benchmark read auditReason= tracePath=[0:OPERATION:Merchant=query -> 1:REQUEST:Merchant= -> 2:PROVIDER:postgresql= -> 3:SQL:select=] mutationLineage=[]
SQL: -- TeaQL PLAIN
SELECT id, name, code, external_id AS externalId, task_life_hours AS taskLifeHours, version, platform FROM merchant_data WHERE (version > 0) AND (external_id = 'matched-merchant') LIMIT 1000 OFFSET 0
[TeaQL SQL][query][495us] 1 rows returned outcome=success batchOutcome=not_applicable comment=matched merchant read with relation purpose=matched benchmark read auditReason= tracePath=[0:OPERATION:Merchant=query -> 1:REQUEST:Merchant= -> 2:RELATION:platform=Merchant.platform -> 3:PROVIDER:postgresql= -> 4:SQL:select=] mutationLineage=[]
SQL: -- TeaQL PLAIN
SELECT id, create_time AS createTime, last_update_time AS lastUpdateTime, name, version FROM platform_data WHERE (version > 0) AND (id = 1) LIMIT 1 OFFSET 0
[TeaQL SQL][query][570us] 1 rows returned outcome=success batchOutcome=not_applicable comment=matched merchant read with relation purpose=matched benchmark read auditReason= tracePath=[0:OPERATION:Merchant=query -> 1:REQUEST:Merchant= -> 2:PROVIDER:postgresql= -> 3:SQL:select=] mutationLineage=[]
SQL: -- TeaQL PLAIN
SELECT id, name, code, external_id AS externalId, task_life_hours AS taskLifeHours, version, platform FROM merchant_data WHERE (version > 0) AND (external_id = 'matched-merchant') LIMIT 1000 OFFSET 0
[TeaQL SQL][query][562us] 1 rows returned outcome=success batchOutcome=not_applicable comment=matched merchant read with relation purpose=matched benchmark read auditReason= tracePath=[0:OPERATION:Merchant=query -> 1:REQUEST:Merchant= -> 2:RELATION:platform=Merchant.platform -> 3:PROVIDER:postgresql= -> 4:SQL:select=] mutationLineage=[]
SQL: -- TeaQL PLAIN
SELECT id, create_time AS createTime, last_update_time AS lastUpdateTime, name, version FROM platform_data WHERE (version > 0) AND (id = 1) LIMIT 1 OFFSET 0
[TeaQL SQL][query][606us] 1 rows returned outcome=success batchOutcome=not_applicable comment=matched merchant read with relation purpose=matched benchmark read auditReason= tracePath=[0:OPERATION:Merchant=query -> 1:REQUEST:Merchant= -> 2:PROVIDER:postgresql= -> 3:SQL:select=] mutationLineage=[]
SQL: -- TeaQL PLAIN
SELECT id, name, code, external_id AS externalId, task_life_hours AS taskLifeHours, version, platform FROM merchant_data WHERE (version > 0) AND (external_id = 'matched-merchant') LIMIT 1000 OFFSET 0
[TeaQL SQL][query][601us] 1 rows returned outcome=success batchOutcome=not_applicable comment=matched merchant read with relation purpose=matched benchmark read auditReason= tracePath=[0:OPERATION:Merchant=query -> 1:REQUEST:Merchant= -> 2:RELATION:platform=Merchant.platform -> 3:PROVIDER:postgresql= -> 4:SQL:select=] mutationLineage=[]
SQL: -- TeaQL PLAIN
SELECT id, create_time AS createTime, last_update_time AS lastUpdateTime, name, version FROM platform_data WHERE (version > 0) AND (id = 1) LIMIT 1 OFFSET 0
[TeaQL SQL][query][579us] 1 rows returned outcome=success batchOutcome=not_applicable comment=matched merchant read with relation purpose=matched benchmark read auditReason= tracePath=[0:OPERATION:Merchant=query -> 1:REQUEST:Merchant= -> 2:PROVIDER:postgresql= -> 3:SQL:select=] mutationLineage=[]
SQL: -- TeaQL PLAIN
SELECT id, name, code, external_id AS externalId, task_life_hours AS taskLifeHours, version, platform FROM merchant_data WHERE (version > 0) AND (external_id = 'matched-merchant') LIMIT 1000 OFFSET 0
[TeaQL SQL][query][507us] 1 rows returned outcome=success batchOutcome=not_applicable comment=matched merchant read with relation purpose=matched benchmark read auditReason= tracePath=[0:OPERATION:Merchant=query -> 1:REQUEST:Merchant= -> 2:RELATION:platform=Merchant.platform -> 3:PROVIDER:postgresql= -> 4:SQL:select=] mutationLineage=[]
SQL: -- TeaQL PLAIN
SELECT id, create_time AS createTime, last_update_time AS lastUpdateTime, name, version FROM platform_data WHERE (version > 0) AND (id = 1) LIMIT 1 OFFSET 0
[TeaQL SQL][query][700us] 1 rows returned outcome=success batchOutcome=not_applicable comment=matched merchant read with relation purpose=matched benchmark read auditReason= tracePath=[0:OPERATION:Merchant=query -> 1:REQUEST:Merchant= -> 2:PROVIDER:postgresql= -> 3:SQL:select=] mutationLineage=[]
SQL: -- TeaQL PLAIN
SELECT id, name, code, external_id AS externalId, task_life_hours AS taskLifeHours, version, platform FROM merchant_data WHERE (version > 0) AND (external_id = 'matched-merchant') LIMIT 1000 OFFSET 0
[TeaQL SQL][query][549us] 1 rows returned outcome=success batchOutcome=not_applicable comment=matched merchant read with relation purpose=matched benchmark read auditReason= tracePath=[0:OPERATION:Merchant=query -> 1:REQUEST:Merchant= -> 2:RELATION:platform=Merchant.platform -> 3:PROVIDER:postgresql= -> 4:SQL:select=] mutationLineage=[]
SQL: -- TeaQL PLAIN
SELECT id, create_time AS createTime, last_update_time AS lastUpdateTime, name, version FROM platform_data WHERE (version > 0) AND (id = 1) LIMIT 1 OFFSET 0
[TeaQL SQL][query][601us] 1 rows returned outcome=success batchOutcome=not_applicable comment=matched merchant read with relation purpose=matched benchmark read auditReason= tracePath=[0:OPERATION:Merchant=query -> 1:REQUEST:Merchant= -> 2:PROVIDER:postgresql= -> 3:SQL:select=] mutationLineage=[]
SQL: -- TeaQL PLAIN
SELECT id, name, code, external_id AS externalId, task_life_hours AS taskLifeHours, version, platform FROM merchant_data WHERE (version > 0) AND (external_id = 'matched-merchant') LIMIT 1000 OFFSET 0
[TeaQL SQL][query][478us] 1 rows returned outcome=success batchOutcome=not_applicable comment=matched merchant read with relation purpose=matched benchmark read auditReason= tracePath=[0:OPERATION:Merchant=query -> 1:REQUEST:Merchant= -> 2:RELATION:platform=Merchant.platform -> 3:PROVIDER:postgresql= -> 4:SQL:select=] mutationLineage=[]
SQL: -- TeaQL PLAIN
SELECT id, create_time AS createTime, last_update_time AS lastUpdateTime, name, version FROM platform_data WHERE (version > 0) AND (id = 1) LIMIT 1 OFFSET 0
[TeaQL SQL][query][526us] 1 rows returned outcome=success batchOutcome=not_applicable comment=matched merchant read with relation purpose=matched benchmark read auditReason= tracePath=[0:OPERATION:Merchant=query -> 1:REQUEST:Merchant= -> 2:PROVIDER:postgresql= -> 3:SQL:select=] mutationLineage=[]
SQL: -- TeaQL PLAIN
SELECT id, name, code, external_id AS externalId, task_life_hours AS taskLifeHours, version, platform FROM merchant_data WHERE (version > 0) AND (external_id = 'matched-merchant') LIMIT 1000 OFFSET 0
[TeaQL SQL][query][409us] 1 rows returned outcome=success batchOutcome=not_applicable comment=matched merchant read with relation purpose=matched benchmark read auditReason= tracePath=[0:OPERATION:Merchant=query -> 1:REQUEST:Merchant= -> 2:RELATION:platform=Merchant.platform -> 3:PROVIDER:postgresql= -> 4:SQL:select=] mutationLineage=[]
SQL: -- TeaQL PLAIN
SELECT id, create_time AS createTime, last_update_time AS lastUpdateTime, name, version FROM platform_data WHERE (version > 0) AND (id = 1) LIMIT 1 OFFSET 0
[TeaQL SQL][query][580us] 1 rows returned outcome=success batchOutcome=not_applicable comment=matched merchant read with relation purpose=matched benchmark read auditReason= tracePath=[0:OPERATION:Merchant=query -> 1:REQUEST:Merchant= -> 2:PROVIDER:postgresql= -> 3:SQL:select=] mutationLineage=[]
SQL: -- TeaQL PLAIN
SELECT id, name, code, external_id AS externalId, task_life_hours AS taskLifeHours, version, platform FROM merchant_data WHERE (version > 0) AND (external_id = 'matched-merchant') LIMIT 1000 OFFSET 0
[TeaQL SQL][query][533us] 1 rows returned outcome=success batchOutcome=not_applicable comment=matched merchant read with relation purpose=matched benchmark read auditReason= tracePath=[0:OPERATION:Merchant=query -> 1:REQUEST:Merchant= -> 2:RELATION:platform=Merchant.platform -> 3:PROVIDER:postgresql= -> 4:SQL:select=] mutationLineage=[]
SQL: -- TeaQL PLAIN
SELECT id, create_time AS createTime, last_update_time AS lastUpdateTime, name, version FROM platform_data WHERE (version > 0) AND (id = 1) LIMIT 1 OFFSET 0
[TeaQL SQL][query][598us] 1 rows returned outcome=success batchOutcome=not_applicable comment=matched merchant read with relation purpose=matched benchmark read auditReason= tracePath=[0:OPERATION:Merchant=query -> 1:REQUEST:Merchant= -> 2:PROVIDER:postgresql= -> 3:SQL:select=] mutationLineage=[]
SQL: -- TeaQL PLAIN
SELECT id, name, code, external_id AS externalId, task_life_hours AS taskLifeHours, version, platform FROM merchant_data WHERE (version > 0) AND (external_id = 'matched-merchant') LIMIT 1000 OFFSET 0
[TeaQL SQL][query][505us] 1 rows returned outcome=success batchOutcome=not_applicable comment=matched merchant read with relation purpose=matched benchmark read auditReason= tracePath=[0:OPERATION:Merchant=query -> 1:REQUEST:Merchant= -> 2:RELATION:platform=Merchant.platform -> 3:PROVIDER:postgresql= -> 4:SQL:select=] mutationLineage=[]
SQL: -- TeaQL PLAIN
SELECT id, create_time AS createTime, last_update_time AS lastUpdateTime, name, version FROM platform_data WHERE (version > 0) AND (id = 1) LIMIT 1 OFFSET 0
[TeaQL SQL][query][698us] 1 rows returned outcome=success batchOutcome=not_applicable comment=matched merchant read with relation purpose=matched benchmark read auditReason= tracePath=[0:OPERATION:Merchant=query -> 1:REQUEST:Merchant= -> 2:PROVIDER:postgresql= -> 3:SQL:select=] mutationLineage=[]
SQL: -- TeaQL PLAIN
SELECT id, name, code, external_id AS externalId, task_life_hours AS taskLifeHours, version, platform FROM merchant_data WHERE (version > 0) AND (external_id = 'matched-merchant') LIMIT 1000 OFFSET 0
[TeaQL SQL][query][565us] 1 rows returned outcome=success batchOutcome=not_applicable comment=matched merchant read with relation purpose=matched benchmark read auditReason= tracePath=[0:OPERATION:Merchant=query -> 1:REQUEST:Merchant= -> 2:RELATION:platform=Merchant.platform -> 3:PROVIDER:postgresql= -> 4:SQL:select=] mutationLineage=[]
SQL: -- TeaQL PLAIN
SELECT id, create_time AS createTime, last_update_time AS lastUpdateTime, name, version FROM platform_data WHERE (version > 0) AND (id = 1) LIMIT 1 OFFSET 0
[TeaQL SQL][query][564us] 1 rows returned outcome=success batchOutcome=not_applicable comment=matched merchant read with relation purpose=matched benchmark read auditReason= tracePath=[0:OPERATION:Merchant=query -> 1:REQUEST:Merchant= -> 2:PROVIDER:postgresql= -> 3:SQL:select=] mutationLineage=[]
SQL: -- TeaQL PLAIN
SELECT id, name, code, external_id AS externalId, task_life_hours AS taskLifeHours, version, platform FROM merchant_data WHERE (version > 0) AND (external_id = 'matched-merchant') LIMIT 1000 OFFSET 0
[TeaQL SQL][query][505us] 1 rows returned outcome=success batchOutcome=not_applicable comment=matched merchant read with relation purpose=matched benchmark read auditReason= tracePath=[0:OPERATION:Merchant=query -> 1:REQUEST:Merchant= -> 2:RELATION:platform=Merchant.platform -> 3:PROVIDER:postgresql= -> 4:SQL:select=] mutationLineage=[]
SQL: -- TeaQL PLAIN
SELECT id, create_time AS createTime, last_update_time AS lastUpdateTime, name, version FROM platform_data WHERE (version > 0) AND (id = 1) LIMIT 1 OFFSET 0
[TeaQL SQL][query][518us] 1 rows returned outcome=success batchOutcome=not_applicable comment=matched merchant read with relation purpose=matched benchmark read auditReason= tracePath=[0:OPERATION:Merchant=query -> 1:REQUEST:Merchant= -> 2:PROVIDER:postgresql= -> 3:SQL:select=] mutationLineage=[]
SQL: -- TeaQL PLAIN
SELECT id, name, code, external_id AS externalId, task_life_hours AS taskLifeHours, version, platform FROM merchant_data WHERE (version > 0) AND (external_id = 'matched-merchant') LIMIT 1000 OFFSET 0
[TeaQL SQL][query][417us] 1 rows returned outcome=success batchOutcome=not_applicable comment=matched merchant read with relation purpose=matched benchmark read auditReason= tracePath=[0:OPERATION:Merchant=query -> 1:REQUEST:Merchant= -> 2:RELATION:platform=Merchant.platform -> 3:PROVIDER:postgresql= -> 4:SQL:select=] mutationLineage=[]
SQL: -- TeaQL PLAIN
SELECT id, create_time AS createTime, last_update_time AS lastUpdateTime, name, version FROM platform_data WHERE (version > 0) AND (id = 1) LIMIT 1 OFFSET 0
[TeaQL SQL][query][576us] 1 rows returned outcome=success batchOutcome=not_applicable comment=matched merchant read with relation purpose=matched benchmark read auditReason= tracePath=[0:OPERATION:Merchant=query -> 1:REQUEST:Merchant= -> 2:PROVIDER:postgresql= -> 3:SQL:select=] mutationLineage=[]
SQL: -- TeaQL PLAIN
SELECT id, name, code, external_id AS externalId, task_life_hours AS taskLifeHours, version, platform FROM merchant_data WHERE (version > 0) AND (external_id = 'matched-merchant') LIMIT 1000 OFFSET 0
[TeaQL SQL][query][450us] 1 rows returned outcome=success batchOutcome=not_applicable comment=matched merchant read with relation purpose=matched benchmark read auditReason= tracePath=[0:OPERATION:Merchant=query -> 1:REQUEST:Merchant= -> 2:RELATION:platform=Merchant.platform -> 3:PROVIDER:postgresql= -> 4:SQL:select=] mutationLineage=[]
SQL: -- TeaQL PLAIN
SELECT id, create_time AS createTime, last_update_time AS lastUpdateTime, name, version FROM platform_data WHERE (version > 0) AND (id = 1) LIMIT 1 OFFSET 0
[TeaQL SQL][query][561us] 1 rows returned outcome=success batchOutcome=not_applicable comment=matched merchant read with relation purpose=matched benchmark read auditReason= tracePath=[0:OPERATION:Merchant=query -> 1:REQUEST:Merchant= -> 2:PROVIDER:postgresql= -> 3:SQL:select=] mutationLineage=[]
SQL: -- TeaQL PLAIN
SELECT id, name, code, external_id AS externalId, task_life_hours AS taskLifeHours, version, platform FROM merchant_data WHERE (version > 0) AND (external_id = 'matched-merchant') LIMIT 1000 OFFSET 0
[TeaQL SQL][query][509us] 1 rows returned outcome=success batchOutcome=not_applicable comment=matched merchant read with relation purpose=matched benchmark read auditReason= tracePath=[0:OPERATION:Merchant=query -> 1:REQUEST:Merchant= -> 2:RELATION:platform=Merchant.platform -> 3:PROVIDER:postgresql= -> 4:SQL:select=] mutationLineage=[]
SQL: -- TeaQL PLAIN
SELECT id, create_time AS createTime, last_update_time AS lastUpdateTime, name, version FROM platform_data WHERE (version > 0) AND (id = 1) LIMIT 1 OFFSET 0
[TeaQL SQL][query][545us] 1 rows returned outcome=success batchOutcome=not_applicable comment=matched merchant read with relation purpose=matched benchmark read auditReason= tracePath=[0:OPERATION:Merchant=query -> 1:REQUEST:Merchant= -> 2:PROVIDER:postgresql= -> 3:SQL:select=] mutationLineage=[]
SQL: -- TeaQL PLAIN
SELECT id, name, code, external_id AS externalId, task_life_hours AS taskLifeHours, version, platform FROM merchant_data WHERE (version > 0) AND (external_id = 'matched-merchant') LIMIT 1000 OFFSET 0
[TeaQL SQL][query][512us] 1 rows returned outcome=success batchOutcome=not_applicable comment=matched merchant read with relation purpose=matched benchmark read auditReason= tracePath=[0:OPERATION:Merchant=query -> 1:REQUEST:Merchant= -> 2:RELATION:platform=Merchant.platform -> 3:PROVIDER:postgresql= -> 4:SQL:select=] mutationLineage=[]
SQL: -- TeaQL PLAIN
SELECT id, create_time AS createTime, last_update_time AS lastUpdateTime, name, version FROM platform_data WHERE (version > 0) AND (id = 1) LIMIT 1 OFFSET 0
[TeaQL SQL][query][563us] 1 rows returned outcome=success batchOutcome=not_applicable comment=matched merchant read with relation purpose=matched benchmark read auditReason= tracePath=[0:OPERATION:Merchant=query -> 1:REQUEST:Merchant= -> 2:PROVIDER:postgresql= -> 3:SQL:select=] mutationLineage=[]
SQL: -- TeaQL PLAIN
SELECT id, name, code, external_id AS externalId, task_life_hours AS taskLifeHours, version, platform FROM merchant_data WHERE (version > 0) AND (external_id = 'matched-merchant') LIMIT 1000 OFFSET 0
[TeaQL SQL][query][619us] 1 rows returned outcome=success batchOutcome=not_applicable comment=matched merchant read with relation purpose=matched benchmark read auditReason= tracePath=[0:OPERATION:Merchant=query -> 1:REQUEST:Merchant= -> 2:RELATION:platform=Merchant.platform -> 3:PROVIDER:postgresql= -> 4:SQL:select=] mutationLineage=[]
SQL: -- TeaQL PLAIN
SELECT id, create_time AS createTime, last_update_time AS lastUpdateTime, name, version FROM platform_data WHERE (version > 0) AND (id = 1) LIMIT 1 OFFSET 0
[TeaQL SQL][query][542us] 1 rows returned outcome=success batchOutcome=not_applicable comment=matched merchant read with relation purpose=matched benchmark read auditReason= tracePath=[0:OPERATION:Merchant=query -> 1:REQUEST:Merchant= -> 2:PROVIDER:postgresql= -> 3:SQL:select=] mutationLineage=[]
SQL: -- TeaQL PLAIN
SELECT id, name, code, external_id AS externalId, task_life_hours AS taskLifeHours, version, platform FROM merchant_data WHERE (version > 0) AND (external_id = 'matched-merchant') LIMIT 1000 OFFSET 0
[TeaQL SQL][query][488us] 1 rows returned outcome=success batchOutcome=not_applicable comment=matched merchant read with relation purpose=matched benchmark read auditReason= tracePath=[0:OPERATION:Merchant=query -> 1:REQUEST:Merchant= -> 2:RELATION:platform=Merchant.platform -> 3:PROVIDER:postgresql= -> 4:SQL:select=] mutationLineage=[]
SQL: -- TeaQL PLAIN
SELECT id, create_time AS createTime, last_update_time AS lastUpdateTime, name, version FROM platform_data WHERE (version > 0) AND (id = 1) LIMIT 1 OFFSET 0
[TeaQL SQL][query][601us] 1 rows returned outcome=success batchOutcome=not_applicable comment=matched merchant read with relation purpose=matched benchmark read auditReason= tracePath=[0:OPERATION:Merchant=query -> 1:REQUEST:Merchant= -> 2:PROVIDER:postgresql= -> 3:SQL:select=] mutationLineage=[]
SQL: -- TeaQL PLAIN
SELECT id, name, code, external_id AS externalId, task_life_hours AS taskLifeHours, version, platform FROM merchant_data WHERE (version > 0) AND (external_id = 'matched-merchant') LIMIT 1000 OFFSET 0
[TeaQL SQL][query][545us] 1 rows returned outcome=success batchOutcome=not_applicable comment=matched merchant read with relation purpose=matched benchmark read auditReason= tracePath=[0:OPERATION:Merchant=query -> 1:REQUEST:Merchant= -> 2:RELATION:platform=Merchant.platform -> 3:PROVIDER:postgresql= -> 4:SQL:select=] mutationLineage=[]
SQL: -- TeaQL PLAIN
SELECT id, create_time AS createTime, last_update_time AS lastUpdateTime, name, version FROM platform_data WHERE (version > 0) AND (id = 1) LIMIT 1 OFFSET 0
[TeaQL SQL][query][547us] 1 rows returned outcome=success batchOutcome=not_applicable comment=matched merchant read with relation purpose=matched benchmark read auditReason= tracePath=[0:OPERATION:Merchant=query -> 1:REQUEST:Merchant= -> 2:PROVIDER:postgresql= -> 3:SQL:select=] mutationLineage=[]
SQL: -- TeaQL PLAIN
SELECT id, name, code, external_id AS externalId, task_life_hours AS taskLifeHours, version, platform FROM merchant_data WHERE (version > 0) AND (external_id = 'matched-merchant') LIMIT 1000 OFFSET 0
[TeaQL SQL][query][499us] 1 rows returned outcome=success batchOutcome=not_applicable comment=matched merchant read with relation purpose=matched benchmark read auditReason= tracePath=[0:OPERATION:Merchant=query -> 1:REQUEST:Merchant= -> 2:RELATION:platform=Merchant.platform -> 3:PROVIDER:postgresql= -> 4:SQL:select=] mutationLineage=[]
SQL: -- TeaQL PLAIN
SELECT id, create_time AS createTime, last_update_time AS lastUpdateTime, name, version FROM platform_data WHERE (version > 0) AND (id = 1) LIMIT 1 OFFSET 0
[TeaQL SQL][query][551us] 1 rows returned outcome=success batchOutcome=not_applicable comment=matched merchant read with relation purpose=matched benchmark read auditReason= tracePath=[0:OPERATION:Merchant=query -> 1:REQUEST:Merchant= -> 2:PROVIDER:postgresql= -> 3:SQL:select=] mutationLineage=[]
SQL: -- TeaQL PLAIN
SELECT id, name, code, external_id AS externalId, task_life_hours AS taskLifeHours, version, platform FROM merchant_data WHERE (version > 0) AND (external_id = 'matched-merchant') LIMIT 1000 OFFSET 0
[TeaQL SQL][query][508us] 1 rows returned outcome=success batchOutcome=not_applicable comment=matched merchant read with relation purpose=matched benchmark read auditReason= tracePath=[0:OPERATION:Merchant=query -> 1:REQUEST:Merchant= -> 2:RELATION:platform=Merchant.platform -> 3:PROVIDER:postgresql= -> 4:SQL:select=] mutationLineage=[]
SQL: -- TeaQL PLAIN
SELECT id, create_time AS createTime, last_update_time AS lastUpdateTime, name, version FROM platform_data WHERE (version > 0) AND (id = 1) LIMIT 1 OFFSET 0
[TeaQL SQL][query][614us] 1 rows returned outcome=success batchOutcome=not_applicable comment=matched merchant read with relation purpose=matched benchmark read auditReason= tracePath=[0:OPERATION:Merchant=query -> 1:REQUEST:Merchant= -> 2:PROVIDER:postgresql= -> 3:SQL:select=] mutationLineage=[]
SQL: -- TeaQL PLAIN
SELECT id, name, code, external_id AS externalId, task_life_hours AS taskLifeHours, version, platform FROM merchant_data WHERE (version > 0) AND (external_id = 'matched-merchant') LIMIT 1000 OFFSET 0
[TeaQL SQL][query][513us] 1 rows returned outcome=success batchOutcome=not_applicable comment=matched merchant read with relation purpose=matched benchmark read auditReason= tracePath=[0:OPERATION:Merchant=query -> 1:REQUEST:Merchant= -> 2:RELATION:platform=Merchant.platform -> 3:PROVIDER:postgresql= -> 4:SQL:select=] mutationLineage=[]
SQL: -- TeaQL PLAIN
SELECT id, create_time AS createTime, last_update_time AS lastUpdateTime, name, version FROM platform_data WHERE (version > 0) AND (id = 1) LIMIT 1 OFFSET 0
[TeaQL SQL][query][849us] 1 rows returned outcome=success batchOutcome=not_applicable comment=matched merchant read with relation purpose=matched benchmark read auditReason= tracePath=[0:OPERATION:Merchant=query -> 1:REQUEST:Merchant= -> 2:PROVIDER:postgresql= -> 3:SQL:select=] mutationLineage=[]
SQL: -- TeaQL PLAIN
SELECT id, name, code, external_id AS externalId, task_life_hours AS taskLifeHours, version, platform FROM merchant_data WHERE (version > 0) AND (external_id = 'matched-merchant') LIMIT 1000 OFFSET 0
[TeaQL SQL][query][544us] 1 rows returned outcome=success batchOutcome=not_applicable comment=matched merchant read with relation purpose=matched benchmark read auditReason= tracePath=[0:OPERATION:Merchant=query -> 1:REQUEST:Merchant= -> 2:RELATION:platform=Merchant.platform -> 3:PROVIDER:postgresql= -> 4:SQL:select=] mutationLineage=[]
SQL: -- TeaQL PLAIN
SELECT id, create_time AS createTime, last_update_time AS lastUpdateTime, name, version FROM platform_data WHERE (version > 0) AND (id = 1) LIMIT 1 OFFSET 0
[TeaQL SQL][query][552us] 1 rows returned outcome=success batchOutcome=not_applicable comment=matched merchant read with relation purpose=matched benchmark read auditReason= tracePath=[0:OPERATION:Merchant=query -> 1:REQUEST:Merchant= -> 2:PROVIDER:postgresql= -> 3:SQL:select=] mutationLineage=[]
SQL: -- TeaQL PLAIN
SELECT id, name, code, external_id AS externalId, task_life_hours AS taskLifeHours, version, platform FROM merchant_data WHERE (version > 0) AND (external_id = 'matched-merchant') LIMIT 1000 OFFSET 0
[TeaQL SQL][query][494us] 1 rows returned outcome=success batchOutcome=not_applicable comment=matched merchant read with relation purpose=matched benchmark read auditReason= tracePath=[0:OPERATION:Merchant=query -> 1:REQUEST:Merchant= -> 2:RELATION:platform=Merchant.platform -> 3:PROVIDER:postgresql= -> 4:SQL:select=] mutationLineage=[]
SQL: -- TeaQL PLAIN
SELECT id, create_time AS createTime, last_update_time AS lastUpdateTime, name, version FROM platform_data WHERE (version > 0) AND (id = 1) LIMIT 1 OFFSET 0
[TeaQL SQL][query][580us] 1 rows returned outcome=success batchOutcome=not_applicable comment=matched merchant read with relation purpose=matched benchmark read auditReason= tracePath=[0:OPERATION:Merchant=query -> 1:REQUEST:Merchant= -> 2:PROVIDER:postgresql= -> 3:SQL:select=] mutationLineage=[]
SQL: -- TeaQL PLAIN
SELECT id, name, code, external_id AS externalId, task_life_hours AS taskLifeHours, version, platform FROM merchant_data WHERE (version > 0) AND (external_id = 'matched-merchant') LIMIT 1000 OFFSET 0
[TeaQL SQL][query][464us] 1 rows returned outcome=success batchOutcome=not_applicable comment=matched merchant read with relation purpose=matched benchmark read auditReason= tracePath=[0:OPERATION:Merchant=query -> 1:REQUEST:Merchant= -> 2:RELATION:platform=Merchant.platform -> 3:PROVIDER:postgresql= -> 4:SQL:select=] mutationLineage=[]
SQL: -- TeaQL PLAIN
SELECT id, create_time AS createTime, last_update_time AS lastUpdateTime, name, version FROM platform_data WHERE (version > 0) AND (id = 1) LIMIT 1 OFFSET 0
[TeaQL SQL][query][601us] 1 rows returned outcome=success batchOutcome=not_applicable comment=matched merchant read with relation purpose=matched benchmark read auditReason= tracePath=[0:OPERATION:Merchant=query -> 1:REQUEST:Merchant= -> 2:PROVIDER:postgresql= -> 3:SQL:select=] mutationLineage=[]
SQL: -- TeaQL PLAIN
SELECT id, name, code, external_id AS externalId, task_life_hours AS taskLifeHours, version, platform FROM merchant_data WHERE (version > 0) AND (external_id = 'matched-merchant') LIMIT 1000 OFFSET 0
[TeaQL SQL][query][578us] 1 rows returned outcome=success batchOutcome=not_applicable comment=matched merchant read with relation purpose=matched benchmark read auditReason= tracePath=[0:OPERATION:Merchant=query -> 1:REQUEST:Merchant= -> 2:RELATION:platform=Merchant.platform -> 3:PROVIDER:postgresql= -> 4:SQL:select=] mutationLineage=[]
SQL: -- TeaQL PLAIN
SELECT id, create_time AS createTime, last_update_time AS lastUpdateTime, name, version FROM platform_data WHERE (version > 0) AND (id = 1) LIMIT 1 OFFSET 0
[TeaQL SQL][query][678us] 1 rows returned outcome=success batchOutcome=not_applicable comment=matched merchant read with relation purpose=matched benchmark read auditReason= tracePath=[0:OPERATION:Merchant=query -> 1:REQUEST:Merchant= -> 2:PROVIDER:postgresql= -> 3:SQL:select=] mutationLineage=[]
SQL: -- TeaQL PLAIN
SELECT id, name, code, external_id AS externalId, task_life_hours AS taskLifeHours, version, platform FROM merchant_data WHERE (version > 0) AND (external_id = 'matched-merchant') LIMIT 1000 OFFSET 0
[TeaQL SQL][query][574us] 1 rows returned outcome=success batchOutcome=not_applicable comment=matched merchant read with relation purpose=matched benchmark read auditReason= tracePath=[0:OPERATION:Merchant=query -> 1:REQUEST:Merchant= -> 2:RELATION:platform=Merchant.platform -> 3:PROVIDER:postgresql= -> 4:SQL:select=] mutationLineage=[]
SQL: -- TeaQL PLAIN
SELECT id, create_time AS createTime, last_update_time AS lastUpdateTime, name, version FROM platform_data WHERE (version > 0) AND (id = 1) LIMIT 1 OFFSET 0
[TeaQL SQL][query][553us] 1 rows returned outcome=success batchOutcome=not_applicable comment=matched merchant read with relation purpose=matched benchmark read auditReason= tracePath=[0:OPERATION:Merchant=query -> 1:REQUEST:Merchant= -> 2:PROVIDER:postgresql= -> 3:SQL:select=] mutationLineage=[]
SQL: -- TeaQL PLAIN
SELECT id, name, code, external_id AS externalId, task_life_hours AS taskLifeHours, version, platform FROM merchant_data WHERE (version > 0) AND (external_id = 'matched-merchant') LIMIT 1000 OFFSET 0
[TeaQL SQL][query][429us] 1 rows returned outcome=success batchOutcome=not_applicable comment=matched merchant read with relation purpose=matched benchmark read auditReason= tracePath=[0:OPERATION:Merchant=query -> 1:REQUEST:Merchant= -> 2:RELATION:platform=Merchant.platform -> 3:PROVIDER:postgresql= -> 4:SQL:select=] mutationLineage=[]
SQL: -- TeaQL PLAIN
SELECT id, create_time AS createTime, last_update_time AS lastUpdateTime, name, version FROM platform_data WHERE (version > 0) AND (id = 1) LIMIT 1 OFFSET 0
[TeaQL SQL][query][582us] 1 rows returned outcome=success batchOutcome=not_applicable comment=matched merchant read with relation purpose=matched benchmark read auditReason= tracePath=[0:OPERATION:Merchant=query -> 1:REQUEST:Merchant= -> 2:PROVIDER:postgresql= -> 3:SQL:select=] mutationLineage=[]
SQL: -- TeaQL PLAIN
SELECT id, name, code, external_id AS externalId, task_life_hours AS taskLifeHours, version, platform FROM merchant_data WHERE (version > 0) AND (external_id = 'matched-merchant') LIMIT 1000 OFFSET 0
[TeaQL SQL][query][570us] 1 rows returned outcome=success batchOutcome=not_applicable comment=matched merchant read with relation purpose=matched benchmark read auditReason= tracePath=[0:OPERATION:Merchant=query -> 1:REQUEST:Merchant= -> 2:RELATION:platform=Merchant.platform -> 3:PROVIDER:postgresql= -> 4:SQL:select=] mutationLineage=[]
SQL: -- TeaQL PLAIN
SELECT id, create_time AS createTime, last_update_time AS lastUpdateTime, name, version FROM platform_data WHERE (version > 0) AND (id = 1) LIMIT 1 OFFSET 0
[TeaQL SQL][query][525us] 1 rows returned outcome=success batchOutcome=not_applicable comment=matched merchant read with relation purpose=matched benchmark read auditReason= tracePath=[0:OPERATION:Merchant=query -> 1:REQUEST:Merchant= -> 2:PROVIDER:postgresql= -> 3:SQL:select=] mutationLineage=[]
SQL: -- TeaQL PLAIN
SELECT id, name, code, external_id AS externalId, task_life_hours AS taskLifeHours, version, platform FROM merchant_data WHERE (version > 0) AND (external_id = 'matched-merchant') LIMIT 1000 OFFSET 0
[TeaQL SQL][query][455us] 1 rows returned outcome=success batchOutcome=not_applicable comment=matched merchant read with relation purpose=matched benchmark read auditReason= tracePath=[0:OPERATION:Merchant=query -> 1:REQUEST:Merchant= -> 2:RELATION:platform=Merchant.platform -> 3:PROVIDER:postgresql= -> 4:SQL:select=] mutationLineage=[]
SQL: -- TeaQL PLAIN
SELECT id, create_time AS createTime, last_update_time AS lastUpdateTime, name, version FROM platform_data WHERE (version > 0) AND (id = 1) LIMIT 1 OFFSET 0
[TeaQL SQL][query][581us] 1 rows returned outcome=success batchOutcome=not_applicable comment=matched merchant read with relation purpose=matched benchmark read auditReason= tracePath=[0:OPERATION:Merchant=query -> 1:REQUEST:Merchant= -> 2:PROVIDER:postgresql= -> 3:SQL:select=] mutationLineage=[]
SQL: -- TeaQL PLAIN
SELECT id, name, code, external_id AS externalId, task_life_hours AS taskLifeHours, version, platform FROM merchant_data WHERE (version > 0) AND (external_id = 'matched-merchant') LIMIT 1000 OFFSET 0
[TeaQL SQL][query][493us] 1 rows returned outcome=success batchOutcome=not_applicable comment=matched merchant read with relation purpose=matched benchmark read auditReason= tracePath=[0:OPERATION:Merchant=query -> 1:REQUEST:Merchant= -> 2:RELATION:platform=Merchant.platform -> 3:PROVIDER:postgresql= -> 4:SQL:select=] mutationLineage=[]
SQL: -- TeaQL PLAIN
SELECT id, create_time AS createTime, last_update_time AS lastUpdateTime, name, version FROM platform_data WHERE (version > 0) AND (id = 1) LIMIT 1 OFFSET 0
[TeaQL SQL][query][480us] 1 rows returned outcome=success batchOutcome=not_applicable comment=matched merchant read with relation purpose=matched benchmark read auditReason= tracePath=[0:OPERATION:Merchant=query -> 1:REQUEST:Merchant= -> 2:PROVIDER:postgresql= -> 3:SQL:select=] mutationLineage=[]
SQL: -- TeaQL PLAIN
SELECT id, name, code, external_id AS externalId, task_life_hours AS taskLifeHours, version, platform FROM merchant_data WHERE (version > 0) AND (external_id = 'matched-merchant') LIMIT 1000 OFFSET 0
[TeaQL SQL][query][462us] 1 rows returned outcome=success batchOutcome=not_applicable comment=matched merchant read with relation purpose=matched benchmark read auditReason= tracePath=[0:OPERATION:Merchant=query -> 1:REQUEST:Merchant= -> 2:RELATION:platform=Merchant.platform -> 3:PROVIDER:postgresql= -> 4:SQL:select=] mutationLineage=[]
SQL: -- TeaQL PLAIN
SELECT id, create_time AS createTime, last_update_time AS lastUpdateTime, name, version FROM platform_data WHERE (version > 0) AND (id = 1) LIMIT 1 OFFSET 0
[TeaQL SQL][query][476us] 1 rows returned outcome=success batchOutcome=not_applicable comment=matched merchant read with relation purpose=matched benchmark read auditReason= tracePath=[0:OPERATION:Merchant=query -> 1:REQUEST:Merchant= -> 2:PROVIDER:postgresql= -> 3:SQL:select=] mutationLineage=[]
SQL: -- TeaQL PLAIN
SELECT id, name, code, external_id AS externalId, task_life_hours AS taskLifeHours, version, platform FROM merchant_data WHERE (version > 0) AND (external_id = 'matched-merchant') LIMIT 1000 OFFSET 0
[TeaQL SQL][query][532us] 1 rows returned outcome=success batchOutcome=not_applicable comment=matched merchant read with relation purpose=matched benchmark read auditReason= tracePath=[0:OPERATION:Merchant=query -> 1:REQUEST:Merchant= -> 2:RELATION:platform=Merchant.platform -> 3:PROVIDER:postgresql= -> 4:SQL:select=] mutationLineage=[]
SQL: -- TeaQL PLAIN
SELECT id, create_time AS createTime, last_update_time AS lastUpdateTime, name, version FROM platform_data WHERE (version > 0) AND (id = 1) LIMIT 1 OFFSET 0
[TeaQL SQL][query][564us] 1 rows returned outcome=success batchOutcome=not_applicable comment=matched merchant read with relation purpose=matched benchmark read auditReason= tracePath=[0:OPERATION:Merchant=query -> 1:REQUEST:Merchant= -> 2:PROVIDER:postgresql= -> 3:SQL:select=] mutationLineage=[]
SQL: -- TeaQL PLAIN
SELECT id, name, code, external_id AS externalId, task_life_hours AS taskLifeHours, version, platform FROM merchant_data WHERE (version > 0) AND (external_id = 'matched-merchant') LIMIT 1000 OFFSET 0
[TeaQL SQL][query][487us] 1 rows returned outcome=success batchOutcome=not_applicable comment=matched merchant read with relation purpose=matched benchmark read auditReason= tracePath=[0:OPERATION:Merchant=query -> 1:REQUEST:Merchant= -> 2:RELATION:platform=Merchant.platform -> 3:PROVIDER:postgresql= -> 4:SQL:select=] mutationLineage=[]
SQL: -- TeaQL PLAIN
SELECT id, create_time AS createTime, last_update_time AS lastUpdateTime, name, version FROM platform_data WHERE (version > 0) AND (id = 1) LIMIT 1 OFFSET 0
[TeaQL SQL][query][562us] 1 rows returned outcome=success batchOutcome=not_applicable comment=matched merchant read with relation purpose=matched benchmark read auditReason= tracePath=[0:OPERATION:Merchant=query -> 1:REQUEST:Merchant= -> 2:PROVIDER:postgresql= -> 3:SQL:select=] mutationLineage=[]
SQL: -- TeaQL PLAIN
SELECT id, name, code, external_id AS externalId, task_life_hours AS taskLifeHours, version, platform FROM merchant_data WHERE (version > 0) AND (external_id = 'matched-merchant') LIMIT 1000 OFFSET 0
[TeaQL SQL][query][514us] 1 rows returned outcome=success batchOutcome=not_applicable comment=matched merchant read with relation purpose=matched benchmark read auditReason= tracePath=[0:OPERATION:Merchant=query -> 1:REQUEST:Merchant= -> 2:RELATION:platform=Merchant.platform -> 3:PROVIDER:postgresql= -> 4:SQL:select=] mutationLineage=[]
SQL: -- TeaQL PLAIN
SELECT id, create_time AS createTime, last_update_time AS lastUpdateTime, name, version FROM platform_data WHERE (version > 0) AND (id = 1) LIMIT 1 OFFSET 0
[TeaQL SQL][query][567us] 1 rows returned outcome=success batchOutcome=not_applicable comment=matched merchant read with relation purpose=matched benchmark read auditReason= tracePath=[0:OPERATION:Merchant=query -> 1:REQUEST:Merchant= -> 2:PROVIDER:postgresql= -> 3:SQL:select=] mutationLineage=[]
SQL: -- TeaQL PLAIN
SELECT id, name, code, external_id AS externalId, task_life_hours AS taskLifeHours, version, platform FROM merchant_data WHERE (version > 0) AND (external_id = 'matched-merchant') LIMIT 1000 OFFSET 0
[TeaQL SQL][query][505us] 1 rows returned outcome=success batchOutcome=not_applicable comment=matched merchant read with relation purpose=matched benchmark read auditReason= tracePath=[0:OPERATION:Merchant=query -> 1:REQUEST:Merchant= -> 2:RELATION:platform=Merchant.platform -> 3:PROVIDER:postgresql= -> 4:SQL:select=] mutationLineage=[]
SQL: -- TeaQL PLAIN
SELECT id, create_time AS createTime, last_update_time AS lastUpdateTime, name, version FROM platform_data WHERE (version > 0) AND (id = 1) LIMIT 1 OFFSET 0
[TeaQL SQL][query][664us] 1 rows returned outcome=success batchOutcome=not_applicable comment=matched merchant read with relation purpose=matched benchmark read auditReason= tracePath=[0:OPERATION:Merchant=query -> 1:REQUEST:Merchant= -> 2:PROVIDER:postgresql= -> 3:SQL:select=] mutationLineage=[]
SQL: -- TeaQL PLAIN
SELECT id, name, code, external_id AS externalId, task_life_hours AS taskLifeHours, version, platform FROM merchant_data WHERE (version > 0) AND (external_id = 'matched-merchant') LIMIT 1000 OFFSET 0
[TeaQL SQL][query][829us] 1 rows returned outcome=success batchOutcome=not_applicable comment=matched merchant read with relation purpose=matched benchmark read auditReason= tracePath=[0:OPERATION:Merchant=query -> 1:REQUEST:Merchant= -> 2:RELATION:platform=Merchant.platform -> 3:PROVIDER:postgresql= -> 4:SQL:select=] mutationLineage=[]
SQL: -- TeaQL PLAIN
SELECT id, create_time AS createTime, last_update_time AS lastUpdateTime, name, version FROM platform_data WHERE (version > 0) AND (id = 1) LIMIT 1 OFFSET 0
[TeaQL SQL][query][495us] 1 rows returned outcome=success batchOutcome=not_applicable comment=matched merchant read with relation purpose=matched benchmark read auditReason= tracePath=[0:OPERATION:Merchant=query -> 1:REQUEST:Merchant= -> 2:PROVIDER:postgresql= -> 3:SQL:select=] mutationLineage=[]
SQL: -- TeaQL PLAIN
SELECT id, name, code, external_id AS externalId, task_life_hours AS taskLifeHours, version, platform FROM merchant_data WHERE (version > 0) AND (external_id = 'matched-merchant') LIMIT 1000 OFFSET 0
[TeaQL SQL][query][398us] 1 rows returned outcome=success batchOutcome=not_applicable comment=matched merchant read with relation purpose=matched benchmark read auditReason= tracePath=[0:OPERATION:Merchant=query -> 1:REQUEST:Merchant= -> 2:RELATION:platform=Merchant.platform -> 3:PROVIDER:postgresql= -> 4:SQL:select=] mutationLineage=[]
SQL: -- TeaQL PLAIN
SELECT id, create_time AS createTime, last_update_time AS lastUpdateTime, name, version FROM platform_data WHERE (version > 0) AND (id = 1) LIMIT 1 OFFSET 0
[TeaQL SQL][query][485us] 1 rows returned outcome=success batchOutcome=not_applicable comment=matched merchant read with relation purpose=matched benchmark read auditReason= tracePath=[0:OPERATION:Merchant=query -> 1:REQUEST:Merchant= -> 2:PROVIDER:postgresql= -> 3:SQL:select=] mutationLineage=[]
SQL: -- TeaQL PLAIN
SELECT id, name, code, external_id AS externalId, task_life_hours AS taskLifeHours, version, platform FROM merchant_data WHERE (version > 0) AND (external_id = 'matched-merchant') LIMIT 1000 OFFSET 0
[TeaQL SQL][query][417us] 1 rows returned outcome=success batchOutcome=not_applicable comment=matched merchant read with relation purpose=matched benchmark read auditReason= tracePath=[0:OPERATION:Merchant=query -> 1:REQUEST:Merchant= -> 2:RELATION:platform=Merchant.platform -> 3:PROVIDER:postgresql= -> 4:SQL:select=] mutationLineage=[]
SQL: -- TeaQL PLAIN
SELECT id, create_time AS createTime, last_update_time AS lastUpdateTime, name, version FROM platform_data WHERE (version > 0) AND (id = 1) LIMIT 1 OFFSET 0
[TeaQL SQL][query][609us] 1 rows returned outcome=success batchOutcome=not_applicable comment=matched merchant read with relation purpose=matched benchmark read auditReason= tracePath=[0:OPERATION:Merchant=query -> 1:REQUEST:Merchant= -> 2:PROVIDER:postgresql= -> 3:SQL:select=] mutationLineage=[]
SQL: -- TeaQL PLAIN
SELECT id, name, code, external_id AS externalId, task_life_hours AS taskLifeHours, version, platform FROM merchant_data WHERE (version > 0) AND (external_id = 'matched-merchant') LIMIT 1000 OFFSET 0
[TeaQL SQL][query][480us] 1 rows returned outcome=success batchOutcome=not_applicable comment=matched merchant read with relation purpose=matched benchmark read auditReason= tracePath=[0:OPERATION:Merchant=query -> 1:REQUEST:Merchant= -> 2:RELATION:platform=Merchant.platform -> 3:PROVIDER:postgresql= -> 4:SQL:select=] mutationLineage=[]
SQL: -- TeaQL PLAIN
SELECT id, create_time AS createTime, last_update_time AS lastUpdateTime, name, version FROM platform_data WHERE (version > 0) AND (id = 1) LIMIT 1 OFFSET 0
[TeaQL SQL][query][584us] 1 rows returned outcome=success batchOutcome=not_applicable comment=matched merchant read with relation purpose=matched benchmark read auditReason= tracePath=[0:OPERATION:Merchant=query -> 1:REQUEST:Merchant= -> 2:PROVIDER:postgresql= -> 3:SQL:select=] mutationLineage=[]
SQL: -- TeaQL PLAIN
SELECT id, name, code, external_id AS externalId, task_life_hours AS taskLifeHours, version, platform FROM merchant_data WHERE (version > 0) AND (external_id = 'matched-merchant') LIMIT 1000 OFFSET 0
[TeaQL SQL][query][508us] 1 rows returned outcome=success batchOutcome=not_applicable comment=matched merchant read with relation purpose=matched benchmark read auditReason= tracePath=[0:OPERATION:Merchant=query -> 1:REQUEST:Merchant= -> 2:RELATION:platform=Merchant.platform -> 3:PROVIDER:postgresql= -> 4:SQL:select=] mutationLineage=[]
SQL: -- TeaQL PLAIN
SELECT id, create_time AS createTime, last_update_time AS lastUpdateTime, name, version FROM platform_data WHERE (version > 0) AND (id = 1) LIMIT 1 OFFSET 0
[TeaQL SQL][query][543us] 1 rows returned outcome=success batchOutcome=not_applicable comment=matched merchant read with relation purpose=matched benchmark read auditReason= tracePath=[0:OPERATION:Merchant=query -> 1:REQUEST:Merchant= -> 2:PROVIDER:postgresql= -> 3:SQL:select=] mutationLineage=[]
SQL: -- TeaQL PLAIN
SELECT id, name, code, external_id AS externalId, task_life_hours AS taskLifeHours, version, platform FROM merchant_data WHERE (version > 0) AND (external_id = 'matched-merchant') LIMIT 1000 OFFSET 0
[TeaQL SQL][query][376us] 1 rows returned outcome=success batchOutcome=not_applicable comment=matched merchant read with relation purpose=matched benchmark read auditReason= tracePath=[0:OPERATION:Merchant=query -> 1:REQUEST:Merchant= -> 2:RELATION:platform=Merchant.platform -> 3:PROVIDER:postgresql= -> 4:SQL:select=] mutationLineage=[]
SQL: -- TeaQL PLAIN
SELECT id, create_time AS createTime, last_update_time AS lastUpdateTime, name, version FROM platform_data WHERE (version > 0) AND (id = 1) LIMIT 1 OFFSET 0
[TeaQL SQL][query][596us] 1 rows returned outcome=success batchOutcome=not_applicable comment=matched merchant read with relation purpose=matched benchmark read auditReason= tracePath=[0:OPERATION:Merchant=query -> 1:REQUEST:Merchant= -> 2:PROVIDER:postgresql= -> 3:SQL:select=] mutationLineage=[]
SQL: -- TeaQL PLAIN
SELECT id, name, code, external_id AS externalId, task_life_hours AS taskLifeHours, version, platform FROM merchant_data WHERE (version > 0) AND (external_id = 'matched-merchant') LIMIT 1000 OFFSET 0
[TeaQL SQL][query][565us] 1 rows returned outcome=success batchOutcome=not_applicable comment=matched merchant read with relation purpose=matched benchmark read auditReason= tracePath=[0:OPERATION:Merchant=query -> 1:REQUEST:Merchant= -> 2:RELATION:platform=Merchant.platform -> 3:PROVIDER:postgresql= -> 4:SQL:select=] mutationLineage=[]
SQL: -- TeaQL PLAIN
SELECT id, create_time AS createTime, last_update_time AS lastUpdateTime, name, version FROM platform_data WHERE (version > 0) AND (id = 1) LIMIT 1 OFFSET 0
[TeaQL SQL][query][573us] 1 rows returned outcome=success batchOutcome=not_applicable comment=matched merchant read with relation purpose=matched benchmark read auditReason= tracePath=[0:OPERATION:Merchant=query -> 1:REQUEST:Merchant= -> 2:PROVIDER:postgresql= -> 3:SQL:select=] mutationLineage=[]
SQL: -- TeaQL PLAIN
SELECT id, name, code, external_id AS externalId, task_life_hours AS taskLifeHours, version, platform FROM merchant_data WHERE (version > 0) AND (external_id = 'matched-merchant') LIMIT 1000 OFFSET 0
[TeaQL SQL][query][496us] 1 rows returned outcome=success batchOutcome=not_applicable comment=matched merchant read with relation purpose=matched benchmark read auditReason= tracePath=[0:OPERATION:Merchant=query -> 1:REQUEST:Merchant= -> 2:RELATION:platform=Merchant.platform -> 3:PROVIDER:postgresql= -> 4:SQL:select=] mutationLineage=[]
SQL: -- TeaQL PLAIN
SELECT id, create_time AS createTime, last_update_time AS lastUpdateTime, name, version FROM platform_data WHERE (version > 0) AND (id = 1) LIMIT 1 OFFSET 0
[TeaQL SQL][query][598us] 1 rows returned outcome=success batchOutcome=not_applicable comment=matched merchant read with relation purpose=matched benchmark read auditReason= tracePath=[0:OPERATION:Merchant=query -> 1:REQUEST:Merchant= -> 2:PROVIDER:postgresql= -> 3:SQL:select=] mutationLineage=[]
SQL: -- TeaQL PLAIN
SELECT id, name, code, external_id AS externalId, task_life_hours AS taskLifeHours, version, platform FROM merchant_data WHERE (version > 0) AND (external_id = 'matched-merchant') LIMIT 1000 OFFSET 0
[TeaQL SQL][query][560us] 1 rows returned outcome=success batchOutcome=not_applicable comment=matched merchant read with relation purpose=matched benchmark read auditReason= tracePath=[0:OPERATION:Merchant=query -> 1:REQUEST:Merchant= -> 2:RELATION:platform=Merchant.platform -> 3:PROVIDER:postgresql= -> 4:SQL:select=] mutationLineage=[]
SQL: -- TeaQL PLAIN
SELECT id, create_time AS createTime, last_update_time AS lastUpdateTime, name, version FROM platform_data WHERE (version > 0) AND (id = 1) LIMIT 1 OFFSET 0
[TeaQL SQL][query][539us] 1 rows returned outcome=success batchOutcome=not_applicable comment=matched merchant read with relation purpose=matched benchmark read auditReason= tracePath=[0:OPERATION:Merchant=query -> 1:REQUEST:Merchant= -> 2:PROVIDER:postgresql= -> 3:SQL:select=] mutationLineage=[]
SQL: -- TeaQL PLAIN
SELECT id, name, code, external_id AS externalId, task_life_hours AS taskLifeHours, version, platform FROM merchant_data WHERE (version > 0) AND (external_id = 'matched-merchant') LIMIT 1000 OFFSET 0
[TeaQL SQL][query][485us] 1 rows returned outcome=success batchOutcome=not_applicable comment=matched merchant read with relation purpose=matched benchmark read auditReason= tracePath=[0:OPERATION:Merchant=query -> 1:REQUEST:Merchant= -> 2:RELATION:platform=Merchant.platform -> 3:PROVIDER:postgresql= -> 4:SQL:select=] mutationLineage=[]
SQL: -- TeaQL PLAIN
SELECT id, create_time AS createTime, last_update_time AS lastUpdateTime, name, version FROM platform_data WHERE (version > 0) AND (id = 1) LIMIT 1 OFFSET 0
[TeaQL SQL][query][697us] 1 rows returned outcome=success batchOutcome=not_applicable comment=matched merchant read with relation purpose=matched benchmark read auditReason= tracePath=[0:OPERATION:Merchant=query -> 1:REQUEST:Merchant= -> 2:PROVIDER:postgresql= -> 3:SQL:select=] mutationLineage=[]
SQL: -- TeaQL PLAIN
SELECT id, name, code, external_id AS externalId, task_life_hours AS taskLifeHours, version, platform FROM merchant_data WHERE (version > 0) AND (external_id = 'matched-merchant') LIMIT 1000 OFFSET 0
[TeaQL SQL][query][521us] 1 rows returned outcome=success batchOutcome=not_applicable comment=matched merchant read with relation purpose=matched benchmark read auditReason= tracePath=[0:OPERATION:Merchant=query -> 1:REQUEST:Merchant= -> 2:RELATION:platform=Merchant.platform -> 3:PROVIDER:postgresql= -> 4:SQL:select=] mutationLineage=[]
SQL: -- TeaQL PLAIN
SELECT id, create_time AS createTime, last_update_time AS lastUpdateTime, name, version FROM platform_data WHERE (version > 0) AND (id = 1) LIMIT 1 OFFSET 0
[TeaQL SQL][query][629us] 1 rows returned outcome=success batchOutcome=not_applicable comment=matched merchant read with relation purpose=matched benchmark read auditReason= tracePath=[0:OPERATION:Merchant=query -> 1:REQUEST:Merchant= -> 2:PROVIDER:postgresql= -> 3:SQL:select=] mutationLineage=[]
SQL: -- TeaQL PLAIN
SELECT id, name, code, external_id AS externalId, task_life_hours AS taskLifeHours, version, platform FROM merchant_data WHERE (version > 0) AND (external_id = 'matched-merchant') LIMIT 1000 OFFSET 0
[TeaQL SQL][query][475us] 1 rows returned outcome=success batchOutcome=not_applicable comment=matched merchant read with relation purpose=matched benchmark read auditReason= tracePath=[0:OPERATION:Merchant=query -> 1:REQUEST:Merchant= -> 2:RELATION:platform=Merchant.platform -> 3:PROVIDER:postgresql= -> 4:SQL:select=] mutationLineage=[]
SQL: -- TeaQL PLAIN
SELECT id, create_time AS createTime, last_update_time AS lastUpdateTime, name, version FROM platform_data WHERE (version > 0) AND (id = 1) LIMIT 1 OFFSET 0
[TeaQL SQL][query][718us] 1 rows returned outcome=success batchOutcome=not_applicable comment=matched merchant read with relation purpose=matched benchmark read auditReason= tracePath=[0:OPERATION:Merchant=query -> 1:REQUEST:Merchant= -> 2:PROVIDER:postgresql= -> 3:SQL:select=] mutationLineage=[]
SQL: -- TeaQL PLAIN
SELECT id, name, code, external_id AS externalId, task_life_hours AS taskLifeHours, version, platform FROM merchant_data WHERE (version > 0) AND (external_id = 'matched-merchant') LIMIT 1000 OFFSET 0
[TeaQL SQL][query][567us] 1 rows returned outcome=success batchOutcome=not_applicable comment=matched merchant read with relation purpose=matched benchmark read auditReason= tracePath=[0:OPERATION:Merchant=query -> 1:REQUEST:Merchant= -> 2:RELATION:platform=Merchant.platform -> 3:PROVIDER:postgresql= -> 4:SQL:select=] mutationLineage=[]
SQL: -- TeaQL PLAIN
SELECT id, create_time AS createTime, last_update_time AS lastUpdateTime, name, version FROM platform_data WHERE (version > 0) AND (id = 1) LIMIT 1 OFFSET 0
[TeaQL SQL][query][556us] 1 rows returned outcome=success batchOutcome=not_applicable comment=matched merchant read with relation purpose=matched benchmark read auditReason= tracePath=[0:OPERATION:Merchant=query -> 1:REQUEST:Merchant= -> 2:PROVIDER:postgresql= -> 3:SQL:select=] mutationLineage=[]
SQL: -- TeaQL PLAIN
SELECT id, name, code, external_id AS externalId, task_life_hours AS taskLifeHours, version, platform FROM merchant_data WHERE (version > 0) AND (external_id = 'matched-merchant') LIMIT 1000 OFFSET 0
[TeaQL SQL][query][427us] 1 rows returned outcome=success batchOutcome=not_applicable comment=matched merchant read with relation purpose=matched benchmark read auditReason= tracePath=[0:OPERATION:Merchant=query -> 1:REQUEST:Merchant= -> 2:RELATION:platform=Merchant.platform -> 3:PROVIDER:postgresql= -> 4:SQL:select=] mutationLineage=[]
SQL: -- TeaQL PLAIN
SELECT id, create_time AS createTime, last_update_time AS lastUpdateTime, name, version FROM platform_data WHERE (version > 0) AND (id = 1) LIMIT 1 OFFSET 0
[TeaQL SQL][query][600us] 1 rows returned outcome=success batchOutcome=not_applicable comment=matched merchant read with relation purpose=matched benchmark read auditReason= tracePath=[0:OPERATION:Merchant=query -> 1:REQUEST:Merchant= -> 2:PROVIDER:postgresql= -> 3:SQL:select=] mutationLineage=[]
SQL: -- TeaQL PLAIN
SELECT id, name, code, external_id AS externalId, task_life_hours AS taskLifeHours, version, platform FROM merchant_data WHERE (version > 0) AND (external_id = 'matched-merchant') LIMIT 1000 OFFSET 0
[TeaQL SQL][query][470us] 1 rows returned outcome=success batchOutcome=not_applicable comment=matched merchant read with relation purpose=matched benchmark read auditReason= tracePath=[0:OPERATION:Merchant=query -> 1:REQUEST:Merchant= -> 2:RELATION:platform=Merchant.platform -> 3:PROVIDER:postgresql= -> 4:SQL:select=] mutationLineage=[]
SQL: -- TeaQL PLAIN
SELECT id, create_time AS createTime, last_update_time AS lastUpdateTime, name, version FROM platform_data WHERE (version > 0) AND (id = 1) LIMIT 1 OFFSET 0
[TeaQL SQL][query][589us] 1 rows returned outcome=success batchOutcome=not_applicable comment=matched merchant read with relation purpose=matched benchmark read auditReason= tracePath=[0:OPERATION:Merchant=query -> 1:REQUEST:Merchant= -> 2:PROVIDER:postgresql= -> 3:SQL:select=] mutationLineage=[]
SQL: -- TeaQL PLAIN
SELECT id, name, code, external_id AS externalId, task_life_hours AS taskLifeHours, version, platform FROM merchant_data WHERE (version > 0) AND (external_id = 'matched-merchant') LIMIT 1000 OFFSET 0
[TeaQL SQL][query][478us] 1 rows returned outcome=success batchOutcome=not_applicable comment=matched merchant read with relation purpose=matched benchmark read auditReason= tracePath=[0:OPERATION:Merchant=query -> 1:REQUEST:Merchant= -> 2:RELATION:platform=Merchant.platform -> 3:PROVIDER:postgresql= -> 4:SQL:select=] mutationLineage=[]
SQL: -- TeaQL PLAIN
SELECT id, create_time AS createTime, last_update_time AS lastUpdateTime, name, version FROM platform_data WHERE (version > 0) AND (id = 1) LIMIT 1 OFFSET 0
[TeaQL SQL][query][529us] 1 rows returned outcome=success batchOutcome=not_applicable comment=matched merchant read with relation purpose=matched benchmark read auditReason= tracePath=[0:OPERATION:Merchant=query -> 1:REQUEST:Merchant= -> 2:PROVIDER:postgresql= -> 3:SQL:select=] mutationLineage=[]
SQL: -- TeaQL PLAIN
SELECT id, name, code, external_id AS externalId, task_life_hours AS taskLifeHours, version, platform FROM merchant_data WHERE (version > 0) AND (external_id = 'matched-merchant') LIMIT 1000 OFFSET 0
[TeaQL SQL][query][496us] 1 rows returned outcome=success batchOutcome=not_applicable comment=matched merchant read with relation purpose=matched benchmark read auditReason= tracePath=[0:OPERATION:Merchant=query -> 1:REQUEST:Merchant= -> 2:RELATION:platform=Merchant.platform -> 3:PROVIDER:postgresql= -> 4:SQL:select=] mutationLineage=[]
SQL: -- TeaQL PLAIN
SELECT id, create_time AS createTime, last_update_time AS lastUpdateTime, name, version FROM platform_data WHERE (version > 0) AND (id = 1) LIMIT 1 OFFSET 0
[TeaQL SQL][query][462us] 1 rows returned outcome=success batchOutcome=not_applicable comment=matched merchant read with relation purpose=matched benchmark read auditReason= tracePath=[0:OPERATION:Merchant=query -> 1:REQUEST:Merchant= -> 2:PROVIDER:postgresql= -> 3:SQL:select=] mutationLineage=[]
SQL: -- TeaQL PLAIN
SELECT id, name, code, external_id AS externalId, task_life_hours AS taskLifeHours, version, platform FROM merchant_data WHERE (version > 0) AND (external_id = 'matched-merchant') LIMIT 1000 OFFSET 0
[TeaQL SQL][query][415us] 1 rows returned outcome=success batchOutcome=not_applicable comment=matched merchant read with relation purpose=matched benchmark read auditReason= tracePath=[0:OPERATION:Merchant=query -> 1:REQUEST:Merchant= -> 2:RELATION:platform=Merchant.platform -> 3:PROVIDER:postgresql= -> 4:SQL:select=] mutationLineage=[]
SQL: -- TeaQL PLAIN
SELECT id, create_time AS createTime, last_update_time AS lastUpdateTime, name, version FROM platform_data WHERE (version > 0) AND (id = 1) LIMIT 1 OFFSET 0
[TeaQL SQL][query][437us] 1 rows returned outcome=success batchOutcome=not_applicable comment=matched merchant read with relation purpose=matched benchmark read auditReason= tracePath=[0:OPERATION:Merchant=query -> 1:REQUEST:Merchant= -> 2:PROVIDER:postgresql= -> 3:SQL:select=] mutationLineage=[]
SQL: -- TeaQL PLAIN
SELECT id, name, code, external_id AS externalId, task_life_hours AS taskLifeHours, version, platform FROM merchant_data WHERE (version > 0) AND (external_id = 'matched-merchant') LIMIT 1000 OFFSET 0
[TeaQL SQL][query][442us] 1 rows returned outcome=success batchOutcome=not_applicable comment=matched merchant read with relation purpose=matched benchmark read auditReason= tracePath=[0:OPERATION:Merchant=query -> 1:REQUEST:Merchant= -> 2:RELATION:platform=Merchant.platform -> 3:PROVIDER:postgresql= -> 4:SQL:select=] mutationLineage=[]
SQL: -- TeaQL PLAIN
SELECT id, create_time AS createTime, last_update_time AS lastUpdateTime, name, version FROM platform_data WHERE (version > 0) AND (id = 1) LIMIT 1 OFFSET 0
[TeaQL SQL][query][559us] 1 rows returned outcome=success batchOutcome=not_applicable comment=matched merchant read with relation purpose=matched benchmark read auditReason= tracePath=[0:OPERATION:Merchant=query -> 1:REQUEST:Merchant= -> 2:PROVIDER:postgresql= -> 3:SQL:select=] mutationLineage=[]
SQL: -- TeaQL PLAIN
SELECT id, name, code, external_id AS externalId, task_life_hours AS taskLifeHours, version, platform FROM merchant_data WHERE (version > 0) AND (external_id = 'matched-merchant') LIMIT 1000 OFFSET 0
[TeaQL SQL][query][448us] 1 rows returned outcome=success batchOutcome=not_applicable comment=matched merchant read with relation purpose=matched benchmark read auditReason= tracePath=[0:OPERATION:Merchant=query -> 1:REQUEST:Merchant= -> 2:RELATION:platform=Merchant.platform -> 3:PROVIDER:postgresql= -> 4:SQL:select=] mutationLineage=[]
SQL: -- TeaQL PLAIN
SELECT id, create_time AS createTime, last_update_time AS lastUpdateTime, name, version FROM platform_data WHERE (version > 0) AND (id = 1) LIMIT 1 OFFSET 0
[TeaQL SQL][query][554us] 1 rows returned outcome=success batchOutcome=not_applicable comment=matched merchant read with relation purpose=matched benchmark read auditReason= tracePath=[0:OPERATION:Merchant=query -> 1:REQUEST:Merchant= -> 2:PROVIDER:postgresql= -> 3:SQL:select=] mutationLineage=[]
SQL: -- TeaQL PLAIN
SELECT id, name, code, external_id AS externalId, task_life_hours AS taskLifeHours, version, platform FROM merchant_data WHERE (version > 0) AND (external_id = 'matched-merchant') LIMIT 1000 OFFSET 0
[TeaQL SQL][query][569us] 1 rows returned outcome=success batchOutcome=not_applicable comment=matched merchant read with relation purpose=matched benchmark read auditReason= tracePath=[0:OPERATION:Merchant=query -> 1:REQUEST:Merchant= -> 2:RELATION:platform=Merchant.platform -> 3:PROVIDER:postgresql= -> 4:SQL:select=] mutationLineage=[]
SQL: -- TeaQL PLAIN
SELECT id, create_time AS createTime, last_update_time AS lastUpdateTime, name, version FROM platform_data WHERE (version > 0) AND (id = 1) LIMIT 1 OFFSET 0
[TeaQL SQL][query][583us] 1 rows returned outcome=success batchOutcome=not_applicable comment=matched merchant read with relation purpose=matched benchmark read auditReason= tracePath=[0:OPERATION:Merchant=query -> 1:REQUEST:Merchant= -> 2:PROVIDER:postgresql= -> 3:SQL:select=] mutationLineage=[]
SQL: -- TeaQL PLAIN
SELECT id, name, code, external_id AS externalId, task_life_hours AS taskLifeHours, version, platform FROM merchant_data WHERE (version > 0) AND (external_id = 'matched-merchant') LIMIT 1000 OFFSET 0
[TeaQL SQL][query][464us] 1 rows returned outcome=success batchOutcome=not_applicable comment=matched merchant read with relation purpose=matched benchmark read auditReason= tracePath=[0:OPERATION:Merchant=query -> 1:REQUEST:Merchant= -> 2:RELATION:platform=Merchant.platform -> 3:PROVIDER:postgresql= -> 4:SQL:select=] mutationLineage=[]
SQL: -- TeaQL PLAIN
SELECT id, create_time AS createTime, last_update_time AS lastUpdateTime, name, version FROM platform_data WHERE (version > 0) AND (id = 1) LIMIT 1 OFFSET 0
[TeaQL SQL][query][607us] 1 rows returned outcome=success batchOutcome=not_applicable comment=matched merchant read with relation purpose=matched benchmark read auditReason= tracePath=[0:OPERATION:Merchant=query -> 1:REQUEST:Merchant= -> 2:PROVIDER:postgresql= -> 3:SQL:select=] mutationLineage=[]
SQL: -- TeaQL PLAIN
SELECT id, name, code, external_id AS externalId, task_life_hours AS taskLifeHours, version, platform FROM merchant_data WHERE (version > 0) AND (external_id = 'matched-merchant') LIMIT 1000 OFFSET 0
[TeaQL SQL][query][575us] 1 rows returned outcome=success batchOutcome=not_applicable comment=matched merchant read with relation purpose=matched benchmark read auditReason= tracePath=[0:OPERATION:Merchant=query -> 1:REQUEST:Merchant= -> 2:RELATION:platform=Merchant.platform -> 3:PROVIDER:postgresql= -> 4:SQL:select=] mutationLineage=[]
SQL: -- TeaQL PLAIN
SELECT id, create_time AS createTime, last_update_time AS lastUpdateTime, name, version FROM platform_data WHERE (version > 0) AND (id = 1) LIMIT 1 OFFSET 0
[TeaQL SQL][query][589us] 1 rows returned outcome=success batchOutcome=not_applicable comment=matched merchant read with relation purpose=matched benchmark read auditReason= tracePath=[0:OPERATION:Merchant=query -> 1:REQUEST:Merchant= -> 2:PROVIDER:postgresql= -> 3:SQL:select=] mutationLineage=[]
SQL: -- TeaQL PLAIN
SELECT id, name, code, external_id AS externalId, task_life_hours AS taskLifeHours, version, platform FROM merchant_data WHERE (version > 0) AND (external_id = 'matched-merchant') LIMIT 1000 OFFSET 0
[TeaQL SQL][query][469us] 1 rows returned outcome=success batchOutcome=not_applicable comment=matched merchant read with relation purpose=matched benchmark read auditReason= tracePath=[0:OPERATION:Merchant=query -> 1:REQUEST:Merchant= -> 2:RELATION:platform=Merchant.platform -> 3:PROVIDER:postgresql= -> 4:SQL:select=] mutationLineage=[]
SQL: -- TeaQL PLAIN
SELECT id, create_time AS createTime, last_update_time AS lastUpdateTime, name, version FROM platform_data WHERE (version > 0) AND (id = 1) LIMIT 1 OFFSET 0
[TeaQL SQL][query][602us] 1 rows returned outcome=success batchOutcome=not_applicable comment=matched merchant read with relation purpose=matched benchmark read auditReason= tracePath=[0:OPERATION:Merchant=query -> 1:REQUEST:Merchant= -> 2:PROVIDER:postgresql= -> 3:SQL:select=] mutationLineage=[]
SQL: -- TeaQL PLAIN
SELECT id, name, code, external_id AS externalId, task_life_hours AS taskLifeHours, version, platform FROM merchant_data WHERE (version > 0) AND (external_id = 'matched-merchant') LIMIT 1000 OFFSET 0
[TeaQL SQL][query][567us] 1 rows returned outcome=success batchOutcome=not_applicable comment=matched merchant read with relation purpose=matched benchmark read auditReason= tracePath=[0:OPERATION:Merchant=query -> 1:REQUEST:Merchant= -> 2:RELATION:platform=Merchant.platform -> 3:PROVIDER:postgresql= -> 4:SQL:select=] mutationLineage=[]
SQL: -- TeaQL PLAIN
SELECT id, create_time AS createTime, last_update_time AS lastUpdateTime, name, version FROM platform_data WHERE (version > 0) AND (id = 1) LIMIT 1 OFFSET 0
[TeaQL SQL][query][518us] 1 rows returned outcome=success batchOutcome=not_applicable comment=matched merchant read with relation purpose=matched benchmark read auditReason= tracePath=[0:OPERATION:Merchant=query -> 1:REQUEST:Merchant= -> 2:PROVIDER:postgresql= -> 3:SQL:select=] mutationLineage=[]
SQL: -- TeaQL PLAIN
SELECT id, name, code, external_id AS externalId, task_life_hours AS taskLifeHours, version, platform FROM merchant_data WHERE (version > 0) AND (external_id = 'matched-merchant') LIMIT 1000 OFFSET 0
[TeaQL SQL][query][429us] 1 rows returned outcome=success batchOutcome=not_applicable comment=matched merchant read with relation purpose=matched benchmark read auditReason= tracePath=[0:OPERATION:Merchant=query -> 1:REQUEST:Merchant= -> 2:RELATION:platform=Merchant.platform -> 3:PROVIDER:postgresql= -> 4:SQL:select=] mutationLineage=[]
SQL: -- TeaQL PLAIN
SELECT id, create_time AS createTime, last_update_time AS lastUpdateTime, name, version FROM platform_data WHERE (version > 0) AND (id = 1) LIMIT 1 OFFSET 0
[TeaQL SQL][query][635us] 1 rows returned outcome=success batchOutcome=not_applicable comment=matched merchant read with relation purpose=matched benchmark read auditReason= tracePath=[0:OPERATION:Merchant=query -> 1:REQUEST:Merchant= -> 2:PROVIDER:postgresql= -> 3:SQL:select=] mutationLineage=[]
SQL: -- TeaQL PLAIN
SELECT id, name, code, external_id AS externalId, task_life_hours AS taskLifeHours, version, platform FROM merchant_data WHERE (version > 0) AND (external_id = 'matched-merchant') LIMIT 1000 OFFSET 0
[TeaQL SQL][query][545us] 1 rows returned outcome=success batchOutcome=not_applicable comment=matched merchant read with relation purpose=matched benchmark read auditReason= tracePath=[0:OPERATION:Merchant=query -> 1:REQUEST:Merchant= -> 2:RELATION:platform=Merchant.platform -> 3:PROVIDER:postgresql= -> 4:SQL:select=] mutationLineage=[]
SQL: -- TeaQL PLAIN
SELECT id, create_time AS createTime, last_update_time AS lastUpdateTime, name, version FROM platform_data WHERE (version > 0) AND (id = 1) LIMIT 1 OFFSET 0
[TeaQL SQL][query][634us] 1 rows returned outcome=success batchOutcome=not_applicable comment=matched merchant read with relation purpose=matched benchmark read auditReason= tracePath=[0:OPERATION:Merchant=query -> 1:REQUEST:Merchant= -> 2:PROVIDER:postgresql= -> 3:SQL:select=] mutationLineage=[]
SQL: -- TeaQL PLAIN
SELECT id, name, code, external_id AS externalId, task_life_hours AS taskLifeHours, version, platform FROM merchant_data WHERE (version > 0) AND (external_id = 'matched-merchant') LIMIT 1000 OFFSET 0
[TeaQL SQL][query][459us] 1 rows returned outcome=success batchOutcome=not_applicable comment=matched merchant read with relation purpose=matched benchmark read auditReason= tracePath=[0:OPERATION:Merchant=query -> 1:REQUEST:Merchant= -> 2:RELATION:platform=Merchant.platform -> 3:PROVIDER:postgresql= -> 4:SQL:select=] mutationLineage=[]
SQL: -- TeaQL PLAIN
SELECT id, create_time AS createTime, last_update_time AS lastUpdateTime, name, version FROM platform_data WHERE (version > 0) AND (id = 1) LIMIT 1 OFFSET 0
[TeaQL SQL][query][764us] 1 rows returned outcome=success batchOutcome=not_applicable comment=matched merchant read with relation purpose=matched benchmark read auditReason= tracePath=[0:OPERATION:Merchant=query -> 1:REQUEST:Merchant= -> 2:PROVIDER:postgresql= -> 3:SQL:select=] mutationLineage=[]
SQL: -- TeaQL PLAIN
SELECT id, name, code, external_id AS externalId, task_life_hours AS taskLifeHours, version, platform FROM merchant_data WHERE (version > 0) AND (external_id = 'matched-merchant') LIMIT 1000 OFFSET 0
[TeaQL SQL][query][534us] 1 rows returned outcome=success batchOutcome=not_applicable comment=matched merchant read with relation purpose=matched benchmark read auditReason= tracePath=[0:OPERATION:Merchant=query -> 1:REQUEST:Merchant= -> 2:RELATION:platform=Merchant.platform -> 3:PROVIDER:postgresql= -> 4:SQL:select=] mutationLineage=[]
SQL: -- TeaQL PLAIN
SELECT id, create_time AS createTime, last_update_time AS lastUpdateTime, name, version FROM platform_data WHERE (version > 0) AND (id = 1) LIMIT 1 OFFSET 0
[TeaQL SQL][query][464us] 1 rows returned outcome=success batchOutcome=not_applicable comment=matched merchant read with relation purpose=matched benchmark read auditReason= tracePath=[0:OPERATION:Merchant=query -> 1:REQUEST:Merchant= -> 2:PROVIDER:postgresql= -> 3:SQL:select=] mutationLineage=[]
SQL: -- TeaQL PLAIN
SELECT id, name, code, external_id AS externalId, task_life_hours AS taskLifeHours, version, platform FROM merchant_data WHERE (version > 0) AND (external_id = 'matched-merchant') LIMIT 1000 OFFSET 0
[TeaQL SQL][query][426us] 1 rows returned outcome=success batchOutcome=not_applicable comment=matched merchant read with relation purpose=matched benchmark read auditReason= tracePath=[0:OPERATION:Merchant=query -> 1:REQUEST:Merchant= -> 2:RELATION:platform=Merchant.platform -> 3:PROVIDER:postgresql= -> 4:SQL:select=] mutationLineage=[]
SQL: -- TeaQL PLAIN
SELECT id, create_time AS createTime, last_update_time AS lastUpdateTime, name, version FROM platform_data WHERE (version > 0) AND (id = 1) LIMIT 1 OFFSET 0
[TeaQL SQL][query][565us] 1 rows returned outcome=success batchOutcome=not_applicable comment=matched merchant read with relation purpose=matched benchmark read auditReason= tracePath=[0:OPERATION:Merchant=query -> 1:REQUEST:Merchant= -> 2:PROVIDER:postgresql= -> 3:SQL:select=] mutationLineage=[]
SQL: -- TeaQL PLAIN
SELECT id, name, code, external_id AS externalId, task_life_hours AS taskLifeHours, version, platform FROM merchant_data WHERE (version > 0) AND (external_id = 'matched-merchant') LIMIT 1000 OFFSET 0
[TeaQL SQL][query][441us] 1 rows returned outcome=success batchOutcome=not_applicable comment=matched merchant read with relation purpose=matched benchmark read auditReason= tracePath=[0:OPERATION:Merchant=query -> 1:REQUEST:Merchant= -> 2:RELATION:platform=Merchant.platform -> 3:PROVIDER:postgresql= -> 4:SQL:select=] mutationLineage=[]
SQL: -- TeaQL PLAIN
SELECT id, create_time AS createTime, last_update_time AS lastUpdateTime, name, version FROM platform_data WHERE (version > 0) AND (id = 1) LIMIT 1 OFFSET 0
[TeaQL SQL][query][558us] 1 rows returned outcome=success batchOutcome=not_applicable comment=matched merchant read with relation purpose=matched benchmark read auditReason= tracePath=[0:OPERATION:Merchant=query -> 1:REQUEST:Merchant= -> 2:PROVIDER:postgresql= -> 3:SQL:select=] mutationLineage=[]
SQL: -- TeaQL PLAIN
SELECT id, name, code, external_id AS externalId, task_life_hours AS taskLifeHours, version, platform FROM merchant_data WHERE (version > 0) AND (external_id = 'matched-merchant') LIMIT 1000 OFFSET 0
[TeaQL SQL][query][493us] 1 rows returned outcome=success batchOutcome=not_applicable comment=matched merchant read with relation purpose=matched benchmark read auditReason= tracePath=[0:OPERATION:Merchant=query -> 1:REQUEST:Merchant= -> 2:RELATION:platform=Merchant.platform -> 3:PROVIDER:postgresql= -> 4:SQL:select=] mutationLineage=[]
SQL: -- TeaQL PLAIN
SELECT id, create_time AS createTime, last_update_time AS lastUpdateTime, name, version FROM platform_data WHERE (version > 0) AND (id = 1) LIMIT 1 OFFSET 0
[TeaQL SQL][query][557us] 1 rows returned outcome=success batchOutcome=not_applicable comment=matched merchant read with relation purpose=matched benchmark read auditReason= tracePath=[0:OPERATION:Merchant=query -> 1:REQUEST:Merchant= -> 2:PROVIDER:postgresql= -> 3:SQL:select=] mutationLineage=[]
SQL: -- TeaQL PLAIN
SELECT id, name, code, external_id AS externalId, task_life_hours AS taskLifeHours, version, platform FROM merchant_data WHERE (version > 0) AND (external_id = 'matched-merchant') LIMIT 1000 OFFSET 0
[TeaQL SQL][query][653us] 1 rows returned outcome=success batchOutcome=not_applicable comment=matched merchant read with relation purpose=matched benchmark read auditReason= tracePath=[0:OPERATION:Merchant=query -> 1:REQUEST:Merchant= -> 2:RELATION:platform=Merchant.platform -> 3:PROVIDER:postgresql= -> 4:SQL:select=] mutationLineage=[]
SQL: -- TeaQL PLAIN
SELECT id, create_time AS createTime, last_update_time AS lastUpdateTime, name, version FROM platform_data WHERE (version > 0) AND (id = 1) LIMIT 1 OFFSET 0
[TeaQL SQL][query][540us] 1 rows returned outcome=success batchOutcome=not_applicable comment=matched merchant read with relation purpose=matched benchmark read auditReason= tracePath=[0:OPERATION:Merchant=query -> 1:REQUEST:Merchant= -> 2:PROVIDER:postgresql= -> 3:SQL:select=] mutationLineage=[]
SQL: -- TeaQL PLAIN
SELECT id, name, code, external_id AS externalId, task_life_hours AS taskLifeHours, version, platform FROM merchant_data WHERE (version > 0) AND (external_id = 'matched-merchant') LIMIT 1000 OFFSET 0
[TeaQL SQL][query][433us] 1 rows returned outcome=success batchOutcome=not_applicable comment=matched merchant read with relation purpose=matched benchmark read auditReason= tracePath=[0:OPERATION:Merchant=query -> 1:REQUEST:Merchant= -> 2:RELATION:platform=Merchant.platform -> 3:PROVIDER:postgresql= -> 4:SQL:select=] mutationLineage=[]
SQL: -- TeaQL PLAIN
SELECT id, create_time AS createTime, last_update_time AS lastUpdateTime, name, version FROM platform_data WHERE (version > 0) AND (id = 1) LIMIT 1 OFFSET 0
[TeaQL SQL][query][537us] 1 rows returned outcome=success batchOutcome=not_applicable comment=matched merchant read with relation purpose=matched benchmark read auditReason= tracePath=[0:OPERATION:Merchant=query -> 1:REQUEST:Merchant= -> 2:PROVIDER:postgresql= -> 3:SQL:select=] mutationLineage=[]
SQL: -- TeaQL PLAIN
SELECT id, name, code, external_id AS externalId, task_life_hours AS taskLifeHours, version, platform FROM merchant_data WHERE (version > 0) AND (external_id = 'matched-merchant') LIMIT 1000 OFFSET 0
[TeaQL SQL][query][382us] 1 rows returned outcome=success batchOutcome=not_applicable comment=matched merchant read with relation purpose=matched benchmark read auditReason= tracePath=[0:OPERATION:Merchant=query -> 1:REQUEST:Merchant= -> 2:RELATION:platform=Merchant.platform -> 3:PROVIDER:postgresql= -> 4:SQL:select=] mutationLineage=[]
SQL: -- TeaQL PLAIN
SELECT id, create_time AS createTime, last_update_time AS lastUpdateTime, name, version FROM platform_data WHERE (version > 0) AND (id = 1) LIMIT 1 OFFSET 0
[TeaQL SQL][query][509us] 1 rows returned outcome=success batchOutcome=not_applicable comment=matched merchant read with relation purpose=matched benchmark read auditReason= tracePath=[0:OPERATION:Merchant=query -> 1:REQUEST:Merchant= -> 2:PROVIDER:postgresql= -> 3:SQL:select=] mutationLineage=[]
SQL: -- TeaQL PLAIN
SELECT id, name, code, external_id AS externalId, task_life_hours AS taskLifeHours, version, platform FROM merchant_data WHERE (version > 0) AND (external_id = 'matched-merchant') LIMIT 1000 OFFSET 0
[TeaQL SQL][query][454us] 1 rows returned outcome=success batchOutcome=not_applicable comment=matched merchant read with relation purpose=matched benchmark read auditReason= tracePath=[0:OPERATION:Merchant=query -> 1:REQUEST:Merchant= -> 2:RELATION:platform=Merchant.platform -> 3:PROVIDER:postgresql= -> 4:SQL:select=] mutationLineage=[]
SQL: -- TeaQL PLAIN
SELECT id, create_time AS createTime, last_update_time AS lastUpdateTime, name, version FROM platform_data WHERE (version > 0) AND (id = 1) LIMIT 1 OFFSET 0
[TeaQL SQL][query][535us] 1 rows returned outcome=success batchOutcome=not_applicable comment=matched merchant read with relation purpose=matched benchmark read auditReason= tracePath=[0:OPERATION:Merchant=query -> 1:REQUEST:Merchant= -> 2:PROVIDER:postgresql= -> 3:SQL:select=] mutationLineage=[]
SQL: -- TeaQL PLAIN
SELECT id, name, code, external_id AS externalId, task_life_hours AS taskLifeHours, version, platform FROM merchant_data WHERE (version > 0) AND (external_id = 'matched-merchant') LIMIT 1000 OFFSET 0
[TeaQL SQL][query][535us] 1 rows returned outcome=success batchOutcome=not_applicable comment=matched merchant read with relation purpose=matched benchmark read auditReason= tracePath=[0:OPERATION:Merchant=query -> 1:REQUEST:Merchant= -> 2:RELATION:platform=Merchant.platform -> 3:PROVIDER:postgresql= -> 4:SQL:select=] mutationLineage=[]
SQL: -- TeaQL PLAIN
SELECT id, create_time AS createTime, last_update_time AS lastUpdateTime, name, version FROM platform_data WHERE (version > 0) AND (id = 1) LIMIT 1 OFFSET 0
[TeaQL SQL][query][467us] 1 rows returned outcome=success batchOutcome=not_applicable comment=matched merchant read with relation purpose=matched benchmark read auditReason= tracePath=[0:OPERATION:Merchant=query -> 1:REQUEST:Merchant= -> 2:PROVIDER:postgresql= -> 3:SQL:select=] mutationLineage=[]
SQL: -- TeaQL PLAIN
SELECT id, name, code, external_id AS externalId, task_life_hours AS taskLifeHours, version, platform FROM merchant_data WHERE (version > 0) AND (external_id = 'matched-merchant') LIMIT 1000 OFFSET 0
[TeaQL SQL][query][348us] 1 rows returned outcome=success batchOutcome=not_applicable comment=matched merchant read with relation purpose=matched benchmark read auditReason= tracePath=[0:OPERATION:Merchant=query -> 1:REQUEST:Merchant= -> 2:RELATION:platform=Merchant.platform -> 3:PROVIDER:postgresql= -> 4:SQL:select=] mutationLineage=[]
SQL: -- TeaQL PLAIN
SELECT id, create_time AS createTime, last_update_time AS lastUpdateTime, name, version FROM platform_data WHERE (version > 0) AND (id = 1) LIMIT 1 OFFSET 0
[TeaQL SQL][query][481us] 1 rows returned outcome=success batchOutcome=not_applicable comment=matched merchant read with relation purpose=matched benchmark read auditReason= tracePath=[0:OPERATION:Merchant=query -> 1:REQUEST:Merchant= -> 2:PROVIDER:postgresql= -> 3:SQL:select=] mutationLineage=[]
SQL: -- TeaQL PLAIN
SELECT id, name, code, external_id AS externalId, task_life_hours AS taskLifeHours, version, platform FROM merchant_data WHERE (version > 0) AND (external_id = 'matched-merchant') LIMIT 1000 OFFSET 0
[TeaQL SQL][query][411us] 1 rows returned outcome=success batchOutcome=not_applicable comment=matched merchant read with relation purpose=matched benchmark read auditReason= tracePath=[0:OPERATION:Merchant=query -> 1:REQUEST:Merchant= -> 2:RELATION:platform=Merchant.platform -> 3:PROVIDER:postgresql= -> 4:SQL:select=] mutationLineage=[]
SQL: -- TeaQL PLAIN
SELECT id, create_time AS createTime, last_update_time AS lastUpdateTime, name, version FROM platform_data WHERE (version > 0) AND (id = 1) LIMIT 1 OFFSET 0
[TeaQL SQL][query][576us] 1 rows returned outcome=success batchOutcome=not_applicable comment=matched merchant read with relation purpose=matched benchmark read auditReason= tracePath=[0:OPERATION:Merchant=query -> 1:REQUEST:Merchant= -> 2:PROVIDER:postgresql= -> 3:SQL:select=] mutationLineage=[]
SQL: -- TeaQL PLAIN
SELECT id, name, code, external_id AS externalId, task_life_hours AS taskLifeHours, version, platform FROM merchant_data WHERE (version > 0) AND (external_id = 'matched-merchant') LIMIT 1000 OFFSET 0
[TeaQL SQL][query][472us] 1 rows returned outcome=success batchOutcome=not_applicable comment=matched merchant read with relation purpose=matched benchmark read auditReason= tracePath=[0:OPERATION:Merchant=query -> 1:REQUEST:Merchant= -> 2:RELATION:platform=Merchant.platform -> 3:PROVIDER:postgresql= -> 4:SQL:select=] mutationLineage=[]
SQL: -- TeaQL PLAIN
SELECT id, create_time AS createTime, last_update_time AS lastUpdateTime, name, version FROM platform_data WHERE (version > 0) AND (id = 1) LIMIT 1 OFFSET 0
[TeaQL SQL][query][619us] 1 rows returned outcome=success batchOutcome=not_applicable comment=matched merchant read with relation purpose=matched benchmark read auditReason= tracePath=[0:OPERATION:Merchant=query -> 1:REQUEST:Merchant= -> 2:PROVIDER:postgresql= -> 3:SQL:select=] mutationLineage=[]
SQL: -- TeaQL PLAIN
SELECT id, name, code, external_id AS externalId, task_life_hours AS taskLifeHours, version, platform FROM merchant_data WHERE (version > 0) AND (external_id = 'matched-merchant') LIMIT 1000 OFFSET 0
[TeaQL SQL][query][568us] 1 rows returned outcome=success batchOutcome=not_applicable comment=matched merchant read with relation purpose=matched benchmark read auditReason= tracePath=[0:OPERATION:Merchant=query -> 1:REQUEST:Merchant= -> 2:RELATION:platform=Merchant.platform -> 3:PROVIDER:postgresql= -> 4:SQL:select=] mutationLineage=[]
SQL: -- TeaQL PLAIN
SELECT id, create_time AS createTime, last_update_time AS lastUpdateTime, name, version FROM platform_data WHERE (version > 0) AND (id = 1) LIMIT 1 OFFSET 0
[TeaQL SQL][query][454us] 1 rows returned outcome=success batchOutcome=not_applicable comment=matched merchant read with relation purpose=matched benchmark read auditReason= tracePath=[0:OPERATION:Merchant=query -> 1:REQUEST:Merchant= -> 2:PROVIDER:postgresql= -> 3:SQL:select=] mutationLineage=[]
SQL: -- TeaQL PLAIN
SELECT id, name, code, external_id AS externalId, task_life_hours AS taskLifeHours, version, platform FROM merchant_data WHERE (version > 0) AND (external_id = 'matched-merchant') LIMIT 1000 OFFSET 0
[TeaQL SQL][query][392us] 1 rows returned outcome=success batchOutcome=not_applicable comment=matched merchant read with relation purpose=matched benchmark read auditReason= tracePath=[0:OPERATION:Merchant=query -> 1:REQUEST:Merchant= -> 2:RELATION:platform=Merchant.platform -> 3:PROVIDER:postgresql= -> 4:SQL:select=] mutationLineage=[]
SQL: -- TeaQL PLAIN
SELECT id, create_time AS createTime, last_update_time AS lastUpdateTime, name, version FROM platform_data WHERE (version > 0) AND (id = 1) LIMIT 1 OFFSET 0
[TeaQL SQL][query][542us] 1 rows returned outcome=success batchOutcome=not_applicable comment=matched merchant read with relation purpose=matched benchmark read auditReason= tracePath=[0:OPERATION:Merchant=query -> 1:REQUEST:Merchant= -> 2:PROVIDER:postgresql= -> 3:SQL:select=] mutationLineage=[]
SQL: -- TeaQL PLAIN
SELECT id, name, code, external_id AS externalId, task_life_hours AS taskLifeHours, version, platform FROM merchant_data WHERE (version > 0) AND (external_id = 'matched-merchant') LIMIT 1000 OFFSET 0
[TeaQL SQL][query][484us] 1 rows returned outcome=success batchOutcome=not_applicable comment=matched merchant read with relation purpose=matched benchmark read auditReason= tracePath=[0:OPERATION:Merchant=query -> 1:REQUEST:Merchant= -> 2:RELATION:platform=Merchant.platform -> 3:PROVIDER:postgresql= -> 4:SQL:select=] mutationLineage=[]
SQL: -- TeaQL PLAIN
SELECT id, create_time AS createTime, last_update_time AS lastUpdateTime, name, version FROM platform_data WHERE (version > 0) AND (id = 1) LIMIT 1 OFFSET 0
[TeaQL SQL][query][524us] 1 rows returned outcome=success batchOutcome=not_applicable comment=matched merchant read with relation purpose=matched benchmark read auditReason= tracePath=[0:OPERATION:Merchant=query -> 1:REQUEST:Merchant= -> 2:PROVIDER:postgresql= -> 3:SQL:select=] mutationLineage=[]
SQL: -- TeaQL PLAIN
SELECT id, name, code, external_id AS externalId, task_life_hours AS taskLifeHours, version, platform FROM merchant_data WHERE (version > 0) AND (external_id = 'matched-merchant') LIMIT 1000 OFFSET 0
[TeaQL SQL][query][552us] 1 rows returned outcome=success batchOutcome=not_applicable comment=matched merchant read with relation purpose=matched benchmark read auditReason= tracePath=[0:OPERATION:Merchant=query -> 1:REQUEST:Merchant= -> 2:RELATION:platform=Merchant.platform -> 3:PROVIDER:postgresql= -> 4:SQL:select=] mutationLineage=[]
SQL: -- TeaQL PLAIN
SELECT id, create_time AS createTime, last_update_time AS lastUpdateTime, name, version FROM platform_data WHERE (version > 0) AND (id = 1) LIMIT 1 OFFSET 0
[TeaQL SQL][query][662us] 1 rows returned outcome=success batchOutcome=not_applicable comment=matched merchant read with relation purpose=matched benchmark read auditReason= tracePath=[0:OPERATION:Merchant=query -> 1:REQUEST:Merchant= -> 2:PROVIDER:postgresql= -> 3:SQL:select=] mutationLineage=[]
SQL: -- TeaQL PLAIN
SELECT id, name, code, external_id AS externalId, task_life_hours AS taskLifeHours, version, platform FROM merchant_data WHERE (version > 0) AND (external_id = 'matched-merchant') LIMIT 1000 OFFSET 0
[TeaQL SQL][query][628us] 1 rows returned outcome=success batchOutcome=not_applicable comment=matched merchant read with relation purpose=matched benchmark read auditReason= tracePath=[0:OPERATION:Merchant=query -> 1:REQUEST:Merchant= -> 2:RELATION:platform=Merchant.platform -> 3:PROVIDER:postgresql= -> 4:SQL:select=] mutationLineage=[]
SQL: -- TeaQL PLAIN
SELECT id, create_time AS createTime, last_update_time AS lastUpdateTime, name, version FROM platform_data WHERE (version > 0) AND (id = 1) LIMIT 1 OFFSET 0
[TeaQL SQL][query][516us] 1 rows returned outcome=success batchOutcome=not_applicable comment=matched merchant read with relation purpose=matched benchmark read auditReason= tracePath=[0:OPERATION:Merchant=query -> 1:REQUEST:Merchant= -> 2:PROVIDER:postgresql= -> 3:SQL:select=] mutationLineage=[]
SQL: -- TeaQL PLAIN
SELECT id, name, code, external_id AS externalId, task_life_hours AS taskLifeHours, version, platform FROM merchant_data WHERE (version > 0) AND (external_id = 'matched-merchant') LIMIT 1000 OFFSET 0
[TeaQL SQL][query][444us] 1 rows returned outcome=success batchOutcome=not_applicable comment=matched merchant read with relation purpose=matched benchmark read auditReason= tracePath=[0:OPERATION:Merchant=query -> 1:REQUEST:Merchant= -> 2:RELATION:platform=Merchant.platform -> 3:PROVIDER:postgresql= -> 4:SQL:select=] mutationLineage=[]
SQL: -- TeaQL PLAIN
SELECT id, create_time AS createTime, last_update_time AS lastUpdateTime, name, version FROM platform_data WHERE (version > 0) AND (id = 1) LIMIT 1 OFFSET 0
[TeaQL SQL][query][482us] 1 rows returned outcome=success batchOutcome=not_applicable comment=matched merchant read with relation purpose=matched benchmark read auditReason= tracePath=[0:OPERATION:Merchant=query -> 1:REQUEST:Merchant= -> 2:PROVIDER:postgresql= -> 3:SQL:select=] mutationLineage=[]
SQL: -- TeaQL PLAIN
SELECT id, name, code, external_id AS externalId, task_life_hours AS taskLifeHours, version, platform FROM merchant_data WHERE (version > 0) AND (external_id = 'matched-merchant') LIMIT 1000 OFFSET 0
[TeaQL SQL][query][392us] 1 rows returned outcome=success batchOutcome=not_applicable comment=matched merchant read with relation purpose=matched benchmark read auditReason= tracePath=[0:OPERATION:Merchant=query -> 1:REQUEST:Merchant= -> 2:RELATION:platform=Merchant.platform -> 3:PROVIDER:postgresql= -> 4:SQL:select=] mutationLineage=[]
SQL: -- TeaQL PLAIN
SELECT id, create_time AS createTime, last_update_time AS lastUpdateTime, name, version FROM platform_data WHERE (version > 0) AND (id = 1) LIMIT 1 OFFSET 0
[TeaQL SQL][query][466us] 1 rows returned outcome=success batchOutcome=not_applicable comment=matched merchant read with relation purpose=matched benchmark read auditReason= tracePath=[0:OPERATION:Merchant=query -> 1:REQUEST:Merchant= -> 2:PROVIDER:postgresql= -> 3:SQL:select=] mutationLineage=[]
SQL: -- TeaQL PLAIN
SELECT id, name, code, external_id AS externalId, task_life_hours AS taskLifeHours, version, platform FROM merchant_data WHERE (version > 0) AND (external_id = 'matched-merchant') LIMIT 1000 OFFSET 0
[TeaQL SQL][query][437us] 1 rows returned outcome=success batchOutcome=not_applicable comment=matched merchant read with relation purpose=matched benchmark read auditReason= tracePath=[0:OPERATION:Merchant=query -> 1:REQUEST:Merchant= -> 2:RELATION:platform=Merchant.platform -> 3:PROVIDER:postgresql= -> 4:SQL:select=] mutationLineage=[]
SQL: -- TeaQL PLAIN
SELECT id, create_time AS createTime, last_update_time AS lastUpdateTime, name, version FROM platform_data WHERE (version > 0) AND (id = 1) LIMIT 1 OFFSET 0
[TeaQL SQL][query][516us] 1 rows returned outcome=success batchOutcome=not_applicable comment=matched merchant read with relation purpose=matched benchmark read auditReason= tracePath=[0:OPERATION:Merchant=query -> 1:REQUEST:Merchant= -> 2:PROVIDER:postgresql= -> 3:SQL:select=] mutationLineage=[]
SQL: -- TeaQL PLAIN
SELECT id, name, code, external_id AS externalId, task_life_hours AS taskLifeHours, version, platform FROM merchant_data WHERE (version > 0) AND (external_id = 'matched-merchant') LIMIT 1000 OFFSET 0
[TeaQL SQL][query][464us] 1 rows returned outcome=success batchOutcome=not_applicable comment=matched merchant read with relation purpose=matched benchmark read auditReason= tracePath=[0:OPERATION:Merchant=query -> 1:REQUEST:Merchant= -> 2:RELATION:platform=Merchant.platform -> 3:PROVIDER:postgresql= -> 4:SQL:select=] mutationLineage=[]
SQL: -- TeaQL PLAIN
SELECT id, create_time AS createTime, last_update_time AS lastUpdateTime, name, version FROM platform_data WHERE (version > 0) AND (id = 1) LIMIT 1 OFFSET 0
[TeaQL SQL][query][502us] 1 rows returned outcome=success batchOutcome=not_applicable comment=matched merchant read with relation purpose=matched benchmark read auditReason= tracePath=[0:OPERATION:Merchant=query -> 1:REQUEST:Merchant= -> 2:PROVIDER:postgresql= -> 3:SQL:select=] mutationLineage=[]
SQL: -- TeaQL PLAIN
SELECT id, name, code, external_id AS externalId, task_life_hours AS taskLifeHours, version, platform FROM merchant_data WHERE (version > 0) AND (external_id = 'matched-merchant') LIMIT 1000 OFFSET 0
[TeaQL SQL][query][466us] 1 rows returned outcome=success batchOutcome=not_applicable comment=matched merchant read with relation purpose=matched benchmark read auditReason= tracePath=[0:OPERATION:Merchant=query -> 1:REQUEST:Merchant= -> 2:RELATION:platform=Merchant.platform -> 3:PROVIDER:postgresql= -> 4:SQL:select=] mutationLineage=[]
SQL: -- TeaQL PLAIN
SELECT id, create_time AS createTime, last_update_time AS lastUpdateTime, name, version FROM platform_data WHERE (version > 0) AND (id = 1) LIMIT 1 OFFSET 0
[TeaQL SQL][query][523us] 1 rows returned outcome=success batchOutcome=not_applicable comment=matched merchant read with relation purpose=matched benchmark read auditReason= tracePath=[0:OPERATION:Merchant=query -> 1:REQUEST:Merchant= -> 2:PROVIDER:postgresql= -> 3:SQL:select=] mutationLineage=[]
SQL: -- TeaQL PLAIN
SELECT id, name, code, external_id AS externalId, task_life_hours AS taskLifeHours, version, platform FROM merchant_data WHERE (version > 0) AND (external_id = 'matched-merchant') LIMIT 1000 OFFSET 0
[TeaQL SQL][query][528us] 1 rows returned outcome=success batchOutcome=not_applicable comment=matched merchant read with relation purpose=matched benchmark read auditReason= tracePath=[0:OPERATION:Merchant=query -> 1:REQUEST:Merchant= -> 2:RELATION:platform=Merchant.platform -> 3:PROVIDER:postgresql= -> 4:SQL:select=] mutationLineage=[]
SQL: -- TeaQL PLAIN
SELECT id, create_time AS createTime, last_update_time AS lastUpdateTime, name, version FROM platform_data WHERE (version > 0) AND (id = 1) LIMIT 1 OFFSET 0
[TeaQL SQL][query][618us] 1 rows returned outcome=success batchOutcome=not_applicable comment=matched merchant read with relation purpose=matched benchmark read auditReason= tracePath=[0:OPERATION:Merchant=query -> 1:REQUEST:Merchant= -> 2:PROVIDER:postgresql= -> 3:SQL:select=] mutationLineage=[]
SQL: -- TeaQL PLAIN
SELECT id, name, code, external_id AS externalId, task_life_hours AS taskLifeHours, version, platform FROM merchant_data WHERE (version > 0) AND (external_id = 'matched-merchant') LIMIT 1000 OFFSET 0
[TeaQL SQL][query][404us] 1 rows returned outcome=success batchOutcome=not_applicable comment=matched merchant read with relation purpose=matched benchmark read auditReason= tracePath=[0:OPERATION:Merchant=query -> 1:REQUEST:Merchant= -> 2:RELATION:platform=Merchant.platform -> 3:PROVIDER:postgresql= -> 4:SQL:select=] mutationLineage=[]
SQL: -- TeaQL PLAIN
SELECT id, create_time AS createTime, last_update_time AS lastUpdateTime, name, version FROM platform_data WHERE (version > 0) AND (id = 1) LIMIT 1 OFFSET 0
[TeaQL SQL][query][562us] 1 rows returned outcome=success batchOutcome=not_applicable comment=matched merchant read with relation purpose=matched benchmark read auditReason= tracePath=[0:OPERATION:Merchant=query -> 1:REQUEST:Merchant= -> 2:PROVIDER:postgresql= -> 3:SQL:select=] mutationLineage=[]
SQL: -- TeaQL PLAIN
SELECT id, name, code, external_id AS externalId, task_life_hours AS taskLifeHours, version, platform FROM merchant_data WHERE (version > 0) AND (external_id = 'matched-merchant') LIMIT 1000 OFFSET 0
[TeaQL SQL][query][537us] 1 rows returned outcome=success batchOutcome=not_applicable comment=matched merchant read with relation purpose=matched benchmark read auditReason= tracePath=[0:OPERATION:Merchant=query -> 1:REQUEST:Merchant= -> 2:RELATION:platform=Merchant.platform -> 3:PROVIDER:postgresql= -> 4:SQL:select=] mutationLineage=[]
SQL: -- TeaQL PLAIN
SELECT id, create_time AS createTime, last_update_time AS lastUpdateTime, name, version FROM platform_data WHERE (version > 0) AND (id = 1) LIMIT 1 OFFSET 0
[TeaQL SQL][query][496us] 1 rows returned outcome=success batchOutcome=not_applicable comment=matched merchant read with relation purpose=matched benchmark read auditReason= tracePath=[0:OPERATION:Merchant=query -> 1:REQUEST:Merchant= -> 2:PROVIDER:postgresql= -> 3:SQL:select=] mutationLineage=[]
SQL: -- TeaQL PLAIN
SELECT id, name, code, external_id AS externalId, task_life_hours AS taskLifeHours, version, platform FROM merchant_data WHERE (version > 0) AND (external_id = 'matched-merchant') LIMIT 1000 OFFSET 0
[TeaQL SQL][query][440us] 1 rows returned outcome=success batchOutcome=not_applicable comment=matched merchant read with relation purpose=matched benchmark read auditReason= tracePath=[0:OPERATION:Merchant=query -> 1:REQUEST:Merchant= -> 2:RELATION:platform=Merchant.platform -> 3:PROVIDER:postgresql= -> 4:SQL:select=] mutationLineage=[]
SQL: -- TeaQL PLAIN
SELECT id, create_time AS createTime, last_update_time AS lastUpdateTime, name, version FROM platform_data WHERE (version > 0) AND (id = 1) LIMIT 1 OFFSET 0
[TeaQL SQL][query][795us] 1 rows returned outcome=success batchOutcome=not_applicable comment=matched merchant read with relation purpose=matched benchmark read auditReason= tracePath=[0:OPERATION:Merchant=query -> 1:REQUEST:Merchant= -> 2:PROVIDER:postgresql= -> 3:SQL:select=] mutationLineage=[]
SQL: -- TeaQL PLAIN
SELECT id, name, code, external_id AS externalId, task_life_hours AS taskLifeHours, version, platform FROM merchant_data WHERE (version > 0) AND (external_id = 'matched-merchant') LIMIT 1000 OFFSET 0
[TeaQL SQL][query][546us] 1 rows returned outcome=success batchOutcome=not_applicable comment=matched merchant read with relation purpose=matched benchmark read auditReason= tracePath=[0:OPERATION:Merchant=query -> 1:REQUEST:Merchant= -> 2:RELATION:platform=Merchant.platform -> 3:PROVIDER:postgresql= -> 4:SQL:select=] mutationLineage=[]
SQL: -- TeaQL PLAIN
SELECT id, create_time AS createTime, last_update_time AS lastUpdateTime, name, version FROM platform_data WHERE (version > 0) AND (id = 1) LIMIT 1 OFFSET 0
[TeaQL SQL][query][575us] 1 rows returned outcome=success batchOutcome=not_applicable comment=matched merchant read with relation purpose=matched benchmark read auditReason= tracePath=[0:OPERATION:Merchant=query -> 1:REQUEST:Merchant= -> 2:PROVIDER:postgresql= -> 3:SQL:select=] mutationLineage=[]
SQL: -- TeaQL PLAIN
SELECT id, name, code, external_id AS externalId, task_life_hours AS taskLifeHours, version, platform FROM merchant_data WHERE (version > 0) AND (external_id = 'matched-merchant') LIMIT 1000 OFFSET 0
[TeaQL SQL][query][469us] 1 rows returned outcome=success batchOutcome=not_applicable comment=matched merchant read with relation purpose=matched benchmark read auditReason= tracePath=[0:OPERATION:Merchant=query -> 1:REQUEST:Merchant= -> 2:RELATION:platform=Merchant.platform -> 3:PROVIDER:postgresql= -> 4:SQL:select=] mutationLineage=[]
SQL: -- TeaQL PLAIN
SELECT id, create_time AS createTime, last_update_time AS lastUpdateTime, name, version FROM platform_data WHERE (version > 0) AND (id = 1) LIMIT 1 OFFSET 0
[TeaQL SQL][query][606us] 1 rows returned outcome=success batchOutcome=not_applicable comment=matched merchant read with relation purpose=matched benchmark read auditReason= tracePath=[0:OPERATION:Merchant=query -> 1:REQUEST:Merchant= -> 2:PROVIDER:postgresql= -> 3:SQL:select=] mutationLineage=[]
SQL: -- TeaQL PLAIN
SELECT id, name, code, external_id AS externalId, task_life_hours AS taskLifeHours, version, platform FROM merchant_data WHERE (version > 0) AND (external_id = 'matched-merchant') LIMIT 1000 OFFSET 0
[TeaQL SQL][query][496us] 1 rows returned outcome=success batchOutcome=not_applicable comment=matched merchant read with relation purpose=matched benchmark read auditReason= tracePath=[0:OPERATION:Merchant=query -> 1:REQUEST:Merchant= -> 2:RELATION:platform=Merchant.platform -> 3:PROVIDER:postgresql= -> 4:SQL:select=] mutationLineage=[]
SQL: -- TeaQL PLAIN
SELECT id, create_time AS createTime, last_update_time AS lastUpdateTime, name, version FROM platform_data WHERE (version > 0) AND (id = 1) LIMIT 1 OFFSET 0
[TeaQL SQL][query][451us] 1 rows returned outcome=success batchOutcome=not_applicable comment=matched merchant read with relation purpose=matched benchmark read auditReason= tracePath=[0:OPERATION:Merchant=query -> 1:REQUEST:Merchant= -> 2:PROVIDER:postgresql= -> 3:SQL:select=] mutationLineage=[]
SQL: -- TeaQL PLAIN
SELECT id, name, code, external_id AS externalId, task_life_hours AS taskLifeHours, version, platform FROM merchant_data WHERE (version > 0) AND (external_id = 'matched-merchant') LIMIT 1000 OFFSET 0
[TeaQL SQL][query][381us] 1 rows returned outcome=success batchOutcome=not_applicable comment=matched merchant read with relation purpose=matched benchmark read auditReason= tracePath=[0:OPERATION:Merchant=query -> 1:REQUEST:Merchant= -> 2:RELATION:platform=Merchant.platform -> 3:PROVIDER:postgresql= -> 4:SQL:select=] mutationLineage=[]
SQL: -- TeaQL PLAIN
SELECT id, create_time AS createTime, last_update_time AS lastUpdateTime, name, version FROM platform_data WHERE (version > 0) AND (id = 1) LIMIT 1 OFFSET 0
[TeaQL SQL][query][508us] 1 rows returned outcome=success batchOutcome=not_applicable comment=matched merchant read with relation purpose=matched benchmark read auditReason= tracePath=[0:OPERATION:Merchant=query -> 1:REQUEST:Merchant= -> 2:PROVIDER:postgresql= -> 3:SQL:select=] mutationLineage=[]
SQL: -- TeaQL PLAIN
SELECT id, name, code, external_id AS externalId, task_life_hours AS taskLifeHours, version, platform FROM merchant_data WHERE (version > 0) AND (external_id = 'matched-merchant') LIMIT 1000 OFFSET 0
[TeaQL SQL][query][371us] 1 rows returned outcome=success batchOutcome=not_applicable comment=matched merchant read with relation purpose=matched benchmark read auditReason= tracePath=[0:OPERATION:Merchant=query -> 1:REQUEST:Merchant= -> 2:RELATION:platform=Merchant.platform -> 3:PROVIDER:postgresql= -> 4:SQL:select=] mutationLineage=[]
SQL: -- TeaQL PLAIN
SELECT id, create_time AS createTime, last_update_time AS lastUpdateTime, name, version FROM platform_data WHERE (version > 0) AND (id = 1) LIMIT 1 OFFSET 0
[TeaQL SQL][query][549us] 1 rows returned outcome=success batchOutcome=not_applicable comment=matched merchant read with relation purpose=matched benchmark read auditReason= tracePath=[0:OPERATION:Merchant=query -> 1:REQUEST:Merchant= -> 2:PROVIDER:postgresql= -> 3:SQL:select=] mutationLineage=[]
SQL: -- TeaQL PLAIN
SELECT id, name, code, external_id AS externalId, task_life_hours AS taskLifeHours, version, platform FROM merchant_data WHERE (version > 0) AND (external_id = 'matched-merchant') LIMIT 1000 OFFSET 0
[TeaQL SQL][query][510us] 1 rows returned outcome=success batchOutcome=not_applicable comment=matched merchant read with relation purpose=matched benchmark read auditReason= tracePath=[0:OPERATION:Merchant=query -> 1:REQUEST:Merchant= -> 2:RELATION:platform=Merchant.platform -> 3:PROVIDER:postgresql= -> 4:SQL:select=] mutationLineage=[]
SQL: -- TeaQL PLAIN
SELECT id, create_time AS createTime, last_update_time AS lastUpdateTime, name, version FROM platform_data WHERE (version > 0) AND (id = 1) LIMIT 1 OFFSET 0
[TeaQL SQL][query][689us] 1 rows returned outcome=success batchOutcome=not_applicable comment=matched merchant read with relation purpose=matched benchmark read auditReason= tracePath=[0:OPERATION:Merchant=query -> 1:REQUEST:Merchant= -> 2:PROVIDER:postgresql= -> 3:SQL:select=] mutationLineage=[]
SQL: -- TeaQL PLAIN
SELECT id, name, code, external_id AS externalId, task_life_hours AS taskLifeHours, version, platform FROM merchant_data WHERE (version > 0) AND (external_id = 'matched-merchant') LIMIT 1000 OFFSET 0
[TeaQL SQL][query][599us] 1 rows returned outcome=success batchOutcome=not_applicable comment=matched merchant read with relation purpose=matched benchmark read auditReason= tracePath=[0:OPERATION:Merchant=query -> 1:REQUEST:Merchant= -> 2:RELATION:platform=Merchant.platform -> 3:PROVIDER:postgresql= -> 4:SQL:select=] mutationLineage=[]
SQL: -- TeaQL PLAIN
SELECT id, create_time AS createTime, last_update_time AS lastUpdateTime, name, version FROM platform_data WHERE (version > 0) AND (id = 1) LIMIT 1 OFFSET 0
[TeaQL SQL][query][467us] 1 rows returned outcome=success batchOutcome=not_applicable comment=matched merchant read with relation purpose=matched benchmark read auditReason= tracePath=[0:OPERATION:Merchant=query -> 1:REQUEST:Merchant= -> 2:PROVIDER:postgresql= -> 3:SQL:select=] mutationLineage=[]
SQL: -- TeaQL PLAIN
SELECT id, name, code, external_id AS externalId, task_life_hours AS taskLifeHours, version, platform FROM merchant_data WHERE (version > 0) AND (external_id = 'matched-merchant') LIMIT 1000 OFFSET 0
[TeaQL SQL][query][393us] 1 rows returned outcome=success batchOutcome=not_applicable comment=matched merchant read with relation purpose=matched benchmark read auditReason= tracePath=[0:OPERATION:Merchant=query -> 1:REQUEST:Merchant= -> 2:RELATION:platform=Merchant.platform -> 3:PROVIDER:postgresql= -> 4:SQL:select=] mutationLineage=[]
SQL: -- TeaQL PLAIN
SELECT id, create_time AS createTime, last_update_time AS lastUpdateTime, name, version FROM platform_data WHERE (version > 0) AND (id = 1) LIMIT 1 OFFSET 0
[TeaQL SQL][query][466us] 1 rows returned outcome=success batchOutcome=not_applicable comment=matched merchant read with relation purpose=matched benchmark read auditReason= tracePath=[0:OPERATION:Merchant=query -> 1:REQUEST:Merchant= -> 2:PROVIDER:postgresql= -> 3:SQL:select=] mutationLineage=[]
SQL: -- TeaQL PLAIN
SELECT id, name, code, external_id AS externalId, task_life_hours AS taskLifeHours, version, platform FROM merchant_data WHERE (version > 0) AND (external_id = 'matched-merchant') LIMIT 1000 OFFSET 0
[TeaQL SQL][query][365us] 1 rows returned outcome=success batchOutcome=not_applicable comment=matched merchant read with relation purpose=matched benchmark read auditReason= tracePath=[0:OPERATION:Merchant=query -> 1:REQUEST:Merchant= -> 2:RELATION:platform=Merchant.platform -> 3:PROVIDER:postgresql= -> 4:SQL:select=] mutationLineage=[]
SQL: -- TeaQL PLAIN
SELECT id, create_time AS createTime, last_update_time AS lastUpdateTime, name, version FROM platform_data WHERE (version > 0) AND (id = 1) LIMIT 1 OFFSET 0
[TeaQL SQL][query][516us] 1 rows returned outcome=success batchOutcome=not_applicable comment=matched merchant read with relation purpose=matched benchmark read auditReason= tracePath=[0:OPERATION:Merchant=query -> 1:REQUEST:Merchant= -> 2:PROVIDER:postgresql= -> 3:SQL:select=] mutationLineage=[]
SQL: -- TeaQL PLAIN
SELECT id, name, code, external_id AS externalId, task_life_hours AS taskLifeHours, version, platform FROM merchant_data WHERE (version > 0) AND (external_id = 'matched-merchant') LIMIT 1000 OFFSET 0
[TeaQL SQL][query][481us] 1 rows returned outcome=success batchOutcome=not_applicable comment=matched merchant read with relation purpose=matched benchmark read auditReason= tracePath=[0:OPERATION:Merchant=query -> 1:REQUEST:Merchant= -> 2:RELATION:platform=Merchant.platform -> 3:PROVIDER:postgresql= -> 4:SQL:select=] mutationLineage=[]
SQL: -- TeaQL PLAIN
SELECT id, create_time AS createTime, last_update_time AS lastUpdateTime, name, version FROM platform_data WHERE (version > 0) AND (id = 1) LIMIT 1 OFFSET 0
[TeaQL SQL][query][741us] 1 rows returned outcome=success batchOutcome=not_applicable comment=matched merchant read with relation purpose=matched benchmark read auditReason= tracePath=[0:OPERATION:Merchant=query -> 1:REQUEST:Merchant= -> 2:PROVIDER:postgresql= -> 3:SQL:select=] mutationLineage=[]
SQL: -- TeaQL PLAIN
SELECT id, name, code, external_id AS externalId, task_life_hours AS taskLifeHours, version, platform FROM merchant_data WHERE (version > 0) AND (external_id = 'matched-merchant') LIMIT 1000 OFFSET 0
[TeaQL SQL][query][658us] 1 rows returned outcome=success batchOutcome=not_applicable comment=matched merchant read with relation purpose=matched benchmark read auditReason= tracePath=[0:OPERATION:Merchant=query -> 1:REQUEST:Merchant= -> 2:RELATION:platform=Merchant.platform -> 3:PROVIDER:postgresql= -> 4:SQL:select=] mutationLineage=[]
SQL: -- TeaQL PLAIN
SELECT id, create_time AS createTime, last_update_time AS lastUpdateTime, name, version FROM platform_data WHERE (version > 0) AND (id = 1) LIMIT 1 OFFSET 0
[TeaQL SQL][query][539us] 1 rows returned outcome=success batchOutcome=not_applicable comment=matched merchant read with relation purpose=matched benchmark read auditReason= tracePath=[0:OPERATION:Merchant=query -> 1:REQUEST:Merchant= -> 2:PROVIDER:postgresql= -> 3:SQL:select=] mutationLineage=[]
SQL: -- TeaQL PLAIN
SELECT id, name, code, external_id AS externalId, task_life_hours AS taskLifeHours, version, platform FROM merchant_data WHERE (version > 0) AND (external_id = 'matched-merchant') LIMIT 1000 OFFSET 0
[TeaQL SQL][query][461us] 1 rows returned outcome=success batchOutcome=not_applicable comment=matched merchant read with relation purpose=matched benchmark read auditReason= tracePath=[0:OPERATION:Merchant=query -> 1:REQUEST:Merchant= -> 2:RELATION:platform=Merchant.platform -> 3:PROVIDER:postgresql= -> 4:SQL:select=] mutationLineage=[]
SQL: -- TeaQL PLAIN
SELECT id, create_time AS createTime, last_update_time AS lastUpdateTime, name, version FROM platform_data WHERE (version > 0) AND (id = 1) LIMIT 1 OFFSET 0
[TeaQL SQL][query][472us] 1 rows returned outcome=success batchOutcome=not_applicable comment=matched merchant read with relation purpose=matched benchmark read auditReason= tracePath=[0:OPERATION:Merchant=query -> 1:REQUEST:Merchant= -> 2:PROVIDER:postgresql= -> 3:SQL:select=] mutationLineage=[]
SQL: -- TeaQL PLAIN
SELECT id, name, code, external_id AS externalId, task_life_hours AS taskLifeHours, version, platform FROM merchant_data WHERE (version > 0) AND (external_id = 'matched-merchant') LIMIT 1000 OFFSET 0
[TeaQL SQL][query][335us] 1 rows returned outcome=success batchOutcome=not_applicable comment=matched merchant read with relation purpose=matched benchmark read auditReason= tracePath=[0:OPERATION:Merchant=query -> 1:REQUEST:Merchant= -> 2:RELATION:platform=Merchant.platform -> 3:PROVIDER:postgresql= -> 4:SQL:select=] mutationLineage=[]
SQL: -- TeaQL PLAIN
SELECT id, create_time AS createTime, last_update_time AS lastUpdateTime, name, version FROM platform_data WHERE (version > 0) AND (id = 1) LIMIT 1 OFFSET 0
[TeaQL SQL][query][545us] 1 rows returned outcome=success batchOutcome=not_applicable comment=matched merchant read with relation purpose=matched benchmark read auditReason= tracePath=[0:OPERATION:Merchant=query -> 1:REQUEST:Merchant= -> 2:PROVIDER:postgresql= -> 3:SQL:select=] mutationLineage=[]
SQL: -- TeaQL PLAIN
SELECT id, name, code, external_id AS externalId, task_life_hours AS taskLifeHours, version, platform FROM merchant_data WHERE (version > 0) AND (external_id = 'matched-merchant') LIMIT 1000 OFFSET 0
[TeaQL SQL][query][461us] 1 rows returned outcome=success batchOutcome=not_applicable comment=matched merchant read with relation purpose=matched benchmark read auditReason= tracePath=[0:OPERATION:Merchant=query -> 1:REQUEST:Merchant= -> 2:RELATION:platform=Merchant.platform -> 3:PROVIDER:postgresql= -> 4:SQL:select=] mutationLineage=[]
SQL: -- TeaQL PLAIN
SELECT id, create_time AS createTime, last_update_time AS lastUpdateTime, name, version FROM platform_data WHERE (version > 0) AND (id = 1) LIMIT 1 OFFSET 0
[TeaQL SQL][query][601us] 1 rows returned outcome=success batchOutcome=not_applicable comment=matched merchant read with relation purpose=matched benchmark read auditReason= tracePath=[0:OPERATION:Merchant=query -> 1:REQUEST:Merchant= -> 2:PROVIDER:postgresql= -> 3:SQL:select=] mutationLineage=[]
SQL: -- TeaQL PLAIN
SELECT id, name, code, external_id AS externalId, task_life_hours AS taskLifeHours, version, platform FROM merchant_data WHERE (version > 0) AND (external_id = 'matched-merchant') LIMIT 1000 OFFSET 0
[TeaQL SQL][query][517us] 1 rows returned outcome=success batchOutcome=not_applicable comment=matched merchant read with relation purpose=matched benchmark read auditReason= tracePath=[0:OPERATION:Merchant=query -> 1:REQUEST:Merchant= -> 2:RELATION:platform=Merchant.platform -> 3:PROVIDER:postgresql= -> 4:SQL:select=] mutationLineage=[]
SQL: -- TeaQL PLAIN
SELECT id, create_time AS createTime, last_update_time AS lastUpdateTime, name, version FROM platform_data WHERE (version > 0) AND (id = 1) LIMIT 1 OFFSET 0
[TeaQL SQL][query][524us] 1 rows returned outcome=success batchOutcome=not_applicable comment=matched merchant read with relation purpose=matched benchmark read auditReason= tracePath=[0:OPERATION:Merchant=query -> 1:REQUEST:Merchant= -> 2:PROVIDER:postgresql= -> 3:SQL:select=] mutationLineage=[]
SQL: -- TeaQL PLAIN
SELECT id, name, code, external_id AS externalId, task_life_hours AS taskLifeHours, version, platform FROM merchant_data WHERE (version > 0) AND (external_id = 'matched-merchant') LIMIT 1000 OFFSET 0
[TeaQL SQL][query][445us] 1 rows returned outcome=success batchOutcome=not_applicable comment=matched merchant read with relation purpose=matched benchmark read auditReason= tracePath=[0:OPERATION:Merchant=query -> 1:REQUEST:Merchant= -> 2:RELATION:platform=Merchant.platform -> 3:PROVIDER:postgresql= -> 4:SQL:select=] mutationLineage=[]
SQL: -- TeaQL PLAIN
SELECT id, create_time AS createTime, last_update_time AS lastUpdateTime, name, version FROM platform_data WHERE (version > 0) AND (id = 1) LIMIT 1 OFFSET 0
[TeaQL SQL][query][560us] 1 rows returned outcome=success batchOutcome=not_applicable comment=matched merchant read with relation purpose=matched benchmark read auditReason= tracePath=[0:OPERATION:Merchant=query -> 1:REQUEST:Merchant= -> 2:PROVIDER:postgresql= -> 3:SQL:select=] mutationLineage=[]
SQL: -- TeaQL PLAIN
SELECT id, name, code, external_id AS externalId, task_life_hours AS taskLifeHours, version, platform FROM merchant_data WHERE (version > 0) AND (external_id = 'matched-merchant') LIMIT 1000 OFFSET 0
[TeaQL SQL][query][594us] 1 rows returned outcome=success batchOutcome=not_applicable comment=matched merchant read with relation purpose=matched benchmark read auditReason= tracePath=[0:OPERATION:Merchant=query -> 1:REQUEST:Merchant= -> 2:RELATION:platform=Merchant.platform -> 3:PROVIDER:postgresql= -> 4:SQL:select=] mutationLineage=[]
SQL: -- TeaQL PLAIN
SELECT id, create_time AS createTime, last_update_time AS lastUpdateTime, name, version FROM platform_data WHERE (version > 0) AND (id = 1) LIMIT 1 OFFSET 0
[TeaQL SQL][query][502us] 1 rows returned outcome=success batchOutcome=not_applicable comment=matched merchant read with relation purpose=matched benchmark read auditReason= tracePath=[0:OPERATION:Merchant=query -> 1:REQUEST:Merchant= -> 2:PROVIDER:postgresql= -> 3:SQL:select=] mutationLineage=[]
SQL: -- TeaQL PLAIN
SELECT id, name, code, external_id AS externalId, task_life_hours AS taskLifeHours, version, platform FROM merchant_data WHERE (version > 0) AND (external_id = 'matched-merchant') LIMIT 1000 OFFSET 0
[TeaQL SQL][query][414us] 1 rows returned outcome=success batchOutcome=not_applicable comment=matched merchant read with relation purpose=matched benchmark read auditReason= tracePath=[0:OPERATION:Merchant=query -> 1:REQUEST:Merchant= -> 2:RELATION:platform=Merchant.platform -> 3:PROVIDER:postgresql= -> 4:SQL:select=] mutationLineage=[]
SQL: -- TeaQL PLAIN
SELECT id, create_time AS createTime, last_update_time AS lastUpdateTime, name, version FROM platform_data WHERE (version > 0) AND (id = 1) LIMIT 1 OFFSET 0
[TeaQL SQL][query][487us] 1 rows returned outcome=success batchOutcome=not_applicable comment=matched merchant read with relation purpose=matched benchmark read auditReason= tracePath=[0:OPERATION:Merchant=query -> 1:REQUEST:Merchant= -> 2:PROVIDER:postgresql= -> 3:SQL:select=] mutationLineage=[]
SQL: -- TeaQL PLAIN
SELECT id, name, code, external_id AS externalId, task_life_hours AS taskLifeHours, version, platform FROM merchant_data WHERE (version > 0) AND (external_id = 'matched-merchant') LIMIT 1000 OFFSET 0
[TeaQL SQL][query][431us] 1 rows returned outcome=success batchOutcome=not_applicable comment=matched merchant read with relation purpose=matched benchmark read auditReason= tracePath=[0:OPERATION:Merchant=query -> 1:REQUEST:Merchant= -> 2:RELATION:platform=Merchant.platform -> 3:PROVIDER:postgresql= -> 4:SQL:select=] mutationLineage=[]
SQL: -- TeaQL PLAIN
SELECT id, create_time AS createTime, last_update_time AS lastUpdateTime, name, version FROM platform_data WHERE (version > 0) AND (id = 1) LIMIT 1 OFFSET 0
[TeaQL SQL][query][875us] 1 rows returned outcome=success batchOutcome=not_applicable comment=matched update lookup purpose=matched benchmark write auditReason= tracePath=[0:OPERATION:Merchant=query -> 1:REQUEST:Merchant= -> 2:PROVIDER:postgresql= -> 3:SQL:select=] mutationLineage=[]
SQL: -- TeaQL PLAIN
SELECT id, name, code, external_id AS externalId, task_life_hours AS taskLifeHours, platform, version FROM merchant_data WHERE (version > 0) AND (external_id = 'matched-merchant') LIMIT 1000 OFFSET 0
[TeaQL MUTATION GOVERNANCE][MUTATION-POLICY-001] request=Merchant.saveGraph execution=9d153b70-b3fe-4e20-acf7-0bc65bc68d8f policy=none approval=NOT_APPLICABLE
[TeaQL SQL][mutation][1952us] 1 rows affected outcome=success batchOutcome=not_applicable comment= purpose= auditReason=matched benchmark update tracePath=[0:OPERATION:Merchant=mutation -> 1:ENTITY:Merchant= -> 2:PROVIDER:postgresql= -> 3:SQL:update=] mutationLineage=[0:AUDIT_REASON:Merchant#1=matched benchmark update]
SQL: -- TeaQL PLAIN
UPDATE merchant_data SET task_life_hours = 49 , version = 328 WHERE id = 1 AND version = 327
[TeaQL SQL][query][2277us] 1 rows returned outcome=success batchOutcome=not_applicable comment=matched benchmark update purpose=runtime: read authoritative persisted mutation result auditReason=matched benchmark update tracePath=[0:OPERATION:Merchant=query -> 1:REQUEST:Merchant= -> 2:PROVIDER:postgresql= -> 3:SQL:select=] mutationLineage=[0:AUDIT_REASON:Merchant#1=matched benchmark update]
SQL: -- TeaQL PLAIN
SELECT * FROM merchant_data WHERE id = 1
[TeaQL SQL][query][609us] 1 rows returned outcome=success batchOutcome=not_applicable comment=matched merchant read with relation purpose=matched benchmark read auditReason= tracePath=[0:OPERATION:Merchant=query -> 1:REQUEST:Merchant= -> 2:PROVIDER:postgresql= -> 3:SQL:select=] mutationLineage=[]
SQL: -- TeaQL PLAIN
SELECT id, name, code, external_id AS externalId, task_life_hours AS taskLifeHours, version, platform FROM merchant_data WHERE (version > 0) AND (external_id = 'matched-merchant') LIMIT 1000 OFFSET 0
[TeaQL SQL][query][440us] 1 rows returned outcome=success batchOutcome=not_applicable comment=matched merchant read with relation purpose=matched benchmark read auditReason= tracePath=[0:OPERATION:Merchant=query -> 1:REQUEST:Merchant= -> 2:RELATION:platform=Merchant.platform -> 3:PROVIDER:postgresql= -> 4:SQL:select=] mutationLineage=[]
SQL: -- TeaQL PLAIN
SELECT id, create_time AS createTime, last_update_time AS lastUpdateTime, name, version FROM platform_data WHERE (version > 0) AND (id = 1) LIMIT 1 OFFSET 0
[TeaQL SQL][query][709us] 1 rows returned outcome=success batchOutcome=not_applicable comment=matched update lookup purpose=matched benchmark write auditReason= tracePath=[0:OPERATION:Merchant=query -> 1:REQUEST:Merchant= -> 2:PROVIDER:postgresql= -> 3:SQL:select=] mutationLineage=[]
SQL: -- TeaQL PLAIN
SELECT id, name, code, external_id AS externalId, task_life_hours AS taskLifeHours, platform, version FROM merchant_data WHERE (version > 0) AND (external_id = 'matched-merchant') LIMIT 1000 OFFSET 0
[TeaQL SQL][mutation][451us] 1 rows affected outcome=success batchOutcome=not_applicable comment= purpose= auditReason=matched benchmark update tracePath=[0:OPERATION:Merchant=mutation -> 1:ENTITY:Merchant= -> 2:PROVIDER:postgresql= -> 3:SQL:update=] mutationLineage=[0:AUDIT_REASON:Merchant#1=matched benchmark update]
SQL: -- TeaQL PLAIN
UPDATE merchant_data SET task_life_hours = 48 , version = 329 WHERE id = 1 AND version = 328
[TeaQL SQL][query][359us] 1 rows returned outcome=success batchOutcome=not_applicable comment=matched benchmark update purpose=runtime: read authoritative persisted mutation result auditReason=matched benchmark update tracePath=[0:OPERATION:Merchant=query -> 1:REQUEST:Merchant= -> 2:PROVIDER:postgresql= -> 3:SQL:select=] mutationLineage=[0:AUDIT_REASON:Merchant#1=matched benchmark update]
SQL: -- TeaQL PLAIN
SELECT * FROM merchant_data WHERE id = 1
[TeaQL SQL][query][441us] 1 rows returned outcome=success batchOutcome=not_applicable comment=matched merchant read with relation purpose=matched benchmark read auditReason= tracePath=[0:OPERATION:Merchant=query -> 1:REQUEST:Merchant= -> 2:PROVIDER:postgresql= -> 3:SQL:select=] mutationLineage=[]
SQL: -- TeaQL PLAIN
SELECT id, name, code, external_id AS externalId, task_life_hours AS taskLifeHours, version, platform FROM merchant_data WHERE (version > 0) AND (external_id = 'matched-merchant') LIMIT 1000 OFFSET 0
[TeaQL SQL][query][538us] 1 rows returned outcome=success batchOutcome=not_applicable comment=matched merchant read with relation purpose=matched benchmark read auditReason= tracePath=[0:OPERATION:Merchant=query -> 1:REQUEST:Merchant= -> 2:RELATION:platform=Merchant.platform -> 3:PROVIDER:postgresql= -> 4:SQL:select=] mutationLineage=[]
SQL: -- TeaQL PLAIN
SELECT id, create_time AS createTime, last_update_time AS lastUpdateTime, name, version FROM platform_data WHERE (version > 0) AND (id = 1) LIMIT 1 OFFSET 0
[TeaQL SQL][query][745us] 1 rows returned outcome=success batchOutcome=not_applicable comment=matched update lookup purpose=matched benchmark write auditReason= tracePath=[0:OPERATION:Merchant=query -> 1:REQUEST:Merchant= -> 2:PROVIDER:postgresql= -> 3:SQL:select=] mutationLineage=[]
SQL: -- TeaQL PLAIN
SELECT id, name, code, external_id AS externalId, task_life_hours AS taskLifeHours, platform, version FROM merchant_data WHERE (version > 0) AND (external_id = 'matched-merchant') LIMIT 1000 OFFSET 0
[TeaQL SQL][mutation][571us] 1 rows affected outcome=success batchOutcome=not_applicable comment= purpose= auditReason=matched benchmark update tracePath=[0:OPERATION:Merchant=mutation -> 1:ENTITY:Merchant= -> 2:PROVIDER:postgresql= -> 3:SQL:update=] mutationLineage=[0:AUDIT_REASON:Merchant#1=matched benchmark update]
SQL: -- TeaQL PLAIN
UPDATE merchant_data SET task_life_hours = 49 , version = 330 WHERE id = 1 AND version = 329
[TeaQL SQL][query][471us] 1 rows returned outcome=success batchOutcome=not_applicable comment=matched benchmark update purpose=runtime: read authoritative persisted mutation result auditReason=matched benchmark update tracePath=[0:OPERATION:Merchant=query -> 1:REQUEST:Merchant= -> 2:PROVIDER:postgresql= -> 3:SQL:select=] mutationLineage=[0:AUDIT_REASON:Merchant#1=matched benchmark update]
SQL: -- TeaQL PLAIN
SELECT * FROM merchant_data WHERE id = 1
[TeaQL SQL][query][556us] 1 rows returned outcome=success batchOutcome=not_applicable comment=matched merchant read with relation purpose=matched benchmark read auditReason= tracePath=[0:OPERATION:Merchant=query -> 1:REQUEST:Merchant= -> 2:PROVIDER:postgresql= -> 3:SQL:select=] mutationLineage=[]
SQL: -- TeaQL PLAIN
SELECT id, name, code, external_id AS externalId, task_life_hours AS taskLifeHours, version, platform FROM merchant_data WHERE (version > 0) AND (external_id = 'matched-merchant') LIMIT 1000 OFFSET 0
[TeaQL SQL][query][503us] 1 rows returned outcome=success batchOutcome=not_applicable comment=matched merchant read with relation purpose=matched benchmark read auditReason= tracePath=[0:OPERATION:Merchant=query -> 1:REQUEST:Merchant= -> 2:RELATION:platform=Merchant.platform -> 3:PROVIDER:postgresql= -> 4:SQL:select=] mutationLineage=[]
SQL: -- TeaQL PLAIN
SELECT id, create_time AS createTime, last_update_time AS lastUpdateTime, name, version FROM platform_data WHERE (version > 0) AND (id = 1) LIMIT 1 OFFSET 0
[TeaQL SQL][query][725us] 1 rows returned outcome=success batchOutcome=not_applicable comment=matched update lookup purpose=matched benchmark write auditReason= tracePath=[0:OPERATION:Merchant=query -> 1:REQUEST:Merchant= -> 2:PROVIDER:postgresql= -> 3:SQL:select=] mutationLineage=[]
SQL: -- TeaQL PLAIN
SELECT id, name, code, external_id AS externalId, task_life_hours AS taskLifeHours, platform, version FROM merchant_data WHERE (version > 0) AND (external_id = 'matched-merchant') LIMIT 1000 OFFSET 0
[TeaQL SQL][mutation][640us] 1 rows affected outcome=success batchOutcome=not_applicable comment= purpose= auditReason=matched benchmark update tracePath=[0:OPERATION:Merchant=mutation -> 1:ENTITY:Merchant= -> 2:PROVIDER:postgresql= -> 3:SQL:update=] mutationLineage=[0:AUDIT_REASON:Merchant#1=matched benchmark update]
SQL: -- TeaQL PLAIN
UPDATE merchant_data SET task_life_hours = 48 , version = 331 WHERE id = 1 AND version = 330
[TeaQL SQL][query][540us] 1 rows returned outcome=success batchOutcome=not_applicable comment=matched benchmark update purpose=runtime: read authoritative persisted mutation result auditReason=matched benchmark update tracePath=[0:OPERATION:Merchant=query -> 1:REQUEST:Merchant= -> 2:PROVIDER:postgresql= -> 3:SQL:select=] mutationLineage=[0:AUDIT_REASON:Merchant#1=matched benchmark update]
SQL: -- TeaQL PLAIN
SELECT * FROM merchant_data WHERE id = 1
[TeaQL SQL][query][518us] 1 rows returned outcome=success batchOutcome=not_applicable comment=matched merchant read with relation purpose=matched benchmark read auditReason= tracePath=[0:OPERATION:Merchant=query -> 1:REQUEST:Merchant= -> 2:PROVIDER:postgresql= -> 3:SQL:select=] mutationLineage=[]
SQL: -- TeaQL PLAIN
SELECT id, name, code, external_id AS externalId, task_life_hours AS taskLifeHours, version, platform FROM merchant_data WHERE (version > 0) AND (external_id = 'matched-merchant') LIMIT 1000 OFFSET 0
[TeaQL SQL][query][556us] 1 rows returned outcome=success batchOutcome=not_applicable comment=matched merchant read with relation purpose=matched benchmark read auditReason= tracePath=[0:OPERATION:Merchant=query -> 1:REQUEST:Merchant= -> 2:RELATION:platform=Merchant.platform -> 3:PROVIDER:postgresql= -> 4:SQL:select=] mutationLineage=[]
SQL: -- TeaQL PLAIN
SELECT id, create_time AS createTime, last_update_time AS lastUpdateTime, name, version FROM platform_data WHERE (version > 0) AND (id = 1) LIMIT 1 OFFSET 0
[TeaQL SQL][query][866us] 1 rows returned outcome=success batchOutcome=not_applicable comment=matched update lookup purpose=matched benchmark write auditReason= tracePath=[0:OPERATION:Merchant=query -> 1:REQUEST:Merchant= -> 2:PROVIDER:postgresql= -> 3:SQL:select=] mutationLineage=[]
SQL: -- TeaQL PLAIN
SELECT id, name, code, external_id AS externalId, task_life_hours AS taskLifeHours, platform, version FROM merchant_data WHERE (version > 0) AND (external_id = 'matched-merchant') LIMIT 1000 OFFSET 0
[TeaQL SQL][mutation][607us] 1 rows affected outcome=success batchOutcome=not_applicable comment= purpose= auditReason=matched benchmark update tracePath=[0:OPERATION:Merchant=mutation -> 1:ENTITY:Merchant= -> 2:PROVIDER:postgresql= -> 3:SQL:update=] mutationLineage=[0:AUDIT_REASON:Merchant#1=matched benchmark update]
SQL: -- TeaQL PLAIN
UPDATE merchant_data SET task_life_hours = 49 , version = 332 WHERE id = 1 AND version = 331
[TeaQL SQL][query][480us] 1 rows returned outcome=success batchOutcome=not_applicable comment=matched benchmark update purpose=runtime: read authoritative persisted mutation result auditReason=matched benchmark update tracePath=[0:OPERATION:Merchant=query -> 1:REQUEST:Merchant= -> 2:PROVIDER:postgresql= -> 3:SQL:select=] mutationLineage=[0:AUDIT_REASON:Merchant#1=matched benchmark update]
SQL: -- TeaQL PLAIN
SELECT * FROM merchant_data WHERE id = 1
[TeaQL SQL][query][426us] 1 rows returned outcome=success batchOutcome=not_applicable comment=matched merchant read with relation purpose=matched benchmark read auditReason= tracePath=[0:OPERATION:Merchant=query -> 1:REQUEST:Merchant= -> 2:PROVIDER:postgresql= -> 3:SQL:select=] mutationLineage=[]
SQL: -- TeaQL PLAIN
SELECT id, name, code, external_id AS externalId, task_life_hours AS taskLifeHours, version, platform FROM merchant_data WHERE (version > 0) AND (external_id = 'matched-merchant') LIMIT 1000 OFFSET 0
[TeaQL SQL][query][466us] 1 rows returned outcome=success batchOutcome=not_applicable comment=matched merchant read with relation purpose=matched benchmark read auditReason= tracePath=[0:OPERATION:Merchant=query -> 1:REQUEST:Merchant= -> 2:RELATION:platform=Merchant.platform -> 3:PROVIDER:postgresql= -> 4:SQL:select=] mutationLineage=[]
SQL: -- TeaQL PLAIN
SELECT id, create_time AS createTime, last_update_time AS lastUpdateTime, name, version FROM platform_data WHERE (version > 0) AND (id = 1) LIMIT 1 OFFSET 0
[TeaQL SQL][query][575us] 1 rows returned outcome=success batchOutcome=not_applicable comment=matched update lookup purpose=matched benchmark write auditReason= tracePath=[0:OPERATION:Merchant=query -> 1:REQUEST:Merchant= -> 2:PROVIDER:postgresql= -> 3:SQL:select=] mutationLineage=[]
SQL: -- TeaQL PLAIN
SELECT id, name, code, external_id AS externalId, task_life_hours AS taskLifeHours, platform, version FROM merchant_data WHERE (version > 0) AND (external_id = 'matched-merchant') LIMIT 1000 OFFSET 0
[TeaQL SQL][mutation][425us] 1 rows affected outcome=success batchOutcome=not_applicable comment= purpose= auditReason=matched benchmark update tracePath=[0:OPERATION:Merchant=mutation -> 1:ENTITY:Merchant= -> 2:PROVIDER:postgresql= -> 3:SQL:update=] mutationLineage=[0:AUDIT_REASON:Merchant#1=matched benchmark update]
SQL: -- TeaQL PLAIN
UPDATE merchant_data SET task_life_hours = 48 , version = 333 WHERE id = 1 AND version = 332
[TeaQL SQL][query][351us] 1 rows returned outcome=success batchOutcome=not_applicable comment=matched benchmark update purpose=runtime: read authoritative persisted mutation result auditReason=matched benchmark update tracePath=[0:OPERATION:Merchant=query -> 1:REQUEST:Merchant= -> 2:PROVIDER:postgresql= -> 3:SQL:select=] mutationLineage=[0:AUDIT_REASON:Merchant#1=matched benchmark update]
SQL: -- TeaQL PLAIN
SELECT * FROM merchant_data WHERE id = 1
[TeaQL SQL][query][532us] 1 rows returned outcome=success batchOutcome=not_applicable comment=matched merchant read with relation purpose=matched benchmark read auditReason= tracePath=[0:OPERATION:Merchant=query -> 1:REQUEST:Merchant= -> 2:PROVIDER:postgresql= -> 3:SQL:select=] mutationLineage=[]
SQL: -- TeaQL PLAIN
SELECT id, name, code, external_id AS externalId, task_life_hours AS taskLifeHours, version, platform FROM merchant_data WHERE (version > 0) AND (external_id = 'matched-merchant') LIMIT 1000 OFFSET 0
[TeaQL SQL][query][516us] 1 rows returned outcome=success batchOutcome=not_applicable comment=matched merchant read with relation purpose=matched benchmark read auditReason= tracePath=[0:OPERATION:Merchant=query -> 1:REQUEST:Merchant= -> 2:RELATION:platform=Merchant.platform -> 3:PROVIDER:postgresql= -> 4:SQL:select=] mutationLineage=[]
SQL: -- TeaQL PLAIN
SELECT id, create_time AS createTime, last_update_time AS lastUpdateTime, name, version FROM platform_data WHERE (version > 0) AND (id = 1) LIMIT 1 OFFSET 0
[TeaQL SQL][query][682us] 1 rows returned outcome=success batchOutcome=not_applicable comment=matched update lookup purpose=matched benchmark write auditReason= tracePath=[0:OPERATION:Merchant=query -> 1:REQUEST:Merchant= -> 2:PROVIDER:postgresql= -> 3:SQL:select=] mutationLineage=[]
SQL: -- TeaQL PLAIN
SELECT id, name, code, external_id AS externalId, task_life_hours AS taskLifeHours, platform, version FROM merchant_data WHERE (version > 0) AND (external_id = 'matched-merchant') LIMIT 1000 OFFSET 0
[TeaQL SQL][mutation][511us] 1 rows affected outcome=success batchOutcome=not_applicable comment= purpose= auditReason=matched benchmark update tracePath=[0:OPERATION:Merchant=mutation -> 1:ENTITY:Merchant= -> 2:PROVIDER:postgresql= -> 3:SQL:update=] mutationLineage=[0:AUDIT_REASON:Merchant#1=matched benchmark update]
SQL: -- TeaQL PLAIN
UPDATE merchant_data SET task_life_hours = 49 , version = 334 WHERE id = 1 AND version = 333
[TeaQL SQL][query][450us] 1 rows returned outcome=success batchOutcome=not_applicable comment=matched benchmark update purpose=runtime: read authoritative persisted mutation result auditReason=matched benchmark update tracePath=[0:OPERATION:Merchant=query -> 1:REQUEST:Merchant= -> 2:PROVIDER:postgresql= -> 3:SQL:select=] mutationLineage=[0:AUDIT_REASON:Merchant#1=matched benchmark update]
SQL: -- TeaQL PLAIN
SELECT * FROM merchant_data WHERE id = 1
[TeaQL SQL][query][497us] 1 rows returned outcome=success batchOutcome=not_applicable comment=matched merchant read with relation purpose=matched benchmark read auditReason= tracePath=[0:OPERATION:Merchant=query -> 1:REQUEST:Merchant= -> 2:PROVIDER:postgresql= -> 3:SQL:select=] mutationLineage=[]
SQL: -- TeaQL PLAIN
SELECT id, name, code, external_id AS externalId, task_life_hours AS taskLifeHours, version, platform FROM merchant_data WHERE (version > 0) AND (external_id = 'matched-merchant') LIMIT 1000 OFFSET 0
[TeaQL SQL][query][607us] 1 rows returned outcome=success batchOutcome=not_applicable comment=matched merchant read with relation purpose=matched benchmark read auditReason= tracePath=[0:OPERATION:Merchant=query -> 1:REQUEST:Merchant= -> 2:RELATION:platform=Merchant.platform -> 3:PROVIDER:postgresql= -> 4:SQL:select=] mutationLineage=[]
SQL: -- TeaQL PLAIN
SELECT id, create_time AS createTime, last_update_time AS lastUpdateTime, name, version FROM platform_data WHERE (version > 0) AND (id = 1) LIMIT 1 OFFSET 0
[TeaQL SQL][query][534us] 1 rows returned outcome=success batchOutcome=not_applicable comment=matched update lookup purpose=matched benchmark write auditReason= tracePath=[0:OPERATION:Merchant=query -> 1:REQUEST:Merchant= -> 2:PROVIDER:postgresql= -> 3:SQL:select=] mutationLineage=[]
SQL: -- TeaQL PLAIN
SELECT id, name, code, external_id AS externalId, task_life_hours AS taskLifeHours, platform, version FROM merchant_data WHERE (version > 0) AND (external_id = 'matched-merchant') LIMIT 1000 OFFSET 0
[TeaQL SQL][mutation][369us] 1 rows affected outcome=success batchOutcome=not_applicable comment= purpose= auditReason=matched benchmark update tracePath=[0:OPERATION:Merchant=mutation -> 1:ENTITY:Merchant= -> 2:PROVIDER:postgresql= -> 3:SQL:update=] mutationLineage=[0:AUDIT_REASON:Merchant#1=matched benchmark update]
SQL: -- TeaQL PLAIN
UPDATE merchant_data SET task_life_hours = 48 , version = 335 WHERE id = 1 AND version = 334
[TeaQL SQL][query][305us] 1 rows returned outcome=success batchOutcome=not_applicable comment=matched benchmark update purpose=runtime: read authoritative persisted mutation result auditReason=matched benchmark update tracePath=[0:OPERATION:Merchant=query -> 1:REQUEST:Merchant= -> 2:PROVIDER:postgresql= -> 3:SQL:select=] mutationLineage=[0:AUDIT_REASON:Merchant#1=matched benchmark update]
SQL: -- TeaQL PLAIN
SELECT * FROM merchant_data WHERE id = 1
[TeaQL SQL][query][384us] 1 rows returned outcome=success batchOutcome=not_applicable comment=matched merchant read with relation purpose=matched benchmark read auditReason= tracePath=[0:OPERATION:Merchant=query -> 1:REQUEST:Merchant= -> 2:PROVIDER:postgresql= -> 3:SQL:select=] mutationLineage=[]
SQL: -- TeaQL PLAIN
SELECT id, name, code, external_id AS externalId, task_life_hours AS taskLifeHours, version, platform FROM merchant_data WHERE (version > 0) AND (external_id = 'matched-merchant') LIMIT 1000 OFFSET 0
[TeaQL SQL][query][390us] 1 rows returned outcome=success batchOutcome=not_applicable comment=matched merchant read with relation purpose=matched benchmark read auditReason= tracePath=[0:OPERATION:Merchant=query -> 1:REQUEST:Merchant= -> 2:RELATION:platform=Merchant.platform -> 3:PROVIDER:postgresql= -> 4:SQL:select=] mutationLineage=[]
SQL: -- TeaQL PLAIN
SELECT id, create_time AS createTime, last_update_time AS lastUpdateTime, name, version FROM platform_data WHERE (version > 0) AND (id = 1) LIMIT 1 OFFSET 0
[TeaQL SQL][query][674us] 1 rows returned outcome=success batchOutcome=not_applicable comment=matched update lookup purpose=matched benchmark write auditReason= tracePath=[0:OPERATION:Merchant=query -> 1:REQUEST:Merchant= -> 2:PROVIDER:postgresql= -> 3:SQL:select=] mutationLineage=[]
SQL: -- TeaQL PLAIN
SELECT id, name, code, external_id AS externalId, task_life_hours AS taskLifeHours, platform, version FROM merchant_data WHERE (version > 0) AND (external_id = 'matched-merchant') LIMIT 1000 OFFSET 0
[TeaQL SQL][mutation][612us] 1 rows affected outcome=success batchOutcome=not_applicable comment= purpose= auditReason=matched benchmark update tracePath=[0:OPERATION:Merchant=mutation -> 1:ENTITY:Merchant= -> 2:PROVIDER:postgresql= -> 3:SQL:update=] mutationLineage=[0:AUDIT_REASON:Merchant#1=matched benchmark update]
SQL: -- TeaQL PLAIN
UPDATE merchant_data SET task_life_hours = 49 , version = 336 WHERE id = 1 AND version = 335
[TeaQL SQL][query][349us] 1 rows returned outcome=success batchOutcome=not_applicable comment=matched benchmark update purpose=runtime: read authoritative persisted mutation result auditReason=matched benchmark update tracePath=[0:OPERATION:Merchant=query -> 1:REQUEST:Merchant= -> 2:PROVIDER:postgresql= -> 3:SQL:select=] mutationLineage=[0:AUDIT_REASON:Merchant#1=matched benchmark update]
SQL: -- TeaQL PLAIN
SELECT * FROM merchant_data WHERE id = 1
[TeaQL SQL][query][472us] 1 rows returned outcome=success batchOutcome=not_applicable comment=matched merchant read with relation purpose=matched benchmark read auditReason= tracePath=[0:OPERATION:Merchant=query -> 1:REQUEST:Merchant= -> 2:PROVIDER:postgresql= -> 3:SQL:select=] mutationLineage=[]
SQL: -- TeaQL PLAIN
SELECT id, name, code, external_id AS externalId, task_life_hours AS taskLifeHours, version, platform FROM merchant_data WHERE (version > 0) AND (external_id = 'matched-merchant') LIMIT 1000 OFFSET 0
[TeaQL SQL][query][412us] 1 rows returned outcome=success batchOutcome=not_applicable comment=matched merchant read with relation purpose=matched benchmark read auditReason= tracePath=[0:OPERATION:Merchant=query -> 1:REQUEST:Merchant= -> 2:RELATION:platform=Merchant.platform -> 3:PROVIDER:postgresql= -> 4:SQL:select=] mutationLineage=[]
SQL: -- TeaQL PLAIN
SELECT id, create_time AS createTime, last_update_time AS lastUpdateTime, name, version FROM platform_data WHERE (version > 0) AND (id = 1) LIMIT 1 OFFSET 0
[TeaQL SQL][query][563us] 1 rows returned outcome=success batchOutcome=not_applicable comment=matched update lookup purpose=matched benchmark write auditReason= tracePath=[0:OPERATION:Merchant=query -> 1:REQUEST:Merchant= -> 2:PROVIDER:postgresql= -> 3:SQL:select=] mutationLineage=[]
SQL: -- TeaQL PLAIN
SELECT id, name, code, external_id AS externalId, task_life_hours AS taskLifeHours, platform, version FROM merchant_data WHERE (version > 0) AND (external_id = 'matched-merchant') LIMIT 1000 OFFSET 0
[TeaQL SQL][mutation][416us] 1 rows affected outcome=success batchOutcome=not_applicable comment= purpose= auditReason=matched benchmark update tracePath=[0:OPERATION:Merchant=mutation -> 1:ENTITY:Merchant= -> 2:PROVIDER:postgresql= -> 3:SQL:update=] mutationLineage=[0:AUDIT_REASON:Merchant#1=matched benchmark update]
SQL: -- TeaQL PLAIN
UPDATE merchant_data SET task_life_hours = 48 , version = 337 WHERE id = 1 AND version = 336
[TeaQL SQL][query][332us] 1 rows returned outcome=success batchOutcome=not_applicable comment=matched benchmark update purpose=runtime: read authoritative persisted mutation result auditReason=matched benchmark update tracePath=[0:OPERATION:Merchant=query -> 1:REQUEST:Merchant= -> 2:PROVIDER:postgresql= -> 3:SQL:select=] mutationLineage=[0:AUDIT_REASON:Merchant#1=matched benchmark update]
SQL: -- TeaQL PLAIN
SELECT * FROM merchant_data WHERE id = 1
[TeaQL SQL][query][490us] 1 rows returned outcome=success batchOutcome=not_applicable comment=matched merchant read with relation purpose=matched benchmark read auditReason= tracePath=[0:OPERATION:Merchant=query -> 1:REQUEST:Merchant= -> 2:PROVIDER:postgresql= -> 3:SQL:select=] mutationLineage=[]
SQL: -- TeaQL PLAIN
SELECT id, name, code, external_id AS externalId, task_life_hours AS taskLifeHours, version, platform FROM merchant_data WHERE (version > 0) AND (external_id = 'matched-merchant') LIMIT 1000 OFFSET 0
[TeaQL SQL][query][492us] 1 rows returned outcome=success batchOutcome=not_applicable comment=matched merchant read with relation purpose=matched benchmark read auditReason= tracePath=[0:OPERATION:Merchant=query -> 1:REQUEST:Merchant= -> 2:RELATION:platform=Merchant.platform -> 3:PROVIDER:postgresql= -> 4:SQL:select=] mutationLineage=[]
SQL: -- TeaQL PLAIN
SELECT id, create_time AS createTime, last_update_time AS lastUpdateTime, name, version FROM platform_data WHERE (version > 0) AND (id = 1) LIMIT 1 OFFSET 0
[TeaQL SQL][query][507us] 1 rows returned outcome=success batchOutcome=not_applicable comment=matched update lookup purpose=matched benchmark write auditReason= tracePath=[0:OPERATION:Merchant=query -> 1:REQUEST:Merchant= -> 2:PROVIDER:postgresql= -> 3:SQL:select=] mutationLineage=[]
SQL: -- TeaQL PLAIN
SELECT id, name, code, external_id AS externalId, task_life_hours AS taskLifeHours, platform, version FROM merchant_data WHERE (version > 0) AND (external_id = 'matched-merchant') LIMIT 1000 OFFSET 0
[TeaQL SQL][mutation][347us] 1 rows affected outcome=success batchOutcome=not_applicable comment= purpose= auditReason=matched benchmark update tracePath=[0:OPERATION:Merchant=mutation -> 1:ENTITY:Merchant= -> 2:PROVIDER:postgresql= -> 3:SQL:update=] mutationLineage=[0:AUDIT_REASON:Merchant#1=matched benchmark update]
SQL: -- TeaQL PLAIN
UPDATE merchant_data SET task_life_hours = 49 , version = 338 WHERE id = 1 AND version = 337
[TeaQL SQL][query][347us] 1 rows returned outcome=success batchOutcome=not_applicable comment=matched benchmark update purpose=runtime: read authoritative persisted mutation result auditReason=matched benchmark update tracePath=[0:OPERATION:Merchant=query -> 1:REQUEST:Merchant= -> 2:PROVIDER:postgresql= -> 3:SQL:select=] mutationLineage=[0:AUDIT_REASON:Merchant#1=matched benchmark update]
SQL: -- TeaQL PLAIN
SELECT * FROM merchant_data WHERE id = 1
[TeaQL SQL][query][461us] 1 rows returned outcome=success batchOutcome=not_applicable comment=matched merchant read with relation purpose=matched benchmark read auditReason= tracePath=[0:OPERATION:Merchant=query -> 1:REQUEST:Merchant= -> 2:PROVIDER:postgresql= -> 3:SQL:select=] mutationLineage=[]
SQL: -- TeaQL PLAIN
SELECT id, name, code, external_id AS externalId, task_life_hours AS taskLifeHours, version, platform FROM merchant_data WHERE (version > 0) AND (external_id = 'matched-merchant') LIMIT 1000 OFFSET 0
[TeaQL SQL][query][441us] 1 rows returned outcome=success batchOutcome=not_applicable comment=matched merchant read with relation purpose=matched benchmark read auditReason= tracePath=[0:OPERATION:Merchant=query -> 1:REQUEST:Merchant= -> 2:RELATION:platform=Merchant.platform -> 3:PROVIDER:postgresql= -> 4:SQL:select=] mutationLineage=[]
SQL: -- TeaQL PLAIN
SELECT id, create_time AS createTime, last_update_time AS lastUpdateTime, name, version FROM platform_data WHERE (version > 0) AND (id = 1) LIMIT 1 OFFSET 0
[TeaQL SQL][query][490us] 1 rows returned outcome=success batchOutcome=not_applicable comment=matched update lookup purpose=matched benchmark write auditReason= tracePath=[0:OPERATION:Merchant=query -> 1:REQUEST:Merchant= -> 2:PROVIDER:postgresql= -> 3:SQL:select=] mutationLineage=[]
SQL: -- TeaQL PLAIN
SELECT id, name, code, external_id AS externalId, task_life_hours AS taskLifeHours, platform, version FROM merchant_data WHERE (version > 0) AND (external_id = 'matched-merchant') LIMIT 1000 OFFSET 0
[TeaQL SQL][mutation][405us] 1 rows affected outcome=success batchOutcome=not_applicable comment= purpose= auditReason=matched benchmark update tracePath=[0:OPERATION:Merchant=mutation -> 1:ENTITY:Merchant= -> 2:PROVIDER:postgresql= -> 3:SQL:update=] mutationLineage=[0:AUDIT_REASON:Merchant#1=matched benchmark update]
SQL: -- TeaQL PLAIN
UPDATE merchant_data SET task_life_hours = 48 , version = 339 WHERE id = 1 AND version = 338
[TeaQL SQL][query][291us] 1 rows returned outcome=success batchOutcome=not_applicable comment=matched benchmark update purpose=runtime: read authoritative persisted mutation result auditReason=matched benchmark update tracePath=[0:OPERATION:Merchant=query -> 1:REQUEST:Merchant= -> 2:PROVIDER:postgresql= -> 3:SQL:select=] mutationLineage=[0:AUDIT_REASON:Merchant#1=matched benchmark update]
SQL: -- TeaQL PLAIN
SELECT * FROM merchant_data WHERE id = 1
[TeaQL SQL][query][475us] 1 rows returned outcome=success batchOutcome=not_applicable comment=matched merchant read with relation purpose=matched benchmark read auditReason= tracePath=[0:OPERATION:Merchant=query -> 1:REQUEST:Merchant= -> 2:PROVIDER:postgresql= -> 3:SQL:select=] mutationLineage=[]
SQL: -- TeaQL PLAIN
SELECT id, name, code, external_id AS externalId, task_life_hours AS taskLifeHours, version, platform FROM merchant_data WHERE (version > 0) AND (external_id = 'matched-merchant') LIMIT 1000 OFFSET 0
[TeaQL SQL][query][534us] 1 rows returned outcome=success batchOutcome=not_applicable comment=matched merchant read with relation purpose=matched benchmark read auditReason= tracePath=[0:OPERATION:Merchant=query -> 1:REQUEST:Merchant= -> 2:RELATION:platform=Merchant.platform -> 3:PROVIDER:postgresql= -> 4:SQL:select=] mutationLineage=[]
SQL: -- TeaQL PLAIN
SELECT id, create_time AS createTime, last_update_time AS lastUpdateTime, name, version FROM platform_data WHERE (version > 0) AND (id = 1) LIMIT 1 OFFSET 0
[TeaQL SQL][query][525us] 1 rows returned outcome=success batchOutcome=not_applicable comment=matched update lookup purpose=matched benchmark write auditReason= tracePath=[0:OPERATION:Merchant=query -> 1:REQUEST:Merchant= -> 2:PROVIDER:postgresql= -> 3:SQL:select=] mutationLineage=[]
SQL: -- TeaQL PLAIN
SELECT id, name, code, external_id AS externalId, task_life_hours AS taskLifeHours, platform, version FROM merchant_data WHERE (version > 0) AND (external_id = 'matched-merchant') LIMIT 1000 OFFSET 0
[TeaQL SQL][mutation][362us] 1 rows affected outcome=success batchOutcome=not_applicable comment= purpose= auditReason=matched benchmark update tracePath=[0:OPERATION:Merchant=mutation -> 1:ENTITY:Merchant= -> 2:PROVIDER:postgresql= -> 3:SQL:update=] mutationLineage=[0:AUDIT_REASON:Merchant#1=matched benchmark update]
SQL: -- TeaQL PLAIN
UPDATE merchant_data SET task_life_hours = 49 , version = 340 WHERE id = 1 AND version = 339
[TeaQL SQL][query][300us] 1 rows returned outcome=success batchOutcome=not_applicable comment=matched benchmark update purpose=runtime: read authoritative persisted mutation result auditReason=matched benchmark update tracePath=[0:OPERATION:Merchant=query -> 1:REQUEST:Merchant= -> 2:PROVIDER:postgresql= -> 3:SQL:select=] mutationLineage=[0:AUDIT_REASON:Merchant#1=matched benchmark update]
SQL: -- TeaQL PLAIN
SELECT * FROM merchant_data WHERE id = 1
[TeaQL SQL][query][718us] 1 rows returned outcome=success batchOutcome=not_applicable comment=matched merchant read with relation purpose=matched benchmark read auditReason= tracePath=[0:OPERATION:Merchant=query -> 1:REQUEST:Merchant= -> 2:PROVIDER:postgresql= -> 3:SQL:select=] mutationLineage=[]
SQL: -- TeaQL PLAIN
SELECT id, name, code, external_id AS externalId, task_life_hours AS taskLifeHours, version, platform FROM merchant_data WHERE (version > 0) AND (external_id = 'matched-merchant') LIMIT 1000 OFFSET 0
[TeaQL SQL][query][411us] 1 rows returned outcome=success batchOutcome=not_applicable comment=matched merchant read with relation purpose=matched benchmark read auditReason= tracePath=[0:OPERATION:Merchant=query -> 1:REQUEST:Merchant= -> 2:RELATION:platform=Merchant.platform -> 3:PROVIDER:postgresql= -> 4:SQL:select=] mutationLineage=[]
SQL: -- TeaQL PLAIN
SELECT id, create_time AS createTime, last_update_time AS lastUpdateTime, name, version FROM platform_data WHERE (version > 0) AND (id = 1) LIMIT 1 OFFSET 0
[TeaQL SQL][query][609us] 1 rows returned outcome=success batchOutcome=not_applicable comment=matched update lookup purpose=matched benchmark write auditReason= tracePath=[0:OPERATION:Merchant=query -> 1:REQUEST:Merchant= -> 2:PROVIDER:postgresql= -> 3:SQL:select=] mutationLineage=[]
SQL: -- TeaQL PLAIN
SELECT id, name, code, external_id AS externalId, task_life_hours AS taskLifeHours, platform, version FROM merchant_data WHERE (version > 0) AND (external_id = 'matched-merchant') LIMIT 1000 OFFSET 0
[TeaQL SQL][mutation][394us] 1 rows affected outcome=success batchOutcome=not_applicable comment= purpose= auditReason=matched benchmark update tracePath=[0:OPERATION:Merchant=mutation -> 1:ENTITY:Merchant= -> 2:PROVIDER:postgresql= -> 3:SQL:update=] mutationLineage=[0:AUDIT_REASON:Merchant#1=matched benchmark update]
SQL: -- TeaQL PLAIN
UPDATE merchant_data SET task_life_hours = 48 , version = 341 WHERE id = 1 AND version = 340
[TeaQL SQL][query][286us] 1 rows returned outcome=success batchOutcome=not_applicable comment=matched benchmark update purpose=runtime: read authoritative persisted mutation result auditReason=matched benchmark update tracePath=[0:OPERATION:Merchant=query -> 1:REQUEST:Merchant= -> 2:PROVIDER:postgresql= -> 3:SQL:select=] mutationLineage=[0:AUDIT_REASON:Merchant#1=matched benchmark update]
SQL: -- TeaQL PLAIN
SELECT * FROM merchant_data WHERE id = 1
[TeaQL SQL][query][578us] 1 rows returned outcome=success batchOutcome=not_applicable comment=matched merchant read with relation purpose=matched benchmark read auditReason= tracePath=[0:OPERATION:Merchant=query -> 1:REQUEST:Merchant= -> 2:PROVIDER:postgresql= -> 3:SQL:select=] mutationLineage=[]
SQL: -- TeaQL PLAIN
SELECT id, name, code, external_id AS externalId, task_life_hours AS taskLifeHours, version, platform FROM merchant_data WHERE (version > 0) AND (external_id = 'matched-merchant') LIMIT 1000 OFFSET 0
[TeaQL SQL][query][404us] 1 rows returned outcome=success batchOutcome=not_applicable comment=matched merchant read with relation purpose=matched benchmark read auditReason= tracePath=[0:OPERATION:Merchant=query -> 1:REQUEST:Merchant= -> 2:RELATION:platform=Merchant.platform -> 3:PROVIDER:postgresql= -> 4:SQL:select=] mutationLineage=[]
SQL: -- TeaQL PLAIN
SELECT id, create_time AS createTime, last_update_time AS lastUpdateTime, name, version FROM platform_data WHERE (version > 0) AND (id = 1) LIMIT 1 OFFSET 0
[TeaQL SQL][query][423us] 1 rows returned outcome=success batchOutcome=not_applicable comment=matched update lookup purpose=matched benchmark write auditReason= tracePath=[0:OPERATION:Merchant=query -> 1:REQUEST:Merchant= -> 2:PROVIDER:postgresql= -> 3:SQL:select=] mutationLineage=[]
SQL: -- TeaQL PLAIN
SELECT id, name, code, external_id AS externalId, task_life_hours AS taskLifeHours, platform, version FROM merchant_data WHERE (version > 0) AND (external_id = 'matched-merchant') LIMIT 1000 OFFSET 0
[TeaQL SQL][mutation][322us] 1 rows affected outcome=success batchOutcome=not_applicable comment= purpose= auditReason=matched benchmark update tracePath=[0:OPERATION:Merchant=mutation -> 1:ENTITY:Merchant= -> 2:PROVIDER:postgresql= -> 3:SQL:update=] mutationLineage=[0:AUDIT_REASON:Merchant#1=matched benchmark update]
SQL: -- TeaQL PLAIN
UPDATE merchant_data SET task_life_hours = 49 , version = 342 WHERE id = 1 AND version = 341
[TeaQL SQL][query][206us] 1 rows returned outcome=success batchOutcome=not_applicable comment=matched benchmark update purpose=runtime: read authoritative persisted mutation result auditReason=matched benchmark update tracePath=[0:OPERATION:Merchant=query -> 1:REQUEST:Merchant= -> 2:PROVIDER:postgresql= -> 3:SQL:select=] mutationLineage=[0:AUDIT_REASON:Merchant#1=matched benchmark update]
SQL: -- TeaQL PLAIN
SELECT * FROM merchant_data WHERE id = 1
[TeaQL SQL][query][412us] 1 rows returned outcome=success batchOutcome=not_applicable comment=matched merchant read with relation purpose=matched benchmark read auditReason= tracePath=[0:OPERATION:Merchant=query -> 1:REQUEST:Merchant= -> 2:PROVIDER:postgresql= -> 3:SQL:select=] mutationLineage=[]
SQL: -- TeaQL PLAIN
SELECT id, name, code, external_id AS externalId, task_life_hours AS taskLifeHours, version, platform FROM merchant_data WHERE (version > 0) AND (external_id = 'matched-merchant') LIMIT 1000 OFFSET 0
[TeaQL SQL][query][532us] 1 rows returned outcome=success batchOutcome=not_applicable comment=matched merchant read with relation purpose=matched benchmark read auditReason= tracePath=[0:OPERATION:Merchant=query -> 1:REQUEST:Merchant= -> 2:RELATION:platform=Merchant.platform -> 3:PROVIDER:postgresql= -> 4:SQL:select=] mutationLineage=[]
SQL: -- TeaQL PLAIN
SELECT id, create_time AS createTime, last_update_time AS lastUpdateTime, name, version FROM platform_data WHERE (version > 0) AND (id = 1) LIMIT 1 OFFSET 0
[TeaQL SQL][query][700us] 1 rows returned outcome=success batchOutcome=not_applicable comment=matched update lookup purpose=matched benchmark write auditReason= tracePath=[0:OPERATION:Merchant=query -> 1:REQUEST:Merchant= -> 2:PROVIDER:postgresql= -> 3:SQL:select=] mutationLineage=[]
SQL: -- TeaQL PLAIN
SELECT id, name, code, external_id AS externalId, task_life_hours AS taskLifeHours, platform, version FROM merchant_data WHERE (version > 0) AND (external_id = 'matched-merchant') LIMIT 1000 OFFSET 0
[TeaQL SQL][mutation][400us] 1 rows affected outcome=success batchOutcome=not_applicable comment= purpose= auditReason=matched benchmark update tracePath=[0:OPERATION:Merchant=mutation -> 1:ENTITY:Merchant= -> 2:PROVIDER:postgresql= -> 3:SQL:update=] mutationLineage=[0:AUDIT_REASON:Merchant#1=matched benchmark update]
SQL: -- TeaQL PLAIN
UPDATE merchant_data SET task_life_hours = 48 , version = 343 WHERE id = 1 AND version = 342
[TeaQL SQL][query][293us] 1 rows returned outcome=success batchOutcome=not_applicable comment=matched benchmark update purpose=runtime: read authoritative persisted mutation result auditReason=matched benchmark update tracePath=[0:OPERATION:Merchant=query -> 1:REQUEST:Merchant= -> 2:PROVIDER:postgresql= -> 3:SQL:select=] mutationLineage=[0:AUDIT_REASON:Merchant#1=matched benchmark update]
SQL: -- TeaQL PLAIN
SELECT * FROM merchant_data WHERE id = 1
[TeaQL SQL][query][429us] 1 rows returned outcome=success batchOutcome=not_applicable comment=matched merchant read with relation purpose=matched benchmark read auditReason= tracePath=[0:OPERATION:Merchant=query -> 1:REQUEST:Merchant= -> 2:PROVIDER:postgresql= -> 3:SQL:select=] mutationLineage=[]
SQL: -- TeaQL PLAIN
SELECT id, name, code, external_id AS externalId, task_life_hours AS taskLifeHours, version, platform FROM merchant_data WHERE (version > 0) AND (external_id = 'matched-merchant') LIMIT 1000 OFFSET 0
[TeaQL SQL][query][432us] 1 rows returned outcome=success batchOutcome=not_applicable comment=matched merchant read with relation purpose=matched benchmark read auditReason= tracePath=[0:OPERATION:Merchant=query -> 1:REQUEST:Merchant= -> 2:RELATION:platform=Merchant.platform -> 3:PROVIDER:postgresql= -> 4:SQL:select=] mutationLineage=[]
SQL: -- TeaQL PLAIN
SELECT id, create_time AS createTime, last_update_time AS lastUpdateTime, name, version FROM platform_data WHERE (version > 0) AND (id = 1) LIMIT 1 OFFSET 0
[TeaQL SQL][query][517us] 1 rows returned outcome=success batchOutcome=not_applicable comment=matched update lookup purpose=matched benchmark write auditReason= tracePath=[0:OPERATION:Merchant=query -> 1:REQUEST:Merchant= -> 2:PROVIDER:postgresql= -> 3:SQL:select=] mutationLineage=[]
SQL: -- TeaQL PLAIN
SELECT id, name, code, external_id AS externalId, task_life_hours AS taskLifeHours, platform, version FROM merchant_data WHERE (version > 0) AND (external_id = 'matched-merchant') LIMIT 1000 OFFSET 0
[TeaQL SQL][mutation][423us] 1 rows affected outcome=success batchOutcome=not_applicable comment= purpose= auditReason=matched benchmark update tracePath=[0:OPERATION:Merchant=mutation -> 1:ENTITY:Merchant= -> 2:PROVIDER:postgresql= -> 3:SQL:update=] mutationLineage=[0:AUDIT_REASON:Merchant#1=matched benchmark update]
SQL: -- TeaQL PLAIN
UPDATE merchant_data SET task_life_hours = 49 , version = 344 WHERE id = 1 AND version = 343
[TeaQL SQL][query][320us] 1 rows returned outcome=success batchOutcome=not_applicable comment=matched benchmark update purpose=runtime: read authoritative persisted mutation result auditReason=matched benchmark update tracePath=[0:OPERATION:Merchant=query -> 1:REQUEST:Merchant= -> 2:PROVIDER:postgresql= -> 3:SQL:select=] mutationLineage=[0:AUDIT_REASON:Merchant#1=matched benchmark update]
SQL: -- TeaQL PLAIN
SELECT * FROM merchant_data WHERE id = 1
[TeaQL SQL][query][544us] 1 rows returned outcome=success batchOutcome=not_applicable comment=matched merchant read with relation purpose=matched benchmark read auditReason= tracePath=[0:OPERATION:Merchant=query -> 1:REQUEST:Merchant= -> 2:PROVIDER:postgresql= -> 3:SQL:select=] mutationLineage=[]
SQL: -- TeaQL PLAIN
SELECT id, name, code, external_id AS externalId, task_life_hours AS taskLifeHours, version, platform FROM merchant_data WHERE (version > 0) AND (external_id = 'matched-merchant') LIMIT 1000 OFFSET 0
[TeaQL SQL][query][528us] 1 rows returned outcome=success batchOutcome=not_applicable comment=matched merchant read with relation purpose=matched benchmark read auditReason= tracePath=[0:OPERATION:Merchant=query -> 1:REQUEST:Merchant= -> 2:RELATION:platform=Merchant.platform -> 3:PROVIDER:postgresql= -> 4:SQL:select=] mutationLineage=[]
SQL: -- TeaQL PLAIN
SELECT id, create_time AS createTime, last_update_time AS lastUpdateTime, name, version FROM platform_data WHERE (version > 0) AND (id = 1) LIMIT 1 OFFSET 0
[TeaQL SQL][query][589us] 1 rows returned outcome=success batchOutcome=not_applicable comment=matched update lookup purpose=matched benchmark write auditReason= tracePath=[0:OPERATION:Merchant=query -> 1:REQUEST:Merchant= -> 2:PROVIDER:postgresql= -> 3:SQL:select=] mutationLineage=[]
SQL: -- TeaQL PLAIN
SELECT id, name, code, external_id AS externalId, task_life_hours AS taskLifeHours, platform, version FROM merchant_data WHERE (version > 0) AND (external_id = 'matched-merchant') LIMIT 1000 OFFSET 0
[TeaQL SQL][mutation][453us] 1 rows affected outcome=success batchOutcome=not_applicable comment= purpose= auditReason=matched benchmark update tracePath=[0:OPERATION:Merchant=mutation -> 1:ENTITY:Merchant= -> 2:PROVIDER:postgresql= -> 3:SQL:update=] mutationLineage=[0:AUDIT_REASON:Merchant#1=matched benchmark update]
SQL: -- TeaQL PLAIN
UPDATE merchant_data SET task_life_hours = 48 , version = 345 WHERE id = 1 AND version = 344
[TeaQL SQL][query][387us] 1 rows returned outcome=success batchOutcome=not_applicable comment=matched benchmark update purpose=runtime: read authoritative persisted mutation result auditReason=matched benchmark update tracePath=[0:OPERATION:Merchant=query -> 1:REQUEST:Merchant= -> 2:PROVIDER:postgresql= -> 3:SQL:select=] mutationLineage=[0:AUDIT_REASON:Merchant#1=matched benchmark update]
SQL: -- TeaQL PLAIN
SELECT * FROM merchant_data WHERE id = 1
[TeaQL SQL][query][573us] 1 rows returned outcome=success batchOutcome=not_applicable comment=matched merchant read with relation purpose=matched benchmark read auditReason= tracePath=[0:OPERATION:Merchant=query -> 1:REQUEST:Merchant= -> 2:PROVIDER:postgresql= -> 3:SQL:select=] mutationLineage=[]
SQL: -- TeaQL PLAIN
SELECT id, name, code, external_id AS externalId, task_life_hours AS taskLifeHours, version, platform FROM merchant_data WHERE (version > 0) AND (external_id = 'matched-merchant') LIMIT 1000 OFFSET 0
[TeaQL SQL][query][543us] 1 rows returned outcome=success batchOutcome=not_applicable comment=matched merchant read with relation purpose=matched benchmark read auditReason= tracePath=[0:OPERATION:Merchant=query -> 1:REQUEST:Merchant= -> 2:RELATION:platform=Merchant.platform -> 3:PROVIDER:postgresql= -> 4:SQL:select=] mutationLineage=[]
SQL: -- TeaQL PLAIN
SELECT id, create_time AS createTime, last_update_time AS lastUpdateTime, name, version FROM platform_data WHERE (version > 0) AND (id = 1) LIMIT 1 OFFSET 0
[TeaQL SQL][query][608us] 1 rows returned outcome=success batchOutcome=not_applicable comment=matched update lookup purpose=matched benchmark write auditReason= tracePath=[0:OPERATION:Merchant=query -> 1:REQUEST:Merchant= -> 2:PROVIDER:postgresql= -> 3:SQL:select=] mutationLineage=[]
SQL: -- TeaQL PLAIN
SELECT id, name, code, external_id AS externalId, task_life_hours AS taskLifeHours, platform, version FROM merchant_data WHERE (version > 0) AND (external_id = 'matched-merchant') LIMIT 1000 OFFSET 0
[TeaQL SQL][mutation][463us] 1 rows affected outcome=success batchOutcome=not_applicable comment= purpose= auditReason=matched benchmark update tracePath=[0:OPERATION:Merchant=mutation -> 1:ENTITY:Merchant= -> 2:PROVIDER:postgresql= -> 3:SQL:update=] mutationLineage=[0:AUDIT_REASON:Merchant#1=matched benchmark update]
SQL: -- TeaQL PLAIN
UPDATE merchant_data SET task_life_hours = 49 , version = 346 WHERE id = 1 AND version = 345
[TeaQL SQL][query][375us] 1 rows returned outcome=success batchOutcome=not_applicable comment=matched benchmark update purpose=runtime: read authoritative persisted mutation result auditReason=matched benchmark update tracePath=[0:OPERATION:Merchant=query -> 1:REQUEST:Merchant= -> 2:PROVIDER:postgresql= -> 3:SQL:select=] mutationLineage=[0:AUDIT_REASON:Merchant#1=matched benchmark update]
SQL: -- TeaQL PLAIN
SELECT * FROM merchant_data WHERE id = 1
[TeaQL SQL][query][498us] 1 rows returned outcome=success batchOutcome=not_applicable comment=matched merchant read with relation purpose=matched benchmark read auditReason= tracePath=[0:OPERATION:Merchant=query -> 1:REQUEST:Merchant= -> 2:PROVIDER:postgresql= -> 3:SQL:select=] mutationLineage=[]
SQL: -- TeaQL PLAIN
SELECT id, name, code, external_id AS externalId, task_life_hours AS taskLifeHours, version, platform FROM merchant_data WHERE (version > 0) AND (external_id = 'matched-merchant') LIMIT 1000 OFFSET 0
[TeaQL SQL][query][453us] 1 rows returned outcome=success batchOutcome=not_applicable comment=matched merchant read with relation purpose=matched benchmark read auditReason= tracePath=[0:OPERATION:Merchant=query -> 1:REQUEST:Merchant= -> 2:RELATION:platform=Merchant.platform -> 3:PROVIDER:postgresql= -> 4:SQL:select=] mutationLineage=[]
SQL: -- TeaQL PLAIN
SELECT id, create_time AS createTime, last_update_time AS lastUpdateTime, name, version FROM platform_data WHERE (version > 0) AND (id = 1) LIMIT 1 OFFSET 0
[TeaQL SQL][query][522us] 1 rows returned outcome=success batchOutcome=not_applicable comment=matched update lookup purpose=matched benchmark write auditReason= tracePath=[0:OPERATION:Merchant=query -> 1:REQUEST:Merchant= -> 2:PROVIDER:postgresql= -> 3:SQL:select=] mutationLineage=[]
SQL: -- TeaQL PLAIN
SELECT id, name, code, external_id AS externalId, task_life_hours AS taskLifeHours, platform, version FROM merchant_data WHERE (version > 0) AND (external_id = 'matched-merchant') LIMIT 1000 OFFSET 0
[TeaQL SQL][mutation][484us] 1 rows affected outcome=success batchOutcome=not_applicable comment= purpose= auditReason=matched benchmark update tracePath=[0:OPERATION:Merchant=mutation -> 1:ENTITY:Merchant= -> 2:PROVIDER:postgresql= -> 3:SQL:update=] mutationLineage=[0:AUDIT_REASON:Merchant#1=matched benchmark update]
SQL: -- TeaQL PLAIN
UPDATE merchant_data SET task_life_hours = 48 , version = 347 WHERE id = 1 AND version = 346
[TeaQL SQL][query][400us] 1 rows returned outcome=success batchOutcome=not_applicable comment=matched benchmark update purpose=runtime: read authoritative persisted mutation result auditReason=matched benchmark update tracePath=[0:OPERATION:Merchant=query -> 1:REQUEST:Merchant= -> 2:PROVIDER:postgresql= -> 3:SQL:select=] mutationLineage=[0:AUDIT_REASON:Merchant#1=matched benchmark update]
SQL: -- TeaQL PLAIN
SELECT * FROM merchant_data WHERE id = 1
[TeaQL SQL][query][494us] 1 rows returned outcome=success batchOutcome=not_applicable comment=matched merchant read with relation purpose=matched benchmark read auditReason= tracePath=[0:OPERATION:Merchant=query -> 1:REQUEST:Merchant= -> 2:PROVIDER:postgresql= -> 3:SQL:select=] mutationLineage=[]
SQL: -- TeaQL PLAIN
SELECT id, name, code, external_id AS externalId, task_life_hours AS taskLifeHours, version, platform FROM merchant_data WHERE (version > 0) AND (external_id = 'matched-merchant') LIMIT 1000 OFFSET 0
[TeaQL SQL][query][504us] 1 rows returned outcome=success batchOutcome=not_applicable comment=matched merchant read with relation purpose=matched benchmark read auditReason= tracePath=[0:OPERATION:Merchant=query -> 1:REQUEST:Merchant= -> 2:RELATION:platform=Merchant.platform -> 3:PROVIDER:postgresql= -> 4:SQL:select=] mutationLineage=[]
SQL: -- TeaQL PLAIN
SELECT id, create_time AS createTime, last_update_time AS lastUpdateTime, name, version FROM platform_data WHERE (version > 0) AND (id = 1) LIMIT 1 OFFSET 0
[TeaQL SQL][query][517us] 1 rows returned outcome=success batchOutcome=not_applicable comment=matched merchant read with relation purpose=matched benchmark read auditReason= tracePath=[0:OPERATION:Merchant=query -> 1:REQUEST:Merchant= -> 2:PROVIDER:postgresql= -> 3:SQL:select=] mutationLineage=[]
SQL: -- TeaQL PLAIN
SELECT id, name, code, external_id AS externalId, task_life_hours AS taskLifeHours, version, platform FROM merchant_data WHERE (version > 0) AND (external_id = 'matched-merchant') LIMIT 1000 OFFSET 0
[TeaQL SQL][query][397us] 1 rows returned outcome=success batchOutcome=not_applicable comment=matched merchant read with relation purpose=matched benchmark read auditReason= tracePath=[0:OPERATION:Merchant=query -> 1:REQUEST:Merchant= -> 2:RELATION:platform=Merchant.platform -> 3:PROVIDER:postgresql= -> 4:SQL:select=] mutationLineage=[]
SQL: -- TeaQL PLAIN
SELECT id, create_time AS createTime, last_update_time AS lastUpdateTime, name, version FROM platform_data WHERE (version > 0) AND (id = 1) LIMIT 1 OFFSET 0
[TeaQL SQL][query][2527us] 1 rows returned outcome=success batchOutcome=not_applicable comment=matched merchant read with relation purpose=matched benchmark read auditReason= tracePath=[0:OPERATION:Merchant=query -> 1:REQUEST:Merchant= -> 2:PROVIDER:postgresql= -> 3:SQL:select=] mutationLineage=[]
SQL: -- TeaQL PLAIN
SELECT id, name, code, external_id AS externalId, task_life_hours AS taskLifeHours, version, platform FROM merchant_data WHERE (version > 0) AND (external_id = 'matched-merchant') LIMIT 1000 OFFSET 0
[TeaQL SQL][query][2712us] 1 rows returned outcome=success batchOutcome=not_applicable comment=matched merchant read with relation purpose=matched benchmark read auditReason= tracePath=[0:OPERATION:Merchant=query -> 1:REQUEST:Merchant= -> 2:PROVIDER:postgresql= -> 3:SQL:select=] mutationLineage=[]
SQL: -- TeaQL PLAIN
SELECT id, name, code, external_id AS externalId, task_life_hours AS taskLifeHours, version, platform FROM merchant_data WHERE (version > 0) AND (external_id = 'matched-merchant') LIMIT 1000 OFFSET 0
[TeaQL SQL][query][2782us] 1 rows returned outcome=success batchOutcome=not_applicable comment=matched merchant read with relation purpose=matched benchmark read auditReason= tracePath=[0:OPERATION:Merchant=query -> 1:REQUEST:Merchant= -> 2:PROVIDER:postgresql= -> 3:SQL:select=] mutationLineage=[]
SQL: -- TeaQL PLAIN
SELECT id, name, code, external_id AS externalId, task_life_hours AS taskLifeHours, version, platform FROM merchant_data WHERE (version > 0) AND (external_id = 'matched-merchant') LIMIT 1000 OFFSET 0
[TeaQL SQL][query][845us] 1 rows returned outcome=success batchOutcome=not_applicable comment=matched merchant read with relation purpose=matched benchmark read auditReason= tracePath=[0:OPERATION:Merchant=query -> 1:REQUEST:Merchant= -> 2:RELATION:platform=Merchant.platform -> 3:PROVIDER:postgresql= -> 4:SQL:select=] mutationLineage=[]
SQL: -- TeaQL PLAIN
SELECT id, create_time AS createTime, last_update_time AS lastUpdateTime, name, version FROM platform_data WHERE (version > 0) AND (id = 1) LIMIT 1 OFFSET 0
[TeaQL SQL][query][1035us] 1 rows returned outcome=success batchOutcome=not_applicable comment=matched merchant read with relation purpose=matched benchmark read auditReason= tracePath=[0:OPERATION:Merchant=query -> 1:REQUEST:Merchant= -> 2:RELATION:platform=Merchant.platform -> 3:PROVIDER:postgresql= -> 4:SQL:select=] mutationLineage=[]
SQL: -- TeaQL PLAIN
SELECT id, create_time AS createTime, last_update_time AS lastUpdateTime, name, version FROM platform_data WHERE (version > 0) AND (id = 1) LIMIT 1 OFFSET 0
[TeaQL SQL][query][1081us] 1 rows returned outcome=success batchOutcome=not_applicable comment=matched merchant read with relation purpose=matched benchmark read auditReason= tracePath=[0:OPERATION:Merchant=query -> 1:REQUEST:Merchant= -> 2:RELATION:platform=Merchant.platform -> 3:PROVIDER:postgresql= -> 4:SQL:select=] mutationLineage=[]
SQL: -- TeaQL PLAIN
SELECT id, create_time AS createTime, last_update_time AS lastUpdateTime, name, version FROM platform_data WHERE (version > 0) AND (id = 1) LIMIT 1 OFFSET 0
[TeaQL SQL][query][657us] 1 rows returned outcome=success batchOutcome=not_applicable comment=matched merchant read with relation purpose=matched benchmark read auditReason= tracePath=[0:OPERATION:Merchant=query -> 1:REQUEST:Merchant= -> 2:PROVIDER:postgresql= -> 3:SQL:select=] mutationLineage=[]
SQL: -- TeaQL PLAIN
SELECT id, name, code, external_id AS externalId, task_life_hours AS taskLifeHours, version, platform FROM merchant_data WHERE (version > 0) AND (external_id = 'matched-merchant') LIMIT 1000 OFFSET 0
[TeaQL SQL][query][445us] 1 rows returned outcome=success batchOutcome=not_applicable comment=matched merchant read with relation purpose=matched benchmark read auditReason= tracePath=[0:OPERATION:Merchant=query -> 1:REQUEST:Merchant= -> 2:RELATION:platform=Merchant.platform -> 3:PROVIDER:postgresql= -> 4:SQL:select=] mutationLineage=[]
SQL: -- TeaQL PLAIN
SELECT id, create_time AS createTime, last_update_time AS lastUpdateTime, name, version FROM platform_data WHERE (version > 0) AND (id = 1) LIMIT 1 OFFSET 0
[TeaQL SQL][query][739us] 1 rows returned outcome=success batchOutcome=not_applicable comment=matched merchant read with relation purpose=matched benchmark read auditReason= tracePath=[0:OPERATION:Merchant=query -> 1:REQUEST:Merchant= -> 2:PROVIDER:postgresql= -> 3:SQL:select=] mutationLineage=[]
SQL: -- TeaQL PLAIN
SELECT id, name, code, external_id AS externalId, task_life_hours AS taskLifeHours, version, platform FROM merchant_data WHERE (version > 0) AND (external_id = 'matched-merchant') LIMIT 1000 OFFSET 0
[TeaQL SQL][query][528us] 1 rows returned outcome=success batchOutcome=not_applicable comment=matched merchant read with relation purpose=matched benchmark read auditReason= tracePath=[0:OPERATION:Merchant=query -> 1:REQUEST:Merchant= -> 2:PROVIDER:postgresql= -> 3:SQL:select=] mutationLineage=[]
SQL: -- TeaQL PLAIN
SELECT id, name, code, external_id AS externalId, task_life_hours AS taskLifeHours, version, platform FROM merchant_data WHERE (version > 0) AND (external_id = 'matched-merchant') LIMIT 1000 OFFSET 0
[TeaQL SQL][query][692us] 1 rows returned outcome=success batchOutcome=not_applicable comment=matched merchant read with relation purpose=matched benchmark read auditReason= tracePath=[0:OPERATION:Merchant=query -> 1:REQUEST:Merchant= -> 2:RELATION:platform=Merchant.platform -> 3:PROVIDER:postgresql= -> 4:SQL:select=] mutationLineage=[]
SQL: -- TeaQL PLAIN
SELECT id, create_time AS createTime, last_update_time AS lastUpdateTime, name, version FROM platform_data WHERE (version > 0) AND (id = 1) LIMIT 1 OFFSET 0
[TeaQL SQL][query][537us] 1 rows returned outcome=success batchOutcome=not_applicable comment=matched merchant read with relation purpose=matched benchmark read auditReason= tracePath=[0:OPERATION:Merchant=query -> 1:REQUEST:Merchant= -> 2:PROVIDER:postgresql= -> 3:SQL:select=] mutationLineage=[]
SQL: -- TeaQL PLAIN
SELECT id, name, code, external_id AS externalId, task_life_hours AS taskLifeHours, version, platform FROM merchant_data WHERE (version > 0) AND (external_id = 'matched-merchant') LIMIT 1000 OFFSET 0
[TeaQL SQL][query][474us] 1 rows returned outcome=success batchOutcome=not_applicable comment=matched merchant read with relation purpose=matched benchmark read auditReason= tracePath=[0:OPERATION:Merchant=query -> 1:REQUEST:Merchant= -> 2:RELATION:platform=Merchant.platform -> 3:PROVIDER:postgresql= -> 4:SQL:select=] mutationLineage=[]
SQL: -- TeaQL PLAIN
SELECT id, create_time AS createTime, last_update_time AS lastUpdateTime, name, version FROM platform_data WHERE (version > 0) AND (id = 1) LIMIT 1 OFFSET 0
[TeaQL SQL][query][549us] 1 rows returned outcome=success batchOutcome=not_applicable comment=matched merchant read with relation purpose=matched benchmark read auditReason= tracePath=[0:OPERATION:Merchant=query -> 1:REQUEST:Merchant= -> 2:RELATION:platform=Merchant.platform -> 3:PROVIDER:postgresql= -> 4:SQL:select=] mutationLineage=[]
SQL: -- TeaQL PLAIN
SELECT id, create_time AS createTime, last_update_time AS lastUpdateTime, name, version FROM platform_data WHERE (version > 0) AND (id = 1) LIMIT 1 OFFSET 0
[TeaQL SQL][query][537us] 1 rows returned outcome=success batchOutcome=not_applicable comment=matched merchant read with relation purpose=matched benchmark read auditReason= tracePath=[0:OPERATION:Merchant=query -> 1:REQUEST:Merchant= -> 2:PROVIDER:postgresql= -> 3:SQL:select=] mutationLineage=[]
SQL: -- TeaQL PLAIN
SELECT id, name, code, external_id AS externalId, task_life_hours AS taskLifeHours, version, platform FROM merchant_data WHERE (version > 0) AND (external_id = 'matched-merchant') LIMIT 1000 OFFSET 0
[TeaQL SQL][query][425us] 1 rows returned outcome=success batchOutcome=not_applicable comment=matched merchant read with relation purpose=matched benchmark read auditReason= tracePath=[0:OPERATION:Merchant=query -> 1:REQUEST:Merchant= -> 2:RELATION:platform=Merchant.platform -> 3:PROVIDER:postgresql= -> 4:SQL:select=] mutationLineage=[]
SQL: -- TeaQL PLAIN
SELECT id, create_time AS createTime, last_update_time AS lastUpdateTime, name, version FROM platform_data WHERE (version > 0) AND (id = 1) LIMIT 1 OFFSET 0
[TeaQL SQL][query][774us] 1 rows returned outcome=success batchOutcome=not_applicable comment=matched merchant read with relation purpose=matched benchmark read auditReason= tracePath=[0:OPERATION:Merchant=query -> 1:REQUEST:Merchant= -> 2:PROVIDER:postgresql= -> 3:SQL:select=] mutationLineage=[]
SQL: -- TeaQL PLAIN
SELECT id, name, code, external_id AS externalId, task_life_hours AS taskLifeHours, version, platform FROM merchant_data WHERE (version > 0) AND (external_id = 'matched-merchant') LIMIT 1000 OFFSET 0
[TeaQL SQL][query][799us] 1 rows returned outcome=success batchOutcome=not_applicable comment=matched merchant read with relation purpose=matched benchmark read auditReason= tracePath=[0:OPERATION:Merchant=query -> 1:REQUEST:Merchant= -> 2:RELATION:platform=Merchant.platform -> 3:PROVIDER:postgresql= -> 4:SQL:select=] mutationLineage=[]
SQL: -- TeaQL PLAIN
SELECT id, create_time AS createTime, last_update_time AS lastUpdateTime, name, version FROM platform_data WHERE (version > 0) AND (id = 1) LIMIT 1 OFFSET 0
[TeaQL SQL][query][495us] 1 rows returned outcome=success batchOutcome=not_applicable comment=matched merchant read with relation purpose=matched benchmark read auditReason= tracePath=[0:OPERATION:Merchant=query -> 1:REQUEST:Merchant= -> 2:PROVIDER:postgresql= -> 3:SQL:select=] mutationLineage=[]
SQL: -- TeaQL PLAIN
SELECT id, name, code, external_id AS externalId, task_life_hours AS taskLifeHours, version, platform FROM merchant_data WHERE (version > 0) AND (external_id = 'matched-merchant') LIMIT 1000 OFFSET 0
[TeaQL SQL][query][633us] 1 rows returned outcome=success batchOutcome=not_applicable comment=matched merchant read with relation purpose=matched benchmark read auditReason= tracePath=[0:OPERATION:Merchant=query -> 1:REQUEST:Merchant= -> 2:RELATION:platform=Merchant.platform -> 3:PROVIDER:postgresql= -> 4:SQL:select=] mutationLineage=[]
SQL: -- TeaQL PLAIN
SELECT id, create_time AS createTime, last_update_time AS lastUpdateTime, name, version FROM platform_data WHERE (version > 0) AND (id = 1) LIMIT 1 OFFSET 0
[TeaQL SQL][query][480us] 1 rows returned outcome=success batchOutcome=not_applicable comment=matched merchant read with relation purpose=matched benchmark read auditReason= tracePath=[0:OPERATION:Merchant=query -> 1:REQUEST:Merchant= -> 2:PROVIDER:postgresql= -> 3:SQL:select=] mutationLineage=[]
SQL: -- TeaQL PLAIN
SELECT id, name, code, external_id AS externalId, task_life_hours AS taskLifeHours, version, platform FROM merchant_data WHERE (version > 0) AND (external_id = 'matched-merchant') LIMIT 1000 OFFSET 0
[TeaQL SQL][query][437us] 1 rows returned outcome=success batchOutcome=not_applicable comment=matched merchant read with relation purpose=matched benchmark read auditReason= tracePath=[0:OPERATION:Merchant=query -> 1:REQUEST:Merchant= -> 2:RELATION:platform=Merchant.platform -> 3:PROVIDER:postgresql= -> 4:SQL:select=] mutationLineage=[]
SQL: -- TeaQL PLAIN
SELECT id, create_time AS createTime, last_update_time AS lastUpdateTime, name, version FROM platform_data WHERE (version > 0) AND (id = 1) LIMIT 1 OFFSET 0
[TeaQL SQL][query][354us] 1 rows returned outcome=success batchOutcome=not_applicable comment=matched merchant read with relation purpose=matched benchmark read auditReason= tracePath=[0:OPERATION:Merchant=query -> 1:REQUEST:Merchant= -> 2:PROVIDER:postgresql= -> 3:SQL:select=] mutationLineage=[]
SQL: -- TeaQL PLAIN
SELECT id, name, code, external_id AS externalId, task_life_hours AS taskLifeHours, version, platform FROM merchant_data WHERE (version > 0) AND (external_id = 'matched-merchant') LIMIT 1000 OFFSET 0
[TeaQL SQL][query][351us] 1 rows returned outcome=success batchOutcome=not_applicable comment=matched merchant read with relation purpose=matched benchmark read auditReason= tracePath=[0:OPERATION:Merchant=query -> 1:REQUEST:Merchant= -> 2:RELATION:platform=Merchant.platform -> 3:PROVIDER:postgresql= -> 4:SQL:select=] mutationLineage=[]
SQL: -- TeaQL PLAIN
SELECT id, create_time AS createTime, last_update_time AS lastUpdateTime, name, version FROM platform_data WHERE (version > 0) AND (id = 1) LIMIT 1 OFFSET 0
[TeaQL SQL][query][470us] 1 rows returned outcome=success batchOutcome=not_applicable comment=matched merchant read with relation purpose=matched benchmark read auditReason= tracePath=[0:OPERATION:Merchant=query -> 1:REQUEST:Merchant= -> 2:PROVIDER:postgresql= -> 3:SQL:select=] mutationLineage=[]
SQL: -- TeaQL PLAIN
SELECT id, name, code, external_id AS externalId, task_life_hours AS taskLifeHours, version, platform FROM merchant_data WHERE (version > 0) AND (external_id = 'matched-merchant') LIMIT 1000 OFFSET 0
[TeaQL SQL][query][485us] 1 rows returned outcome=success batchOutcome=not_applicable comment=matched merchant read with relation purpose=matched benchmark read auditReason= tracePath=[0:OPERATION:Merchant=query -> 1:REQUEST:Merchant= -> 2:PROVIDER:postgresql= -> 3:SQL:select=] mutationLineage=[]
SQL: -- TeaQL PLAIN
SELECT id, name, code, external_id AS externalId, task_life_hours AS taskLifeHours, version, platform FROM merchant_data WHERE (version > 0) AND (external_id = 'matched-merchant') LIMIT 1000 OFFSET 0
[TeaQL SQL][query][432us] 1 rows returned outcome=success batchOutcome=not_applicable comment=matched merchant read with relation purpose=matched benchmark read auditReason= tracePath=[0:OPERATION:Merchant=query -> 1:REQUEST:Merchant= -> 2:RELATION:platform=Merchant.platform -> 3:PROVIDER:postgresql= -> 4:SQL:select=] mutationLineage=[]
SQL: -- TeaQL PLAIN
SELECT id, create_time AS createTime, last_update_time AS lastUpdateTime, name, version FROM platform_data WHERE (version > 0) AND (id = 1) LIMIT 1 OFFSET 0
[TeaQL SQL][query][504us] 1 rows returned outcome=success batchOutcome=not_applicable comment=matched merchant read with relation purpose=matched benchmark read auditReason= tracePath=[0:OPERATION:Merchant=query -> 1:REQUEST:Merchant= -> 2:RELATION:platform=Merchant.platform -> 3:PROVIDER:postgresql= -> 4:SQL:select=] mutationLineage=[]
SQL: -- TeaQL PLAIN
SELECT id, create_time AS createTime, last_update_time AS lastUpdateTime, name, version FROM platform_data WHERE (version > 0) AND (id = 1) LIMIT 1 OFFSET 0
[TeaQL SQL][query][594us] 1 rows returned outcome=success batchOutcome=not_applicable comment=matched merchant read with relation purpose=matched benchmark read auditReason= tracePath=[0:OPERATION:Merchant=query -> 1:REQUEST:Merchant= -> 2:PROVIDER:postgresql= -> 3:SQL:select=] mutationLineage=[]
SQL: -- TeaQL PLAIN
SELECT id, name, code, external_id AS externalId, task_life_hours AS taskLifeHours, version, platform FROM merchant_data WHERE (version > 0) AND (external_id = 'matched-merchant') LIMIT 1000 OFFSET 0
[TeaQL SQL][query][700us] 1 rows returned outcome=success batchOutcome=not_applicable comment=matched merchant read with relation purpose=matched benchmark read auditReason= tracePath=[0:OPERATION:Merchant=query -> 1:REQUEST:Merchant= -> 2:RELATION:platform=Merchant.platform -> 3:PROVIDER:postgresql= -> 4:SQL:select=] mutationLineage=[]
SQL: -- TeaQL PLAIN
SELECT id, create_time AS createTime, last_update_time AS lastUpdateTime, name, version FROM platform_data WHERE (version > 0) AND (id = 1) LIMIT 1 OFFSET 0
[TeaQL SQL][query][847us] 1 rows returned outcome=success batchOutcome=not_applicable comment=matched merchant read with relation purpose=matched benchmark read auditReason= tracePath=[0:OPERATION:Merchant=query -> 1:REQUEST:Merchant= -> 2:PROVIDER:postgresql= -> 3:SQL:select=] mutationLineage=[]
SQL: -- TeaQL PLAIN
SELECT id, name, code, external_id AS externalId, task_life_hours AS taskLifeHours, version, platform FROM merchant_data WHERE (version > 0) AND (external_id = 'matched-merchant') LIMIT 1000 OFFSET 0
[TeaQL SQL][query][959us] 1 rows returned outcome=success batchOutcome=not_applicable comment=matched merchant read with relation purpose=matched benchmark read auditReason= tracePath=[0:OPERATION:Merchant=query -> 1:REQUEST:Merchant= -> 2:RELATION:platform=Merchant.platform -> 3:PROVIDER:postgresql= -> 4:SQL:select=] mutationLineage=[]
SQL: -- TeaQL PLAIN
SELECT id, create_time AS createTime, last_update_time AS lastUpdateTime, name, version FROM platform_data WHERE (version > 0) AND (id = 1) LIMIT 1 OFFSET 0
[TeaQL SQL][query][804us] 1 rows returned outcome=success batchOutcome=not_applicable comment=matched merchant read with relation purpose=matched benchmark read auditReason= tracePath=[0:OPERATION:Merchant=query -> 1:REQUEST:Merchant= -> 2:PROVIDER:postgresql= -> 3:SQL:select=] mutationLineage=[]
SQL: -- TeaQL PLAIN
SELECT id, name, code, external_id AS externalId, task_life_hours AS taskLifeHours, version, platform FROM merchant_data WHERE (version > 0) AND (external_id = 'matched-merchant') LIMIT 1000 OFFSET 0
[TeaQL SQL][query][809us] 1 rows returned outcome=success batchOutcome=not_applicable comment=matched merchant read with relation purpose=matched benchmark read auditReason= tracePath=[0:OPERATION:Merchant=query -> 1:REQUEST:Merchant= -> 2:PROVIDER:postgresql= -> 3:SQL:select=] mutationLineage=[]
SQL: -- TeaQL PLAIN
SELECT id, name, code, external_id AS externalId, task_life_hours AS taskLifeHours, version, platform FROM merchant_data WHERE (version > 0) AND (external_id = 'matched-merchant') LIMIT 1000 OFFSET 0
[TeaQL SQL][query][549us] 1 rows returned outcome=success batchOutcome=not_applicable comment=matched merchant read with relation purpose=matched benchmark read auditReason= tracePath=[0:OPERATION:Merchant=query -> 1:REQUEST:Merchant= -> 2:RELATION:platform=Merchant.platform -> 3:PROVIDER:postgresql= -> 4:SQL:select=] mutationLineage=[]
SQL: -- TeaQL PLAIN
SELECT id, create_time AS createTime, last_update_time AS lastUpdateTime, name, version FROM platform_data WHERE (version > 0) AND (id = 1) LIMIT 1 OFFSET 0
[TeaQL SQL][query][524us] 1 rows returned outcome=success batchOutcome=not_applicable comment=matched merchant read with relation purpose=matched benchmark read auditReason= tracePath=[0:OPERATION:Merchant=query -> 1:REQUEST:Merchant= -> 2:RELATION:platform=Merchant.platform -> 3:PROVIDER:postgresql= -> 4:SQL:select=] mutationLineage=[]
SQL: -- TeaQL PLAIN
SELECT id, create_time AS createTime, last_update_time AS lastUpdateTime, name, version FROM platform_data WHERE (version > 0) AND (id = 1) LIMIT 1 OFFSET 0
[TeaQL SQL][query][438us] 1 rows returned outcome=success batchOutcome=not_applicable comment=matched merchant read with relation purpose=matched benchmark read auditReason= tracePath=[0:OPERATION:Merchant=query -> 1:REQUEST:Merchant= -> 2:PROVIDER:postgresql= -> 3:SQL:select=] mutationLineage=[]
SQL: -- TeaQL PLAIN
SELECT id, name, code, external_id AS externalId, task_life_hours AS taskLifeHours, version, platform FROM merchant_data WHERE (version > 0) AND (external_id = 'matched-merchant') LIMIT 1000 OFFSET 0
[TeaQL SQL][query][506us] 1 rows returned outcome=success batchOutcome=not_applicable comment=matched merchant read with relation purpose=matched benchmark read auditReason= tracePath=[0:OPERATION:Merchant=query -> 1:REQUEST:Merchant= -> 2:RELATION:platform=Merchant.platform -> 3:PROVIDER:postgresql= -> 4:SQL:select=] mutationLineage=[]
SQL: -- TeaQL PLAIN
SELECT id, create_time AS createTime, last_update_time AS lastUpdateTime, name, version FROM platform_data WHERE (version > 0) AND (id = 1) LIMIT 1 OFFSET 0
[TeaQL SQL][query][353us] 1 rows returned outcome=success batchOutcome=not_applicable comment=matched merchant read with relation purpose=matched benchmark read auditReason= tracePath=[0:OPERATION:Merchant=query -> 1:REQUEST:Merchant= -> 2:PROVIDER:postgresql= -> 3:SQL:select=] mutationLineage=[]
SQL: -- TeaQL PLAIN
SELECT id, name, code, external_id AS externalId, task_life_hours AS taskLifeHours, version, platform FROM merchant_data WHERE (version > 0) AND (external_id = 'matched-merchant') LIMIT 1000 OFFSET 0
[TeaQL SQL][query][304us] 1 rows returned outcome=success batchOutcome=not_applicable comment=matched merchant read with relation purpose=matched benchmark read auditReason= tracePath=[0:OPERATION:Merchant=query -> 1:REQUEST:Merchant= -> 2:RELATION:platform=Merchant.platform -> 3:PROVIDER:postgresql= -> 4:SQL:select=] mutationLineage=[]
SQL: -- TeaQL PLAIN
SELECT id, create_time AS createTime, last_update_time AS lastUpdateTime, name, version FROM platform_data WHERE (version > 0) AND (id = 1) LIMIT 1 OFFSET 0
[TeaQL SQL][query][580us] 1 rows returned outcome=success batchOutcome=not_applicable comment=matched merchant read with relation purpose=matched benchmark read auditReason= tracePath=[0:OPERATION:Merchant=query -> 1:REQUEST:Merchant= -> 2:PROVIDER:postgresql= -> 3:SQL:select=] mutationLineage=[]
SQL: -- TeaQL PLAIN
SELECT id, name, code, external_id AS externalId, task_life_hours AS taskLifeHours, version, platform FROM merchant_data WHERE (version > 0) AND (external_id = 'matched-merchant') LIMIT 1000 OFFSET 0
[TeaQL SQL][query][806us] 1 rows returned outcome=success batchOutcome=not_applicable comment=matched merchant read with relation purpose=matched benchmark read auditReason= tracePath=[0:OPERATION:Merchant=query -> 1:REQUEST:Merchant= -> 2:PROVIDER:postgresql= -> 3:SQL:select=] mutationLineage=[]
SQL: -- TeaQL PLAIN
SELECT id, name, code, external_id AS externalId, task_life_hours AS taskLifeHours, version, platform FROM merchant_data WHERE (version > 0) AND (external_id = 'matched-merchant') LIMIT 1000 OFFSET 0
[TeaQL SQL][query][1049us] 1 rows returned outcome=success batchOutcome=not_applicable comment=matched merchant read with relation purpose=matched benchmark read auditReason= tracePath=[0:OPERATION:Merchant=query -> 1:REQUEST:Merchant= -> 2:PROVIDER:postgresql= -> 3:SQL:select=] mutationLineage=[]
SQL: -- TeaQL PLAIN
SELECT id, name, code, external_id AS externalId, task_life_hours AS taskLifeHours, version, platform FROM merchant_data WHERE (version > 0) AND (external_id = 'matched-merchant') LIMIT 1000 OFFSET 0
[TeaQL SQL][query][549us] 1 rows returned outcome=success batchOutcome=not_applicable comment=matched merchant read with relation purpose=matched benchmark read auditReason= tracePath=[0:OPERATION:Merchant=query -> 1:REQUEST:Merchant= -> 2:RELATION:platform=Merchant.platform -> 3:PROVIDER:postgresql= -> 4:SQL:select=] mutationLineage=[]
SQL: -- TeaQL PLAIN
SELECT id, create_time AS createTime, last_update_time AS lastUpdateTime, name, version FROM platform_data WHERE (version > 0) AND (id = 1) LIMIT 1 OFFSET 0
[TeaQL SQL][query][620us] 1 rows returned outcome=success batchOutcome=not_applicable comment=matched merchant read with relation purpose=matched benchmark read auditReason= tracePath=[0:OPERATION:Merchant=query -> 1:REQUEST:Merchant= -> 2:RELATION:platform=Merchant.platform -> 3:PROVIDER:postgresql= -> 4:SQL:select=] mutationLineage=[]
SQL: -- TeaQL PLAIN
SELECT id, create_time AS createTime, last_update_time AS lastUpdateTime, name, version FROM platform_data WHERE (version > 0) AND (id = 1) LIMIT 1 OFFSET 0
[TeaQL SQL][query][950us] 1 rows returned outcome=success batchOutcome=not_applicable comment=matched merchant read with relation purpose=matched benchmark read auditReason= tracePath=[0:OPERATION:Merchant=query -> 1:REQUEST:Merchant= -> 2:RELATION:platform=Merchant.platform -> 3:PROVIDER:postgresql= -> 4:SQL:select=] mutationLineage=[]
SQL: -- TeaQL PLAIN
SELECT id, create_time AS createTime, last_update_time AS lastUpdateTime, name, version FROM platform_data WHERE (version > 0) AND (id = 1) LIMIT 1 OFFSET 0
[TeaQL SQL][query][423us] 1 rows returned outcome=success batchOutcome=not_applicable comment=matched merchant read with relation purpose=matched benchmark read auditReason= tracePath=[0:OPERATION:Merchant=query -> 1:REQUEST:Merchant= -> 2:PROVIDER:postgresql= -> 3:SQL:select=] mutationLineage=[]
SQL: -- TeaQL PLAIN
SELECT id, name, code, external_id AS externalId, task_life_hours AS taskLifeHours, version, platform FROM merchant_data WHERE (version > 0) AND (external_id = 'matched-merchant') LIMIT 1000 OFFSET 0
[TeaQL SQL][query][389us] 1 rows returned outcome=success batchOutcome=not_applicable comment=matched merchant read with relation purpose=matched benchmark read auditReason= tracePath=[0:OPERATION:Merchant=query -> 1:REQUEST:Merchant= -> 2:RELATION:platform=Merchant.platform -> 3:PROVIDER:postgresql= -> 4:SQL:select=] mutationLineage=[]
SQL: -- TeaQL PLAIN
SELECT id, create_time AS createTime, last_update_time AS lastUpdateTime, name, version FROM platform_data WHERE (version > 0) AND (id = 1) LIMIT 1 OFFSET 0
[TeaQL SQL][query][484us] 1 rows returned outcome=success batchOutcome=not_applicable comment=matched merchant read with relation purpose=matched benchmark read auditReason= tracePath=[0:OPERATION:Merchant=query -> 1:REQUEST:Merchant= -> 2:PROVIDER:postgresql= -> 3:SQL:select=] mutationLineage=[]
SQL: -- TeaQL PLAIN
SELECT id, name, code, external_id AS externalId, task_life_hours AS taskLifeHours, version, platform FROM merchant_data WHERE (version > 0) AND (external_id = 'matched-merchant') LIMIT 1000 OFFSET 0
[TeaQL SQL][query][447us] 1 rows returned outcome=success batchOutcome=not_applicable comment=matched merchant read with relation purpose=matched benchmark read auditReason= tracePath=[0:OPERATION:Merchant=query -> 1:REQUEST:Merchant= -> 2:RELATION:platform=Merchant.platform -> 3:PROVIDER:postgresql= -> 4:SQL:select=] mutationLineage=[]
SQL: -- TeaQL PLAIN
SELECT id, create_time AS createTime, last_update_time AS lastUpdateTime, name, version FROM platform_data WHERE (version > 0) AND (id = 1) LIMIT 1 OFFSET 0
[TeaQL SQL][query][446us] 1 rows returned outcome=success batchOutcome=not_applicable comment=matched merchant read with relation purpose=matched benchmark read auditReason= tracePath=[0:OPERATION:Merchant=query -> 1:REQUEST:Merchant= -> 2:PROVIDER:postgresql= -> 3:SQL:select=] mutationLineage=[]
SQL: -- TeaQL PLAIN
SELECT id, name, code, external_id AS externalId, task_life_hours AS taskLifeHours, version, platform FROM merchant_data WHERE (version > 0) AND (external_id = 'matched-merchant') LIMIT 1000 OFFSET 0
[TeaQL SQL][query][2129us] 1 rows returned outcome=success batchOutcome=not_applicable comment=matched merchant read with relation purpose=matched benchmark read auditReason= tracePath=[0:OPERATION:Merchant=query -> 1:REQUEST:Merchant= -> 2:PROVIDER:postgresql= -> 3:SQL:select=] mutationLineage=[]
SQL: -- TeaQL PLAIN
SELECT id, name, code, external_id AS externalId, task_life_hours AS taskLifeHours, version, platform FROM merchant_data WHERE (version > 0) AND (external_id = 'matched-merchant') LIMIT 1000 OFFSET 0
[TeaQL SQL][query][318us] 1 rows returned outcome=success batchOutcome=not_applicable comment=matched merchant read with relation purpose=matched benchmark read auditReason= tracePath=[0:OPERATION:Merchant=query -> 1:REQUEST:Merchant= -> 2:PROVIDER:postgresql= -> 3:SQL:select=] mutationLineage=[]
SQL: -- TeaQL PLAIN
SELECT id, name, code, external_id AS externalId, task_life_hours AS taskLifeHours, version, platform FROM merchant_data WHERE (version > 0) AND (external_id = 'matched-merchant') LIMIT 1000 OFFSET 0
[TeaQL SQL][query][503us] 1 rows returned outcome=success batchOutcome=not_applicable comment=matched merchant read with relation purpose=matched benchmark read auditReason= tracePath=[0:OPERATION:Merchant=query -> 1:REQUEST:Merchant= -> 2:RELATION:platform=Merchant.platform -> 3:PROVIDER:postgresql= -> 4:SQL:select=] mutationLineage=[]
SQL: -- TeaQL PLAIN
SELECT id, create_time AS createTime, last_update_time AS lastUpdateTime, name, version FROM platform_data WHERE (version > 0) AND (id = 1) LIMIT 1 OFFSET 0
[TeaQL SQL][query][423us] 1 rows returned outcome=success batchOutcome=not_applicable comment=matched merchant read with relation purpose=matched benchmark read auditReason= tracePath=[0:OPERATION:Merchant=query -> 1:REQUEST:Merchant= -> 2:RELATION:platform=Merchant.platform -> 3:PROVIDER:postgresql= -> 4:SQL:select=] mutationLineage=[]
SQL: -- TeaQL PLAIN
SELECT id, create_time AS createTime, last_update_time AS lastUpdateTime, name, version FROM platform_data WHERE (version > 0) AND (id = 1) LIMIT 1 OFFSET 0
[TeaQL SQL][query][922us] 1 rows returned outcome=success batchOutcome=not_applicable comment=matched merchant read with relation purpose=matched benchmark read auditReason= tracePath=[0:OPERATION:Merchant=query -> 1:REQUEST:Merchant= -> 2:RELATION:platform=Merchant.platform -> 3:PROVIDER:postgresql= -> 4:SQL:select=] mutationLineage=[]
SQL: -- TeaQL PLAIN
SELECT id, create_time AS createTime, last_update_time AS lastUpdateTime, name, version FROM platform_data WHERE (version > 0) AND (id = 1) LIMIT 1 OFFSET 0
[TeaQL SQL][query][612us] 1 rows returned outcome=success batchOutcome=not_applicable comment=matched merchant read with relation purpose=matched benchmark read auditReason= tracePath=[0:OPERATION:Merchant=query -> 1:REQUEST:Merchant= -> 2:PROVIDER:postgresql= -> 3:SQL:select=] mutationLineage=[]
SQL: -- TeaQL PLAIN
SELECT id, name, code, external_id AS externalId, task_life_hours AS taskLifeHours, version, platform FROM merchant_data WHERE (version > 0) AND (external_id = 'matched-merchant') LIMIT 1000 OFFSET 0
[TeaQL SQL][query][612us] 1 rows returned outcome=success batchOutcome=not_applicable comment=matched merchant read with relation purpose=matched benchmark read auditReason= tracePath=[0:OPERATION:Merchant=query -> 1:REQUEST:Merchant= -> 2:PROVIDER:postgresql= -> 3:SQL:select=] mutationLineage=[]
SQL: -- TeaQL PLAIN
SELECT id, name, code, external_id AS externalId, task_life_hours AS taskLifeHours, version, platform FROM merchant_data WHERE (version > 0) AND (external_id = 'matched-merchant') LIMIT 1000 OFFSET 0
[TeaQL SQL][query][446us] 1 rows returned outcome=success batchOutcome=not_applicable comment=matched merchant read with relation purpose=matched benchmark read auditReason= tracePath=[0:OPERATION:Merchant=query -> 1:REQUEST:Merchant= -> 2:PROVIDER:postgresql= -> 3:SQL:select=] mutationLineage=[]
SQL: -- TeaQL PLAIN
SELECT id, name, code, external_id AS externalId, task_life_hours AS taskLifeHours, version, platform FROM merchant_data WHERE (version > 0) AND (external_id = 'matched-merchant') LIMIT 1000 OFFSET 0
[TeaQL SQL][query][396us] 1 rows returned outcome=success batchOutcome=not_applicable comment=matched merchant read with relation purpose=matched benchmark read auditReason= tracePath=[0:OPERATION:Merchant=query -> 1:REQUEST:Merchant= -> 2:RELATION:platform=Merchant.platform -> 3:PROVIDER:postgresql= -> 4:SQL:select=] mutationLineage=[]
SQL: -- TeaQL PLAIN
SELECT id, create_time AS createTime, last_update_time AS lastUpdateTime, name, version FROM platform_data WHERE (version > 0) AND (id = 1) LIMIT 1 OFFSET 0
[TeaQL SQL][query][358us] 1 rows returned outcome=success batchOutcome=not_applicable comment=matched merchant read with relation purpose=matched benchmark read auditReason= tracePath=[0:OPERATION:Merchant=query -> 1:REQUEST:Merchant= -> 2:RELATION:platform=Merchant.platform -> 3:PROVIDER:postgresql= -> 4:SQL:select=] mutationLineage=[]
SQL: -- TeaQL PLAIN
SELECT id, create_time AS createTime, last_update_time AS lastUpdateTime, name, version FROM platform_data WHERE (version > 0) AND (id = 1) LIMIT 1 OFFSET 0
[TeaQL SQL][query][693us] 1 rows returned outcome=success batchOutcome=not_applicable comment=matched merchant read with relation purpose=matched benchmark read auditReason= tracePath=[0:OPERATION:Merchant=query -> 1:REQUEST:Merchant= -> 2:RELATION:platform=Merchant.platform -> 3:PROVIDER:postgresql= -> 4:SQL:select=] mutationLineage=[]
SQL: -- TeaQL PLAIN
SELECT id, create_time AS createTime, last_update_time AS lastUpdateTime, name, version FROM platform_data WHERE (version > 0) AND (id = 1) LIMIT 1 OFFSET 0
[TeaQL SQL][query][387us] 1 rows returned outcome=success batchOutcome=not_applicable comment=matched merchant read with relation purpose=matched benchmark read auditReason= tracePath=[0:OPERATION:Merchant=query -> 1:REQUEST:Merchant= -> 2:PROVIDER:postgresql= -> 3:SQL:select=] mutationLineage=[]
SQL: -- TeaQL PLAIN
SELECT id, name, code, external_id AS externalId, task_life_hours AS taskLifeHours, version, platform FROM merchant_data WHERE (version > 0) AND (external_id = 'matched-merchant') LIMIT 1000 OFFSET 0
[TeaQL SQL][query][352us] 1 rows returned outcome=success batchOutcome=not_applicable comment=matched merchant read with relation purpose=matched benchmark read auditReason= tracePath=[0:OPERATION:Merchant=query -> 1:REQUEST:Merchant= -> 2:RELATION:platform=Merchant.platform -> 3:PROVIDER:postgresql= -> 4:SQL:select=] mutationLineage=[]
SQL: -- TeaQL PLAIN
SELECT id, create_time AS createTime, last_update_time AS lastUpdateTime, name, version FROM platform_data WHERE (version > 0) AND (id = 1) LIMIT 1 OFFSET 0
[TeaQL SQL][query][474us] 1 rows returned outcome=success batchOutcome=not_applicable comment=matched merchant read with relation purpose=matched benchmark read auditReason= tracePath=[0:OPERATION:Merchant=query -> 1:REQUEST:Merchant= -> 2:PROVIDER:postgresql= -> 3:SQL:select=] mutationLineage=[]
SQL: -- TeaQL PLAIN
SELECT id, name, code, external_id AS externalId, task_life_hours AS taskLifeHours, version, platform FROM merchant_data WHERE (version > 0) AND (external_id = 'matched-merchant') LIMIT 1000 OFFSET 0
[TeaQL SQL][query][326us] 1 rows returned outcome=success batchOutcome=not_applicable comment=matched merchant read with relation purpose=matched benchmark read auditReason= tracePath=[0:OPERATION:Merchant=query -> 1:REQUEST:Merchant= -> 2:PROVIDER:postgresql= -> 3:SQL:select=] mutationLineage=[]
SQL: -- TeaQL PLAIN
SELECT id, name, code, external_id AS externalId, task_life_hours AS taskLifeHours, version, platform FROM merchant_data WHERE (version > 0) AND (external_id = 'matched-merchant') LIMIT 1000 OFFSET 0
[TeaQL SQL][query][437us] 1 rows returned outcome=success batchOutcome=not_applicable comment=matched merchant read with relation purpose=matched benchmark read auditReason= tracePath=[0:OPERATION:Merchant=query -> 1:REQUEST:Merchant= -> 2:RELATION:platform=Merchant.platform -> 3:PROVIDER:postgresql= -> 4:SQL:select=] mutationLineage=[]
SQL: -- TeaQL PLAIN
SELECT id, create_time AS createTime, last_update_time AS lastUpdateTime, name, version FROM platform_data WHERE (version > 0) AND (id = 1) LIMIT 1 OFFSET 0
[TeaQL SQL][query][322us] 1 rows returned outcome=success batchOutcome=not_applicable comment=matched merchant read with relation purpose=matched benchmark read auditReason= tracePath=[0:OPERATION:Merchant=query -> 1:REQUEST:Merchant= -> 2:RELATION:platform=Merchant.platform -> 3:PROVIDER:postgresql= -> 4:SQL:select=] mutationLineage=[]
SQL: -- TeaQL PLAIN
SELECT id, create_time AS createTime, last_update_time AS lastUpdateTime, name, version FROM platform_data WHERE (version > 0) AND (id = 1) LIMIT 1 OFFSET 0
[TeaQL SQL][query][409us] 1 rows returned outcome=success batchOutcome=not_applicable comment=matched merchant read with relation purpose=matched benchmark read auditReason= tracePath=[0:OPERATION:Merchant=query -> 1:REQUEST:Merchant= -> 2:PROVIDER:postgresql= -> 3:SQL:select=] mutationLineage=[]
SQL: -- TeaQL PLAIN
SELECT id, name, code, external_id AS externalId, task_life_hours AS taskLifeHours, version, platform FROM merchant_data WHERE (version > 0) AND (external_id = 'matched-merchant') LIMIT 1000 OFFSET 0
[TeaQL SQL][query][458us] 1 rows returned outcome=success batchOutcome=not_applicable comment=matched merchant read with relation purpose=matched benchmark read auditReason= tracePath=[0:OPERATION:Merchant=query -> 1:REQUEST:Merchant= -> 2:RELATION:platform=Merchant.platform -> 3:PROVIDER:postgresql= -> 4:SQL:select=] mutationLineage=[]
SQL: -- TeaQL PLAIN
SELECT id, create_time AS createTime, last_update_time AS lastUpdateTime, name, version FROM platform_data WHERE (version > 0) AND (id = 1) LIMIT 1 OFFSET 0
[TeaQL SQL][query][314us] 1 rows returned outcome=success batchOutcome=not_applicable comment=matched merchant read with relation purpose=matched benchmark read auditReason= tracePath=[0:OPERATION:Merchant=query -> 1:REQUEST:Merchant= -> 2:PROVIDER:postgresql= -> 3:SQL:select=] mutationLineage=[]
SQL: -- TeaQL PLAIN
SELECT id, name, code, external_id AS externalId, task_life_hours AS taskLifeHours, version, platform FROM merchant_data WHERE (version > 0) AND (external_id = 'matched-merchant') LIMIT 1000 OFFSET 0
[TeaQL SQL][query][319us] 1 rows returned outcome=success batchOutcome=not_applicable comment=matched merchant read with relation purpose=matched benchmark read auditReason= tracePath=[0:OPERATION:Merchant=query -> 1:REQUEST:Merchant= -> 2:RELATION:platform=Merchant.platform -> 3:PROVIDER:postgresql= -> 4:SQL:select=] mutationLineage=[]
SQL: -- TeaQL PLAIN
SELECT id, create_time AS createTime, last_update_time AS lastUpdateTime, name, version FROM platform_data WHERE (version > 0) AND (id = 1) LIMIT 1 OFFSET 0
[TeaQL SQL][query][489us] 1 rows returned outcome=success batchOutcome=not_applicable comment=matched merchant read with relation purpose=matched benchmark read auditReason= tracePath=[0:OPERATION:Merchant=query -> 1:REQUEST:Merchant= -> 2:PROVIDER:postgresql= -> 3:SQL:select=] mutationLineage=[]
SQL: -- TeaQL PLAIN
SELECT id, name, code, external_id AS externalId, task_life_hours AS taskLifeHours, version, platform FROM merchant_data WHERE (version > 0) AND (external_id = 'matched-merchant') LIMIT 1000 OFFSET 0
[TeaQL SQL][query][493us] 1 rows returned outcome=success batchOutcome=not_applicable comment=matched merchant read with relation purpose=matched benchmark read auditReason= tracePath=[0:OPERATION:Merchant=query -> 1:REQUEST:Merchant= -> 2:PROVIDER:postgresql= -> 3:SQL:select=] mutationLineage=[]
SQL: -- TeaQL PLAIN
SELECT id, name, code, external_id AS externalId, task_life_hours AS taskLifeHours, version, platform FROM merchant_data WHERE (version > 0) AND (external_id = 'matched-merchant') LIMIT 1000 OFFSET 0
[TeaQL SQL][query][549us] 1 rows returned outcome=success batchOutcome=not_applicable comment=matched merchant read with relation purpose=matched benchmark read auditReason= tracePath=[0:OPERATION:Merchant=query -> 1:REQUEST:Merchant= -> 2:RELATION:platform=Merchant.platform -> 3:PROVIDER:postgresql= -> 4:SQL:select=] mutationLineage=[]
SQL: -- TeaQL PLAIN
SELECT id, create_time AS createTime, last_update_time AS lastUpdateTime, name, version FROM platform_data WHERE (version > 0) AND (id = 1) LIMIT 1 OFFSET 0
[TeaQL SQL][query][529us] 1 rows returned outcome=success batchOutcome=not_applicable comment=matched merchant read with relation purpose=matched benchmark read auditReason= tracePath=[0:OPERATION:Merchant=query -> 1:REQUEST:Merchant= -> 2:RELATION:platform=Merchant.platform -> 3:PROVIDER:postgresql= -> 4:SQL:select=] mutationLineage=[]
SQL: -- TeaQL PLAIN
SELECT id, create_time AS createTime, last_update_time AS lastUpdateTime, name, version FROM platform_data WHERE (version > 0) AND (id = 1) LIMIT 1 OFFSET 0
[TeaQL SQL][query][565us] 1 rows returned outcome=success batchOutcome=not_applicable comment=matched merchant read with relation purpose=matched benchmark read auditReason= tracePath=[0:OPERATION:Merchant=query -> 1:REQUEST:Merchant= -> 2:PROVIDER:postgresql= -> 3:SQL:select=] mutationLineage=[]
SQL: -- TeaQL PLAIN
SELECT id, name, code, external_id AS externalId, task_life_hours AS taskLifeHours, version, platform FROM merchant_data WHERE (version > 0) AND (external_id = 'matched-merchant') LIMIT 1000 OFFSET 0
[TeaQL SQL][query][348us] 1 rows returned outcome=success batchOutcome=not_applicable comment=matched merchant read with relation purpose=matched benchmark read auditReason= tracePath=[0:OPERATION:Merchant=query -> 1:REQUEST:Merchant= -> 2:PROVIDER:postgresql= -> 3:SQL:select=] mutationLineage=[]
SQL: -- TeaQL PLAIN
SELECT id, name, code, external_id AS externalId, task_life_hours AS taskLifeHours, version, platform FROM merchant_data WHERE (version > 0) AND (external_id = 'matched-merchant') LIMIT 1000 OFFSET 0
[TeaQL SQL][query][506us] 1 rows returned outcome=success batchOutcome=not_applicable comment=matched merchant read with relation purpose=matched benchmark read auditReason= tracePath=[0:OPERATION:Merchant=query -> 1:REQUEST:Merchant= -> 2:RELATION:platform=Merchant.platform -> 3:PROVIDER:postgresql= -> 4:SQL:select=] mutationLineage=[]
SQL: -- TeaQL PLAIN
SELECT id, create_time AS createTime, last_update_time AS lastUpdateTime, name, version FROM platform_data WHERE (version > 0) AND (id = 1) LIMIT 1 OFFSET 0
[TeaQL SQL][query][259us] 1 rows returned outcome=success batchOutcome=not_applicable comment=matched merchant read with relation purpose=matched benchmark read auditReason= tracePath=[0:OPERATION:Merchant=query -> 1:REQUEST:Merchant= -> 2:RELATION:platform=Merchant.platform -> 3:PROVIDER:postgresql= -> 4:SQL:select=] mutationLineage=[]
SQL: -- TeaQL PLAIN
SELECT id, create_time AS createTime, last_update_time AS lastUpdateTime, name, version FROM platform_data WHERE (version > 0) AND (id = 1) LIMIT 1 OFFSET 0
[TeaQL SQL][query][573us] 1 rows returned outcome=success batchOutcome=not_applicable comment=matched merchant read with relation purpose=matched benchmark read auditReason= tracePath=[0:OPERATION:Merchant=query -> 1:REQUEST:Merchant= -> 2:PROVIDER:postgresql= -> 3:SQL:select=] mutationLineage=[]
SQL: -- TeaQL PLAIN
SELECT id, name, code, external_id AS externalId, task_life_hours AS taskLifeHours, version, platform FROM merchant_data WHERE (version > 0) AND (external_id = 'matched-merchant') LIMIT 1000 OFFSET 0
[TeaQL SQL][query][599us] 1 rows returned outcome=success batchOutcome=not_applicable comment=matched merchant read with relation purpose=matched benchmark read auditReason= tracePath=[0:OPERATION:Merchant=query -> 1:REQUEST:Merchant= -> 2:PROVIDER:postgresql= -> 3:SQL:select=] mutationLineage=[]
SQL: -- TeaQL PLAIN
SELECT id, name, code, external_id AS externalId, task_life_hours AS taskLifeHours, version, platform FROM merchant_data WHERE (version > 0) AND (external_id = 'matched-merchant') LIMIT 1000 OFFSET 0
[TeaQL SQL][query][419us] 1 rows returned outcome=success batchOutcome=not_applicable comment=matched merchant read with relation purpose=matched benchmark read auditReason= tracePath=[0:OPERATION:Merchant=query -> 1:REQUEST:Merchant= -> 2:RELATION:platform=Merchant.platform -> 3:PROVIDER:postgresql= -> 4:SQL:select=] mutationLineage=[]
SQL: -- TeaQL PLAIN
SELECT id, create_time AS createTime, last_update_time AS lastUpdateTime, name, version FROM platform_data WHERE (version > 0) AND (id = 1) LIMIT 1 OFFSET 0
[TeaQL SQL][query][315us] 1 rows returned outcome=success batchOutcome=not_applicable comment=matched merchant read with relation purpose=matched benchmark read auditReason= tracePath=[0:OPERATION:Merchant=query -> 1:REQUEST:Merchant= -> 2:RELATION:platform=Merchant.platform -> 3:PROVIDER:postgresql= -> 4:SQL:select=] mutationLineage=[]
SQL: -- TeaQL PLAIN
SELECT id, create_time AS createTime, last_update_time AS lastUpdateTime, name, version FROM platform_data WHERE (version > 0) AND (id = 1) LIMIT 1 OFFSET 0
[TeaQL SQL][query][345us] 1 rows returned outcome=success batchOutcome=not_applicable comment=matched merchant read with relation purpose=matched benchmark read auditReason= tracePath=[0:OPERATION:Merchant=query -> 1:REQUEST:Merchant= -> 2:PROVIDER:postgresql= -> 3:SQL:select=] mutationLineage=[]
SQL: -- TeaQL PLAIN
SELECT id, name, code, external_id AS externalId, task_life_hours AS taskLifeHours, version, platform FROM merchant_data WHERE (version > 0) AND (external_id = 'matched-merchant') LIMIT 1000 OFFSET 0
[TeaQL SQL][query][298us] 1 rows returned outcome=success batchOutcome=not_applicable comment=matched merchant read with relation purpose=matched benchmark read auditReason= tracePath=[0:OPERATION:Merchant=query -> 1:REQUEST:Merchant= -> 2:RELATION:platform=Merchant.platform -> 3:PROVIDER:postgresql= -> 4:SQL:select=] mutationLineage=[]
SQL: -- TeaQL PLAIN
SELECT id, create_time AS createTime, last_update_time AS lastUpdateTime, name, version FROM platform_data WHERE (version > 0) AND (id = 1) LIMIT 1 OFFSET 0
[TeaQL SQL][query][460us] 1 rows returned outcome=success batchOutcome=not_applicable comment=matched merchant read with relation purpose=matched benchmark read auditReason= tracePath=[0:OPERATION:Merchant=query -> 1:REQUEST:Merchant= -> 2:PROVIDER:postgresql= -> 3:SQL:select=] mutationLineage=[]
SQL: -- TeaQL PLAIN
SELECT id, name, code, external_id AS externalId, task_life_hours AS taskLifeHours, version, platform FROM merchant_data WHERE (version > 0) AND (external_id = 'matched-merchant') LIMIT 1000 OFFSET 0
[TeaQL SQL][query][401us] 1 rows returned outcome=success batchOutcome=not_applicable comment=matched merchant read with relation purpose=matched benchmark read auditReason= tracePath=[0:OPERATION:Merchant=query -> 1:REQUEST:Merchant= -> 2:RELATION:platform=Merchant.platform -> 3:PROVIDER:postgresql= -> 4:SQL:select=] mutationLineage=[]
SQL: -- TeaQL PLAIN
SELECT id, create_time AS createTime, last_update_time AS lastUpdateTime, name, version FROM platform_data WHERE (version > 0) AND (id = 1) LIMIT 1 OFFSET 0
[TeaQL SQL][query][402us] 1 rows returned outcome=success batchOutcome=not_applicable comment=matched merchant read with relation purpose=matched benchmark read auditReason= tracePath=[0:OPERATION:Merchant=query -> 1:REQUEST:Merchant= -> 2:PROVIDER:postgresql= -> 3:SQL:select=] mutationLineage=[]
SQL: -- TeaQL PLAIN
SELECT id, name, code, external_id AS externalId, task_life_hours AS taskLifeHours, version, platform FROM merchant_data WHERE (version > 0) AND (external_id = 'matched-merchant') LIMIT 1000 OFFSET 0
[TeaQL SQL][query][418us] 1 rows returned outcome=success batchOutcome=not_applicable comment=matched merchant read with relation purpose=matched benchmark read auditReason= tracePath=[0:OPERATION:Merchant=query -> 1:REQUEST:Merchant= -> 2:RELATION:platform=Merchant.platform -> 3:PROVIDER:postgresql= -> 4:SQL:select=] mutationLineage=[]
SQL: -- TeaQL PLAIN
SELECT id, create_time AS createTime, last_update_time AS lastUpdateTime, name, version FROM platform_data WHERE (version > 0) AND (id = 1) LIMIT 1 OFFSET 0
[TeaQL SQL][query][374us] 1 rows returned outcome=success batchOutcome=not_applicable comment=matched merchant read with relation purpose=matched benchmark read auditReason= tracePath=[0:OPERATION:Merchant=query -> 1:REQUEST:Merchant= -> 2:PROVIDER:postgresql= -> 3:SQL:select=] mutationLineage=[]
SQL: -- TeaQL PLAIN
SELECT id, name, code, external_id AS externalId, task_life_hours AS taskLifeHours, version, platform FROM merchant_data WHERE (version > 0) AND (external_id = 'matched-merchant') LIMIT 1000 OFFSET 0
[TeaQL SQL][query][313us] 1 rows returned outcome=success batchOutcome=not_applicable comment=matched merchant read with relation purpose=matched benchmark read auditReason= tracePath=[0:OPERATION:Merchant=query -> 1:REQUEST:Merchant= -> 2:RELATION:platform=Merchant.platform -> 3:PROVIDER:postgresql= -> 4:SQL:select=] mutationLineage=[]
SQL: -- TeaQL PLAIN
SELECT id, create_time AS createTime, last_update_time AS lastUpdateTime, name, version FROM platform_data WHERE (version > 0) AND (id = 1) LIMIT 1 OFFSET 0
[TeaQL SQL][query][321us] 1 rows returned outcome=success batchOutcome=not_applicable comment=matched merchant read with relation purpose=matched benchmark read auditReason= tracePath=[0:OPERATION:Merchant=query -> 1:REQUEST:Merchant= -> 2:PROVIDER:postgresql= -> 3:SQL:select=] mutationLineage=[]
SQL: -- TeaQL PLAIN
SELECT id, name, code, external_id AS externalId, task_life_hours AS taskLifeHours, version, platform FROM merchant_data WHERE (version > 0) AND (external_id = 'matched-merchant') LIMIT 1000 OFFSET 0
[TeaQL SQL][query][266us] 1 rows returned outcome=success batchOutcome=not_applicable comment=matched merchant read with relation purpose=matched benchmark read auditReason= tracePath=[0:OPERATION:Merchant=query -> 1:REQUEST:Merchant= -> 2:RELATION:platform=Merchant.platform -> 3:PROVIDER:postgresql= -> 4:SQL:select=] mutationLineage=[]
SQL: -- TeaQL PLAIN
SELECT id, create_time AS createTime, last_update_time AS lastUpdateTime, name, version FROM platform_data WHERE (version > 0) AND (id = 1) LIMIT 1 OFFSET 0
[TeaQL SQL][query][313us] 1 rows returned outcome=success batchOutcome=not_applicable comment=matched merchant read with relation purpose=matched benchmark read auditReason= tracePath=[0:OPERATION:Merchant=query -> 1:REQUEST:Merchant= -> 2:PROVIDER:postgresql= -> 3:SQL:select=] mutationLineage=[]
SQL: -- TeaQL PLAIN
SELECT id, name, code, external_id AS externalId, task_life_hours AS taskLifeHours, version, platform FROM merchant_data WHERE (version > 0) AND (external_id = 'matched-merchant') LIMIT 1000 OFFSET 0
[TeaQL SQL][query][281us] 1 rows returned outcome=success batchOutcome=not_applicable comment=matched merchant read with relation purpose=matched benchmark read auditReason= tracePath=[0:OPERATION:Merchant=query -> 1:REQUEST:Merchant= -> 2:RELATION:platform=Merchant.platform -> 3:PROVIDER:postgresql= -> 4:SQL:select=] mutationLineage=[]
SQL: -- TeaQL PLAIN
SELECT id, create_time AS createTime, last_update_time AS lastUpdateTime, name, version FROM platform_data WHERE (version > 0) AND (id = 1) LIMIT 1 OFFSET 0
[TeaQL SQL][query][333us] 1 rows returned outcome=success batchOutcome=not_applicable comment=matched merchant read with relation purpose=matched benchmark read auditReason= tracePath=[0:OPERATION:Merchant=query -> 1:REQUEST:Merchant= -> 2:PROVIDER:postgresql= -> 3:SQL:select=] mutationLineage=[]
SQL: -- TeaQL PLAIN
SELECT id, name, code, external_id AS externalId, task_life_hours AS taskLifeHours, version, platform FROM merchant_data WHERE (version > 0) AND (external_id = 'matched-merchant') LIMIT 1000 OFFSET 0
[TeaQL SQL][query][370us] 1 rows returned outcome=success batchOutcome=not_applicable comment=matched merchant read with relation purpose=matched benchmark read auditReason= tracePath=[0:OPERATION:Merchant=query -> 1:REQUEST:Merchant= -> 2:RELATION:platform=Merchant.platform -> 3:PROVIDER:postgresql= -> 4:SQL:select=] mutationLineage=[]
SQL: -- TeaQL PLAIN
SELECT id, create_time AS createTime, last_update_time AS lastUpdateTime, name, version FROM platform_data WHERE (version > 0) AND (id = 1) LIMIT 1 OFFSET 0
[TeaQL SQL][query][280us] 1 rows returned outcome=success batchOutcome=not_applicable comment=matched merchant read with relation purpose=matched benchmark read auditReason= tracePath=[0:OPERATION:Merchant=query -> 1:REQUEST:Merchant= -> 2:PROVIDER:postgresql= -> 3:SQL:select=] mutationLineage=[]
SQL: -- TeaQL PLAIN
SELECT id, name, code, external_id AS externalId, task_life_hours AS taskLifeHours, version, platform FROM merchant_data WHERE (version > 0) AND (external_id = 'matched-merchant') LIMIT 1000 OFFSET 0
[TeaQL SQL][query][271us] 1 rows returned outcome=success batchOutcome=not_applicable comment=matched merchant read with relation purpose=matched benchmark read auditReason= tracePath=[0:OPERATION:Merchant=query -> 1:REQUEST:Merchant= -> 2:RELATION:platform=Merchant.platform -> 3:PROVIDER:postgresql= -> 4:SQL:select=] mutationLineage=[]
SQL: -- TeaQL PLAIN
SELECT id, create_time AS createTime, last_update_time AS lastUpdateTime, name, version FROM platform_data WHERE (version > 0) AND (id = 1) LIMIT 1 OFFSET 0
[TeaQL SQL][query][480us] 1 rows returned outcome=success batchOutcome=not_applicable comment=matched merchant read with relation purpose=matched benchmark read auditReason= tracePath=[0:OPERATION:Merchant=query -> 1:REQUEST:Merchant= -> 2:PROVIDER:postgresql= -> 3:SQL:select=] mutationLineage=[]
SQL: -- TeaQL PLAIN
SELECT id, name, code, external_id AS externalId, task_life_hours AS taskLifeHours, version, platform FROM merchant_data WHERE (version > 0) AND (external_id = 'matched-merchant') LIMIT 1000 OFFSET 0
[TeaQL SQL][query][348us] 1 rows returned outcome=success batchOutcome=not_applicable comment=matched merchant read with relation purpose=matched benchmark read auditReason= tracePath=[0:OPERATION:Merchant=query -> 1:REQUEST:Merchant= -> 2:RELATION:platform=Merchant.platform -> 3:PROVIDER:postgresql= -> 4:SQL:select=] mutationLineage=[]
SQL: -- TeaQL PLAIN
SELECT id, create_time AS createTime, last_update_time AS lastUpdateTime, name, version FROM platform_data WHERE (version > 0) AND (id = 1) LIMIT 1 OFFSET 0
[TeaQL SQL][query][403us] 1 rows returned outcome=success batchOutcome=not_applicable comment=matched merchant read with relation purpose=matched benchmark read auditReason= tracePath=[0:OPERATION:Merchant=query -> 1:REQUEST:Merchant= -> 2:PROVIDER:postgresql= -> 3:SQL:select=] mutationLineage=[]
SQL: -- TeaQL PLAIN
SELECT id, name, code, external_id AS externalId, task_life_hours AS taskLifeHours, version, platform FROM merchant_data WHERE (version > 0) AND (external_id = 'matched-merchant') LIMIT 1000 OFFSET 0
[TeaQL SQL][query][354us] 1 rows returned outcome=success batchOutcome=not_applicable comment=matched merchant read with relation purpose=matched benchmark read auditReason= tracePath=[0:OPERATION:Merchant=query -> 1:REQUEST:Merchant= -> 2:RELATION:platform=Merchant.platform -> 3:PROVIDER:postgresql= -> 4:SQL:select=] mutationLineage=[]
SQL: -- TeaQL PLAIN
SELECT id, create_time AS createTime, last_update_time AS lastUpdateTime, name, version FROM platform_data WHERE (version > 0) AND (id = 1) LIMIT 1 OFFSET 0
[TeaQL SQL][query][365us] 1 rows returned outcome=success batchOutcome=not_applicable comment=matched merchant read with relation purpose=matched benchmark read auditReason= tracePath=[0:OPERATION:Merchant=query -> 1:REQUEST:Merchant= -> 2:PROVIDER:postgresql= -> 3:SQL:select=] mutationLineage=[]
SQL: -- TeaQL PLAIN
SELECT id, name, code, external_id AS externalId, task_life_hours AS taskLifeHours, version, platform FROM merchant_data WHERE (version > 0) AND (external_id = 'matched-merchant') LIMIT 1000 OFFSET 0
[TeaQL SQL][query][401us] 1 rows returned outcome=success batchOutcome=not_applicable comment=matched merchant read with relation purpose=matched benchmark read auditReason= tracePath=[0:OPERATION:Merchant=query -> 1:REQUEST:Merchant= -> 2:RELATION:platform=Merchant.platform -> 3:PROVIDER:postgresql= -> 4:SQL:select=] mutationLineage=[]
SQL: -- TeaQL PLAIN
SELECT id, create_time AS createTime, last_update_time AS lastUpdateTime, name, version FROM platform_data WHERE (version > 0) AND (id = 1) LIMIT 1 OFFSET 0
[TeaQL SQL][query][408us] 1 rows returned outcome=success batchOutcome=not_applicable comment=matched merchant read with relation purpose=matched benchmark read auditReason= tracePath=[0:OPERATION:Merchant=query -> 1:REQUEST:Merchant= -> 2:PROVIDER:postgresql= -> 3:SQL:select=] mutationLineage=[]
SQL: -- TeaQL PLAIN
SELECT id, name, code, external_id AS externalId, task_life_hours AS taskLifeHours, version, platform FROM merchant_data WHERE (version > 0) AND (external_id = 'matched-merchant') LIMIT 1000 OFFSET 0
[TeaQL SQL][query][262us] 1 rows returned outcome=success batchOutcome=not_applicable comment=matched merchant read with relation purpose=matched benchmark read auditReason= tracePath=[0:OPERATION:Merchant=query -> 1:REQUEST:Merchant= -> 2:RELATION:platform=Merchant.platform -> 3:PROVIDER:postgresql= -> 4:SQL:select=] mutationLineage=[]
SQL: -- TeaQL PLAIN
SELECT id, create_time AS createTime, last_update_time AS lastUpdateTime, name, version FROM platform_data WHERE (version > 0) AND (id = 1) LIMIT 1 OFFSET 0
[TeaQL SQL][query][342us] 1 rows returned outcome=success batchOutcome=not_applicable comment=matched merchant read with relation purpose=matched benchmark read auditReason= tracePath=[0:OPERATION:Merchant=query -> 1:REQUEST:Merchant= -> 2:PROVIDER:postgresql= -> 3:SQL:select=] mutationLineage=[]
SQL: -- TeaQL PLAIN
SELECT id, name, code, external_id AS externalId, task_life_hours AS taskLifeHours, version, platform FROM merchant_data WHERE (version > 0) AND (external_id = 'matched-merchant') LIMIT 1000 OFFSET 0
[TeaQL SQL][query][269us] 1 rows returned outcome=success batchOutcome=not_applicable comment=matched merchant read with relation purpose=matched benchmark read auditReason= tracePath=[0:OPERATION:Merchant=query -> 1:REQUEST:Merchant= -> 2:RELATION:platform=Merchant.platform -> 3:PROVIDER:postgresql= -> 4:SQL:select=] mutationLineage=[]
SQL: -- TeaQL PLAIN
SELECT id, create_time AS createTime, last_update_time AS lastUpdateTime, name, version FROM platform_data WHERE (version > 0) AND (id = 1) LIMIT 1 OFFSET 0
[TeaQL SQL][query][320us] 1 rows returned outcome=success batchOutcome=not_applicable comment=matched merchant read with relation purpose=matched benchmark read auditReason= tracePath=[0:OPERATION:Merchant=query -> 1:REQUEST:Merchant= -> 2:PROVIDER:postgresql= -> 3:SQL:select=] mutationLineage=[]
SQL: -- TeaQL PLAIN
SELECT id, name, code, external_id AS externalId, task_life_hours AS taskLifeHours, version, platform FROM merchant_data WHERE (version > 0) AND (external_id = 'matched-merchant') LIMIT 1000 OFFSET 0
[TeaQL SQL][query][279us] 1 rows returned outcome=success batchOutcome=not_applicable comment=matched merchant read with relation purpose=matched benchmark read auditReason= tracePath=[0:OPERATION:Merchant=query -> 1:REQUEST:Merchant= -> 2:RELATION:platform=Merchant.platform -> 3:PROVIDER:postgresql= -> 4:SQL:select=] mutationLineage=[]
SQL: -- TeaQL PLAIN
SELECT id, create_time AS createTime, last_update_time AS lastUpdateTime, name, version FROM platform_data WHERE (version > 0) AND (id = 1) LIMIT 1 OFFSET 0
[TeaQL SQL][query][318us] 1 rows returned outcome=success batchOutcome=not_applicable comment=matched merchant read with relation purpose=matched benchmark read auditReason= tracePath=[0:OPERATION:Merchant=query -> 1:REQUEST:Merchant= -> 2:PROVIDER:postgresql= -> 3:SQL:select=] mutationLineage=[]
SQL: -- TeaQL PLAIN
SELECT id, name, code, external_id AS externalId, task_life_hours AS taskLifeHours, version, platform FROM merchant_data WHERE (version > 0) AND (external_id = 'matched-merchant') LIMIT 1000 OFFSET 0
[TeaQL SQL][query][331us] 1 rows returned outcome=success batchOutcome=not_applicable comment=matched merchant read with relation purpose=matched benchmark read auditReason= tracePath=[0:OPERATION:Merchant=query -> 1:REQUEST:Merchant= -> 2:RELATION:platform=Merchant.platform -> 3:PROVIDER:postgresql= -> 4:SQL:select=] mutationLineage=[]
SQL: -- TeaQL PLAIN
SELECT id, create_time AS createTime, last_update_time AS lastUpdateTime, name, version FROM platform_data WHERE (version > 0) AND (id = 1) LIMIT 1 OFFSET 0
[TeaQL SQL][query][393us] 1 rows returned outcome=success batchOutcome=not_applicable comment=matched merchant read with relation purpose=matched benchmark read auditReason= tracePath=[0:OPERATION:Merchant=query -> 1:REQUEST:Merchant= -> 2:PROVIDER:postgresql= -> 3:SQL:select=] mutationLineage=[]
SQL: -- TeaQL PLAIN
SELECT id, name, code, external_id AS externalId, task_life_hours AS taskLifeHours, version, platform FROM merchant_data WHERE (version > 0) AND (external_id = 'matched-merchant') LIMIT 1000 OFFSET 0
[TeaQL SQL][query][400us] 1 rows returned outcome=success batchOutcome=not_applicable comment=matched merchant read with relation purpose=matched benchmark read auditReason= tracePath=[0:OPERATION:Merchant=query -> 1:REQUEST:Merchant= -> 2:RELATION:platform=Merchant.platform -> 3:PROVIDER:postgresql= -> 4:SQL:select=] mutationLineage=[]
SQL: -- TeaQL PLAIN
SELECT id, create_time AS createTime, last_update_time AS lastUpdateTime, name, version FROM platform_data WHERE (version > 0) AND (id = 1) LIMIT 1 OFFSET 0
[TeaQL SQL][query][449us] 1 rows returned outcome=success batchOutcome=not_applicable comment=matched merchant read with relation purpose=matched benchmark read auditReason= tracePath=[0:OPERATION:Merchant=query -> 1:REQUEST:Merchant= -> 2:PROVIDER:postgresql= -> 3:SQL:select=] mutationLineage=[]
SQL: -- TeaQL PLAIN
SELECT id, name, code, external_id AS externalId, task_life_hours AS taskLifeHours, version, platform FROM merchant_data WHERE (version > 0) AND (external_id = 'matched-merchant') LIMIT 1000 OFFSET 0
[TeaQL SQL][query][307us] 1 rows returned outcome=success batchOutcome=not_applicable comment=matched merchant read with relation purpose=matched benchmark read auditReason= tracePath=[0:OPERATION:Merchant=query -> 1:REQUEST:Merchant= -> 2:PROVIDER:postgresql= -> 3:SQL:select=] mutationLineage=[]
SQL: -- TeaQL PLAIN
SELECT id, name, code, external_id AS externalId, task_life_hours AS taskLifeHours, version, platform FROM merchant_data WHERE (version > 0) AND (external_id = 'matched-merchant') LIMIT 1000 OFFSET 0
[TeaQL SQL][query][330us] 1 rows returned outcome=success batchOutcome=not_applicable comment=matched merchant read with relation purpose=matched benchmark read auditReason= tracePath=[0:OPERATION:Merchant=query -> 1:REQUEST:Merchant= -> 2:RELATION:platform=Merchant.platform -> 3:PROVIDER:postgresql= -> 4:SQL:select=] mutationLineage=[]
SQL: -- TeaQL PLAIN
SELECT id, create_time AS createTime, last_update_time AS lastUpdateTime, name, version FROM platform_data WHERE (version > 0) AND (id = 1) LIMIT 1 OFFSET 0
[TeaQL SQL][query][352us] 1 rows returned outcome=success batchOutcome=not_applicable comment=matched merchant read with relation purpose=matched benchmark read auditReason= tracePath=[0:OPERATION:Merchant=query -> 1:REQUEST:Merchant= -> 2:RELATION:platform=Merchant.platform -> 3:PROVIDER:postgresql= -> 4:SQL:select=] mutationLineage=[]
SQL: -- TeaQL PLAIN
SELECT id, create_time AS createTime, last_update_time AS lastUpdateTime, name, version FROM platform_data WHERE (version > 0) AND (id = 1) LIMIT 1 OFFSET 0
[TeaQL SQL][query][350us] 1 rows returned outcome=success batchOutcome=not_applicable comment=matched merchant read with relation purpose=matched benchmark read auditReason= tracePath=[0:OPERATION:Merchant=query -> 1:REQUEST:Merchant= -> 2:PROVIDER:postgresql= -> 3:SQL:select=] mutationLineage=[]
SQL: -- TeaQL PLAIN
SELECT id, name, code, external_id AS externalId, task_life_hours AS taskLifeHours, version, platform FROM merchant_data WHERE (version > 0) AND (external_id = 'matched-merchant') LIMIT 1000 OFFSET 0
[TeaQL SQL][query][283us] 1 rows returned outcome=success batchOutcome=not_applicable comment=matched merchant read with relation purpose=matched benchmark read auditReason= tracePath=[0:OPERATION:Merchant=query -> 1:REQUEST:Merchant= -> 2:RELATION:platform=Merchant.platform -> 3:PROVIDER:postgresql= -> 4:SQL:select=] mutationLineage=[]
SQL: -- TeaQL PLAIN
SELECT id, create_time AS createTime, last_update_time AS lastUpdateTime, name, version FROM platform_data WHERE (version > 0) AND (id = 1) LIMIT 1 OFFSET 0
[TeaQL SQL][query][370us] 1 rows returned outcome=success batchOutcome=not_applicable comment=matched merchant read with relation purpose=matched benchmark read auditReason= tracePath=[0:OPERATION:Merchant=query -> 1:REQUEST:Merchant= -> 2:PROVIDER:postgresql= -> 3:SQL:select=] mutationLineage=[]
SQL: -- TeaQL PLAIN
SELECT id, name, code, external_id AS externalId, task_life_hours AS taskLifeHours, version, platform FROM merchant_data WHERE (version > 0) AND (external_id = 'matched-merchant') LIMIT 1000 OFFSET 0
[TeaQL SQL][query][321us] 1 rows returned outcome=success batchOutcome=not_applicable comment=matched merchant read with relation purpose=matched benchmark read auditReason= tracePath=[0:OPERATION:Merchant=query -> 1:REQUEST:Merchant= -> 2:RELATION:platform=Merchant.platform -> 3:PROVIDER:postgresql= -> 4:SQL:select=] mutationLineage=[]
SQL: -- TeaQL PLAIN
SELECT id, create_time AS createTime, last_update_time AS lastUpdateTime, name, version FROM platform_data WHERE (version > 0) AND (id = 1) LIMIT 1 OFFSET 0
[TeaQL SQL][query][335us] 1 rows returned outcome=success batchOutcome=not_applicable comment=matched merchant read with relation purpose=matched benchmark read auditReason= tracePath=[0:OPERATION:Merchant=query -> 1:REQUEST:Merchant= -> 2:PROVIDER:postgresql= -> 3:SQL:select=] mutationLineage=[]
SQL: -- TeaQL PLAIN
SELECT id, name, code, external_id AS externalId, task_life_hours AS taskLifeHours, version, platform FROM merchant_data WHERE (version > 0) AND (external_id = 'matched-merchant') LIMIT 1000 OFFSET 0
[TeaQL SQL][query][310us] 1 rows returned outcome=success batchOutcome=not_applicable comment=matched merchant read with relation purpose=matched benchmark read auditReason= tracePath=[0:OPERATION:Merchant=query -> 1:REQUEST:Merchant= -> 2:RELATION:platform=Merchant.platform -> 3:PROVIDER:postgresql= -> 4:SQL:select=] mutationLineage=[]
SQL: -- TeaQL PLAIN
SELECT id, create_time AS createTime, last_update_time AS lastUpdateTime, name, version FROM platform_data WHERE (version > 0) AND (id = 1) LIMIT 1 OFFSET 0
[TeaQL SQL][query][341us] 1 rows returned outcome=success batchOutcome=not_applicable comment=matched merchant read with relation purpose=matched benchmark read auditReason= tracePath=[0:OPERATION:Merchant=query -> 1:REQUEST:Merchant= -> 2:PROVIDER:postgresql= -> 3:SQL:select=] mutationLineage=[]
SQL: -- TeaQL PLAIN
SELECT id, name, code, external_id AS externalId, task_life_hours AS taskLifeHours, version, platform FROM merchant_data WHERE (version > 0) AND (external_id = 'matched-merchant') LIMIT 1000 OFFSET 0
[TeaQL SQL][query][348us] 1 rows returned outcome=success batchOutcome=not_applicable comment=matched merchant read with relation purpose=matched benchmark read auditReason= tracePath=[0:OPERATION:Merchant=query -> 1:REQUEST:Merchant= -> 2:RELATION:platform=Merchant.platform -> 3:PROVIDER:postgresql= -> 4:SQL:select=] mutationLineage=[]
SQL: -- TeaQL PLAIN
SELECT id, create_time AS createTime, last_update_time AS lastUpdateTime, name, version FROM platform_data WHERE (version > 0) AND (id = 1) LIMIT 1 OFFSET 0
[TeaQL SQL][query][284us] 1 rows returned outcome=success batchOutcome=not_applicable comment=matched merchant read with relation purpose=matched benchmark read auditReason= tracePath=[0:OPERATION:Merchant=query -> 1:REQUEST:Merchant= -> 2:PROVIDER:postgresql= -> 3:SQL:select=] mutationLineage=[]
SQL: -- TeaQL PLAIN
SELECT id, name, code, external_id AS externalId, task_life_hours AS taskLifeHours, version, platform FROM merchant_data WHERE (version > 0) AND (external_id = 'matched-merchant') LIMIT 1000 OFFSET 0
[TeaQL SQL][query][312us] 1 rows returned outcome=success batchOutcome=not_applicable comment=matched merchant read with relation purpose=matched benchmark read auditReason= tracePath=[0:OPERATION:Merchant=query -> 1:REQUEST:Merchant= -> 2:RELATION:platform=Merchant.platform -> 3:PROVIDER:postgresql= -> 4:SQL:select=] mutationLineage=[]
SQL: -- TeaQL PLAIN
SELECT id, create_time AS createTime, last_update_time AS lastUpdateTime, name, version FROM platform_data WHERE (version > 0) AND (id = 1) LIMIT 1 OFFSET 0
[TeaQL SQL][query][546us] 1 rows returned outcome=success batchOutcome=not_applicable comment=matched merchant read with relation purpose=matched benchmark read auditReason= tracePath=[0:OPERATION:Merchant=query -> 1:REQUEST:Merchant= -> 2:PROVIDER:postgresql= -> 3:SQL:select=] mutationLineage=[]
SQL: -- TeaQL PLAIN
SELECT id, name, code, external_id AS externalId, task_life_hours AS taskLifeHours, version, platform FROM merchant_data WHERE (version > 0) AND (external_id = 'matched-merchant') LIMIT 1000 OFFSET 0
[TeaQL SQL][query][352us] 1 rows returned outcome=success batchOutcome=not_applicable comment=matched merchant read with relation purpose=matched benchmark read auditReason= tracePath=[0:OPERATION:Merchant=query -> 1:REQUEST:Merchant= -> 2:PROVIDER:postgresql= -> 3:SQL:select=] mutationLineage=[]
SQL: -- TeaQL PLAIN
SELECT id, name, code, external_id AS externalId, task_life_hours AS taskLifeHours, version, platform FROM merchant_data WHERE (version > 0) AND (external_id = 'matched-merchant') LIMIT 1000 OFFSET 0
[TeaQL SQL][query][315us] 1 rows returned outcome=success batchOutcome=not_applicable comment=matched merchant read with relation purpose=matched benchmark read auditReason= tracePath=[0:OPERATION:Merchant=query -> 1:REQUEST:Merchant= -> 2:RELATION:platform=Merchant.platform -> 3:PROVIDER:postgresql= -> 4:SQL:select=] mutationLineage=[]
SQL: -- TeaQL PLAIN
SELECT id, create_time AS createTime, last_update_time AS lastUpdateTime, name, version FROM platform_data WHERE (version > 0) AND (id = 1) LIMIT 1 OFFSET 0
[TeaQL SQL][query][385us] 1 rows returned outcome=success batchOutcome=not_applicable comment=matched merchant read with relation purpose=matched benchmark read auditReason= tracePath=[0:OPERATION:Merchant=query -> 1:REQUEST:Merchant= -> 2:RELATION:platform=Merchant.platform -> 3:PROVIDER:postgresql= -> 4:SQL:select=] mutationLineage=[]
SQL: -- TeaQL PLAIN
SELECT id, create_time AS createTime, last_update_time AS lastUpdateTime, name, version FROM platform_data WHERE (version > 0) AND (id = 1) LIMIT 1 OFFSET 0
[TeaQL SQL][query][282us] 1 rows returned outcome=success batchOutcome=not_applicable comment=matched merchant read with relation purpose=matched benchmark read auditReason= tracePath=[0:OPERATION:Merchant=query -> 1:REQUEST:Merchant= -> 2:PROVIDER:postgresql= -> 3:SQL:select=] mutationLineage=[]
SQL: -- TeaQL PLAIN
SELECT id, name, code, external_id AS externalId, task_life_hours AS taskLifeHours, version, platform FROM merchant_data WHERE (version > 0) AND (external_id = 'matched-merchant') LIMIT 1000 OFFSET 0
[TeaQL SQL][query][327us] 1 rows returned outcome=success batchOutcome=not_applicable comment=matched merchant read with relation purpose=matched benchmark read auditReason= tracePath=[0:OPERATION:Merchant=query -> 1:REQUEST:Merchant= -> 2:RELATION:platform=Merchant.platform -> 3:PROVIDER:postgresql= -> 4:SQL:select=] mutationLineage=[]
SQL: -- TeaQL PLAIN
SELECT id, create_time AS createTime, last_update_time AS lastUpdateTime, name, version FROM platform_data WHERE (version > 0) AND (id = 1) LIMIT 1 OFFSET 0
[TeaQL SQL][query][320us] 1 rows returned outcome=success batchOutcome=not_applicable comment=matched merchant read with relation purpose=matched benchmark read auditReason= tracePath=[0:OPERATION:Merchant=query -> 1:REQUEST:Merchant= -> 2:PROVIDER:postgresql= -> 3:SQL:select=] mutationLineage=[]
SQL: -- TeaQL PLAIN
SELECT id, name, code, external_id AS externalId, task_life_hours AS taskLifeHours, version, platform FROM merchant_data WHERE (version > 0) AND (external_id = 'matched-merchant') LIMIT 1000 OFFSET 0
[TeaQL SQL][query][273us] 1 rows returned outcome=success batchOutcome=not_applicable comment=matched merchant read with relation purpose=matched benchmark read auditReason= tracePath=[0:OPERATION:Merchant=query -> 1:REQUEST:Merchant= -> 2:RELATION:platform=Merchant.platform -> 3:PROVIDER:postgresql= -> 4:SQL:select=] mutationLineage=[]
SQL: -- TeaQL PLAIN
SELECT id, create_time AS createTime, last_update_time AS lastUpdateTime, name, version FROM platform_data WHERE (version > 0) AND (id = 1) LIMIT 1 OFFSET 0
[TeaQL SQL][query][335us] 1 rows returned outcome=success batchOutcome=not_applicable comment=matched merchant read with relation purpose=matched benchmark read auditReason= tracePath=[0:OPERATION:Merchant=query -> 1:REQUEST:Merchant= -> 2:PROVIDER:postgresql= -> 3:SQL:select=] mutationLineage=[]
SQL: -- TeaQL PLAIN
SELECT id, name, code, external_id AS externalId, task_life_hours AS taskLifeHours, version, platform FROM merchant_data WHERE (version > 0) AND (external_id = 'matched-merchant') LIMIT 1000 OFFSET 0
[TeaQL SQL][query][321us] 1 rows returned outcome=success batchOutcome=not_applicable comment=matched merchant read with relation purpose=matched benchmark read auditReason= tracePath=[0:OPERATION:Merchant=query -> 1:REQUEST:Merchant= -> 2:RELATION:platform=Merchant.platform -> 3:PROVIDER:postgresql= -> 4:SQL:select=] mutationLineage=[]
SQL: -- TeaQL PLAIN
SELECT id, create_time AS createTime, last_update_time AS lastUpdateTime, name, version FROM platform_data WHERE (version > 0) AND (id = 1) LIMIT 1 OFFSET 0
[TeaQL SQL][query][291us] 1 rows returned outcome=success batchOutcome=not_applicable comment=matched merchant read with relation purpose=matched benchmark read auditReason= tracePath=[0:OPERATION:Merchant=query -> 1:REQUEST:Merchant= -> 2:PROVIDER:postgresql= -> 3:SQL:select=] mutationLineage=[]
SQL: -- TeaQL PLAIN
SELECT id, name, code, external_id AS externalId, task_life_hours AS taskLifeHours, version, platform FROM merchant_data WHERE (version > 0) AND (external_id = 'matched-merchant') LIMIT 1000 OFFSET 0
[TeaQL SQL][query][333us] 1 rows returned outcome=success batchOutcome=not_applicable comment=matched merchant read with relation purpose=matched benchmark read auditReason= tracePath=[0:OPERATION:Merchant=query -> 1:REQUEST:Merchant= -> 2:RELATION:platform=Merchant.platform -> 3:PROVIDER:postgresql= -> 4:SQL:select=] mutationLineage=[]
SQL: -- TeaQL PLAIN
SELECT id, create_time AS createTime, last_update_time AS lastUpdateTime, name, version FROM platform_data WHERE (version > 0) AND (id = 1) LIMIT 1 OFFSET 0
[TeaQL SQL][query][524us] 1 rows returned outcome=success batchOutcome=not_applicable comment=matched merchant read with relation purpose=matched benchmark read auditReason= tracePath=[0:OPERATION:Merchant=query -> 1:REQUEST:Merchant= -> 2:PROVIDER:postgresql= -> 3:SQL:select=] mutationLineage=[]
SQL: -- TeaQL PLAIN
SELECT id, name, code, external_id AS externalId, task_life_hours AS taskLifeHours, version, platform FROM merchant_data WHERE (version > 0) AND (external_id = 'matched-merchant') LIMIT 1000 OFFSET 0
[TeaQL SQL][query][485us] 1 rows returned outcome=success batchOutcome=not_applicable comment=matched merchant read with relation purpose=matched benchmark read auditReason= tracePath=[0:OPERATION:Merchant=query -> 1:REQUEST:Merchant= -> 2:PROVIDER:postgresql= -> 3:SQL:select=] mutationLineage=[]
SQL: -- TeaQL PLAIN
SELECT id, name, code, external_id AS externalId, task_life_hours AS taskLifeHours, version, platform FROM merchant_data WHERE (version > 0) AND (external_id = 'matched-merchant') LIMIT 1000 OFFSET 0
[TeaQL SQL][query][342us] 1 rows returned outcome=success batchOutcome=not_applicable comment=matched merchant read with relation purpose=matched benchmark read auditReason= tracePath=[0:OPERATION:Merchant=query -> 1:REQUEST:Merchant= -> 2:RELATION:platform=Merchant.platform -> 3:PROVIDER:postgresql= -> 4:SQL:select=] mutationLineage=[]
SQL: -- TeaQL PLAIN
SELECT id, create_time AS createTime, last_update_time AS lastUpdateTime, name, version FROM platform_data WHERE (version > 0) AND (id = 1) LIMIT 1 OFFSET 0
[TeaQL SQL][query][293us] 1 rows returned outcome=success batchOutcome=not_applicable comment=matched merchant read with relation purpose=matched benchmark read auditReason= tracePath=[0:OPERATION:Merchant=query -> 1:REQUEST:Merchant= -> 2:RELATION:platform=Merchant.platform -> 3:PROVIDER:postgresql= -> 4:SQL:select=] mutationLineage=[]
SQL: -- TeaQL PLAIN
SELECT id, create_time AS createTime, last_update_time AS lastUpdateTime, name, version FROM platform_data WHERE (version > 0) AND (id = 1) LIMIT 1 OFFSET 0
[TeaQL SQL][query][413us] 1 rows returned outcome=success batchOutcome=not_applicable comment=matched merchant read with relation purpose=matched benchmark read auditReason= tracePath=[0:OPERATION:Merchant=query -> 1:REQUEST:Merchant= -> 2:PROVIDER:postgresql= -> 3:SQL:select=] mutationLineage=[]
SQL: -- TeaQL PLAIN
SELECT id, name, code, external_id AS externalId, task_life_hours AS taskLifeHours, version, platform FROM merchant_data WHERE (version > 0) AND (external_id = 'matched-merchant') LIMIT 1000 OFFSET 0
[TeaQL SQL][query][282us] 1 rows returned outcome=success batchOutcome=not_applicable comment=matched merchant read with relation purpose=matched benchmark read auditReason= tracePath=[0:OPERATION:Merchant=query -> 1:REQUEST:Merchant= -> 2:RELATION:platform=Merchant.platform -> 3:PROVIDER:postgresql= -> 4:SQL:select=] mutationLineage=[]
SQL: -- TeaQL PLAIN
SELECT id, create_time AS createTime, last_update_time AS lastUpdateTime, name, version FROM platform_data WHERE (version > 0) AND (id = 1) LIMIT 1 OFFSET 0
[TeaQL SQL][query][299us] 1 rows returned outcome=success batchOutcome=not_applicable comment=matched merchant read with relation purpose=matched benchmark read auditReason= tracePath=[0:OPERATION:Merchant=query -> 1:REQUEST:Merchant= -> 2:PROVIDER:postgresql= -> 3:SQL:select=] mutationLineage=[]
SQL: -- TeaQL PLAIN
SELECT id, name, code, external_id AS externalId, task_life_hours AS taskLifeHours, version, platform FROM merchant_data WHERE (version > 0) AND (external_id = 'matched-merchant') LIMIT 1000 OFFSET 0
[TeaQL SQL][query][268us] 1 rows returned outcome=success batchOutcome=not_applicable comment=matched merchant read with relation purpose=matched benchmark read auditReason= tracePath=[0:OPERATION:Merchant=query -> 1:REQUEST:Merchant= -> 2:RELATION:platform=Merchant.platform -> 3:PROVIDER:postgresql= -> 4:SQL:select=] mutationLineage=[]
SQL: -- TeaQL PLAIN
SELECT id, create_time AS createTime, last_update_time AS lastUpdateTime, name, version FROM platform_data WHERE (version > 0) AND (id = 1) LIMIT 1 OFFSET 0
[TeaQL SQL][query][316us] 1 rows returned outcome=success batchOutcome=not_applicable comment=matched merchant read with relation purpose=matched benchmark read auditReason= tracePath=[0:OPERATION:Merchant=query -> 1:REQUEST:Merchant= -> 2:PROVIDER:postgresql= -> 3:SQL:select=] mutationLineage=[]
SQL: -- TeaQL PLAIN
SELECT id, name, code, external_id AS externalId, task_life_hours AS taskLifeHours, version, platform FROM merchant_data WHERE (version > 0) AND (external_id = 'matched-merchant') LIMIT 1000 OFFSET 0
[TeaQL SQL][query][280us] 1 rows returned outcome=success batchOutcome=not_applicable comment=matched merchant read with relation purpose=matched benchmark read auditReason= tracePath=[0:OPERATION:Merchant=query -> 1:REQUEST:Merchant= -> 2:RELATION:platform=Merchant.platform -> 3:PROVIDER:postgresql= -> 4:SQL:select=] mutationLineage=[]
SQL: -- TeaQL PLAIN
SELECT id, create_time AS createTime, last_update_time AS lastUpdateTime, name, version FROM platform_data WHERE (version > 0) AND (id = 1) LIMIT 1 OFFSET 0
[TeaQL SQL][query][285us] 1 rows returned outcome=success batchOutcome=not_applicable comment=matched merchant read with relation purpose=matched benchmark read auditReason= tracePath=[0:OPERATION:Merchant=query -> 1:REQUEST:Merchant= -> 2:PROVIDER:postgresql= -> 3:SQL:select=] mutationLineage=[]
SQL: -- TeaQL PLAIN
SELECT id, name, code, external_id AS externalId, task_life_hours AS taskLifeHours, version, platform FROM merchant_data WHERE (version > 0) AND (external_id = 'matched-merchant') LIMIT 1000 OFFSET 0
[TeaQL SQL][query][308us] 1 rows returned outcome=success batchOutcome=not_applicable comment=matched merchant read with relation purpose=matched benchmark read auditReason= tracePath=[0:OPERATION:Merchant=query -> 1:REQUEST:Merchant= -> 2:RELATION:platform=Merchant.platform -> 3:PROVIDER:postgresql= -> 4:SQL:select=] mutationLineage=[]
SQL: -- TeaQL PLAIN
SELECT id, create_time AS createTime, last_update_time AS lastUpdateTime, name, version FROM platform_data WHERE (version > 0) AND (id = 1) LIMIT 1 OFFSET 0
[TeaQL SQL][query][310us] 1 rows returned outcome=success batchOutcome=not_applicable comment=matched merchant read with relation purpose=matched benchmark read auditReason= tracePath=[0:OPERATION:Merchant=query -> 1:REQUEST:Merchant= -> 2:PROVIDER:postgresql= -> 3:SQL:select=] mutationLineage=[]
SQL: -- TeaQL PLAIN
SELECT id, name, code, external_id AS externalId, task_life_hours AS taskLifeHours, version, platform FROM merchant_data WHERE (version > 0) AND (external_id = 'matched-merchant') LIMIT 1000 OFFSET 0
[TeaQL SQL][query][314us] 1 rows returned outcome=success batchOutcome=not_applicable comment=matched merchant read with relation purpose=matched benchmark read auditReason= tracePath=[0:OPERATION:Merchant=query -> 1:REQUEST:Merchant= -> 2:RELATION:platform=Merchant.platform -> 3:PROVIDER:postgresql= -> 4:SQL:select=] mutationLineage=[]
SQL: -- TeaQL PLAIN
SELECT id, create_time AS createTime, last_update_time AS lastUpdateTime, name, version FROM platform_data WHERE (version > 0) AND (id = 1) LIMIT 1 OFFSET 0
[TeaQL SQL][query][449us] 1 rows returned outcome=success batchOutcome=not_applicable comment=matched merchant read with relation purpose=matched benchmark read auditReason= tracePath=[0:OPERATION:Merchant=query -> 1:REQUEST:Merchant= -> 2:PROVIDER:postgresql= -> 3:SQL:select=] mutationLineage=[]
SQL: -- TeaQL PLAIN
SELECT id, name, code, external_id AS externalId, task_life_hours AS taskLifeHours, version, platform FROM merchant_data WHERE (version > 0) AND (external_id = 'matched-merchant') LIMIT 1000 OFFSET 0
[TeaQL SQL][query][419us] 1 rows returned outcome=success batchOutcome=not_applicable comment=matched merchant read with relation purpose=matched benchmark read auditReason= tracePath=[0:OPERATION:Merchant=query -> 1:REQUEST:Merchant= -> 2:PROVIDER:postgresql= -> 3:SQL:select=] mutationLineage=[]
SQL: -- TeaQL PLAIN
SELECT id, name, code, external_id AS externalId, task_life_hours AS taskLifeHours, version, platform FROM merchant_data WHERE (version > 0) AND (external_id = 'matched-merchant') LIMIT 1000 OFFSET 0
[TeaQL SQL][query][415us] 1 rows returned outcome=success batchOutcome=not_applicable comment=matched merchant read with relation purpose=matched benchmark read auditReason= tracePath=[0:OPERATION:Merchant=query -> 1:REQUEST:Merchant= -> 2:RELATION:platform=Merchant.platform -> 3:PROVIDER:postgresql= -> 4:SQL:select=] mutationLineage=[]
SQL: -- TeaQL PLAIN
SELECT id, create_time AS createTime, last_update_time AS lastUpdateTime, name, version FROM platform_data WHERE (version > 0) AND (id = 1) LIMIT 1 OFFSET 0
[TeaQL SQL][query][419us] 1 rows returned outcome=success batchOutcome=not_applicable comment=matched merchant read with relation purpose=matched benchmark read auditReason= tracePath=[0:OPERATION:Merchant=query -> 1:REQUEST:Merchant= -> 2:RELATION:platform=Merchant.platform -> 3:PROVIDER:postgresql= -> 4:SQL:select=] mutationLineage=[]
SQL: -- TeaQL PLAIN
SELECT id, create_time AS createTime, last_update_time AS lastUpdateTime, name, version FROM platform_data WHERE (version > 0) AND (id = 1) LIMIT 1 OFFSET 0
[TeaQL SQL][query][547us] 1 rows returned outcome=success batchOutcome=not_applicable comment=matched merchant read with relation purpose=matched benchmark read auditReason= tracePath=[0:OPERATION:Merchant=query -> 1:REQUEST:Merchant= -> 2:PROVIDER:postgresql= -> 3:SQL:select=] mutationLineage=[]
SQL: -- TeaQL PLAIN
SELECT id, name, code, external_id AS externalId, task_life_hours AS taskLifeHours, version, platform FROM merchant_data WHERE (version > 0) AND (external_id = 'matched-merchant') LIMIT 1000 OFFSET 0
[TeaQL SQL][query][341us] 1 rows returned outcome=success batchOutcome=not_applicable comment=matched merchant read with relation purpose=matched benchmark read auditReason= tracePath=[0:OPERATION:Merchant=query -> 1:REQUEST:Merchant= -> 2:RELATION:platform=Merchant.platform -> 3:PROVIDER:postgresql= -> 4:SQL:select=] mutationLineage=[]
SQL: -- TeaQL PLAIN
SELECT id, create_time AS createTime, last_update_time AS lastUpdateTime, name, version FROM platform_data WHERE (version > 0) AND (id = 1) LIMIT 1 OFFSET 0
[TeaQL SQL][query][355us] 1 rows returned outcome=success batchOutcome=not_applicable comment=matched merchant read with relation purpose=matched benchmark read auditReason= tracePath=[0:OPERATION:Merchant=query -> 1:REQUEST:Merchant= -> 2:PROVIDER:postgresql= -> 3:SQL:select=] mutationLineage=[]
SQL: -- TeaQL PLAIN
SELECT id, name, code, external_id AS externalId, task_life_hours AS taskLifeHours, version, platform FROM merchant_data WHERE (version > 0) AND (external_id = 'matched-merchant') LIMIT 1000 OFFSET 0
[TeaQL SQL][query][255us] 1 rows returned outcome=success batchOutcome=not_applicable comment=matched merchant read with relation purpose=matched benchmark read auditReason= tracePath=[0:OPERATION:Merchant=query -> 1:REQUEST:Merchant= -> 2:RELATION:platform=Merchant.platform -> 3:PROVIDER:postgresql= -> 4:SQL:select=] mutationLineage=[]
SQL: -- TeaQL PLAIN
SELECT id, create_time AS createTime, last_update_time AS lastUpdateTime, name, version FROM platform_data WHERE (version > 0) AND (id = 1) LIMIT 1 OFFSET 0
[TeaQL SQL][query][448us] 1 rows returned outcome=success batchOutcome=not_applicable comment=matched merchant read with relation purpose=matched benchmark read auditReason= tracePath=[0:OPERATION:Merchant=query -> 1:REQUEST:Merchant= -> 2:PROVIDER:postgresql= -> 3:SQL:select=] mutationLineage=[]
SQL: -- TeaQL PLAIN
SELECT id, name, code, external_id AS externalId, task_life_hours AS taskLifeHours, version, platform FROM merchant_data WHERE (version > 0) AND (external_id = 'matched-merchant') LIMIT 1000 OFFSET 0
[TeaQL SQL][query][299us] 1 rows returned outcome=success batchOutcome=not_applicable comment=matched merchant read with relation purpose=matched benchmark read auditReason= tracePath=[0:OPERATION:Merchant=query -> 1:REQUEST:Merchant= -> 2:RELATION:platform=Merchant.platform -> 3:PROVIDER:postgresql= -> 4:SQL:select=] mutationLineage=[]
SQL: -- TeaQL PLAIN
SELECT id, create_time AS createTime, last_update_time AS lastUpdateTime, name, version FROM platform_data WHERE (version > 0) AND (id = 1) LIMIT 1 OFFSET 0
[TeaQL SQL][query][505us] 1 rows returned outcome=success batchOutcome=not_applicable comment=matched merchant read with relation purpose=matched benchmark read auditReason= tracePath=[0:OPERATION:Merchant=query -> 1:REQUEST:Merchant= -> 2:PROVIDER:postgresql= -> 3:SQL:select=] mutationLineage=[]
SQL: -- TeaQL PLAIN
SELECT id, name, code, external_id AS externalId, task_life_hours AS taskLifeHours, version, platform FROM merchant_data WHERE (version > 0) AND (external_id = 'matched-merchant') LIMIT 1000 OFFSET 0
[TeaQL SQL][query][432us] 1 rows returned outcome=success batchOutcome=not_applicable comment=matched merchant read with relation purpose=matched benchmark read auditReason= tracePath=[0:OPERATION:Merchant=query -> 1:REQUEST:Merchant= -> 2:PROVIDER:postgresql= -> 3:SQL:select=] mutationLineage=[]
SQL: -- TeaQL PLAIN
SELECT id, name, code, external_id AS externalId, task_life_hours AS taskLifeHours, version, platform FROM merchant_data WHERE (version > 0) AND (external_id = 'matched-merchant') LIMIT 1000 OFFSET 0
[TeaQL SQL][query][277us] 1 rows returned outcome=success batchOutcome=not_applicable comment=matched merchant read with relation purpose=matched benchmark read auditReason= tracePath=[0:OPERATION:Merchant=query -> 1:REQUEST:Merchant= -> 2:RELATION:platform=Merchant.platform -> 3:PROVIDER:postgresql= -> 4:SQL:select=] mutationLineage=[]
SQL: -- TeaQL PLAIN
SELECT id, create_time AS createTime, last_update_time AS lastUpdateTime, name, version FROM platform_data WHERE (version > 0) AND (id = 1) LIMIT 1 OFFSET 0
[TeaQL SQL][query][334us] 1 rows returned outcome=success batchOutcome=not_applicable comment=matched merchant read with relation purpose=matched benchmark read auditReason= tracePath=[0:OPERATION:Merchant=query -> 1:REQUEST:Merchant= -> 2:RELATION:platform=Merchant.platform -> 3:PROVIDER:postgresql= -> 4:SQL:select=] mutationLineage=[]
SQL: -- TeaQL PLAIN
SELECT id, create_time AS createTime, last_update_time AS lastUpdateTime, name, version FROM platform_data WHERE (version > 0) AND (id = 1) LIMIT 1 OFFSET 0
[TeaQL SQL][query][373us] 1 rows returned outcome=success batchOutcome=not_applicable comment=matched merchant read with relation purpose=matched benchmark read auditReason= tracePath=[0:OPERATION:Merchant=query -> 1:REQUEST:Merchant= -> 2:PROVIDER:postgresql= -> 3:SQL:select=] mutationLineage=[]
SQL: -- TeaQL PLAIN
SELECT id, name, code, external_id AS externalId, task_life_hours AS taskLifeHours, version, platform FROM merchant_data WHERE (version > 0) AND (external_id = 'matched-merchant') LIMIT 1000 OFFSET 0
[TeaQL SQL][query][320us] 1 rows returned outcome=success batchOutcome=not_applicable comment=matched merchant read with relation purpose=matched benchmark read auditReason= tracePath=[0:OPERATION:Merchant=query -> 1:REQUEST:Merchant= -> 2:RELATION:platform=Merchant.platform -> 3:PROVIDER:postgresql= -> 4:SQL:select=] mutationLineage=[]
SQL: -- TeaQL PLAIN
SELECT id, create_time AS createTime, last_update_time AS lastUpdateTime, name, version FROM platform_data WHERE (version > 0) AND (id = 1) LIMIT 1 OFFSET 0
[TeaQL SQL][query][370us] 1 rows returned outcome=success batchOutcome=not_applicable comment=matched merchant read with relation purpose=matched benchmark read auditReason= tracePath=[0:OPERATION:Merchant=query -> 1:REQUEST:Merchant= -> 2:PROVIDER:postgresql= -> 3:SQL:select=] mutationLineage=[]
SQL: -- TeaQL PLAIN
SELECT id, name, code, external_id AS externalId, task_life_hours AS taskLifeHours, version, platform FROM merchant_data WHERE (version > 0) AND (external_id = 'matched-merchant') LIMIT 1000 OFFSET 0
[TeaQL SQL][query][242us] 1 rows returned outcome=success batchOutcome=not_applicable comment=matched merchant read with relation purpose=matched benchmark read auditReason= tracePath=[0:OPERATION:Merchant=query -> 1:REQUEST:Merchant= -> 2:PROVIDER:postgresql= -> 3:SQL:select=] mutationLineage=[]
SQL: -- TeaQL PLAIN
SELECT id, name, code, external_id AS externalId, task_life_hours AS taskLifeHours, version, platform FROM merchant_data WHERE (version > 0) AND (external_id = 'matched-merchant') LIMIT 1000 OFFSET 0
[TeaQL SQL][query][302us] 1 rows returned outcome=success batchOutcome=not_applicable comment=matched merchant read with relation purpose=matched benchmark read auditReason= tracePath=[0:OPERATION:Merchant=query -> 1:REQUEST:Merchant= -> 2:RELATION:platform=Merchant.platform -> 3:PROVIDER:postgresql= -> 4:SQL:select=] mutationLineage=[]
SQL: -- TeaQL PLAIN
SELECT id, create_time AS createTime, last_update_time AS lastUpdateTime, name, version FROM platform_data WHERE (version > 0) AND (id = 1) LIMIT 1 OFFSET 0
[TeaQL SQL][query][274us] 1 rows returned outcome=success batchOutcome=not_applicable comment=matched merchant read with relation purpose=matched benchmark read auditReason= tracePath=[0:OPERATION:Merchant=query -> 1:REQUEST:Merchant= -> 2:RELATION:platform=Merchant.platform -> 3:PROVIDER:postgresql= -> 4:SQL:select=] mutationLineage=[]
SQL: -- TeaQL PLAIN
SELECT id, create_time AS createTime, last_update_time AS lastUpdateTime, name, version FROM platform_data WHERE (version > 0) AND (id = 1) LIMIT 1 OFFSET 0
[TeaQL SQL][query][265us] 1 rows returned outcome=success batchOutcome=not_applicable comment=matched merchant read with relation purpose=matched benchmark read auditReason= tracePath=[0:OPERATION:Merchant=query -> 1:REQUEST:Merchant= -> 2:PROVIDER:postgresql= -> 3:SQL:select=] mutationLineage=[]
SQL: -- TeaQL PLAIN
SELECT id, name, code, external_id AS externalId, task_life_hours AS taskLifeHours, version, platform FROM merchant_data WHERE (version > 0) AND (external_id = 'matched-merchant') LIMIT 1000 OFFSET 0
[TeaQL SQL][query][223us] 1 rows returned outcome=success batchOutcome=not_applicable comment=matched merchant read with relation purpose=matched benchmark read auditReason= tracePath=[0:OPERATION:Merchant=query -> 1:REQUEST:Merchant= -> 2:RELATION:platform=Merchant.platform -> 3:PROVIDER:postgresql= -> 4:SQL:select=] mutationLineage=[]
SQL: -- TeaQL PLAIN
SELECT id, create_time AS createTime, last_update_time AS lastUpdateTime, name, version FROM platform_data WHERE (version > 0) AND (id = 1) LIMIT 1 OFFSET 0
[TeaQL SQL][query][289us] 1 rows returned outcome=success batchOutcome=not_applicable comment=matched merchant read with relation purpose=matched benchmark read auditReason= tracePath=[0:OPERATION:Merchant=query -> 1:REQUEST:Merchant= -> 2:PROVIDER:postgresql= -> 3:SQL:select=] mutationLineage=[]
SQL: -- TeaQL PLAIN
SELECT id, name, code, external_id AS externalId, task_life_hours AS taskLifeHours, version, platform FROM merchant_data WHERE (version > 0) AND (external_id = 'matched-merchant') LIMIT 1000 OFFSET 0
[TeaQL SQL][query][262us] 1 rows returned outcome=success batchOutcome=not_applicable comment=matched merchant read with relation purpose=matched benchmark read auditReason= tracePath=[0:OPERATION:Merchant=query -> 1:REQUEST:Merchant= -> 2:RELATION:platform=Merchant.platform -> 3:PROVIDER:postgresql= -> 4:SQL:select=] mutationLineage=[]
SQL: -- TeaQL PLAIN
SELECT id, create_time AS createTime, last_update_time AS lastUpdateTime, name, version FROM platform_data WHERE (version > 0) AND (id = 1) LIMIT 1 OFFSET 0
[TeaQL SQL][query][380us] 1 rows returned outcome=success batchOutcome=not_applicable comment=matched merchant read with relation purpose=matched benchmark read auditReason= tracePath=[0:OPERATION:Merchant=query -> 1:REQUEST:Merchant= -> 2:PROVIDER:postgresql= -> 3:SQL:select=] mutationLineage=[]
SQL: -- TeaQL PLAIN
SELECT id, name, code, external_id AS externalId, task_life_hours AS taskLifeHours, version, platform FROM merchant_data WHERE (version > 0) AND (external_id = 'matched-merchant') LIMIT 1000 OFFSET 0
[TeaQL SQL][query][313us] 1 rows returned outcome=success batchOutcome=not_applicable comment=matched merchant read with relation purpose=matched benchmark read auditReason= tracePath=[0:OPERATION:Merchant=query -> 1:REQUEST:Merchant= -> 2:RELATION:platform=Merchant.platform -> 3:PROVIDER:postgresql= -> 4:SQL:select=] mutationLineage=[]
SQL: -- TeaQL PLAIN
SELECT id, create_time AS createTime, last_update_time AS lastUpdateTime, name, version FROM platform_data WHERE (version > 0) AND (id = 1) LIMIT 1 OFFSET 0
[TeaQL SQL][query][349us] 1 rows returned outcome=success batchOutcome=not_applicable comment=matched merchant read with relation purpose=matched benchmark read auditReason= tracePath=[0:OPERATION:Merchant=query -> 1:REQUEST:Merchant= -> 2:PROVIDER:postgresql= -> 3:SQL:select=] mutationLineage=[]
SQL: -- TeaQL PLAIN
SELECT id, name, code, external_id AS externalId, task_life_hours AS taskLifeHours, version, platform FROM merchant_data WHERE (version > 0) AND (external_id = 'matched-merchant') LIMIT 1000 OFFSET 0
[TeaQL SQL][query][267us] 1 rows returned outcome=success batchOutcome=not_applicable comment=matched merchant read with relation purpose=matched benchmark read auditReason= tracePath=[0:OPERATION:Merchant=query -> 1:REQUEST:Merchant= -> 2:PROVIDER:postgresql= -> 3:SQL:select=] mutationLineage=[]
SQL: -- TeaQL PLAIN
SELECT id, name, code, external_id AS externalId, task_life_hours AS taskLifeHours, version, platform FROM merchant_data WHERE (version > 0) AND (external_id = 'matched-merchant') LIMIT 1000 OFFSET 0
[TeaQL SQL][query][285us] 1 rows returned outcome=success batchOutcome=not_applicable comment=matched merchant read with relation purpose=matched benchmark read auditReason= tracePath=[0:OPERATION:Merchant=query -> 1:REQUEST:Merchant= -> 2:RELATION:platform=Merchant.platform -> 3:PROVIDER:postgresql= -> 4:SQL:select=] mutationLineage=[]
SQL: -- TeaQL PLAIN
SELECT id, create_time AS createTime, last_update_time AS lastUpdateTime, name, version FROM platform_data WHERE (version > 0) AND (id = 1) LIMIT 1 OFFSET 0
[TeaQL SQL][query][238us] 1 rows returned outcome=success batchOutcome=not_applicable comment=matched merchant read with relation purpose=matched benchmark read auditReason= tracePath=[0:OPERATION:Merchant=query -> 1:REQUEST:Merchant= -> 2:RELATION:platform=Merchant.platform -> 3:PROVIDER:postgresql= -> 4:SQL:select=] mutationLineage=[]
SQL: -- TeaQL PLAIN
SELECT id, create_time AS createTime, last_update_time AS lastUpdateTime, name, version FROM platform_data WHERE (version > 0) AND (id = 1) LIMIT 1 OFFSET 0
[TeaQL SQL][query][324us] 1 rows returned outcome=success batchOutcome=not_applicable comment=matched merchant read with relation purpose=matched benchmark read auditReason= tracePath=[0:OPERATION:Merchant=query -> 1:REQUEST:Merchant= -> 2:PROVIDER:postgresql= -> 3:SQL:select=] mutationLineage=[]
SQL: -- TeaQL PLAIN
SELECT id, name, code, external_id AS externalId, task_life_hours AS taskLifeHours, version, platform FROM merchant_data WHERE (version > 0) AND (external_id = 'matched-merchant') LIMIT 1000 OFFSET 0
[TeaQL SQL][query][246us] 1 rows returned outcome=success batchOutcome=not_applicable comment=matched merchant read with relation purpose=matched benchmark read auditReason= tracePath=[0:OPERATION:Merchant=query -> 1:REQUEST:Merchant= -> 2:RELATION:platform=Merchant.platform -> 3:PROVIDER:postgresql= -> 4:SQL:select=] mutationLineage=[]
SQL: -- TeaQL PLAIN
SELECT id, create_time AS createTime, last_update_time AS lastUpdateTime, name, version FROM platform_data WHERE (version > 0) AND (id = 1) LIMIT 1 OFFSET 0
[TeaQL SQL][query][321us] 1 rows returned outcome=success batchOutcome=not_applicable comment=matched merchant read with relation purpose=matched benchmark read auditReason= tracePath=[0:OPERATION:Merchant=query -> 1:REQUEST:Merchant= -> 2:PROVIDER:postgresql= -> 3:SQL:select=] mutationLineage=[]
SQL: -- TeaQL PLAIN
SELECT id, name, code, external_id AS externalId, task_life_hours AS taskLifeHours, version, platform FROM merchant_data WHERE (version > 0) AND (external_id = 'matched-merchant') LIMIT 1000 OFFSET 0
[TeaQL SQL][query][297us] 1 rows returned outcome=success batchOutcome=not_applicable comment=matched merchant read with relation purpose=matched benchmark read auditReason= tracePath=[0:OPERATION:Merchant=query -> 1:REQUEST:Merchant= -> 2:RELATION:platform=Merchant.platform -> 3:PROVIDER:postgresql= -> 4:SQL:select=] mutationLineage=[]
SQL: -- TeaQL PLAIN
SELECT id, create_time AS createTime, last_update_time AS lastUpdateTime, name, version FROM platform_data WHERE (version > 0) AND (id = 1) LIMIT 1 OFFSET 0
[TeaQL SQL][query][268us] 1 rows returned outcome=success batchOutcome=not_applicable comment=matched merchant read with relation purpose=matched benchmark read auditReason= tracePath=[0:OPERATION:Merchant=query -> 1:REQUEST:Merchant= -> 2:PROVIDER:postgresql= -> 3:SQL:select=] mutationLineage=[]
SQL: -- TeaQL PLAIN
SELECT id, name, code, external_id AS externalId, task_life_hours AS taskLifeHours, version, platform FROM merchant_data WHERE (version > 0) AND (external_id = 'matched-merchant') LIMIT 1000 OFFSET 0
[TeaQL SQL][query][278us] 1 rows returned outcome=success batchOutcome=not_applicable comment=matched merchant read with relation purpose=matched benchmark read auditReason= tracePath=[0:OPERATION:Merchant=query -> 1:REQUEST:Merchant= -> 2:RELATION:platform=Merchant.platform -> 3:PROVIDER:postgresql= -> 4:SQL:select=] mutationLineage=[]
SQL: -- TeaQL PLAIN
SELECT id, create_time AS createTime, last_update_time AS lastUpdateTime, name, version FROM platform_data WHERE (version > 0) AND (id = 1) LIMIT 1 OFFSET 0
[TeaQL SQL][query][351us] 1 rows returned outcome=success batchOutcome=not_applicable comment=matched merchant read with relation purpose=matched benchmark read auditReason= tracePath=[0:OPERATION:Merchant=query -> 1:REQUEST:Merchant= -> 2:PROVIDER:postgresql= -> 3:SQL:select=] mutationLineage=[]
SQL: -- TeaQL PLAIN
SELECT id, name, code, external_id AS externalId, task_life_hours AS taskLifeHours, version, platform FROM merchant_data WHERE (version > 0) AND (external_id = 'matched-merchant') LIMIT 1000 OFFSET 0
[TeaQL SQL][query][270us] 1 rows returned outcome=success batchOutcome=not_applicable comment=matched merchant read with relation purpose=matched benchmark read auditReason= tracePath=[0:OPERATION:Merchant=query -> 1:REQUEST:Merchant= -> 2:RELATION:platform=Merchant.platform -> 3:PROVIDER:postgresql= -> 4:SQL:select=] mutationLineage=[]
SQL: -- TeaQL PLAIN
SELECT id, create_time AS createTime, last_update_time AS lastUpdateTime, name, version FROM platform_data WHERE (version > 0) AND (id = 1) LIMIT 1 OFFSET 0
[TeaQL SQL][query][296us] 1 rows returned outcome=success batchOutcome=not_applicable comment=matched merchant read with relation purpose=matched benchmark read auditReason= tracePath=[0:OPERATION:Merchant=query -> 1:REQUEST:Merchant= -> 2:PROVIDER:postgresql= -> 3:SQL:select=] mutationLineage=[]
SQL: -- TeaQL PLAIN
SELECT id, name, code, external_id AS externalId, task_life_hours AS taskLifeHours, version, platform FROM merchant_data WHERE (version > 0) AND (external_id = 'matched-merchant') LIMIT 1000 OFFSET 0
[TeaQL SQL][query][244us] 1 rows returned outcome=success batchOutcome=not_applicable comment=matched merchant read with relation purpose=matched benchmark read auditReason= tracePath=[0:OPERATION:Merchant=query -> 1:REQUEST:Merchant= -> 2:RELATION:platform=Merchant.platform -> 3:PROVIDER:postgresql= -> 4:SQL:select=] mutationLineage=[]
SQL: -- TeaQL PLAIN
SELECT id, create_time AS createTime, last_update_time AS lastUpdateTime, name, version FROM platform_data WHERE (version > 0) AND (id = 1) LIMIT 1 OFFSET 0
[TeaQL SQL][query][299us] 1 rows returned outcome=success batchOutcome=not_applicable comment=matched merchant read with relation purpose=matched benchmark read auditReason= tracePath=[0:OPERATION:Merchant=query -> 1:REQUEST:Merchant= -> 2:PROVIDER:postgresql= -> 3:SQL:select=] mutationLineage=[]
SQL: -- TeaQL PLAIN
SELECT id, name, code, external_id AS externalId, task_life_hours AS taskLifeHours, version, platform FROM merchant_data WHERE (version > 0) AND (external_id = 'matched-merchant') LIMIT 1000 OFFSET 0
[TeaQL SQL][query][272us] 1 rows returned outcome=success batchOutcome=not_applicable comment=matched merchant read with relation purpose=matched benchmark read auditReason= tracePath=[0:OPERATION:Merchant=query -> 1:REQUEST:Merchant= -> 2:RELATION:platform=Merchant.platform -> 3:PROVIDER:postgresql= -> 4:SQL:select=] mutationLineage=[]
SQL: -- TeaQL PLAIN
SELECT id, create_time AS createTime, last_update_time AS lastUpdateTime, name, version FROM platform_data WHERE (version > 0) AND (id = 1) LIMIT 1 OFFSET 0
[TeaQL SQL][query][1805us] 1 rows returned outcome=success batchOutcome=not_applicable comment=matched merchant read with relation purpose=matched benchmark read auditReason= tracePath=[0:OPERATION:Merchant=query -> 1:REQUEST:Merchant= -> 2:PROVIDER:postgresql= -> 3:SQL:select=] mutationLineage=[]
SQL: -- TeaQL PLAIN
SELECT id, name, code, external_id AS externalId, task_life_hours AS taskLifeHours, version, platform FROM merchant_data WHERE (version > 0) AND (external_id = 'matched-merchant') LIMIT 1000 OFFSET 0
[TeaQL SQL][query][262us] 1 rows returned outcome=success batchOutcome=not_applicable comment=matched merchant read with relation purpose=matched benchmark read auditReason= tracePath=[0:OPERATION:Merchant=query -> 1:REQUEST:Merchant= -> 2:PROVIDER:postgresql= -> 3:SQL:select=] mutationLineage=[]
SQL: -- TeaQL PLAIN
SELECT id, name, code, external_id AS externalId, task_life_hours AS taskLifeHours, version, platform FROM merchant_data WHERE (version > 0) AND (external_id = 'matched-merchant') LIMIT 1000 OFFSET 0
[TeaQL SQL][query][298us] 1 rows returned outcome=success batchOutcome=not_applicable comment=matched merchant read with relation purpose=matched benchmark read auditReason= tracePath=[0:OPERATION:Merchant=query -> 1:REQUEST:Merchant= -> 2:RELATION:platform=Merchant.platform -> 3:PROVIDER:postgresql= -> 4:SQL:select=] mutationLineage=[]
SQL: -- TeaQL PLAIN
SELECT id, create_time AS createTime, last_update_time AS lastUpdateTime, name, version FROM platform_data WHERE (version > 0) AND (id = 1) LIMIT 1 OFFSET 0
[TeaQL SQL][query][238us] 1 rows returned outcome=success batchOutcome=not_applicable comment=matched merchant read with relation purpose=matched benchmark read auditReason= tracePath=[0:OPERATION:Merchant=query -> 1:REQUEST:Merchant= -> 2:RELATION:platform=Merchant.platform -> 3:PROVIDER:postgresql= -> 4:SQL:select=] mutationLineage=[]
SQL: -- TeaQL PLAIN
SELECT id, create_time AS createTime, last_update_time AS lastUpdateTime, name, version FROM platform_data WHERE (version > 0) AND (id = 1) LIMIT 1 OFFSET 0
[TeaQL SQL][query][451us] 1 rows returned outcome=success batchOutcome=not_applicable comment=matched merchant read with relation purpose=matched benchmark read auditReason= tracePath=[0:OPERATION:Merchant=query -> 1:REQUEST:Merchant= -> 2:PROVIDER:postgresql= -> 3:SQL:select=] mutationLineage=[]
SQL: -- TeaQL PLAIN
SELECT id, name, code, external_id AS externalId, task_life_hours AS taskLifeHours, version, platform FROM merchant_data WHERE (version > 0) AND (external_id = 'matched-merchant') LIMIT 1000 OFFSET 0
[TeaQL SQL][query][380us] 1 rows returned outcome=success batchOutcome=not_applicable comment=matched merchant read with relation purpose=matched benchmark read auditReason= tracePath=[0:OPERATION:Merchant=query -> 1:REQUEST:Merchant= -> 2:RELATION:platform=Merchant.platform -> 3:PROVIDER:postgresql= -> 4:SQL:select=] mutationLineage=[]
SQL: -- TeaQL PLAIN
SELECT id, create_time AS createTime, last_update_time AS lastUpdateTime, name, version FROM platform_data WHERE (version > 0) AND (id = 1) LIMIT 1 OFFSET 0
[TeaQL SQL][query][346us] 1 rows returned outcome=success batchOutcome=not_applicable comment=matched merchant read with relation purpose=matched benchmark read auditReason= tracePath=[0:OPERATION:Merchant=query -> 1:REQUEST:Merchant= -> 2:PROVIDER:postgresql= -> 3:SQL:select=] mutationLineage=[]
SQL: -- TeaQL PLAIN
SELECT id, name, code, external_id AS externalId, task_life_hours AS taskLifeHours, version, platform FROM merchant_data WHERE (version > 0) AND (external_id = 'matched-merchant') LIMIT 1000 OFFSET 0
[TeaQL SQL][query][282us] 1 rows returned outcome=success batchOutcome=not_applicable comment=matched merchant read with relation purpose=matched benchmark read auditReason= tracePath=[0:OPERATION:Merchant=query -> 1:REQUEST:Merchant= -> 2:RELATION:platform=Merchant.platform -> 3:PROVIDER:postgresql= -> 4:SQL:select=] mutationLineage=[]
SQL: -- TeaQL PLAIN
SELECT id, create_time AS createTime, last_update_time AS lastUpdateTime, name, version FROM platform_data WHERE (version > 0) AND (id = 1) LIMIT 1 OFFSET 0
[TeaQL SQL][query][308us] 1 rows returned outcome=success batchOutcome=not_applicable comment=matched merchant read with relation purpose=matched benchmark read auditReason= tracePath=[0:OPERATION:Merchant=query -> 1:REQUEST:Merchant= -> 2:PROVIDER:postgresql= -> 3:SQL:select=] mutationLineage=[]
SQL: -- TeaQL PLAIN
SELECT id, name, code, external_id AS externalId, task_life_hours AS taskLifeHours, version, platform FROM merchant_data WHERE (version > 0) AND (external_id = 'matched-merchant') LIMIT 1000 OFFSET 0
[TeaQL SQL][query][244us] 1 rows returned outcome=success batchOutcome=not_applicable comment=matched merchant read with relation purpose=matched benchmark read auditReason= tracePath=[0:OPERATION:Merchant=query -> 1:REQUEST:Merchant= -> 2:RELATION:platform=Merchant.platform -> 3:PROVIDER:postgresql= -> 4:SQL:select=] mutationLineage=[]
SQL: -- TeaQL PLAIN
SELECT id, create_time AS createTime, last_update_time AS lastUpdateTime, name, version FROM platform_data WHERE (version > 0) AND (id = 1) LIMIT 1 OFFSET 0
[TeaQL SQL][query][338us] 1 rows returned outcome=success batchOutcome=not_applicable comment=matched merchant read with relation purpose=matched benchmark read auditReason= tracePath=[0:OPERATION:Merchant=query -> 1:REQUEST:Merchant= -> 2:PROVIDER:postgresql= -> 3:SQL:select=] mutationLineage=[]
SQL: -- TeaQL PLAIN
SELECT id, name, code, external_id AS externalId, task_life_hours AS taskLifeHours, version, platform FROM merchant_data WHERE (version > 0) AND (external_id = 'matched-merchant') LIMIT 1000 OFFSET 0
[TeaQL SQL][query][334us] 1 rows returned outcome=success batchOutcome=not_applicable comment=matched merchant read with relation purpose=matched benchmark read auditReason= tracePath=[0:OPERATION:Merchant=query -> 1:REQUEST:Merchant= -> 2:RELATION:platform=Merchant.platform -> 3:PROVIDER:postgresql= -> 4:SQL:select=] mutationLineage=[]
SQL: -- TeaQL PLAIN
SELECT id, create_time AS createTime, last_update_time AS lastUpdateTime, name, version FROM platform_data WHERE (version > 0) AND (id = 1) LIMIT 1 OFFSET 0
[TeaQL SQL][query][338us] 1 rows returned outcome=success batchOutcome=not_applicable comment=matched merchant read with relation purpose=matched benchmark read auditReason= tracePath=[0:OPERATION:Merchant=query -> 1:REQUEST:Merchant= -> 2:PROVIDER:postgresql= -> 3:SQL:select=] mutationLineage=[]
SQL: -- TeaQL PLAIN
SELECT id, name, code, external_id AS externalId, task_life_hours AS taskLifeHours, version, platform FROM merchant_data WHERE (version > 0) AND (external_id = 'matched-merchant') LIMIT 1000 OFFSET 0
[TeaQL SQL][query][298us] 1 rows returned outcome=success batchOutcome=not_applicable comment=matched merchant read with relation purpose=matched benchmark read auditReason= tracePath=[0:OPERATION:Merchant=query -> 1:REQUEST:Merchant= -> 2:RELATION:platform=Merchant.platform -> 3:PROVIDER:postgresql= -> 4:SQL:select=] mutationLineage=[]
SQL: -- TeaQL PLAIN
SELECT id, create_time AS createTime, last_update_time AS lastUpdateTime, name, version FROM platform_data WHERE (version > 0) AND (id = 1) LIMIT 1 OFFSET 0
[TeaQL SQL][query][396us] 1 rows returned outcome=success batchOutcome=not_applicable comment=matched merchant read with relation purpose=matched benchmark read auditReason= tracePath=[0:OPERATION:Merchant=query -> 1:REQUEST:Merchant= -> 2:PROVIDER:postgresql= -> 3:SQL:select=] mutationLineage=[]
SQL: -- TeaQL PLAIN
SELECT id, name, code, external_id AS externalId, task_life_hours AS taskLifeHours, version, platform FROM merchant_data WHERE (version > 0) AND (external_id = 'matched-merchant') LIMIT 1000 OFFSET 0
[TeaQL SQL][query][292us] 1 rows returned outcome=success batchOutcome=not_applicable comment=matched merchant read with relation purpose=matched benchmark read auditReason= tracePath=[0:OPERATION:Merchant=query -> 1:REQUEST:Merchant= -> 2:RELATION:platform=Merchant.platform -> 3:PROVIDER:postgresql= -> 4:SQL:select=] mutationLineage=[]
SQL: -- TeaQL PLAIN
SELECT id, create_time AS createTime, last_update_time AS lastUpdateTime, name, version FROM platform_data WHERE (version > 0) AND (id = 1) LIMIT 1 OFFSET 0
[TeaQL SQL][query][370us] 1 rows returned outcome=success batchOutcome=not_applicable comment=matched merchant read with relation purpose=matched benchmark read auditReason= tracePath=[0:OPERATION:Merchant=query -> 1:REQUEST:Merchant= -> 2:PROVIDER:postgresql= -> 3:SQL:select=] mutationLineage=[]
SQL: -- TeaQL PLAIN
SELECT id, name, code, external_id AS externalId, task_life_hours AS taskLifeHours, version, platform FROM merchant_data WHERE (version > 0) AND (external_id = 'matched-merchant') LIMIT 1000 OFFSET 0
[TeaQL SQL][query][278us] 1 rows returned outcome=success batchOutcome=not_applicable comment=matched merchant read with relation purpose=matched benchmark read auditReason= tracePath=[0:OPERATION:Merchant=query -> 1:REQUEST:Merchant= -> 2:RELATION:platform=Merchant.platform -> 3:PROVIDER:postgresql= -> 4:SQL:select=] mutationLineage=[]
SQL: -- TeaQL PLAIN
SELECT id, create_time AS createTime, last_update_time AS lastUpdateTime, name, version FROM platform_data WHERE (version > 0) AND (id = 1) LIMIT 1 OFFSET 0
[TeaQL SQL][query][459us] 1 rows returned outcome=success batchOutcome=not_applicable comment=matched merchant read with relation purpose=matched benchmark read auditReason= tracePath=[0:OPERATION:Merchant=query -> 1:REQUEST:Merchant= -> 2:PROVIDER:postgresql= -> 3:SQL:select=] mutationLineage=[]
SQL: -- TeaQL PLAIN
SELECT id, name, code, external_id AS externalId, task_life_hours AS taskLifeHours, version, platform FROM merchant_data WHERE (version > 0) AND (external_id = 'matched-merchant') LIMIT 1000 OFFSET 0
[TeaQL SQL][query][323us] 1 rows returned outcome=success batchOutcome=not_applicable comment=matched merchant read with relation purpose=matched benchmark read auditReason= tracePath=[0:OPERATION:Merchant=query -> 1:REQUEST:Merchant= -> 2:RELATION:platform=Merchant.platform -> 3:PROVIDER:postgresql= -> 4:SQL:select=] mutationLineage=[]
SQL: -- TeaQL PLAIN
SELECT id, create_time AS createTime, last_update_time AS lastUpdateTime, name, version FROM platform_data WHERE (version > 0) AND (id = 1) LIMIT 1 OFFSET 0
[TeaQL SQL][query][331us] 1 rows returned outcome=success batchOutcome=not_applicable comment=matched merchant read with relation purpose=matched benchmark read auditReason= tracePath=[0:OPERATION:Merchant=query -> 1:REQUEST:Merchant= -> 2:PROVIDER:postgresql= -> 3:SQL:select=] mutationLineage=[]
SQL: -- TeaQL PLAIN
SELECT id, name, code, external_id AS externalId, task_life_hours AS taskLifeHours, version, platform FROM merchant_data WHERE (version > 0) AND (external_id = 'matched-merchant') LIMIT 1000 OFFSET 0
[TeaQL SQL][query][301us] 1 rows returned outcome=success batchOutcome=not_applicable comment=matched merchant read with relation purpose=matched benchmark read auditReason= tracePath=[0:OPERATION:Merchant=query -> 1:REQUEST:Merchant= -> 2:RELATION:platform=Merchant.platform -> 3:PROVIDER:postgresql= -> 4:SQL:select=] mutationLineage=[]
SQL: -- TeaQL PLAIN
SELECT id, create_time AS createTime, last_update_time AS lastUpdateTime, name, version FROM platform_data WHERE (version > 0) AND (id = 1) LIMIT 1 OFFSET 0
[TeaQL SQL][query][365us] 1 rows returned outcome=success batchOutcome=not_applicable comment=matched merchant read with relation purpose=matched benchmark read auditReason= tracePath=[0:OPERATION:Merchant=query -> 1:REQUEST:Merchant= -> 2:PROVIDER:postgresql= -> 3:SQL:select=] mutationLineage=[]
SQL: -- TeaQL PLAIN
SELECT id, name, code, external_id AS externalId, task_life_hours AS taskLifeHours, version, platform FROM merchant_data WHERE (version > 0) AND (external_id = 'matched-merchant') LIMIT 1000 OFFSET 0
[TeaQL SQL][query][306us] 1 rows returned outcome=success batchOutcome=not_applicable comment=matched merchant read with relation purpose=matched benchmark read auditReason= tracePath=[0:OPERATION:Merchant=query -> 1:REQUEST:Merchant= -> 2:RELATION:platform=Merchant.platform -> 3:PROVIDER:postgresql= -> 4:SQL:select=] mutationLineage=[]
SQL: -- TeaQL PLAIN
SELECT id, create_time AS createTime, last_update_time AS lastUpdateTime, name, version FROM platform_data WHERE (version > 0) AND (id = 1) LIMIT 1 OFFSET 0
[TeaQL SQL][query][288us] 1 rows returned outcome=success batchOutcome=not_applicable comment=matched merchant read with relation purpose=matched benchmark read auditReason= tracePath=[0:OPERATION:Merchant=query -> 1:REQUEST:Merchant= -> 2:PROVIDER:postgresql= -> 3:SQL:select=] mutationLineage=[]
SQL: -- TeaQL PLAIN
SELECT id, name, code, external_id AS externalId, task_life_hours AS taskLifeHours, version, platform FROM merchant_data WHERE (version > 0) AND (external_id = 'matched-merchant') LIMIT 1000 OFFSET 0
[TeaQL SQL][query][431us] 1 rows returned outcome=success batchOutcome=not_applicable comment=matched merchant read with relation purpose=matched benchmark read auditReason= tracePath=[0:OPERATION:Merchant=query -> 1:REQUEST:Merchant= -> 2:RELATION:platform=Merchant.platform -> 3:PROVIDER:postgresql= -> 4:SQL:select=] mutationLineage=[]
SQL: -- TeaQL PLAIN
SELECT id, create_time AS createTime, last_update_time AS lastUpdateTime, name, version FROM platform_data WHERE (version > 0) AND (id = 1) LIMIT 1 OFFSET 0
[TeaQL SQL][query][407us] 1 rows returned outcome=success batchOutcome=not_applicable comment=matched merchant read with relation purpose=matched benchmark read auditReason= tracePath=[0:OPERATION:Merchant=query -> 1:REQUEST:Merchant= -> 2:PROVIDER:postgresql= -> 3:SQL:select=] mutationLineage=[]
SQL: -- TeaQL PLAIN
SELECT id, name, code, external_id AS externalId, task_life_hours AS taskLifeHours, version, platform FROM merchant_data WHERE (version > 0) AND (external_id = 'matched-merchant') LIMIT 1000 OFFSET 0
[TeaQL SQL][query][460us] 1 rows returned outcome=success batchOutcome=not_applicable comment=matched merchant read with relation purpose=matched benchmark read auditReason= tracePath=[0:OPERATION:Merchant=query -> 1:REQUEST:Merchant= -> 2:PROVIDER:postgresql= -> 3:SQL:select=] mutationLineage=[]
SQL: -- TeaQL PLAIN
SELECT id, name, code, external_id AS externalId, task_life_hours AS taskLifeHours, version, platform FROM merchant_data WHERE (version > 0) AND (external_id = 'matched-merchant') LIMIT 1000 OFFSET 0
[TeaQL SQL][query][365us] 1 rows returned outcome=success batchOutcome=not_applicable comment=matched merchant read with relation purpose=matched benchmark read auditReason= tracePath=[0:OPERATION:Merchant=query -> 1:REQUEST:Merchant= -> 2:PROVIDER:postgresql= -> 3:SQL:select=] mutationLineage=[]
SQL: -- TeaQL PLAIN
SELECT id, name, code, external_id AS externalId, task_life_hours AS taskLifeHours, version, platform FROM merchant_data WHERE (version > 0) AND (external_id = 'matched-merchant') LIMIT 1000 OFFSET 0
[TeaQL SQL][query][283us] 1 rows returned outcome=success batchOutcome=not_applicable comment=matched merchant read with relation purpose=matched benchmark read auditReason= tracePath=[0:OPERATION:Merchant=query -> 1:REQUEST:Merchant= -> 2:RELATION:platform=Merchant.platform -> 3:PROVIDER:postgresql= -> 4:SQL:select=] mutationLineage=[]
SQL: -- TeaQL PLAIN
SELECT id, create_time AS createTime, last_update_time AS lastUpdateTime, name, version FROM platform_data WHERE (version > 0) AND (id = 1) LIMIT 1 OFFSET 0
[TeaQL SQL][query][261us] 1 rows returned outcome=success batchOutcome=not_applicable comment=matched merchant read with relation purpose=matched benchmark read auditReason= tracePath=[0:OPERATION:Merchant=query -> 1:REQUEST:Merchant= -> 2:RELATION:platform=Merchant.platform -> 3:PROVIDER:postgresql= -> 4:SQL:select=] mutationLineage=[]
SQL: -- TeaQL PLAIN
SELECT id, create_time AS createTime, last_update_time AS lastUpdateTime, name, version FROM platform_data WHERE (version > 0) AND (id = 1) LIMIT 1 OFFSET 0
[TeaQL SQL][query][267us] 1 rows returned outcome=success batchOutcome=not_applicable comment=matched merchant read with relation purpose=matched benchmark read auditReason= tracePath=[0:OPERATION:Merchant=query -> 1:REQUEST:Merchant= -> 2:RELATION:platform=Merchant.platform -> 3:PROVIDER:postgresql= -> 4:SQL:select=] mutationLineage=[]
SQL: -- TeaQL PLAIN
SELECT id, create_time AS createTime, last_update_time AS lastUpdateTime, name, version FROM platform_data WHERE (version > 0) AND (id = 1) LIMIT 1 OFFSET 0
[TeaQL SQL][query][297us] 1 rows returned outcome=success batchOutcome=not_applicable comment=matched merchant read with relation purpose=matched benchmark read auditReason= tracePath=[0:OPERATION:Merchant=query -> 1:REQUEST:Merchant= -> 2:PROVIDER:postgresql= -> 3:SQL:select=] mutationLineage=[]
SQL: -- TeaQL PLAIN
SELECT id, name, code, external_id AS externalId, task_life_hours AS taskLifeHours, version, platform FROM merchant_data WHERE (version > 0) AND (external_id = 'matched-merchant') LIMIT 1000 OFFSET 0
[TeaQL SQL][query][232us] 1 rows returned outcome=success batchOutcome=not_applicable comment=matched merchant read with relation purpose=matched benchmark read auditReason= tracePath=[0:OPERATION:Merchant=query -> 1:REQUEST:Merchant= -> 2:RELATION:platform=Merchant.platform -> 3:PROVIDER:postgresql= -> 4:SQL:select=] mutationLineage=[]
SQL: -- TeaQL PLAIN
SELECT id, create_time AS createTime, last_update_time AS lastUpdateTime, name, version FROM platform_data WHERE (version > 0) AND (id = 1) LIMIT 1 OFFSET 0
[TeaQL SQL][query][286us] 1 rows returned outcome=success batchOutcome=not_applicable comment=matched merchant read with relation purpose=matched benchmark read auditReason= tracePath=[0:OPERATION:Merchant=query -> 1:REQUEST:Merchant= -> 2:PROVIDER:postgresql= -> 3:SQL:select=] mutationLineage=[]
SQL: -- TeaQL PLAIN
SELECT id, name, code, external_id AS externalId, task_life_hours AS taskLifeHours, version, platform FROM merchant_data WHERE (version > 0) AND (external_id = 'matched-merchant') LIMIT 1000 OFFSET 0
[TeaQL SQL][query][287us] 1 rows returned outcome=success batchOutcome=not_applicable comment=matched merchant read with relation purpose=matched benchmark read auditReason= tracePath=[0:OPERATION:Merchant=query -> 1:REQUEST:Merchant= -> 2:PROVIDER:postgresql= -> 3:SQL:select=] mutationLineage=[]
SQL: -- TeaQL PLAIN
SELECT id, name, code, external_id AS externalId, task_life_hours AS taskLifeHours, version, platform FROM merchant_data WHERE (version > 0) AND (external_id = 'matched-merchant') LIMIT 1000 OFFSET 0
[TeaQL SQL][query][266us] 1 rows returned outcome=success batchOutcome=not_applicable comment=matched merchant read with relation purpose=matched benchmark read auditReason= tracePath=[0:OPERATION:Merchant=query -> 1:REQUEST:Merchant= -> 2:PROVIDER:postgresql= -> 3:SQL:select=] mutationLineage=[]
SQL: -- TeaQL PLAIN
SELECT id, name, code, external_id AS externalId, task_life_hours AS taskLifeHours, version, platform FROM merchant_data WHERE (version > 0) AND (external_id = 'matched-merchant') LIMIT 1000 OFFSET 0
[TeaQL SQL][query][256us] 1 rows returned outcome=success batchOutcome=not_applicable comment=matched merchant read with relation purpose=matched benchmark read auditReason= tracePath=[0:OPERATION:Merchant=query -> 1:REQUEST:Merchant= -> 2:RELATION:platform=Merchant.platform -> 3:PROVIDER:postgresql= -> 4:SQL:select=] mutationLineage=[]
SQL: -- TeaQL PLAIN
SELECT id, create_time AS createTime, last_update_time AS lastUpdateTime, name, version FROM platform_data WHERE (version > 0) AND (id = 1) LIMIT 1 OFFSET 0
[TeaQL SQL][query][232us] 1 rows returned outcome=success batchOutcome=not_applicable comment=matched merchant read with relation purpose=matched benchmark read auditReason= tracePath=[0:OPERATION:Merchant=query -> 1:REQUEST:Merchant= -> 2:RELATION:platform=Merchant.platform -> 3:PROVIDER:postgresql= -> 4:SQL:select=] mutationLineage=[]
SQL: -- TeaQL PLAIN
SELECT id, create_time AS createTime, last_update_time AS lastUpdateTime, name, version FROM platform_data WHERE (version > 0) AND (id = 1) LIMIT 1 OFFSET 0
[TeaQL SQL][query][247us] 1 rows returned outcome=success batchOutcome=not_applicable comment=matched merchant read with relation purpose=matched benchmark read auditReason= tracePath=[0:OPERATION:Merchant=query -> 1:REQUEST:Merchant= -> 2:RELATION:platform=Merchant.platform -> 3:PROVIDER:postgresql= -> 4:SQL:select=] mutationLineage=[]
SQL: -- TeaQL PLAIN
SELECT id, create_time AS createTime, last_update_time AS lastUpdateTime, name, version FROM platform_data WHERE (version > 0) AND (id = 1) LIMIT 1 OFFSET 0
[TeaQL SQL][query][472us] 1 rows returned outcome=success batchOutcome=not_applicable comment=matched merchant read with relation purpose=matched benchmark read auditReason= tracePath=[0:OPERATION:Merchant=query -> 1:REQUEST:Merchant= -> 2:PROVIDER:postgresql= -> 3:SQL:select=] mutationLineage=[]
SQL: -- TeaQL PLAIN
SELECT id, name, code, external_id AS externalId, task_life_hours AS taskLifeHours, version, platform FROM merchant_data WHERE (version > 0) AND (external_id = 'matched-merchant') LIMIT 1000 OFFSET 0
[TeaQL SQL][query][441us] 1 rows returned outcome=success batchOutcome=not_applicable comment=matched merchant read with relation purpose=matched benchmark read auditReason= tracePath=[0:OPERATION:Merchant=query -> 1:REQUEST:Merchant= -> 2:RELATION:platform=Merchant.platform -> 3:PROVIDER:postgresql= -> 4:SQL:select=] mutationLineage=[]
SQL: -- TeaQL PLAIN
SELECT id, create_time AS createTime, last_update_time AS lastUpdateTime, name, version FROM platform_data WHERE (version > 0) AND (id = 1) LIMIT 1 OFFSET 0
[TeaQL SQL][query][276us] 1 rows returned outcome=success batchOutcome=not_applicable comment=matched merchant read with relation purpose=matched benchmark read auditReason= tracePath=[0:OPERATION:Merchant=query -> 1:REQUEST:Merchant= -> 2:PROVIDER:postgresql= -> 3:SQL:select=] mutationLineage=[]
SQL: -- TeaQL PLAIN
SELECT id, name, code, external_id AS externalId, task_life_hours AS taskLifeHours, version, platform FROM merchant_data WHERE (version > 0) AND (external_id = 'matched-merchant') LIMIT 1000 OFFSET 0
[TeaQL SQL][query][254us] 1 rows returned outcome=success batchOutcome=not_applicable comment=matched merchant read with relation purpose=matched benchmark read auditReason= tracePath=[0:OPERATION:Merchant=query -> 1:REQUEST:Merchant= -> 2:RELATION:platform=Merchant.platform -> 3:PROVIDER:postgresql= -> 4:SQL:select=] mutationLineage=[]
SQL: -- TeaQL PLAIN
SELECT id, create_time AS createTime, last_update_time AS lastUpdateTime, name, version FROM platform_data WHERE (version > 0) AND (id = 1) LIMIT 1 OFFSET 0
[TeaQL SQL][query][279us] 1 rows returned outcome=success batchOutcome=not_applicable comment=matched merchant read with relation purpose=matched benchmark read auditReason= tracePath=[0:OPERATION:Merchant=query -> 1:REQUEST:Merchant= -> 2:PROVIDER:postgresql= -> 3:SQL:select=] mutationLineage=[]
SQL: -- TeaQL PLAIN
SELECT id, name, code, external_id AS externalId, task_life_hours AS taskLifeHours, version, platform FROM merchant_data WHERE (version > 0) AND (external_id = 'matched-merchant') LIMIT 1000 OFFSET 0
[TeaQL SQL][query][292us] 1 rows returned outcome=success batchOutcome=not_applicable comment=matched merchant read with relation purpose=matched benchmark read auditReason= tracePath=[0:OPERATION:Merchant=query -> 1:REQUEST:Merchant= -> 2:PROVIDER:postgresql= -> 3:SQL:select=] mutationLineage=[]
SQL: -- TeaQL PLAIN
SELECT id, name, code, external_id AS externalId, task_life_hours AS taskLifeHours, version, platform FROM merchant_data WHERE (version > 0) AND (external_id = 'matched-merchant') LIMIT 1000 OFFSET 0
[TeaQL SQL][query][235us] 1 rows returned outcome=success batchOutcome=not_applicable comment=matched merchant read with relation purpose=matched benchmark read auditReason= tracePath=[0:OPERATION:Merchant=query -> 1:REQUEST:Merchant= -> 2:RELATION:platform=Merchant.platform -> 3:PROVIDER:postgresql= -> 4:SQL:select=] mutationLineage=[]
SQL: -- TeaQL PLAIN
SELECT id, create_time AS createTime, last_update_time AS lastUpdateTime, name, version FROM platform_data WHERE (version > 0) AND (id = 1) LIMIT 1 OFFSET 0
[TeaQL SQL][query][276us] 1 rows returned outcome=success batchOutcome=not_applicable comment=matched merchant read with relation purpose=matched benchmark read auditReason= tracePath=[0:OPERATION:Merchant=query -> 1:REQUEST:Merchant= -> 2:RELATION:platform=Merchant.platform -> 3:PROVIDER:postgresql= -> 4:SQL:select=] mutationLineage=[]
SQL: -- TeaQL PLAIN
SELECT id, create_time AS createTime, last_update_time AS lastUpdateTime, name, version FROM platform_data WHERE (version > 0) AND (id = 1) LIMIT 1 OFFSET 0
[TeaQL SQL][query][263us] 1 rows returned outcome=success batchOutcome=not_applicable comment=matched merchant read with relation purpose=matched benchmark read auditReason= tracePath=[0:OPERATION:Merchant=query -> 1:REQUEST:Merchant= -> 2:PROVIDER:postgresql= -> 3:SQL:select=] mutationLineage=[]
SQL: -- TeaQL PLAIN
SELECT id, name, code, external_id AS externalId, task_life_hours AS taskLifeHours, version, platform FROM merchant_data WHERE (version > 0) AND (external_id = 'matched-merchant') LIMIT 1000 OFFSET 0
[TeaQL SQL][query][223us] 1 rows returned outcome=success batchOutcome=not_applicable comment=matched merchant read with relation purpose=matched benchmark read auditReason= tracePath=[0:OPERATION:Merchant=query -> 1:REQUEST:Merchant= -> 2:RELATION:platform=Merchant.platform -> 3:PROVIDER:postgresql= -> 4:SQL:select=] mutationLineage=[]
SQL: -- TeaQL PLAIN
SELECT id, create_time AS createTime, last_update_time AS lastUpdateTime, name, version FROM platform_data WHERE (version > 0) AND (id = 1) LIMIT 1 OFFSET 0
[TeaQL SQL][query][292us] 1 rows returned outcome=success batchOutcome=not_applicable comment=matched merchant read with relation purpose=matched benchmark read auditReason= tracePath=[0:OPERATION:Merchant=query -> 1:REQUEST:Merchant= -> 2:PROVIDER:postgresql= -> 3:SQL:select=] mutationLineage=[]
SQL: -- TeaQL PLAIN
SELECT id, name, code, external_id AS externalId, task_life_hours AS taskLifeHours, version, platform FROM merchant_data WHERE (version > 0) AND (external_id = 'matched-merchant') LIMIT 1000 OFFSET 0
[TeaQL SQL][query][251us] 1 rows returned outcome=success batchOutcome=not_applicable comment=matched merchant read with relation purpose=matched benchmark read auditReason= tracePath=[0:OPERATION:Merchant=query -> 1:REQUEST:Merchant= -> 2:RELATION:platform=Merchant.platform -> 3:PROVIDER:postgresql= -> 4:SQL:select=] mutationLineage=[]
SQL: -- TeaQL PLAIN
SELECT id, create_time AS createTime, last_update_time AS lastUpdateTime, name, version FROM platform_data WHERE (version > 0) AND (id = 1) LIMIT 1 OFFSET 0
[TeaQL SQL][query][395us] 1 rows returned outcome=success batchOutcome=not_applicable comment=matched merchant read with relation purpose=matched benchmark read auditReason= tracePath=[0:OPERATION:Merchant=query -> 1:REQUEST:Merchant= -> 2:PROVIDER:postgresql= -> 3:SQL:select=] mutationLineage=[]
SQL: -- TeaQL PLAIN
SELECT id, name, code, external_id AS externalId, task_life_hours AS taskLifeHours, version, platform FROM merchant_data WHERE (version > 0) AND (external_id = 'matched-merchant') LIMIT 1000 OFFSET 0
[TeaQL SQL][query][390us] 1 rows returned outcome=success batchOutcome=not_applicable comment=matched merchant read with relation purpose=matched benchmark read auditReason= tracePath=[0:OPERATION:Merchant=query -> 1:REQUEST:Merchant= -> 2:PROVIDER:postgresql= -> 3:SQL:select=] mutationLineage=[]
SQL: -- TeaQL PLAIN
SELECT id, name, code, external_id AS externalId, task_life_hours AS taskLifeHours, version, platform FROM merchant_data WHERE (version > 0) AND (external_id = 'matched-merchant') LIMIT 1000 OFFSET 0
[TeaQL SQL][query][282us] 1 rows returned outcome=success batchOutcome=not_applicable comment=matched merchant read with relation purpose=matched benchmark read auditReason= tracePath=[0:OPERATION:Merchant=query -> 1:REQUEST:Merchant= -> 2:RELATION:platform=Merchant.platform -> 3:PROVIDER:postgresql= -> 4:SQL:select=] mutationLineage=[]
SQL: -- TeaQL PLAIN
SELECT id, create_time AS createTime, last_update_time AS lastUpdateTime, name, version FROM platform_data WHERE (version > 0) AND (id = 1) LIMIT 1 OFFSET 0
[TeaQL SQL][query][239us] 1 rows returned outcome=success batchOutcome=not_applicable comment=matched merchant read with relation purpose=matched benchmark read auditReason= tracePath=[0:OPERATION:Merchant=query -> 1:REQUEST:Merchant= -> 2:RELATION:platform=Merchant.platform -> 3:PROVIDER:postgresql= -> 4:SQL:select=] mutationLineage=[]
SQL: -- TeaQL PLAIN
SELECT id, create_time AS createTime, last_update_time AS lastUpdateTime, name, version FROM platform_data WHERE (version > 0) AND (id = 1) LIMIT 1 OFFSET 0
[TeaQL SQL][query][262us] 1 rows returned outcome=success batchOutcome=not_applicable comment=matched merchant read with relation purpose=matched benchmark read auditReason= tracePath=[0:OPERATION:Merchant=query -> 1:REQUEST:Merchant= -> 2:PROVIDER:postgresql= -> 3:SQL:select=] mutationLineage=[]
SQL: -- TeaQL PLAIN
SELECT id, name, code, external_id AS externalId, task_life_hours AS taskLifeHours, version, platform FROM merchant_data WHERE (version > 0) AND (external_id = 'matched-merchant') LIMIT 1000 OFFSET 0
[TeaQL SQL][query][279us] 1 rows returned outcome=success batchOutcome=not_applicable comment=matched merchant read with relation purpose=matched benchmark read auditReason= tracePath=[0:OPERATION:Merchant=query -> 1:REQUEST:Merchant= -> 2:RELATION:platform=Merchant.platform -> 3:PROVIDER:postgresql= -> 4:SQL:select=] mutationLineage=[]
SQL: -- TeaQL PLAIN
SELECT id, create_time AS createTime, last_update_time AS lastUpdateTime, name, version FROM platform_data WHERE (version > 0) AND (id = 1) LIMIT 1 OFFSET 0
[TeaQL SQL][query][287us] 1 rows returned outcome=success batchOutcome=not_applicable comment=matched merchant read with relation purpose=matched benchmark read auditReason= tracePath=[0:OPERATION:Merchant=query -> 1:REQUEST:Merchant= -> 2:PROVIDER:postgresql= -> 3:SQL:select=] mutationLineage=[]
SQL: -- TeaQL PLAIN
SELECT id, name, code, external_id AS externalId, task_life_hours AS taskLifeHours, version, platform FROM merchant_data WHERE (version > 0) AND (external_id = 'matched-merchant') LIMIT 1000 OFFSET 0
[TeaQL SQL][query][280us] 1 rows returned outcome=success batchOutcome=not_applicable comment=matched merchant read with relation purpose=matched benchmark read auditReason= tracePath=[0:OPERATION:Merchant=query -> 1:REQUEST:Merchant= -> 2:RELATION:platform=Merchant.platform -> 3:PROVIDER:postgresql= -> 4:SQL:select=] mutationLineage=[]
SQL: -- TeaQL PLAIN
SELECT id, create_time AS createTime, last_update_time AS lastUpdateTime, name, version FROM platform_data WHERE (version > 0) AND (id = 1) LIMIT 1 OFFSET 0
[TeaQL SQL][query][261us] 1 rows returned outcome=success batchOutcome=not_applicable comment=matched merchant read with relation purpose=matched benchmark read auditReason= tracePath=[0:OPERATION:Merchant=query -> 1:REQUEST:Merchant= -> 2:PROVIDER:postgresql= -> 3:SQL:select=] mutationLineage=[]
SQL: -- TeaQL PLAIN
SELECT id, name, code, external_id AS externalId, task_life_hours AS taskLifeHours, version, platform FROM merchant_data WHERE (version > 0) AND (external_id = 'matched-merchant') LIMIT 1000 OFFSET 0
[TeaQL SQL][query][255us] 1 rows returned outcome=success batchOutcome=not_applicable comment=matched merchant read with relation purpose=matched benchmark read auditReason= tracePath=[0:OPERATION:Merchant=query -> 1:REQUEST:Merchant= -> 2:PROVIDER:postgresql= -> 3:SQL:select=] mutationLineage=[]
SQL: -- TeaQL PLAIN
SELECT id, name, code, external_id AS externalId, task_life_hours AS taskLifeHours, version, platform FROM merchant_data WHERE (version > 0) AND (external_id = 'matched-merchant') LIMIT 1000 OFFSET 0
[TeaQL SQL][query][251us] 1 rows returned outcome=success batchOutcome=not_applicable comment=matched merchant read with relation purpose=matched benchmark read auditReason= tracePath=[0:OPERATION:Merchant=query -> 1:REQUEST:Merchant= -> 2:RELATION:platform=Merchant.platform -> 3:PROVIDER:postgresql= -> 4:SQL:select=] mutationLineage=[]
SQL: -- TeaQL PLAIN
SELECT id, create_time AS createTime, last_update_time AS lastUpdateTime, name, version FROM platform_data WHERE (version > 0) AND (id = 1) LIMIT 1 OFFSET 0
[TeaQL SQL][query][261us] 1 rows returned outcome=success batchOutcome=not_applicable comment=matched merchant read with relation purpose=matched benchmark read auditReason= tracePath=[0:OPERATION:Merchant=query -> 1:REQUEST:Merchant= -> 2:RELATION:platform=Merchant.platform -> 3:PROVIDER:postgresql= -> 4:SQL:select=] mutationLineage=[]
SQL: -- TeaQL PLAIN
SELECT id, create_time AS createTime, last_update_time AS lastUpdateTime, name, version FROM platform_data WHERE (version > 0) AND (id = 1) LIMIT 1 OFFSET 0
[TeaQL SQL][query][388us] 1 rows returned outcome=success batchOutcome=not_applicable comment=matched merchant read with relation purpose=matched benchmark read auditReason= tracePath=[0:OPERATION:Merchant=query -> 1:REQUEST:Merchant= -> 2:PROVIDER:postgresql= -> 3:SQL:select=] mutationLineage=[]
SQL: -- TeaQL PLAIN
SELECT id, name, code, external_id AS externalId, task_life_hours AS taskLifeHours, version, platform FROM merchant_data WHERE (version > 0) AND (external_id = 'matched-merchant') LIMIT 1000 OFFSET 0
[TeaQL SQL][query][309us] 1 rows returned outcome=success batchOutcome=not_applicable comment=matched merchant read with relation purpose=matched benchmark read auditReason= tracePath=[0:OPERATION:Merchant=query -> 1:REQUEST:Merchant= -> 2:RELATION:platform=Merchant.platform -> 3:PROVIDER:postgresql= -> 4:SQL:select=] mutationLineage=[]
SQL: -- TeaQL PLAIN
SELECT id, create_time AS createTime, last_update_time AS lastUpdateTime, name, version FROM platform_data WHERE (version > 0) AND (id = 1) LIMIT 1 OFFSET 0
[TeaQL SQL][query][368us] 1 rows returned outcome=success batchOutcome=not_applicable comment=matched merchant read with relation purpose=matched benchmark read auditReason= tracePath=[0:OPERATION:Merchant=query -> 1:REQUEST:Merchant= -> 2:PROVIDER:postgresql= -> 3:SQL:select=] mutationLineage=[]
SQL: -- TeaQL PLAIN
SELECT id, name, code, external_id AS externalId, task_life_hours AS taskLifeHours, version, platform FROM merchant_data WHERE (version > 0) AND (external_id = 'matched-merchant') LIMIT 1000 OFFSET 0
[TeaQL SQL][query][253us] 1 rows returned outcome=success batchOutcome=not_applicable comment=matched merchant read with relation purpose=matched benchmark read auditReason= tracePath=[0:OPERATION:Merchant=query -> 1:REQUEST:Merchant= -> 2:RELATION:platform=Merchant.platform -> 3:PROVIDER:postgresql= -> 4:SQL:select=] mutationLineage=[]
SQL: -- TeaQL PLAIN
SELECT id, create_time AS createTime, last_update_time AS lastUpdateTime, name, version FROM platform_data WHERE (version > 0) AND (id = 1) LIMIT 1 OFFSET 0
[TeaQL SQL][query][288us] 1 rows returned outcome=success batchOutcome=not_applicable comment=matched merchant read with relation purpose=matched benchmark read auditReason= tracePath=[0:OPERATION:Merchant=query -> 1:REQUEST:Merchant= -> 2:PROVIDER:postgresql= -> 3:SQL:select=] mutationLineage=[]
SQL: -- TeaQL PLAIN
SELECT id, name, code, external_id AS externalId, task_life_hours AS taskLifeHours, version, platform FROM merchant_data WHERE (version > 0) AND (external_id = 'matched-merchant') LIMIT 1000 OFFSET 0
[TeaQL SQL][query][249us] 1 rows returned outcome=success batchOutcome=not_applicable comment=matched merchant read with relation purpose=matched benchmark read auditReason= tracePath=[0:OPERATION:Merchant=query -> 1:REQUEST:Merchant= -> 2:RELATION:platform=Merchant.platform -> 3:PROVIDER:postgresql= -> 4:SQL:select=] mutationLineage=[]
SQL: -- TeaQL PLAIN
SELECT id, create_time AS createTime, last_update_time AS lastUpdateTime, name, version FROM platform_data WHERE (version > 0) AND (id = 1) LIMIT 1 OFFSET 0
[TeaQL SQL][query][332us] 1 rows returned outcome=success batchOutcome=not_applicable comment=matched merchant read with relation purpose=matched benchmark read auditReason= tracePath=[0:OPERATION:Merchant=query -> 1:REQUEST:Merchant= -> 2:PROVIDER:postgresql= -> 3:SQL:select=] mutationLineage=[]
SQL: -- TeaQL PLAIN
SELECT id, name, code, external_id AS externalId, task_life_hours AS taskLifeHours, version, platform FROM merchant_data WHERE (version > 0) AND (external_id = 'matched-merchant') LIMIT 1000 OFFSET 0
[TeaQL SQL][query][287us] 1 rows returned outcome=success batchOutcome=not_applicable comment=matched merchant read with relation purpose=matched benchmark read auditReason= tracePath=[0:OPERATION:Merchant=query -> 1:REQUEST:Merchant= -> 2:RELATION:platform=Merchant.platform -> 3:PROVIDER:postgresql= -> 4:SQL:select=] mutationLineage=[]
SQL: -- TeaQL PLAIN
SELECT id, create_time AS createTime, last_update_time AS lastUpdateTime, name, version FROM platform_data WHERE (version > 0) AND (id = 1) LIMIT 1 OFFSET 0
[TeaQL SQL][query][336us] 1 rows returned outcome=success batchOutcome=not_applicable comment=matched merchant read with relation purpose=matched benchmark read auditReason= tracePath=[0:OPERATION:Merchant=query -> 1:REQUEST:Merchant= -> 2:PROVIDER:postgresql= -> 3:SQL:select=] mutationLineage=[]
SQL: -- TeaQL PLAIN
SELECT id, name, code, external_id AS externalId, task_life_hours AS taskLifeHours, version, platform FROM merchant_data WHERE (version > 0) AND (external_id = 'matched-merchant') LIMIT 1000 OFFSET 0
[TeaQL SQL][query][359us] 1 rows returned outcome=success batchOutcome=not_applicable comment=matched merchant read with relation purpose=matched benchmark read auditReason= tracePath=[0:OPERATION:Merchant=query -> 1:REQUEST:Merchant= -> 2:RELATION:platform=Merchant.platform -> 3:PROVIDER:postgresql= -> 4:SQL:select=] mutationLineage=[]
SQL: -- TeaQL PLAIN
SELECT id, create_time AS createTime, last_update_time AS lastUpdateTime, name, version FROM platform_data WHERE (version > 0) AND (id = 1) LIMIT 1 OFFSET 0
[TeaQL SQL][query][245us] 1 rows returned outcome=success batchOutcome=not_applicable comment=matched merchant read with relation purpose=matched benchmark read auditReason= tracePath=[0:OPERATION:Merchant=query -> 1:REQUEST:Merchant= -> 2:PROVIDER:postgresql= -> 3:SQL:select=] mutationLineage=[]
SQL: -- TeaQL PLAIN
SELECT id, name, code, external_id AS externalId, task_life_hours AS taskLifeHours, version, platform FROM merchant_data WHERE (version > 0) AND (external_id = 'matched-merchant') LIMIT 1000 OFFSET 0
[TeaQL SQL][query][292us] 1 rows returned outcome=success batchOutcome=not_applicable comment=matched merchant read with relation purpose=matched benchmark read auditReason= tracePath=[0:OPERATION:Merchant=query -> 1:REQUEST:Merchant= -> 2:RELATION:platform=Merchant.platform -> 3:PROVIDER:postgresql= -> 4:SQL:select=] mutationLineage=[]
SQL: -- TeaQL PLAIN
SELECT id, create_time AS createTime, last_update_time AS lastUpdateTime, name, version FROM platform_data WHERE (version > 0) AND (id = 1) LIMIT 1 OFFSET 0
[TeaQL SQL][query][288us] 1 rows returned outcome=success batchOutcome=not_applicable comment=matched merchant read with relation purpose=matched benchmark read auditReason= tracePath=[0:OPERATION:Merchant=query -> 1:REQUEST:Merchant= -> 2:PROVIDER:postgresql= -> 3:SQL:select=] mutationLineage=[]
SQL: -- TeaQL PLAIN
SELECT id, name, code, external_id AS externalId, task_life_hours AS taskLifeHours, version, platform FROM merchant_data WHERE (version > 0) AND (external_id = 'matched-merchant') LIMIT 1000 OFFSET 0
[TeaQL SQL][query][256us] 1 rows returned outcome=success batchOutcome=not_applicable comment=matched merchant read with relation purpose=matched benchmark read auditReason= tracePath=[0:OPERATION:Merchant=query -> 1:REQUEST:Merchant= -> 2:RELATION:platform=Merchant.platform -> 3:PROVIDER:postgresql= -> 4:SQL:select=] mutationLineage=[]
SQL: -- TeaQL PLAIN
SELECT id, create_time AS createTime, last_update_time AS lastUpdateTime, name, version FROM platform_data WHERE (version > 0) AND (id = 1) LIMIT 1 OFFSET 0
[TeaQL SQL][query][286us] 1 rows returned outcome=success batchOutcome=not_applicable comment=matched merchant read with relation purpose=matched benchmark read auditReason= tracePath=[0:OPERATION:Merchant=query -> 1:REQUEST:Merchant= -> 2:PROVIDER:postgresql= -> 3:SQL:select=] mutationLineage=[]
SQL: -- TeaQL PLAIN
SELECT id, name, code, external_id AS externalId, task_life_hours AS taskLifeHours, version, platform FROM merchant_data WHERE (version > 0) AND (external_id = 'matched-merchant') LIMIT 1000 OFFSET 0
[TeaQL SQL][query][253us] 1 rows returned outcome=success batchOutcome=not_applicable comment=matched merchant read with relation purpose=matched benchmark read auditReason= tracePath=[0:OPERATION:Merchant=query -> 1:REQUEST:Merchant= -> 2:RELATION:platform=Merchant.platform -> 3:PROVIDER:postgresql= -> 4:SQL:select=] mutationLineage=[]
SQL: -- TeaQL PLAIN
SELECT id, create_time AS createTime, last_update_time AS lastUpdateTime, name, version FROM platform_data WHERE (version > 0) AND (id = 1) LIMIT 1 OFFSET 0
[TeaQL SQL][query][332us] 1 rows returned outcome=success batchOutcome=not_applicable comment=matched merchant read with relation purpose=matched benchmark read auditReason= tracePath=[0:OPERATION:Merchant=query -> 1:REQUEST:Merchant= -> 2:PROVIDER:postgresql= -> 3:SQL:select=] mutationLineage=[]
SQL: -- TeaQL PLAIN
SELECT id, name, code, external_id AS externalId, task_life_hours AS taskLifeHours, version, platform FROM merchant_data WHERE (version > 0) AND (external_id = 'matched-merchant') LIMIT 1000 OFFSET 0
[TeaQL SQL][query][290us] 1 rows returned outcome=success batchOutcome=not_applicable comment=matched merchant read with relation purpose=matched benchmark read auditReason= tracePath=[0:OPERATION:Merchant=query -> 1:REQUEST:Merchant= -> 2:RELATION:platform=Merchant.platform -> 3:PROVIDER:postgresql= -> 4:SQL:select=] mutationLineage=[]
SQL: -- TeaQL PLAIN
SELECT id, create_time AS createTime, last_update_time AS lastUpdateTime, name, version FROM platform_data WHERE (version > 0) AND (id = 1) LIMIT 1 OFFSET 0
[TeaQL SQL][query][315us] 1 rows returned outcome=success batchOutcome=not_applicable comment=matched merchant read with relation purpose=matched benchmark read auditReason= tracePath=[0:OPERATION:Merchant=query -> 1:REQUEST:Merchant= -> 2:PROVIDER:postgresql= -> 3:SQL:select=] mutationLineage=[]
SQL: -- TeaQL PLAIN
SELECT id, name, code, external_id AS externalId, task_life_hours AS taskLifeHours, version, platform FROM merchant_data WHERE (version > 0) AND (external_id = 'matched-merchant') LIMIT 1000 OFFSET 0
[TeaQL SQL][query][290us] 1 rows returned outcome=success batchOutcome=not_applicable comment=matched merchant read with relation purpose=matched benchmark read auditReason= tracePath=[0:OPERATION:Merchant=query -> 1:REQUEST:Merchant= -> 2:RELATION:platform=Merchant.platform -> 3:PROVIDER:postgresql= -> 4:SQL:select=] mutationLineage=[]
SQL: -- TeaQL PLAIN
SELECT id, create_time AS createTime, last_update_time AS lastUpdateTime, name, version FROM platform_data WHERE (version > 0) AND (id = 1) LIMIT 1 OFFSET 0
[TeaQL SQL][query][267us] 1 rows returned outcome=success batchOutcome=not_applicable comment=matched merchant read with relation purpose=matched benchmark read auditReason= tracePath=[0:OPERATION:Merchant=query -> 1:REQUEST:Merchant= -> 2:PROVIDER:postgresql= -> 3:SQL:select=] mutationLineage=[]
SQL: -- TeaQL PLAIN
SELECT id, name, code, external_id AS externalId, task_life_hours AS taskLifeHours, version, platform FROM merchant_data WHERE (version > 0) AND (external_id = 'matched-merchant') LIMIT 1000 OFFSET 0
[TeaQL SQL][query][268us] 1 rows returned outcome=success batchOutcome=not_applicable comment=matched merchant read with relation purpose=matched benchmark read auditReason= tracePath=[0:OPERATION:Merchant=query -> 1:REQUEST:Merchant= -> 2:RELATION:platform=Merchant.platform -> 3:PROVIDER:postgresql= -> 4:SQL:select=] mutationLineage=[]
SQL: -- TeaQL PLAIN
SELECT id, create_time AS createTime, last_update_time AS lastUpdateTime, name, version FROM platform_data WHERE (version > 0) AND (id = 1) LIMIT 1 OFFSET 0
[TeaQL SQL][query][308us] 1 rows returned outcome=success batchOutcome=not_applicable comment=matched merchant read with relation purpose=matched benchmark read auditReason= tracePath=[0:OPERATION:Merchant=query -> 1:REQUEST:Merchant= -> 2:PROVIDER:postgresql= -> 3:SQL:select=] mutationLineage=[]
SQL: -- TeaQL PLAIN
SELECT id, name, code, external_id AS externalId, task_life_hours AS taskLifeHours, version, platform FROM merchant_data WHERE (version > 0) AND (external_id = 'matched-merchant') LIMIT 1000 OFFSET 0
[TeaQL SQL][query][270us] 1 rows returned outcome=success batchOutcome=not_applicable comment=matched merchant read with relation purpose=matched benchmark read auditReason= tracePath=[0:OPERATION:Merchant=query -> 1:REQUEST:Merchant= -> 2:RELATION:platform=Merchant.platform -> 3:PROVIDER:postgresql= -> 4:SQL:select=] mutationLineage=[]
SQL: -- TeaQL PLAIN
SELECT id, create_time AS createTime, last_update_time AS lastUpdateTime, name, version FROM platform_data WHERE (version > 0) AND (id = 1) LIMIT 1 OFFSET 0
[TeaQL SQL][query][291us] 1 rows returned outcome=success batchOutcome=not_applicable comment=matched merchant read with relation purpose=matched benchmark read auditReason= tracePath=[0:OPERATION:Merchant=query -> 1:REQUEST:Merchant= -> 2:PROVIDER:postgresql= -> 3:SQL:select=] mutationLineage=[]
SQL: -- TeaQL PLAIN
SELECT id, name, code, external_id AS externalId, task_life_hours AS taskLifeHours, version, platform FROM merchant_data WHERE (version > 0) AND (external_id = 'matched-merchant') LIMIT 1000 OFFSET 0
[TeaQL SQL][query][233us] 1 rows returned outcome=success batchOutcome=not_applicable comment=matched merchant read with relation purpose=matched benchmark read auditReason= tracePath=[0:OPERATION:Merchant=query -> 1:REQUEST:Merchant= -> 2:RELATION:platform=Merchant.platform -> 3:PROVIDER:postgresql= -> 4:SQL:select=] mutationLineage=[]
SQL: -- TeaQL PLAIN
SELECT id, create_time AS createTime, last_update_time AS lastUpdateTime, name, version FROM platform_data WHERE (version > 0) AND (id = 1) LIMIT 1 OFFSET 0
[TeaQL SQL][query][370us] 1 rows returned outcome=success batchOutcome=not_applicable comment=matched merchant read with relation purpose=matched benchmark read auditReason= tracePath=[0:OPERATION:Merchant=query -> 1:REQUEST:Merchant= -> 2:PROVIDER:postgresql= -> 3:SQL:select=] mutationLineage=[]
SQL: -- TeaQL PLAIN
SELECT id, name, code, external_id AS externalId, task_life_hours AS taskLifeHours, version, platform FROM merchant_data WHERE (version > 0) AND (external_id = 'matched-merchant') LIMIT 1000 OFFSET 0
[TeaQL SQL][query][355us] 1 rows returned outcome=success batchOutcome=not_applicable comment=matched merchant read with relation purpose=matched benchmark read auditReason= tracePath=[0:OPERATION:Merchant=query -> 1:REQUEST:Merchant= -> 2:RELATION:platform=Merchant.platform -> 3:PROVIDER:postgresql= -> 4:SQL:select=] mutationLineage=[]
SQL: -- TeaQL PLAIN
SELECT id, create_time AS createTime, last_update_time AS lastUpdateTime, name, version FROM platform_data WHERE (version > 0) AND (id = 1) LIMIT 1 OFFSET 0
[TeaQL SQL][query][351us] 1 rows returned outcome=success batchOutcome=not_applicable comment=matched merchant read with relation purpose=matched benchmark read auditReason= tracePath=[0:OPERATION:Merchant=query -> 1:REQUEST:Merchant= -> 2:PROVIDER:postgresql= -> 3:SQL:select=] mutationLineage=[]
SQL: -- TeaQL PLAIN
SELECT id, name, code, external_id AS externalId, task_life_hours AS taskLifeHours, version, platform FROM merchant_data WHERE (version > 0) AND (external_id = 'matched-merchant') LIMIT 1000 OFFSET 0
[TeaQL SQL][query][306us] 1 rows returned outcome=success batchOutcome=not_applicable comment=matched merchant read with relation purpose=matched benchmark read auditReason= tracePath=[0:OPERATION:Merchant=query -> 1:REQUEST:Merchant= -> 2:RELATION:platform=Merchant.platform -> 3:PROVIDER:postgresql= -> 4:SQL:select=] mutationLineage=[]
SQL: -- TeaQL PLAIN
SELECT id, create_time AS createTime, last_update_time AS lastUpdateTime, name, version FROM platform_data WHERE (version > 0) AND (id = 1) LIMIT 1 OFFSET 0
[TeaQL SQL][query][311us] 1 rows returned outcome=success batchOutcome=not_applicable comment=matched merchant read with relation purpose=matched benchmark read auditReason= tracePath=[0:OPERATION:Merchant=query -> 1:REQUEST:Merchant= -> 2:PROVIDER:postgresql= -> 3:SQL:select=] mutationLineage=[]
SQL: -- TeaQL PLAIN
SELECT id, name, code, external_id AS externalId, task_life_hours AS taskLifeHours, version, platform FROM merchant_data WHERE (version > 0) AND (external_id = 'matched-merchant') LIMIT 1000 OFFSET 0
[TeaQL SQL][query][278us] 1 rows returned outcome=success batchOutcome=not_applicable comment=matched merchant read with relation purpose=matched benchmark read auditReason= tracePath=[0:OPERATION:Merchant=query -> 1:REQUEST:Merchant= -> 2:RELATION:platform=Merchant.platform -> 3:PROVIDER:postgresql= -> 4:SQL:select=] mutationLineage=[]
SQL: -- TeaQL PLAIN
SELECT id, create_time AS createTime, last_update_time AS lastUpdateTime, name, version FROM platform_data WHERE (version > 0) AND (id = 1) LIMIT 1 OFFSET 0
[TeaQL SQL][query][238us] 1 rows returned outcome=success batchOutcome=not_applicable comment=matched merchant read with relation purpose=matched benchmark read auditReason= tracePath=[0:OPERATION:Merchant=query -> 1:REQUEST:Merchant= -> 2:PROVIDER:postgresql= -> 3:SQL:select=] mutationLineage=[]
SQL: -- TeaQL PLAIN
SELECT id, name, code, external_id AS externalId, task_life_hours AS taskLifeHours, version, platform FROM merchant_data WHERE (version > 0) AND (external_id = 'matched-merchant') LIMIT 1000 OFFSET 0
[TeaQL SQL][query][222us] 1 rows returned outcome=success batchOutcome=not_applicable comment=matched merchant read with relation purpose=matched benchmark read auditReason= tracePath=[0:OPERATION:Merchant=query -> 1:REQUEST:Merchant= -> 2:RELATION:platform=Merchant.platform -> 3:PROVIDER:postgresql= -> 4:SQL:select=] mutationLineage=[]
SQL: -- TeaQL PLAIN
SELECT id, create_time AS createTime, last_update_time AS lastUpdateTime, name, version FROM platform_data WHERE (version > 0) AND (id = 1) LIMIT 1 OFFSET 0
[TeaQL SQL][query][250us] 1 rows returned outcome=success batchOutcome=not_applicable comment=matched merchant read with relation purpose=matched benchmark read auditReason= tracePath=[0:OPERATION:Merchant=query -> 1:REQUEST:Merchant= -> 2:PROVIDER:postgresql= -> 3:SQL:select=] mutationLineage=[]
SQL: -- TeaQL PLAIN
SELECT id, name, code, external_id AS externalId, task_life_hours AS taskLifeHours, version, platform FROM merchant_data WHERE (version > 0) AND (external_id = 'matched-merchant') LIMIT 1000 OFFSET 0
[TeaQL SQL][query][223us] 1 rows returned outcome=success batchOutcome=not_applicable comment=matched merchant read with relation purpose=matched benchmark read auditReason= tracePath=[0:OPERATION:Merchant=query -> 1:REQUEST:Merchant= -> 2:RELATION:platform=Merchant.platform -> 3:PROVIDER:postgresql= -> 4:SQL:select=] mutationLineage=[]
SQL: -- TeaQL PLAIN
SELECT id, create_time AS createTime, last_update_time AS lastUpdateTime, name, version FROM platform_data WHERE (version > 0) AND (id = 1) LIMIT 1 OFFSET 0
[TeaQL SQL][query][298us] 1 rows returned outcome=success batchOutcome=not_applicable comment=matched merchant read with relation purpose=matched benchmark read auditReason= tracePath=[0:OPERATION:Merchant=query -> 1:REQUEST:Merchant= -> 2:PROVIDER:postgresql= -> 3:SQL:select=] mutationLineage=[]
SQL: -- TeaQL PLAIN
SELECT id, name, code, external_id AS externalId, task_life_hours AS taskLifeHours, version, platform FROM merchant_data WHERE (version > 0) AND (external_id = 'matched-merchant') LIMIT 1000 OFFSET 0
[TeaQL SQL][query][253us] 1 rows returned outcome=success batchOutcome=not_applicable comment=matched merchant read with relation purpose=matched benchmark read auditReason= tracePath=[0:OPERATION:Merchant=query -> 1:REQUEST:Merchant= -> 2:RELATION:platform=Merchant.platform -> 3:PROVIDER:postgresql= -> 4:SQL:select=] mutationLineage=[]
SQL: -- TeaQL PLAIN
SELECT id, create_time AS createTime, last_update_time AS lastUpdateTime, name, version FROM platform_data WHERE (version > 0) AND (id = 1) LIMIT 1 OFFSET 0
[TeaQL SQL][query][307us] 1 rows returned outcome=success batchOutcome=not_applicable comment=matched merchant read with relation purpose=matched benchmark read auditReason= tracePath=[0:OPERATION:Merchant=query -> 1:REQUEST:Merchant= -> 2:PROVIDER:postgresql= -> 3:SQL:select=] mutationLineage=[]
SQL: -- TeaQL PLAIN
SELECT id, name, code, external_id AS externalId, task_life_hours AS taskLifeHours, version, platform FROM merchant_data WHERE (version > 0) AND (external_id = 'matched-merchant') LIMIT 1000 OFFSET 0
[TeaQL SQL][query][270us] 1 rows returned outcome=success batchOutcome=not_applicable comment=matched merchant read with relation purpose=matched benchmark read auditReason= tracePath=[0:OPERATION:Merchant=query -> 1:REQUEST:Merchant= -> 2:RELATION:platform=Merchant.platform -> 3:PROVIDER:postgresql= -> 4:SQL:select=] mutationLineage=[]
SQL: -- TeaQL PLAIN
SELECT id, create_time AS createTime, last_update_time AS lastUpdateTime, name, version FROM platform_data WHERE (version > 0) AND (id = 1) LIMIT 1 OFFSET 0
[TeaQL SQL][query][291us] 1 rows returned outcome=success batchOutcome=not_applicable comment=matched merchant read with relation purpose=matched benchmark read auditReason= tracePath=[0:OPERATION:Merchant=query -> 1:REQUEST:Merchant= -> 2:PROVIDER:postgresql= -> 3:SQL:select=] mutationLineage=[]
SQL: -- TeaQL PLAIN
SELECT id, name, code, external_id AS externalId, task_life_hours AS taskLifeHours, version, platform FROM merchant_data WHERE (version > 0) AND (external_id = 'matched-merchant') LIMIT 1000 OFFSET 0
[TeaQL SQL][query][247us] 1 rows returned outcome=success batchOutcome=not_applicable comment=matched merchant read with relation purpose=matched benchmark read auditReason= tracePath=[0:OPERATION:Merchant=query -> 1:REQUEST:Merchant= -> 2:RELATION:platform=Merchant.platform -> 3:PROVIDER:postgresql= -> 4:SQL:select=] mutationLineage=[]
SQL: -- TeaQL PLAIN
SELECT id, create_time AS createTime, last_update_time AS lastUpdateTime, name, version FROM platform_data WHERE (version > 0) AND (id = 1) LIMIT 1 OFFSET 0
[TeaQL SQL][query][251us] 1 rows returned outcome=success batchOutcome=not_applicable comment=matched merchant read with relation purpose=matched benchmark read auditReason= tracePath=[0:OPERATION:Merchant=query -> 1:REQUEST:Merchant= -> 2:PROVIDER:postgresql= -> 3:SQL:select=] mutationLineage=[]
SQL: -- TeaQL PLAIN
SELECT id, name, code, external_id AS externalId, task_life_hours AS taskLifeHours, version, platform FROM merchant_data WHERE (version > 0) AND (external_id = 'matched-merchant') LIMIT 1000 OFFSET 0
[TeaQL SQL][query][220us] 1 rows returned outcome=success batchOutcome=not_applicable comment=matched merchant read with relation purpose=matched benchmark read auditReason= tracePath=[0:OPERATION:Merchant=query -> 1:REQUEST:Merchant= -> 2:RELATION:platform=Merchant.platform -> 3:PROVIDER:postgresql= -> 4:SQL:select=] mutationLineage=[]
SQL: -- TeaQL PLAIN
SELECT id, create_time AS createTime, last_update_time AS lastUpdateTime, name, version FROM platform_data WHERE (version > 0) AND (id = 1) LIMIT 1 OFFSET 0
[TeaQL SQL][query][324us] 1 rows returned outcome=success batchOutcome=not_applicable comment=matched merchant read with relation purpose=matched benchmark read auditReason= tracePath=[0:OPERATION:Merchant=query -> 1:REQUEST:Merchant= -> 2:PROVIDER:postgresql= -> 3:SQL:select=] mutationLineage=[]
SQL: -- TeaQL PLAIN
SELECT id, name, code, external_id AS externalId, task_life_hours AS taskLifeHours, version, platform FROM merchant_data WHERE (version > 0) AND (external_id = 'matched-merchant') LIMIT 1000 OFFSET 0
[TeaQL SQL][query][281us] 1 rows returned outcome=success batchOutcome=not_applicable comment=matched merchant read with relation purpose=matched benchmark read auditReason= tracePath=[0:OPERATION:Merchant=query -> 1:REQUEST:Merchant= -> 2:RELATION:platform=Merchant.platform -> 3:PROVIDER:postgresql= -> 4:SQL:select=] mutationLineage=[]
SQL: -- TeaQL PLAIN
SELECT id, create_time AS createTime, last_update_time AS lastUpdateTime, name, version FROM platform_data WHERE (version > 0) AND (id = 1) LIMIT 1 OFFSET 0
[TeaQL SQL][query][318us] 1 rows returned outcome=success batchOutcome=not_applicable comment=matched merchant read with relation purpose=matched benchmark read auditReason= tracePath=[0:OPERATION:Merchant=query -> 1:REQUEST:Merchant= -> 2:PROVIDER:postgresql= -> 3:SQL:select=] mutationLineage=[]
SQL: -- TeaQL PLAIN
SELECT id, name, code, external_id AS externalId, task_life_hours AS taskLifeHours, version, platform FROM merchant_data WHERE (version > 0) AND (external_id = 'matched-merchant') LIMIT 1000 OFFSET 0
[TeaQL SQL][query][325us] 1 rows returned outcome=success batchOutcome=not_applicable comment=matched merchant read with relation purpose=matched benchmark read auditReason= tracePath=[0:OPERATION:Merchant=query -> 1:REQUEST:Merchant= -> 2:RELATION:platform=Merchant.platform -> 3:PROVIDER:postgresql= -> 4:SQL:select=] mutationLineage=[]
SQL: -- TeaQL PLAIN
SELECT id, create_time AS createTime, last_update_time AS lastUpdateTime, name, version FROM platform_data WHERE (version > 0) AND (id = 1) LIMIT 1 OFFSET 0
[TeaQL SQL][query][253us] 1 rows returned outcome=success batchOutcome=not_applicable comment=matched merchant read with relation purpose=matched benchmark read auditReason= tracePath=[0:OPERATION:Merchant=query -> 1:REQUEST:Merchant= -> 2:PROVIDER:postgresql= -> 3:SQL:select=] mutationLineage=[]
SQL: -- TeaQL PLAIN
SELECT id, name, code, external_id AS externalId, task_life_hours AS taskLifeHours, version, platform FROM merchant_data WHERE (version > 0) AND (external_id = 'matched-merchant') LIMIT 1000 OFFSET 0
[TeaQL SQL][query][317us] 1 rows returned outcome=success batchOutcome=not_applicable comment=matched merchant read with relation purpose=matched benchmark read auditReason= tracePath=[0:OPERATION:Merchant=query -> 1:REQUEST:Merchant= -> 2:RELATION:platform=Merchant.platform -> 3:PROVIDER:postgresql= -> 4:SQL:select=] mutationLineage=[]
SQL: -- TeaQL PLAIN
SELECT id, create_time AS createTime, last_update_time AS lastUpdateTime, name, version FROM platform_data WHERE (version > 0) AND (id = 1) LIMIT 1 OFFSET 0
[TeaQL SQL][query][324us] 1 rows returned outcome=success batchOutcome=not_applicable comment=matched merchant read with relation purpose=matched benchmark read auditReason= tracePath=[0:OPERATION:Merchant=query -> 1:REQUEST:Merchant= -> 2:PROVIDER:postgresql= -> 3:SQL:select=] mutationLineage=[]
SQL: -- TeaQL PLAIN
SELECT id, name, code, external_id AS externalId, task_life_hours AS taskLifeHours, version, platform FROM merchant_data WHERE (version > 0) AND (external_id = 'matched-merchant') LIMIT 1000 OFFSET 0
[TeaQL SQL][query][313us] 1 rows returned outcome=success batchOutcome=not_applicable comment=matched merchant read with relation purpose=matched benchmark read auditReason= tracePath=[0:OPERATION:Merchant=query -> 1:REQUEST:Merchant= -> 2:RELATION:platform=Merchant.platform -> 3:PROVIDER:postgresql= -> 4:SQL:select=] mutationLineage=[]
SQL: -- TeaQL PLAIN
SELECT id, create_time AS createTime, last_update_time AS lastUpdateTime, name, version FROM platform_data WHERE (version > 0) AND (id = 1) LIMIT 1 OFFSET 0
[TeaQL SQL][query][328us] 1 rows returned outcome=success batchOutcome=not_applicable comment=matched merchant read with relation purpose=matched benchmark read auditReason= tracePath=[0:OPERATION:Merchant=query -> 1:REQUEST:Merchant= -> 2:PROVIDER:postgresql= -> 3:SQL:select=] mutationLineage=[]
SQL: -- TeaQL PLAIN
SELECT id, name, code, external_id AS externalId, task_life_hours AS taskLifeHours, version, platform FROM merchant_data WHERE (version > 0) AND (external_id = 'matched-merchant') LIMIT 1000 OFFSET 0
[TeaQL SQL][query][213us] 1 rows returned outcome=success batchOutcome=not_applicable comment=matched merchant read with relation purpose=matched benchmark read auditReason= tracePath=[0:OPERATION:Merchant=query -> 1:REQUEST:Merchant= -> 2:RELATION:platform=Merchant.platform -> 3:PROVIDER:postgresql= -> 4:SQL:select=] mutationLineage=[]
SQL: -- TeaQL PLAIN
SELECT id, create_time AS createTime, last_update_time AS lastUpdateTime, name, version FROM platform_data WHERE (version > 0) AND (id = 1) LIMIT 1 OFFSET 0
[TeaQL SQL][query][274us] 1 rows returned outcome=success batchOutcome=not_applicable comment=matched merchant read with relation purpose=matched benchmark read auditReason= tracePath=[0:OPERATION:Merchant=query -> 1:REQUEST:Merchant= -> 2:PROVIDER:postgresql= -> 3:SQL:select=] mutationLineage=[]
SQL: -- TeaQL PLAIN
SELECT id, name, code, external_id AS externalId, task_life_hours AS taskLifeHours, version, platform FROM merchant_data WHERE (version > 0) AND (external_id = 'matched-merchant') LIMIT 1000 OFFSET 0
[TeaQL SQL][query][255us] 1 rows returned outcome=success batchOutcome=not_applicable comment=matched merchant read with relation purpose=matched benchmark read auditReason= tracePath=[0:OPERATION:Merchant=query -> 1:REQUEST:Merchant= -> 2:RELATION:platform=Merchant.platform -> 3:PROVIDER:postgresql= -> 4:SQL:select=] mutationLineage=[]
SQL: -- TeaQL PLAIN
SELECT id, create_time AS createTime, last_update_time AS lastUpdateTime, name, version FROM platform_data WHERE (version > 0) AND (id = 1) LIMIT 1 OFFSET 0
[TeaQL SQL][query][282us] 1 rows returned outcome=success batchOutcome=not_applicable comment=matched merchant read with relation purpose=matched benchmark read auditReason= tracePath=[0:OPERATION:Merchant=query -> 1:REQUEST:Merchant= -> 2:PROVIDER:postgresql= -> 3:SQL:select=] mutationLineage=[]
SQL: -- TeaQL PLAIN
SELECT id, name, code, external_id AS externalId, task_life_hours AS taskLifeHours, version, platform FROM merchant_data WHERE (version > 0) AND (external_id = 'matched-merchant') LIMIT 1000 OFFSET 0
[TeaQL SQL][query][242us] 1 rows returned outcome=success batchOutcome=not_applicable comment=matched merchant read with relation purpose=matched benchmark read auditReason= tracePath=[0:OPERATION:Merchant=query -> 1:REQUEST:Merchant= -> 2:RELATION:platform=Merchant.platform -> 3:PROVIDER:postgresql= -> 4:SQL:select=] mutationLineage=[]
SQL: -- TeaQL PLAIN
SELECT id, create_time AS createTime, last_update_time AS lastUpdateTime, name, version FROM platform_data WHERE (version > 0) AND (id = 1) LIMIT 1 OFFSET 0
[TeaQL SQL][query][311us] 1 rows returned outcome=success batchOutcome=not_applicable comment=matched merchant read with relation purpose=matched benchmark read auditReason= tracePath=[0:OPERATION:Merchant=query -> 1:REQUEST:Merchant= -> 2:PROVIDER:postgresql= -> 3:SQL:select=] mutationLineage=[]
SQL: -- TeaQL PLAIN
SELECT id, name, code, external_id AS externalId, task_life_hours AS taskLifeHours, version, platform FROM merchant_data WHERE (version > 0) AND (external_id = 'matched-merchant') LIMIT 1000 OFFSET 0
[TeaQL SQL][query][276us] 1 rows returned outcome=success batchOutcome=not_applicable comment=matched merchant read with relation purpose=matched benchmark read auditReason= tracePath=[0:OPERATION:Merchant=query -> 1:REQUEST:Merchant= -> 2:RELATION:platform=Merchant.platform -> 3:PROVIDER:postgresql= -> 4:SQL:select=] mutationLineage=[]
SQL: -- TeaQL PLAIN
SELECT id, create_time AS createTime, last_update_time AS lastUpdateTime, name, version FROM platform_data WHERE (version > 0) AND (id = 1) LIMIT 1 OFFSET 0
[TeaQL SQL][query][294us] 1 rows returned outcome=success batchOutcome=not_applicable comment=matched merchant read with relation purpose=matched benchmark read auditReason= tracePath=[0:OPERATION:Merchant=query -> 1:REQUEST:Merchant= -> 2:PROVIDER:postgresql= -> 3:SQL:select=] mutationLineage=[]
SQL: -- TeaQL PLAIN
SELECT id, name, code, external_id AS externalId, task_life_hours AS taskLifeHours, version, platform FROM merchant_data WHERE (version > 0) AND (external_id = 'matched-merchant') LIMIT 1000 OFFSET 0
[TeaQL SQL][query][244us] 1 rows returned outcome=success batchOutcome=not_applicable comment=matched merchant read with relation purpose=matched benchmark read auditReason= tracePath=[0:OPERATION:Merchant=query -> 1:REQUEST:Merchant= -> 2:RELATION:platform=Merchant.platform -> 3:PROVIDER:postgresql= -> 4:SQL:select=] mutationLineage=[]
SQL: -- TeaQL PLAIN
SELECT id, create_time AS createTime, last_update_time AS lastUpdateTime, name, version FROM platform_data WHERE (version > 0) AND (id = 1) LIMIT 1 OFFSET 0
[TeaQL SQL][query][474us] 1 rows returned outcome=success batchOutcome=not_applicable comment=matched merchant read with relation purpose=matched benchmark read auditReason= tracePath=[0:OPERATION:Merchant=query -> 1:REQUEST:Merchant= -> 2:PROVIDER:postgresql= -> 3:SQL:select=] mutationLineage=[]
SQL: -- TeaQL PLAIN
SELECT id, name, code, external_id AS externalId, task_life_hours AS taskLifeHours, version, platform FROM merchant_data WHERE (version > 0) AND (external_id = 'matched-merchant') LIMIT 1000 OFFSET 0
[TeaQL SQL][query][446us] 1 rows returned outcome=success batchOutcome=not_applicable comment=matched merchant read with relation purpose=matched benchmark read auditReason= tracePath=[0:OPERATION:Merchant=query -> 1:REQUEST:Merchant= -> 2:RELATION:platform=Merchant.platform -> 3:PROVIDER:postgresql= -> 4:SQL:select=] mutationLineage=[]
SQL: -- TeaQL PLAIN
SELECT id, create_time AS createTime, last_update_time AS lastUpdateTime, name, version FROM platform_data WHERE (version > 0) AND (id = 1) LIMIT 1 OFFSET 0
[TeaQL SQL][query][323us] 1 rows returned outcome=success batchOutcome=not_applicable comment=matched merchant read with relation purpose=matched benchmark read auditReason= tracePath=[0:OPERATION:Merchant=query -> 1:REQUEST:Merchant= -> 2:PROVIDER:postgresql= -> 3:SQL:select=] mutationLineage=[]
SQL: -- TeaQL PLAIN
SELECT id, name, code, external_id AS externalId, task_life_hours AS taskLifeHours, version, platform FROM merchant_data WHERE (version > 0) AND (external_id = 'matched-merchant') LIMIT 1000 OFFSET 0
[TeaQL SQL][query][352us] 1 rows returned outcome=success batchOutcome=not_applicable comment=matched merchant read with relation purpose=matched benchmark read auditReason= tracePath=[0:OPERATION:Merchant=query -> 1:REQUEST:Merchant= -> 2:PROVIDER:postgresql= -> 3:SQL:select=] mutationLineage=[]
SQL: -- TeaQL PLAIN
SELECT id, name, code, external_id AS externalId, task_life_hours AS taskLifeHours, version, platform FROM merchant_data WHERE (version > 0) AND (external_id = 'matched-merchant') LIMIT 1000 OFFSET 0
[TeaQL SQL][query][441us] 1 rows returned outcome=success batchOutcome=not_applicable comment=matched merchant read with relation purpose=matched benchmark read auditReason= tracePath=[0:OPERATION:Merchant=query -> 1:REQUEST:Merchant= -> 2:RELATION:platform=Merchant.platform -> 3:PROVIDER:postgresql= -> 4:SQL:select=] mutationLineage=[]
SQL: -- TeaQL PLAIN
SELECT id, create_time AS createTime, last_update_time AS lastUpdateTime, name, version FROM platform_data WHERE (version > 0) AND (id = 1) LIMIT 1 OFFSET 0
[TeaQL SQL][query][385us] 1 rows returned outcome=success batchOutcome=not_applicable comment=matched merchant read with relation purpose=matched benchmark read auditReason= tracePath=[0:OPERATION:Merchant=query -> 1:REQUEST:Merchant= -> 2:RELATION:platform=Merchant.platform -> 3:PROVIDER:postgresql= -> 4:SQL:select=] mutationLineage=[]
SQL: -- TeaQL PLAIN
SELECT id, create_time AS createTime, last_update_time AS lastUpdateTime, name, version FROM platform_data WHERE (version > 0) AND (id = 1) LIMIT 1 OFFSET 0
[TeaQL SQL][query][339us] 1 rows returned outcome=success batchOutcome=not_applicable comment=matched merchant read with relation purpose=matched benchmark read auditReason= tracePath=[0:OPERATION:Merchant=query -> 1:REQUEST:Merchant= -> 2:PROVIDER:postgresql= -> 3:SQL:select=] mutationLineage=[]
SQL: -- TeaQL PLAIN
SELECT id, name, code, external_id AS externalId, task_life_hours AS taskLifeHours, version, platform FROM merchant_data WHERE (version > 0) AND (external_id = 'matched-merchant') LIMIT 1000 OFFSET 0
[TeaQL SQL][query][247us] 1 rows returned outcome=success batchOutcome=not_applicable comment=matched merchant read with relation purpose=matched benchmark read auditReason= tracePath=[0:OPERATION:Merchant=query -> 1:REQUEST:Merchant= -> 2:RELATION:platform=Merchant.platform -> 3:PROVIDER:postgresql= -> 4:SQL:select=] mutationLineage=[]
SQL: -- TeaQL PLAIN
SELECT id, create_time AS createTime, last_update_time AS lastUpdateTime, name, version FROM platform_data WHERE (version > 0) AND (id = 1) LIMIT 1 OFFSET 0
[TeaQL SQL][query][265us] 1 rows returned outcome=success batchOutcome=not_applicable comment=matched merchant read with relation purpose=matched benchmark read auditReason= tracePath=[0:OPERATION:Merchant=query -> 1:REQUEST:Merchant= -> 2:PROVIDER:postgresql= -> 3:SQL:select=] mutationLineage=[]
SQL: -- TeaQL PLAIN
SELECT id, name, code, external_id AS externalId, task_life_hours AS taskLifeHours, version, platform FROM merchant_data WHERE (version > 0) AND (external_id = 'matched-merchant') LIMIT 1000 OFFSET 0
[TeaQL SQL][query][217us] 1 rows returned outcome=success batchOutcome=not_applicable comment=matched merchant read with relation purpose=matched benchmark read auditReason= tracePath=[0:OPERATION:Merchant=query -> 1:REQUEST:Merchant= -> 2:RELATION:platform=Merchant.platform -> 3:PROVIDER:postgresql= -> 4:SQL:select=] mutationLineage=[]
SQL: -- TeaQL PLAIN
SELECT id, create_time AS createTime, last_update_time AS lastUpdateTime, name, version FROM platform_data WHERE (version > 0) AND (id = 1) LIMIT 1 OFFSET 0
[TeaQL SQL][query][265us] 1 rows returned outcome=success batchOutcome=not_applicable comment=matched merchant read with relation purpose=matched benchmark read auditReason= tracePath=[0:OPERATION:Merchant=query -> 1:REQUEST:Merchant= -> 2:PROVIDER:postgresql= -> 3:SQL:select=] mutationLineage=[]
SQL: -- TeaQL PLAIN
SELECT id, name, code, external_id AS externalId, task_life_hours AS taskLifeHours, version, platform FROM merchant_data WHERE (version > 0) AND (external_id = 'matched-merchant') LIMIT 1000 OFFSET 0
[TeaQL SQL][query][229us] 1 rows returned outcome=success batchOutcome=not_applicable comment=matched merchant read with relation purpose=matched benchmark read auditReason= tracePath=[0:OPERATION:Merchant=query -> 1:REQUEST:Merchant= -> 2:RELATION:platform=Merchant.platform -> 3:PROVIDER:postgresql= -> 4:SQL:select=] mutationLineage=[]
SQL: -- TeaQL PLAIN
SELECT id, create_time AS createTime, last_update_time AS lastUpdateTime, name, version FROM platform_data WHERE (version > 0) AND (id = 1) LIMIT 1 OFFSET 0
[TeaQL SQL][query][267us] 1 rows returned outcome=success batchOutcome=not_applicable comment=matched merchant read with relation purpose=matched benchmark read auditReason= tracePath=[0:OPERATION:Merchant=query -> 1:REQUEST:Merchant= -> 2:PROVIDER:postgresql= -> 3:SQL:select=] mutationLineage=[]
SQL: -- TeaQL PLAIN
SELECT id, name, code, external_id AS externalId, task_life_hours AS taskLifeHours, version, platform FROM merchant_data WHERE (version > 0) AND (external_id = 'matched-merchant') LIMIT 1000 OFFSET 0
[TeaQL SQL][query][254us] 1 rows returned outcome=success batchOutcome=not_applicable comment=matched merchant read with relation purpose=matched benchmark read auditReason= tracePath=[0:OPERATION:Merchant=query -> 1:REQUEST:Merchant= -> 2:RELATION:platform=Merchant.platform -> 3:PROVIDER:postgresql= -> 4:SQL:select=] mutationLineage=[]
SQL: -- TeaQL PLAIN
SELECT id, create_time AS createTime, last_update_time AS lastUpdateTime, name, version FROM platform_data WHERE (version > 0) AND (id = 1) LIMIT 1 OFFSET 0
[TeaQL SQL][query][261us] 1 rows returned outcome=success batchOutcome=not_applicable comment=matched merchant read with relation purpose=matched benchmark read auditReason= tracePath=[0:OPERATION:Merchant=query -> 1:REQUEST:Merchant= -> 2:PROVIDER:postgresql= -> 3:SQL:select=] mutationLineage=[]
SQL: -- TeaQL PLAIN
SELECT id, name, code, external_id AS externalId, task_life_hours AS taskLifeHours, version, platform FROM merchant_data WHERE (version > 0) AND (external_id = 'matched-merchant') LIMIT 1000 OFFSET 0
[TeaQL SQL][query][260us] 1 rows returned outcome=success batchOutcome=not_applicable comment=matched merchant read with relation purpose=matched benchmark read auditReason= tracePath=[0:OPERATION:Merchant=query -> 1:REQUEST:Merchant= -> 2:RELATION:platform=Merchant.platform -> 3:PROVIDER:postgresql= -> 4:SQL:select=] mutationLineage=[]
SQL: -- TeaQL PLAIN
SELECT id, create_time AS createTime, last_update_time AS lastUpdateTime, name, version FROM platform_data WHERE (version > 0) AND (id = 1) LIMIT 1 OFFSET 0
[TeaQL SQL][query][443us] 1 rows returned outcome=success batchOutcome=not_applicable comment=matched merchant read with relation purpose=matched benchmark read auditReason= tracePath=[0:OPERATION:Merchant=query -> 1:REQUEST:Merchant= -> 2:PROVIDER:postgresql= -> 3:SQL:select=] mutationLineage=[]
SQL: -- TeaQL PLAIN
SELECT id, name, code, external_id AS externalId, task_life_hours AS taskLifeHours, version, platform FROM merchant_data WHERE (version > 0) AND (external_id = 'matched-merchant') LIMIT 1000 OFFSET 0
[TeaQL SQL][query][374us] 1 rows returned outcome=success batchOutcome=not_applicable comment=matched merchant read with relation purpose=matched benchmark read auditReason= tracePath=[0:OPERATION:Merchant=query -> 1:REQUEST:Merchant= -> 2:RELATION:platform=Merchant.platform -> 3:PROVIDER:postgresql= -> 4:SQL:select=] mutationLineage=[]
SQL: -- TeaQL PLAIN
SELECT id, create_time AS createTime, last_update_time AS lastUpdateTime, name, version FROM platform_data WHERE (version > 0) AND (id = 1) LIMIT 1 OFFSET 0
[TeaQL SQL][query][233us] 1 rows returned outcome=success batchOutcome=not_applicable comment=matched merchant read with relation purpose=matched benchmark read auditReason= tracePath=[0:OPERATION:Merchant=query -> 1:REQUEST:Merchant= -> 2:PROVIDER:postgresql= -> 3:SQL:select=] mutationLineage=[]
SQL: -- TeaQL PLAIN
SELECT id, name, code, external_id AS externalId, task_life_hours AS taskLifeHours, version, platform FROM merchant_data WHERE (version > 0) AND (external_id = 'matched-merchant') LIMIT 1000 OFFSET 0
[TeaQL SQL][query][233us] 1 rows returned outcome=success batchOutcome=not_applicable comment=matched merchant read with relation purpose=matched benchmark read auditReason= tracePath=[0:OPERATION:Merchant=query -> 1:REQUEST:Merchant= -> 2:RELATION:platform=Merchant.platform -> 3:PROVIDER:postgresql= -> 4:SQL:select=] mutationLineage=[]
SQL: -- TeaQL PLAIN
SELECT id, create_time AS createTime, last_update_time AS lastUpdateTime, name, version FROM platform_data WHERE (version > 0) AND (id = 1) LIMIT 1 OFFSET 0
[TeaQL SQL][query][347us] 1 rows returned outcome=success batchOutcome=not_applicable comment=matched merchant read with relation purpose=matched benchmark read auditReason= tracePath=[0:OPERATION:Merchant=query -> 1:REQUEST:Merchant= -> 2:PROVIDER:postgresql= -> 3:SQL:select=] mutationLineage=[]
SQL: -- TeaQL PLAIN
SELECT id, name, code, external_id AS externalId, task_life_hours AS taskLifeHours, version, platform FROM merchant_data WHERE (version > 0) AND (external_id = 'matched-merchant') LIMIT 1000 OFFSET 0
[TeaQL SQL][query][266us] 1 rows returned outcome=success batchOutcome=not_applicable comment=matched merchant read with relation purpose=matched benchmark read auditReason= tracePath=[0:OPERATION:Merchant=query -> 1:REQUEST:Merchant= -> 2:RELATION:platform=Merchant.platform -> 3:PROVIDER:postgresql= -> 4:SQL:select=] mutationLineage=[]
SQL: -- TeaQL PLAIN
SELECT id, create_time AS createTime, last_update_time AS lastUpdateTime, name, version FROM platform_data WHERE (version > 0) AND (id = 1) LIMIT 1 OFFSET 0
[TeaQL SQL][query][272us] 1 rows returned outcome=success batchOutcome=not_applicable comment=matched merchant read with relation purpose=matched benchmark read auditReason= tracePath=[0:OPERATION:Merchant=query -> 1:REQUEST:Merchant= -> 2:PROVIDER:postgresql= -> 3:SQL:select=] mutationLineage=[]
SQL: -- TeaQL PLAIN
SELECT id, name, code, external_id AS externalId, task_life_hours AS taskLifeHours, version, platform FROM merchant_data WHERE (version > 0) AND (external_id = 'matched-merchant') LIMIT 1000 OFFSET 0
[TeaQL SQL][query][233us] 1 rows returned outcome=success batchOutcome=not_applicable comment=matched merchant read with relation purpose=matched benchmark read auditReason= tracePath=[0:OPERATION:Merchant=query -> 1:REQUEST:Merchant= -> 2:RELATION:platform=Merchant.platform -> 3:PROVIDER:postgresql= -> 4:SQL:select=] mutationLineage=[]
SQL: -- TeaQL PLAIN
SELECT id, create_time AS createTime, last_update_time AS lastUpdateTime, name, version FROM platform_data WHERE (version > 0) AND (id = 1) LIMIT 1 OFFSET 0
[TeaQL SQL][query][273us] 1 rows returned outcome=success batchOutcome=not_applicable comment=matched merchant read with relation purpose=matched benchmark read auditReason= tracePath=[0:OPERATION:Merchant=query -> 1:REQUEST:Merchant= -> 2:PROVIDER:postgresql= -> 3:SQL:select=] mutationLineage=[]
SQL: -- TeaQL PLAIN
SELECT id, name, code, external_id AS externalId, task_life_hours AS taskLifeHours, version, platform FROM merchant_data WHERE (version > 0) AND (external_id = 'matched-merchant') LIMIT 1000 OFFSET 0
[TeaQL SQL][query][206us] 1 rows returned outcome=success batchOutcome=not_applicable comment=matched merchant read with relation purpose=matched benchmark read auditReason= tracePath=[0:OPERATION:Merchant=query -> 1:REQUEST:Merchant= -> 2:RELATION:platform=Merchant.platform -> 3:PROVIDER:postgresql= -> 4:SQL:select=] mutationLineage=[]
SQL: -- TeaQL PLAIN
SELECT id, create_time AS createTime, last_update_time AS lastUpdateTime, name, version FROM platform_data WHERE (version > 0) AND (id = 1) LIMIT 1 OFFSET 0
[TeaQL SQL][query][263us] 1 rows returned outcome=success batchOutcome=not_applicable comment=matched merchant read with relation purpose=matched benchmark read auditReason= tracePath=[0:OPERATION:Merchant=query -> 1:REQUEST:Merchant= -> 2:PROVIDER:postgresql= -> 3:SQL:select=] mutationLineage=[]
SQL: -- TeaQL PLAIN
SELECT id, name, code, external_id AS externalId, task_life_hours AS taskLifeHours, version, platform FROM merchant_data WHERE (version > 0) AND (external_id = 'matched-merchant') LIMIT 1000 OFFSET 0
[TeaQL SQL][query][217us] 1 rows returned outcome=success batchOutcome=not_applicable comment=matched merchant read with relation purpose=matched benchmark read auditReason= tracePath=[0:OPERATION:Merchant=query -> 1:REQUEST:Merchant= -> 2:RELATION:platform=Merchant.platform -> 3:PROVIDER:postgresql= -> 4:SQL:select=] mutationLineage=[]
SQL: -- TeaQL PLAIN
SELECT id, create_time AS createTime, last_update_time AS lastUpdateTime, name, version FROM platform_data WHERE (version > 0) AND (id = 1) LIMIT 1 OFFSET 0
[TeaQL SQL][query][389us] 1 rows returned outcome=success batchOutcome=not_applicable comment=matched merchant read with relation purpose=matched benchmark read auditReason= tracePath=[0:OPERATION:Merchant=query -> 1:REQUEST:Merchant= -> 2:PROVIDER:postgresql= -> 3:SQL:select=] mutationLineage=[]
SQL: -- TeaQL PLAIN
SELECT id, name, code, external_id AS externalId, task_life_hours AS taskLifeHours, version, platform FROM merchant_data WHERE (version > 0) AND (external_id = 'matched-merchant') LIMIT 1000 OFFSET 0
[TeaQL SQL][query][351us] 1 rows returned outcome=success batchOutcome=not_applicable comment=matched merchant read with relation purpose=matched benchmark read auditReason= tracePath=[0:OPERATION:Merchant=query -> 1:REQUEST:Merchant= -> 2:RELATION:platform=Merchant.platform -> 3:PROVIDER:postgresql= -> 4:SQL:select=] mutationLineage=[]
SQL: -- TeaQL PLAIN
SELECT id, create_time AS createTime, last_update_time AS lastUpdateTime, name, version FROM platform_data WHERE (version > 0) AND (id = 1) LIMIT 1 OFFSET 0
[TeaQL SQL][query][340us] 1 rows returned outcome=success batchOutcome=not_applicable comment=matched merchant read with relation purpose=matched benchmark read auditReason= tracePath=[0:OPERATION:Merchant=query -> 1:REQUEST:Merchant= -> 2:PROVIDER:postgresql= -> 3:SQL:select=] mutationLineage=[]
SQL: -- TeaQL PLAIN
SELECT id, name, code, external_id AS externalId, task_life_hours AS taskLifeHours, version, platform FROM merchant_data WHERE (version > 0) AND (external_id = 'matched-merchant') LIMIT 1000 OFFSET 0
[TeaQL SQL][query][259us] 1 rows returned outcome=success batchOutcome=not_applicable comment=matched merchant read with relation purpose=matched benchmark read auditReason= tracePath=[0:OPERATION:Merchant=query -> 1:REQUEST:Merchant= -> 2:RELATION:platform=Merchant.platform -> 3:PROVIDER:postgresql= -> 4:SQL:select=] mutationLineage=[]
SQL: -- TeaQL PLAIN
SELECT id, create_time AS createTime, last_update_time AS lastUpdateTime, name, version FROM platform_data WHERE (version > 0) AND (id = 1) LIMIT 1 OFFSET 0
[TeaQL SQL][query][345us] 1 rows returned outcome=success batchOutcome=not_applicable comment=matched merchant read with relation purpose=matched benchmark read auditReason= tracePath=[0:OPERATION:Merchant=query -> 1:REQUEST:Merchant= -> 2:PROVIDER:postgresql= -> 3:SQL:select=] mutationLineage=[]
SQL: -- TeaQL PLAIN
SELECT id, name, code, external_id AS externalId, task_life_hours AS taskLifeHours, version, platform FROM merchant_data WHERE (version > 0) AND (external_id = 'matched-merchant') LIMIT 1000 OFFSET 0
[TeaQL SQL][query][290us] 1 rows returned outcome=success batchOutcome=not_applicable comment=matched merchant read with relation purpose=matched benchmark read auditReason= tracePath=[0:OPERATION:Merchant=query -> 1:REQUEST:Merchant= -> 2:RELATION:platform=Merchant.platform -> 3:PROVIDER:postgresql= -> 4:SQL:select=] mutationLineage=[]
SQL: -- TeaQL PLAIN
SELECT id, create_time AS createTime, last_update_time AS lastUpdateTime, name, version FROM platform_data WHERE (version > 0) AND (id = 1) LIMIT 1 OFFSET 0
[TeaQL SQL][query][347us] 1 rows returned outcome=success batchOutcome=not_applicable comment=matched merchant read with relation purpose=matched benchmark read auditReason= tracePath=[0:OPERATION:Merchant=query -> 1:REQUEST:Merchant= -> 2:PROVIDER:postgresql= -> 3:SQL:select=] mutationLineage=[]
SQL: -- TeaQL PLAIN
SELECT id, name, code, external_id AS externalId, task_life_hours AS taskLifeHours, version, platform FROM merchant_data WHERE (version > 0) AND (external_id = 'matched-merchant') LIMIT 1000 OFFSET 0
[TeaQL SQL][query][275us] 1 rows returned outcome=success batchOutcome=not_applicable comment=matched merchant read with relation purpose=matched benchmark read auditReason= tracePath=[0:OPERATION:Merchant=query -> 1:REQUEST:Merchant= -> 2:PROVIDER:postgresql= -> 3:SQL:select=] mutationLineage=[]
SQL: -- TeaQL PLAIN
SELECT id, name, code, external_id AS externalId, task_life_hours AS taskLifeHours, version, platform FROM merchant_data WHERE (version > 0) AND (external_id = 'matched-merchant') LIMIT 1000 OFFSET 0
[TeaQL SQL][query][260us] 1 rows returned outcome=success batchOutcome=not_applicable comment=matched merchant read with relation purpose=matched benchmark read auditReason= tracePath=[0:OPERATION:Merchant=query -> 1:REQUEST:Merchant= -> 2:RELATION:platform=Merchant.platform -> 3:PROVIDER:postgresql= -> 4:SQL:select=] mutationLineage=[]
SQL: -- TeaQL PLAIN
SELECT id, create_time AS createTime, last_update_time AS lastUpdateTime, name, version FROM platform_data WHERE (version > 0) AND (id = 1) LIMIT 1 OFFSET 0
[TeaQL SQL][query][287us] 1 rows returned outcome=success batchOutcome=not_applicable comment=matched merchant read with relation purpose=matched benchmark read auditReason= tracePath=[0:OPERATION:Merchant=query -> 1:REQUEST:Merchant= -> 2:RELATION:platform=Merchant.platform -> 3:PROVIDER:postgresql= -> 4:SQL:select=] mutationLineage=[]
SQL: -- TeaQL PLAIN
SELECT id, create_time AS createTime, last_update_time AS lastUpdateTime, name, version FROM platform_data WHERE (version > 0) AND (id = 1) LIMIT 1 OFFSET 0
[TeaQL SQL][query][269us] 1 rows returned outcome=success batchOutcome=not_applicable comment=matched merchant read with relation purpose=matched benchmark read auditReason= tracePath=[0:OPERATION:Merchant=query -> 1:REQUEST:Merchant= -> 2:PROVIDER:postgresql= -> 3:SQL:select=] mutationLineage=[]
SQL: -- TeaQL PLAIN
SELECT id, name, code, external_id AS externalId, task_life_hours AS taskLifeHours, version, platform FROM merchant_data WHERE (version > 0) AND (external_id = 'matched-merchant') LIMIT 1000 OFFSET 0
[TeaQL SQL][query][240us] 1 rows returned outcome=success batchOutcome=not_applicable comment=matched merchant read with relation purpose=matched benchmark read auditReason= tracePath=[0:OPERATION:Merchant=query -> 1:REQUEST:Merchant= -> 2:RELATION:platform=Merchant.platform -> 3:PROVIDER:postgresql= -> 4:SQL:select=] mutationLineage=[]
SQL: -- TeaQL PLAIN
SELECT id, create_time AS createTime, last_update_time AS lastUpdateTime, name, version FROM platform_data WHERE (version > 0) AND (id = 1) LIMIT 1 OFFSET 0
[TeaQL SQL][query][368us] 1 rows returned outcome=success batchOutcome=not_applicable comment=matched merchant read with relation purpose=matched benchmark read auditReason= tracePath=[0:OPERATION:Merchant=query -> 1:REQUEST:Merchant= -> 2:PROVIDER:postgresql= -> 3:SQL:select=] mutationLineage=[]
SQL: -- TeaQL PLAIN
SELECT id, name, code, external_id AS externalId, task_life_hours AS taskLifeHours, version, platform FROM merchant_data WHERE (version > 0) AND (external_id = 'matched-merchant') LIMIT 1000 OFFSET 0
[TeaQL SQL][query][254us] 1 rows returned outcome=success batchOutcome=not_applicable comment=matched merchant read with relation purpose=matched benchmark read auditReason= tracePath=[0:OPERATION:Merchant=query -> 1:REQUEST:Merchant= -> 2:RELATION:platform=Merchant.platform -> 3:PROVIDER:postgresql= -> 4:SQL:select=] mutationLineage=[]
SQL: -- TeaQL PLAIN
SELECT id, create_time AS createTime, last_update_time AS lastUpdateTime, name, version FROM platform_data WHERE (version > 0) AND (id = 1) LIMIT 1 OFFSET 0
[TeaQL SQL][query][352us] 1 rows returned outcome=success batchOutcome=not_applicable comment=matched merchant read with relation purpose=matched benchmark read auditReason= tracePath=[0:OPERATION:Merchant=query -> 1:REQUEST:Merchant= -> 2:PROVIDER:postgresql= -> 3:SQL:select=] mutationLineage=[]
SQL: -- TeaQL PLAIN
SELECT id, name, code, external_id AS externalId, task_life_hours AS taskLifeHours, version, platform FROM merchant_data WHERE (version > 0) AND (external_id = 'matched-merchant') LIMIT 1000 OFFSET 0
[TeaQL SQL][query][262us] 1 rows returned outcome=success batchOutcome=not_applicable comment=matched merchant read with relation purpose=matched benchmark read auditReason= tracePath=[0:OPERATION:Merchant=query -> 1:REQUEST:Merchant= -> 2:RELATION:platform=Merchant.platform -> 3:PROVIDER:postgresql= -> 4:SQL:select=] mutationLineage=[]
SQL: -- TeaQL PLAIN
SELECT id, create_time AS createTime, last_update_time AS lastUpdateTime, name, version FROM platform_data WHERE (version > 0) AND (id = 1) LIMIT 1 OFFSET 0
[TeaQL SQL][query][316us] 1 rows returned outcome=success batchOutcome=not_applicable comment=matched merchant read with relation purpose=matched benchmark read auditReason= tracePath=[0:OPERATION:Merchant=query -> 1:REQUEST:Merchant= -> 2:PROVIDER:postgresql= -> 3:SQL:select=] mutationLineage=[]
SQL: -- TeaQL PLAIN
SELECT id, name, code, external_id AS externalId, task_life_hours AS taskLifeHours, version, platform FROM merchant_data WHERE (version > 0) AND (external_id = 'matched-merchant') LIMIT 1000 OFFSET 0
[TeaQL SQL][query][269us] 1 rows returned outcome=success batchOutcome=not_applicable comment=matched merchant read with relation purpose=matched benchmark read auditReason= tracePath=[0:OPERATION:Merchant=query -> 1:REQUEST:Merchant= -> 2:PROVIDER:postgresql= -> 3:SQL:select=] mutationLineage=[]
SQL: -- TeaQL PLAIN
SELECT id, name, code, external_id AS externalId, task_life_hours AS taskLifeHours, version, platform FROM merchant_data WHERE (version > 0) AND (external_id = 'matched-merchant') LIMIT 1000 OFFSET 0
[TeaQL SQL][query][235us] 1 rows returned outcome=success batchOutcome=not_applicable comment=matched merchant read with relation purpose=matched benchmark read auditReason= tracePath=[0:OPERATION:Merchant=query -> 1:REQUEST:Merchant= -> 2:RELATION:platform=Merchant.platform -> 3:PROVIDER:postgresql= -> 4:SQL:select=] mutationLineage=[]
SQL: -- TeaQL PLAIN
SELECT id, create_time AS createTime, last_update_time AS lastUpdateTime, name, version FROM platform_data WHERE (version > 0) AND (id = 1) LIMIT 1 OFFSET 0
[TeaQL SQL][query][283us] 1 rows returned outcome=success batchOutcome=not_applicable comment=matched merchant read with relation purpose=matched benchmark read auditReason= tracePath=[0:OPERATION:Merchant=query -> 1:REQUEST:Merchant= -> 2:RELATION:platform=Merchant.platform -> 3:PROVIDER:postgresql= -> 4:SQL:select=] mutationLineage=[]
SQL: -- TeaQL PLAIN
SELECT id, create_time AS createTime, last_update_time AS lastUpdateTime, name, version FROM platform_data WHERE (version > 0) AND (id = 1) LIMIT 1 OFFSET 0
[TeaQL SQL][query][321us] 1 rows returned outcome=success batchOutcome=not_applicable comment=matched merchant read with relation purpose=matched benchmark read auditReason= tracePath=[0:OPERATION:Merchant=query -> 1:REQUEST:Merchant= -> 2:PROVIDER:postgresql= -> 3:SQL:select=] mutationLineage=[]
SQL: -- TeaQL PLAIN
SELECT id, name, code, external_id AS externalId, task_life_hours AS taskLifeHours, version, platform FROM merchant_data WHERE (version > 0) AND (external_id = 'matched-merchant') LIMIT 1000 OFFSET 0
[TeaQL SQL][query][177us] 1 rows returned outcome=success batchOutcome=not_applicable comment=matched merchant read with relation purpose=matched benchmark read auditReason= tracePath=[0:OPERATION:Merchant=query -> 1:REQUEST:Merchant= -> 2:PROVIDER:postgresql= -> 3:SQL:select=] mutationLineage=[]
SQL: -- TeaQL PLAIN
SELECT id, name, code, external_id AS externalId, task_life_hours AS taskLifeHours, version, platform FROM merchant_data WHERE (version > 0) AND (external_id = 'matched-merchant') LIMIT 1000 OFFSET 0
[TeaQL SQL][query][253us] 1 rows returned outcome=success batchOutcome=not_applicable comment=matched merchant read with relation purpose=matched benchmark read auditReason= tracePath=[0:OPERATION:Merchant=query -> 1:REQUEST:Merchant= -> 2:RELATION:platform=Merchant.platform -> 3:PROVIDER:postgresql= -> 4:SQL:select=] mutationLineage=[]
SQL: -- TeaQL PLAIN
SELECT id, create_time AS createTime, last_update_time AS lastUpdateTime, name, version FROM platform_data WHERE (version > 0) AND (id = 1) LIMIT 1 OFFSET 0
[TeaQL SQL][query][318us] 1 rows returned outcome=success batchOutcome=not_applicable comment=matched merchant read with relation purpose=matched benchmark read auditReason= tracePath=[0:OPERATION:Merchant=query -> 1:REQUEST:Merchant= -> 2:RELATION:platform=Merchant.platform -> 3:PROVIDER:postgresql= -> 4:SQL:select=] mutationLineage=[]
SQL: -- TeaQL PLAIN
SELECT id, create_time AS createTime, last_update_time AS lastUpdateTime, name, version FROM platform_data WHERE (version > 0) AND (id = 1) LIMIT 1 OFFSET 0
[TeaQL SQL][query][297us] 1 rows returned outcome=success batchOutcome=not_applicable comment=matched merchant read with relation purpose=matched benchmark read auditReason= tracePath=[0:OPERATION:Merchant=query -> 1:REQUEST:Merchant= -> 2:PROVIDER:postgresql= -> 3:SQL:select=] mutationLineage=[]
SQL: -- TeaQL PLAIN
SELECT id, name, code, external_id AS externalId, task_life_hours AS taskLifeHours, version, platform FROM merchant_data WHERE (version > 0) AND (external_id = 'matched-merchant') LIMIT 1000 OFFSET 0
[TeaQL SQL][query][261us] 1 rows returned outcome=success batchOutcome=not_applicable comment=matched merchant read with relation purpose=matched benchmark read auditReason= tracePath=[0:OPERATION:Merchant=query -> 1:REQUEST:Merchant= -> 2:PROVIDER:postgresql= -> 3:SQL:select=] mutationLineage=[]
SQL: -- TeaQL PLAIN
SELECT id, name, code, external_id AS externalId, task_life_hours AS taskLifeHours, version, platform FROM merchant_data WHERE (version > 0) AND (external_id = 'matched-merchant') LIMIT 1000 OFFSET 0
[TeaQL SQL][query][246us] 1 rows returned outcome=success batchOutcome=not_applicable comment=matched merchant read with relation purpose=matched benchmark read auditReason= tracePath=[0:OPERATION:Merchant=query -> 1:REQUEST:Merchant= -> 2:RELATION:platform=Merchant.platform -> 3:PROVIDER:postgresql= -> 4:SQL:select=] mutationLineage=[]
SQL: -- TeaQL PLAIN
SELECT id, create_time AS createTime, last_update_time AS lastUpdateTime, name, version FROM platform_data WHERE (version > 0) AND (id = 1) LIMIT 1 OFFSET 0
[TeaQL SQL][query][243us] 1 rows returned outcome=success batchOutcome=not_applicable comment=matched merchant read with relation purpose=matched benchmark read auditReason= tracePath=[0:OPERATION:Merchant=query -> 1:REQUEST:Merchant= -> 2:RELATION:platform=Merchant.platform -> 3:PROVIDER:postgresql= -> 4:SQL:select=] mutationLineage=[]
SQL: -- TeaQL PLAIN
SELECT id, create_time AS createTime, last_update_time AS lastUpdateTime, name, version FROM platform_data WHERE (version > 0) AND (id = 1) LIMIT 1 OFFSET 0
[TeaQL SQL][query][319us] 1 rows returned outcome=success batchOutcome=not_applicable comment=matched merchant read with relation purpose=matched benchmark read auditReason= tracePath=[0:OPERATION:Merchant=query -> 1:REQUEST:Merchant= -> 2:PROVIDER:postgresql= -> 3:SQL:select=] mutationLineage=[]
SQL: -- TeaQL PLAIN
SELECT id, name, code, external_id AS externalId, task_life_hours AS taskLifeHours, version, platform FROM merchant_data WHERE (version > 0) AND (external_id = 'matched-merchant') LIMIT 1000 OFFSET 0
[TeaQL SQL][query][232us] 1 rows returned outcome=success batchOutcome=not_applicable comment=matched merchant read with relation purpose=matched benchmark read auditReason= tracePath=[0:OPERATION:Merchant=query -> 1:REQUEST:Merchant= -> 2:PROVIDER:postgresql= -> 3:SQL:select=] mutationLineage=[]
SQL: -- TeaQL PLAIN
SELECT id, name, code, external_id AS externalId, task_life_hours AS taskLifeHours, version, platform FROM merchant_data WHERE (version > 0) AND (external_id = 'matched-merchant') LIMIT 1000 OFFSET 0
[TeaQL SQL][query][316us] 1 rows returned outcome=success batchOutcome=not_applicable comment=matched merchant read with relation purpose=matched benchmark read auditReason= tracePath=[0:OPERATION:Merchant=query -> 1:REQUEST:Merchant= -> 2:RELATION:platform=Merchant.platform -> 3:PROVIDER:postgresql= -> 4:SQL:select=] mutationLineage=[]
SQL: -- TeaQL PLAIN
SELECT id, create_time AS createTime, last_update_time AS lastUpdateTime, name, version FROM platform_data WHERE (version > 0) AND (id = 1) LIMIT 1 OFFSET 0
[TeaQL SQL][query][266us] 1 rows returned outcome=success batchOutcome=not_applicable comment=matched merchant read with relation purpose=matched benchmark read auditReason= tracePath=[0:OPERATION:Merchant=query -> 1:REQUEST:Merchant= -> 2:RELATION:platform=Merchant.platform -> 3:PROVIDER:postgresql= -> 4:SQL:select=] mutationLineage=[]
SQL: -- TeaQL PLAIN
SELECT id, create_time AS createTime, last_update_time AS lastUpdateTime, name, version FROM platform_data WHERE (version > 0) AND (id = 1) LIMIT 1 OFFSET 0
[TeaQL SQL][query][489us] 1 rows returned outcome=success batchOutcome=not_applicable comment=matched merchant read with relation purpose=matched benchmark read auditReason= tracePath=[0:OPERATION:Merchant=query -> 1:REQUEST:Merchant= -> 2:PROVIDER:postgresql= -> 3:SQL:select=] mutationLineage=[]
SQL: -- TeaQL PLAIN
SELECT id, name, code, external_id AS externalId, task_life_hours AS taskLifeHours, version, platform FROM merchant_data WHERE (version > 0) AND (external_id = 'matched-merchant') LIMIT 1000 OFFSET 0
[TeaQL SQL][query][489us] 1 rows returned outcome=success batchOutcome=not_applicable comment=matched merchant read with relation purpose=matched benchmark read auditReason= tracePath=[0:OPERATION:Merchant=query -> 1:REQUEST:Merchant= -> 2:PROVIDER:postgresql= -> 3:SQL:select=] mutationLineage=[]
SQL: -- TeaQL PLAIN
SELECT id, name, code, external_id AS externalId, task_life_hours AS taskLifeHours, version, platform FROM merchant_data WHERE (version > 0) AND (external_id = 'matched-merchant') LIMIT 1000 OFFSET 0
[TeaQL SQL][query][406us] 1 rows returned outcome=success batchOutcome=not_applicable comment=matched merchant read with relation purpose=matched benchmark read auditReason= tracePath=[0:OPERATION:Merchant=query -> 1:REQUEST:Merchant= -> 2:RELATION:platform=Merchant.platform -> 3:PROVIDER:postgresql= -> 4:SQL:select=] mutationLineage=[]
SQL: -- TeaQL PLAIN
SELECT id, create_time AS createTime, last_update_time AS lastUpdateTime, name, version FROM platform_data WHERE (version > 0) AND (id = 1) LIMIT 1 OFFSET 0
[TeaQL SQL][query][410us] 1 rows returned outcome=success batchOutcome=not_applicable comment=matched merchant read with relation purpose=matched benchmark read auditReason= tracePath=[0:OPERATION:Merchant=query -> 1:REQUEST:Merchant= -> 2:RELATION:platform=Merchant.platform -> 3:PROVIDER:postgresql= -> 4:SQL:select=] mutationLineage=[]
SQL: -- TeaQL PLAIN
SELECT id, create_time AS createTime, last_update_time AS lastUpdateTime, name, version FROM platform_data WHERE (version > 0) AND (id = 1) LIMIT 1 OFFSET 0
[TeaQL SQL][query][339us] 1 rows returned outcome=success batchOutcome=not_applicable comment=matched merchant read with relation purpose=matched benchmark read auditReason= tracePath=[0:OPERATION:Merchant=query -> 1:REQUEST:Merchant= -> 2:PROVIDER:postgresql= -> 3:SQL:select=] mutationLineage=[]
SQL: -- TeaQL PLAIN
SELECT id, name, code, external_id AS externalId, task_life_hours AS taskLifeHours, version, platform FROM merchant_data WHERE (version > 0) AND (external_id = 'matched-merchant') LIMIT 1000 OFFSET 0
[TeaQL SQL][query][340us] 1 rows returned outcome=success batchOutcome=not_applicable comment=matched merchant read with relation purpose=matched benchmark read auditReason= tracePath=[0:OPERATION:Merchant=query -> 1:REQUEST:Merchant= -> 2:PROVIDER:postgresql= -> 3:SQL:select=] mutationLineage=[]
SQL: -- TeaQL PLAIN
SELECT id, name, code, external_id AS externalId, task_life_hours AS taskLifeHours, version, platform FROM merchant_data WHERE (version > 0) AND (external_id = 'matched-merchant') LIMIT 1000 OFFSET 0
[TeaQL SQL][query][262us] 1 rows returned outcome=success batchOutcome=not_applicable comment=matched merchant read with relation purpose=matched benchmark read auditReason= tracePath=[0:OPERATION:Merchant=query -> 1:REQUEST:Merchant= -> 2:RELATION:platform=Merchant.platform -> 3:PROVIDER:postgresql= -> 4:SQL:select=] mutationLineage=[]
SQL: -- TeaQL PLAIN
SELECT id, create_time AS createTime, last_update_time AS lastUpdateTime, name, version FROM platform_data WHERE (version > 0) AND (id = 1) LIMIT 1 OFFSET 0
[TeaQL SQL][query][272us] 1 rows returned outcome=success batchOutcome=not_applicable comment=matched merchant read with relation purpose=matched benchmark read auditReason= tracePath=[0:OPERATION:Merchant=query -> 1:REQUEST:Merchant= -> 2:RELATION:platform=Merchant.platform -> 3:PROVIDER:postgresql= -> 4:SQL:select=] mutationLineage=[]
SQL: -- TeaQL PLAIN
SELECT id, create_time AS createTime, last_update_time AS lastUpdateTime, name, version FROM platform_data WHERE (version > 0) AND (id = 1) LIMIT 1 OFFSET 0
[TeaQL SQL][query][424us] 1 rows returned outcome=success batchOutcome=not_applicable comment=matched merchant read with relation purpose=matched benchmark read auditReason= tracePath=[0:OPERATION:Merchant=query -> 1:REQUEST:Merchant= -> 2:PROVIDER:postgresql= -> 3:SQL:select=] mutationLineage=[]
SQL: -- TeaQL PLAIN
SELECT id, name, code, external_id AS externalId, task_life_hours AS taskLifeHours, version, platform FROM merchant_data WHERE (version > 0) AND (external_id = 'matched-merchant') LIMIT 1000 OFFSET 0
[TeaQL SQL][query][419us] 1 rows returned outcome=success batchOutcome=not_applicable comment=matched merchant read with relation purpose=matched benchmark read auditReason= tracePath=[0:OPERATION:Merchant=query -> 1:REQUEST:Merchant= -> 2:PROVIDER:postgresql= -> 3:SQL:select=] mutationLineage=[]
SQL: -- TeaQL PLAIN
SELECT id, name, code, external_id AS externalId, task_life_hours AS taskLifeHours, version, platform FROM merchant_data WHERE (version > 0) AND (external_id = 'matched-merchant') LIMIT 1000 OFFSET 0
[TeaQL SQL][query][292us] 1 rows returned outcome=success batchOutcome=not_applicable comment=matched merchant read with relation purpose=matched benchmark read auditReason= tracePath=[0:OPERATION:Merchant=query -> 1:REQUEST:Merchant= -> 2:RELATION:platform=Merchant.platform -> 3:PROVIDER:postgresql= -> 4:SQL:select=] mutationLineage=[]
SQL: -- TeaQL PLAIN
SELECT id, create_time AS createTime, last_update_time AS lastUpdateTime, name, version FROM platform_data WHERE (version > 0) AND (id = 1) LIMIT 1 OFFSET 0
[TeaQL SQL][query][254us] 1 rows returned outcome=success batchOutcome=not_applicable comment=matched merchant read with relation purpose=matched benchmark read auditReason= tracePath=[0:OPERATION:Merchant=query -> 1:REQUEST:Merchant= -> 2:RELATION:platform=Merchant.platform -> 3:PROVIDER:postgresql= -> 4:SQL:select=] mutationLineage=[]
SQL: -- TeaQL PLAIN
SELECT id, create_time AS createTime, last_update_time AS lastUpdateTime, name, version FROM platform_data WHERE (version > 0) AND (id = 1) LIMIT 1 OFFSET 0
[TeaQL SQL][query][416us] 1 rows returned outcome=success batchOutcome=not_applicable comment=matched merchant read with relation purpose=matched benchmark read auditReason= tracePath=[0:OPERATION:Merchant=query -> 1:REQUEST:Merchant= -> 2:PROVIDER:postgresql= -> 3:SQL:select=] mutationLineage=[]
SQL: -- TeaQL PLAIN
SELECT id, name, code, external_id AS externalId, task_life_hours AS taskLifeHours, version, platform FROM merchant_data WHERE (version > 0) AND (external_id = 'matched-merchant') LIMIT 1000 OFFSET 0
[TeaQL SQL][query][358us] 1 rows returned outcome=success batchOutcome=not_applicable comment=matched merchant read with relation purpose=matched benchmark read auditReason= tracePath=[0:OPERATION:Merchant=query -> 1:REQUEST:Merchant= -> 2:PROVIDER:postgresql= -> 3:SQL:select=] mutationLineage=[]
SQL: -- TeaQL PLAIN
SELECT id, name, code, external_id AS externalId, task_life_hours AS taskLifeHours, version, platform FROM merchant_data WHERE (version > 0) AND (external_id = 'matched-merchant') LIMIT 1000 OFFSET 0
[TeaQL SQL][query][265us] 1 rows returned outcome=success batchOutcome=not_applicable comment=matched merchant read with relation purpose=matched benchmark read auditReason= tracePath=[0:OPERATION:Merchant=query -> 1:REQUEST:Merchant= -> 2:RELATION:platform=Merchant.platform -> 3:PROVIDER:postgresql= -> 4:SQL:select=] mutationLineage=[]
SQL: -- TeaQL PLAIN
SELECT id, create_time AS createTime, last_update_time AS lastUpdateTime, name, version FROM platform_data WHERE (version > 0) AND (id = 1) LIMIT 1 OFFSET 0
[TeaQL SQL][query][287us] 1 rows returned outcome=success batchOutcome=not_applicable comment=matched merchant read with relation purpose=matched benchmark read auditReason= tracePath=[0:OPERATION:Merchant=query -> 1:REQUEST:Merchant= -> 2:RELATION:platform=Merchant.platform -> 3:PROVIDER:postgresql= -> 4:SQL:select=] mutationLineage=[]
SQL: -- TeaQL PLAIN
SELECT id, create_time AS createTime, last_update_time AS lastUpdateTime, name, version FROM platform_data WHERE (version > 0) AND (id = 1) LIMIT 1 OFFSET 0
[TeaQL SQL][query][370us] 1 rows returned outcome=success batchOutcome=not_applicable comment=matched merchant read with relation purpose=matched benchmark read auditReason= tracePath=[0:OPERATION:Merchant=query -> 1:REQUEST:Merchant= -> 2:PROVIDER:postgresql= -> 3:SQL:select=] mutationLineage=[]
SQL: -- TeaQL PLAIN
SELECT id, name, code, external_id AS externalId, task_life_hours AS taskLifeHours, version, platform FROM merchant_data WHERE (version > 0) AND (external_id = 'matched-merchant') LIMIT 1000 OFFSET 0
[TeaQL SQL][query][285us] 1 rows returned outcome=success batchOutcome=not_applicable comment=matched merchant read with relation purpose=matched benchmark read auditReason= tracePath=[0:OPERATION:Merchant=query -> 1:REQUEST:Merchant= -> 2:RELATION:platform=Merchant.platform -> 3:PROVIDER:postgresql= -> 4:SQL:select=] mutationLineage=[]
SQL: -- TeaQL PLAIN
SELECT id, create_time AS createTime, last_update_time AS lastUpdateTime, name, version FROM platform_data WHERE (version > 0) AND (id = 1) LIMIT 1 OFFSET 0
[TeaQL SQL][query][252us] 1 rows returned outcome=success batchOutcome=not_applicable comment=matched merchant read with relation purpose=matched benchmark read auditReason= tracePath=[0:OPERATION:Merchant=query -> 1:REQUEST:Merchant= -> 2:PROVIDER:postgresql= -> 3:SQL:select=] mutationLineage=[]
SQL: -- TeaQL PLAIN
SELECT id, name, code, external_id AS externalId, task_life_hours AS taskLifeHours, version, platform FROM merchant_data WHERE (version > 0) AND (external_id = 'matched-merchant') LIMIT 1000 OFFSET 0
[TeaQL SQL][query][203us] 1 rows returned outcome=success batchOutcome=not_applicable comment=matched merchant read with relation purpose=matched benchmark read auditReason= tracePath=[0:OPERATION:Merchant=query -> 1:REQUEST:Merchant= -> 2:RELATION:platform=Merchant.platform -> 3:PROVIDER:postgresql= -> 4:SQL:select=] mutationLineage=[]
SQL: -- TeaQL PLAIN
SELECT id, create_time AS createTime, last_update_time AS lastUpdateTime, name, version FROM platform_data WHERE (version > 0) AND (id = 1) LIMIT 1 OFFSET 0
[TeaQL SQL][query][282us] 1 rows returned outcome=success batchOutcome=not_applicable comment=matched merchant read with relation purpose=matched benchmark read auditReason= tracePath=[0:OPERATION:Merchant=query -> 1:REQUEST:Merchant= -> 2:PROVIDER:postgresql= -> 3:SQL:select=] mutationLineage=[]
SQL: -- TeaQL PLAIN
SELECT id, name, code, external_id AS externalId, task_life_hours AS taskLifeHours, version, platform FROM merchant_data WHERE (version > 0) AND (external_id = 'matched-merchant') LIMIT 1000 OFFSET 0
[TeaQL SQL][query][256us] 1 rows returned outcome=success batchOutcome=not_applicable comment=matched merchant read with relation purpose=matched benchmark read auditReason= tracePath=[0:OPERATION:Merchant=query -> 1:REQUEST:Merchant= -> 2:RELATION:platform=Merchant.platform -> 3:PROVIDER:postgresql= -> 4:SQL:select=] mutationLineage=[]
SQL: -- TeaQL PLAIN
SELECT id, create_time AS createTime, last_update_time AS lastUpdateTime, name, version FROM platform_data WHERE (version > 0) AND (id = 1) LIMIT 1 OFFSET 0
[TeaQL SQL][query][247us] 1 rows returned outcome=success batchOutcome=not_applicable comment=matched merchant read with relation purpose=matched benchmark read auditReason= tracePath=[0:OPERATION:Merchant=query -> 1:REQUEST:Merchant= -> 2:PROVIDER:postgresql= -> 3:SQL:select=] mutationLineage=[]
SQL: -- TeaQL PLAIN
SELECT id, name, code, external_id AS externalId, task_life_hours AS taskLifeHours, version, platform FROM merchant_data WHERE (version > 0) AND (external_id = 'matched-merchant') LIMIT 1000 OFFSET 0
[TeaQL SQL][query][267us] 1 rows returned outcome=success batchOutcome=not_applicable comment=matched merchant read with relation purpose=matched benchmark read auditReason= tracePath=[0:OPERATION:Merchant=query -> 1:REQUEST:Merchant= -> 2:RELATION:platform=Merchant.platform -> 3:PROVIDER:postgresql= -> 4:SQL:select=] mutationLineage=[]
SQL: -- TeaQL PLAIN
SELECT id, create_time AS createTime, last_update_time AS lastUpdateTime, name, version FROM platform_data WHERE (version > 0) AND (id = 1) LIMIT 1 OFFSET 0
[TeaQL SQL][query][276us] 1 rows returned outcome=success batchOutcome=not_applicable comment=matched merchant read with relation purpose=matched benchmark read auditReason= tracePath=[0:OPERATION:Merchant=query -> 1:REQUEST:Merchant= -> 2:PROVIDER:postgresql= -> 3:SQL:select=] mutationLineage=[]
SQL: -- TeaQL PLAIN
SELECT id, name, code, external_id AS externalId, task_life_hours AS taskLifeHours, version, platform FROM merchant_data WHERE (version > 0) AND (external_id = 'matched-merchant') LIMIT 1000 OFFSET 0
[TeaQL SQL][query][295us] 1 rows returned outcome=success batchOutcome=not_applicable comment=matched merchant read with relation purpose=matched benchmark read auditReason= tracePath=[0:OPERATION:Merchant=query -> 1:REQUEST:Merchant= -> 2:RELATION:platform=Merchant.platform -> 3:PROVIDER:postgresql= -> 4:SQL:select=] mutationLineage=[]
SQL: -- TeaQL PLAIN
SELECT id, create_time AS createTime, last_update_time AS lastUpdateTime, name, version FROM platform_data WHERE (version > 0) AND (id = 1) LIMIT 1 OFFSET 0
[TeaQL SQL][query][242us] 1 rows returned outcome=success batchOutcome=not_applicable comment=matched merchant read with relation purpose=matched benchmark read auditReason= tracePath=[0:OPERATION:Merchant=query -> 1:REQUEST:Merchant= -> 2:PROVIDER:postgresql= -> 3:SQL:select=] mutationLineage=[]
SQL: -- TeaQL PLAIN
SELECT id, name, code, external_id AS externalId, task_life_hours AS taskLifeHours, version, platform FROM merchant_data WHERE (version > 0) AND (external_id = 'matched-merchant') LIMIT 1000 OFFSET 0
[TeaQL SQL][query][265us] 1 rows returned outcome=success batchOutcome=not_applicable comment=matched merchant read with relation purpose=matched benchmark read auditReason= tracePath=[0:OPERATION:Merchant=query -> 1:REQUEST:Merchant= -> 2:RELATION:platform=Merchant.platform -> 3:PROVIDER:postgresql= -> 4:SQL:select=] mutationLineage=[]
SQL: -- TeaQL PLAIN
SELECT id, create_time AS createTime, last_update_time AS lastUpdateTime, name, version FROM platform_data WHERE (version > 0) AND (id = 1) LIMIT 1 OFFSET 0
[TeaQL SQL][query][356us] 1 rows returned outcome=success batchOutcome=not_applicable comment=matched merchant read with relation purpose=matched benchmark read auditReason= tracePath=[0:OPERATION:Merchant=query -> 1:REQUEST:Merchant= -> 2:PROVIDER:postgresql= -> 3:SQL:select=] mutationLineage=[]
SQL: -- TeaQL PLAIN
SELECT id, name, code, external_id AS externalId, task_life_hours AS taskLifeHours, version, platform FROM merchant_data WHERE (version > 0) AND (external_id = 'matched-merchant') LIMIT 1000 OFFSET 0
[TeaQL SQL][query][226us] 1 rows returned outcome=success batchOutcome=not_applicable comment=matched merchant read with relation purpose=matched benchmark read auditReason= tracePath=[0:OPERATION:Merchant=query -> 1:REQUEST:Merchant= -> 2:RELATION:platform=Merchant.platform -> 3:PROVIDER:postgresql= -> 4:SQL:select=] mutationLineage=[]
SQL: -- TeaQL PLAIN
SELECT id, create_time AS createTime, last_update_time AS lastUpdateTime, name, version FROM platform_data WHERE (version > 0) AND (id = 1) LIMIT 1 OFFSET 0
[TeaQL SQL][query][393us] 1 rows returned outcome=success batchOutcome=not_applicable comment=matched merchant read with relation purpose=matched benchmark read auditReason= tracePath=[0:OPERATION:Merchant=query -> 1:REQUEST:Merchant= -> 2:PROVIDER:postgresql= -> 3:SQL:select=] mutationLineage=[]
SQL: -- TeaQL PLAIN
SELECT id, name, code, external_id AS externalId, task_life_hours AS taskLifeHours, version, platform FROM merchant_data WHERE (version > 0) AND (external_id = 'matched-merchant') LIMIT 1000 OFFSET 0
[TeaQL SQL][query][333us] 1 rows returned outcome=success batchOutcome=not_applicable comment=matched merchant read with relation purpose=matched benchmark read auditReason= tracePath=[0:OPERATION:Merchant=query -> 1:REQUEST:Merchant= -> 2:RELATION:platform=Merchant.platform -> 3:PROVIDER:postgresql= -> 4:SQL:select=] mutationLineage=[]
SQL: -- TeaQL PLAIN
SELECT id, create_time AS createTime, last_update_time AS lastUpdateTime, name, version FROM platform_data WHERE (version > 0) AND (id = 1) LIMIT 1 OFFSET 0
[TeaQL SQL][query][364us] 1 rows returned outcome=success batchOutcome=not_applicable comment=matched merchant read with relation purpose=matched benchmark read auditReason= tracePath=[0:OPERATION:Merchant=query -> 1:REQUEST:Merchant= -> 2:PROVIDER:postgresql= -> 3:SQL:select=] mutationLineage=[]
SQL: -- TeaQL PLAIN
SELECT id, name, code, external_id AS externalId, task_life_hours AS taskLifeHours, version, platform FROM merchant_data WHERE (version > 0) AND (external_id = 'matched-merchant') LIMIT 1000 OFFSET 0
[TeaQL SQL][query][319us] 1 rows returned outcome=success batchOutcome=not_applicable comment=matched merchant read with relation purpose=matched benchmark read auditReason= tracePath=[0:OPERATION:Merchant=query -> 1:REQUEST:Merchant= -> 2:RELATION:platform=Merchant.platform -> 3:PROVIDER:postgresql= -> 4:SQL:select=] mutationLineage=[]
SQL: -- TeaQL PLAIN
SELECT id, create_time AS createTime, last_update_time AS lastUpdateTime, name, version FROM platform_data WHERE (version > 0) AND (id = 1) LIMIT 1 OFFSET 0
[TeaQL SQL][query][331us] 1 rows returned outcome=success batchOutcome=not_applicable comment=matched merchant read with relation purpose=matched benchmark read auditReason= tracePath=[0:OPERATION:Merchant=query -> 1:REQUEST:Merchant= -> 2:PROVIDER:postgresql= -> 3:SQL:select=] mutationLineage=[]
SQL: -- TeaQL PLAIN
SELECT id, name, code, external_id AS externalId, task_life_hours AS taskLifeHours, version, platform FROM merchant_data WHERE (version > 0) AND (external_id = 'matched-merchant') LIMIT 1000 OFFSET 0
[TeaQL SQL][query][250us] 1 rows returned outcome=success batchOutcome=not_applicable comment=matched merchant read with relation purpose=matched benchmark read auditReason= tracePath=[0:OPERATION:Merchant=query -> 1:REQUEST:Merchant= -> 2:RELATION:platform=Merchant.platform -> 3:PROVIDER:postgresql= -> 4:SQL:select=] mutationLineage=[]
SQL: -- TeaQL PLAIN
SELECT id, create_time AS createTime, last_update_time AS lastUpdateTime, name, version FROM platform_data WHERE (version > 0) AND (id = 1) LIMIT 1 OFFSET 0
[TeaQL SQL][query][324us] 1 rows returned outcome=success batchOutcome=not_applicable comment=matched merchant read with relation purpose=matched benchmark read auditReason= tracePath=[0:OPERATION:Merchant=query -> 1:REQUEST:Merchant= -> 2:PROVIDER:postgresql= -> 3:SQL:select=] mutationLineage=[]
SQL: -- TeaQL PLAIN
SELECT id, name, code, external_id AS externalId, task_life_hours AS taskLifeHours, version, platform FROM merchant_data WHERE (version > 0) AND (external_id = 'matched-merchant') LIMIT 1000 OFFSET 0
[TeaQL SQL][query][310us] 1 rows returned outcome=success batchOutcome=not_applicable comment=matched merchant read with relation purpose=matched benchmark read auditReason= tracePath=[0:OPERATION:Merchant=query -> 1:REQUEST:Merchant= -> 2:RELATION:platform=Merchant.platform -> 3:PROVIDER:postgresql= -> 4:SQL:select=] mutationLineage=[]
SQL: -- TeaQL PLAIN
SELECT id, create_time AS createTime, last_update_time AS lastUpdateTime, name, version FROM platform_data WHERE (version > 0) AND (id = 1) LIMIT 1 OFFSET 0
[TeaQL SQL][query][280us] 1 rows returned outcome=success batchOutcome=not_applicable comment=matched merchant read with relation purpose=matched benchmark read auditReason= tracePath=[0:OPERATION:Merchant=query -> 1:REQUEST:Merchant= -> 2:PROVIDER:postgresql= -> 3:SQL:select=] mutationLineage=[]
SQL: -- TeaQL PLAIN
SELECT id, name, code, external_id AS externalId, task_life_hours AS taskLifeHours, version, platform FROM merchant_data WHERE (version > 0) AND (external_id = 'matched-merchant') LIMIT 1000 OFFSET 0
[TeaQL SQL][query][250us] 1 rows returned outcome=success batchOutcome=not_applicable comment=matched merchant read with relation purpose=matched benchmark read auditReason= tracePath=[0:OPERATION:Merchant=query -> 1:REQUEST:Merchant= -> 2:RELATION:platform=Merchant.platform -> 3:PROVIDER:postgresql= -> 4:SQL:select=] mutationLineage=[]
SQL: -- TeaQL PLAIN
SELECT id, create_time AS createTime, last_update_time AS lastUpdateTime, name, version FROM platform_data WHERE (version > 0) AND (id = 1) LIMIT 1 OFFSET 0
[TeaQL SQL][query][419us] 1 rows returned outcome=success batchOutcome=not_applicable comment=matched merchant read with relation purpose=matched benchmark read auditReason= tracePath=[0:OPERATION:Merchant=query -> 1:REQUEST:Merchant= -> 2:PROVIDER:postgresql= -> 3:SQL:select=] mutationLineage=[]
SQL: -- TeaQL PLAIN
SELECT id, name, code, external_id AS externalId, task_life_hours AS taskLifeHours, version, platform FROM merchant_data WHERE (version > 0) AND (external_id = 'matched-merchant') LIMIT 1000 OFFSET 0
[TeaQL SQL][query][989us] 1 rows returned outcome=success batchOutcome=not_applicable comment=matched merchant read with relation purpose=matched benchmark read auditReason= tracePath=[0:OPERATION:Merchant=query -> 1:REQUEST:Merchant= -> 2:PROVIDER:postgresql= -> 3:SQL:select=] mutationLineage=[]
SQL: -- TeaQL PLAIN
SELECT id, name, code, external_id AS externalId, task_life_hours AS taskLifeHours, version, platform FROM merchant_data WHERE (version > 0) AND (external_id = 'matched-merchant') LIMIT 1000 OFFSET 0
[TeaQL SQL][query][309us] 1 rows returned outcome=success batchOutcome=not_applicable comment=matched merchant read with relation purpose=matched benchmark read auditReason= tracePath=[0:OPERATION:Merchant=query -> 1:REQUEST:Merchant= -> 2:RELATION:platform=Merchant.platform -> 3:PROVIDER:postgresql= -> 4:SQL:select=] mutationLineage=[]
SQL: -- TeaQL PLAIN
SELECT id, create_time AS createTime, last_update_time AS lastUpdateTime, name, version FROM platform_data WHERE (version > 0) AND (id = 1) LIMIT 1 OFFSET 0
[TeaQL SQL][query][306us] 1 rows returned outcome=success batchOutcome=not_applicable comment=matched merchant read with relation purpose=matched benchmark read auditReason= tracePath=[0:OPERATION:Merchant=query -> 1:REQUEST:Merchant= -> 2:RELATION:platform=Merchant.platform -> 3:PROVIDER:postgresql= -> 4:SQL:select=] mutationLineage=[]
SQL: -- TeaQL PLAIN
SELECT id, create_time AS createTime, last_update_time AS lastUpdateTime, name, version FROM platform_data WHERE (version > 0) AND (id = 1) LIMIT 1 OFFSET 0
[TeaQL SQL][query][392us] 1 rows returned outcome=success batchOutcome=not_applicable comment=matched merchant read with relation purpose=matched benchmark read auditReason= tracePath=[0:OPERATION:Merchant=query -> 1:REQUEST:Merchant= -> 2:PROVIDER:postgresql= -> 3:SQL:select=] mutationLineage=[]
SQL: -- TeaQL PLAIN
SELECT id, name, code, external_id AS externalId, task_life_hours AS taskLifeHours, version, platform FROM merchant_data WHERE (version > 0) AND (external_id = 'matched-merchant') LIMIT 1000 OFFSET 0
[TeaQL SQL][query][333us] 1 rows returned outcome=success batchOutcome=not_applicable comment=matched merchant read with relation purpose=matched benchmark read auditReason= tracePath=[0:OPERATION:Merchant=query -> 1:REQUEST:Merchant= -> 2:RELATION:platform=Merchant.platform -> 3:PROVIDER:postgresql= -> 4:SQL:select=] mutationLineage=[]
SQL: -- TeaQL PLAIN
SELECT id, create_time AS createTime, last_update_time AS lastUpdateTime, name, version FROM platform_data WHERE (version > 0) AND (id = 1) LIMIT 1 OFFSET 0
[TeaQL SQL][query][261us] 1 rows returned outcome=success batchOutcome=not_applicable comment=matched merchant read with relation purpose=matched benchmark read auditReason= tracePath=[0:OPERATION:Merchant=query -> 1:REQUEST:Merchant= -> 2:PROVIDER:postgresql= -> 3:SQL:select=] mutationLineage=[]
SQL: -- TeaQL PLAIN
SELECT id, name, code, external_id AS externalId, task_life_hours AS taskLifeHours, version, platform FROM merchant_data WHERE (version > 0) AND (external_id = 'matched-merchant') LIMIT 1000 OFFSET 0
[TeaQL SQL][query][216us] 1 rows returned outcome=success batchOutcome=not_applicable comment=matched merchant read with relation purpose=matched benchmark read auditReason= tracePath=[0:OPERATION:Merchant=query -> 1:REQUEST:Merchant= -> 2:RELATION:platform=Merchant.platform -> 3:PROVIDER:postgresql= -> 4:SQL:select=] mutationLineage=[]
SQL: -- TeaQL PLAIN
SELECT id, create_time AS createTime, last_update_time AS lastUpdateTime, name, version FROM platform_data WHERE (version > 0) AND (id = 1) LIMIT 1 OFFSET 0
[TeaQL SQL][query][266us] 1 rows returned outcome=success batchOutcome=not_applicable comment=matched merchant read with relation purpose=matched benchmark read auditReason= tracePath=[0:OPERATION:Merchant=query -> 1:REQUEST:Merchant= -> 2:PROVIDER:postgresql= -> 3:SQL:select=] mutationLineage=[]
SQL: -- TeaQL PLAIN
SELECT id, name, code, external_id AS externalId, task_life_hours AS taskLifeHours, version, platform FROM merchant_data WHERE (version > 0) AND (external_id = 'matched-merchant') LIMIT 1000 OFFSET 0
[TeaQL SQL][query][214us] 1 rows returned outcome=success batchOutcome=not_applicable comment=matched merchant read with relation purpose=matched benchmark read auditReason= tracePath=[0:OPERATION:Merchant=query -> 1:REQUEST:Merchant= -> 2:RELATION:platform=Merchant.platform -> 3:PROVIDER:postgresql= -> 4:SQL:select=] mutationLineage=[]
SQL: -- TeaQL PLAIN
SELECT id, create_time AS createTime, last_update_time AS lastUpdateTime, name, version FROM platform_data WHERE (version > 0) AND (id = 1) LIMIT 1 OFFSET 0
[TeaQL SQL][query][358us] 1 rows returned outcome=success batchOutcome=not_applicable comment=matched merchant read with relation purpose=matched benchmark read auditReason= tracePath=[0:OPERATION:Merchant=query -> 1:REQUEST:Merchant= -> 2:PROVIDER:postgresql= -> 3:SQL:select=] mutationLineage=[]
SQL: -- TeaQL PLAIN
SELECT id, name, code, external_id AS externalId, task_life_hours AS taskLifeHours, version, platform FROM merchant_data WHERE (version > 0) AND (external_id = 'matched-merchant') LIMIT 1000 OFFSET 0
[TeaQL SQL][query][363us] 1 rows returned outcome=success batchOutcome=not_applicable comment=matched merchant read with relation purpose=matched benchmark read auditReason= tracePath=[0:OPERATION:Merchant=query -> 1:REQUEST:Merchant= -> 2:RELATION:platform=Merchant.platform -> 3:PROVIDER:postgresql= -> 4:SQL:select=] mutationLineage=[]
SQL: -- TeaQL PLAIN
SELECT id, create_time AS createTime, last_update_time AS lastUpdateTime, name, version FROM platform_data WHERE (version > 0) AND (id = 1) LIMIT 1 OFFSET 0
[TeaQL SQL][query][464us] 1 rows returned outcome=success batchOutcome=not_applicable comment=matched merchant read with relation purpose=matched benchmark read auditReason= tracePath=[0:OPERATION:Merchant=query -> 1:REQUEST:Merchant= -> 2:PROVIDER:postgresql= -> 3:SQL:select=] mutationLineage=[]
SQL: -- TeaQL PLAIN
SELECT id, name, code, external_id AS externalId, task_life_hours AS taskLifeHours, version, platform FROM merchant_data WHERE (version > 0) AND (external_id = 'matched-merchant') LIMIT 1000 OFFSET 0
[TeaQL SQL][query][511us] 1 rows returned outcome=success batchOutcome=not_applicable comment=matched merchant read with relation purpose=matched benchmark read auditReason= tracePath=[0:OPERATION:Merchant=query -> 1:REQUEST:Merchant= -> 2:RELATION:platform=Merchant.platform -> 3:PROVIDER:postgresql= -> 4:SQL:select=] mutationLineage=[]
SQL: -- TeaQL PLAIN
SELECT id, create_time AS createTime, last_update_time AS lastUpdateTime, name, version FROM platform_data WHERE (version > 0) AND (id = 1) LIMIT 1 OFFSET 0
[TeaQL SQL][query][486us] 1 rows returned outcome=success batchOutcome=not_applicable comment=matched merchant read with relation purpose=matched benchmark read auditReason= tracePath=[0:OPERATION:Merchant=query -> 1:REQUEST:Merchant= -> 2:PROVIDER:postgresql= -> 3:SQL:select=] mutationLineage=[]
SQL: -- TeaQL PLAIN
SELECT id, name, code, external_id AS externalId, task_life_hours AS taskLifeHours, version, platform FROM merchant_data WHERE (version > 0) AND (external_id = 'matched-merchant') LIMIT 1000 OFFSET 0
[TeaQL SQL][query][431us] 1 rows returned outcome=success batchOutcome=not_applicable comment=matched merchant read with relation purpose=matched benchmark read auditReason= tracePath=[0:OPERATION:Merchant=query -> 1:REQUEST:Merchant= -> 2:RELATION:platform=Merchant.platform -> 3:PROVIDER:postgresql= -> 4:SQL:select=] mutationLineage=[]
SQL: -- TeaQL PLAIN
SELECT id, create_time AS createTime, last_update_time AS lastUpdateTime, name, version FROM platform_data WHERE (version > 0) AND (id = 1) LIMIT 1 OFFSET 0
[TeaQL SQL][query][313us] 1 rows returned outcome=success batchOutcome=not_applicable comment=matched merchant read with relation purpose=matched benchmark read auditReason= tracePath=[0:OPERATION:Merchant=query -> 1:REQUEST:Merchant= -> 2:PROVIDER:postgresql= -> 3:SQL:select=] mutationLineage=[]
SQL: -- TeaQL PLAIN
SELECT id, name, code, external_id AS externalId, task_life_hours AS taskLifeHours, version, platform FROM merchant_data WHERE (version > 0) AND (external_id = 'matched-merchant') LIMIT 1000 OFFSET 0
[TeaQL SQL][query][347us] 1 rows returned outcome=success batchOutcome=not_applicable comment=matched merchant read with relation purpose=matched benchmark read auditReason= tracePath=[0:OPERATION:Merchant=query -> 1:REQUEST:Merchant= -> 2:RELATION:platform=Merchant.platform -> 3:PROVIDER:postgresql= -> 4:SQL:select=] mutationLineage=[]
SQL: -- TeaQL PLAIN
SELECT id, create_time AS createTime, last_update_time AS lastUpdateTime, name, version FROM platform_data WHERE (version > 0) AND (id = 1) LIMIT 1 OFFSET 0
[TeaQL SQL][query][306us] 1 rows returned outcome=success batchOutcome=not_applicable comment=matched merchant read with relation purpose=matched benchmark read auditReason= tracePath=[0:OPERATION:Merchant=query -> 1:REQUEST:Merchant= -> 2:PROVIDER:postgresql= -> 3:SQL:select=] mutationLineage=[]
SQL: -- TeaQL PLAIN
SELECT id, name, code, external_id AS externalId, task_life_hours AS taskLifeHours, version, platform FROM merchant_data WHERE (version > 0) AND (external_id = 'matched-merchant') LIMIT 1000 OFFSET 0
[TeaQL SQL][query][290us] 1 rows returned outcome=success batchOutcome=not_applicable comment=matched merchant read with relation purpose=matched benchmark read auditReason= tracePath=[0:OPERATION:Merchant=query -> 1:REQUEST:Merchant= -> 2:RELATION:platform=Merchant.platform -> 3:PROVIDER:postgresql= -> 4:SQL:select=] mutationLineage=[]
SQL: -- TeaQL PLAIN
SELECT id, create_time AS createTime, last_update_time AS lastUpdateTime, name, version FROM platform_data WHERE (version > 0) AND (id = 1) LIMIT 1 OFFSET 0
[TeaQL SQL][query][236us] 1 rows returned outcome=success batchOutcome=not_applicable comment=matched merchant read with relation purpose=matched benchmark read auditReason= tracePath=[0:OPERATION:Merchant=query -> 1:REQUEST:Merchant= -> 2:PROVIDER:postgresql= -> 3:SQL:select=] mutationLineage=[]
SQL: -- TeaQL PLAIN
SELECT id, name, code, external_id AS externalId, task_life_hours AS taskLifeHours, version, platform FROM merchant_data WHERE (version > 0) AND (external_id = 'matched-merchant') LIMIT 1000 OFFSET 0
[TeaQL SQL][query][220us] 1 rows returned outcome=success batchOutcome=not_applicable comment=matched merchant read with relation purpose=matched benchmark read auditReason= tracePath=[0:OPERATION:Merchant=query -> 1:REQUEST:Merchant= -> 2:RELATION:platform=Merchant.platform -> 3:PROVIDER:postgresql= -> 4:SQL:select=] mutationLineage=[]
SQL: -- TeaQL PLAIN
SELECT id, create_time AS createTime, last_update_time AS lastUpdateTime, name, version FROM platform_data WHERE (version > 0) AND (id = 1) LIMIT 1 OFFSET 0
[TeaQL SQL][query][251us] 1 rows returned outcome=success batchOutcome=not_applicable comment=matched merchant read with relation purpose=matched benchmark read auditReason= tracePath=[0:OPERATION:Merchant=query -> 1:REQUEST:Merchant= -> 2:PROVIDER:postgresql= -> 3:SQL:select=] mutationLineage=[]
SQL: -- TeaQL PLAIN
SELECT id, name, code, external_id AS externalId, task_life_hours AS taskLifeHours, version, platform FROM merchant_data WHERE (version > 0) AND (external_id = 'matched-merchant') LIMIT 1000 OFFSET 0
[TeaQL SQL][query][235us] 1 rows returned outcome=success batchOutcome=not_applicable comment=matched merchant read with relation purpose=matched benchmark read auditReason= tracePath=[0:OPERATION:Merchant=query -> 1:REQUEST:Merchant= -> 2:RELATION:platform=Merchant.platform -> 3:PROVIDER:postgresql= -> 4:SQL:select=] mutationLineage=[]
SQL: -- TeaQL PLAIN
SELECT id, create_time AS createTime, last_update_time AS lastUpdateTime, name, version FROM platform_data WHERE (version > 0) AND (id = 1) LIMIT 1 OFFSET 0
[TeaQL SQL][query][235us] 1 rows returned outcome=success batchOutcome=not_applicable comment=matched merchant read with relation purpose=matched benchmark read auditReason= tracePath=[0:OPERATION:Merchant=query -> 1:REQUEST:Merchant= -> 2:PROVIDER:postgresql= -> 3:SQL:select=] mutationLineage=[]
SQL: -- TeaQL PLAIN
SELECT id, name, code, external_id AS externalId, task_life_hours AS taskLifeHours, version, platform FROM merchant_data WHERE (version > 0) AND (external_id = 'matched-merchant') LIMIT 1000 OFFSET 0
[TeaQL SQL][query][208us] 1 rows returned outcome=success batchOutcome=not_applicable comment=matched merchant read with relation purpose=matched benchmark read auditReason= tracePath=[0:OPERATION:Merchant=query -> 1:REQUEST:Merchant= -> 2:RELATION:platform=Merchant.platform -> 3:PROVIDER:postgresql= -> 4:SQL:select=] mutationLineage=[]
SQL: -- TeaQL PLAIN
SELECT id, create_time AS createTime, last_update_time AS lastUpdateTime, name, version FROM platform_data WHERE (version > 0) AND (id = 1) LIMIT 1 OFFSET 0
[TeaQL SQL][query][343us] 1 rows returned outcome=success batchOutcome=not_applicable comment=matched merchant read with relation purpose=matched benchmark read auditReason= tracePath=[0:OPERATION:Merchant=query -> 1:REQUEST:Merchant= -> 2:PROVIDER:postgresql= -> 3:SQL:select=] mutationLineage=[]
SQL: -- TeaQL PLAIN
SELECT id, name, code, external_id AS externalId, task_life_hours AS taskLifeHours, version, platform FROM merchant_data WHERE (version > 0) AND (external_id = 'matched-merchant') LIMIT 1000 OFFSET 0
[TeaQL SQL][query][246us] 1 rows returned outcome=success batchOutcome=not_applicable comment=matched merchant read with relation purpose=matched benchmark read auditReason= tracePath=[0:OPERATION:Merchant=query -> 1:REQUEST:Merchant= -> 2:RELATION:platform=Merchant.platform -> 3:PROVIDER:postgresql= -> 4:SQL:select=] mutationLineage=[]
SQL: -- TeaQL PLAIN
SELECT id, create_time AS createTime, last_update_time AS lastUpdateTime, name, version FROM platform_data WHERE (version > 0) AND (id = 1) LIMIT 1 OFFSET 0
[TeaQL SQL][query][350us] 1 rows returned outcome=success batchOutcome=not_applicable comment=matched merchant read with relation purpose=matched benchmark read auditReason= tracePath=[0:OPERATION:Merchant=query -> 1:REQUEST:Merchant= -> 2:PROVIDER:postgresql= -> 3:SQL:select=] mutationLineage=[]
SQL: -- TeaQL PLAIN
SELECT id, name, code, external_id AS externalId, task_life_hours AS taskLifeHours, version, platform FROM merchant_data WHERE (version > 0) AND (external_id = 'matched-merchant') LIMIT 1000 OFFSET 0
[TeaQL SQL][query][236us] 1 rows returned outcome=success batchOutcome=not_applicable comment=matched merchant read with relation purpose=matched benchmark read auditReason= tracePath=[0:OPERATION:Merchant=query -> 1:REQUEST:Merchant= -> 2:RELATION:platform=Merchant.platform -> 3:PROVIDER:postgresql= -> 4:SQL:select=] mutationLineage=[]
SQL: -- TeaQL PLAIN
SELECT id, create_time AS createTime, last_update_time AS lastUpdateTime, name, version FROM platform_data WHERE (version > 0) AND (id = 1) LIMIT 1 OFFSET 0
[TeaQL SQL][query][248us] 1 rows returned outcome=success batchOutcome=not_applicable comment=matched merchant read with relation purpose=matched benchmark read auditReason= tracePath=[0:OPERATION:Merchant=query -> 1:REQUEST:Merchant= -> 2:PROVIDER:postgresql= -> 3:SQL:select=] mutationLineage=[]
SQL: -- TeaQL PLAIN
SELECT id, name, code, external_id AS externalId, task_life_hours AS taskLifeHours, version, platform FROM merchant_data WHERE (version > 0) AND (external_id = 'matched-merchant') LIMIT 1000 OFFSET 0
[TeaQL SQL][query][220us] 1 rows returned outcome=success batchOutcome=not_applicable comment=matched merchant read with relation purpose=matched benchmark read auditReason= tracePath=[0:OPERATION:Merchant=query -> 1:REQUEST:Merchant= -> 2:RELATION:platform=Merchant.platform -> 3:PROVIDER:postgresql= -> 4:SQL:select=] mutationLineage=[]
SQL: -- TeaQL PLAIN
SELECT id, create_time AS createTime, last_update_time AS lastUpdateTime, name, version FROM platform_data WHERE (version > 0) AND (id = 1) LIMIT 1 OFFSET 0
[TeaQL SQL][query][267us] 1 rows returned outcome=success batchOutcome=not_applicable comment=matched merchant read with relation purpose=matched benchmark read auditReason= tracePath=[0:OPERATION:Merchant=query -> 1:REQUEST:Merchant= -> 2:PROVIDER:postgresql= -> 3:SQL:select=] mutationLineage=[]
SQL: -- TeaQL PLAIN
SELECT id, name, code, external_id AS externalId, task_life_hours AS taskLifeHours, version, platform FROM merchant_data WHERE (version > 0) AND (external_id = 'matched-merchant') LIMIT 1000 OFFSET 0
[TeaQL SQL][query][231us] 1 rows returned outcome=success batchOutcome=not_applicable comment=matched merchant read with relation purpose=matched benchmark read auditReason= tracePath=[0:OPERATION:Merchant=query -> 1:REQUEST:Merchant= -> 2:RELATION:platform=Merchant.platform -> 3:PROVIDER:postgresql= -> 4:SQL:select=] mutationLineage=[]
SQL: -- TeaQL PLAIN
SELECT id, create_time AS createTime, last_update_time AS lastUpdateTime, name, version FROM platform_data WHERE (version > 0) AND (id = 1) LIMIT 1 OFFSET 0
[TeaQL SQL][query][297us] 1 rows returned outcome=success batchOutcome=not_applicable comment=matched merchant read with relation purpose=matched benchmark read auditReason= tracePath=[0:OPERATION:Merchant=query -> 1:REQUEST:Merchant= -> 2:PROVIDER:postgresql= -> 3:SQL:select=] mutationLineage=[]
SQL: -- TeaQL PLAIN
SELECT id, name, code, external_id AS externalId, task_life_hours AS taskLifeHours, version, platform FROM merchant_data WHERE (version > 0) AND (external_id = 'matched-merchant') LIMIT 1000 OFFSET 0
[TeaQL SQL][query][234us] 1 rows returned outcome=success batchOutcome=not_applicable comment=matched merchant read with relation purpose=matched benchmark read auditReason= tracePath=[0:OPERATION:Merchant=query -> 1:REQUEST:Merchant= -> 2:RELATION:platform=Merchant.platform -> 3:PROVIDER:postgresql= -> 4:SQL:select=] mutationLineage=[]
SQL: -- TeaQL PLAIN
SELECT id, create_time AS createTime, last_update_time AS lastUpdateTime, name, version FROM platform_data WHERE (version > 0) AND (id = 1) LIMIT 1 OFFSET 0
[TeaQL SQL][query][241us] 1 rows returned outcome=success batchOutcome=not_applicable comment=matched merchant read with relation purpose=matched benchmark read auditReason= tracePath=[0:OPERATION:Merchant=query -> 1:REQUEST:Merchant= -> 2:PROVIDER:postgresql= -> 3:SQL:select=] mutationLineage=[]
SQL: -- TeaQL PLAIN
SELECT id, name, code, external_id AS externalId, task_life_hours AS taskLifeHours, version, platform FROM merchant_data WHERE (version > 0) AND (external_id = 'matched-merchant') LIMIT 1000 OFFSET 0
[TeaQL SQL][query][267us] 1 rows returned outcome=success batchOutcome=not_applicable comment=matched merchant read with relation purpose=matched benchmark read auditReason= tracePath=[0:OPERATION:Merchant=query -> 1:REQUEST:Merchant= -> 2:RELATION:platform=Merchant.platform -> 3:PROVIDER:postgresql= -> 4:SQL:select=] mutationLineage=[]
SQL: -- TeaQL PLAIN
SELECT id, create_time AS createTime, last_update_time AS lastUpdateTime, name, version FROM platform_data WHERE (version > 0) AND (id = 1) LIMIT 1 OFFSET 0
[TeaQL SQL][query][411us] 1 rows returned outcome=success batchOutcome=not_applicable comment=matched merchant read with relation purpose=matched benchmark read auditReason= tracePath=[0:OPERATION:Merchant=query -> 1:REQUEST:Merchant= -> 2:PROVIDER:postgresql= -> 3:SQL:select=] mutationLineage=[]
SQL: -- TeaQL PLAIN
SELECT id, name, code, external_id AS externalId, task_life_hours AS taskLifeHours, version, platform FROM merchant_data WHERE (version > 0) AND (external_id = 'matched-merchant') LIMIT 1000 OFFSET 0
[TeaQL SQL][query][342us] 1 rows returned outcome=success batchOutcome=not_applicable comment=matched merchant read with relation purpose=matched benchmark read auditReason= tracePath=[0:OPERATION:Merchant=query -> 1:REQUEST:Merchant= -> 2:RELATION:platform=Merchant.platform -> 3:PROVIDER:postgresql= -> 4:SQL:select=] mutationLineage=[]
SQL: -- TeaQL PLAIN
SELECT id, create_time AS createTime, last_update_time AS lastUpdateTime, name, version FROM platform_data WHERE (version > 0) AND (id = 1) LIMIT 1 OFFSET 0
[TeaQL SQL][query][357us] 1 rows returned outcome=success batchOutcome=not_applicable comment=matched merchant read with relation purpose=matched benchmark read auditReason= tracePath=[0:OPERATION:Merchant=query -> 1:REQUEST:Merchant= -> 2:PROVIDER:postgresql= -> 3:SQL:select=] mutationLineage=[]
SQL: -- TeaQL PLAIN
SELECT id, name, code, external_id AS externalId, task_life_hours AS taskLifeHours, version, platform FROM merchant_data WHERE (version > 0) AND (external_id = 'matched-merchant') LIMIT 1000 OFFSET 0
[TeaQL SQL][query][267us] 1 rows returned outcome=success batchOutcome=not_applicable comment=matched merchant read with relation purpose=matched benchmark read auditReason= tracePath=[0:OPERATION:Merchant=query -> 1:REQUEST:Merchant= -> 2:RELATION:platform=Merchant.platform -> 3:PROVIDER:postgresql= -> 4:SQL:select=] mutationLineage=[]
SQL: -- TeaQL PLAIN
SELECT id, create_time AS createTime, last_update_time AS lastUpdateTime, name, version FROM platform_data WHERE (version > 0) AND (id = 1) LIMIT 1 OFFSET 0
[TeaQL SQL][query][389us] 1 rows returned outcome=success batchOutcome=not_applicable comment=matched merchant read with relation purpose=matched benchmark read auditReason= tracePath=[0:OPERATION:Merchant=query -> 1:REQUEST:Merchant= -> 2:PROVIDER:postgresql= -> 3:SQL:select=] mutationLineage=[]
SQL: -- TeaQL PLAIN
SELECT id, name, code, external_id AS externalId, task_life_hours AS taskLifeHours, version, platform FROM merchant_data WHERE (version > 0) AND (external_id = 'matched-merchant') LIMIT 1000 OFFSET 0
[TeaQL SQL][query][278us] 1 rows returned outcome=success batchOutcome=not_applicable comment=matched merchant read with relation purpose=matched benchmark read auditReason= tracePath=[0:OPERATION:Merchant=query -> 1:REQUEST:Merchant= -> 2:RELATION:platform=Merchant.platform -> 3:PROVIDER:postgresql= -> 4:SQL:select=] mutationLineage=[]
SQL: -- TeaQL PLAIN
SELECT id, create_time AS createTime, last_update_time AS lastUpdateTime, name, version FROM platform_data WHERE (version > 0) AND (id = 1) LIMIT 1 OFFSET 0
[TeaQL SQL][query][315us] 1 rows returned outcome=success batchOutcome=not_applicable comment=matched merchant read with relation purpose=matched benchmark read auditReason= tracePath=[0:OPERATION:Merchant=query -> 1:REQUEST:Merchant= -> 2:PROVIDER:postgresql= -> 3:SQL:select=] mutationLineage=[]
SQL: -- TeaQL PLAIN
SELECT id, name, code, external_id AS externalId, task_life_hours AS taskLifeHours, version, platform FROM merchant_data WHERE (version > 0) AND (external_id = 'matched-merchant') LIMIT 1000 OFFSET 0
[TeaQL SQL][query][259us] 1 rows returned outcome=success batchOutcome=not_applicable comment=matched merchant read with relation purpose=matched benchmark read auditReason= tracePath=[0:OPERATION:Merchant=query -> 1:REQUEST:Merchant= -> 2:RELATION:platform=Merchant.platform -> 3:PROVIDER:postgresql= -> 4:SQL:select=] mutationLineage=[]
SQL: -- TeaQL PLAIN
SELECT id, create_time AS createTime, last_update_time AS lastUpdateTime, name, version FROM platform_data WHERE (version > 0) AND (id = 1) LIMIT 1 OFFSET 0
[TeaQL SQL][query][304us] 1 rows returned outcome=success batchOutcome=not_applicable comment=matched merchant read with relation purpose=matched benchmark read auditReason= tracePath=[0:OPERATION:Merchant=query -> 1:REQUEST:Merchant= -> 2:PROVIDER:postgresql= -> 3:SQL:select=] mutationLineage=[]
SQL: -- TeaQL PLAIN
SELECT id, name, code, external_id AS externalId, task_life_hours AS taskLifeHours, version, platform FROM merchant_data WHERE (version > 0) AND (external_id = 'matched-merchant') LIMIT 1000 OFFSET 0
[TeaQL SQL][query][253us] 1 rows returned outcome=success batchOutcome=not_applicable comment=matched merchant read with relation purpose=matched benchmark read auditReason= tracePath=[0:OPERATION:Merchant=query -> 1:REQUEST:Merchant= -> 2:RELATION:platform=Merchant.platform -> 3:PROVIDER:postgresql= -> 4:SQL:select=] mutationLineage=[]
SQL: -- TeaQL PLAIN
SELECT id, create_time AS createTime, last_update_time AS lastUpdateTime, name, version FROM platform_data WHERE (version > 0) AND (id = 1) LIMIT 1 OFFSET 0
[TeaQL SQL][query][276us] 1 rows returned outcome=success batchOutcome=not_applicable comment=matched merchant read with relation purpose=matched benchmark read auditReason= tracePath=[0:OPERATION:Merchant=query -> 1:REQUEST:Merchant= -> 2:PROVIDER:postgresql= -> 3:SQL:select=] mutationLineage=[]
SQL: -- TeaQL PLAIN
SELECT id, name, code, external_id AS externalId, task_life_hours AS taskLifeHours, version, platform FROM merchant_data WHERE (version > 0) AND (external_id = 'matched-merchant') LIMIT 1000 OFFSET 0
[TeaQL SQL][query][201us] 1 rows returned outcome=success batchOutcome=not_applicable comment=matched merchant read with relation purpose=matched benchmark read auditReason= tracePath=[0:OPERATION:Merchant=query -> 1:REQUEST:Merchant= -> 2:RELATION:platform=Merchant.platform -> 3:PROVIDER:postgresql= -> 4:SQL:select=] mutationLineage=[]
SQL: -- TeaQL PLAIN
SELECT id, create_time AS createTime, last_update_time AS lastUpdateTime, name, version FROM platform_data WHERE (version > 0) AND (id = 1) LIMIT 1 OFFSET 0
[TeaQL SQL][query][410us] 1 rows returned outcome=success batchOutcome=not_applicable comment=matched merchant read with relation purpose=matched benchmark read auditReason= tracePath=[0:OPERATION:Merchant=query -> 1:REQUEST:Merchant= -> 2:PROVIDER:postgresql= -> 3:SQL:select=] mutationLineage=[]
SQL: -- TeaQL PLAIN
SELECT id, name, code, external_id AS externalId, task_life_hours AS taskLifeHours, version, platform FROM merchant_data WHERE (version > 0) AND (external_id = 'matched-merchant') LIMIT 1000 OFFSET 0
[TeaQL SQL][query][300us] 1 rows returned outcome=success batchOutcome=not_applicable comment=matched merchant read with relation purpose=matched benchmark read auditReason= tracePath=[0:OPERATION:Merchant=query -> 1:REQUEST:Merchant= -> 2:PROVIDER:postgresql= -> 3:SQL:select=] mutationLineage=[]
SQL: -- TeaQL PLAIN
SELECT id, name, code, external_id AS externalId, task_life_hours AS taskLifeHours, version, platform FROM merchant_data WHERE (version > 0) AND (external_id = 'matched-merchant') LIMIT 1000 OFFSET 0
[TeaQL SQL][query][321us] 1 rows returned outcome=success batchOutcome=not_applicable comment=matched merchant read with relation purpose=matched benchmark read auditReason= tracePath=[0:OPERATION:Merchant=query -> 1:REQUEST:Merchant= -> 2:RELATION:platform=Merchant.platform -> 3:PROVIDER:postgresql= -> 4:SQL:select=] mutationLineage=[]
SQL: -- TeaQL PLAIN
SELECT id, create_time AS createTime, last_update_time AS lastUpdateTime, name, version FROM platform_data WHERE (version > 0) AND (id = 1) LIMIT 1 OFFSET 0
[TeaQL SQL][query][273us] 1 rows returned outcome=success batchOutcome=not_applicable comment=matched merchant read with relation purpose=matched benchmark read auditReason= tracePath=[0:OPERATION:Merchant=query -> 1:REQUEST:Merchant= -> 2:RELATION:platform=Merchant.platform -> 3:PROVIDER:postgresql= -> 4:SQL:select=] mutationLineage=[]
SQL: -- TeaQL PLAIN
SELECT id, create_time AS createTime, last_update_time AS lastUpdateTime, name, version FROM platform_data WHERE (version > 0) AND (id = 1) LIMIT 1 OFFSET 0
[TeaQL SQL][query][330us] 1 rows returned outcome=success batchOutcome=not_applicable comment=matched merchant read with relation purpose=matched benchmark read auditReason= tracePath=[0:OPERATION:Merchant=query -> 1:REQUEST:Merchant= -> 2:PROVIDER:postgresql= -> 3:SQL:select=] mutationLineage=[]
SQL: -- TeaQL PLAIN
SELECT id, name, code, external_id AS externalId, task_life_hours AS taskLifeHours, version, platform FROM merchant_data WHERE (version > 0) AND (external_id = 'matched-merchant') LIMIT 1000 OFFSET 0
[TeaQL SQL][query][297us] 1 rows returned outcome=success batchOutcome=not_applicable comment=matched merchant read with relation purpose=matched benchmark read auditReason= tracePath=[0:OPERATION:Merchant=query -> 1:REQUEST:Merchant= -> 2:RELATION:platform=Merchant.platform -> 3:PROVIDER:postgresql= -> 4:SQL:select=] mutationLineage=[]
SQL: -- TeaQL PLAIN
SELECT id, create_time AS createTime, last_update_time AS lastUpdateTime, name, version FROM platform_data WHERE (version > 0) AND (id = 1) LIMIT 1 OFFSET 0
[TeaQL SQL][query][285us] 1 rows returned outcome=success batchOutcome=not_applicable comment=matched merchant read with relation purpose=matched benchmark read auditReason= tracePath=[0:OPERATION:Merchant=query -> 1:REQUEST:Merchant= -> 2:PROVIDER:postgresql= -> 3:SQL:select=] mutationLineage=[]
SQL: -- TeaQL PLAIN
SELECT id, name, code, external_id AS externalId, task_life_hours AS taskLifeHours, version, platform FROM merchant_data WHERE (version > 0) AND (external_id = 'matched-merchant') LIMIT 1000 OFFSET 0
[TeaQL SQL][query][265us] 1 rows returned outcome=success batchOutcome=not_applicable comment=matched merchant read with relation purpose=matched benchmark read auditReason= tracePath=[0:OPERATION:Merchant=query -> 1:REQUEST:Merchant= -> 2:RELATION:platform=Merchant.platform -> 3:PROVIDER:postgresql= -> 4:SQL:select=] mutationLineage=[]
SQL: -- TeaQL PLAIN
SELECT id, create_time AS createTime, last_update_time AS lastUpdateTime, name, version FROM platform_data WHERE (version > 0) AND (id = 1) LIMIT 1 OFFSET 0
[TeaQL SQL][query][338us] 1 rows returned outcome=success batchOutcome=not_applicable comment=matched merchant read with relation purpose=matched benchmark read auditReason= tracePath=[0:OPERATION:Merchant=query -> 1:REQUEST:Merchant= -> 2:PROVIDER:postgresql= -> 3:SQL:select=] mutationLineage=[]
SQL: -- TeaQL PLAIN
SELECT id, name, code, external_id AS externalId, task_life_hours AS taskLifeHours, version, platform FROM merchant_data WHERE (version > 0) AND (external_id = 'matched-merchant') LIMIT 1000 OFFSET 0
[TeaQL SQL][query][340us] 1 rows returned outcome=success batchOutcome=not_applicable comment=matched merchant read with relation purpose=matched benchmark read auditReason= tracePath=[0:OPERATION:Merchant=query -> 1:REQUEST:Merchant= -> 2:PROVIDER:postgresql= -> 3:SQL:select=] mutationLineage=[]
SQL: -- TeaQL PLAIN
SELECT id, name, code, external_id AS externalId, task_life_hours AS taskLifeHours, version, platform FROM merchant_data WHERE (version > 0) AND (external_id = 'matched-merchant') LIMIT 1000 OFFSET 0
[TeaQL SQL][query][265us] 1 rows returned outcome=success batchOutcome=not_applicable comment=matched merchant read with relation purpose=matched benchmark read auditReason= tracePath=[0:OPERATION:Merchant=query -> 1:REQUEST:Merchant= -> 2:RELATION:platform=Merchant.platform -> 3:PROVIDER:postgresql= -> 4:SQL:select=] mutationLineage=[]
SQL: -- TeaQL PLAIN
SELECT id, create_time AS createTime, last_update_time AS lastUpdateTime, name, version FROM platform_data WHERE (version > 0) AND (id = 1) LIMIT 1 OFFSET 0
[TeaQL SQL][query][253us] 1 rows returned outcome=success batchOutcome=not_applicable comment=matched merchant read with relation purpose=matched benchmark read auditReason= tracePath=[0:OPERATION:Merchant=query -> 1:REQUEST:Merchant= -> 2:RELATION:platform=Merchant.platform -> 3:PROVIDER:postgresql= -> 4:SQL:select=] mutationLineage=[]
SQL: -- TeaQL PLAIN
SELECT id, create_time AS createTime, last_update_time AS lastUpdateTime, name, version FROM platform_data WHERE (version > 0) AND (id = 1) LIMIT 1 OFFSET 0
[TeaQL SQL][query][352us] 1 rows returned outcome=success batchOutcome=not_applicable comment=matched merchant read with relation purpose=matched benchmark read auditReason= tracePath=[0:OPERATION:Merchant=query -> 1:REQUEST:Merchant= -> 2:PROVIDER:postgresql= -> 3:SQL:select=] mutationLineage=[]
SQL: -- TeaQL PLAIN
SELECT id, name, code, external_id AS externalId, task_life_hours AS taskLifeHours, version, platform FROM merchant_data WHERE (version > 0) AND (external_id = 'matched-merchant') LIMIT 1000 OFFSET 0
[TeaQL SQL][query][281us] 1 rows returned outcome=success batchOutcome=not_applicable comment=matched merchant read with relation purpose=matched benchmark read auditReason= tracePath=[0:OPERATION:Merchant=query -> 1:REQUEST:Merchant= -> 2:PROVIDER:postgresql= -> 3:SQL:select=] mutationLineage=[]
SQL: -- TeaQL PLAIN
SELECT id, name, code, external_id AS externalId, task_life_hours AS taskLifeHours, version, platform FROM merchant_data WHERE (version > 0) AND (external_id = 'matched-merchant') LIMIT 1000 OFFSET 0
[TeaQL SQL][query][290us] 1 rows returned outcome=success batchOutcome=not_applicable comment=matched merchant read with relation purpose=matched benchmark read auditReason= tracePath=[0:OPERATION:Merchant=query -> 1:REQUEST:Merchant= -> 2:RELATION:platform=Merchant.platform -> 3:PROVIDER:postgresql= -> 4:SQL:select=] mutationLineage=[]
SQL: -- TeaQL PLAIN
SELECT id, create_time AS createTime, last_update_time AS lastUpdateTime, name, version FROM platform_data WHERE (version > 0) AND (id = 1) LIMIT 1 OFFSET 0
[TeaQL SQL][query][231us] 1 rows returned outcome=success batchOutcome=not_applicable comment=matched merchant read with relation purpose=matched benchmark read auditReason= tracePath=[0:OPERATION:Merchant=query -> 1:REQUEST:Merchant= -> 2:RELATION:platform=Merchant.platform -> 3:PROVIDER:postgresql= -> 4:SQL:select=] mutationLineage=[]
SQL: -- TeaQL PLAIN
SELECT id, create_time AS createTime, last_update_time AS lastUpdateTime, name, version FROM platform_data WHERE (version > 0) AND (id = 1) LIMIT 1 OFFSET 0
[TeaQL SQL][query][383us] 1 rows returned outcome=success batchOutcome=not_applicable comment=matched merchant read with relation purpose=matched benchmark read auditReason= tracePath=[0:OPERATION:Merchant=query -> 1:REQUEST:Merchant= -> 2:PROVIDER:postgresql= -> 3:SQL:select=] mutationLineage=[]
SQL: -- TeaQL PLAIN
SELECT id, name, code, external_id AS externalId, task_life_hours AS taskLifeHours, version, platform FROM merchant_data WHERE (version > 0) AND (external_id = 'matched-merchant') LIMIT 1000 OFFSET 0
[TeaQL SQL][query][246us] 1 rows returned outcome=success batchOutcome=not_applicable comment=matched merchant read with relation purpose=matched benchmark read auditReason= tracePath=[0:OPERATION:Merchant=query -> 1:REQUEST:Merchant= -> 2:PROVIDER:postgresql= -> 3:SQL:select=] mutationLineage=[]
SQL: -- TeaQL PLAIN
SELECT id, name, code, external_id AS externalId, task_life_hours AS taskLifeHours, version, platform FROM merchant_data WHERE (version > 0) AND (external_id = 'matched-merchant') LIMIT 1000 OFFSET 0
[TeaQL SQL][query][265us] 1 rows returned outcome=success batchOutcome=not_applicable comment=matched merchant read with relation purpose=matched benchmark read auditReason= tracePath=[0:OPERATION:Merchant=query -> 1:REQUEST:Merchant= -> 2:RELATION:platform=Merchant.platform -> 3:PROVIDER:postgresql= -> 4:SQL:select=] mutationLineage=[]
SQL: -- TeaQL PLAIN
SELECT id, create_time AS createTime, last_update_time AS lastUpdateTime, name, version FROM platform_data WHERE (version > 0) AND (id = 1) LIMIT 1 OFFSET 0
[TeaQL SQL][query][273us] 1 rows returned outcome=success batchOutcome=not_applicable comment=matched merchant read with relation purpose=matched benchmark read auditReason= tracePath=[0:OPERATION:Merchant=query -> 1:REQUEST:Merchant= -> 2:RELATION:platform=Merchant.platform -> 3:PROVIDER:postgresql= -> 4:SQL:select=] mutationLineage=[]
SQL: -- TeaQL PLAIN
SELECT id, create_time AS createTime, last_update_time AS lastUpdateTime, name, version FROM platform_data WHERE (version > 0) AND (id = 1) LIMIT 1 OFFSET 0
[TeaQL SQL][query][331us] 1 rows returned outcome=success batchOutcome=not_applicable comment=matched merchant read with relation purpose=matched benchmark read auditReason= tracePath=[0:OPERATION:Merchant=query -> 1:REQUEST:Merchant= -> 2:PROVIDER:postgresql= -> 3:SQL:select=] mutationLineage=[]
SQL: -- TeaQL PLAIN
SELECT id, name, code, external_id AS externalId, task_life_hours AS taskLifeHours, version, platform FROM merchant_data WHERE (version > 0) AND (external_id = 'matched-merchant') LIMIT 1000 OFFSET 0
[TeaQL SQL][query][332us] 1 rows returned outcome=success batchOutcome=not_applicable comment=matched merchant read with relation purpose=matched benchmark read auditReason= tracePath=[0:OPERATION:Merchant=query -> 1:REQUEST:Merchant= -> 2:PROVIDER:postgresql= -> 3:SQL:select=] mutationLineage=[]
SQL: -- TeaQL PLAIN
SELECT id, name, code, external_id AS externalId, task_life_hours AS taskLifeHours, version, platform FROM merchant_data WHERE (version > 0) AND (external_id = 'matched-merchant') LIMIT 1000 OFFSET 0
[TeaQL SQL][query][254us] 1 rows returned outcome=success batchOutcome=not_applicable comment=matched merchant read with relation purpose=matched benchmark read auditReason= tracePath=[0:OPERATION:Merchant=query -> 1:REQUEST:Merchant= -> 2:RELATION:platform=Merchant.platform -> 3:PROVIDER:postgresql= -> 4:SQL:select=] mutationLineage=[]
SQL: -- TeaQL PLAIN
SELECT id, create_time AS createTime, last_update_time AS lastUpdateTime, name, version FROM platform_data WHERE (version > 0) AND (id = 1) LIMIT 1 OFFSET 0
[TeaQL SQL][query][262us] 1 rows returned outcome=success batchOutcome=not_applicable comment=matched merchant read with relation purpose=matched benchmark read auditReason= tracePath=[0:OPERATION:Merchant=query -> 1:REQUEST:Merchant= -> 2:RELATION:platform=Merchant.platform -> 3:PROVIDER:postgresql= -> 4:SQL:select=] mutationLineage=[]
SQL: -- TeaQL PLAIN
SELECT id, create_time AS createTime, last_update_time AS lastUpdateTime, name, version FROM platform_data WHERE (version > 0) AND (id = 1) LIMIT 1 OFFSET 0
[TeaQL SQL][query][291us] 1 rows returned outcome=success batchOutcome=not_applicable comment=matched merchant read with relation purpose=matched benchmark read auditReason= tracePath=[0:OPERATION:Merchant=query -> 1:REQUEST:Merchant= -> 2:PROVIDER:postgresql= -> 3:SQL:select=] mutationLineage=[]
SQL: -- TeaQL PLAIN
SELECT id, name, code, external_id AS externalId, task_life_hours AS taskLifeHours, version, platform FROM merchant_data WHERE (version > 0) AND (external_id = 'matched-merchant') LIMIT 1000 OFFSET 0
[TeaQL SQL][query][280us] 1 rows returned outcome=success batchOutcome=not_applicable comment=matched merchant read with relation purpose=matched benchmark read auditReason= tracePath=[0:OPERATION:Merchant=query -> 1:REQUEST:Merchant= -> 2:RELATION:platform=Merchant.platform -> 3:PROVIDER:postgresql= -> 4:SQL:select=] mutationLineage=[]
SQL: -- TeaQL PLAIN
SELECT id, create_time AS createTime, last_update_time AS lastUpdateTime, name, version FROM platform_data WHERE (version > 0) AND (id = 1) LIMIT 1 OFFSET 0
[TeaQL SQL][query][287us] 1 rows returned outcome=success batchOutcome=not_applicable comment=matched merchant read with relation purpose=matched benchmark read auditReason= tracePath=[0:OPERATION:Merchant=query -> 1:REQUEST:Merchant= -> 2:PROVIDER:postgresql= -> 3:SQL:select=] mutationLineage=[]
SQL: -- TeaQL PLAIN
SELECT id, name, code, external_id AS externalId, task_life_hours AS taskLifeHours, version, platform FROM merchant_data WHERE (version > 0) AND (external_id = 'matched-merchant') LIMIT 1000 OFFSET 0
[TeaQL SQL][query][230us] 1 rows returned outcome=success batchOutcome=not_applicable comment=matched merchant read with relation purpose=matched benchmark read auditReason= tracePath=[0:OPERATION:Merchant=query -> 1:REQUEST:Merchant= -> 2:RELATION:platform=Merchant.platform -> 3:PROVIDER:postgresql= -> 4:SQL:select=] mutationLineage=[]
SQL: -- TeaQL PLAIN
SELECT id, create_time AS createTime, last_update_time AS lastUpdateTime, name, version FROM platform_data WHERE (version > 0) AND (id = 1) LIMIT 1 OFFSET 0
[TeaQL SQL][query][261us] 1 rows returned outcome=success batchOutcome=not_applicable comment=matched merchant read with relation purpose=matched benchmark read auditReason= tracePath=[0:OPERATION:Merchant=query -> 1:REQUEST:Merchant= -> 2:PROVIDER:postgresql= -> 3:SQL:select=] mutationLineage=[]
SQL: -- TeaQL PLAIN
SELECT id, name, code, external_id AS externalId, task_life_hours AS taskLifeHours, version, platform FROM merchant_data WHERE (version > 0) AND (external_id = 'matched-merchant') LIMIT 1000 OFFSET 0
[TeaQL SQL][query][218us] 1 rows returned outcome=success batchOutcome=not_applicable comment=matched merchant read with relation purpose=matched benchmark read auditReason= tracePath=[0:OPERATION:Merchant=query -> 1:REQUEST:Merchant= -> 2:RELATION:platform=Merchant.platform -> 3:PROVIDER:postgresql= -> 4:SQL:select=] mutationLineage=[]
SQL: -- TeaQL PLAIN
SELECT id, create_time AS createTime, last_update_time AS lastUpdateTime, name, version FROM platform_data WHERE (version > 0) AND (id = 1) LIMIT 1 OFFSET 0
[TeaQL SQL][query][333us] 1 rows returned outcome=success batchOutcome=not_applicable comment=matched merchant read with relation purpose=matched benchmark read auditReason= tracePath=[0:OPERATION:Merchant=query -> 1:REQUEST:Merchant= -> 2:PROVIDER:postgresql= -> 3:SQL:select=] mutationLineage=[]
SQL: -- TeaQL PLAIN
SELECT id, name, code, external_id AS externalId, task_life_hours AS taskLifeHours, version, platform FROM merchant_data WHERE (version > 0) AND (external_id = 'matched-merchant') LIMIT 1000 OFFSET 0
[TeaQL SQL][query][281us] 1 rows returned outcome=success batchOutcome=not_applicable comment=matched merchant read with relation purpose=matched benchmark read auditReason= tracePath=[0:OPERATION:Merchant=query -> 1:REQUEST:Merchant= -> 2:RELATION:platform=Merchant.platform -> 3:PROVIDER:postgresql= -> 4:SQL:select=] mutationLineage=[]
SQL: -- TeaQL PLAIN
SELECT id, create_time AS createTime, last_update_time AS lastUpdateTime, name, version FROM platform_data WHERE (version > 0) AND (id = 1) LIMIT 1 OFFSET 0
[TeaQL SQL][query][335us] 1 rows returned outcome=success batchOutcome=not_applicable comment=matched merchant read with relation purpose=matched benchmark read auditReason= tracePath=[0:OPERATION:Merchant=query -> 1:REQUEST:Merchant= -> 2:PROVIDER:postgresql= -> 3:SQL:select=] mutationLineage=[]
SQL: -- TeaQL PLAIN
SELECT id, name, code, external_id AS externalId, task_life_hours AS taskLifeHours, version, platform FROM merchant_data WHERE (version > 0) AND (external_id = 'matched-merchant') LIMIT 1000 OFFSET 0
[TeaQL SQL][query][303us] 1 rows returned outcome=success batchOutcome=not_applicable comment=matched merchant read with relation purpose=matched benchmark read auditReason= tracePath=[0:OPERATION:Merchant=query -> 1:REQUEST:Merchant= -> 2:RELATION:platform=Merchant.platform -> 3:PROVIDER:postgresql= -> 4:SQL:select=] mutationLineage=[]
SQL: -- TeaQL PLAIN
SELECT id, create_time AS createTime, last_update_time AS lastUpdateTime, name, version FROM platform_data WHERE (version > 0) AND (id = 1) LIMIT 1 OFFSET 0
[TeaQL SQL][query][264us] 1 rows returned outcome=success batchOutcome=not_applicable comment=matched merchant read with relation purpose=matched benchmark read auditReason= tracePath=[0:OPERATION:Merchant=query -> 1:REQUEST:Merchant= -> 2:PROVIDER:postgresql= -> 3:SQL:select=] mutationLineage=[]
SQL: -- TeaQL PLAIN
SELECT id, name, code, external_id AS externalId, task_life_hours AS taskLifeHours, version, platform FROM merchant_data WHERE (version > 0) AND (external_id = 'matched-merchant') LIMIT 1000 OFFSET 0
[TeaQL SQL][query][199us] 1 rows returned outcome=success batchOutcome=not_applicable comment=matched merchant read with relation purpose=matched benchmark read auditReason= tracePath=[0:OPERATION:Merchant=query -> 1:REQUEST:Merchant= -> 2:RELATION:platform=Merchant.platform -> 3:PROVIDER:postgresql= -> 4:SQL:select=] mutationLineage=[]
SQL: -- TeaQL PLAIN
SELECT id, create_time AS createTime, last_update_time AS lastUpdateTime, name, version FROM platform_data WHERE (version > 0) AND (id = 1) LIMIT 1 OFFSET 0
[TeaQL SQL][query][383us] 1 rows returned outcome=success batchOutcome=not_applicable comment=matched merchant read with relation purpose=matched benchmark read auditReason= tracePath=[0:OPERATION:Merchant=query -> 1:REQUEST:Merchant= -> 2:PROVIDER:postgresql= -> 3:SQL:select=] mutationLineage=[]
SQL: -- TeaQL PLAIN
SELECT id, name, code, external_id AS externalId, task_life_hours AS taskLifeHours, version, platform FROM merchant_data WHERE (version > 0) AND (external_id = 'matched-merchant') LIMIT 1000 OFFSET 0
[TeaQL SQL][query][383us] 1 rows returned outcome=success batchOutcome=not_applicable comment=matched merchant read with relation purpose=matched benchmark read auditReason= tracePath=[0:OPERATION:Merchant=query -> 1:REQUEST:Merchant= -> 2:PROVIDER:postgresql= -> 3:SQL:select=] mutationLineage=[]
SQL: -- TeaQL PLAIN
SELECT id, name, code, external_id AS externalId, task_life_hours AS taskLifeHours, version, platform FROM merchant_data WHERE (version > 0) AND (external_id = 'matched-merchant') LIMIT 1000 OFFSET 0
[TeaQL SQL][query][453us] 1 rows returned outcome=success batchOutcome=not_applicable comment=matched merchant read with relation purpose=matched benchmark read auditReason= tracePath=[0:OPERATION:Merchant=query -> 1:REQUEST:Merchant= -> 2:PROVIDER:postgresql= -> 3:SQL:select=] mutationLineage=[]
SQL: -- TeaQL PLAIN
SELECT id, name, code, external_id AS externalId, task_life_hours AS taskLifeHours, version, platform FROM merchant_data WHERE (version > 0) AND (external_id = 'matched-merchant') LIMIT 1000 OFFSET 0
[TeaQL SQL][query][254us] 1 rows returned outcome=success batchOutcome=not_applicable comment=matched merchant read with relation purpose=matched benchmark read auditReason= tracePath=[0:OPERATION:Merchant=query -> 1:REQUEST:Merchant= -> 2:RELATION:platform=Merchant.platform -> 3:PROVIDER:postgresql= -> 4:SQL:select=] mutationLineage=[]
SQL: -- TeaQL PLAIN
SELECT id, create_time AS createTime, last_update_time AS lastUpdateTime, name, version FROM platform_data WHERE (version > 0) AND (id = 1) LIMIT 1 OFFSET 0
[TeaQL SQL][query][212us] 1 rows returned outcome=success batchOutcome=not_applicable comment=matched merchant read with relation purpose=matched benchmark read auditReason= tracePath=[0:OPERATION:Merchant=query -> 1:REQUEST:Merchant= -> 2:RELATION:platform=Merchant.platform -> 3:PROVIDER:postgresql= -> 4:SQL:select=] mutationLineage=[]
SQL: -- TeaQL PLAIN
SELECT id, create_time AS createTime, last_update_time AS lastUpdateTime, name, version FROM platform_data WHERE (version > 0) AND (id = 1) LIMIT 1 OFFSET 0
[TeaQL SQL][query][179us] 1 rows returned outcome=success batchOutcome=not_applicable comment=matched merchant read with relation purpose=matched benchmark read auditReason= tracePath=[0:OPERATION:Merchant=query -> 1:REQUEST:Merchant= -> 2:RELATION:platform=Merchant.platform -> 3:PROVIDER:postgresql= -> 4:SQL:select=] mutationLineage=[]
SQL: -- TeaQL PLAIN
SELECT id, create_time AS createTime, last_update_time AS lastUpdateTime, name, version FROM platform_data WHERE (version > 0) AND (id = 1) LIMIT 1 OFFSET 0
[TeaQL SQL][query][311us] 1 rows returned outcome=success batchOutcome=not_applicable comment=matched merchant read with relation purpose=matched benchmark read auditReason= tracePath=[0:OPERATION:Merchant=query -> 1:REQUEST:Merchant= -> 2:PROVIDER:postgresql= -> 3:SQL:select=] mutationLineage=[]
SQL: -- TeaQL PLAIN
SELECT id, name, code, external_id AS externalId, task_life_hours AS taskLifeHours, version, platform FROM merchant_data WHERE (version > 0) AND (external_id = 'matched-merchant') LIMIT 1000 OFFSET 0
[TeaQL SQL][query][260us] 1 rows returned outcome=success batchOutcome=not_applicable comment=matched merchant read with relation purpose=matched benchmark read auditReason= tracePath=[0:OPERATION:Merchant=query -> 1:REQUEST:Merchant= -> 2:RELATION:platform=Merchant.platform -> 3:PROVIDER:postgresql= -> 4:SQL:select=] mutationLineage=[]
SQL: -- TeaQL PLAIN
SELECT id, create_time AS createTime, last_update_time AS lastUpdateTime, name, version FROM platform_data WHERE (version > 0) AND (id = 1) LIMIT 1 OFFSET 0
[TeaQL SQL][query][265us] 1 rows returned outcome=success batchOutcome=not_applicable comment=matched merchant read with relation purpose=matched benchmark read auditReason= tracePath=[0:OPERATION:Merchant=query -> 1:REQUEST:Merchant= -> 2:PROVIDER:postgresql= -> 3:SQL:select=] mutationLineage=[]
SQL: -- TeaQL PLAIN
SELECT id, name, code, external_id AS externalId, task_life_hours AS taskLifeHours, version, platform FROM merchant_data WHERE (version > 0) AND (external_id = 'matched-merchant') LIMIT 1000 OFFSET 0
[TeaQL SQL][query][250us] 1 rows returned outcome=success batchOutcome=not_applicable comment=matched merchant read with relation purpose=matched benchmark read auditReason= tracePath=[0:OPERATION:Merchant=query -> 1:REQUEST:Merchant= -> 2:PROVIDER:postgresql= -> 3:SQL:select=] mutationLineage=[]
SQL: -- TeaQL PLAIN
SELECT id, name, code, external_id AS externalId, task_life_hours AS taskLifeHours, version, platform FROM merchant_data WHERE (version > 0) AND (external_id = 'matched-merchant') LIMIT 1000 OFFSET 0
[TeaQL SQL][query][249us] 1 rows returned outcome=success batchOutcome=not_applicable comment=matched merchant read with relation purpose=matched benchmark read auditReason= tracePath=[0:OPERATION:Merchant=query -> 1:REQUEST:Merchant= -> 2:PROVIDER:postgresql= -> 3:SQL:select=] mutationLineage=[]
SQL: -- TeaQL PLAIN
SELECT id, name, code, external_id AS externalId, task_life_hours AS taskLifeHours, version, platform FROM merchant_data WHERE (version > 0) AND (external_id = 'matched-merchant') LIMIT 1000 OFFSET 0
[TeaQL SQL][query][215us] 1 rows returned outcome=success batchOutcome=not_applicable comment=matched merchant read with relation purpose=matched benchmark read auditReason= tracePath=[0:OPERATION:Merchant=query -> 1:REQUEST:Merchant= -> 2:RELATION:platform=Merchant.platform -> 3:PROVIDER:postgresql= -> 4:SQL:select=] mutationLineage=[]
SQL: -- TeaQL PLAIN
SELECT id, create_time AS createTime, last_update_time AS lastUpdateTime, name, version FROM platform_data WHERE (version > 0) AND (id = 1) LIMIT 1 OFFSET 0
[TeaQL SQL][query][178us] 1 rows returned outcome=success batchOutcome=not_applicable comment=matched merchant read with relation purpose=matched benchmark read auditReason= tracePath=[0:OPERATION:Merchant=query -> 1:REQUEST:Merchant= -> 2:RELATION:platform=Merchant.platform -> 3:PROVIDER:postgresql= -> 4:SQL:select=] mutationLineage=[]
SQL: -- TeaQL PLAIN
SELECT id, create_time AS createTime, last_update_time AS lastUpdateTime, name, version FROM platform_data WHERE (version > 0) AND (id = 1) LIMIT 1 OFFSET 0
[TeaQL SQL][query][218us] 1 rows returned outcome=success batchOutcome=not_applicable comment=matched merchant read with relation purpose=matched benchmark read auditReason= tracePath=[0:OPERATION:Merchant=query -> 1:REQUEST:Merchant= -> 2:RELATION:platform=Merchant.platform -> 3:PROVIDER:postgresql= -> 4:SQL:select=] mutationLineage=[]
SQL: -- TeaQL PLAIN
SELECT id, create_time AS createTime, last_update_time AS lastUpdateTime, name, version FROM platform_data WHERE (version > 0) AND (id = 1) LIMIT 1 OFFSET 0
[TeaQL SQL][query][383us] 1 rows returned outcome=success batchOutcome=not_applicable comment=matched merchant read with relation purpose=matched benchmark read auditReason= tracePath=[0:OPERATION:Merchant=query -> 1:REQUEST:Merchant= -> 2:PROVIDER:postgresql= -> 3:SQL:select=] mutationLineage=[]
SQL: -- TeaQL PLAIN
SELECT id, name, code, external_id AS externalId, task_life_hours AS taskLifeHours, version, platform FROM merchant_data WHERE (version > 0) AND (external_id = 'matched-merchant') LIMIT 1000 OFFSET 0
[TeaQL SQL][query][336us] 1 rows returned outcome=success batchOutcome=not_applicable comment=matched merchant read with relation purpose=matched benchmark read auditReason= tracePath=[0:OPERATION:Merchant=query -> 1:REQUEST:Merchant= -> 2:RELATION:platform=Merchant.platform -> 3:PROVIDER:postgresql= -> 4:SQL:select=] mutationLineage=[]
SQL: -- TeaQL PLAIN
SELECT id, create_time AS createTime, last_update_time AS lastUpdateTime, name, version FROM platform_data WHERE (version > 0) AND (id = 1) LIMIT 1 OFFSET 0
[TeaQL SQL][query][355us] 1 rows returned outcome=success batchOutcome=not_applicable comment=matched merchant read with relation purpose=matched benchmark read auditReason= tracePath=[0:OPERATION:Merchant=query -> 1:REQUEST:Merchant= -> 2:PROVIDER:postgresql= -> 3:SQL:select=] mutationLineage=[]
SQL: -- TeaQL PLAIN
SELECT id, name, code, external_id AS externalId, task_life_hours AS taskLifeHours, version, platform FROM merchant_data WHERE (version > 0) AND (external_id = 'matched-merchant') LIMIT 1000 OFFSET 0
[TeaQL SQL][query][352us] 1 rows returned outcome=success batchOutcome=not_applicable comment=matched merchant read with relation purpose=matched benchmark read auditReason= tracePath=[0:OPERATION:Merchant=query -> 1:REQUEST:Merchant= -> 2:PROVIDER:postgresql= -> 3:SQL:select=] mutationLineage=[]
SQL: -- TeaQL PLAIN
SELECT id, name, code, external_id AS externalId, task_life_hours AS taskLifeHours, version, platform FROM merchant_data WHERE (version > 0) AND (external_id = 'matched-merchant') LIMIT 1000 OFFSET 0
[TeaQL SQL][query][711us] 1 rows returned outcome=success batchOutcome=not_applicable comment=matched merchant read with relation purpose=matched benchmark read auditReason= tracePath=[0:OPERATION:Merchant=query -> 1:REQUEST:Merchant= -> 2:PROVIDER:postgresql= -> 3:SQL:select=] mutationLineage=[]
SQL: -- TeaQL PLAIN
SELECT id, name, code, external_id AS externalId, task_life_hours AS taskLifeHours, version, platform FROM merchant_data WHERE (version > 0) AND (external_id = 'matched-merchant') LIMIT 1000 OFFSET 0
[TeaQL SQL][query][222us] 1 rows returned outcome=success batchOutcome=not_applicable comment=matched merchant read with relation purpose=matched benchmark read auditReason= tracePath=[0:OPERATION:Merchant=query -> 1:REQUEST:Merchant= -> 2:RELATION:platform=Merchant.platform -> 3:PROVIDER:postgresql= -> 4:SQL:select=] mutationLineage=[]
SQL: -- TeaQL PLAIN
SELECT id, create_time AS createTime, last_update_time AS lastUpdateTime, name, version FROM platform_data WHERE (version > 0) AND (id = 1) LIMIT 1 OFFSET 0
[TeaQL SQL][query][393us] 1 rows returned outcome=success batchOutcome=not_applicable comment=matched merchant read with relation purpose=matched benchmark read auditReason= tracePath=[0:OPERATION:Merchant=query -> 1:REQUEST:Merchant= -> 2:RELATION:platform=Merchant.platform -> 3:PROVIDER:postgresql= -> 4:SQL:select=] mutationLineage=[]
SQL: -- TeaQL PLAIN
SELECT id, create_time AS createTime, last_update_time AS lastUpdateTime, name, version FROM platform_data WHERE (version > 0) AND (id = 1) LIMIT 1 OFFSET 0
[TeaQL SQL][query][221us] 1 rows returned outcome=success batchOutcome=not_applicable comment=matched merchant read with relation purpose=matched benchmark read auditReason= tracePath=[0:OPERATION:Merchant=query -> 1:REQUEST:Merchant= -> 2:RELATION:platform=Merchant.platform -> 3:PROVIDER:postgresql= -> 4:SQL:select=] mutationLineage=[]
SQL: -- TeaQL PLAIN
SELECT id, create_time AS createTime, last_update_time AS lastUpdateTime, name, version FROM platform_data WHERE (version > 0) AND (id = 1) LIMIT 1 OFFSET 0
[TeaQL SQL][query][414us] 1 rows returned outcome=success batchOutcome=not_applicable comment=matched merchant read with relation purpose=matched benchmark read auditReason= tracePath=[0:OPERATION:Merchant=query -> 1:REQUEST:Merchant= -> 2:PROVIDER:postgresql= -> 3:SQL:select=] mutationLineage=[]
SQL: -- TeaQL PLAIN
SELECT id, name, code, external_id AS externalId, task_life_hours AS taskLifeHours, version, platform FROM merchant_data WHERE (version > 0) AND (external_id = 'matched-merchant') LIMIT 1000 OFFSET 0
[TeaQL SQL][query][414us] 1 rows returned outcome=success batchOutcome=not_applicable comment=matched merchant read with relation purpose=matched benchmark read auditReason= tracePath=[0:OPERATION:Merchant=query -> 1:REQUEST:Merchant= -> 2:PROVIDER:postgresql= -> 3:SQL:select=] mutationLineage=[]
SQL: -- TeaQL PLAIN
SELECT id, name, code, external_id AS externalId, task_life_hours AS taskLifeHours, version, platform FROM merchant_data WHERE (version > 0) AND (external_id = 'matched-merchant') LIMIT 1000 OFFSET 0
[TeaQL SQL][query][414us] 1 rows returned outcome=success batchOutcome=not_applicable comment=matched merchant read with relation purpose=matched benchmark read auditReason= tracePath=[0:OPERATION:Merchant=query -> 1:REQUEST:Merchant= -> 2:PROVIDER:postgresql= -> 3:SQL:select=] mutationLineage=[]
SQL: -- TeaQL PLAIN
SELECT id, name, code, external_id AS externalId, task_life_hours AS taskLifeHours, version, platform FROM merchant_data WHERE (version > 0) AND (external_id = 'matched-merchant') LIMIT 1000 OFFSET 0
[TeaQL SQL][query][252us] 1 rows returned outcome=success batchOutcome=not_applicable comment=matched merchant read with relation purpose=matched benchmark read auditReason= tracePath=[0:OPERATION:Merchant=query -> 1:REQUEST:Merchant= -> 2:RELATION:platform=Merchant.platform -> 3:PROVIDER:postgresql= -> 4:SQL:select=] mutationLineage=[]
SQL: -- TeaQL PLAIN
SELECT id, create_time AS createTime, last_update_time AS lastUpdateTime, name, version FROM platform_data WHERE (version > 0) AND (id = 1) LIMIT 1 OFFSET 0
[TeaQL SQL][query][226us] 1 rows returned outcome=success batchOutcome=not_applicable comment=matched merchant read with relation purpose=matched benchmark read auditReason= tracePath=[0:OPERATION:Merchant=query -> 1:REQUEST:Merchant= -> 2:RELATION:platform=Merchant.platform -> 3:PROVIDER:postgresql= -> 4:SQL:select=] mutationLineage=[]
SQL: -- TeaQL PLAIN
SELECT id, create_time AS createTime, last_update_time AS lastUpdateTime, name, version FROM platform_data WHERE (version > 0) AND (id = 1) LIMIT 1 OFFSET 0
[TeaQL SQL][query][237us] 1 rows returned outcome=success batchOutcome=not_applicable comment=matched merchant read with relation purpose=matched benchmark read auditReason= tracePath=[0:OPERATION:Merchant=query -> 1:REQUEST:Merchant= -> 2:PROVIDER:postgresql= -> 3:SQL:select=] mutationLineage=[]
SQL: -- TeaQL PLAIN
SELECT id, name, code, external_id AS externalId, task_life_hours AS taskLifeHours, version, platform FROM merchant_data WHERE (version > 0) AND (external_id = 'matched-merchant') LIMIT 1000 OFFSET 0
[TeaQL SQL][query][224us] 1 rows returned outcome=success batchOutcome=not_applicable comment=matched merchant read with relation purpose=matched benchmark read auditReason= tracePath=[0:OPERATION:Merchant=query -> 1:REQUEST:Merchant= -> 2:RELATION:platform=Merchant.platform -> 3:PROVIDER:postgresql= -> 4:SQL:select=] mutationLineage=[]
SQL: -- TeaQL PLAIN
SELECT id, create_time AS createTime, last_update_time AS lastUpdateTime, name, version FROM platform_data WHERE (version > 0) AND (id = 1) LIMIT 1 OFFSET 0
[TeaQL SQL][query][254us] 1 rows returned outcome=success batchOutcome=not_applicable comment=matched merchant read with relation purpose=matched benchmark read auditReason= tracePath=[0:OPERATION:Merchant=query -> 1:REQUEST:Merchant= -> 2:RELATION:platform=Merchant.platform -> 3:PROVIDER:postgresql= -> 4:SQL:select=] mutationLineage=[]
SQL: -- TeaQL PLAIN
SELECT id, create_time AS createTime, last_update_time AS lastUpdateTime, name, version FROM platform_data WHERE (version > 0) AND (id = 1) LIMIT 1 OFFSET 0
[TeaQL SQL][query][332us] 1 rows returned outcome=success batchOutcome=not_applicable comment=matched merchant read with relation purpose=matched benchmark read auditReason= tracePath=[0:OPERATION:Merchant=query -> 1:REQUEST:Merchant= -> 2:PROVIDER:postgresql= -> 3:SQL:select=] mutationLineage=[]
SQL: -- TeaQL PLAIN
SELECT id, name, code, external_id AS externalId, task_life_hours AS taskLifeHours, version, platform FROM merchant_data WHERE (version > 0) AND (external_id = 'matched-merchant') LIMIT 1000 OFFSET 0
[TeaQL SQL][query][382us] 1 rows returned outcome=success batchOutcome=not_applicable comment=matched merchant read with relation purpose=matched benchmark read auditReason= tracePath=[0:OPERATION:Merchant=query -> 1:REQUEST:Merchant= -> 2:PROVIDER:postgresql= -> 3:SQL:select=] mutationLineage=[]
SQL: -- TeaQL PLAIN
SELECT id, name, code, external_id AS externalId, task_life_hours AS taskLifeHours, version, platform FROM merchant_data WHERE (version > 0) AND (external_id = 'matched-merchant') LIMIT 1000 OFFSET 0
[TeaQL SQL][query][214us] 1 rows returned outcome=success batchOutcome=not_applicable comment=matched merchant read with relation purpose=matched benchmark read auditReason= tracePath=[0:OPERATION:Merchant=query -> 1:REQUEST:Merchant= -> 2:RELATION:platform=Merchant.platform -> 3:PROVIDER:postgresql= -> 4:SQL:select=] mutationLineage=[]
SQL: -- TeaQL PLAIN
SELECT id, create_time AS createTime, last_update_time AS lastUpdateTime, name, version FROM platform_data WHERE (version > 0) AND (id = 1) LIMIT 1 OFFSET 0
[TeaQL SQL][query][181us] 1 rows returned outcome=success batchOutcome=not_applicable comment=matched merchant read with relation purpose=matched benchmark read auditReason= tracePath=[0:OPERATION:Merchant=query -> 1:REQUEST:Merchant= -> 2:RELATION:platform=Merchant.platform -> 3:PROVIDER:postgresql= -> 4:SQL:select=] mutationLineage=[]
SQL: -- TeaQL PLAIN
SELECT id, create_time AS createTime, last_update_time AS lastUpdateTime, name, version FROM platform_data WHERE (version > 0) AND (id = 1) LIMIT 1 OFFSET 0
[TeaQL SQL][query][278us] 1 rows returned outcome=success batchOutcome=not_applicable comment=matched merchant read with relation purpose=matched benchmark read auditReason= tracePath=[0:OPERATION:Merchant=query -> 1:REQUEST:Merchant= -> 2:PROVIDER:postgresql= -> 3:SQL:select=] mutationLineage=[]
SQL: -- TeaQL PLAIN
SELECT id, name, code, external_id AS externalId, task_life_hours AS taskLifeHours, version, platform FROM merchant_data WHERE (version > 0) AND (external_id = 'matched-merchant') LIMIT 1000 OFFSET 0
[TeaQL SQL][query][288us] 1 rows returned outcome=success batchOutcome=not_applicable comment=matched merchant read with relation purpose=matched benchmark read auditReason= tracePath=[0:OPERATION:Merchant=query -> 1:REQUEST:Merchant= -> 2:PROVIDER:postgresql= -> 3:SQL:select=] mutationLineage=[]
SQL: -- TeaQL PLAIN
SELECT id, name, code, external_id AS externalId, task_life_hours AS taskLifeHours, version, platform FROM merchant_data WHERE (version > 0) AND (external_id = 'matched-merchant') LIMIT 1000 OFFSET 0
[TeaQL SQL][query][262us] 1 rows returned outcome=success batchOutcome=not_applicable comment=matched merchant read with relation purpose=matched benchmark read auditReason= tracePath=[0:OPERATION:Merchant=query -> 1:REQUEST:Merchant= -> 2:RELATION:platform=Merchant.platform -> 3:PROVIDER:postgresql= -> 4:SQL:select=] mutationLineage=[]
SQL: -- TeaQL PLAIN
SELECT id, create_time AS createTime, last_update_time AS lastUpdateTime, name, version FROM platform_data WHERE (version > 0) AND (id = 1) LIMIT 1 OFFSET 0
[TeaQL SQL][query][235us] 1 rows returned outcome=success batchOutcome=not_applicable comment=matched merchant read with relation purpose=matched benchmark read auditReason= tracePath=[0:OPERATION:Merchant=query -> 1:REQUEST:Merchant= -> 2:RELATION:platform=Merchant.platform -> 3:PROVIDER:postgresql= -> 4:SQL:select=] mutationLineage=[]
SQL: -- TeaQL PLAIN
SELECT id, create_time AS createTime, last_update_time AS lastUpdateTime, name, version FROM platform_data WHERE (version > 0) AND (id = 1) LIMIT 1 OFFSET 0
[TeaQL SQL][query][419us] 1 rows returned outcome=success batchOutcome=not_applicable comment=matched merchant read with relation purpose=matched benchmark read auditReason= tracePath=[0:OPERATION:Merchant=query -> 1:REQUEST:Merchant= -> 2:PROVIDER:postgresql= -> 3:SQL:select=] mutationLineage=[]
SQL: -- TeaQL PLAIN
SELECT id, name, code, external_id AS externalId, task_life_hours AS taskLifeHours, version, platform FROM merchant_data WHERE (version > 0) AND (external_id = 'matched-merchant') LIMIT 1000 OFFSET 0
[TeaQL SQL][query][292us] 1 rows returned outcome=success batchOutcome=not_applicable comment=matched merchant read with relation purpose=matched benchmark read auditReason= tracePath=[0:OPERATION:Merchant=query -> 1:REQUEST:Merchant= -> 2:RELATION:platform=Merchant.platform -> 3:PROVIDER:postgresql= -> 4:SQL:select=] mutationLineage=[]
SQL: -- TeaQL PLAIN
SELECT id, create_time AS createTime, last_update_time AS lastUpdateTime, name, version FROM platform_data WHERE (version > 0) AND (id = 1) LIMIT 1 OFFSET 0
[TeaQL SQL][query][383us] 1 rows returned outcome=success batchOutcome=not_applicable comment=matched merchant read with relation purpose=matched benchmark read auditReason= tracePath=[0:OPERATION:Merchant=query -> 1:REQUEST:Merchant= -> 2:PROVIDER:postgresql= -> 3:SQL:select=] mutationLineage=[]
SQL: -- TeaQL PLAIN
SELECT id, name, code, external_id AS externalId, task_life_hours AS taskLifeHours, version, platform FROM merchant_data WHERE (version > 0) AND (external_id = 'matched-merchant') LIMIT 1000 OFFSET 0
[TeaQL SQL][query][262us] 1 rows returned outcome=success batchOutcome=not_applicable comment=matched merchant read with relation purpose=matched benchmark read auditReason= tracePath=[0:OPERATION:Merchant=query -> 1:REQUEST:Merchant= -> 2:RELATION:platform=Merchant.platform -> 3:PROVIDER:postgresql= -> 4:SQL:select=] mutationLineage=[]
SQL: -- TeaQL PLAIN
SELECT id, create_time AS createTime, last_update_time AS lastUpdateTime, name, version FROM platform_data WHERE (version > 0) AND (id = 1) LIMIT 1 OFFSET 0
[TeaQL SQL][query][281us] 1 rows returned outcome=success batchOutcome=not_applicable comment=matched merchant read with relation purpose=matched benchmark read auditReason= tracePath=[0:OPERATION:Merchant=query -> 1:REQUEST:Merchant= -> 2:PROVIDER:postgresql= -> 3:SQL:select=] mutationLineage=[]
SQL: -- TeaQL PLAIN
SELECT id, name, code, external_id AS externalId, task_life_hours AS taskLifeHours, version, platform FROM merchant_data WHERE (version > 0) AND (external_id = 'matched-merchant') LIMIT 1000 OFFSET 0
[TeaQL SQL][query][201us] 1 rows returned outcome=success batchOutcome=not_applicable comment=matched merchant read with relation purpose=matched benchmark read auditReason= tracePath=[0:OPERATION:Merchant=query -> 1:REQUEST:Merchant= -> 2:RELATION:platform=Merchant.platform -> 3:PROVIDER:postgresql= -> 4:SQL:select=] mutationLineage=[]
SQL: -- TeaQL PLAIN
SELECT id, create_time AS createTime, last_update_time AS lastUpdateTime, name, version FROM platform_data WHERE (version > 0) AND (id = 1) LIMIT 1 OFFSET 0
[TeaQL SQL][query][263us] 1 rows returned outcome=success batchOutcome=not_applicable comment=matched merchant read with relation purpose=matched benchmark read auditReason= tracePath=[0:OPERATION:Merchant=query -> 1:REQUEST:Merchant= -> 2:PROVIDER:postgresql= -> 3:SQL:select=] mutationLineage=[]
SQL: -- TeaQL PLAIN
SELECT id, name, code, external_id AS externalId, task_life_hours AS taskLifeHours, version, platform FROM merchant_data WHERE (version > 0) AND (external_id = 'matched-merchant') LIMIT 1000 OFFSET 0
[TeaQL SQL][query][242us] 1 rows returned outcome=success batchOutcome=not_applicable comment=matched merchant read with relation purpose=matched benchmark read auditReason= tracePath=[0:OPERATION:Merchant=query -> 1:REQUEST:Merchant= -> 2:RELATION:platform=Merchant.platform -> 3:PROVIDER:postgresql= -> 4:SQL:select=] mutationLineage=[]
SQL: -- TeaQL PLAIN
SELECT id, create_time AS createTime, last_update_time AS lastUpdateTime, name, version FROM platform_data WHERE (version > 0) AND (id = 1) LIMIT 1 OFFSET 0
[TeaQL SQL][query][397us] 1 rows returned outcome=success batchOutcome=not_applicable comment=matched merchant read with relation purpose=matched benchmark read auditReason= tracePath=[0:OPERATION:Merchant=query -> 1:REQUEST:Merchant= -> 2:PROVIDER:postgresql= -> 3:SQL:select=] mutationLineage=[]
SQL: -- TeaQL PLAIN
SELECT id, name, code, external_id AS externalId, task_life_hours AS taskLifeHours, version, platform FROM merchant_data WHERE (version > 0) AND (external_id = 'matched-merchant') LIMIT 1000 OFFSET 0
[TeaQL SQL][query][397us] 1 rows returned outcome=success batchOutcome=not_applicable comment=matched merchant read with relation purpose=matched benchmark read auditReason= tracePath=[0:OPERATION:Merchant=query -> 1:REQUEST:Merchant= -> 2:PROVIDER:postgresql= -> 3:SQL:select=] mutationLineage=[]
SQL: -- TeaQL PLAIN
SELECT id, name, code, external_id AS externalId, task_life_hours AS taskLifeHours, version, platform FROM merchant_data WHERE (version > 0) AND (external_id = 'matched-merchant') LIMIT 1000 OFFSET 0
[TeaQL SQL][query][283us] 1 rows returned outcome=success batchOutcome=not_applicable comment=matched merchant read with relation purpose=matched benchmark read auditReason= tracePath=[0:OPERATION:Merchant=query -> 1:REQUEST:Merchant= -> 2:RELATION:platform=Merchant.platform -> 3:PROVIDER:postgresql= -> 4:SQL:select=] mutationLineage=[]
SQL: -- TeaQL PLAIN
SELECT id, create_time AS createTime, last_update_time AS lastUpdateTime, name, version FROM platform_data WHERE (version > 0) AND (id = 1) LIMIT 1 OFFSET 0
[TeaQL SQL][query][255us] 1 rows returned outcome=success batchOutcome=not_applicable comment=matched merchant read with relation purpose=matched benchmark read auditReason= tracePath=[0:OPERATION:Merchant=query -> 1:REQUEST:Merchant= -> 2:RELATION:platform=Merchant.platform -> 3:PROVIDER:postgresql= -> 4:SQL:select=] mutationLineage=[]
SQL: -- TeaQL PLAIN
SELECT id, create_time AS createTime, last_update_time AS lastUpdateTime, name, version FROM platform_data WHERE (version > 0) AND (id = 1) LIMIT 1 OFFSET 0
[TeaQL SQL][query][427us] 1 rows returned outcome=success batchOutcome=not_applicable comment=matched merchant read with relation purpose=matched benchmark read auditReason= tracePath=[0:OPERATION:Merchant=query -> 1:REQUEST:Merchant= -> 2:PROVIDER:postgresql= -> 3:SQL:select=] mutationLineage=[]
SQL: -- TeaQL PLAIN
SELECT id, name, code, external_id AS externalId, task_life_hours AS taskLifeHours, version, platform FROM merchant_data WHERE (version > 0) AND (external_id = 'matched-merchant') LIMIT 1000 OFFSET 0
[TeaQL SQL][query][338us] 1 rows returned outcome=success batchOutcome=not_applicable comment=matched merchant read with relation purpose=matched benchmark read auditReason= tracePath=[0:OPERATION:Merchant=query -> 1:REQUEST:Merchant= -> 2:RELATION:platform=Merchant.platform -> 3:PROVIDER:postgresql= -> 4:SQL:select=] mutationLineage=[]
SQL: -- TeaQL PLAIN
SELECT id, create_time AS createTime, last_update_time AS lastUpdateTime, name, version FROM platform_data WHERE (version > 0) AND (id = 1) LIMIT 1 OFFSET 0
[TeaQL SQL][query][351us] 1 rows returned outcome=success batchOutcome=not_applicable comment=matched merchant read with relation purpose=matched benchmark read auditReason= tracePath=[0:OPERATION:Merchant=query -> 1:REQUEST:Merchant= -> 2:PROVIDER:postgresql= -> 3:SQL:select=] mutationLineage=[]
SQL: -- TeaQL PLAIN
SELECT id, name, code, external_id AS externalId, task_life_hours AS taskLifeHours, version, platform FROM merchant_data WHERE (version > 0) AND (external_id = 'matched-merchant') LIMIT 1000 OFFSET 0
[TeaQL SQL][query][288us] 1 rows returned outcome=success batchOutcome=not_applicable comment=matched merchant read with relation purpose=matched benchmark read auditReason= tracePath=[0:OPERATION:Merchant=query -> 1:REQUEST:Merchant= -> 2:RELATION:platform=Merchant.platform -> 3:PROVIDER:postgresql= -> 4:SQL:select=] mutationLineage=[]
SQL: -- TeaQL PLAIN
SELECT id, create_time AS createTime, last_update_time AS lastUpdateTime, name, version FROM platform_data WHERE (version > 0) AND (id = 1) LIMIT 1 OFFSET 0
[TeaQL SQL][query][336us] 1 rows returned outcome=success batchOutcome=not_applicable comment=matched merchant read with relation purpose=matched benchmark read auditReason= tracePath=[0:OPERATION:Merchant=query -> 1:REQUEST:Merchant= -> 2:PROVIDER:postgresql= -> 3:SQL:select=] mutationLineage=[]
SQL: -- TeaQL PLAIN
SELECT id, name, code, external_id AS externalId, task_life_hours AS taskLifeHours, version, platform FROM merchant_data WHERE (version > 0) AND (external_id = 'matched-merchant') LIMIT 1000 OFFSET 0
[TeaQL SQL][query][268us] 1 rows returned outcome=success batchOutcome=not_applicable comment=matched merchant read with relation purpose=matched benchmark read auditReason= tracePath=[0:OPERATION:Merchant=query -> 1:REQUEST:Merchant= -> 2:RELATION:platform=Merchant.platform -> 3:PROVIDER:postgresql= -> 4:SQL:select=] mutationLineage=[]
SQL: -- TeaQL PLAIN
SELECT id, create_time AS createTime, last_update_time AS lastUpdateTime, name, version FROM platform_data WHERE (version > 0) AND (id = 1) LIMIT 1 OFFSET 0
[TeaQL SQL][query][273us] 1 rows returned outcome=success batchOutcome=not_applicable comment=matched merchant read with relation purpose=matched benchmark read auditReason= tracePath=[0:OPERATION:Merchant=query -> 1:REQUEST:Merchant= -> 2:PROVIDER:postgresql= -> 3:SQL:select=] mutationLineage=[]
SQL: -- TeaQL PLAIN
SELECT id, name, code, external_id AS externalId, task_life_hours AS taskLifeHours, version, platform FROM merchant_data WHERE (version > 0) AND (external_id = 'matched-merchant') LIMIT 1000 OFFSET 0
[TeaQL SQL][query][220us] 1 rows returned outcome=success batchOutcome=not_applicable comment=matched merchant read with relation purpose=matched benchmark read auditReason= tracePath=[0:OPERATION:Merchant=query -> 1:REQUEST:Merchant= -> 2:RELATION:platform=Merchant.platform -> 3:PROVIDER:postgresql= -> 4:SQL:select=] mutationLineage=[]
SQL: -- TeaQL PLAIN
SELECT id, create_time AS createTime, last_update_time AS lastUpdateTime, name, version FROM platform_data WHERE (version > 0) AND (id = 1) LIMIT 1 OFFSET 0
[TeaQL SQL][query][434us] 1 rows returned outcome=success batchOutcome=not_applicable comment=matched merchant read with relation purpose=matched benchmark read auditReason= tracePath=[0:OPERATION:Merchant=query -> 1:REQUEST:Merchant= -> 2:PROVIDER:postgresql= -> 3:SQL:select=] mutationLineage=[]
SQL: -- TeaQL PLAIN
SELECT id, name, code, external_id AS externalId, task_life_hours AS taskLifeHours, version, platform FROM merchant_data WHERE (version > 0) AND (external_id = 'matched-merchant') LIMIT 1000 OFFSET 0
[TeaQL SQL][query][456us] 1 rows returned outcome=success batchOutcome=not_applicable comment=matched merchant read with relation purpose=matched benchmark read auditReason= tracePath=[0:OPERATION:Merchant=query -> 1:REQUEST:Merchant= -> 2:RELATION:platform=Merchant.platform -> 3:PROVIDER:postgresql= -> 4:SQL:select=] mutationLineage=[]
SQL: -- TeaQL PLAIN
SELECT id, create_time AS createTime, last_update_time AS lastUpdateTime, name, version FROM platform_data WHERE (version > 0) AND (id = 1) LIMIT 1 OFFSET 0
[TeaQL SQL][query][305us] 1 rows returned outcome=success batchOutcome=not_applicable comment=matched merchant read with relation purpose=matched benchmark read auditReason= tracePath=[0:OPERATION:Merchant=query -> 1:REQUEST:Merchant= -> 2:PROVIDER:postgresql= -> 3:SQL:select=] mutationLineage=[]
SQL: -- TeaQL PLAIN
SELECT id, name, code, external_id AS externalId, task_life_hours AS taskLifeHours, version, platform FROM merchant_data WHERE (version > 0) AND (external_id = 'matched-merchant') LIMIT 1000 OFFSET 0
[TeaQL SQL][query][272us] 1 rows returned outcome=success batchOutcome=not_applicable comment=matched merchant read with relation purpose=matched benchmark read auditReason= tracePath=[0:OPERATION:Merchant=query -> 1:REQUEST:Merchant= -> 2:PROVIDER:postgresql= -> 3:SQL:select=] mutationLineage=[]
SQL: -- TeaQL PLAIN
SELECT id, name, code, external_id AS externalId, task_life_hours AS taskLifeHours, version, platform FROM merchant_data WHERE (version > 0) AND (external_id = 'matched-merchant') LIMIT 1000 OFFSET 0
[TeaQL SQL][query][335us] 1 rows returned outcome=success batchOutcome=not_applicable comment=matched merchant read with relation purpose=matched benchmark read auditReason= tracePath=[0:OPERATION:Merchant=query -> 1:REQUEST:Merchant= -> 2:RELATION:platform=Merchant.platform -> 3:PROVIDER:postgresql= -> 4:SQL:select=] mutationLineage=[]
SQL: -- TeaQL PLAIN
SELECT id, create_time AS createTime, last_update_time AS lastUpdateTime, name, version FROM platform_data WHERE (version > 0) AND (id = 1) LIMIT 1 OFFSET 0
[TeaQL SQL][query][360us] 1 rows returned outcome=success batchOutcome=not_applicable comment=matched merchant read with relation purpose=matched benchmark read auditReason= tracePath=[0:OPERATION:Merchant=query -> 1:REQUEST:Merchant= -> 2:RELATION:platform=Merchant.platform -> 3:PROVIDER:postgresql= -> 4:SQL:select=] mutationLineage=[]
SQL: -- TeaQL PLAIN
SELECT id, create_time AS createTime, last_update_time AS lastUpdateTime, name, version FROM platform_data WHERE (version > 0) AND (id = 1) LIMIT 1 OFFSET 0
[TeaQL SQL][query][381us] 1 rows returned outcome=success batchOutcome=not_applicable comment=matched merchant read with relation purpose=matched benchmark read auditReason= tracePath=[0:OPERATION:Merchant=query -> 1:REQUEST:Merchant= -> 2:PROVIDER:postgresql= -> 3:SQL:select=] mutationLineage=[]
SQL: -- TeaQL PLAIN
SELECT id, name, code, external_id AS externalId, task_life_hours AS taskLifeHours, version, platform FROM merchant_data WHERE (version > 0) AND (external_id = 'matched-merchant') LIMIT 1000 OFFSET 0
[TeaQL SQL][query][309us] 1 rows returned outcome=success batchOutcome=not_applicable comment=matched merchant read with relation purpose=matched benchmark read auditReason= tracePath=[0:OPERATION:Merchant=query -> 1:REQUEST:Merchant= -> 2:RELATION:platform=Merchant.platform -> 3:PROVIDER:postgresql= -> 4:SQL:select=] mutationLineage=[]
SQL: -- TeaQL PLAIN
SELECT id, create_time AS createTime, last_update_time AS lastUpdateTime, name, version FROM platform_data WHERE (version > 0) AND (id = 1) LIMIT 1 OFFSET 0
[TeaQL SQL][query][269us] 1 rows returned outcome=success batchOutcome=not_applicable comment=matched merchant read with relation purpose=matched benchmark read auditReason= tracePath=[0:OPERATION:Merchant=query -> 1:REQUEST:Merchant= -> 2:PROVIDER:postgresql= -> 3:SQL:select=] mutationLineage=[]
SQL: -- TeaQL PLAIN
SELECT id, name, code, external_id AS externalId, task_life_hours AS taskLifeHours, version, platform FROM merchant_data WHERE (version > 0) AND (external_id = 'matched-merchant') LIMIT 1000 OFFSET 0
[TeaQL SQL][query][231us] 1 rows returned outcome=success batchOutcome=not_applicable comment=matched merchant read with relation purpose=matched benchmark read auditReason= tracePath=[0:OPERATION:Merchant=query -> 1:REQUEST:Merchant= -> 2:RELATION:platform=Merchant.platform -> 3:PROVIDER:postgresql= -> 4:SQL:select=] mutationLineage=[]
SQL: -- TeaQL PLAIN
SELECT id, create_time AS createTime, last_update_time AS lastUpdateTime, name, version FROM platform_data WHERE (version > 0) AND (id = 1) LIMIT 1 OFFSET 0
[TeaQL SQL][query][310us] 1 rows returned outcome=success batchOutcome=not_applicable comment=matched merchant read with relation purpose=matched benchmark read auditReason= tracePath=[0:OPERATION:Merchant=query -> 1:REQUEST:Merchant= -> 2:PROVIDER:postgresql= -> 3:SQL:select=] mutationLineage=[]
SQL: -- TeaQL PLAIN
SELECT id, name, code, external_id AS externalId, task_life_hours AS taskLifeHours, version, platform FROM merchant_data WHERE (version > 0) AND (external_id = 'matched-merchant') LIMIT 1000 OFFSET 0
[TeaQL SQL][query][269us] 1 rows returned outcome=success batchOutcome=not_applicable comment=matched merchant read with relation purpose=matched benchmark read auditReason= tracePath=[0:OPERATION:Merchant=query -> 1:REQUEST:Merchant= -> 2:RELATION:platform=Merchant.platform -> 3:PROVIDER:postgresql= -> 4:SQL:select=] mutationLineage=[]
SQL: -- TeaQL PLAIN
SELECT id, create_time AS createTime, last_update_time AS lastUpdateTime, name, version FROM platform_data WHERE (version > 0) AND (id = 1) LIMIT 1 OFFSET 0
[TeaQL SQL][query][346us] 1 rows returned outcome=success batchOutcome=not_applicable comment=matched merchant read with relation purpose=matched benchmark read auditReason= tracePath=[0:OPERATION:Merchant=query -> 1:REQUEST:Merchant= -> 2:PROVIDER:postgresql= -> 3:SQL:select=] mutationLineage=[]
SQL: -- TeaQL PLAIN
SELECT id, name, code, external_id AS externalId, task_life_hours AS taskLifeHours, version, platform FROM merchant_data WHERE (version > 0) AND (external_id = 'matched-merchant') LIMIT 1000 OFFSET 0
[TeaQL SQL][query][345us] 1 rows returned outcome=success batchOutcome=not_applicable comment=matched merchant read with relation purpose=matched benchmark read auditReason= tracePath=[0:OPERATION:Merchant=query -> 1:REQUEST:Merchant= -> 2:PROVIDER:postgresql= -> 3:SQL:select=] mutationLineage=[]
SQL: -- TeaQL PLAIN
SELECT id, name, code, external_id AS externalId, task_life_hours AS taskLifeHours, version, platform FROM merchant_data WHERE (version > 0) AND (external_id = 'matched-merchant') LIMIT 1000 OFFSET 0
[TeaQL SQL][query][291us] 1 rows returned outcome=success batchOutcome=not_applicable comment=matched merchant read with relation purpose=matched benchmark read auditReason= tracePath=[0:OPERATION:Merchant=query -> 1:REQUEST:Merchant= -> 2:RELATION:platform=Merchant.platform -> 3:PROVIDER:postgresql= -> 4:SQL:select=] mutationLineage=[]
SQL: -- TeaQL PLAIN
SELECT id, create_time AS createTime, last_update_time AS lastUpdateTime, name, version FROM platform_data WHERE (version > 0) AND (id = 1) LIMIT 1 OFFSET 0
[TeaQL SQL][query][289us] 1 rows returned outcome=success batchOutcome=not_applicable comment=matched merchant read with relation purpose=matched benchmark read auditReason= tracePath=[0:OPERATION:Merchant=query -> 1:REQUEST:Merchant= -> 2:RELATION:platform=Merchant.platform -> 3:PROVIDER:postgresql= -> 4:SQL:select=] mutationLineage=[]
SQL: -- TeaQL PLAIN
SELECT id, create_time AS createTime, last_update_time AS lastUpdateTime, name, version FROM platform_data WHERE (version > 0) AND (id = 1) LIMIT 1 OFFSET 0
[TeaQL SQL][query][247us] 1 rows returned outcome=success batchOutcome=not_applicable comment=matched merchant read with relation purpose=matched benchmark read auditReason= tracePath=[0:OPERATION:Merchant=query -> 1:REQUEST:Merchant= -> 2:PROVIDER:postgresql= -> 3:SQL:select=] mutationLineage=[]
SQL: -- TeaQL PLAIN
SELECT id, name, code, external_id AS externalId, task_life_hours AS taskLifeHours, version, platform FROM merchant_data WHERE (version > 0) AND (external_id = 'matched-merchant') LIMIT 1000 OFFSET 0
[TeaQL SQL][query][226us] 1 rows returned outcome=success batchOutcome=not_applicable comment=matched merchant read with relation purpose=matched benchmark read auditReason= tracePath=[0:OPERATION:Merchant=query -> 1:REQUEST:Merchant= -> 2:RELATION:platform=Merchant.platform -> 3:PROVIDER:postgresql= -> 4:SQL:select=] mutationLineage=[]
SQL: -- TeaQL PLAIN
SELECT id, create_time AS createTime, last_update_time AS lastUpdateTime, name, version FROM platform_data WHERE (version > 0) AND (id = 1) LIMIT 1 OFFSET 0
[TeaQL SQL][query][311us] 1 rows returned outcome=success batchOutcome=not_applicable comment=matched merchant read with relation purpose=matched benchmark read auditReason= tracePath=[0:OPERATION:Merchant=query -> 1:REQUEST:Merchant= -> 2:PROVIDER:postgresql= -> 3:SQL:select=] mutationLineage=[]
SQL: -- TeaQL PLAIN
SELECT id, name, code, external_id AS externalId, task_life_hours AS taskLifeHours, version, platform FROM merchant_data WHERE (version > 0) AND (external_id = 'matched-merchant') LIMIT 1000 OFFSET 0
[TeaQL SQL][query][297us] 1 rows returned outcome=success batchOutcome=not_applicable comment=matched merchant read with relation purpose=matched benchmark read auditReason= tracePath=[0:OPERATION:Merchant=query -> 1:REQUEST:Merchant= -> 2:RELATION:platform=Merchant.platform -> 3:PROVIDER:postgresql= -> 4:SQL:select=] mutationLineage=[]
SQL: -- TeaQL PLAIN
SELECT id, create_time AS createTime, last_update_time AS lastUpdateTime, name, version FROM platform_data WHERE (version > 0) AND (id = 1) LIMIT 1 OFFSET 0
[TeaQL SQL][query][311us] 1 rows returned outcome=success batchOutcome=not_applicable comment=matched merchant read with relation purpose=matched benchmark read auditReason= tracePath=[0:OPERATION:Merchant=query -> 1:REQUEST:Merchant= -> 2:PROVIDER:postgresql= -> 3:SQL:select=] mutationLineage=[]
SQL: -- TeaQL PLAIN
SELECT id, name, code, external_id AS externalId, task_life_hours AS taskLifeHours, version, platform FROM merchant_data WHERE (version > 0) AND (external_id = 'matched-merchant') LIMIT 1000 OFFSET 0
[TeaQL SQL][query][276us] 1 rows returned outcome=success batchOutcome=not_applicable comment=matched merchant read with relation purpose=matched benchmark read auditReason= tracePath=[0:OPERATION:Merchant=query -> 1:REQUEST:Merchant= -> 2:RELATION:platform=Merchant.platform -> 3:PROVIDER:postgresql= -> 4:SQL:select=] mutationLineage=[]
SQL: -- TeaQL PLAIN
SELECT id, create_time AS createTime, last_update_time AS lastUpdateTime, name, version FROM platform_data WHERE (version > 0) AND (id = 1) LIMIT 1 OFFSET 0
[TeaQL SQL][query][269us] 1 rows returned outcome=success batchOutcome=not_applicable comment=matched merchant read with relation purpose=matched benchmark read auditReason= tracePath=[0:OPERATION:Merchant=query -> 1:REQUEST:Merchant= -> 2:PROVIDER:postgresql= -> 3:SQL:select=] mutationLineage=[]
SQL: -- TeaQL PLAIN
SELECT id, name, code, external_id AS externalId, task_life_hours AS taskLifeHours, version, platform FROM merchant_data WHERE (version > 0) AND (external_id = 'matched-merchant') LIMIT 1000 OFFSET 0
[TeaQL SQL][query][315us] 1 rows returned outcome=success batchOutcome=not_applicable comment=matched merchant read with relation purpose=matched benchmark read auditReason= tracePath=[0:OPERATION:Merchant=query -> 1:REQUEST:Merchant= -> 2:RELATION:platform=Merchant.platform -> 3:PROVIDER:postgresql= -> 4:SQL:select=] mutationLineage=[]
SQL: -- TeaQL PLAIN
SELECT id, create_time AS createTime, last_update_time AS lastUpdateTime, name, version FROM platform_data WHERE (version > 0) AND (id = 1) LIMIT 1 OFFSET 0
[TeaQL SQL][query][235us] 1 rows returned outcome=success batchOutcome=not_applicable comment=matched merchant read with relation purpose=matched benchmark read auditReason= tracePath=[0:OPERATION:Merchant=query -> 1:REQUEST:Merchant= -> 2:PROVIDER:postgresql= -> 3:SQL:select=] mutationLineage=[]
SQL: -- TeaQL PLAIN
SELECT id, name, code, external_id AS externalId, task_life_hours AS taskLifeHours, version, platform FROM merchant_data WHERE (version > 0) AND (external_id = 'matched-merchant') LIMIT 1000 OFFSET 0
[TeaQL SQL][query][253us] 1 rows returned outcome=success batchOutcome=not_applicable comment=matched merchant read with relation purpose=matched benchmark read auditReason= tracePath=[0:OPERATION:Merchant=query -> 1:REQUEST:Merchant= -> 2:RELATION:platform=Merchant.platform -> 3:PROVIDER:postgresql= -> 4:SQL:select=] mutationLineage=[]
SQL: -- TeaQL PLAIN
SELECT id, create_time AS createTime, last_update_time AS lastUpdateTime, name, version FROM platform_data WHERE (version > 0) AND (id = 1) LIMIT 1 OFFSET 0
[TeaQL SQL][query][305us] 1 rows returned outcome=success batchOutcome=not_applicable comment=matched merchant read with relation purpose=matched benchmark read auditReason= tracePath=[0:OPERATION:Merchant=query -> 1:REQUEST:Merchant= -> 2:PROVIDER:postgresql= -> 3:SQL:select=] mutationLineage=[]
SQL: -- TeaQL PLAIN
SELECT id, name, code, external_id AS externalId, task_life_hours AS taskLifeHours, version, platform FROM merchant_data WHERE (version > 0) AND (external_id = 'matched-merchant') LIMIT 1000 OFFSET 0
[TeaQL SQL][query][248us] 1 rows returned outcome=success batchOutcome=not_applicable comment=matched merchant read with relation purpose=matched benchmark read auditReason= tracePath=[0:OPERATION:Merchant=query -> 1:REQUEST:Merchant= -> 2:RELATION:platform=Merchant.platform -> 3:PROVIDER:postgresql= -> 4:SQL:select=] mutationLineage=[]
SQL: -- TeaQL PLAIN
SELECT id, create_time AS createTime, last_update_time AS lastUpdateTime, name, version FROM platform_data WHERE (version > 0) AND (id = 1) LIMIT 1 OFFSET 0
[TeaQL SQL][query][288us] 1 rows returned outcome=success batchOutcome=not_applicable comment=matched merchant read with relation purpose=matched benchmark read auditReason= tracePath=[0:OPERATION:Merchant=query -> 1:REQUEST:Merchant= -> 2:PROVIDER:postgresql= -> 3:SQL:select=] mutationLineage=[]
SQL: -- TeaQL PLAIN
SELECT id, name, code, external_id AS externalId, task_life_hours AS taskLifeHours, version, platform FROM merchant_data WHERE (version > 0) AND (external_id = 'matched-merchant') LIMIT 1000 OFFSET 0
[TeaQL SQL][query][243us] 1 rows returned outcome=success batchOutcome=not_applicable comment=matched merchant read with relation purpose=matched benchmark read auditReason= tracePath=[0:OPERATION:Merchant=query -> 1:REQUEST:Merchant= -> 2:RELATION:platform=Merchant.platform -> 3:PROVIDER:postgresql= -> 4:SQL:select=] mutationLineage=[]
SQL: -- TeaQL PLAIN
SELECT id, create_time AS createTime, last_update_time AS lastUpdateTime, name, version FROM platform_data WHERE (version > 0) AND (id = 1) LIMIT 1 OFFSET 0
[TeaQL SQL][query][237us] 1 rows returned outcome=success batchOutcome=not_applicable comment=matched merchant read with relation purpose=matched benchmark read auditReason= tracePath=[0:OPERATION:Merchant=query -> 1:REQUEST:Merchant= -> 2:PROVIDER:postgresql= -> 3:SQL:select=] mutationLineage=[]
SQL: -- TeaQL PLAIN
SELECT id, name, code, external_id AS externalId, task_life_hours AS taskLifeHours, version, platform FROM merchant_data WHERE (version > 0) AND (external_id = 'matched-merchant') LIMIT 1000 OFFSET 0
[TeaQL SQL][query][230us] 1 rows returned outcome=success batchOutcome=not_applicable comment=matched merchant read with relation purpose=matched benchmark read auditReason= tracePath=[0:OPERATION:Merchant=query -> 1:REQUEST:Merchant= -> 2:RELATION:platform=Merchant.platform -> 3:PROVIDER:postgresql= -> 4:SQL:select=] mutationLineage=[]
SQL: -- TeaQL PLAIN
SELECT id, create_time AS createTime, last_update_time AS lastUpdateTime, name, version FROM platform_data WHERE (version > 0) AND (id = 1) LIMIT 1 OFFSET 0
[TeaQL SQL][query][291us] 1 rows returned outcome=success batchOutcome=not_applicable comment=matched merchant read with relation purpose=matched benchmark read auditReason= tracePath=[0:OPERATION:Merchant=query -> 1:REQUEST:Merchant= -> 2:PROVIDER:postgresql= -> 3:SQL:select=] mutationLineage=[]
SQL: -- TeaQL PLAIN
SELECT id, name, code, external_id AS externalId, task_life_hours AS taskLifeHours, version, platform FROM merchant_data WHERE (version > 0) AND (external_id = 'matched-merchant') LIMIT 1000 OFFSET 0
[TeaQL SQL][query][241us] 1 rows returned outcome=success batchOutcome=not_applicable comment=matched merchant read with relation purpose=matched benchmark read auditReason= tracePath=[0:OPERATION:Merchant=query -> 1:REQUEST:Merchant= -> 2:RELATION:platform=Merchant.platform -> 3:PROVIDER:postgresql= -> 4:SQL:select=] mutationLineage=[]
SQL: -- TeaQL PLAIN
SELECT id, create_time AS createTime, last_update_time AS lastUpdateTime, name, version FROM platform_data WHERE (version > 0) AND (id = 1) LIMIT 1 OFFSET 0
[TeaQL SQL][query][288us] 1 rows returned outcome=success batchOutcome=not_applicable comment=matched merchant read with relation purpose=matched benchmark read auditReason= tracePath=[0:OPERATION:Merchant=query -> 1:REQUEST:Merchant= -> 2:PROVIDER:postgresql= -> 3:SQL:select=] mutationLineage=[]
SQL: -- TeaQL PLAIN
SELECT id, name, code, external_id AS externalId, task_life_hours AS taskLifeHours, version, platform FROM merchant_data WHERE (version > 0) AND (external_id = 'matched-merchant') LIMIT 1000 OFFSET 0
[TeaQL SQL][query][242us] 1 rows returned outcome=success batchOutcome=not_applicable comment=matched merchant read with relation purpose=matched benchmark read auditReason= tracePath=[0:OPERATION:Merchant=query -> 1:REQUEST:Merchant= -> 2:RELATION:platform=Merchant.platform -> 3:PROVIDER:postgresql= -> 4:SQL:select=] mutationLineage=[]
SQL: -- TeaQL PLAIN
SELECT id, create_time AS createTime, last_update_time AS lastUpdateTime, name, version FROM platform_data WHERE (version > 0) AND (id = 1) LIMIT 1 OFFSET 0
[TeaQL SQL][query][274us] 1 rows returned outcome=success batchOutcome=not_applicable comment=matched merchant read with relation purpose=matched benchmark read auditReason= tracePath=[0:OPERATION:Merchant=query -> 1:REQUEST:Merchant= -> 2:PROVIDER:postgresql= -> 3:SQL:select=] mutationLineage=[]
SQL: -- TeaQL PLAIN
SELECT id, name, code, external_id AS externalId, task_life_hours AS taskLifeHours, version, platform FROM merchant_data WHERE (version > 0) AND (external_id = 'matched-merchant') LIMIT 1000 OFFSET 0
[TeaQL SQL][query][242us] 1 rows returned outcome=success batchOutcome=not_applicable comment=matched merchant read with relation purpose=matched benchmark read auditReason= tracePath=[0:OPERATION:Merchant=query -> 1:REQUEST:Merchant= -> 2:RELATION:platform=Merchant.platform -> 3:PROVIDER:postgresql= -> 4:SQL:select=] mutationLineage=[]
SQL: -- TeaQL PLAIN
SELECT id, create_time AS createTime, last_update_time AS lastUpdateTime, name, version FROM platform_data WHERE (version > 0) AND (id = 1) LIMIT 1 OFFSET 0
[TeaQL SQL][query][244us] 1 rows returned outcome=success batchOutcome=not_applicable comment=matched merchant read with relation purpose=matched benchmark read auditReason= tracePath=[0:OPERATION:Merchant=query -> 1:REQUEST:Merchant= -> 2:PROVIDER:postgresql= -> 3:SQL:select=] mutationLineage=[]
SQL: -- TeaQL PLAIN
SELECT id, name, code, external_id AS externalId, task_life_hours AS taskLifeHours, version, platform FROM merchant_data WHERE (version > 0) AND (external_id = 'matched-merchant') LIMIT 1000 OFFSET 0
[TeaQL SQL][query][204us] 1 rows returned outcome=success batchOutcome=not_applicable comment=matched merchant read with relation purpose=matched benchmark read auditReason= tracePath=[0:OPERATION:Merchant=query -> 1:REQUEST:Merchant= -> 2:RELATION:platform=Merchant.platform -> 3:PROVIDER:postgresql= -> 4:SQL:select=] mutationLineage=[]
SQL: -- TeaQL PLAIN
SELECT id, create_time AS createTime, last_update_time AS lastUpdateTime, name, version FROM platform_data WHERE (version > 0) AND (id = 1) LIMIT 1 OFFSET 0
[TeaQL SQL][query][266us] 1 rows returned outcome=success batchOutcome=not_applicable comment=matched merchant read with relation purpose=matched benchmark read auditReason= tracePath=[0:OPERATION:Merchant=query -> 1:REQUEST:Merchant= -> 2:PROVIDER:postgresql= -> 3:SQL:select=] mutationLineage=[]
SQL: -- TeaQL PLAIN
SELECT id, name, code, external_id AS externalId, task_life_hours AS taskLifeHours, version, platform FROM merchant_data WHERE (version > 0) AND (external_id = 'matched-merchant') LIMIT 1000 OFFSET 0
[TeaQL SQL][query][212us] 1 rows returned outcome=success batchOutcome=not_applicable comment=matched merchant read with relation purpose=matched benchmark read auditReason= tracePath=[0:OPERATION:Merchant=query -> 1:REQUEST:Merchant= -> 2:RELATION:platform=Merchant.platform -> 3:PROVIDER:postgresql= -> 4:SQL:select=] mutationLineage=[]
SQL: -- TeaQL PLAIN
SELECT id, create_time AS createTime, last_update_time AS lastUpdateTime, name, version FROM platform_data WHERE (version > 0) AND (id = 1) LIMIT 1 OFFSET 0
[TeaQL SQL][query][231us] 1 rows returned outcome=success batchOutcome=not_applicable comment=matched merchant read with relation purpose=matched benchmark read auditReason= tracePath=[0:OPERATION:Merchant=query -> 1:REQUEST:Merchant= -> 2:PROVIDER:postgresql= -> 3:SQL:select=] mutationLineage=[]
SQL: -- TeaQL PLAIN
SELECT id, name, code, external_id AS externalId, task_life_hours AS taskLifeHours, version, platform FROM merchant_data WHERE (version > 0) AND (external_id = 'matched-merchant') LIMIT 1000 OFFSET 0
[TeaQL SQL][query][204us] 1 rows returned outcome=success batchOutcome=not_applicable comment=matched merchant read with relation purpose=matched benchmark read auditReason= tracePath=[0:OPERATION:Merchant=query -> 1:REQUEST:Merchant= -> 2:RELATION:platform=Merchant.platform -> 3:PROVIDER:postgresql= -> 4:SQL:select=] mutationLineage=[]
SQL: -- TeaQL PLAIN
SELECT id, create_time AS createTime, last_update_time AS lastUpdateTime, name, version FROM platform_data WHERE (version > 0) AND (id = 1) LIMIT 1 OFFSET 0
[TeaQL SQL][query][277us] 1 rows returned outcome=success batchOutcome=not_applicable comment=matched merchant read with relation purpose=matched benchmark read auditReason= tracePath=[0:OPERATION:Merchant=query -> 1:REQUEST:Merchant= -> 2:PROVIDER:postgresql= -> 3:SQL:select=] mutationLineage=[]
SQL: -- TeaQL PLAIN
SELECT id, name, code, external_id AS externalId, task_life_hours AS taskLifeHours, version, platform FROM merchant_data WHERE (version > 0) AND (external_id = 'matched-merchant') LIMIT 1000 OFFSET 0
[TeaQL SQL][query][233us] 1 rows returned outcome=success batchOutcome=not_applicable comment=matched merchant read with relation purpose=matched benchmark read auditReason= tracePath=[0:OPERATION:Merchant=query -> 1:REQUEST:Merchant= -> 2:RELATION:platform=Merchant.platform -> 3:PROVIDER:postgresql= -> 4:SQL:select=] mutationLineage=[]
SQL: -- TeaQL PLAIN
SELECT id, create_time AS createTime, last_update_time AS lastUpdateTime, name, version FROM platform_data WHERE (version > 0) AND (id = 1) LIMIT 1 OFFSET 0
[TeaQL SQL][query][243us] 1 rows returned outcome=success batchOutcome=not_applicable comment=matched merchant read with relation purpose=matched benchmark read auditReason= tracePath=[0:OPERATION:Merchant=query -> 1:REQUEST:Merchant= -> 2:PROVIDER:postgresql= -> 3:SQL:select=] mutationLineage=[]
SQL: -- TeaQL PLAIN
SELECT id, name, code, external_id AS externalId, task_life_hours AS taskLifeHours, version, platform FROM merchant_data WHERE (version > 0) AND (external_id = 'matched-merchant') LIMIT 1000 OFFSET 0
[TeaQL SQL][query][226us] 1 rows returned outcome=success batchOutcome=not_applicable comment=matched merchant read with relation purpose=matched benchmark read auditReason= tracePath=[0:OPERATION:Merchant=query -> 1:REQUEST:Merchant= -> 2:RELATION:platform=Merchant.platform -> 3:PROVIDER:postgresql= -> 4:SQL:select=] mutationLineage=[]
SQL: -- TeaQL PLAIN
SELECT id, create_time AS createTime, last_update_time AS lastUpdateTime, name, version FROM platform_data WHERE (version > 0) AND (id = 1) LIMIT 1 OFFSET 0
[TeaQL SQL][query][261us] 1 rows returned outcome=success batchOutcome=not_applicable comment=matched merchant read with relation purpose=matched benchmark read auditReason= tracePath=[0:OPERATION:Merchant=query -> 1:REQUEST:Merchant= -> 2:PROVIDER:postgresql= -> 3:SQL:select=] mutationLineage=[]
SQL: -- TeaQL PLAIN
SELECT id, name, code, external_id AS externalId, task_life_hours AS taskLifeHours, version, platform FROM merchant_data WHERE (version > 0) AND (external_id = 'matched-merchant') LIMIT 1000 OFFSET 0
[TeaQL SQL][query][230us] 1 rows returned outcome=success batchOutcome=not_applicable comment=matched merchant read with relation purpose=matched benchmark read auditReason= tracePath=[0:OPERATION:Merchant=query -> 1:REQUEST:Merchant= -> 2:RELATION:platform=Merchant.platform -> 3:PROVIDER:postgresql= -> 4:SQL:select=] mutationLineage=[]
SQL: -- TeaQL PLAIN
SELECT id, create_time AS createTime, last_update_time AS lastUpdateTime, name, version FROM platform_data WHERE (version > 0) AND (id = 1) LIMIT 1 OFFSET 0
[TeaQL SQL][query][240us] 1 rows returned outcome=success batchOutcome=not_applicable comment=matched merchant read with relation purpose=matched benchmark read auditReason= tracePath=[0:OPERATION:Merchant=query -> 1:REQUEST:Merchant= -> 2:PROVIDER:postgresql= -> 3:SQL:select=] mutationLineage=[]
SQL: -- TeaQL PLAIN
SELECT id, name, code, external_id AS externalId, task_life_hours AS taskLifeHours, version, platform FROM merchant_data WHERE (version > 0) AND (external_id = 'matched-merchant') LIMIT 1000 OFFSET 0
[TeaQL SQL][query][185us] 1 rows returned outcome=success batchOutcome=not_applicable comment=matched merchant read with relation purpose=matched benchmark read auditReason= tracePath=[0:OPERATION:Merchant=query -> 1:REQUEST:Merchant= -> 2:RELATION:platform=Merchant.platform -> 3:PROVIDER:postgresql= -> 4:SQL:select=] mutationLineage=[]
SQL: -- TeaQL PLAIN
SELECT id, create_time AS createTime, last_update_time AS lastUpdateTime, name, version FROM platform_data WHERE (version > 0) AND (id = 1) LIMIT 1 OFFSET 0
[TeaQL SQL][query][256us] 1 rows returned outcome=success batchOutcome=not_applicable comment=matched merchant read with relation purpose=matched benchmark read auditReason= tracePath=[0:OPERATION:Merchant=query -> 1:REQUEST:Merchant= -> 2:PROVIDER:postgresql= -> 3:SQL:select=] mutationLineage=[]
SQL: -- TeaQL PLAIN
SELECT id, name, code, external_id AS externalId, task_life_hours AS taskLifeHours, version, platform FROM merchant_data WHERE (version > 0) AND (external_id = 'matched-merchant') LIMIT 1000 OFFSET 0
[TeaQL SQL][query][239us] 1 rows returned outcome=success batchOutcome=not_applicable comment=matched merchant read with relation purpose=matched benchmark read auditReason= tracePath=[0:OPERATION:Merchant=query -> 1:REQUEST:Merchant= -> 2:RELATION:platform=Merchant.platform -> 3:PROVIDER:postgresql= -> 4:SQL:select=] mutationLineage=[]
SQL: -- TeaQL PLAIN
SELECT id, create_time AS createTime, last_update_time AS lastUpdateTime, name, version FROM platform_data WHERE (version > 0) AND (id = 1) LIMIT 1 OFFSET 0
[TeaQL SQL][query][244us] 1 rows returned outcome=success batchOutcome=not_applicable comment=matched merchant read with relation purpose=matched benchmark read auditReason= tracePath=[0:OPERATION:Merchant=query -> 1:REQUEST:Merchant= -> 2:PROVIDER:postgresql= -> 3:SQL:select=] mutationLineage=[]
SQL: -- TeaQL PLAIN
SELECT id, name, code, external_id AS externalId, task_life_hours AS taskLifeHours, version, platform FROM merchant_data WHERE (version > 0) AND (external_id = 'matched-merchant') LIMIT 1000 OFFSET 0
[TeaQL SQL][query][199us] 1 rows returned outcome=success batchOutcome=not_applicable comment=matched merchant read with relation purpose=matched benchmark read auditReason= tracePath=[0:OPERATION:Merchant=query -> 1:REQUEST:Merchant= -> 2:RELATION:platform=Merchant.platform -> 3:PROVIDER:postgresql= -> 4:SQL:select=] mutationLineage=[]
SQL: -- TeaQL PLAIN
SELECT id, create_time AS createTime, last_update_time AS lastUpdateTime, name, version FROM platform_data WHERE (version > 0) AND (id = 1) LIMIT 1 OFFSET 0
[TeaQL SQL][query][261us] 1 rows returned outcome=success batchOutcome=not_applicable comment=matched merchant read with relation purpose=matched benchmark read auditReason= tracePath=[0:OPERATION:Merchant=query -> 1:REQUEST:Merchant= -> 2:PROVIDER:postgresql= -> 3:SQL:select=] mutationLineage=[]
SQL: -- TeaQL PLAIN
SELECT id, name, code, external_id AS externalId, task_life_hours AS taskLifeHours, version, platform FROM merchant_data WHERE (version > 0) AND (external_id = 'matched-merchant') LIMIT 1000 OFFSET 0
[TeaQL SQL][query][214us] 1 rows returned outcome=success batchOutcome=not_applicable comment=matched merchant read with relation purpose=matched benchmark read auditReason= tracePath=[0:OPERATION:Merchant=query -> 1:REQUEST:Merchant= -> 2:RELATION:platform=Merchant.platform -> 3:PROVIDER:postgresql= -> 4:SQL:select=] mutationLineage=[]
SQL: -- TeaQL PLAIN
SELECT id, create_time AS createTime, last_update_time AS lastUpdateTime, name, version FROM platform_data WHERE (version > 0) AND (id = 1) LIMIT 1 OFFSET 0
[TeaQL SQL][query][266us] 1 rows returned outcome=success batchOutcome=not_applicable comment=matched merchant read with relation purpose=matched benchmark read auditReason= tracePath=[0:OPERATION:Merchant=query -> 1:REQUEST:Merchant= -> 2:PROVIDER:postgresql= -> 3:SQL:select=] mutationLineage=[]
SQL: -- TeaQL PLAIN
SELECT id, name, code, external_id AS externalId, task_life_hours AS taskLifeHours, version, platform FROM merchant_data WHERE (version > 0) AND (external_id = 'matched-merchant') LIMIT 1000 OFFSET 0
[TeaQL SQL][query][231us] 1 rows returned outcome=success batchOutcome=not_applicable comment=matched merchant read with relation purpose=matched benchmark read auditReason= tracePath=[0:OPERATION:Merchant=query -> 1:REQUEST:Merchant= -> 2:RELATION:platform=Merchant.platform -> 3:PROVIDER:postgresql= -> 4:SQL:select=] mutationLineage=[]
SQL: -- TeaQL PLAIN
SELECT id, create_time AS createTime, last_update_time AS lastUpdateTime, name, version FROM platform_data WHERE (version > 0) AND (id = 1) LIMIT 1 OFFSET 0
[TeaQL SQL][query][255us] 1 rows returned outcome=success batchOutcome=not_applicable comment=matched merchant read with relation purpose=matched benchmark read auditReason= tracePath=[0:OPERATION:Merchant=query -> 1:REQUEST:Merchant= -> 2:PROVIDER:postgresql= -> 3:SQL:select=] mutationLineage=[]
SQL: -- TeaQL PLAIN
SELECT id, name, code, external_id AS externalId, task_life_hours AS taskLifeHours, version, platform FROM merchant_data WHERE (version > 0) AND (external_id = 'matched-merchant') LIMIT 1000 OFFSET 0
[TeaQL SQL][query][242us] 1 rows returned outcome=success batchOutcome=not_applicable comment=matched merchant read with relation purpose=matched benchmark read auditReason= tracePath=[0:OPERATION:Merchant=query -> 1:REQUEST:Merchant= -> 2:RELATION:platform=Merchant.platform -> 3:PROVIDER:postgresql= -> 4:SQL:select=] mutationLineage=[]
SQL: -- TeaQL PLAIN
SELECT id, create_time AS createTime, last_update_time AS lastUpdateTime, name, version FROM platform_data WHERE (version > 0) AND (id = 1) LIMIT 1 OFFSET 0
[TeaQL SQL][query][228us] 1 rows returned outcome=success batchOutcome=not_applicable comment=matched merchant read with relation purpose=matched benchmark read auditReason= tracePath=[0:OPERATION:Merchant=query -> 1:REQUEST:Merchant= -> 2:PROVIDER:postgresql= -> 3:SQL:select=] mutationLineage=[]
SQL: -- TeaQL PLAIN
SELECT id, name, code, external_id AS externalId, task_life_hours AS taskLifeHours, version, platform FROM merchant_data WHERE (version > 0) AND (external_id = 'matched-merchant') LIMIT 1000 OFFSET 0
[TeaQL SQL][query][263us] 1 rows returned outcome=success batchOutcome=not_applicable comment=matched merchant read with relation purpose=matched benchmark read auditReason= tracePath=[0:OPERATION:Merchant=query -> 1:REQUEST:Merchant= -> 2:RELATION:platform=Merchant.platform -> 3:PROVIDER:postgresql= -> 4:SQL:select=] mutationLineage=[]
SQL: -- TeaQL PLAIN
SELECT id, create_time AS createTime, last_update_time AS lastUpdateTime, name, version FROM platform_data WHERE (version > 0) AND (id = 1) LIMIT 1 OFFSET 0
[TeaQL SQL][query][253us] 1 rows returned outcome=success batchOutcome=not_applicable comment=matched merchant read with relation purpose=matched benchmark read auditReason= tracePath=[0:OPERATION:Merchant=query -> 1:REQUEST:Merchant= -> 2:PROVIDER:postgresql= -> 3:SQL:select=] mutationLineage=[]
SQL: -- TeaQL PLAIN
SELECT id, name, code, external_id AS externalId, task_life_hours AS taskLifeHours, version, platform FROM merchant_data WHERE (version > 0) AND (external_id = 'matched-merchant') LIMIT 1000 OFFSET 0
[TeaQL SQL][query][257us] 1 rows returned outcome=success batchOutcome=not_applicable comment=matched merchant read with relation purpose=matched benchmark read auditReason= tracePath=[0:OPERATION:Merchant=query -> 1:REQUEST:Merchant= -> 2:RELATION:platform=Merchant.platform -> 3:PROVIDER:postgresql= -> 4:SQL:select=] mutationLineage=[]
SQL: -- TeaQL PLAIN
SELECT id, create_time AS createTime, last_update_time AS lastUpdateTime, name, version FROM platform_data WHERE (version > 0) AND (id = 1) LIMIT 1 OFFSET 0
[TeaQL SQL][query][265us] 1 rows returned outcome=success batchOutcome=not_applicable comment=matched merchant read with relation purpose=matched benchmark read auditReason= tracePath=[0:OPERATION:Merchant=query -> 1:REQUEST:Merchant= -> 2:PROVIDER:postgresql= -> 3:SQL:select=] mutationLineage=[]
SQL: -- TeaQL PLAIN
SELECT id, name, code, external_id AS externalId, task_life_hours AS taskLifeHours, version, platform FROM merchant_data WHERE (version > 0) AND (external_id = 'matched-merchant') LIMIT 1000 OFFSET 0
[TeaQL SQL][query][225us] 1 rows returned outcome=success batchOutcome=not_applicable comment=matched merchant read with relation purpose=matched benchmark read auditReason= tracePath=[0:OPERATION:Merchant=query -> 1:REQUEST:Merchant= -> 2:RELATION:platform=Merchant.platform -> 3:PROVIDER:postgresql= -> 4:SQL:select=] mutationLineage=[]
SQL: -- TeaQL PLAIN
SELECT id, create_time AS createTime, last_update_time AS lastUpdateTime, name, version FROM platform_data WHERE (version > 0) AND (id = 1) LIMIT 1 OFFSET 0
[TeaQL SQL][query][254us] 1 rows returned outcome=success batchOutcome=not_applicable comment=matched merchant read with relation purpose=matched benchmark read auditReason= tracePath=[0:OPERATION:Merchant=query -> 1:REQUEST:Merchant= -> 2:PROVIDER:postgresql= -> 3:SQL:select=] mutationLineage=[]
SQL: -- TeaQL PLAIN
SELECT id, name, code, external_id AS externalId, task_life_hours AS taskLifeHours, version, platform FROM merchant_data WHERE (version > 0) AND (external_id = 'matched-merchant') LIMIT 1000 OFFSET 0
[TeaQL SQL][query][272us] 1 rows returned outcome=success batchOutcome=not_applicable comment=matched merchant read with relation purpose=matched benchmark read auditReason= tracePath=[0:OPERATION:Merchant=query -> 1:REQUEST:Merchant= -> 2:PROVIDER:postgresql= -> 3:SQL:select=] mutationLineage=[]
SQL: -- TeaQL PLAIN
SELECT id, name, code, external_id AS externalId, task_life_hours AS taskLifeHours, version, platform FROM merchant_data WHERE (version > 0) AND (external_id = 'matched-merchant') LIMIT 1000 OFFSET 0
[TeaQL SQL][query][204us] 1 rows returned outcome=success batchOutcome=not_applicable comment=matched merchant read with relation purpose=matched benchmark read auditReason= tracePath=[0:OPERATION:Merchant=query -> 1:REQUEST:Merchant= -> 2:RELATION:platform=Merchant.platform -> 3:PROVIDER:postgresql= -> 4:SQL:select=] mutationLineage=[]
SQL: -- TeaQL PLAIN
SELECT id, create_time AS createTime, last_update_time AS lastUpdateTime, name, version FROM platform_data WHERE (version > 0) AND (id = 1) LIMIT 1 OFFSET 0
[TeaQL SQL][query][222us] 1 rows returned outcome=success batchOutcome=not_applicable comment=matched merchant read with relation purpose=matched benchmark read auditReason= tracePath=[0:OPERATION:Merchant=query -> 1:REQUEST:Merchant= -> 2:RELATION:platform=Merchant.platform -> 3:PROVIDER:postgresql= -> 4:SQL:select=] mutationLineage=[]
SQL: -- TeaQL PLAIN
SELECT id, create_time AS createTime, last_update_time AS lastUpdateTime, name, version FROM platform_data WHERE (version > 0) AND (id = 1) LIMIT 1 OFFSET 0
[TeaQL SQL][query][294us] 1 rows returned outcome=success batchOutcome=not_applicable comment=matched merchant read with relation purpose=matched benchmark read auditReason= tracePath=[0:OPERATION:Merchant=query -> 1:REQUEST:Merchant= -> 2:PROVIDER:postgresql= -> 3:SQL:select=] mutationLineage=[]
SQL: -- TeaQL PLAIN
SELECT id, name, code, external_id AS externalId, task_life_hours AS taskLifeHours, version, platform FROM merchant_data WHERE (version > 0) AND (external_id = 'matched-merchant') LIMIT 1000 OFFSET 0
[TeaQL SQL][query][238us] 1 rows returned outcome=success batchOutcome=not_applicable comment=matched merchant read with relation purpose=matched benchmark read auditReason= tracePath=[0:OPERATION:Merchant=query -> 1:REQUEST:Merchant= -> 2:RELATION:platform=Merchant.platform -> 3:PROVIDER:postgresql= -> 4:SQL:select=] mutationLineage=[]
SQL: -- TeaQL PLAIN
SELECT id, create_time AS createTime, last_update_time AS lastUpdateTime, name, version FROM platform_data WHERE (version > 0) AND (id = 1) LIMIT 1 OFFSET 0
[TeaQL SQL][query][294us] 1 rows returned outcome=success batchOutcome=not_applicable comment=matched merchant read with relation purpose=matched benchmark read auditReason= tracePath=[0:OPERATION:Merchant=query -> 1:REQUEST:Merchant= -> 2:PROVIDER:postgresql= -> 3:SQL:select=] mutationLineage=[]
SQL: -- TeaQL PLAIN
SELECT id, name, code, external_id AS externalId, task_life_hours AS taskLifeHours, version, platform FROM merchant_data WHERE (version > 0) AND (external_id = 'matched-merchant') LIMIT 1000 OFFSET 0
[TeaQL SQL][query][266us] 1 rows returned outcome=success batchOutcome=not_applicable comment=matched merchant read with relation purpose=matched benchmark read auditReason= tracePath=[0:OPERATION:Merchant=query -> 1:REQUEST:Merchant= -> 2:RELATION:platform=Merchant.platform -> 3:PROVIDER:postgresql= -> 4:SQL:select=] mutationLineage=[]
SQL: -- TeaQL PLAIN
SELECT id, create_time AS createTime, last_update_time AS lastUpdateTime, name, version FROM platform_data WHERE (version > 0) AND (id = 1) LIMIT 1 OFFSET 0
[TeaQL SQL][query][260us] 1 rows returned outcome=success batchOutcome=not_applicable comment=matched merchant read with relation purpose=matched benchmark read auditReason= tracePath=[0:OPERATION:Merchant=query -> 1:REQUEST:Merchant= -> 2:PROVIDER:postgresql= -> 3:SQL:select=] mutationLineage=[]
SQL: -- TeaQL PLAIN
SELECT id, name, code, external_id AS externalId, task_life_hours AS taskLifeHours, version, platform FROM merchant_data WHERE (version > 0) AND (external_id = 'matched-merchant') LIMIT 1000 OFFSET 0
[TeaQL SQL][query][200us] 1 rows returned outcome=success batchOutcome=not_applicable comment=matched merchant read with relation purpose=matched benchmark read auditReason= tracePath=[0:OPERATION:Merchant=query -> 1:REQUEST:Merchant= -> 2:RELATION:platform=Merchant.platform -> 3:PROVIDER:postgresql= -> 4:SQL:select=] mutationLineage=[]
SQL: -- TeaQL PLAIN
SELECT id, create_time AS createTime, last_update_time AS lastUpdateTime, name, version FROM platform_data WHERE (version > 0) AND (id = 1) LIMIT 1 OFFSET 0
[TeaQL SQL][query][245us] 1 rows returned outcome=success batchOutcome=not_applicable comment=matched merchant read with relation purpose=matched benchmark read auditReason= tracePath=[0:OPERATION:Merchant=query -> 1:REQUEST:Merchant= -> 2:PROVIDER:postgresql= -> 3:SQL:select=] mutationLineage=[]
SQL: -- TeaQL PLAIN
SELECT id, name, code, external_id AS externalId, task_life_hours AS taskLifeHours, version, platform FROM merchant_data WHERE (version > 0) AND (external_id = 'matched-merchant') LIMIT 1000 OFFSET 0
[TeaQL SQL][query][201us] 1 rows returned outcome=success batchOutcome=not_applicable comment=matched merchant read with relation purpose=matched benchmark read auditReason= tracePath=[0:OPERATION:Merchant=query -> 1:REQUEST:Merchant= -> 2:RELATION:platform=Merchant.platform -> 3:PROVIDER:postgresql= -> 4:SQL:select=] mutationLineage=[]
SQL: -- TeaQL PLAIN
SELECT id, create_time AS createTime, last_update_time AS lastUpdateTime, name, version FROM platform_data WHERE (version > 0) AND (id = 1) LIMIT 1 OFFSET 0
[TeaQL SQL][query][410us] 1 rows returned outcome=success batchOutcome=not_applicable comment=matched merchant read with relation purpose=matched benchmark read auditReason= tracePath=[0:OPERATION:Merchant=query -> 1:REQUEST:Merchant= -> 2:PROVIDER:postgresql= -> 3:SQL:select=] mutationLineage=[]
SQL: -- TeaQL PLAIN
SELECT id, name, code, external_id AS externalId, task_life_hours AS taskLifeHours, version, platform FROM merchant_data WHERE (version > 0) AND (external_id = 'matched-merchant') LIMIT 1000 OFFSET 0
[TeaQL SQL][query][410us] 1 rows returned outcome=success batchOutcome=not_applicable comment=matched merchant read with relation purpose=matched benchmark read auditReason= tracePath=[0:OPERATION:Merchant=query -> 1:REQUEST:Merchant= -> 2:PROVIDER:postgresql= -> 3:SQL:select=] mutationLineage=[]
SQL: -- TeaQL PLAIN
SELECT id, name, code, external_id AS externalId, task_life_hours AS taskLifeHours, version, platform FROM merchant_data WHERE (version > 0) AND (external_id = 'matched-merchant') LIMIT 1000 OFFSET 0
[TeaQL SQL][query][412us] 1 rows returned outcome=success batchOutcome=not_applicable comment=matched merchant read with relation purpose=matched benchmark read auditReason= tracePath=[0:OPERATION:Merchant=query -> 1:REQUEST:Merchant= -> 2:PROVIDER:postgresql= -> 3:SQL:select=] mutationLineage=[]
SQL: -- TeaQL PLAIN
SELECT id, name, code, external_id AS externalId, task_life_hours AS taskLifeHours, version, platform FROM merchant_data WHERE (version > 0) AND (external_id = 'matched-merchant') LIMIT 1000 OFFSET 0
[TeaQL SQL][query][297us] 1 rows returned outcome=success batchOutcome=not_applicable comment=matched merchant read with relation purpose=matched benchmark read auditReason= tracePath=[0:OPERATION:Merchant=query -> 1:REQUEST:Merchant= -> 2:RELATION:platform=Merchant.platform -> 3:PROVIDER:postgresql= -> 4:SQL:select=] mutationLineage=[]
SQL: -- TeaQL PLAIN
SELECT id, create_time AS createTime, last_update_time AS lastUpdateTime, name, version FROM platform_data WHERE (version > 0) AND (id = 1) LIMIT 1 OFFSET 0
[TeaQL SQL][query][330us] 1 rows returned outcome=success batchOutcome=not_applicable comment=matched merchant read with relation purpose=matched benchmark read auditReason= tracePath=[0:OPERATION:Merchant=query -> 1:REQUEST:Merchant= -> 2:RELATION:platform=Merchant.platform -> 3:PROVIDER:postgresql= -> 4:SQL:select=] mutationLineage=[]
SQL: -- TeaQL PLAIN
SELECT id, create_time AS createTime, last_update_time AS lastUpdateTime, name, version FROM platform_data WHERE (version > 0) AND (id = 1) LIMIT 1 OFFSET 0
[TeaQL SQL][query][233us] 1 rows returned outcome=success batchOutcome=not_applicable comment=matched merchant read with relation purpose=matched benchmark read auditReason= tracePath=[0:OPERATION:Merchant=query -> 1:REQUEST:Merchant= -> 2:RELATION:platform=Merchant.platform -> 3:PROVIDER:postgresql= -> 4:SQL:select=] mutationLineage=[]
SQL: -- TeaQL PLAIN
SELECT id, create_time AS createTime, last_update_time AS lastUpdateTime, name, version FROM platform_data WHERE (version > 0) AND (id = 1) LIMIT 1 OFFSET 0
[TeaQL SQL][query][425us] 1 rows returned outcome=success batchOutcome=not_applicable comment=matched merchant read with relation purpose=matched benchmark read auditReason= tracePath=[0:OPERATION:Merchant=query -> 1:REQUEST:Merchant= -> 2:PROVIDER:postgresql= -> 3:SQL:select=] mutationLineage=[]
SQL: -- TeaQL PLAIN
SELECT id, name, code, external_id AS externalId, task_life_hours AS taskLifeHours, version, platform FROM merchant_data WHERE (version > 0) AND (external_id = 'matched-merchant') LIMIT 1000 OFFSET 0
[TeaQL SQL][query][275us] 1 rows returned outcome=success batchOutcome=not_applicable comment=matched merchant read with relation purpose=matched benchmark read auditReason= tracePath=[0:OPERATION:Merchant=query -> 1:REQUEST:Merchant= -> 2:RELATION:platform=Merchant.platform -> 3:PROVIDER:postgresql= -> 4:SQL:select=] mutationLineage=[]
SQL: -- TeaQL PLAIN
SELECT id, create_time AS createTime, last_update_time AS lastUpdateTime, name, version FROM platform_data WHERE (version > 0) AND (id = 1) LIMIT 1 OFFSET 0
[TeaQL SQL][query][351us] 1 rows returned outcome=success batchOutcome=not_applicable comment=matched merchant read with relation purpose=matched benchmark read auditReason= tracePath=[0:OPERATION:Merchant=query -> 1:REQUEST:Merchant= -> 2:PROVIDER:postgresql= -> 3:SQL:select=] mutationLineage=[]
SQL: -- TeaQL PLAIN
SELECT id, name, code, external_id AS externalId, task_life_hours AS taskLifeHours, version, platform FROM merchant_data WHERE (version > 0) AND (external_id = 'matched-merchant') LIMIT 1000 OFFSET 0
[TeaQL SQL][query][223us] 1 rows returned outcome=success batchOutcome=not_applicable comment=matched merchant read with relation purpose=matched benchmark read auditReason= tracePath=[0:OPERATION:Merchant=query -> 1:REQUEST:Merchant= -> 2:RELATION:platform=Merchant.platform -> 3:PROVIDER:postgresql= -> 4:SQL:select=] mutationLineage=[]
SQL: -- TeaQL PLAIN
SELECT id, create_time AS createTime, last_update_time AS lastUpdateTime, name, version FROM platform_data WHERE (version > 0) AND (id = 1) LIMIT 1 OFFSET 0
[TeaQL SQL][query][400us] 1 rows returned outcome=success batchOutcome=not_applicable comment=matched merchant read with relation purpose=matched benchmark read auditReason= tracePath=[0:OPERATION:Merchant=query -> 1:REQUEST:Merchant= -> 2:PROVIDER:postgresql= -> 3:SQL:select=] mutationLineage=[]
SQL: -- TeaQL PLAIN
SELECT id, name, code, external_id AS externalId, task_life_hours AS taskLifeHours, version, platform FROM merchant_data WHERE (version > 0) AND (external_id = 'matched-merchant') LIMIT 1000 OFFSET 0
[TeaQL SQL][query][273us] 1 rows returned outcome=success batchOutcome=not_applicable comment=matched merchant read with relation purpose=matched benchmark read auditReason= tracePath=[0:OPERATION:Merchant=query -> 1:REQUEST:Merchant= -> 2:RELATION:platform=Merchant.platform -> 3:PROVIDER:postgresql= -> 4:SQL:select=] mutationLineage=[]
SQL: -- TeaQL PLAIN
SELECT id, create_time AS createTime, last_update_time AS lastUpdateTime, name, version FROM platform_data WHERE (version > 0) AND (id = 1) LIMIT 1 OFFSET 0
[TeaQL SQL][query][410us] 1 rows returned outcome=success batchOutcome=not_applicable comment=matched merchant read with relation purpose=matched benchmark read auditReason= tracePath=[0:OPERATION:Merchant=query -> 1:REQUEST:Merchant= -> 2:PROVIDER:postgresql= -> 3:SQL:select=] mutationLineage=[]
SQL: -- TeaQL PLAIN
SELECT id, name, code, external_id AS externalId, task_life_hours AS taskLifeHours, version, platform FROM merchant_data WHERE (version > 0) AND (external_id = 'matched-merchant') LIMIT 1000 OFFSET 0
[TeaQL SQL][query][270us] 1 rows returned outcome=success batchOutcome=not_applicable comment=matched merchant read with relation purpose=matched benchmark read auditReason= tracePath=[0:OPERATION:Merchant=query -> 1:REQUEST:Merchant= -> 2:RELATION:platform=Merchant.platform -> 3:PROVIDER:postgresql= -> 4:SQL:select=] mutationLineage=[]
SQL: -- TeaQL PLAIN
SELECT id, create_time AS createTime, last_update_time AS lastUpdateTime, name, version FROM platform_data WHERE (version > 0) AND (id = 1) LIMIT 1 OFFSET 0
[TeaQL SQL][query][379us] 1 rows returned outcome=success batchOutcome=not_applicable comment=matched merchant read with relation purpose=matched benchmark read auditReason= tracePath=[0:OPERATION:Merchant=query -> 1:REQUEST:Merchant= -> 2:PROVIDER:postgresql= -> 3:SQL:select=] mutationLineage=[]
SQL: -- TeaQL PLAIN
SELECT id, name, code, external_id AS externalId, task_life_hours AS taskLifeHours, version, platform FROM merchant_data WHERE (version > 0) AND (external_id = 'matched-merchant') LIMIT 1000 OFFSET 0
[TeaQL SQL][query][296us] 1 rows returned outcome=success batchOutcome=not_applicable comment=matched merchant read with relation purpose=matched benchmark read auditReason= tracePath=[0:OPERATION:Merchant=query -> 1:REQUEST:Merchant= -> 2:PROVIDER:postgresql= -> 3:SQL:select=] mutationLineage=[]
SQL: -- TeaQL PLAIN
SELECT id, name, code, external_id AS externalId, task_life_hours AS taskLifeHours, version, platform FROM merchant_data WHERE (version > 0) AND (external_id = 'matched-merchant') LIMIT 1000 OFFSET 0
[TeaQL SQL][query][252us] 1 rows returned outcome=success batchOutcome=not_applicable comment=matched merchant read with relation purpose=matched benchmark read auditReason= tracePath=[0:OPERATION:Merchant=query -> 1:REQUEST:Merchant= -> 2:RELATION:platform=Merchant.platform -> 3:PROVIDER:postgresql= -> 4:SQL:select=] mutationLineage=[]
SQL: -- TeaQL PLAIN
SELECT id, create_time AS createTime, last_update_time AS lastUpdateTime, name, version FROM platform_data WHERE (version > 0) AND (id = 1) LIMIT 1 OFFSET 0
[TeaQL SQL][query][285us] 1 rows returned outcome=success batchOutcome=not_applicable comment=matched merchant read with relation purpose=matched benchmark read auditReason= tracePath=[0:OPERATION:Merchant=query -> 1:REQUEST:Merchant= -> 2:RELATION:platform=Merchant.platform -> 3:PROVIDER:postgresql= -> 4:SQL:select=] mutationLineage=[]
SQL: -- TeaQL PLAIN
SELECT id, create_time AS createTime, last_update_time AS lastUpdateTime, name, version FROM platform_data WHERE (version > 0) AND (id = 1) LIMIT 1 OFFSET 0
[TeaQL SQL][query][264us] 1 rows returned outcome=success batchOutcome=not_applicable comment=matched merchant read with relation purpose=matched benchmark read auditReason= tracePath=[0:OPERATION:Merchant=query -> 1:REQUEST:Merchant= -> 2:PROVIDER:postgresql= -> 3:SQL:select=] mutationLineage=[]
SQL: -- TeaQL PLAIN
SELECT id, name, code, external_id AS externalId, task_life_hours AS taskLifeHours, version, platform FROM merchant_data WHERE (version > 0) AND (external_id = 'matched-merchant') LIMIT 1000 OFFSET 0
[TeaQL SQL][query][177us] 1 rows returned outcome=success batchOutcome=not_applicable comment=matched merchant read with relation purpose=matched benchmark read auditReason= tracePath=[0:OPERATION:Merchant=query -> 1:REQUEST:Merchant= -> 2:RELATION:platform=Merchant.platform -> 3:PROVIDER:postgresql= -> 4:SQL:select=] mutationLineage=[]
SQL: -- TeaQL PLAIN
SELECT id, create_time AS createTime, last_update_time AS lastUpdateTime, name, version FROM platform_data WHERE (version > 0) AND (id = 1) LIMIT 1 OFFSET 0
[TeaQL SQL][query][296us] 1 rows returned outcome=success batchOutcome=not_applicable comment=matched merchant read with relation purpose=matched benchmark read auditReason= tracePath=[0:OPERATION:Merchant=query -> 1:REQUEST:Merchant= -> 2:PROVIDER:postgresql= -> 3:SQL:select=] mutationLineage=[]
SQL: -- TeaQL PLAIN
SELECT id, name, code, external_id AS externalId, task_life_hours AS taskLifeHours, version, platform FROM merchant_data WHERE (version > 0) AND (external_id = 'matched-merchant') LIMIT 1000 OFFSET 0
[TeaQL SQL][query][213us] 1 rows returned outcome=success batchOutcome=not_applicable comment=matched merchant read with relation purpose=matched benchmark read auditReason= tracePath=[0:OPERATION:Merchant=query -> 1:REQUEST:Merchant= -> 2:RELATION:platform=Merchant.platform -> 3:PROVIDER:postgresql= -> 4:SQL:select=] mutationLineage=[]
SQL: -- TeaQL PLAIN
SELECT id, create_time AS createTime, last_update_time AS lastUpdateTime, name, version FROM platform_data WHERE (version > 0) AND (id = 1) LIMIT 1 OFFSET 0
[TeaQL SQL][query][367us] 1 rows returned outcome=success batchOutcome=not_applicable comment=matched merchant read with relation purpose=matched benchmark read auditReason= tracePath=[0:OPERATION:Merchant=query -> 1:REQUEST:Merchant= -> 2:PROVIDER:postgresql= -> 3:SQL:select=] mutationLineage=[]
SQL: -- TeaQL PLAIN
SELECT id, name, code, external_id AS externalId, task_life_hours AS taskLifeHours, version, platform FROM merchant_data WHERE (version > 0) AND (external_id = 'matched-merchant') LIMIT 1000 OFFSET 0
[TeaQL SQL][query][370us] 1 rows returned outcome=success batchOutcome=not_applicable comment=matched merchant read with relation purpose=matched benchmark read auditReason= tracePath=[0:OPERATION:Merchant=query -> 1:REQUEST:Merchant= -> 2:PROVIDER:postgresql= -> 3:SQL:select=] mutationLineage=[]
SQL: -- TeaQL PLAIN
SELECT id, name, code, external_id AS externalId, task_life_hours AS taskLifeHours, version, platform FROM merchant_data WHERE (version > 0) AND (external_id = 'matched-merchant') LIMIT 1000 OFFSET 0
[TeaQL SQL][query][324us] 1 rows returned outcome=success batchOutcome=not_applicable comment=matched merchant read with relation purpose=matched benchmark read auditReason= tracePath=[0:OPERATION:Merchant=query -> 1:REQUEST:Merchant= -> 2:RELATION:platform=Merchant.platform -> 3:PROVIDER:postgresql= -> 4:SQL:select=] mutationLineage=[]
SQL: -- TeaQL PLAIN
SELECT id, create_time AS createTime, last_update_time AS lastUpdateTime, name, version FROM platform_data WHERE (version > 0) AND (id = 1) LIMIT 1 OFFSET 0
[TeaQL SQL][query][340us] 1 rows returned outcome=success batchOutcome=not_applicable comment=matched merchant read with relation purpose=matched benchmark read auditReason= tracePath=[0:OPERATION:Merchant=query -> 1:REQUEST:Merchant= -> 2:RELATION:platform=Merchant.platform -> 3:PROVIDER:postgresql= -> 4:SQL:select=] mutationLineage=[]
SQL: -- TeaQL PLAIN
SELECT id, create_time AS createTime, last_update_time AS lastUpdateTime, name, version FROM platform_data WHERE (version > 0) AND (id = 1) LIMIT 1 OFFSET 0
[TeaQL SQL][query][241us] 1 rows returned outcome=success batchOutcome=not_applicable comment=matched merchant read with relation purpose=matched benchmark read auditReason= tracePath=[0:OPERATION:Merchant=query -> 1:REQUEST:Merchant= -> 2:PROVIDER:postgresql= -> 3:SQL:select=] mutationLineage=[]
SQL: -- TeaQL PLAIN
SELECT id, name, code, external_id AS externalId, task_life_hours AS taskLifeHours, version, platform FROM merchant_data WHERE (version > 0) AND (external_id = 'matched-merchant') LIMIT 1000 OFFSET 0
[TeaQL SQL][query][298us] 1 rows returned outcome=success batchOutcome=not_applicable comment=matched merchant read with relation purpose=matched benchmark read auditReason= tracePath=[0:OPERATION:Merchant=query -> 1:REQUEST:Merchant= -> 2:RELATION:platform=Merchant.platform -> 3:PROVIDER:postgresql= -> 4:SQL:select=] mutationLineage=[]
SQL: -- TeaQL PLAIN
SELECT id, create_time AS createTime, last_update_time AS lastUpdateTime, name, version FROM platform_data WHERE (version > 0) AND (id = 1) LIMIT 1 OFFSET 0
[TeaQL SQL][query][321us] 1 rows returned outcome=success batchOutcome=not_applicable comment=matched merchant read with relation purpose=matched benchmark read auditReason= tracePath=[0:OPERATION:Merchant=query -> 1:REQUEST:Merchant= -> 2:PROVIDER:postgresql= -> 3:SQL:select=] mutationLineage=[]
SQL: -- TeaQL PLAIN
SELECT id, name, code, external_id AS externalId, task_life_hours AS taskLifeHours, version, platform FROM merchant_data WHERE (version > 0) AND (external_id = 'matched-merchant') LIMIT 1000 OFFSET 0
[TeaQL SQL][query][243us] 1 rows returned outcome=success batchOutcome=not_applicable comment=matched merchant read with relation purpose=matched benchmark read auditReason= tracePath=[0:OPERATION:Merchant=query -> 1:REQUEST:Merchant= -> 2:RELATION:platform=Merchant.platform -> 3:PROVIDER:postgresql= -> 4:SQL:select=] mutationLineage=[]
SQL: -- TeaQL PLAIN
SELECT id, create_time AS createTime, last_update_time AS lastUpdateTime, name, version FROM platform_data WHERE (version > 0) AND (id = 1) LIMIT 1 OFFSET 0
[TeaQL SQL][query][289us] 1 rows returned outcome=success batchOutcome=not_applicable comment=matched merchant read with relation purpose=matched benchmark read auditReason= tracePath=[0:OPERATION:Merchant=query -> 1:REQUEST:Merchant= -> 2:PROVIDER:postgresql= -> 3:SQL:select=] mutationLineage=[]
SQL: -- TeaQL PLAIN
SELECT id, name, code, external_id AS externalId, task_life_hours AS taskLifeHours, version, platform FROM merchant_data WHERE (version > 0) AND (external_id = 'matched-merchant') LIMIT 1000 OFFSET 0
[TeaQL SQL][query][216us] 1 rows returned outcome=success batchOutcome=not_applicable comment=matched merchant read with relation purpose=matched benchmark read auditReason= tracePath=[0:OPERATION:Merchant=query -> 1:REQUEST:Merchant= -> 2:RELATION:platform=Merchant.platform -> 3:PROVIDER:postgresql= -> 4:SQL:select=] mutationLineage=[]
SQL: -- TeaQL PLAIN
SELECT id, create_time AS createTime, last_update_time AS lastUpdateTime, name, version FROM platform_data WHERE (version > 0) AND (id = 1) LIMIT 1 OFFSET 0
[TeaQL SQL][query][291us] 1 rows returned outcome=success batchOutcome=not_applicable comment=matched merchant read with relation purpose=matched benchmark read auditReason= tracePath=[0:OPERATION:Merchant=query -> 1:REQUEST:Merchant= -> 2:PROVIDER:postgresql= -> 3:SQL:select=] mutationLineage=[]
SQL: -- TeaQL PLAIN
SELECT id, name, code, external_id AS externalId, task_life_hours AS taskLifeHours, version, platform FROM merchant_data WHERE (version > 0) AND (external_id = 'matched-merchant') LIMIT 1000 OFFSET 0
[TeaQL SQL][query][189us] 1 rows returned outcome=success batchOutcome=not_applicable comment=matched merchant read with relation purpose=matched benchmark read auditReason= tracePath=[0:OPERATION:Merchant=query -> 1:REQUEST:Merchant= -> 2:RELATION:platform=Merchant.platform -> 3:PROVIDER:postgresql= -> 4:SQL:select=] mutationLineage=[]
SQL: -- TeaQL PLAIN
SELECT id, create_time AS createTime, last_update_time AS lastUpdateTime, name, version FROM platform_data WHERE (version > 0) AND (id = 1) LIMIT 1 OFFSET 0
[TeaQL SQL][query][405us] 1 rows returned outcome=success batchOutcome=not_applicable comment=matched merchant read with relation purpose=matched benchmark read auditReason= tracePath=[0:OPERATION:Merchant=query -> 1:REQUEST:Merchant= -> 2:PROVIDER:postgresql= -> 3:SQL:select=] mutationLineage=[]
SQL: -- TeaQL PLAIN
SELECT id, name, code, external_id AS externalId, task_life_hours AS taskLifeHours, version, platform FROM merchant_data WHERE (version > 0) AND (external_id = 'matched-merchant') LIMIT 1000 OFFSET 0
[TeaQL SQL][query][294us] 1 rows returned outcome=success batchOutcome=not_applicable comment=matched merchant read with relation purpose=matched benchmark read auditReason= tracePath=[0:OPERATION:Merchant=query -> 1:REQUEST:Merchant= -> 2:RELATION:platform=Merchant.platform -> 3:PROVIDER:postgresql= -> 4:SQL:select=] mutationLineage=[]
SQL: -- TeaQL PLAIN
SELECT id, create_time AS createTime, last_update_time AS lastUpdateTime, name, version FROM platform_data WHERE (version > 0) AND (id = 1) LIMIT 1 OFFSET 0
[TeaQL SQL][query][426us] 1 rows returned outcome=success batchOutcome=not_applicable comment=matched merchant read with relation purpose=matched benchmark read auditReason= tracePath=[0:OPERATION:Merchant=query -> 1:REQUEST:Merchant= -> 2:PROVIDER:postgresql= -> 3:SQL:select=] mutationLineage=[]
SQL: -- TeaQL PLAIN
SELECT id, name, code, external_id AS externalId, task_life_hours AS taskLifeHours, version, platform FROM merchant_data WHERE (version > 0) AND (external_id = 'matched-merchant') LIMIT 1000 OFFSET 0
[TeaQL SQL][query][316us] 1 rows returned outcome=success batchOutcome=not_applicable comment=matched merchant read with relation purpose=matched benchmark read auditReason= tracePath=[0:OPERATION:Merchant=query -> 1:REQUEST:Merchant= -> 2:PROVIDER:postgresql= -> 3:SQL:select=] mutationLineage=[]
SQL: -- TeaQL PLAIN
SELECT id, name, code, external_id AS externalId, task_life_hours AS taskLifeHours, version, platform FROM merchant_data WHERE (version > 0) AND (external_id = 'matched-merchant') LIMIT 1000 OFFSET 0
[TeaQL SQL][query][316us] 1 rows returned outcome=success batchOutcome=not_applicable comment=matched merchant read with relation purpose=matched benchmark read auditReason= tracePath=[0:OPERATION:Merchant=query -> 1:REQUEST:Merchant= -> 2:RELATION:platform=Merchant.platform -> 3:PROVIDER:postgresql= -> 4:SQL:select=] mutationLineage=[]
SQL: -- TeaQL PLAIN
SELECT id, create_time AS createTime, last_update_time AS lastUpdateTime, name, version FROM platform_data WHERE (version > 0) AND (id = 1) LIMIT 1 OFFSET 0
[TeaQL SQL][query][317us] 1 rows returned outcome=success batchOutcome=not_applicable comment=matched merchant read with relation purpose=matched benchmark read auditReason= tracePath=[0:OPERATION:Merchant=query -> 1:REQUEST:Merchant= -> 2:RELATION:platform=Merchant.platform -> 3:PROVIDER:postgresql= -> 4:SQL:select=] mutationLineage=[]
SQL: -- TeaQL PLAIN
SELECT id, create_time AS createTime, last_update_time AS lastUpdateTime, name, version FROM platform_data WHERE (version > 0) AND (id = 1) LIMIT 1 OFFSET 0
[TeaQL SQL][query][244us] 1 rows returned outcome=success batchOutcome=not_applicable comment=matched merchant read with relation purpose=matched benchmark read auditReason= tracePath=[0:OPERATION:Merchant=query -> 1:REQUEST:Merchant= -> 2:PROVIDER:postgresql= -> 3:SQL:select=] mutationLineage=[]
SQL: -- TeaQL PLAIN
SELECT id, name, code, external_id AS externalId, task_life_hours AS taskLifeHours, version, platform FROM merchant_data WHERE (version > 0) AND (external_id = 'matched-merchant') LIMIT 1000 OFFSET 0
[TeaQL SQL][query][228us] 1 rows returned outcome=success batchOutcome=not_applicable comment=matched merchant read with relation purpose=matched benchmark read auditReason= tracePath=[0:OPERATION:Merchant=query -> 1:REQUEST:Merchant= -> 2:RELATION:platform=Merchant.platform -> 3:PROVIDER:postgresql= -> 4:SQL:select=] mutationLineage=[]
SQL: -- TeaQL PLAIN
SELECT id, create_time AS createTime, last_update_time AS lastUpdateTime, name, version FROM platform_data WHERE (version > 0) AND (id = 1) LIMIT 1 OFFSET 0
[TeaQL SQL][query][254us] 1 rows returned outcome=success batchOutcome=not_applicable comment=matched merchant read with relation purpose=matched benchmark read auditReason= tracePath=[0:OPERATION:Merchant=query -> 1:REQUEST:Merchant= -> 2:PROVIDER:postgresql= -> 3:SQL:select=] mutationLineage=[]
SQL: -- TeaQL PLAIN
SELECT id, name, code, external_id AS externalId, task_life_hours AS taskLifeHours, version, platform FROM merchant_data WHERE (version > 0) AND (external_id = 'matched-merchant') LIMIT 1000 OFFSET 0
[TeaQL SQL][query][235us] 1 rows returned outcome=success batchOutcome=not_applicable comment=matched merchant read with relation purpose=matched benchmark read auditReason= tracePath=[0:OPERATION:Merchant=query -> 1:REQUEST:Merchant= -> 2:RELATION:platform=Merchant.platform -> 3:PROVIDER:postgresql= -> 4:SQL:select=] mutationLineage=[]
SQL: -- TeaQL PLAIN
SELECT id, create_time AS createTime, last_update_time AS lastUpdateTime, name, version FROM platform_data WHERE (version > 0) AND (id = 1) LIMIT 1 OFFSET 0
[TeaQL SQL][query][279us] 1 rows returned outcome=success batchOutcome=not_applicable comment=matched merchant read with relation purpose=matched benchmark read auditReason= tracePath=[0:OPERATION:Merchant=query -> 1:REQUEST:Merchant= -> 2:PROVIDER:postgresql= -> 3:SQL:select=] mutationLineage=[]
SQL: -- TeaQL PLAIN
SELECT id, name, code, external_id AS externalId, task_life_hours AS taskLifeHours, version, platform FROM merchant_data WHERE (version > 0) AND (external_id = 'matched-merchant') LIMIT 1000 OFFSET 0
[TeaQL SQL][query][225us] 1 rows returned outcome=success batchOutcome=not_applicable comment=matched merchant read with relation purpose=matched benchmark read auditReason= tracePath=[0:OPERATION:Merchant=query -> 1:REQUEST:Merchant= -> 2:RELATION:platform=Merchant.platform -> 3:PROVIDER:postgresql= -> 4:SQL:select=] mutationLineage=[]
SQL: -- TeaQL PLAIN
SELECT id, create_time AS createTime, last_update_time AS lastUpdateTime, name, version FROM platform_data WHERE (version > 0) AND (id = 1) LIMIT 1 OFFSET 0
[TeaQL SQL][query][454us] 1 rows returned outcome=success batchOutcome=not_applicable comment=matched merchant read with relation purpose=matched benchmark read auditReason= tracePath=[0:OPERATION:Merchant=query -> 1:REQUEST:Merchant= -> 2:PROVIDER:postgresql= -> 3:SQL:select=] mutationLineage=[]
SQL: -- TeaQL PLAIN
SELECT id, name, code, external_id AS externalId, task_life_hours AS taskLifeHours, version, platform FROM merchant_data WHERE (version > 0) AND (external_id = 'matched-merchant') LIMIT 1000 OFFSET 0
[TeaQL SQL][query][345us] 1 rows returned outcome=success batchOutcome=not_applicable comment=matched merchant read with relation purpose=matched benchmark read auditReason= tracePath=[0:OPERATION:Merchant=query -> 1:REQUEST:Merchant= -> 2:PROVIDER:postgresql= -> 3:SQL:select=] mutationLineage=[]
SQL: -- TeaQL PLAIN
SELECT id, name, code, external_id AS externalId, task_life_hours AS taskLifeHours, version, platform FROM merchant_data WHERE (version > 0) AND (external_id = 'matched-merchant') LIMIT 1000 OFFSET 0
[TeaQL SQL][query][269us] 1 rows returned outcome=success batchOutcome=not_applicable comment=matched merchant read with relation purpose=matched benchmark read auditReason= tracePath=[0:OPERATION:Merchant=query -> 1:REQUEST:Merchant= -> 2:RELATION:platform=Merchant.platform -> 3:PROVIDER:postgresql= -> 4:SQL:select=] mutationLineage=[]
SQL: -- TeaQL PLAIN
SELECT id, create_time AS createTime, last_update_time AS lastUpdateTime, name, version FROM platform_data WHERE (version > 0) AND (id = 1) LIMIT 1 OFFSET 0
[TeaQL SQL][query][251us] 1 rows returned outcome=success batchOutcome=not_applicable comment=matched merchant read with relation purpose=matched benchmark read auditReason= tracePath=[0:OPERATION:Merchant=query -> 1:REQUEST:Merchant= -> 2:RELATION:platform=Merchant.platform -> 3:PROVIDER:postgresql= -> 4:SQL:select=] mutationLineage=[]
SQL: -- TeaQL PLAIN
SELECT id, create_time AS createTime, last_update_time AS lastUpdateTime, name, version FROM platform_data WHERE (version > 0) AND (id = 1) LIMIT 1 OFFSET 0
[TeaQL SQL][query][418us] 1 rows returned outcome=success batchOutcome=not_applicable comment=matched merchant read with relation purpose=matched benchmark read auditReason= tracePath=[0:OPERATION:Merchant=query -> 1:REQUEST:Merchant= -> 2:PROVIDER:postgresql= -> 3:SQL:select=] mutationLineage=[]
SQL: -- TeaQL PLAIN
SELECT id, name, code, external_id AS externalId, task_life_hours AS taskLifeHours, version, platform FROM merchant_data WHERE (version > 0) AND (external_id = 'matched-merchant') LIMIT 1000 OFFSET 0
[TeaQL SQL][query][301us] 1 rows returned outcome=success batchOutcome=not_applicable comment=matched merchant read with relation purpose=matched benchmark read auditReason= tracePath=[0:OPERATION:Merchant=query -> 1:REQUEST:Merchant= -> 2:RELATION:platform=Merchant.platform -> 3:PROVIDER:postgresql= -> 4:SQL:select=] mutationLineage=[]
SQL: -- TeaQL PLAIN
SELECT id, create_time AS createTime, last_update_time AS lastUpdateTime, name, version FROM platform_data WHERE (version > 0) AND (id = 1) LIMIT 1 OFFSET 0
[TeaQL SQL][query][294us] 1 rows returned outcome=success batchOutcome=not_applicable comment=matched merchant read with relation purpose=matched benchmark read auditReason= tracePath=[0:OPERATION:Merchant=query -> 1:REQUEST:Merchant= -> 2:PROVIDER:postgresql= -> 3:SQL:select=] mutationLineage=[]
SQL: -- TeaQL PLAIN
SELECT id, name, code, external_id AS externalId, task_life_hours AS taskLifeHours, version, platform FROM merchant_data WHERE (version > 0) AND (external_id = 'matched-merchant') LIMIT 1000 OFFSET 0
[TeaQL SQL][query][254us] 1 rows returned outcome=success batchOutcome=not_applicable comment=matched merchant read with relation purpose=matched benchmark read auditReason= tracePath=[0:OPERATION:Merchant=query -> 1:REQUEST:Merchant= -> 2:RELATION:platform=Merchant.platform -> 3:PROVIDER:postgresql= -> 4:SQL:select=] mutationLineage=[]
SQL: -- TeaQL PLAIN
SELECT id, create_time AS createTime, last_update_time AS lastUpdateTime, name, version FROM platform_data WHERE (version > 0) AND (id = 1) LIMIT 1 OFFSET 0
[TeaQL SQL][query][266us] 1 rows returned outcome=success batchOutcome=not_applicable comment=matched merchant read with relation purpose=matched benchmark read auditReason= tracePath=[0:OPERATION:Merchant=query -> 1:REQUEST:Merchant= -> 2:PROVIDER:postgresql= -> 3:SQL:select=] mutationLineage=[]
SQL: -- TeaQL PLAIN
SELECT id, name, code, external_id AS externalId, task_life_hours AS taskLifeHours, version, platform FROM merchant_data WHERE (version > 0) AND (external_id = 'matched-merchant') LIMIT 1000 OFFSET 0
[TeaQL SQL][query][276us] 1 rows returned outcome=success batchOutcome=not_applicable comment=matched merchant read with relation purpose=matched benchmark read auditReason= tracePath=[0:OPERATION:Merchant=query -> 1:REQUEST:Merchant= -> 2:PROVIDER:postgresql= -> 3:SQL:select=] mutationLineage=[]
SQL: -- TeaQL PLAIN
SELECT id, name, code, external_id AS externalId, task_life_hours AS taskLifeHours, version, platform FROM merchant_data WHERE (version > 0) AND (external_id = 'matched-merchant') LIMIT 1000 OFFSET 0
[TeaQL SQL][query][224us] 1 rows returned outcome=success batchOutcome=not_applicable comment=matched merchant read with relation purpose=matched benchmark read auditReason= tracePath=[0:OPERATION:Merchant=query -> 1:REQUEST:Merchant= -> 2:RELATION:platform=Merchant.platform -> 3:PROVIDER:postgresql= -> 4:SQL:select=] mutationLineage=[]
SQL: -- TeaQL PLAIN
SELECT id, create_time AS createTime, last_update_time AS lastUpdateTime, name, version FROM platform_data WHERE (version > 0) AND (id = 1) LIMIT 1 OFFSET 0
[TeaQL SQL][query][225us] 1 rows returned outcome=success batchOutcome=not_applicable comment=matched merchant read with relation purpose=matched benchmark read auditReason= tracePath=[0:OPERATION:Merchant=query -> 1:REQUEST:Merchant= -> 2:RELATION:platform=Merchant.platform -> 3:PROVIDER:postgresql= -> 4:SQL:select=] mutationLineage=[]
SQL: -- TeaQL PLAIN
SELECT id, create_time AS createTime, last_update_time AS lastUpdateTime, name, version FROM platform_data WHERE (version > 0) AND (id = 1) LIMIT 1 OFFSET 0
[TeaQL SQL][query][368us] 1 rows returned outcome=success batchOutcome=not_applicable comment=matched merchant read with relation purpose=matched benchmark read auditReason= tracePath=[0:OPERATION:Merchant=query -> 1:REQUEST:Merchant= -> 2:PROVIDER:postgresql= -> 3:SQL:select=] mutationLineage=[]
SQL: -- TeaQL PLAIN
SELECT id, name, code, external_id AS externalId, task_life_hours AS taskLifeHours, version, platform FROM merchant_data WHERE (version > 0) AND (external_id = 'matched-merchant') LIMIT 1000 OFFSET 0
[TeaQL SQL][query][357us] 1 rows returned outcome=success batchOutcome=not_applicable comment=matched merchant read with relation purpose=matched benchmark read auditReason= tracePath=[0:OPERATION:Merchant=query -> 1:REQUEST:Merchant= -> 2:RELATION:platform=Merchant.platform -> 3:PROVIDER:postgresql= -> 4:SQL:select=] mutationLineage=[]
SQL: -- TeaQL PLAIN
SELECT id, create_time AS createTime, last_update_time AS lastUpdateTime, name, version FROM platform_data WHERE (version > 0) AND (id = 1) LIMIT 1 OFFSET 0
[TeaQL SQL][query][292us] 1 rows returned outcome=success batchOutcome=not_applicable comment=matched merchant read with relation purpose=matched benchmark read auditReason= tracePath=[0:OPERATION:Merchant=query -> 1:REQUEST:Merchant= -> 2:PROVIDER:postgresql= -> 3:SQL:select=] mutationLineage=[]
SQL: -- TeaQL PLAIN
SELECT id, name, code, external_id AS externalId, task_life_hours AS taskLifeHours, version, platform FROM merchant_data WHERE (version > 0) AND (external_id = 'matched-merchant') LIMIT 1000 OFFSET 0
[TeaQL SQL][query][313us] 1 rows returned outcome=success batchOutcome=not_applicable comment=matched merchant read with relation purpose=matched benchmark read auditReason= tracePath=[0:OPERATION:Merchant=query -> 1:REQUEST:Merchant= -> 2:RELATION:platform=Merchant.platform -> 3:PROVIDER:postgresql= -> 4:SQL:select=] mutationLineage=[]
SQL: -- TeaQL PLAIN
SELECT id, create_time AS createTime, last_update_time AS lastUpdateTime, name, version FROM platform_data WHERE (version > 0) AND (id = 1) LIMIT 1 OFFSET 0
[TeaQL SQL][query][452us] 1 rows returned outcome=success batchOutcome=not_applicable comment=matched merchant read with relation purpose=matched benchmark read auditReason= tracePath=[0:OPERATION:Merchant=query -> 1:REQUEST:Merchant= -> 2:PROVIDER:postgresql= -> 3:SQL:select=] mutationLineage=[]
SQL: -- TeaQL PLAIN
SELECT id, name, code, external_id AS externalId, task_life_hours AS taskLifeHours, version, platform FROM merchant_data WHERE (version > 0) AND (external_id = 'matched-merchant') LIMIT 1000 OFFSET 0
[TeaQL SQL][query][452us] 1 rows returned outcome=success batchOutcome=not_applicable comment=matched merchant read with relation purpose=matched benchmark read auditReason= tracePath=[0:OPERATION:Merchant=query -> 1:REQUEST:Merchant= -> 2:PROVIDER:postgresql= -> 3:SQL:select=] mutationLineage=[]
SQL: -- TeaQL PLAIN
SELECT id, name, code, external_id AS externalId, task_life_hours AS taskLifeHours, version, platform FROM merchant_data WHERE (version > 0) AND (external_id = 'matched-merchant') LIMIT 1000 OFFSET 0
[TeaQL SQL][query][301us] 1 rows returned outcome=success batchOutcome=not_applicable comment=matched merchant read with relation purpose=matched benchmark read auditReason= tracePath=[0:OPERATION:Merchant=query -> 1:REQUEST:Merchant= -> 2:RELATION:platform=Merchant.platform -> 3:PROVIDER:postgresql= -> 4:SQL:select=] mutationLineage=[]
SQL: -- TeaQL PLAIN
SELECT id, create_time AS createTime, last_update_time AS lastUpdateTime, name, version FROM platform_data WHERE (version > 0) AND (id = 1) LIMIT 1 OFFSET 0
[TeaQL SQL][query][278us] 1 rows returned outcome=success batchOutcome=not_applicable comment=matched merchant read with relation purpose=matched benchmark read auditReason= tracePath=[0:OPERATION:Merchant=query -> 1:REQUEST:Merchant= -> 2:RELATION:platform=Merchant.platform -> 3:PROVIDER:postgresql= -> 4:SQL:select=] mutationLineage=[]
SQL: -- TeaQL PLAIN
SELECT id, create_time AS createTime, last_update_time AS lastUpdateTime, name, version FROM platform_data WHERE (version > 0) AND (id = 1) LIMIT 1 OFFSET 0
[TeaQL SQL][query][345us] 1 rows returned outcome=success batchOutcome=not_applicable comment=matched merchant read with relation purpose=matched benchmark read auditReason= tracePath=[0:OPERATION:Merchant=query -> 1:REQUEST:Merchant= -> 2:PROVIDER:postgresql= -> 3:SQL:select=] mutationLineage=[]
SQL: -- TeaQL PLAIN
SELECT id, name, code, external_id AS externalId, task_life_hours AS taskLifeHours, version, platform FROM merchant_data WHERE (version > 0) AND (external_id = 'matched-merchant') LIMIT 1000 OFFSET 0
[TeaQL SQL][query][345us] 1 rows returned outcome=success batchOutcome=not_applicable comment=matched merchant read with relation purpose=matched benchmark read auditReason= tracePath=[0:OPERATION:Merchant=query -> 1:REQUEST:Merchant= -> 2:PROVIDER:postgresql= -> 3:SQL:select=] mutationLineage=[]
SQL: -- TeaQL PLAIN
SELECT id, name, code, external_id AS externalId, task_life_hours AS taskLifeHours, version, platform FROM merchant_data WHERE (version > 0) AND (external_id = 'matched-merchant') LIMIT 1000 OFFSET 0
[TeaQL SQL][query][206us] 1 rows returned outcome=success batchOutcome=not_applicable comment=matched merchant read with relation purpose=matched benchmark read auditReason= tracePath=[0:OPERATION:Merchant=query -> 1:REQUEST:Merchant= -> 2:RELATION:platform=Merchant.platform -> 3:PROVIDER:postgresql= -> 4:SQL:select=] mutationLineage=[]
SQL: -- TeaQL PLAIN
SELECT id, create_time AS createTime, last_update_time AS lastUpdateTime, name, version FROM platform_data WHERE (version > 0) AND (id = 1) LIMIT 1 OFFSET 0
[TeaQL SQL][query][238us] 1 rows returned outcome=success batchOutcome=not_applicable comment=matched merchant read with relation purpose=matched benchmark read auditReason= tracePath=[0:OPERATION:Merchant=query -> 1:REQUEST:Merchant= -> 2:RELATION:platform=Merchant.platform -> 3:PROVIDER:postgresql= -> 4:SQL:select=] mutationLineage=[]
SQL: -- TeaQL PLAIN
SELECT id, create_time AS createTime, last_update_time AS lastUpdateTime, name, version FROM platform_data WHERE (version > 0) AND (id = 1) LIMIT 1 OFFSET 0
[TeaQL SQL][query][368us] 1 rows returned outcome=success batchOutcome=not_applicable comment=matched merchant read with relation purpose=matched benchmark read auditReason= tracePath=[0:OPERATION:Merchant=query -> 1:REQUEST:Merchant= -> 2:PROVIDER:postgresql= -> 3:SQL:select=] mutationLineage=[]
SQL: -- TeaQL PLAIN
SELECT id, name, code, external_id AS externalId, task_life_hours AS taskLifeHours, version, platform FROM merchant_data WHERE (version > 0) AND (external_id = 'matched-merchant') LIMIT 1000 OFFSET 0
[TeaQL SQL][query][414us] 1 rows returned outcome=success batchOutcome=not_applicable comment=matched merchant read with relation purpose=matched benchmark read auditReason= tracePath=[0:OPERATION:Merchant=query -> 1:REQUEST:Merchant= -> 2:PROVIDER:postgresql= -> 3:SQL:select=] mutationLineage=[]
SQL: -- TeaQL PLAIN
SELECT id, name, code, external_id AS externalId, task_life_hours AS taskLifeHours, version, platform FROM merchant_data WHERE (version > 0) AND (external_id = 'matched-merchant') LIMIT 1000 OFFSET 0
[TeaQL SQL][query][242us] 1 rows returned outcome=success batchOutcome=not_applicable comment=matched merchant read with relation purpose=matched benchmark read auditReason= tracePath=[0:OPERATION:Merchant=query -> 1:REQUEST:Merchant= -> 2:RELATION:platform=Merchant.platform -> 3:PROVIDER:postgresql= -> 4:SQL:select=] mutationLineage=[]
SQL: -- TeaQL PLAIN
SELECT id, create_time AS createTime, last_update_time AS lastUpdateTime, name, version FROM platform_data WHERE (version > 0) AND (id = 1) LIMIT 1 OFFSET 0
[TeaQL SQL][query][259us] 1 rows returned outcome=success batchOutcome=not_applicable comment=matched merchant read with relation purpose=matched benchmark read auditReason= tracePath=[0:OPERATION:Merchant=query -> 1:REQUEST:Merchant= -> 2:RELATION:platform=Merchant.platform -> 3:PROVIDER:postgresql= -> 4:SQL:select=] mutationLineage=[]
SQL: -- TeaQL PLAIN
SELECT id, create_time AS createTime, last_update_time AS lastUpdateTime, name, version FROM platform_data WHERE (version > 0) AND (id = 1) LIMIT 1 OFFSET 0
[TeaQL SQL][query][340us] 1 rows returned outcome=success batchOutcome=not_applicable comment=matched merchant read with relation purpose=matched benchmark read auditReason= tracePath=[0:OPERATION:Merchant=query -> 1:REQUEST:Merchant= -> 2:PROVIDER:postgresql= -> 3:SQL:select=] mutationLineage=[]
SQL: -- TeaQL PLAIN
SELECT id, name, code, external_id AS externalId, task_life_hours AS taskLifeHours, version, platform FROM merchant_data WHERE (version > 0) AND (external_id = 'matched-merchant') LIMIT 1000 OFFSET 0
[TeaQL SQL][query][340us] 1 rows returned outcome=success batchOutcome=not_applicable comment=matched merchant read with relation purpose=matched benchmark read auditReason= tracePath=[0:OPERATION:Merchant=query -> 1:REQUEST:Merchant= -> 2:PROVIDER:postgresql= -> 3:SQL:select=] mutationLineage=[]
SQL: -- TeaQL PLAIN
SELECT id, name, code, external_id AS externalId, task_life_hours AS taskLifeHours, version, platform FROM merchant_data WHERE (version > 0) AND (external_id = 'matched-merchant') LIMIT 1000 OFFSET 0
[TeaQL SQL][query][272us] 1 rows returned outcome=success batchOutcome=not_applicable comment=matched merchant read with relation purpose=matched benchmark read auditReason= tracePath=[0:OPERATION:Merchant=query -> 1:REQUEST:Merchant= -> 2:PROVIDER:postgresql= -> 3:SQL:select=] mutationLineage=[]
SQL: -- TeaQL PLAIN
SELECT id, name, code, external_id AS externalId, task_life_hours AS taskLifeHours, version, platform FROM merchant_data WHERE (version > 0) AND (external_id = 'matched-merchant') LIMIT 1000 OFFSET 0
[TeaQL SQL][query][226us] 1 rows returned outcome=success batchOutcome=not_applicable comment=matched merchant read with relation purpose=matched benchmark read auditReason= tracePath=[0:OPERATION:Merchant=query -> 1:REQUEST:Merchant= -> 2:PROVIDER:postgresql= -> 3:SQL:select=] mutationLineage=[]
SQL: -- TeaQL PLAIN
SELECT id, name, code, external_id AS externalId, task_life_hours AS taskLifeHours, version, platform FROM merchant_data WHERE (version > 0) AND (external_id = 'matched-merchant') LIMIT 1000 OFFSET 0
[TeaQL SQL][query][232us] 1 rows returned outcome=success batchOutcome=not_applicable comment=matched merchant read with relation purpose=matched benchmark read auditReason= tracePath=[0:OPERATION:Merchant=query -> 1:REQUEST:Merchant= -> 2:RELATION:platform=Merchant.platform -> 3:PROVIDER:postgresql= -> 4:SQL:select=] mutationLineage=[]
SQL: -- TeaQL PLAIN
SELECT id, create_time AS createTime, last_update_time AS lastUpdateTime, name, version FROM platform_data WHERE (version > 0) AND (id = 1) LIMIT 1 OFFSET 0
[TeaQL SQL][query][197us] 1 rows returned outcome=success batchOutcome=not_applicable comment=matched merchant read with relation purpose=matched benchmark read auditReason= tracePath=[0:OPERATION:Merchant=query -> 1:REQUEST:Merchant= -> 2:RELATION:platform=Merchant.platform -> 3:PROVIDER:postgresql= -> 4:SQL:select=] mutationLineage=[]
SQL: -- TeaQL PLAIN
SELECT id, create_time AS createTime, last_update_time AS lastUpdateTime, name, version FROM platform_data WHERE (version > 0) AND (id = 1) LIMIT 1 OFFSET 0
[TeaQL SQL][query][214us] 1 rows returned outcome=success batchOutcome=not_applicable comment=matched merchant read with relation purpose=matched benchmark read auditReason= tracePath=[0:OPERATION:Merchant=query -> 1:REQUEST:Merchant= -> 2:RELATION:platform=Merchant.platform -> 3:PROVIDER:postgresql= -> 4:SQL:select=] mutationLineage=[]
SQL: -- TeaQL PLAIN
SELECT id, create_time AS createTime, last_update_time AS lastUpdateTime, name, version FROM platform_data WHERE (version > 0) AND (id = 1) LIMIT 1 OFFSET 0
[TeaQL SQL][query][215us] 1 rows returned outcome=success batchOutcome=not_applicable comment=matched merchant read with relation purpose=matched benchmark read auditReason= tracePath=[0:OPERATION:Merchant=query -> 1:REQUEST:Merchant= -> 2:RELATION:platform=Merchant.platform -> 3:PROVIDER:postgresql= -> 4:SQL:select=] mutationLineage=[]
SQL: -- TeaQL PLAIN
SELECT id, create_time AS createTime, last_update_time AS lastUpdateTime, name, version FROM platform_data WHERE (version > 0) AND (id = 1) LIMIT 1 OFFSET 0
[TeaQL SQL][query][395us] 1 rows returned outcome=success batchOutcome=not_applicable comment=matched merchant read with relation purpose=matched benchmark read auditReason= tracePath=[0:OPERATION:Merchant=query -> 1:REQUEST:Merchant= -> 2:PROVIDER:postgresql= -> 3:SQL:select=] mutationLineage=[]
SQL: -- TeaQL PLAIN
SELECT id, name, code, external_id AS externalId, task_life_hours AS taskLifeHours, version, platform FROM merchant_data WHERE (version > 0) AND (external_id = 'matched-merchant') LIMIT 1000 OFFSET 0
[TeaQL SQL][query][304us] 1 rows returned outcome=success batchOutcome=not_applicable comment=matched merchant read with relation purpose=matched benchmark read auditReason= tracePath=[0:OPERATION:Merchant=query -> 1:REQUEST:Merchant= -> 2:PROVIDER:postgresql= -> 3:SQL:select=] mutationLineage=[]
SQL: -- TeaQL PLAIN
SELECT id, name, code, external_id AS externalId, task_life_hours AS taskLifeHours, version, platform FROM merchant_data WHERE (version > 0) AND (external_id = 'matched-merchant') LIMIT 1000 OFFSET 0
[TeaQL SQL][query][331us] 1 rows returned outcome=success batchOutcome=not_applicable comment=matched merchant read with relation purpose=matched benchmark read auditReason= tracePath=[0:OPERATION:Merchant=query -> 1:REQUEST:Merchant= -> 2:RELATION:platform=Merchant.platform -> 3:PROVIDER:postgresql= -> 4:SQL:select=] mutationLineage=[]
SQL: -- TeaQL PLAIN
SELECT id, create_time AS createTime, last_update_time AS lastUpdateTime, name, version FROM platform_data WHERE (version > 0) AND (id = 1) LIMIT 1 OFFSET 0
[TeaQL SQL][query][308us] 1 rows returned outcome=success batchOutcome=not_applicable comment=matched merchant read with relation purpose=matched benchmark read auditReason= tracePath=[0:OPERATION:Merchant=query -> 1:REQUEST:Merchant= -> 2:RELATION:platform=Merchant.platform -> 3:PROVIDER:postgresql= -> 4:SQL:select=] mutationLineage=[]
SQL: -- TeaQL PLAIN
SELECT id, create_time AS createTime, last_update_time AS lastUpdateTime, name, version FROM platform_data WHERE (version > 0) AND (id = 1) LIMIT 1 OFFSET 0
[TeaQL SQL][query][403us] 1 rows returned outcome=success batchOutcome=not_applicable comment=matched merchant read with relation purpose=matched benchmark read auditReason= tracePath=[0:OPERATION:Merchant=query -> 1:REQUEST:Merchant= -> 2:PROVIDER:postgresql= -> 3:SQL:select=] mutationLineage=[]
SQL: -- TeaQL PLAIN
SELECT id, name, code, external_id AS externalId, task_life_hours AS taskLifeHours, version, platform FROM merchant_data WHERE (version > 0) AND (external_id = 'matched-merchant') LIMIT 1000 OFFSET 0
[TeaQL SQL][query][375us] 1 rows returned outcome=success batchOutcome=not_applicable comment=matched merchant read with relation purpose=matched benchmark read auditReason= tracePath=[0:OPERATION:Merchant=query -> 1:REQUEST:Merchant= -> 2:PROVIDER:postgresql= -> 3:SQL:select=] mutationLineage=[]
SQL: -- TeaQL PLAIN
SELECT id, name, code, external_id AS externalId, task_life_hours AS taskLifeHours, version, platform FROM merchant_data WHERE (version > 0) AND (external_id = 'matched-merchant') LIMIT 1000 OFFSET 0
[TeaQL SQL][query][260us] 1 rows returned outcome=success batchOutcome=not_applicable comment=matched merchant read with relation purpose=matched benchmark read auditReason= tracePath=[0:OPERATION:Merchant=query -> 1:REQUEST:Merchant= -> 2:RELATION:platform=Merchant.platform -> 3:PROVIDER:postgresql= -> 4:SQL:select=] mutationLineage=[]
SQL: -- TeaQL PLAIN
SELECT id, create_time AS createTime, last_update_time AS lastUpdateTime, name, version FROM platform_data WHERE (version > 0) AND (id = 1) LIMIT 1 OFFSET 0
[TeaQL SQL][query][277us] 1 rows returned outcome=success batchOutcome=not_applicable comment=matched merchant read with relation purpose=matched benchmark read auditReason= tracePath=[0:OPERATION:Merchant=query -> 1:REQUEST:Merchant= -> 2:RELATION:platform=Merchant.platform -> 3:PROVIDER:postgresql= -> 4:SQL:select=] mutationLineage=[]
SQL: -- TeaQL PLAIN
SELECT id, create_time AS createTime, last_update_time AS lastUpdateTime, name, version FROM platform_data WHERE (version > 0) AND (id = 1) LIMIT 1 OFFSET 0
[TeaQL SQL][query][283us] 1 rows returned outcome=success batchOutcome=not_applicable comment=matched merchant read with relation purpose=matched benchmark read auditReason= tracePath=[0:OPERATION:Merchant=query -> 1:REQUEST:Merchant= -> 2:PROVIDER:postgresql= -> 3:SQL:select=] mutationLineage=[]
SQL: -- TeaQL PLAIN
SELECT id, name, code, external_id AS externalId, task_life_hours AS taskLifeHours, version, platform FROM merchant_data WHERE (version > 0) AND (external_id = 'matched-merchant') LIMIT 1000 OFFSET 0
[TeaQL SQL][query][227us] 1 rows returned outcome=success batchOutcome=not_applicable comment=matched merchant read with relation purpose=matched benchmark read auditReason= tracePath=[0:OPERATION:Merchant=query -> 1:REQUEST:Merchant= -> 2:RELATION:platform=Merchant.platform -> 3:PROVIDER:postgresql= -> 4:SQL:select=] mutationLineage=[]
SQL: -- TeaQL PLAIN
SELECT id, create_time AS createTime, last_update_time AS lastUpdateTime, name, version FROM platform_data WHERE (version > 0) AND (id = 1) LIMIT 1 OFFSET 0
[TeaQL SQL][query][306us] 1 rows returned outcome=success batchOutcome=not_applicable comment=matched merchant read with relation purpose=matched benchmark read auditReason= tracePath=[0:OPERATION:Merchant=query -> 1:REQUEST:Merchant= -> 2:PROVIDER:postgresql= -> 3:SQL:select=] mutationLineage=[]
SQL: -- TeaQL PLAIN
SELECT id, name, code, external_id AS externalId, task_life_hours AS taskLifeHours, version, platform FROM merchant_data WHERE (version > 0) AND (external_id = 'matched-merchant') LIMIT 1000 OFFSET 0
[TeaQL SQL][query][264us] 1 rows returned outcome=success batchOutcome=not_applicable comment=matched merchant read with relation purpose=matched benchmark read auditReason= tracePath=[0:OPERATION:Merchant=query -> 1:REQUEST:Merchant= -> 2:RELATION:platform=Merchant.platform -> 3:PROVIDER:postgresql= -> 4:SQL:select=] mutationLineage=[]
SQL: -- TeaQL PLAIN
SELECT id, create_time AS createTime, last_update_time AS lastUpdateTime, name, version FROM platform_data WHERE (version > 0) AND (id = 1) LIMIT 1 OFFSET 0
[TeaQL SQL][query][360us] 1 rows returned outcome=success batchOutcome=not_applicable comment=matched merchant read with relation purpose=matched benchmark read auditReason= tracePath=[0:OPERATION:Merchant=query -> 1:REQUEST:Merchant= -> 2:PROVIDER:postgresql= -> 3:SQL:select=] mutationLineage=[]
SQL: -- TeaQL PLAIN
SELECT id, name, code, external_id AS externalId, task_life_hours AS taskLifeHours, version, platform FROM merchant_data WHERE (version > 0) AND (external_id = 'matched-merchant') LIMIT 1000 OFFSET 0
[TeaQL SQL][query][308us] 1 rows returned outcome=success batchOutcome=not_applicable comment=matched merchant read with relation purpose=matched benchmark read auditReason= tracePath=[0:OPERATION:Merchant=query -> 1:REQUEST:Merchant= -> 2:RELATION:platform=Merchant.platform -> 3:PROVIDER:postgresql= -> 4:SQL:select=] mutationLineage=[]
SQL: -- TeaQL PLAIN
SELECT id, create_time AS createTime, last_update_time AS lastUpdateTime, name, version FROM platform_data WHERE (version > 0) AND (id = 1) LIMIT 1 OFFSET 0
[TeaQL SQL][query][414us] 1 rows returned outcome=success batchOutcome=not_applicable comment=matched merchant read with relation purpose=matched benchmark read auditReason= tracePath=[0:OPERATION:Merchant=query -> 1:REQUEST:Merchant= -> 2:PROVIDER:postgresql= -> 3:SQL:select=] mutationLineage=[]
SQL: -- TeaQL PLAIN
SELECT id, name, code, external_id AS externalId, task_life_hours AS taskLifeHours, version, platform FROM merchant_data WHERE (version > 0) AND (external_id = 'matched-merchant') LIMIT 1000 OFFSET 0
[TeaQL SQL][query][307us] 1 rows returned outcome=success batchOutcome=not_applicable comment=matched merchant read with relation purpose=matched benchmark read auditReason= tracePath=[0:OPERATION:Merchant=query -> 1:REQUEST:Merchant= -> 2:PROVIDER:postgresql= -> 3:SQL:select=] mutationLineage=[]
SQL: -- TeaQL PLAIN
SELECT id, name, code, external_id AS externalId, task_life_hours AS taskLifeHours, version, platform FROM merchant_data WHERE (version > 0) AND (external_id = 'matched-merchant') LIMIT 1000 OFFSET 0
[TeaQL SQL][query][293us] 1 rows returned outcome=success batchOutcome=not_applicable comment=matched merchant read with relation purpose=matched benchmark read auditReason= tracePath=[0:OPERATION:Merchant=query -> 1:REQUEST:Merchant= -> 2:RELATION:platform=Merchant.platform -> 3:PROVIDER:postgresql= -> 4:SQL:select=] mutationLineage=[]
SQL: -- TeaQL PLAIN
SELECT id, create_time AS createTime, last_update_time AS lastUpdateTime, name, version FROM platform_data WHERE (version > 0) AND (id = 1) LIMIT 1 OFFSET 0
[TeaQL SQL][query][244us] 1 rows returned outcome=success batchOutcome=not_applicable comment=matched merchant read with relation purpose=matched benchmark read auditReason= tracePath=[0:OPERATION:Merchant=query -> 1:REQUEST:Merchant= -> 2:RELATION:platform=Merchant.platform -> 3:PROVIDER:postgresql= -> 4:SQL:select=] mutationLineage=[]
SQL: -- TeaQL PLAIN
SELECT id, create_time AS createTime, last_update_time AS lastUpdateTime, name, version FROM platform_data WHERE (version > 0) AND (id = 1) LIMIT 1 OFFSET 0
[TeaQL SQL][query][316us] 1 rows returned outcome=success batchOutcome=not_applicable comment=matched merchant read with relation purpose=matched benchmark read auditReason= tracePath=[0:OPERATION:Merchant=query -> 1:REQUEST:Merchant= -> 2:PROVIDER:postgresql= -> 3:SQL:select=] mutationLineage=[]
SQL: -- TeaQL PLAIN
SELECT id, name, code, external_id AS externalId, task_life_hours AS taskLifeHours, version, platform FROM merchant_data WHERE (version > 0) AND (external_id = 'matched-merchant') LIMIT 1000 OFFSET 0
[TeaQL SQL][query][435us] 1 rows returned outcome=success batchOutcome=not_applicable comment=matched merchant read with relation purpose=matched benchmark read auditReason= tracePath=[0:OPERATION:Merchant=query -> 1:REQUEST:Merchant= -> 2:PROVIDER:postgresql= -> 3:SQL:select=] mutationLineage=[]
SQL: -- TeaQL PLAIN
SELECT id, name, code, external_id AS externalId, task_life_hours AS taskLifeHours, version, platform FROM merchant_data WHERE (version > 0) AND (external_id = 'matched-merchant') LIMIT 1000 OFFSET 0
[TeaQL SQL][query][244us] 1 rows returned outcome=success batchOutcome=not_applicable comment=matched merchant read with relation purpose=matched benchmark read auditReason= tracePath=[0:OPERATION:Merchant=query -> 1:REQUEST:Merchant= -> 2:RELATION:platform=Merchant.platform -> 3:PROVIDER:postgresql= -> 4:SQL:select=] mutationLineage=[]
SQL: -- TeaQL PLAIN
SELECT id, create_time AS createTime, last_update_time AS lastUpdateTime, name, version FROM platform_data WHERE (version > 0) AND (id = 1) LIMIT 1 OFFSET 0
[TeaQL SQL][query][236us] 1 rows returned outcome=success batchOutcome=not_applicable comment=matched merchant read with relation purpose=matched benchmark read auditReason= tracePath=[0:OPERATION:Merchant=query -> 1:REQUEST:Merchant= -> 2:RELATION:platform=Merchant.platform -> 3:PROVIDER:postgresql= -> 4:SQL:select=] mutationLineage=[]
SQL: -- TeaQL PLAIN
SELECT id, create_time AS createTime, last_update_time AS lastUpdateTime, name, version FROM platform_data WHERE (version > 0) AND (id = 1) LIMIT 1 OFFSET 0
[TeaQL SQL][query][316us] 1 rows returned outcome=success batchOutcome=not_applicable comment=matched merchant read with relation purpose=matched benchmark read auditReason= tracePath=[0:OPERATION:Merchant=query -> 1:REQUEST:Merchant= -> 2:PROVIDER:postgresql= -> 3:SQL:select=] mutationLineage=[]
SQL: -- TeaQL PLAIN
SELECT id, name, code, external_id AS externalId, task_life_hours AS taskLifeHours, version, platform FROM merchant_data WHERE (version > 0) AND (external_id = 'matched-merchant') LIMIT 1000 OFFSET 0
[TeaQL SQL][query][277us] 1 rows returned outcome=success batchOutcome=not_applicable comment=matched merchant read with relation purpose=matched benchmark read auditReason= tracePath=[0:OPERATION:Merchant=query -> 1:REQUEST:Merchant= -> 2:RELATION:platform=Merchant.platform -> 3:PROVIDER:postgresql= -> 4:SQL:select=] mutationLineage=[]
SQL: -- TeaQL PLAIN
SELECT id, create_time AS createTime, last_update_time AS lastUpdateTime, name, version FROM platform_data WHERE (version > 0) AND (id = 1) LIMIT 1 OFFSET 0
[TeaQL SQL][query][319us] 1 rows returned outcome=success batchOutcome=not_applicable comment=matched merchant read with relation purpose=matched benchmark read auditReason= tracePath=[0:OPERATION:Merchant=query -> 1:REQUEST:Merchant= -> 2:PROVIDER:postgresql= -> 3:SQL:select=] mutationLineage=[]
SQL: -- TeaQL PLAIN
SELECT id, name, code, external_id AS externalId, task_life_hours AS taskLifeHours, version, platform FROM merchant_data WHERE (version > 0) AND (external_id = 'matched-merchant') LIMIT 1000 OFFSET 0
[TeaQL SQL][query][370us] 1 rows returned outcome=success batchOutcome=not_applicable comment=matched merchant read with relation purpose=matched benchmark read auditReason= tracePath=[0:OPERATION:Merchant=query -> 1:REQUEST:Merchant= -> 2:RELATION:platform=Merchant.platform -> 3:PROVIDER:postgresql= -> 4:SQL:select=] mutationLineage=[]
SQL: -- TeaQL PLAIN
SELECT id, create_time AS createTime, last_update_time AS lastUpdateTime, name, version FROM platform_data WHERE (version > 0) AND (id = 1) LIMIT 1 OFFSET 0
[TeaQL SQL][query][235us] 1 rows returned outcome=success batchOutcome=not_applicable comment=matched merchant read with relation purpose=matched benchmark read auditReason= tracePath=[0:OPERATION:Merchant=query -> 1:REQUEST:Merchant= -> 2:PROVIDER:postgresql= -> 3:SQL:select=] mutationLineage=[]
SQL: -- TeaQL PLAIN
SELECT id, name, code, external_id AS externalId, task_life_hours AS taskLifeHours, version, platform FROM merchant_data WHERE (version > 0) AND (external_id = 'matched-merchant') LIMIT 1000 OFFSET 0
[TeaQL SQL][query][196us] 1 rows returned outcome=success batchOutcome=not_applicable comment=matched merchant read with relation purpose=matched benchmark read auditReason= tracePath=[0:OPERATION:Merchant=query -> 1:REQUEST:Merchant= -> 2:RELATION:platform=Merchant.platform -> 3:PROVIDER:postgresql= -> 4:SQL:select=] mutationLineage=[]
SQL: -- TeaQL PLAIN
SELECT id, create_time AS createTime, last_update_time AS lastUpdateTime, name, version FROM platform_data WHERE (version > 0) AND (id = 1) LIMIT 1 OFFSET 0
[TeaQL SQL][query][398us] 1 rows returned outcome=success batchOutcome=not_applicable comment=matched merchant read with relation purpose=matched benchmark read auditReason= tracePath=[0:OPERATION:Merchant=query -> 1:REQUEST:Merchant= -> 2:PROVIDER:postgresql= -> 3:SQL:select=] mutationLineage=[]
SQL: -- TeaQL PLAIN
SELECT id, name, code, external_id AS externalId, task_life_hours AS taskLifeHours, version, platform FROM merchant_data WHERE (version > 0) AND (external_id = 'matched-merchant') LIMIT 1000 OFFSET 0
[TeaQL SQL][query][289us] 1 rows returned outcome=success batchOutcome=not_applicable comment=matched merchant read with relation purpose=matched benchmark read auditReason= tracePath=[0:OPERATION:Merchant=query -> 1:REQUEST:Merchant= -> 2:RELATION:platform=Merchant.platform -> 3:PROVIDER:postgresql= -> 4:SQL:select=] mutationLineage=[]
SQL: -- TeaQL PLAIN
SELECT id, create_time AS createTime, last_update_time AS lastUpdateTime, name, version FROM platform_data WHERE (version > 0) AND (id = 1) LIMIT 1 OFFSET 0
[TeaQL SQL][query][396us] 1 rows returned outcome=success batchOutcome=not_applicable comment=matched merchant read with relation purpose=matched benchmark read auditReason= tracePath=[0:OPERATION:Merchant=query -> 1:REQUEST:Merchant= -> 2:PROVIDER:postgresql= -> 3:SQL:select=] mutationLineage=[]
SQL: -- TeaQL PLAIN
SELECT id, name, code, external_id AS externalId, task_life_hours AS taskLifeHours, version, platform FROM merchant_data WHERE (version > 0) AND (external_id = 'matched-merchant') LIMIT 1000 OFFSET 0
[TeaQL SQL][query][291us] 1 rows returned outcome=success batchOutcome=not_applicable comment=matched merchant read with relation purpose=matched benchmark read auditReason= tracePath=[0:OPERATION:Merchant=query -> 1:REQUEST:Merchant= -> 2:RELATION:platform=Merchant.platform -> 3:PROVIDER:postgresql= -> 4:SQL:select=] mutationLineage=[]
SQL: -- TeaQL PLAIN
SELECT id, create_time AS createTime, last_update_time AS lastUpdateTime, name, version FROM platform_data WHERE (version > 0) AND (id = 1) LIMIT 1 OFFSET 0
[TeaQL SQL][query][310us] 1 rows returned outcome=success batchOutcome=not_applicable comment=matched merchant read with relation purpose=matched benchmark read auditReason= tracePath=[0:OPERATION:Merchant=query -> 1:REQUEST:Merchant= -> 2:PROVIDER:postgresql= -> 3:SQL:select=] mutationLineage=[]
SQL: -- TeaQL PLAIN
SELECT id, name, code, external_id AS externalId, task_life_hours AS taskLifeHours, version, platform FROM merchant_data WHERE (version > 0) AND (external_id = 'matched-merchant') LIMIT 1000 OFFSET 0
[TeaQL SQL][query][231us] 1 rows returned outcome=success batchOutcome=not_applicable comment=matched merchant read with relation purpose=matched benchmark read auditReason= tracePath=[0:OPERATION:Merchant=query -> 1:REQUEST:Merchant= -> 2:RELATION:platform=Merchant.platform -> 3:PROVIDER:postgresql= -> 4:SQL:select=] mutationLineage=[]
SQL: -- TeaQL PLAIN
SELECT id, create_time AS createTime, last_update_time AS lastUpdateTime, name, version FROM platform_data WHERE (version > 0) AND (id = 1) LIMIT 1 OFFSET 0
[TeaQL SQL][query][262us] 1 rows returned outcome=success batchOutcome=not_applicable comment=matched merchant read with relation purpose=matched benchmark read auditReason= tracePath=[0:OPERATION:Merchant=query -> 1:REQUEST:Merchant= -> 2:PROVIDER:postgresql= -> 3:SQL:select=] mutationLineage=[]
SQL: -- TeaQL PLAIN
SELECT id, name, code, external_id AS externalId, task_life_hours AS taskLifeHours, version, platform FROM merchant_data WHERE (version > 0) AND (external_id = 'matched-merchant') LIMIT 1000 OFFSET 0
[TeaQL SQL][query][258us] 1 rows returned outcome=success batchOutcome=not_applicable comment=matched merchant read with relation purpose=matched benchmark read auditReason= tracePath=[0:OPERATION:Merchant=query -> 1:REQUEST:Merchant= -> 2:RELATION:platform=Merchant.platform -> 3:PROVIDER:postgresql= -> 4:SQL:select=] mutationLineage=[]
SQL: -- TeaQL PLAIN
SELECT id, create_time AS createTime, last_update_time AS lastUpdateTime, name, version FROM platform_data WHERE (version > 0) AND (id = 1) LIMIT 1 OFFSET 0
[TeaQL SQL][query][264us] 1 rows returned outcome=success batchOutcome=not_applicable comment=matched merchant read with relation purpose=matched benchmark read auditReason= tracePath=[0:OPERATION:Merchant=query -> 1:REQUEST:Merchant= -> 2:PROVIDER:postgresql= -> 3:SQL:select=] mutationLineage=[]
SQL: -- TeaQL PLAIN
SELECT id, name, code, external_id AS externalId, task_life_hours AS taskLifeHours, version, platform FROM merchant_data WHERE (version > 0) AND (external_id = 'matched-merchant') LIMIT 1000 OFFSET 0
[TeaQL SQL][query][222us] 1 rows returned outcome=success batchOutcome=not_applicable comment=matched merchant read with relation purpose=matched benchmark read auditReason= tracePath=[0:OPERATION:Merchant=query -> 1:REQUEST:Merchant= -> 2:RELATION:platform=Merchant.platform -> 3:PROVIDER:postgresql= -> 4:SQL:select=] mutationLineage=[]
SQL: -- TeaQL PLAIN
SELECT id, create_time AS createTime, last_update_time AS lastUpdateTime, name, version FROM platform_data WHERE (version > 0) AND (id = 1) LIMIT 1 OFFSET 0
[TeaQL SQL][query][384us] 1 rows returned outcome=success batchOutcome=not_applicable comment=matched merchant read with relation purpose=matched benchmark read auditReason= tracePath=[0:OPERATION:Merchant=query -> 1:REQUEST:Merchant= -> 2:PROVIDER:postgresql= -> 3:SQL:select=] mutationLineage=[]
SQL: -- TeaQL PLAIN
SELECT id, name, code, external_id AS externalId, task_life_hours AS taskLifeHours, version, platform FROM merchant_data WHERE (version > 0) AND (external_id = 'matched-merchant') LIMIT 1000 OFFSET 0
[TeaQL SQL][query][266us] 1 rows returned outcome=success batchOutcome=not_applicable comment=matched merchant read with relation purpose=matched benchmark read auditReason= tracePath=[0:OPERATION:Merchant=query -> 1:REQUEST:Merchant= -> 2:RELATION:platform=Merchant.platform -> 3:PROVIDER:postgresql= -> 4:SQL:select=] mutationLineage=[]
SQL: -- TeaQL PLAIN
SELECT id, create_time AS createTime, last_update_time AS lastUpdateTime, name, version FROM platform_data WHERE (version > 0) AND (id = 1) LIMIT 1 OFFSET 0
[TeaQL SQL][query][353us] 1 rows returned outcome=success batchOutcome=not_applicable comment=matched merchant read with relation purpose=matched benchmark read auditReason= tracePath=[0:OPERATION:Merchant=query -> 1:REQUEST:Merchant= -> 2:PROVIDER:postgresql= -> 3:SQL:select=] mutationLineage=[]
SQL: -- TeaQL PLAIN
SELECT id, name, code, external_id AS externalId, task_life_hours AS taskLifeHours, version, platform FROM merchant_data WHERE (version > 0) AND (external_id = 'matched-merchant') LIMIT 1000 OFFSET 0
[TeaQL SQL][query][344us] 1 rows returned outcome=success batchOutcome=not_applicable comment=matched merchant read with relation purpose=matched benchmark read auditReason= tracePath=[0:OPERATION:Merchant=query -> 1:REQUEST:Merchant= -> 2:RELATION:platform=Merchant.platform -> 3:PROVIDER:postgresql= -> 4:SQL:select=] mutationLineage=[]
SQL: -- TeaQL PLAIN
SELECT id, create_time AS createTime, last_update_time AS lastUpdateTime, name, version FROM platform_data WHERE (version > 0) AND (id = 1) LIMIT 1 OFFSET 0
[TeaQL SQL][query][263us] 1 rows returned outcome=success batchOutcome=not_applicable comment=matched merchant read with relation purpose=matched benchmark read auditReason= tracePath=[0:OPERATION:Merchant=query -> 1:REQUEST:Merchant= -> 2:PROVIDER:postgresql= -> 3:SQL:select=] mutationLineage=[]
SQL: -- TeaQL PLAIN
SELECT id, name, code, external_id AS externalId, task_life_hours AS taskLifeHours, version, platform FROM merchant_data WHERE (version > 0) AND (external_id = 'matched-merchant') LIMIT 1000 OFFSET 0
[TeaQL SQL][query][188us] 1 rows returned outcome=success batchOutcome=not_applicable comment=matched merchant read with relation purpose=matched benchmark read auditReason= tracePath=[0:OPERATION:Merchant=query -> 1:REQUEST:Merchant= -> 2:RELATION:platform=Merchant.platform -> 3:PROVIDER:postgresql= -> 4:SQL:select=] mutationLineage=[]
SQL: -- TeaQL PLAIN
SELECT id, create_time AS createTime, last_update_time AS lastUpdateTime, name, version FROM platform_data WHERE (version > 0) AND (id = 1) LIMIT 1 OFFSET 0
[TeaQL SQL][query][253us] 1 rows returned outcome=success batchOutcome=not_applicable comment=matched merchant read with relation purpose=matched benchmark read auditReason= tracePath=[0:OPERATION:Merchant=query -> 1:REQUEST:Merchant= -> 2:PROVIDER:postgresql= -> 3:SQL:select=] mutationLineage=[]
SQL: -- TeaQL PLAIN
SELECT id, name, code, external_id AS externalId, task_life_hours AS taskLifeHours, version, platform FROM merchant_data WHERE (version > 0) AND (external_id = 'matched-merchant') LIMIT 1000 OFFSET 0
[TeaQL SQL][query][197us] 1 rows returned outcome=success batchOutcome=not_applicable comment=matched merchant read with relation purpose=matched benchmark read auditReason= tracePath=[0:OPERATION:Merchant=query -> 1:REQUEST:Merchant= -> 2:RELATION:platform=Merchant.platform -> 3:PROVIDER:postgresql= -> 4:SQL:select=] mutationLineage=[]
SQL: -- TeaQL PLAIN
SELECT id, create_time AS createTime, last_update_time AS lastUpdateTime, name, version FROM platform_data WHERE (version > 0) AND (id = 1) LIMIT 1 OFFSET 0
[TeaQL SQL][query][289us] 1 rows returned outcome=success batchOutcome=not_applicable comment=matched merchant read with relation purpose=matched benchmark read auditReason= tracePath=[0:OPERATION:Merchant=query -> 1:REQUEST:Merchant= -> 2:PROVIDER:postgresql= -> 3:SQL:select=] mutationLineage=[]
SQL: -- TeaQL PLAIN
SELECT id, name, code, external_id AS externalId, task_life_hours AS taskLifeHours, version, platform FROM merchant_data WHERE (version > 0) AND (external_id = 'matched-merchant') LIMIT 1000 OFFSET 0
[TeaQL SQL][query][232us] 1 rows returned outcome=success batchOutcome=not_applicable comment=matched merchant read with relation purpose=matched benchmark read auditReason= tracePath=[0:OPERATION:Merchant=query -> 1:REQUEST:Merchant= -> 2:RELATION:platform=Merchant.platform -> 3:PROVIDER:postgresql= -> 4:SQL:select=] mutationLineage=[]
SQL: -- TeaQL PLAIN
SELECT id, create_time AS createTime, last_update_time AS lastUpdateTime, name, version FROM platform_data WHERE (version > 0) AND (id = 1) LIMIT 1 OFFSET 0
[TeaQL SQL][query][239us] 1 rows returned outcome=success batchOutcome=not_applicable comment=matched merchant read with relation purpose=matched benchmark read auditReason= tracePath=[0:OPERATION:Merchant=query -> 1:REQUEST:Merchant= -> 2:PROVIDER:postgresql= -> 3:SQL:select=] mutationLineage=[]
SQL: -- TeaQL PLAIN
SELECT id, name, code, external_id AS externalId, task_life_hours AS taskLifeHours, version, platform FROM merchant_data WHERE (version > 0) AND (external_id = 'matched-merchant') LIMIT 1000 OFFSET 0
[TeaQL SQL][query][204us] 1 rows returned outcome=success batchOutcome=not_applicable comment=matched merchant read with relation purpose=matched benchmark read auditReason= tracePath=[0:OPERATION:Merchant=query -> 1:REQUEST:Merchant= -> 2:RELATION:platform=Merchant.platform -> 3:PROVIDER:postgresql= -> 4:SQL:select=] mutationLineage=[]
SQL: -- TeaQL PLAIN
SELECT id, create_time AS createTime, last_update_time AS lastUpdateTime, name, version FROM platform_data WHERE (version > 0) AND (id = 1) LIMIT 1 OFFSET 0
[TeaQL SQL][query][348us] 1 rows returned outcome=success batchOutcome=not_applicable comment=matched merchant read with relation purpose=matched benchmark read auditReason= tracePath=[0:OPERATION:Merchant=query -> 1:REQUEST:Merchant= -> 2:PROVIDER:postgresql= -> 3:SQL:select=] mutationLineage=[]
SQL: -- TeaQL PLAIN
SELECT id, name, code, external_id AS externalId, task_life_hours AS taskLifeHours, version, platform FROM merchant_data WHERE (version > 0) AND (external_id = 'matched-merchant') LIMIT 1000 OFFSET 0
[TeaQL SQL][query][258us] 1 rows returned outcome=success batchOutcome=not_applicable comment=matched merchant read with relation purpose=matched benchmark read auditReason= tracePath=[0:OPERATION:Merchant=query -> 1:REQUEST:Merchant= -> 2:RELATION:platform=Merchant.platform -> 3:PROVIDER:postgresql= -> 4:SQL:select=] mutationLineage=[]
SQL: -- TeaQL PLAIN
SELECT id, create_time AS createTime, last_update_time AS lastUpdateTime, name, version FROM platform_data WHERE (version > 0) AND (id = 1) LIMIT 1 OFFSET 0
[TeaQL SQL][query][281us] 1 rows returned outcome=success batchOutcome=not_applicable comment=matched merchant read with relation purpose=matched benchmark read auditReason= tracePath=[0:OPERATION:Merchant=query -> 1:REQUEST:Merchant= -> 2:PROVIDER:postgresql= -> 3:SQL:select=] mutationLineage=[]
SQL: -- TeaQL PLAIN
SELECT id, name, code, external_id AS externalId, task_life_hours AS taskLifeHours, version, platform FROM merchant_data WHERE (version > 0) AND (external_id = 'matched-merchant') LIMIT 1000 OFFSET 0
[TeaQL SQL][query][243us] 1 rows returned outcome=success batchOutcome=not_applicable comment=matched merchant read with relation purpose=matched benchmark read auditReason= tracePath=[0:OPERATION:Merchant=query -> 1:REQUEST:Merchant= -> 2:RELATION:platform=Merchant.platform -> 3:PROVIDER:postgresql= -> 4:SQL:select=] mutationLineage=[]
SQL: -- TeaQL PLAIN
SELECT id, create_time AS createTime, last_update_time AS lastUpdateTime, name, version FROM platform_data WHERE (version > 0) AND (id = 1) LIMIT 1 OFFSET 0
[TeaQL SQL][query][294us] 1 rows returned outcome=success batchOutcome=not_applicable comment=matched merchant read with relation purpose=matched benchmark read auditReason= tracePath=[0:OPERATION:Merchant=query -> 1:REQUEST:Merchant= -> 2:PROVIDER:postgresql= -> 3:SQL:select=] mutationLineage=[]
SQL: -- TeaQL PLAIN
SELECT id, name, code, external_id AS externalId, task_life_hours AS taskLifeHours, version, platform FROM merchant_data WHERE (version > 0) AND (external_id = 'matched-merchant') LIMIT 1000 OFFSET 0
[TeaQL SQL][query][234us] 1 rows returned outcome=success batchOutcome=not_applicable comment=matched merchant read with relation purpose=matched benchmark read auditReason= tracePath=[0:OPERATION:Merchant=query -> 1:REQUEST:Merchant= -> 2:RELATION:platform=Merchant.platform -> 3:PROVIDER:postgresql= -> 4:SQL:select=] mutationLineage=[]
SQL: -- TeaQL PLAIN
SELECT id, create_time AS createTime, last_update_time AS lastUpdateTime, name, version FROM platform_data WHERE (version > 0) AND (id = 1) LIMIT 1 OFFSET 0
[TeaQL SQL][query][281us] 1 rows returned outcome=success batchOutcome=not_applicable comment=matched merchant read with relation purpose=matched benchmark read auditReason= tracePath=[0:OPERATION:Merchant=query -> 1:REQUEST:Merchant= -> 2:PROVIDER:postgresql= -> 3:SQL:select=] mutationLineage=[]
SQL: -- TeaQL PLAIN
SELECT id, name, code, external_id AS externalId, task_life_hours AS taskLifeHours, version, platform FROM merchant_data WHERE (version > 0) AND (external_id = 'matched-merchant') LIMIT 1000 OFFSET 0
[TeaQL SQL][query][200us] 1 rows returned outcome=success batchOutcome=not_applicable comment=matched merchant read with relation purpose=matched benchmark read auditReason= tracePath=[0:OPERATION:Merchant=query -> 1:REQUEST:Merchant= -> 2:RELATION:platform=Merchant.platform -> 3:PROVIDER:postgresql= -> 4:SQL:select=] mutationLineage=[]
SQL: -- TeaQL PLAIN
SELECT id, create_time AS createTime, last_update_time AS lastUpdateTime, name, version FROM platform_data WHERE (version > 0) AND (id = 1) LIMIT 1 OFFSET 0
[TeaQL SQL][query][272us] 1 rows returned outcome=success batchOutcome=not_applicable comment=matched merchant read with relation purpose=matched benchmark read auditReason= tracePath=[0:OPERATION:Merchant=query -> 1:REQUEST:Merchant= -> 2:PROVIDER:postgresql= -> 3:SQL:select=] mutationLineage=[]
SQL: -- TeaQL PLAIN
SELECT id, name, code, external_id AS externalId, task_life_hours AS taskLifeHours, version, platform FROM merchant_data WHERE (version > 0) AND (external_id = 'matched-merchant') LIMIT 1000 OFFSET 0
[TeaQL SQL][query][219us] 1 rows returned outcome=success batchOutcome=not_applicable comment=matched merchant read with relation purpose=matched benchmark read auditReason= tracePath=[0:OPERATION:Merchant=query -> 1:REQUEST:Merchant= -> 2:RELATION:platform=Merchant.platform -> 3:PROVIDER:postgresql= -> 4:SQL:select=] mutationLineage=[]
SQL: -- TeaQL PLAIN
SELECT id, create_time AS createTime, last_update_time AS lastUpdateTime, name, version FROM platform_data WHERE (version > 0) AND (id = 1) LIMIT 1 OFFSET 0
[TeaQL SQL][query][253us] 1 rows returned outcome=success batchOutcome=not_applicable comment=matched merchant read with relation purpose=matched benchmark read auditReason= tracePath=[0:OPERATION:Merchant=query -> 1:REQUEST:Merchant= -> 2:PROVIDER:postgresql= -> 3:SQL:select=] mutationLineage=[]
SQL: -- TeaQL PLAIN
SELECT id, name, code, external_id AS externalId, task_life_hours AS taskLifeHours, version, platform FROM merchant_data WHERE (version > 0) AND (external_id = 'matched-merchant') LIMIT 1000 OFFSET 0
[TeaQL SQL][query][255us] 1 rows returned outcome=success batchOutcome=not_applicable comment=matched merchant read with relation purpose=matched benchmark read auditReason= tracePath=[0:OPERATION:Merchant=query -> 1:REQUEST:Merchant= -> 2:RELATION:platform=Merchant.platform -> 3:PROVIDER:postgresql= -> 4:SQL:select=] mutationLineage=[]
SQL: -- TeaQL PLAIN
SELECT id, create_time AS createTime, last_update_time AS lastUpdateTime, name, version FROM platform_data WHERE (version > 0) AND (id = 1) LIMIT 1 OFFSET 0
[TeaQL SQL][query][237us] 1 rows returned outcome=success batchOutcome=not_applicable comment=matched merchant read with relation purpose=matched benchmark read auditReason= tracePath=[0:OPERATION:Merchant=query -> 1:REQUEST:Merchant= -> 2:PROVIDER:postgresql= -> 3:SQL:select=] mutationLineage=[]
SQL: -- TeaQL PLAIN
SELECT id, name, code, external_id AS externalId, task_life_hours AS taskLifeHours, version, platform FROM merchant_data WHERE (version > 0) AND (external_id = 'matched-merchant') LIMIT 1000 OFFSET 0
[TeaQL SQL][query][225us] 1 rows returned outcome=success batchOutcome=not_applicable comment=matched merchant read with relation purpose=matched benchmark read auditReason= tracePath=[0:OPERATION:Merchant=query -> 1:REQUEST:Merchant= -> 2:RELATION:platform=Merchant.platform -> 3:PROVIDER:postgresql= -> 4:SQL:select=] mutationLineage=[]
SQL: -- TeaQL PLAIN
SELECT id, create_time AS createTime, last_update_time AS lastUpdateTime, name, version FROM platform_data WHERE (version > 0) AND (id = 1) LIMIT 1 OFFSET 0
[TeaQL SQL][query][371us] 1 rows returned outcome=success batchOutcome=not_applicable comment=matched merchant read with relation purpose=matched benchmark read auditReason= tracePath=[0:OPERATION:Merchant=query -> 1:REQUEST:Merchant= -> 2:PROVIDER:postgresql= -> 3:SQL:select=] mutationLineage=[]
SQL: -- TeaQL PLAIN
SELECT id, name, code, external_id AS externalId, task_life_hours AS taskLifeHours, version, platform FROM merchant_data WHERE (version > 0) AND (external_id = 'matched-merchant') LIMIT 1000 OFFSET 0
[TeaQL SQL][query][261us] 1 rows returned outcome=success batchOutcome=not_applicable comment=matched merchant read with relation purpose=matched benchmark read auditReason= tracePath=[0:OPERATION:Merchant=query -> 1:REQUEST:Merchant= -> 2:RELATION:platform=Merchant.platform -> 3:PROVIDER:postgresql= -> 4:SQL:select=] mutationLineage=[]
SQL: -- TeaQL PLAIN
SELECT id, create_time AS createTime, last_update_time AS lastUpdateTime, name, version FROM platform_data WHERE (version > 0) AND (id = 1) LIMIT 1 OFFSET 0
[TeaQL SQL][query][325us] 1 rows returned outcome=success batchOutcome=not_applicable comment=matched merchant read with relation purpose=matched benchmark read auditReason= tracePath=[0:OPERATION:Merchant=query -> 1:REQUEST:Merchant= -> 2:PROVIDER:postgresql= -> 3:SQL:select=] mutationLineage=[]
SQL: -- TeaQL PLAIN
SELECT id, name, code, external_id AS externalId, task_life_hours AS taskLifeHours, version, platform FROM merchant_data WHERE (version > 0) AND (external_id = 'matched-merchant') LIMIT 1000 OFFSET 0
[TeaQL SQL][query][247us] 1 rows returned outcome=success batchOutcome=not_applicable comment=matched merchant read with relation purpose=matched benchmark read auditReason= tracePath=[0:OPERATION:Merchant=query -> 1:REQUEST:Merchant= -> 2:RELATION:platform=Merchant.platform -> 3:PROVIDER:postgresql= -> 4:SQL:select=] mutationLineage=[]
SQL: -- TeaQL PLAIN
SELECT id, create_time AS createTime, last_update_time AS lastUpdateTime, name, version FROM platform_data WHERE (version > 0) AND (id = 1) LIMIT 1 OFFSET 0
[TeaQL SQL][query][739us] 1 rows returned outcome=success batchOutcome=not_applicable comment=matched update lookup purpose=matched benchmark write auditReason= tracePath=[0:OPERATION:Merchant=query -> 1:REQUEST:Merchant= -> 2:PROVIDER:postgresql= -> 3:SQL:select=] mutationLineage=[]
SQL: -- TeaQL PLAIN
SELECT id, name, code, external_id AS externalId, task_life_hours AS taskLifeHours, platform, version FROM merchant_data WHERE (version > 0) AND (external_id = 'matched-merchant') LIMIT 1000 OFFSET 0
[TeaQL SQL][mutation][618us] 1 rows affected outcome=success batchOutcome=not_applicable comment= purpose= auditReason=matched benchmark update tracePath=[0:OPERATION:Merchant=mutation -> 1:ENTITY:Merchant= -> 2:PROVIDER:postgresql= -> 3:SQL:update=] mutationLineage=[0:AUDIT_REASON:Merchant#1=matched benchmark update]
SQL: -- TeaQL PLAIN
UPDATE merchant_data SET task_life_hours = 49 , version = 348 WHERE id = 1 AND version = 347
[TeaQL SQL][query][377us] 1 rows returned outcome=success batchOutcome=not_applicable comment=matched benchmark update purpose=runtime: read authoritative persisted mutation result auditReason=matched benchmark update tracePath=[0:OPERATION:Merchant=query -> 1:REQUEST:Merchant= -> 2:PROVIDER:postgresql= -> 3:SQL:select=] mutationLineage=[0:AUDIT_REASON:Merchant#1=matched benchmark update]
SQL: -- TeaQL PLAIN
SELECT * FROM merchant_data WHERE id = 1
[TeaQL SQL][query][336us] 1 rows returned outcome=success batchOutcome=not_applicable comment=matched merchant read with relation purpose=matched benchmark read auditReason= tracePath=[0:OPERATION:Merchant=query -> 1:REQUEST:Merchant= -> 2:PROVIDER:postgresql= -> 3:SQL:select=] mutationLineage=[]
SQL: -- TeaQL PLAIN
SELECT id, name, code, external_id AS externalId, task_life_hours AS taskLifeHours, version, platform FROM merchant_data WHERE (version > 0) AND (external_id = 'matched-merchant') LIMIT 1000 OFFSET 0
[TeaQL SQL][query][274us] 1 rows returned outcome=success batchOutcome=not_applicable comment=matched merchant read with relation purpose=matched benchmark read auditReason= tracePath=[0:OPERATION:Merchant=query -> 1:REQUEST:Merchant= -> 2:RELATION:platform=Merchant.platform -> 3:PROVIDER:postgresql= -> 4:SQL:select=] mutationLineage=[]
SQL: -- TeaQL PLAIN
SELECT id, create_time AS createTime, last_update_time AS lastUpdateTime, name, version FROM platform_data WHERE (version > 0) AND (id = 1) LIMIT 1 OFFSET 0
[TeaQL SQL][query][443us] 1 rows returned outcome=success batchOutcome=not_applicable comment=matched update lookup purpose=matched benchmark write auditReason= tracePath=[0:OPERATION:Merchant=query -> 1:REQUEST:Merchant= -> 2:PROVIDER:postgresql= -> 3:SQL:select=] mutationLineage=[]
SQL: -- TeaQL PLAIN
SELECT id, name, code, external_id AS externalId, task_life_hours AS taskLifeHours, platform, version FROM merchant_data WHERE (version > 0) AND (external_id = 'matched-merchant') LIMIT 1000 OFFSET 0
[TeaQL SQL][mutation][297us] 1 rows affected outcome=success batchOutcome=not_applicable comment= purpose= auditReason=matched benchmark update tracePath=[0:OPERATION:Merchant=mutation -> 1:ENTITY:Merchant= -> 2:PROVIDER:postgresql= -> 3:SQL:update=] mutationLineage=[0:AUDIT_REASON:Merchant#1=matched benchmark update]
SQL: -- TeaQL PLAIN
UPDATE merchant_data SET task_life_hours = 48 , version = 349 WHERE id = 1 AND version = 348
[TeaQL SQL][query][248us] 1 rows returned outcome=success batchOutcome=not_applicable comment=matched benchmark update purpose=runtime: read authoritative persisted mutation result auditReason=matched benchmark update tracePath=[0:OPERATION:Merchant=query -> 1:REQUEST:Merchant= -> 2:PROVIDER:postgresql= -> 3:SQL:select=] mutationLineage=[0:AUDIT_REASON:Merchant#1=matched benchmark update]
SQL: -- TeaQL PLAIN
SELECT * FROM merchant_data WHERE id = 1
[TeaQL SQL][query][341us] 1 rows returned outcome=success batchOutcome=not_applicable comment=matched merchant read with relation purpose=matched benchmark read auditReason= tracePath=[0:OPERATION:Merchant=query -> 1:REQUEST:Merchant= -> 2:PROVIDER:postgresql= -> 3:SQL:select=] mutationLineage=[]
SQL: -- TeaQL PLAIN
SELECT id, name, code, external_id AS externalId, task_life_hours AS taskLifeHours, version, platform FROM merchant_data WHERE (version > 0) AND (external_id = 'matched-merchant') LIMIT 1000 OFFSET 0
[TeaQL SQL][query][349us] 1 rows returned outcome=success batchOutcome=not_applicable comment=matched merchant read with relation purpose=matched benchmark read auditReason= tracePath=[0:OPERATION:Merchant=query -> 1:REQUEST:Merchant= -> 2:RELATION:platform=Merchant.platform -> 3:PROVIDER:postgresql= -> 4:SQL:select=] mutationLineage=[]
SQL: -- TeaQL PLAIN
SELECT id, create_time AS createTime, last_update_time AS lastUpdateTime, name, version FROM platform_data WHERE (version > 0) AND (id = 1) LIMIT 1 OFFSET 0
[TeaQL SQL][query][601us] 1 rows returned outcome=success batchOutcome=not_applicable comment=matched update lookup purpose=matched benchmark write auditReason= tracePath=[0:OPERATION:Merchant=query -> 1:REQUEST:Merchant= -> 2:PROVIDER:postgresql= -> 3:SQL:select=] mutationLineage=[]
SQL: -- TeaQL PLAIN
SELECT id, name, code, external_id AS externalId, task_life_hours AS taskLifeHours, platform, version FROM merchant_data WHERE (version > 0) AND (external_id = 'matched-merchant') LIMIT 1000 OFFSET 0
[TeaQL SQL][mutation][588us] 1 rows affected outcome=success batchOutcome=not_applicable comment= purpose= auditReason=matched benchmark update tracePath=[0:OPERATION:Merchant=mutation -> 1:ENTITY:Merchant= -> 2:PROVIDER:postgresql= -> 3:SQL:update=] mutationLineage=[0:AUDIT_REASON:Merchant#1=matched benchmark update]
SQL: -- TeaQL PLAIN
UPDATE merchant_data SET task_life_hours = 49 , version = 350 WHERE id = 1 AND version = 349
[TeaQL SQL][query][354us] 1 rows returned outcome=success batchOutcome=not_applicable comment=matched benchmark update purpose=runtime: read authoritative persisted mutation result auditReason=matched benchmark update tracePath=[0:OPERATION:Merchant=query -> 1:REQUEST:Merchant= -> 2:PROVIDER:postgresql= -> 3:SQL:select=] mutationLineage=[0:AUDIT_REASON:Merchant#1=matched benchmark update]
SQL: -- TeaQL PLAIN
SELECT * FROM merchant_data WHERE id = 1
[TeaQL SQL][query][346us] 1 rows returned outcome=success batchOutcome=not_applicable comment=matched merchant read with relation purpose=matched benchmark read auditReason= tracePath=[0:OPERATION:Merchant=query -> 1:REQUEST:Merchant= -> 2:PROVIDER:postgresql= -> 3:SQL:select=] mutationLineage=[]
SQL: -- TeaQL PLAIN
SELECT id, name, code, external_id AS externalId, task_life_hours AS taskLifeHours, version, platform FROM merchant_data WHERE (version > 0) AND (external_id = 'matched-merchant') LIMIT 1000 OFFSET 0
[TeaQL SQL][query][258us] 1 rows returned outcome=success batchOutcome=not_applicable comment=matched merchant read with relation purpose=matched benchmark read auditReason= tracePath=[0:OPERATION:Merchant=query -> 1:REQUEST:Merchant= -> 2:RELATION:platform=Merchant.platform -> 3:PROVIDER:postgresql= -> 4:SQL:select=] mutationLineage=[]
SQL: -- TeaQL PLAIN
SELECT id, create_time AS createTime, last_update_time AS lastUpdateTime, name, version FROM platform_data WHERE (version > 0) AND (id = 1) LIMIT 1 OFFSET 0
[TeaQL SQL][query][785us] 1 rows returned outcome=success batchOutcome=not_applicable comment=matched update lookup purpose=matched benchmark write auditReason= tracePath=[0:OPERATION:Merchant=query -> 1:REQUEST:Merchant= -> 2:PROVIDER:postgresql= -> 3:SQL:select=] mutationLineage=[]
SQL: -- TeaQL PLAIN
SELECT id, name, code, external_id AS externalId, task_life_hours AS taskLifeHours, platform, version FROM merchant_data WHERE (version > 0) AND (external_id = 'matched-merchant') LIMIT 1000 OFFSET 0
[TeaQL SQL][mutation][645us] 1 rows affected outcome=success batchOutcome=not_applicable comment= purpose= auditReason=matched benchmark update tracePath=[0:OPERATION:Merchant=mutation -> 1:ENTITY:Merchant= -> 2:PROVIDER:postgresql= -> 3:SQL:update=] mutationLineage=[0:AUDIT_REASON:Merchant#1=matched benchmark update]
SQL: -- TeaQL PLAIN
UPDATE merchant_data SET task_life_hours = 48 , version = 351 WHERE id = 1 AND version = 350
[TeaQL SQL][query][336us] 1 rows returned outcome=success batchOutcome=not_applicable comment=matched benchmark update purpose=runtime: read authoritative persisted mutation result auditReason=matched benchmark update tracePath=[0:OPERATION:Merchant=query -> 1:REQUEST:Merchant= -> 2:PROVIDER:postgresql= -> 3:SQL:select=] mutationLineage=[0:AUDIT_REASON:Merchant#1=matched benchmark update]
SQL: -- TeaQL PLAIN
SELECT * FROM merchant_data WHERE id = 1
[TeaQL SQL][query][360us] 1 rows returned outcome=success batchOutcome=not_applicable comment=matched merchant read with relation purpose=matched benchmark read auditReason= tracePath=[0:OPERATION:Merchant=query -> 1:REQUEST:Merchant= -> 2:PROVIDER:postgresql= -> 3:SQL:select=] mutationLineage=[]
SQL: -- TeaQL PLAIN
SELECT id, name, code, external_id AS externalId, task_life_hours AS taskLifeHours, version, platform FROM merchant_data WHERE (version > 0) AND (external_id = 'matched-merchant') LIMIT 1000 OFFSET 0
[TeaQL SQL][query][302us] 1 rows returned outcome=success batchOutcome=not_applicable comment=matched merchant read with relation purpose=matched benchmark read auditReason= tracePath=[0:OPERATION:Merchant=query -> 1:REQUEST:Merchant= -> 2:RELATION:platform=Merchant.platform -> 3:PROVIDER:postgresql= -> 4:SQL:select=] mutationLineage=[]
SQL: -- TeaQL PLAIN
SELECT id, create_time AS createTime, last_update_time AS lastUpdateTime, name, version FROM platform_data WHERE (version > 0) AND (id = 1) LIMIT 1 OFFSET 0
[TeaQL SQL][query][733us] 1 rows returned outcome=success batchOutcome=not_applicable comment=matched update lookup purpose=matched benchmark write auditReason= tracePath=[0:OPERATION:Merchant=query -> 1:REQUEST:Merchant= -> 2:PROVIDER:postgresql= -> 3:SQL:select=] mutationLineage=[]
SQL: -- TeaQL PLAIN
SELECT id, name, code, external_id AS externalId, task_life_hours AS taskLifeHours, platform, version FROM merchant_data WHERE (version > 0) AND (external_id = 'matched-merchant') LIMIT 1000 OFFSET 0
[TeaQL SQL][mutation][378us] 1 rows affected outcome=success batchOutcome=not_applicable comment= purpose= auditReason=matched benchmark update tracePath=[0:OPERATION:Merchant=mutation -> 1:ENTITY:Merchant= -> 2:PROVIDER:postgresql= -> 3:SQL:update=] mutationLineage=[0:AUDIT_REASON:Merchant#1=matched benchmark update]
SQL: -- TeaQL PLAIN
UPDATE merchant_data SET task_life_hours = 49 , version = 352 WHERE id = 1 AND version = 351
[TeaQL SQL][query][260us] 1 rows returned outcome=success batchOutcome=not_applicable comment=matched benchmark update purpose=runtime: read authoritative persisted mutation result auditReason=matched benchmark update tracePath=[0:OPERATION:Merchant=query -> 1:REQUEST:Merchant= -> 2:PROVIDER:postgresql= -> 3:SQL:select=] mutationLineage=[0:AUDIT_REASON:Merchant#1=matched benchmark update]
SQL: -- TeaQL PLAIN
SELECT * FROM merchant_data WHERE id = 1
[TeaQL SQL][query][249us] 1 rows returned outcome=success batchOutcome=not_applicable comment=matched merchant read with relation purpose=matched benchmark read auditReason= tracePath=[0:OPERATION:Merchant=query -> 1:REQUEST:Merchant= -> 2:PROVIDER:postgresql= -> 3:SQL:select=] mutationLineage=[]
SQL: -- TeaQL PLAIN
SELECT id, name, code, external_id AS externalId, task_life_hours AS taskLifeHours, version, platform FROM merchant_data WHERE (version > 0) AND (external_id = 'matched-merchant') LIMIT 1000 OFFSET 0
[TeaQL SQL][query][226us] 1 rows returned outcome=success batchOutcome=not_applicable comment=matched merchant read with relation purpose=matched benchmark read auditReason= tracePath=[0:OPERATION:Merchant=query -> 1:REQUEST:Merchant= -> 2:RELATION:platform=Merchant.platform -> 3:PROVIDER:postgresql= -> 4:SQL:select=] mutationLineage=[]
SQL: -- TeaQL PLAIN
SELECT id, create_time AS createTime, last_update_time AS lastUpdateTime, name, version FROM platform_data WHERE (version > 0) AND (id = 1) LIMIT 1 OFFSET 0
[TeaQL SQL][query][386us] 1 rows returned outcome=success batchOutcome=not_applicable comment=matched update lookup purpose=matched benchmark write auditReason= tracePath=[0:OPERATION:Merchant=query -> 1:REQUEST:Merchant= -> 2:PROVIDER:postgresql= -> 3:SQL:select=] mutationLineage=[]
SQL: -- TeaQL PLAIN
SELECT id, name, code, external_id AS externalId, task_life_hours AS taskLifeHours, platform, version FROM merchant_data WHERE (version > 0) AND (external_id = 'matched-merchant') LIMIT 1000 OFFSET 0
[TeaQL SQL][mutation][292us] 1 rows affected outcome=success batchOutcome=not_applicable comment= purpose= auditReason=matched benchmark update tracePath=[0:OPERATION:Merchant=mutation -> 1:ENTITY:Merchant= -> 2:PROVIDER:postgresql= -> 3:SQL:update=] mutationLineage=[0:AUDIT_REASON:Merchant#1=matched benchmark update]
SQL: -- TeaQL PLAIN
UPDATE merchant_data SET task_life_hours = 48 , version = 353 WHERE id = 1 AND version = 352
[TeaQL SQL][query][216us] 1 rows returned outcome=success batchOutcome=not_applicable comment=matched benchmark update purpose=runtime: read authoritative persisted mutation result auditReason=matched benchmark update tracePath=[0:OPERATION:Merchant=query -> 1:REQUEST:Merchant= -> 2:PROVIDER:postgresql= -> 3:SQL:select=] mutationLineage=[0:AUDIT_REASON:Merchant#1=matched benchmark update]
SQL: -- TeaQL PLAIN
SELECT * FROM merchant_data WHERE id = 1
[TeaQL SQL][query][461us] 1 rows returned outcome=success batchOutcome=not_applicable comment=matched merchant read with relation purpose=matched benchmark read auditReason= tracePath=[0:OPERATION:Merchant=query -> 1:REQUEST:Merchant= -> 2:PROVIDER:postgresql= -> 3:SQL:select=] mutationLineage=[]
SQL: -- TeaQL PLAIN
SELECT id, name, code, external_id AS externalId, task_life_hours AS taskLifeHours, version, platform FROM merchant_data WHERE (version > 0) AND (external_id = 'matched-merchant') LIMIT 1000 OFFSET 0
[TeaQL SQL][query][372us] 1 rows returned outcome=success batchOutcome=not_applicable comment=matched merchant read with relation purpose=matched benchmark read auditReason= tracePath=[0:OPERATION:Merchant=query -> 1:REQUEST:Merchant= -> 2:RELATION:platform=Merchant.platform -> 3:PROVIDER:postgresql= -> 4:SQL:select=] mutationLineage=[]
SQL: -- TeaQL PLAIN
SELECT id, create_time AS createTime, last_update_time AS lastUpdateTime, name, version FROM platform_data WHERE (version > 0) AND (id = 1) LIMIT 1 OFFSET 0
[TeaQL SQL][query][701us] 1 rows returned outcome=success batchOutcome=not_applicable comment=matched update lookup purpose=matched benchmark write auditReason= tracePath=[0:OPERATION:Merchant=query -> 1:REQUEST:Merchant= -> 2:PROVIDER:postgresql= -> 3:SQL:select=] mutationLineage=[]
SQL: -- TeaQL PLAIN
SELECT id, name, code, external_id AS externalId, task_life_hours AS taskLifeHours, platform, version FROM merchant_data WHERE (version > 0) AND (external_id = 'matched-merchant') LIMIT 1000 OFFSET 0
[TeaQL SQL][mutation][482us] 1 rows affected outcome=success batchOutcome=not_applicable comment= purpose= auditReason=matched benchmark update tracePath=[0:OPERATION:Merchant=mutation -> 1:ENTITY:Merchant= -> 2:PROVIDER:postgresql= -> 3:SQL:update=] mutationLineage=[0:AUDIT_REASON:Merchant#1=matched benchmark update]
SQL: -- TeaQL PLAIN
UPDATE merchant_data SET task_life_hours = 49 , version = 354 WHERE id = 1 AND version = 353
[TeaQL SQL][query][471us] 1 rows returned outcome=success batchOutcome=not_applicable comment=matched benchmark update purpose=runtime: read authoritative persisted mutation result auditReason=matched benchmark update tracePath=[0:OPERATION:Merchant=query -> 1:REQUEST:Merchant= -> 2:PROVIDER:postgresql= -> 3:SQL:select=] mutationLineage=[0:AUDIT_REASON:Merchant#1=matched benchmark update]
SQL: -- TeaQL PLAIN
SELECT * FROM merchant_data WHERE id = 1
[TeaQL SQL][query][360us] 1 rows returned outcome=success batchOutcome=not_applicable comment=matched merchant read with relation purpose=matched benchmark read auditReason= tracePath=[0:OPERATION:Merchant=query -> 1:REQUEST:Merchant= -> 2:PROVIDER:postgresql= -> 3:SQL:select=] mutationLineage=[]
SQL: -- TeaQL PLAIN
SELECT id, name, code, external_id AS externalId, task_life_hours AS taskLifeHours, version, platform FROM merchant_data WHERE (version > 0) AND (external_id = 'matched-merchant') LIMIT 1000 OFFSET 0
[TeaQL SQL][query][286us] 1 rows returned outcome=success batchOutcome=not_applicable comment=matched merchant read with relation purpose=matched benchmark read auditReason= tracePath=[0:OPERATION:Merchant=query -> 1:REQUEST:Merchant= -> 2:RELATION:platform=Merchant.platform -> 3:PROVIDER:postgresql= -> 4:SQL:select=] mutationLineage=[]
SQL: -- TeaQL PLAIN
SELECT id, create_time AS createTime, last_update_time AS lastUpdateTime, name, version FROM platform_data WHERE (version > 0) AND (id = 1) LIMIT 1 OFFSET 0
[TeaQL SQL][query][618us] 1 rows returned outcome=success batchOutcome=not_applicable comment=matched update lookup purpose=matched benchmark write auditReason= tracePath=[0:OPERATION:Merchant=query -> 1:REQUEST:Merchant= -> 2:PROVIDER:postgresql= -> 3:SQL:select=] mutationLineage=[]
SQL: -- TeaQL PLAIN
SELECT id, name, code, external_id AS externalId, task_life_hours AS taskLifeHours, platform, version FROM merchant_data WHERE (version > 0) AND (external_id = 'matched-merchant') LIMIT 1000 OFFSET 0
[TeaQL SQL][mutation][541us] 1 rows affected outcome=success batchOutcome=not_applicable comment= purpose= auditReason=matched benchmark update tracePath=[0:OPERATION:Merchant=mutation -> 1:ENTITY:Merchant= -> 2:PROVIDER:postgresql= -> 3:SQL:update=] mutationLineage=[0:AUDIT_REASON:Merchant#1=matched benchmark update]
SQL: -- TeaQL PLAIN
UPDATE merchant_data SET task_life_hours = 48 , version = 355 WHERE id = 1 AND version = 354
[TeaQL SQL][query][428us] 1 rows returned outcome=success batchOutcome=not_applicable comment=matched benchmark update purpose=runtime: read authoritative persisted mutation result auditReason=matched benchmark update tracePath=[0:OPERATION:Merchant=query -> 1:REQUEST:Merchant= -> 2:PROVIDER:postgresql= -> 3:SQL:select=] mutationLineage=[0:AUDIT_REASON:Merchant#1=matched benchmark update]
SQL: -- TeaQL PLAIN
SELECT * FROM merchant_data WHERE id = 1
[TeaQL SQL][query][390us] 1 rows returned outcome=success batchOutcome=not_applicable comment=matched merchant read with relation purpose=matched benchmark read auditReason= tracePath=[0:OPERATION:Merchant=query -> 1:REQUEST:Merchant= -> 2:PROVIDER:postgresql= -> 3:SQL:select=] mutationLineage=[]
SQL: -- TeaQL PLAIN
SELECT id, name, code, external_id AS externalId, task_life_hours AS taskLifeHours, version, platform FROM merchant_data WHERE (version > 0) AND (external_id = 'matched-merchant') LIMIT 1000 OFFSET 0
[TeaQL SQL][query][342us] 1 rows returned outcome=success batchOutcome=not_applicable comment=matched merchant read with relation purpose=matched benchmark read auditReason= tracePath=[0:OPERATION:Merchant=query -> 1:REQUEST:Merchant= -> 2:RELATION:platform=Merchant.platform -> 3:PROVIDER:postgresql= -> 4:SQL:select=] mutationLineage=[]
SQL: -- TeaQL PLAIN
SELECT id, create_time AS createTime, last_update_time AS lastUpdateTime, name, version FROM platform_data WHERE (version > 0) AND (id = 1) LIMIT 1 OFFSET 0
[TeaQL SQL][query][612us] 1 rows returned outcome=success batchOutcome=not_applicable comment=matched update lookup purpose=matched benchmark write auditReason= tracePath=[0:OPERATION:Merchant=query -> 1:REQUEST:Merchant= -> 2:PROVIDER:postgresql= -> 3:SQL:select=] mutationLineage=[]
SQL: -- TeaQL PLAIN
SELECT id, name, code, external_id AS externalId, task_life_hours AS taskLifeHours, platform, version FROM merchant_data WHERE (version > 0) AND (external_id = 'matched-merchant') LIMIT 1000 OFFSET 0
[TeaQL SQL][mutation][443us] 1 rows affected outcome=success batchOutcome=not_applicable comment= purpose= auditReason=matched benchmark update tracePath=[0:OPERATION:Merchant=mutation -> 1:ENTITY:Merchant= -> 2:PROVIDER:postgresql= -> 3:SQL:update=] mutationLineage=[0:AUDIT_REASON:Merchant#1=matched benchmark update]
SQL: -- TeaQL PLAIN
UPDATE merchant_data SET task_life_hours = 49 , version = 356 WHERE id = 1 AND version = 355
[TeaQL SQL][query][399us] 1 rows returned outcome=success batchOutcome=not_applicable comment=matched benchmark update purpose=runtime: read authoritative persisted mutation result auditReason=matched benchmark update tracePath=[0:OPERATION:Merchant=query -> 1:REQUEST:Merchant= -> 2:PROVIDER:postgresql= -> 3:SQL:select=] mutationLineage=[0:AUDIT_REASON:Merchant#1=matched benchmark update]
SQL: -- TeaQL PLAIN
SELECT * FROM merchant_data WHERE id = 1
[TeaQL SQL][query][273us] 1 rows returned outcome=success batchOutcome=not_applicable comment=matched merchant read with relation purpose=matched benchmark read auditReason= tracePath=[0:OPERATION:Merchant=query -> 1:REQUEST:Merchant= -> 2:PROVIDER:postgresql= -> 3:SQL:select=] mutationLineage=[]
SQL: -- TeaQL PLAIN
SELECT id, name, code, external_id AS externalId, task_life_hours AS taskLifeHours, version, platform FROM merchant_data WHERE (version > 0) AND (external_id = 'matched-merchant') LIMIT 1000 OFFSET 0
[TeaQL SQL][query][262us] 1 rows returned outcome=success batchOutcome=not_applicable comment=matched merchant read with relation purpose=matched benchmark read auditReason= tracePath=[0:OPERATION:Merchant=query -> 1:REQUEST:Merchant= -> 2:RELATION:platform=Merchant.platform -> 3:PROVIDER:postgresql= -> 4:SQL:select=] mutationLineage=[]
SQL: -- TeaQL PLAIN
SELECT id, create_time AS createTime, last_update_time AS lastUpdateTime, name, version FROM platform_data WHERE (version > 0) AND (id = 1) LIMIT 1 OFFSET 0
[TeaQL SQL][query][416us] 1 rows returned outcome=success batchOutcome=not_applicable comment=matched update lookup purpose=matched benchmark write auditReason= tracePath=[0:OPERATION:Merchant=query -> 1:REQUEST:Merchant= -> 2:PROVIDER:postgresql= -> 3:SQL:select=] mutationLineage=[]
SQL: -- TeaQL PLAIN
SELECT id, name, code, external_id AS externalId, task_life_hours AS taskLifeHours, platform, version FROM merchant_data WHERE (version > 0) AND (external_id = 'matched-merchant') LIMIT 1000 OFFSET 0
[TeaQL SQL][mutation][351us] 1 rows affected outcome=success batchOutcome=not_applicable comment= purpose= auditReason=matched benchmark update tracePath=[0:OPERATION:Merchant=mutation -> 1:ENTITY:Merchant= -> 2:PROVIDER:postgresql= -> 3:SQL:update=] mutationLineage=[0:AUDIT_REASON:Merchant#1=matched benchmark update]
SQL: -- TeaQL PLAIN
UPDATE merchant_data SET task_life_hours = 48 , version = 357 WHERE id = 1 AND version = 356
[TeaQL SQL][query][213us] 1 rows returned outcome=success batchOutcome=not_applicable comment=matched benchmark update purpose=runtime: read authoritative persisted mutation result auditReason=matched benchmark update tracePath=[0:OPERATION:Merchant=query -> 1:REQUEST:Merchant= -> 2:PROVIDER:postgresql= -> 3:SQL:select=] mutationLineage=[0:AUDIT_REASON:Merchant#1=matched benchmark update]
SQL: -- TeaQL PLAIN
SELECT * FROM merchant_data WHERE id = 1
[TeaQL SQL][query][312us] 1 rows returned outcome=success batchOutcome=not_applicable comment=matched merchant read with relation purpose=matched benchmark read auditReason= tracePath=[0:OPERATION:Merchant=query -> 1:REQUEST:Merchant= -> 2:PROVIDER:postgresql= -> 3:SQL:select=] mutationLineage=[]
SQL: -- TeaQL PLAIN
SELECT id, name, code, external_id AS externalId, task_life_hours AS taskLifeHours, version, platform FROM merchant_data WHERE (version > 0) AND (external_id = 'matched-merchant') LIMIT 1000 OFFSET 0
[TeaQL SQL][query][277us] 1 rows returned outcome=success batchOutcome=not_applicable comment=matched merchant read with relation purpose=matched benchmark read auditReason= tracePath=[0:OPERATION:Merchant=query -> 1:REQUEST:Merchant= -> 2:RELATION:platform=Merchant.platform -> 3:PROVIDER:postgresql= -> 4:SQL:select=] mutationLineage=[]
SQL: -- TeaQL PLAIN
SELECT id, create_time AS createTime, last_update_time AS lastUpdateTime, name, version FROM platform_data WHERE (version > 0) AND (id = 1) LIMIT 1 OFFSET 0
[TeaQL SQL][query][677us] 1 rows returned outcome=success batchOutcome=not_applicable comment=matched update lookup purpose=matched benchmark write auditReason= tracePath=[0:OPERATION:Merchant=query -> 1:REQUEST:Merchant= -> 2:PROVIDER:postgresql= -> 3:SQL:select=] mutationLineage=[]
SQL: -- TeaQL PLAIN
SELECT id, name, code, external_id AS externalId, task_life_hours AS taskLifeHours, platform, version FROM merchant_data WHERE (version > 0) AND (external_id = 'matched-merchant') LIMIT 1000 OFFSET 0
[TeaQL SQL][mutation][727us] 1 rows affected outcome=success batchOutcome=not_applicable comment= purpose= auditReason=matched benchmark update tracePath=[0:OPERATION:Merchant=mutation -> 1:ENTITY:Merchant= -> 2:PROVIDER:postgresql= -> 3:SQL:update=] mutationLineage=[0:AUDIT_REASON:Merchant#1=matched benchmark update]
SQL: -- TeaQL PLAIN
UPDATE merchant_data SET task_life_hours = 49 , version = 358 WHERE id = 1 AND version = 357
[TeaQL SQL][query][383us] 1 rows returned outcome=success batchOutcome=not_applicable comment=matched benchmark update purpose=runtime: read authoritative persisted mutation result auditReason=matched benchmark update tracePath=[0:OPERATION:Merchant=query -> 1:REQUEST:Merchant= -> 2:PROVIDER:postgresql= -> 3:SQL:select=] mutationLineage=[0:AUDIT_REASON:Merchant#1=matched benchmark update]
SQL: -- TeaQL PLAIN
SELECT * FROM merchant_data WHERE id = 1
[TeaQL SQL][query][409us] 1 rows returned outcome=success batchOutcome=not_applicable comment=matched merchant read with relation purpose=matched benchmark read auditReason= tracePath=[0:OPERATION:Merchant=query -> 1:REQUEST:Merchant= -> 2:PROVIDER:postgresql= -> 3:SQL:select=] mutationLineage=[]
SQL: -- TeaQL PLAIN
SELECT id, name, code, external_id AS externalId, task_life_hours AS taskLifeHours, version, platform FROM merchant_data WHERE (version > 0) AND (external_id = 'matched-merchant') LIMIT 1000 OFFSET 0
[TeaQL SQL][query][338us] 1 rows returned outcome=success batchOutcome=not_applicable comment=matched merchant read with relation purpose=matched benchmark read auditReason= tracePath=[0:OPERATION:Merchant=query -> 1:REQUEST:Merchant= -> 2:RELATION:platform=Merchant.platform -> 3:PROVIDER:postgresql= -> 4:SQL:select=] mutationLineage=[]
SQL: -- TeaQL PLAIN
SELECT id, create_time AS createTime, last_update_time AS lastUpdateTime, name, version FROM platform_data WHERE (version > 0) AND (id = 1) LIMIT 1 OFFSET 0
[TeaQL SQL][query][522us] 1 rows returned outcome=success batchOutcome=not_applicable comment=matched update lookup purpose=matched benchmark write auditReason= tracePath=[0:OPERATION:Merchant=query -> 1:REQUEST:Merchant= -> 2:PROVIDER:postgresql= -> 3:SQL:select=] mutationLineage=[]
SQL: -- TeaQL PLAIN
SELECT id, name, code, external_id AS externalId, task_life_hours AS taskLifeHours, platform, version FROM merchant_data WHERE (version > 0) AND (external_id = 'matched-merchant') LIMIT 1000 OFFSET 0
[TeaQL SQL][mutation][497us] 1 rows affected outcome=success batchOutcome=not_applicable comment= purpose= auditReason=matched benchmark update tracePath=[0:OPERATION:Merchant=mutation -> 1:ENTITY:Merchant= -> 2:PROVIDER:postgresql= -> 3:SQL:update=] mutationLineage=[0:AUDIT_REASON:Merchant#1=matched benchmark update]
SQL: -- TeaQL PLAIN
UPDATE merchant_data SET task_life_hours = 48 , version = 359 WHERE id = 1 AND version = 358
[TeaQL SQL][query][378us] 1 rows returned outcome=success batchOutcome=not_applicable comment=matched benchmark update purpose=runtime: read authoritative persisted mutation result auditReason=matched benchmark update tracePath=[0:OPERATION:Merchant=query -> 1:REQUEST:Merchant= -> 2:PROVIDER:postgresql= -> 3:SQL:select=] mutationLineage=[0:AUDIT_REASON:Merchant#1=matched benchmark update]
SQL: -- TeaQL PLAIN
SELECT * FROM merchant_data WHERE id = 1
[TeaQL SQL][query][457us] 1 rows returned outcome=success batchOutcome=not_applicable comment=matched merchant read with relation purpose=matched benchmark read auditReason= tracePath=[0:OPERATION:Merchant=query -> 1:REQUEST:Merchant= -> 2:PROVIDER:postgresql= -> 3:SQL:select=] mutationLineage=[]
SQL: -- TeaQL PLAIN
SELECT id, name, code, external_id AS externalId, task_life_hours AS taskLifeHours, version, platform FROM merchant_data WHERE (version > 0) AND (external_id = 'matched-merchant') LIMIT 1000 OFFSET 0
[TeaQL SQL][query][378us] 1 rows returned outcome=success batchOutcome=not_applicable comment=matched merchant read with relation purpose=matched benchmark read auditReason= tracePath=[0:OPERATION:Merchant=query -> 1:REQUEST:Merchant= -> 2:RELATION:platform=Merchant.platform -> 3:PROVIDER:postgresql= -> 4:SQL:select=] mutationLineage=[]
SQL: -- TeaQL PLAIN
SELECT id, create_time AS createTime, last_update_time AS lastUpdateTime, name, version FROM platform_data WHERE (version > 0) AND (id = 1) LIMIT 1 OFFSET 0
[TeaQL SQL][query][653us] 1 rows returned outcome=success batchOutcome=not_applicable comment=matched update lookup purpose=matched benchmark write auditReason= tracePath=[0:OPERATION:Merchant=query -> 1:REQUEST:Merchant= -> 2:PROVIDER:postgresql= -> 3:SQL:select=] mutationLineage=[]
SQL: -- TeaQL PLAIN
SELECT id, name, code, external_id AS externalId, task_life_hours AS taskLifeHours, platform, version FROM merchant_data WHERE (version > 0) AND (external_id = 'matched-merchant') LIMIT 1000 OFFSET 0
[TeaQL SQL][mutation][461us] 1 rows affected outcome=success batchOutcome=not_applicable comment= purpose= auditReason=matched benchmark update tracePath=[0:OPERATION:Merchant=mutation -> 1:ENTITY:Merchant= -> 2:PROVIDER:postgresql= -> 3:SQL:update=] mutationLineage=[0:AUDIT_REASON:Merchant#1=matched benchmark update]
SQL: -- TeaQL PLAIN
UPDATE merchant_data SET task_life_hours = 49 , version = 360 WHERE id = 1 AND version = 359
[TeaQL SQL][query][387us] 1 rows returned outcome=success batchOutcome=not_applicable comment=matched benchmark update purpose=runtime: read authoritative persisted mutation result auditReason=matched benchmark update tracePath=[0:OPERATION:Merchant=query -> 1:REQUEST:Merchant= -> 2:PROVIDER:postgresql= -> 3:SQL:select=] mutationLineage=[0:AUDIT_REASON:Merchant#1=matched benchmark update]
SQL: -- TeaQL PLAIN
SELECT * FROM merchant_data WHERE id = 1
[TeaQL SQL][query][286us] 1 rows returned outcome=success batchOutcome=not_applicable comment=matched merchant read with relation purpose=matched benchmark read auditReason= tracePath=[0:OPERATION:Merchant=query -> 1:REQUEST:Merchant= -> 2:PROVIDER:postgresql= -> 3:SQL:select=] mutationLineage=[]
SQL: -- TeaQL PLAIN
SELECT id, name, code, external_id AS externalId, task_life_hours AS taskLifeHours, version, platform FROM merchant_data WHERE (version > 0) AND (external_id = 'matched-merchant') LIMIT 1000 OFFSET 0
[TeaQL SQL][query][229us] 1 rows returned outcome=success batchOutcome=not_applicable comment=matched merchant read with relation purpose=matched benchmark read auditReason= tracePath=[0:OPERATION:Merchant=query -> 1:REQUEST:Merchant= -> 2:RELATION:platform=Merchant.platform -> 3:PROVIDER:postgresql= -> 4:SQL:select=] mutationLineage=[]
SQL: -- TeaQL PLAIN
SELECT id, create_time AS createTime, last_update_time AS lastUpdateTime, name, version FROM platform_data WHERE (version > 0) AND (id = 1) LIMIT 1 OFFSET 0
[TeaQL SQL][query][483us] 1 rows returned outcome=success batchOutcome=not_applicable comment=matched update lookup purpose=matched benchmark write auditReason= tracePath=[0:OPERATION:Merchant=query -> 1:REQUEST:Merchant= -> 2:PROVIDER:postgresql= -> 3:SQL:select=] mutationLineage=[]
SQL: -- TeaQL PLAIN
SELECT id, name, code, external_id AS externalId, task_life_hours AS taskLifeHours, platform, version FROM merchant_data WHERE (version > 0) AND (external_id = 'matched-merchant') LIMIT 1000 OFFSET 0
[TeaQL SQL][mutation][396us] 1 rows affected outcome=success batchOutcome=not_applicable comment= purpose= auditReason=matched benchmark update tracePath=[0:OPERATION:Merchant=mutation -> 1:ENTITY:Merchant= -> 2:PROVIDER:postgresql= -> 3:SQL:update=] mutationLineage=[0:AUDIT_REASON:Merchant#1=matched benchmark update]
SQL: -- TeaQL PLAIN
UPDATE merchant_data SET task_life_hours = 48 , version = 361 WHERE id = 1 AND version = 360
[TeaQL SQL][query][298us] 1 rows returned outcome=success batchOutcome=not_applicable comment=matched benchmark update purpose=runtime: read authoritative persisted mutation result auditReason=matched benchmark update tracePath=[0:OPERATION:Merchant=query -> 1:REQUEST:Merchant= -> 2:PROVIDER:postgresql= -> 3:SQL:select=] mutationLineage=[0:AUDIT_REASON:Merchant#1=matched benchmark update]
SQL: -- TeaQL PLAIN
SELECT * FROM merchant_data WHERE id = 1
[TeaQL SQL][query][450us] 1 rows returned outcome=success batchOutcome=not_applicable comment=matched merchant read with relation purpose=matched benchmark read auditReason= tracePath=[0:OPERATION:Merchant=query -> 1:REQUEST:Merchant= -> 2:PROVIDER:postgresql= -> 3:SQL:select=] mutationLineage=[]
SQL: -- TeaQL PLAIN
SELECT id, name, code, external_id AS externalId, task_life_hours AS taskLifeHours, version, platform FROM merchant_data WHERE (version > 0) AND (external_id = 'matched-merchant') LIMIT 1000 OFFSET 0
[TeaQL SQL][query][416us] 1 rows returned outcome=success batchOutcome=not_applicable comment=matched merchant read with relation purpose=matched benchmark read auditReason= tracePath=[0:OPERATION:Merchant=query -> 1:REQUEST:Merchant= -> 2:RELATION:platform=Merchant.platform -> 3:PROVIDER:postgresql= -> 4:SQL:select=] mutationLineage=[]
SQL: -- TeaQL PLAIN
SELECT id, create_time AS createTime, last_update_time AS lastUpdateTime, name, version FROM platform_data WHERE (version > 0) AND (id = 1) LIMIT 1 OFFSET 0
[TeaQL SQL][query][623us] 1 rows returned outcome=success batchOutcome=not_applicable comment=matched update lookup purpose=matched benchmark write auditReason= tracePath=[0:OPERATION:Merchant=query -> 1:REQUEST:Merchant= -> 2:PROVIDER:postgresql= -> 3:SQL:select=] mutationLineage=[]
SQL: -- TeaQL PLAIN
SELECT id, name, code, external_id AS externalId, task_life_hours AS taskLifeHours, platform, version FROM merchant_data WHERE (version > 0) AND (external_id = 'matched-merchant') LIMIT 1000 OFFSET 0
[TeaQL SQL][mutation][489us] 1 rows affected outcome=success batchOutcome=not_applicable comment= purpose= auditReason=matched benchmark update tracePath=[0:OPERATION:Merchant=mutation -> 1:ENTITY:Merchant= -> 2:PROVIDER:postgresql= -> 3:SQL:update=] mutationLineage=[0:AUDIT_REASON:Merchant#1=matched benchmark update]
SQL: -- TeaQL PLAIN
UPDATE merchant_data SET task_life_hours = 49 , version = 362 WHERE id = 1 AND version = 361
[TeaQL SQL][query][412us] 1 rows returned outcome=success batchOutcome=not_applicable comment=matched benchmark update purpose=runtime: read authoritative persisted mutation result auditReason=matched benchmark update tracePath=[0:OPERATION:Merchant=query -> 1:REQUEST:Merchant= -> 2:PROVIDER:postgresql= -> 3:SQL:select=] mutationLineage=[0:AUDIT_REASON:Merchant#1=matched benchmark update]
SQL: -- TeaQL PLAIN
SELECT * FROM merchant_data WHERE id = 1
[TeaQL SQL][query][429us] 1 rows returned outcome=success batchOutcome=not_applicable comment=matched merchant read with relation purpose=matched benchmark read auditReason= tracePath=[0:OPERATION:Merchant=query -> 1:REQUEST:Merchant= -> 2:PROVIDER:postgresql= -> 3:SQL:select=] mutationLineage=[]
SQL: -- TeaQL PLAIN
SELECT id, name, code, external_id AS externalId, task_life_hours AS taskLifeHours, version, platform FROM merchant_data WHERE (version > 0) AND (external_id = 'matched-merchant') LIMIT 1000 OFFSET 0
[TeaQL SQL][query][340us] 1 rows returned outcome=success batchOutcome=not_applicable comment=matched merchant read with relation purpose=matched benchmark read auditReason= tracePath=[0:OPERATION:Merchant=query -> 1:REQUEST:Merchant= -> 2:RELATION:platform=Merchant.platform -> 3:PROVIDER:postgresql= -> 4:SQL:select=] mutationLineage=[]
SQL: -- TeaQL PLAIN
SELECT id, create_time AS createTime, last_update_time AS lastUpdateTime, name, version FROM platform_data WHERE (version > 0) AND (id = 1) LIMIT 1 OFFSET 0
[TeaQL SQL][query][621us] 1 rows returned outcome=success batchOutcome=not_applicable comment=matched update lookup purpose=matched benchmark write auditReason= tracePath=[0:OPERATION:Merchant=query -> 1:REQUEST:Merchant= -> 2:PROVIDER:postgresql= -> 3:SQL:select=] mutationLineage=[]
SQL: -- TeaQL PLAIN
SELECT id, name, code, external_id AS externalId, task_life_hours AS taskLifeHours, platform, version FROM merchant_data WHERE (version > 0) AND (external_id = 'matched-merchant') LIMIT 1000 OFFSET 0
[TeaQL SQL][mutation][454us] 1 rows affected outcome=success batchOutcome=not_applicable comment= purpose= auditReason=matched benchmark update tracePath=[0:OPERATION:Merchant=mutation -> 1:ENTITY:Merchant= -> 2:PROVIDER:postgresql= -> 3:SQL:update=] mutationLineage=[0:AUDIT_REASON:Merchant#1=matched benchmark update]
SQL: -- TeaQL PLAIN
UPDATE merchant_data SET task_life_hours = 48 , version = 363 WHERE id = 1 AND version = 362
[TeaQL SQL][query][447us] 1 rows returned outcome=success batchOutcome=not_applicable comment=matched benchmark update purpose=runtime: read authoritative persisted mutation result auditReason=matched benchmark update tracePath=[0:OPERATION:Merchant=query -> 1:REQUEST:Merchant= -> 2:PROVIDER:postgresql= -> 3:SQL:select=] mutationLineage=[0:AUDIT_REASON:Merchant#1=matched benchmark update]
SQL: -- TeaQL PLAIN
SELECT * FROM merchant_data WHERE id = 1
[TeaQL SQL][query][398us] 1 rows returned outcome=success batchOutcome=not_applicable comment=matched merchant read with relation purpose=matched benchmark read auditReason= tracePath=[0:OPERATION:Merchant=query -> 1:REQUEST:Merchant= -> 2:PROVIDER:postgresql= -> 3:SQL:select=] mutationLineage=[]
SQL: -- TeaQL PLAIN
SELECT id, name, code, external_id AS externalId, task_life_hours AS taskLifeHours, version, platform FROM merchant_data WHERE (version > 0) AND (external_id = 'matched-merchant') LIMIT 1000 OFFSET 0
[TeaQL SQL][query][376us] 1 rows returned outcome=success batchOutcome=not_applicable comment=matched merchant read with relation purpose=matched benchmark read auditReason= tracePath=[0:OPERATION:Merchant=query -> 1:REQUEST:Merchant= -> 2:RELATION:platform=Merchant.platform -> 3:PROVIDER:postgresql= -> 4:SQL:select=] mutationLineage=[]
SQL: -- TeaQL PLAIN
SELECT id, create_time AS createTime, last_update_time AS lastUpdateTime, name, version FROM platform_data WHERE (version > 0) AND (id = 1) LIMIT 1 OFFSET 0
[TeaQL SQL][query][693us] 1 rows returned outcome=success batchOutcome=not_applicable comment=matched update lookup purpose=matched benchmark write auditReason= tracePath=[0:OPERATION:Merchant=query -> 1:REQUEST:Merchant= -> 2:PROVIDER:postgresql= -> 3:SQL:select=] mutationLineage=[]
SQL: -- TeaQL PLAIN
SELECT id, name, code, external_id AS externalId, task_life_hours AS taskLifeHours, platform, version FROM merchant_data WHERE (version > 0) AND (external_id = 'matched-merchant') LIMIT 1000 OFFSET 0
[TeaQL SQL][mutation][646us] 1 rows affected outcome=success batchOutcome=not_applicable comment= purpose= auditReason=matched benchmark update tracePath=[0:OPERATION:Merchant=mutation -> 1:ENTITY:Merchant= -> 2:PROVIDER:postgresql= -> 3:SQL:update=] mutationLineage=[0:AUDIT_REASON:Merchant#1=matched benchmark update]
SQL: -- TeaQL PLAIN
UPDATE merchant_data SET task_life_hours = 49 , version = 364 WHERE id = 1 AND version = 363
[TeaQL SQL][query][480us] 1 rows returned outcome=success batchOutcome=not_applicable comment=matched benchmark update purpose=runtime: read authoritative persisted mutation result auditReason=matched benchmark update tracePath=[0:OPERATION:Merchant=query -> 1:REQUEST:Merchant= -> 2:PROVIDER:postgresql= -> 3:SQL:select=] mutationLineage=[0:AUDIT_REASON:Merchant#1=matched benchmark update]
SQL: -- TeaQL PLAIN
SELECT * FROM merchant_data WHERE id = 1
[TeaQL SQL][query][393us] 1 rows returned outcome=success batchOutcome=not_applicable comment=matched merchant read with relation purpose=matched benchmark read auditReason= tracePath=[0:OPERATION:Merchant=query -> 1:REQUEST:Merchant= -> 2:PROVIDER:postgresql= -> 3:SQL:select=] mutationLineage=[]
SQL: -- TeaQL PLAIN
SELECT id, name, code, external_id AS externalId, task_life_hours AS taskLifeHours, version, platform FROM merchant_data WHERE (version > 0) AND (external_id = 'matched-merchant') LIMIT 1000 OFFSET 0
[TeaQL SQL][query][327us] 1 rows returned outcome=success batchOutcome=not_applicable comment=matched merchant read with relation purpose=matched benchmark read auditReason= tracePath=[0:OPERATION:Merchant=query -> 1:REQUEST:Merchant= -> 2:RELATION:platform=Merchant.platform -> 3:PROVIDER:postgresql= -> 4:SQL:select=] mutationLineage=[]
SQL: -- TeaQL PLAIN
SELECT id, create_time AS createTime, last_update_time AS lastUpdateTime, name, version FROM platform_data WHERE (version > 0) AND (id = 1) LIMIT 1 OFFSET 0
[TeaQL SQL][query][453us] 1 rows returned outcome=success batchOutcome=not_applicable comment=matched update lookup purpose=matched benchmark write auditReason= tracePath=[0:OPERATION:Merchant=query -> 1:REQUEST:Merchant= -> 2:PROVIDER:postgresql= -> 3:SQL:select=] mutationLineage=[]
SQL: -- TeaQL PLAIN
SELECT id, name, code, external_id AS externalId, task_life_hours AS taskLifeHours, platform, version FROM merchant_data WHERE (version > 0) AND (external_id = 'matched-merchant') LIMIT 1000 OFFSET 0
[TeaQL SQL][mutation][360us] 1 rows affected outcome=success batchOutcome=not_applicable comment= purpose= auditReason=matched benchmark update tracePath=[0:OPERATION:Merchant=mutation -> 1:ENTITY:Merchant= -> 2:PROVIDER:postgresql= -> 3:SQL:update=] mutationLineage=[0:AUDIT_REASON:Merchant#1=matched benchmark update]
SQL: -- TeaQL PLAIN
UPDATE merchant_data SET task_life_hours = 48 , version = 365 WHERE id = 1 AND version = 364
[TeaQL SQL][query][350us] 1 rows returned outcome=success batchOutcome=not_applicable comment=matched benchmark update purpose=runtime: read authoritative persisted mutation result auditReason=matched benchmark update tracePath=[0:OPERATION:Merchant=query -> 1:REQUEST:Merchant= -> 2:PROVIDER:postgresql= -> 3:SQL:select=] mutationLineage=[0:AUDIT_REASON:Merchant#1=matched benchmark update]
SQL: -- TeaQL PLAIN
SELECT * FROM merchant_data WHERE id = 1
[TeaQL SQL][query][429us] 1 rows returned outcome=success batchOutcome=not_applicable comment=matched merchant read with relation purpose=matched benchmark read auditReason= tracePath=[0:OPERATION:Merchant=query -> 1:REQUEST:Merchant= -> 2:PROVIDER:postgresql= -> 3:SQL:select=] mutationLineage=[]
SQL: -- TeaQL PLAIN
SELECT id, name, code, external_id AS externalId, task_life_hours AS taskLifeHours, version, platform FROM merchant_data WHERE (version > 0) AND (external_id = 'matched-merchant') LIMIT 1000 OFFSET 0
[TeaQL SQL][query][376us] 1 rows returned outcome=success batchOutcome=not_applicable comment=matched merchant read with relation purpose=matched benchmark read auditReason= tracePath=[0:OPERATION:Merchant=query -> 1:REQUEST:Merchant= -> 2:RELATION:platform=Merchant.platform -> 3:PROVIDER:postgresql= -> 4:SQL:select=] mutationLineage=[]
SQL: -- TeaQL PLAIN
SELECT id, create_time AS createTime, last_update_time AS lastUpdateTime, name, version FROM platform_data WHERE (version > 0) AND (id = 1) LIMIT 1 OFFSET 0
[TeaQL SQL][query][671us] 1 rows returned outcome=success batchOutcome=not_applicable comment=matched update lookup purpose=matched benchmark write auditReason= tracePath=[0:OPERATION:Merchant=query -> 1:REQUEST:Merchant= -> 2:PROVIDER:postgresql= -> 3:SQL:select=] mutationLineage=[]
SQL: -- TeaQL PLAIN
SELECT id, name, code, external_id AS externalId, task_life_hours AS taskLifeHours, platform, version FROM merchant_data WHERE (version > 0) AND (external_id = 'matched-merchant') LIMIT 1000 OFFSET 0
[TeaQL SQL][mutation][520us] 1 rows affected outcome=success batchOutcome=not_applicable comment= purpose= auditReason=matched benchmark update tracePath=[0:OPERATION:Merchant=mutation -> 1:ENTITY:Merchant= -> 2:PROVIDER:postgresql= -> 3:SQL:update=] mutationLineage=[0:AUDIT_REASON:Merchant#1=matched benchmark update]
SQL: -- TeaQL PLAIN
UPDATE merchant_data SET task_life_hours = 49 , version = 366 WHERE id = 1 AND version = 365
[TeaQL SQL][query][432us] 1 rows returned outcome=success batchOutcome=not_applicable comment=matched benchmark update purpose=runtime: read authoritative persisted mutation result auditReason=matched benchmark update tracePath=[0:OPERATION:Merchant=query -> 1:REQUEST:Merchant= -> 2:PROVIDER:postgresql= -> 3:SQL:select=] mutationLineage=[0:AUDIT_REASON:Merchant#1=matched benchmark update]
SQL: -- TeaQL PLAIN
SELECT * FROM merchant_data WHERE id = 1
[TeaQL SQL][query][378us] 1 rows returned outcome=success batchOutcome=not_applicable comment=matched merchant read with relation purpose=matched benchmark read auditReason= tracePath=[0:OPERATION:Merchant=query -> 1:REQUEST:Merchant= -> 2:PROVIDER:postgresql= -> 3:SQL:select=] mutationLineage=[]
SQL: -- TeaQL PLAIN
SELECT id, name, code, external_id AS externalId, task_life_hours AS taskLifeHours, version, platform FROM merchant_data WHERE (version > 0) AND (external_id = 'matched-merchant') LIMIT 1000 OFFSET 0
[TeaQL SQL][query][343us] 1 rows returned outcome=success batchOutcome=not_applicable comment=matched merchant read with relation purpose=matched benchmark read auditReason= tracePath=[0:OPERATION:Merchant=query -> 1:REQUEST:Merchant= -> 2:RELATION:platform=Merchant.platform -> 3:PROVIDER:postgresql= -> 4:SQL:select=] mutationLineage=[]
SQL: -- TeaQL PLAIN
SELECT id, create_time AS createTime, last_update_time AS lastUpdateTime, name, version FROM platform_data WHERE (version > 0) AND (id = 1) LIMIT 1 OFFSET 0
[TeaQL SQL][query][648us] 1 rows returned outcome=success batchOutcome=not_applicable comment=matched update lookup purpose=matched benchmark write auditReason= tracePath=[0:OPERATION:Merchant=query -> 1:REQUEST:Merchant= -> 2:PROVIDER:postgresql= -> 3:SQL:select=] mutationLineage=[]
SQL: -- TeaQL PLAIN
SELECT id, name, code, external_id AS externalId, task_life_hours AS taskLifeHours, platform, version FROM merchant_data WHERE (version > 0) AND (external_id = 'matched-merchant') LIMIT 1000 OFFSET 0
[TeaQL SQL][mutation][540us] 1 rows affected outcome=success batchOutcome=not_applicable comment= purpose= auditReason=matched benchmark update tracePath=[0:OPERATION:Merchant=mutation -> 1:ENTITY:Merchant= -> 2:PROVIDER:postgresql= -> 3:SQL:update=] mutationLineage=[0:AUDIT_REASON:Merchant#1=matched benchmark update]
SQL: -- TeaQL PLAIN
UPDATE merchant_data SET task_life_hours = 48 , version = 367 WHERE id = 1 AND version = 366
[TeaQL SQL][query][417us] 1 rows returned outcome=success batchOutcome=not_applicable comment=matched benchmark update purpose=runtime: read authoritative persisted mutation result auditReason=matched benchmark update tracePath=[0:OPERATION:Merchant=query -> 1:REQUEST:Merchant= -> 2:PROVIDER:postgresql= -> 3:SQL:select=] mutationLineage=[0:AUDIT_REASON:Merchant#1=matched benchmark update]
SQL: -- TeaQL PLAIN
SELECT * FROM merchant_data WHERE id = 1
[TeaQL SQL][query][305us] 1 rows returned outcome=success batchOutcome=not_applicable comment=matched merchant read with relation purpose=matched benchmark read auditReason= tracePath=[0:OPERATION:Merchant=query -> 1:REQUEST:Merchant= -> 2:PROVIDER:postgresql= -> 3:SQL:select=] mutationLineage=[]
SQL: -- TeaQL PLAIN
SELECT id, name, code, external_id AS externalId, task_life_hours AS taskLifeHours, version, platform FROM merchant_data WHERE (version > 0) AND (external_id = 'matched-merchant') LIMIT 1000 OFFSET 0
[TeaQL SQL][query][344us] 1 rows returned outcome=success batchOutcome=not_applicable comment=matched merchant read with relation purpose=matched benchmark read auditReason= tracePath=[0:OPERATION:Merchant=query -> 1:REQUEST:Merchant= -> 2:RELATION:platform=Merchant.platform -> 3:PROVIDER:postgresql= -> 4:SQL:select=] mutationLineage=[]
SQL: -- TeaQL PLAIN
SELECT id, create_time AS createTime, last_update_time AS lastUpdateTime, name, version FROM platform_data WHERE (version > 0) AND (id = 1) LIMIT 1 OFFSET 0
[TeaQL SQL][query][560us] 1 rows returned outcome=success batchOutcome=not_applicable comment=matched update lookup purpose=matched benchmark write auditReason= tracePath=[0:OPERATION:Merchant=query -> 1:REQUEST:Merchant= -> 2:PROVIDER:postgresql= -> 3:SQL:select=] mutationLineage=[]
SQL: -- TeaQL PLAIN
SELECT id, name, code, external_id AS externalId, task_life_hours AS taskLifeHours, platform, version FROM merchant_data WHERE (version > 0) AND (external_id = 'matched-merchant') LIMIT 1000 OFFSET 0
[TeaQL SQL][mutation][440us] 1 rows affected outcome=success batchOutcome=not_applicable comment= purpose= auditReason=matched benchmark update tracePath=[0:OPERATION:Merchant=mutation -> 1:ENTITY:Merchant= -> 2:PROVIDER:postgresql= -> 3:SQL:update=] mutationLineage=[0:AUDIT_REASON:Merchant#1=matched benchmark update]
SQL: -- TeaQL PLAIN
UPDATE merchant_data SET task_life_hours = 49 , version = 368 WHERE id = 1 AND version = 367
[TeaQL SQL][query][355us] 1 rows returned outcome=success batchOutcome=not_applicable comment=matched benchmark update purpose=runtime: read authoritative persisted mutation result auditReason=matched benchmark update tracePath=[0:OPERATION:Merchant=query -> 1:REQUEST:Merchant= -> 2:PROVIDER:postgresql= -> 3:SQL:select=] mutationLineage=[0:AUDIT_REASON:Merchant#1=matched benchmark update]
SQL: -- TeaQL PLAIN
SELECT * FROM merchant_data WHERE id = 1
[TeaQL SQL][query][343us] 1 rows returned outcome=success batchOutcome=not_applicable comment=matched merchant read with relation purpose=matched benchmark read auditReason= tracePath=[0:OPERATION:Merchant=query -> 1:REQUEST:Merchant= -> 2:PROVIDER:postgresql= -> 3:SQL:select=] mutationLineage=[]
SQL: -- TeaQL PLAIN
SELECT id, name, code, external_id AS externalId, task_life_hours AS taskLifeHours, version, platform FROM merchant_data WHERE (version > 0) AND (external_id = 'matched-merchant') LIMIT 1000 OFFSET 0
[TeaQL SQL][query][377us] 1 rows returned outcome=success batchOutcome=not_applicable comment=matched merchant read with relation purpose=matched benchmark read auditReason= tracePath=[0:OPERATION:Merchant=query -> 1:REQUEST:Merchant= -> 2:RELATION:platform=Merchant.platform -> 3:PROVIDER:postgresql= -> 4:SQL:select=] mutationLineage=[]
SQL: -- TeaQL PLAIN
SELECT id, create_time AS createTime, last_update_time AS lastUpdateTime, name, version FROM platform_data WHERE (version > 0) AND (id = 1) LIMIT 1 OFFSET 0
[TeaQL SQL][query][489us] 1 rows returned outcome=success batchOutcome=not_applicable comment=matched update lookup purpose=matched benchmark write auditReason= tracePath=[0:OPERATION:Merchant=query -> 1:REQUEST:Merchant= -> 2:PROVIDER:postgresql= -> 3:SQL:select=] mutationLineage=[]
SQL: -- TeaQL PLAIN
SELECT id, name, code, external_id AS externalId, task_life_hours AS taskLifeHours, platform, version FROM merchant_data WHERE (version > 0) AND (external_id = 'matched-merchant') LIMIT 1000 OFFSET 0
[TeaQL SQL][mutation][466us] 1 rows affected outcome=success batchOutcome=not_applicable comment= purpose= auditReason=matched benchmark update tracePath=[0:OPERATION:Merchant=mutation -> 1:ENTITY:Merchant= -> 2:PROVIDER:postgresql= -> 3:SQL:update=] mutationLineage=[0:AUDIT_REASON:Merchant#1=matched benchmark update]
SQL: -- TeaQL PLAIN
UPDATE merchant_data SET task_life_hours = 48 , version = 369 WHERE id = 1 AND version = 368
[TeaQL SQL][query][296us] 1 rows returned outcome=success batchOutcome=not_applicable comment=matched benchmark update purpose=runtime: read authoritative persisted mutation result auditReason=matched benchmark update tracePath=[0:OPERATION:Merchant=query -> 1:REQUEST:Merchant= -> 2:PROVIDER:postgresql= -> 3:SQL:select=] mutationLineage=[0:AUDIT_REASON:Merchant#1=matched benchmark update]
SQL: -- TeaQL PLAIN
SELECT * FROM merchant_data WHERE id = 1
[TeaQL SQL][query][369us] 1 rows returned outcome=success batchOutcome=not_applicable comment=matched merchant read with relation purpose=matched benchmark read auditReason= tracePath=[0:OPERATION:Merchant=query -> 1:REQUEST:Merchant= -> 2:PROVIDER:postgresql= -> 3:SQL:select=] mutationLineage=[]
SQL: -- TeaQL PLAIN
SELECT id, name, code, external_id AS externalId, task_life_hours AS taskLifeHours, version, platform FROM merchant_data WHERE (version > 0) AND (external_id = 'matched-merchant') LIMIT 1000 OFFSET 0
[TeaQL SQL][query][317us] 1 rows returned outcome=success batchOutcome=not_applicable comment=matched merchant read with relation purpose=matched benchmark read auditReason= tracePath=[0:OPERATION:Merchant=query -> 1:REQUEST:Merchant= -> 2:RELATION:platform=Merchant.platform -> 3:PROVIDER:postgresql= -> 4:SQL:select=] mutationLineage=[]
SQL: -- TeaQL PLAIN
SELECT id, create_time AS createTime, last_update_time AS lastUpdateTime, name, version FROM platform_data WHERE (version > 0) AND (id = 1) LIMIT 1 OFFSET 0
[TeaQL SQL][query][565us] 1 rows returned outcome=success batchOutcome=not_applicable comment=matched update lookup purpose=matched benchmark write auditReason= tracePath=[0:OPERATION:Merchant=query -> 1:REQUEST:Merchant= -> 2:PROVIDER:postgresql= -> 3:SQL:select=] mutationLineage=[]
SQL: -- TeaQL PLAIN
SELECT id, name, code, external_id AS externalId, task_life_hours AS taskLifeHours, platform, version FROM merchant_data WHERE (version > 0) AND (external_id = 'matched-merchant') LIMIT 1000 OFFSET 0
[TeaQL SQL][mutation][466us] 1 rows affected outcome=success batchOutcome=not_applicable comment= purpose= auditReason=matched benchmark update tracePath=[0:OPERATION:Merchant=mutation -> 1:ENTITY:Merchant= -> 2:PROVIDER:postgresql= -> 3:SQL:update=] mutationLineage=[0:AUDIT_REASON:Merchant#1=matched benchmark update]
SQL: -- TeaQL PLAIN
UPDATE merchant_data SET task_life_hours = 49 , version = 370 WHERE id = 1 AND version = 369
[TeaQL SQL][query][383us] 1 rows returned outcome=success batchOutcome=not_applicable comment=matched benchmark update purpose=runtime: read authoritative persisted mutation result auditReason=matched benchmark update tracePath=[0:OPERATION:Merchant=query -> 1:REQUEST:Merchant= -> 2:PROVIDER:postgresql= -> 3:SQL:select=] mutationLineage=[0:AUDIT_REASON:Merchant#1=matched benchmark update]
SQL: -- TeaQL PLAIN
SELECT * FROM merchant_data WHERE id = 1
[TeaQL SQL][query][344us] 1 rows returned outcome=success batchOutcome=not_applicable comment=matched merchant read with relation purpose=matched benchmark read auditReason= tracePath=[0:OPERATION:Merchant=query -> 1:REQUEST:Merchant= -> 2:PROVIDER:postgresql= -> 3:SQL:select=] mutationLineage=[]
SQL: -- TeaQL PLAIN
SELECT id, name, code, external_id AS externalId, task_life_hours AS taskLifeHours, version, platform FROM merchant_data WHERE (version > 0) AND (external_id = 'matched-merchant') LIMIT 1000 OFFSET 0
[TeaQL SQL][query][340us] 1 rows returned outcome=success batchOutcome=not_applicable comment=matched merchant read with relation purpose=matched benchmark read auditReason= tracePath=[0:OPERATION:Merchant=query -> 1:REQUEST:Merchant= -> 2:RELATION:platform=Merchant.platform -> 3:PROVIDER:postgresql= -> 4:SQL:select=] mutationLineage=[]
SQL: -- TeaQL PLAIN
SELECT id, create_time AS createTime, last_update_time AS lastUpdateTime, name, version FROM platform_data WHERE (version > 0) AND (id = 1) LIMIT 1 OFFSET 0
[TeaQL SQL][query][554us] 1 rows returned outcome=success batchOutcome=not_applicable comment=matched update lookup purpose=matched benchmark write auditReason= tracePath=[0:OPERATION:Merchant=query -> 1:REQUEST:Merchant= -> 2:PROVIDER:postgresql= -> 3:SQL:select=] mutationLineage=[]
SQL: -- TeaQL PLAIN
SELECT id, name, code, external_id AS externalId, task_life_hours AS taskLifeHours, platform, version FROM merchant_data WHERE (version > 0) AND (external_id = 'matched-merchant') LIMIT 1000 OFFSET 0
[TeaQL SQL][mutation][387us] 1 rows affected outcome=success batchOutcome=not_applicable comment= purpose= auditReason=matched benchmark update tracePath=[0:OPERATION:Merchant=mutation -> 1:ENTITY:Merchant= -> 2:PROVIDER:postgresql= -> 3:SQL:update=] mutationLineage=[0:AUDIT_REASON:Merchant#1=matched benchmark update]
SQL: -- TeaQL PLAIN
UPDATE merchant_data SET task_life_hours = 48 , version = 371 WHERE id = 1 AND version = 370
[TeaQL SQL][query][347us] 1 rows returned outcome=success batchOutcome=not_applicable comment=matched benchmark update purpose=runtime: read authoritative persisted mutation result auditReason=matched benchmark update tracePath=[0:OPERATION:Merchant=query -> 1:REQUEST:Merchant= -> 2:PROVIDER:postgresql= -> 3:SQL:select=] mutationLineage=[0:AUDIT_REASON:Merchant#1=matched benchmark update]
SQL: -- TeaQL PLAIN
SELECT * FROM merchant_data WHERE id = 1
[TeaQL SQL][query][339us] 1 rows returned outcome=success batchOutcome=not_applicable comment=matched merchant read with relation purpose=matched benchmark read auditReason= tracePath=[0:OPERATION:Merchant=query -> 1:REQUEST:Merchant= -> 2:PROVIDER:postgresql= -> 3:SQL:select=] mutationLineage=[]
SQL: -- TeaQL PLAIN
SELECT id, name, code, external_id AS externalId, task_life_hours AS taskLifeHours, version, platform FROM merchant_data WHERE (version > 0) AND (external_id = 'matched-merchant') LIMIT 1000 OFFSET 0
[TeaQL SQL][query][339us] 1 rows returned outcome=success batchOutcome=not_applicable comment=matched merchant read with relation purpose=matched benchmark read auditReason= tracePath=[0:OPERATION:Merchant=query -> 1:REQUEST:Merchant= -> 2:RELATION:platform=Merchant.platform -> 3:PROVIDER:postgresql= -> 4:SQL:select=] mutationLineage=[]
SQL: -- TeaQL PLAIN
SELECT id, create_time AS createTime, last_update_time AS lastUpdateTime, name, version FROM platform_data WHERE (version > 0) AND (id = 1) LIMIT 1 OFFSET 0
[TeaQL SQL][query][545us] 1 rows returned outcome=success batchOutcome=not_applicable comment=matched update lookup purpose=matched benchmark write auditReason= tracePath=[0:OPERATION:Merchant=query -> 1:REQUEST:Merchant= -> 2:PROVIDER:postgresql= -> 3:SQL:select=] mutationLineage=[]
SQL: -- TeaQL PLAIN
SELECT id, name, code, external_id AS externalId, task_life_hours AS taskLifeHours, platform, version FROM merchant_data WHERE (version > 0) AND (external_id = 'matched-merchant') LIMIT 1000 OFFSET 0
[TeaQL SQL][mutation][423us] 1 rows affected outcome=success batchOutcome=not_applicable comment= purpose= auditReason=matched benchmark update tracePath=[0:OPERATION:Merchant=mutation -> 1:ENTITY:Merchant= -> 2:PROVIDER:postgresql= -> 3:SQL:update=] mutationLineage=[0:AUDIT_REASON:Merchant#1=matched benchmark update]
SQL: -- TeaQL PLAIN
UPDATE merchant_data SET task_life_hours = 49 , version = 372 WHERE id = 1 AND version = 371
[TeaQL SQL][query][368us] 1 rows returned outcome=success batchOutcome=not_applicable comment=matched benchmark update purpose=runtime: read authoritative persisted mutation result auditReason=matched benchmark update tracePath=[0:OPERATION:Merchant=query -> 1:REQUEST:Merchant= -> 2:PROVIDER:postgresql= -> 3:SQL:select=] mutationLineage=[0:AUDIT_REASON:Merchant#1=matched benchmark update]
SQL: -- TeaQL PLAIN
SELECT * FROM merchant_data WHERE id = 1
[TeaQL SQL][query][305us] 1 rows returned outcome=success batchOutcome=not_applicable comment=matched merchant read with relation purpose=matched benchmark read auditReason= tracePath=[0:OPERATION:Merchant=query -> 1:REQUEST:Merchant= -> 2:PROVIDER:postgresql= -> 3:SQL:select=] mutationLineage=[]
SQL: -- TeaQL PLAIN
SELECT id, name, code, external_id AS externalId, task_life_hours AS taskLifeHours, version, platform FROM merchant_data WHERE (version > 0) AND (external_id = 'matched-merchant') LIMIT 1000 OFFSET 0
[TeaQL SQL][query][402us] 1 rows returned outcome=success batchOutcome=not_applicable comment=matched merchant read with relation purpose=matched benchmark read auditReason= tracePath=[0:OPERATION:Merchant=query -> 1:REQUEST:Merchant= -> 2:RELATION:platform=Merchant.platform -> 3:PROVIDER:postgresql= -> 4:SQL:select=] mutationLineage=[]
SQL: -- TeaQL PLAIN
SELECT id, create_time AS createTime, last_update_time AS lastUpdateTime, name, version FROM platform_data WHERE (version > 0) AND (id = 1) LIMIT 1 OFFSET 0
[TeaQL SQL][query][455us] 1 rows returned outcome=success batchOutcome=not_applicable comment=matched update lookup purpose=matched benchmark write auditReason= tracePath=[0:OPERATION:Merchant=query -> 1:REQUEST:Merchant= -> 2:PROVIDER:postgresql= -> 3:SQL:select=] mutationLineage=[]
SQL: -- TeaQL PLAIN
SELECT id, name, code, external_id AS externalId, task_life_hours AS taskLifeHours, platform, version FROM merchant_data WHERE (version > 0) AND (external_id = 'matched-merchant') LIMIT 1000 OFFSET 0
[TeaQL SQL][mutation][425us] 1 rows affected outcome=success batchOutcome=not_applicable comment= purpose= auditReason=matched benchmark update tracePath=[0:OPERATION:Merchant=mutation -> 1:ENTITY:Merchant= -> 2:PROVIDER:postgresql= -> 3:SQL:update=] mutationLineage=[0:AUDIT_REASON:Merchant#1=matched benchmark update]
SQL: -- TeaQL PLAIN
UPDATE merchant_data SET task_life_hours = 48 , version = 373 WHERE id = 1 AND version = 372
[TeaQL SQL][query][312us] 1 rows returned outcome=success batchOutcome=not_applicable comment=matched benchmark update purpose=runtime: read authoritative persisted mutation result auditReason=matched benchmark update tracePath=[0:OPERATION:Merchant=query -> 1:REQUEST:Merchant= -> 2:PROVIDER:postgresql= -> 3:SQL:select=] mutationLineage=[0:AUDIT_REASON:Merchant#1=matched benchmark update]
SQL: -- TeaQL PLAIN
SELECT * FROM merchant_data WHERE id = 1
[TeaQL SQL][query][370us] 1 rows returned outcome=success batchOutcome=not_applicable comment=matched merchant read with relation purpose=matched benchmark read auditReason= tracePath=[0:OPERATION:Merchant=query -> 1:REQUEST:Merchant= -> 2:PROVIDER:postgresql= -> 3:SQL:select=] mutationLineage=[]
SQL: -- TeaQL PLAIN
SELECT id, name, code, external_id AS externalId, task_life_hours AS taskLifeHours, version, platform FROM merchant_data WHERE (version > 0) AND (external_id = 'matched-merchant') LIMIT 1000 OFFSET 0
[TeaQL SQL][query][341us] 1 rows returned outcome=success batchOutcome=not_applicable comment=matched merchant read with relation purpose=matched benchmark read auditReason= tracePath=[0:OPERATION:Merchant=query -> 1:REQUEST:Merchant= -> 2:RELATION:platform=Merchant.platform -> 3:PROVIDER:postgresql= -> 4:SQL:select=] mutationLineage=[]
SQL: -- TeaQL PLAIN
SELECT id, create_time AS createTime, last_update_time AS lastUpdateTime, name, version FROM platform_data WHERE (version > 0) AND (id = 1) LIMIT 1 OFFSET 0
[TeaQL SQL][query][549us] 1 rows returned outcome=success batchOutcome=not_applicable comment=matched update lookup purpose=matched benchmark write auditReason= tracePath=[0:OPERATION:Merchant=query -> 1:REQUEST:Merchant= -> 2:PROVIDER:postgresql= -> 3:SQL:select=] mutationLineage=[]
SQL: -- TeaQL PLAIN
SELECT id, name, code, external_id AS externalId, task_life_hours AS taskLifeHours, platform, version FROM merchant_data WHERE (version > 0) AND (external_id = 'matched-merchant') LIMIT 1000 OFFSET 0
[TeaQL SQL][mutation][441us] 1 rows affected outcome=success batchOutcome=not_applicable comment= purpose= auditReason=matched benchmark update tracePath=[0:OPERATION:Merchant=mutation -> 1:ENTITY:Merchant= -> 2:PROVIDER:postgresql= -> 3:SQL:update=] mutationLineage=[0:AUDIT_REASON:Merchant#1=matched benchmark update]
SQL: -- TeaQL PLAIN
UPDATE merchant_data SET task_life_hours = 49 , version = 374 WHERE id = 1 AND version = 373
[TeaQL SQL][query][341us] 1 rows returned outcome=success batchOutcome=not_applicable comment=matched benchmark update purpose=runtime: read authoritative persisted mutation result auditReason=matched benchmark update tracePath=[0:OPERATION:Merchant=query -> 1:REQUEST:Merchant= -> 2:PROVIDER:postgresql= -> 3:SQL:select=] mutationLineage=[0:AUDIT_REASON:Merchant#1=matched benchmark update]
SQL: -- TeaQL PLAIN
SELECT * FROM merchant_data WHERE id = 1
[TeaQL SQL][query][347us] 1 rows returned outcome=success batchOutcome=not_applicable comment=matched merchant read with relation purpose=matched benchmark read auditReason= tracePath=[0:OPERATION:Merchant=query -> 1:REQUEST:Merchant= -> 2:PROVIDER:postgresql= -> 3:SQL:select=] mutationLineage=[]
SQL: -- TeaQL PLAIN
SELECT id, name, code, external_id AS externalId, task_life_hours AS taskLifeHours, version, platform FROM merchant_data WHERE (version > 0) AND (external_id = 'matched-merchant') LIMIT 1000 OFFSET 0
[TeaQL SQL][query][357us] 1 rows returned outcome=success batchOutcome=not_applicable comment=matched merchant read with relation purpose=matched benchmark read auditReason= tracePath=[0:OPERATION:Merchant=query -> 1:REQUEST:Merchant= -> 2:RELATION:platform=Merchant.platform -> 3:PROVIDER:postgresql= -> 4:SQL:select=] mutationLineage=[]
SQL: -- TeaQL PLAIN
SELECT id, create_time AS createTime, last_update_time AS lastUpdateTime, name, version FROM platform_data WHERE (version > 0) AND (id = 1) LIMIT 1 OFFSET 0
[TeaQL SQL][query][530us] 1 rows returned outcome=success batchOutcome=not_applicable comment=matched update lookup purpose=matched benchmark write auditReason= tracePath=[0:OPERATION:Merchant=query -> 1:REQUEST:Merchant= -> 2:PROVIDER:postgresql= -> 3:SQL:select=] mutationLineage=[]
SQL: -- TeaQL PLAIN
SELECT id, name, code, external_id AS externalId, task_life_hours AS taskLifeHours, platform, version FROM merchant_data WHERE (version > 0) AND (external_id = 'matched-merchant') LIMIT 1000 OFFSET 0
[TeaQL SQL][mutation][534us] 1 rows affected outcome=success batchOutcome=not_applicable comment= purpose= auditReason=matched benchmark update tracePath=[0:OPERATION:Merchant=mutation -> 1:ENTITY:Merchant= -> 2:PROVIDER:postgresql= -> 3:SQL:update=] mutationLineage=[0:AUDIT_REASON:Merchant#1=matched benchmark update]
SQL: -- TeaQL PLAIN
UPDATE merchant_data SET task_life_hours = 48 , version = 375 WHERE id = 1 AND version = 374
[TeaQL SQL][query][292us] 1 rows returned outcome=success batchOutcome=not_applicable comment=matched benchmark update purpose=runtime: read authoritative persisted mutation result auditReason=matched benchmark update tracePath=[0:OPERATION:Merchant=query -> 1:REQUEST:Merchant= -> 2:PROVIDER:postgresql= -> 3:SQL:select=] mutationLineage=[0:AUDIT_REASON:Merchant#1=matched benchmark update]
SQL: -- TeaQL PLAIN
SELECT * FROM merchant_data WHERE id = 1
[TeaQL SQL][query][375us] 1 rows returned outcome=success batchOutcome=not_applicable comment=matched merchant read with relation purpose=matched benchmark read auditReason= tracePath=[0:OPERATION:Merchant=query -> 1:REQUEST:Merchant= -> 2:PROVIDER:postgresql= -> 3:SQL:select=] mutationLineage=[]
SQL: -- TeaQL PLAIN
SELECT id, name, code, external_id AS externalId, task_life_hours AS taskLifeHours, version, platform FROM merchant_data WHERE (version > 0) AND (external_id = 'matched-merchant') LIMIT 1000 OFFSET 0
[TeaQL SQL][query][355us] 1 rows returned outcome=success batchOutcome=not_applicable comment=matched merchant read with relation purpose=matched benchmark read auditReason= tracePath=[0:OPERATION:Merchant=query -> 1:REQUEST:Merchant= -> 2:RELATION:platform=Merchant.platform -> 3:PROVIDER:postgresql= -> 4:SQL:select=] mutationLineage=[]
SQL: -- TeaQL PLAIN
SELECT id, create_time AS createTime, last_update_time AS lastUpdateTime, name, version FROM platform_data WHERE (version > 0) AND (id = 1) LIMIT 1 OFFSET 0
[TeaQL SQL][query][566us] 1 rows returned outcome=success batchOutcome=not_applicable comment=matched update lookup purpose=matched benchmark write auditReason= tracePath=[0:OPERATION:Merchant=query -> 1:REQUEST:Merchant= -> 2:PROVIDER:postgresql= -> 3:SQL:select=] mutationLineage=[]
SQL: -- TeaQL PLAIN
SELECT id, name, code, external_id AS externalId, task_life_hours AS taskLifeHours, platform, version FROM merchant_data WHERE (version > 0) AND (external_id = 'matched-merchant') LIMIT 1000 OFFSET 0
[TeaQL SQL][mutation][412us] 1 rows affected outcome=success batchOutcome=not_applicable comment= purpose= auditReason=matched benchmark update tracePath=[0:OPERATION:Merchant=mutation -> 1:ENTITY:Merchant= -> 2:PROVIDER:postgresql= -> 3:SQL:update=] mutationLineage=[0:AUDIT_REASON:Merchant#1=matched benchmark update]
SQL: -- TeaQL PLAIN
UPDATE merchant_data SET task_life_hours = 49 , version = 376 WHERE id = 1 AND version = 375
[TeaQL SQL][query][393us] 1 rows returned outcome=success batchOutcome=not_applicable comment=matched benchmark update purpose=runtime: read authoritative persisted mutation result auditReason=matched benchmark update tracePath=[0:OPERATION:Merchant=query -> 1:REQUEST:Merchant= -> 2:PROVIDER:postgresql= -> 3:SQL:select=] mutationLineage=[0:AUDIT_REASON:Merchant#1=matched benchmark update]
SQL: -- TeaQL PLAIN
SELECT * FROM merchant_data WHERE id = 1
[TeaQL SQL][query][441us] 1 rows returned outcome=success batchOutcome=not_applicable comment=matched merchant read with relation purpose=matched benchmark read auditReason= tracePath=[0:OPERATION:Merchant=query -> 1:REQUEST:Merchant= -> 2:PROVIDER:postgresql= -> 3:SQL:select=] mutationLineage=[]
SQL: -- TeaQL PLAIN
SELECT id, name, code, external_id AS externalId, task_life_hours AS taskLifeHours, version, platform FROM merchant_data WHERE (version > 0) AND (external_id = 'matched-merchant') LIMIT 1000 OFFSET 0
[TeaQL SQL][query][442us] 1 rows returned outcome=success batchOutcome=not_applicable comment=matched merchant read with relation purpose=matched benchmark read auditReason= tracePath=[0:OPERATION:Merchant=query -> 1:REQUEST:Merchant= -> 2:RELATION:platform=Merchant.platform -> 3:PROVIDER:postgresql= -> 4:SQL:select=] mutationLineage=[]
SQL: -- TeaQL PLAIN
SELECT id, create_time AS createTime, last_update_time AS lastUpdateTime, name, version FROM platform_data WHERE (version > 0) AND (id = 1) LIMIT 1 OFFSET 0
[TeaQL SQL][query][470us] 1 rows returned outcome=success batchOutcome=not_applicable comment=matched update lookup purpose=matched benchmark write auditReason= tracePath=[0:OPERATION:Merchant=query -> 1:REQUEST:Merchant= -> 2:PROVIDER:postgresql= -> 3:SQL:select=] mutationLineage=[]
SQL: -- TeaQL PLAIN
SELECT id, name, code, external_id AS externalId, task_life_hours AS taskLifeHours, platform, version FROM merchant_data WHERE (version > 0) AND (external_id = 'matched-merchant') LIMIT 1000 OFFSET 0
[TeaQL SQL][mutation][391us] 1 rows affected outcome=success batchOutcome=not_applicable comment= purpose= auditReason=matched benchmark update tracePath=[0:OPERATION:Merchant=mutation -> 1:ENTITY:Merchant= -> 2:PROVIDER:postgresql= -> 3:SQL:update=] mutationLineage=[0:AUDIT_REASON:Merchant#1=matched benchmark update]
SQL: -- TeaQL PLAIN
UPDATE merchant_data SET task_life_hours = 48 , version = 377 WHERE id = 1 AND version = 376
[TeaQL SQL][query][316us] 1 rows returned outcome=success batchOutcome=not_applicable comment=matched benchmark update purpose=runtime: read authoritative persisted mutation result auditReason=matched benchmark update tracePath=[0:OPERATION:Merchant=query -> 1:REQUEST:Merchant= -> 2:PROVIDER:postgresql= -> 3:SQL:select=] mutationLineage=[0:AUDIT_REASON:Merchant#1=matched benchmark update]
SQL: -- TeaQL PLAIN
SELECT * FROM merchant_data WHERE id = 1
[TeaQL SQL][query][438us] 1 rows returned outcome=success batchOutcome=not_applicable comment=matched merchant read with relation purpose=matched benchmark read auditReason= tracePath=[0:OPERATION:Merchant=query -> 1:REQUEST:Merchant= -> 2:PROVIDER:postgresql= -> 3:SQL:select=] mutationLineage=[]
SQL: -- TeaQL PLAIN
SELECT id, name, code, external_id AS externalId, task_life_hours AS taskLifeHours, version, platform FROM merchant_data WHERE (version > 0) AND (external_id = 'matched-merchant') LIMIT 1000 OFFSET 0
[TeaQL SQL][query][363us] 1 rows returned outcome=success batchOutcome=not_applicable comment=matched merchant read with relation purpose=matched benchmark read auditReason= tracePath=[0:OPERATION:Merchant=query -> 1:REQUEST:Merchant= -> 2:RELATION:platform=Merchant.platform -> 3:PROVIDER:postgresql= -> 4:SQL:select=] mutationLineage=[]
SQL: -- TeaQL PLAIN
SELECT id, create_time AS createTime, last_update_time AS lastUpdateTime, name, version FROM platform_data WHERE (version > 0) AND (id = 1) LIMIT 1 OFFSET 0
[TeaQL SQL][query][572us] 1 rows returned outcome=success batchOutcome=not_applicable comment=matched update lookup purpose=matched benchmark write auditReason= tracePath=[0:OPERATION:Merchant=query -> 1:REQUEST:Merchant= -> 2:PROVIDER:postgresql= -> 3:SQL:select=] mutationLineage=[]
SQL: -- TeaQL PLAIN
SELECT id, name, code, external_id AS externalId, task_life_hours AS taskLifeHours, platform, version FROM merchant_data WHERE (version > 0) AND (external_id = 'matched-merchant') LIMIT 1000 OFFSET 0
[TeaQL SQL][mutation][456us] 1 rows affected outcome=success batchOutcome=not_applicable comment= purpose= auditReason=matched benchmark update tracePath=[0:OPERATION:Merchant=mutation -> 1:ENTITY:Merchant= -> 2:PROVIDER:postgresql= -> 3:SQL:update=] mutationLineage=[0:AUDIT_REASON:Merchant#1=matched benchmark update]
SQL: -- TeaQL PLAIN
UPDATE merchant_data SET task_life_hours = 49 , version = 378 WHERE id = 1 AND version = 377
[TeaQL SQL][query][369us] 1 rows returned outcome=success batchOutcome=not_applicable comment=matched benchmark update purpose=runtime: read authoritative persisted mutation result auditReason=matched benchmark update tracePath=[0:OPERATION:Merchant=query -> 1:REQUEST:Merchant= -> 2:PROVIDER:postgresql= -> 3:SQL:select=] mutationLineage=[0:AUDIT_REASON:Merchant#1=matched benchmark update]
SQL: -- TeaQL PLAIN
SELECT * FROM merchant_data WHERE id = 1
[TeaQL SQL][query][368us] 1 rows returned outcome=success batchOutcome=not_applicable comment=matched merchant read with relation purpose=matched benchmark read auditReason= tracePath=[0:OPERATION:Merchant=query -> 1:REQUEST:Merchant= -> 2:PROVIDER:postgresql= -> 3:SQL:select=] mutationLineage=[]
SQL: -- TeaQL PLAIN
SELECT id, name, code, external_id AS externalId, task_life_hours AS taskLifeHours, version, platform FROM merchant_data WHERE (version > 0) AND (external_id = 'matched-merchant') LIMIT 1000 OFFSET 0
[TeaQL SQL][query][351us] 1 rows returned outcome=success batchOutcome=not_applicable comment=matched merchant read with relation purpose=matched benchmark read auditReason= tracePath=[0:OPERATION:Merchant=query -> 1:REQUEST:Merchant= -> 2:RELATION:platform=Merchant.platform -> 3:PROVIDER:postgresql= -> 4:SQL:select=] mutationLineage=[]
SQL: -- TeaQL PLAIN
SELECT id, create_time AS createTime, last_update_time AS lastUpdateTime, name, version FROM platform_data WHERE (version > 0) AND (id = 1) LIMIT 1 OFFSET 0
[TeaQL SQL][query][592us] 1 rows returned outcome=success batchOutcome=not_applicable comment=matched update lookup purpose=matched benchmark write auditReason= tracePath=[0:OPERATION:Merchant=query -> 1:REQUEST:Merchant= -> 2:PROVIDER:postgresql= -> 3:SQL:select=] mutationLineage=[]
SQL: -- TeaQL PLAIN
SELECT id, name, code, external_id AS externalId, task_life_hours AS taskLifeHours, platform, version FROM merchant_data WHERE (version > 0) AND (external_id = 'matched-merchant') LIMIT 1000 OFFSET 0
[TeaQL SQL][mutation][469us] 1 rows affected outcome=success batchOutcome=not_applicable comment= purpose= auditReason=matched benchmark update tracePath=[0:OPERATION:Merchant=mutation -> 1:ENTITY:Merchant= -> 2:PROVIDER:postgresql= -> 3:SQL:update=] mutationLineage=[0:AUDIT_REASON:Merchant#1=matched benchmark update]
SQL: -- TeaQL PLAIN
UPDATE merchant_data SET task_life_hours = 48 , version = 379 WHERE id = 1 AND version = 378
[TeaQL SQL][query][397us] 1 rows returned outcome=success batchOutcome=not_applicable comment=matched benchmark update purpose=runtime: read authoritative persisted mutation result auditReason=matched benchmark update tracePath=[0:OPERATION:Merchant=query -> 1:REQUEST:Merchant= -> 2:PROVIDER:postgresql= -> 3:SQL:select=] mutationLineage=[0:AUDIT_REASON:Merchant#1=matched benchmark update]
SQL: -- TeaQL PLAIN
SELECT * FROM merchant_data WHERE id = 1
[TeaQL SQL][query][422us] 1 rows returned outcome=success batchOutcome=not_applicable comment=matched merchant read with relation purpose=matched benchmark read auditReason= tracePath=[0:OPERATION:Merchant=query -> 1:REQUEST:Merchant= -> 2:PROVIDER:postgresql= -> 3:SQL:select=] mutationLineage=[]
SQL: -- TeaQL PLAIN
SELECT id, name, code, external_id AS externalId, task_life_hours AS taskLifeHours, version, platform FROM merchant_data WHERE (version > 0) AND (external_id = 'matched-merchant') LIMIT 1000 OFFSET 0
[TeaQL SQL][query][377us] 1 rows returned outcome=success batchOutcome=not_applicable comment=matched merchant read with relation purpose=matched benchmark read auditReason= tracePath=[0:OPERATION:Merchant=query -> 1:REQUEST:Merchant= -> 2:RELATION:platform=Merchant.platform -> 3:PROVIDER:postgresql= -> 4:SQL:select=] mutationLineage=[]
SQL: -- TeaQL PLAIN
SELECT id, create_time AS createTime, last_update_time AS lastUpdateTime, name, version FROM platform_data WHERE (version > 0) AND (id = 1) LIMIT 1 OFFSET 0
[TeaQL SQL][query][596us] 1 rows returned outcome=success batchOutcome=not_applicable comment=matched update lookup purpose=matched benchmark write auditReason= tracePath=[0:OPERATION:Merchant=query -> 1:REQUEST:Merchant= -> 2:PROVIDER:postgresql= -> 3:SQL:select=] mutationLineage=[]
SQL: -- TeaQL PLAIN
SELECT id, name, code, external_id AS externalId, task_life_hours AS taskLifeHours, platform, version FROM merchant_data WHERE (version > 0) AND (external_id = 'matched-merchant') LIMIT 1000 OFFSET 0
[TeaQL SQL][mutation][459us] 1 rows affected outcome=success batchOutcome=not_applicable comment= purpose= auditReason=matched benchmark update tracePath=[0:OPERATION:Merchant=mutation -> 1:ENTITY:Merchant= -> 2:PROVIDER:postgresql= -> 3:SQL:update=] mutationLineage=[0:AUDIT_REASON:Merchant#1=matched benchmark update]
SQL: -- TeaQL PLAIN
UPDATE merchant_data SET task_life_hours = 49 , version = 380 WHERE id = 1 AND version = 379
[TeaQL SQL][query][396us] 1 rows returned outcome=success batchOutcome=not_applicable comment=matched benchmark update purpose=runtime: read authoritative persisted mutation result auditReason=matched benchmark update tracePath=[0:OPERATION:Merchant=query -> 1:REQUEST:Merchant= -> 2:PROVIDER:postgresql= -> 3:SQL:select=] mutationLineage=[0:AUDIT_REASON:Merchant#1=matched benchmark update]
SQL: -- TeaQL PLAIN
SELECT * FROM merchant_data WHERE id = 1
[TeaQL SQL][query][447us] 1 rows returned outcome=success batchOutcome=not_applicable comment=matched merchant read with relation purpose=matched benchmark read auditReason= tracePath=[0:OPERATION:Merchant=query -> 1:REQUEST:Merchant= -> 2:PROVIDER:postgresql= -> 3:SQL:select=] mutationLineage=[]
SQL: -- TeaQL PLAIN
SELECT id, name, code, external_id AS externalId, task_life_hours AS taskLifeHours, version, platform FROM merchant_data WHERE (version > 0) AND (external_id = 'matched-merchant') LIMIT 1000 OFFSET 0
[TeaQL SQL][query][391us] 1 rows returned outcome=success batchOutcome=not_applicable comment=matched merchant read with relation purpose=matched benchmark read auditReason= tracePath=[0:OPERATION:Merchant=query -> 1:REQUEST:Merchant= -> 2:RELATION:platform=Merchant.platform -> 3:PROVIDER:postgresql= -> 4:SQL:select=] mutationLineage=[]
SQL: -- TeaQL PLAIN
SELECT id, create_time AS createTime, last_update_time AS lastUpdateTime, name, version FROM platform_data WHERE (version > 0) AND (id = 1) LIMIT 1 OFFSET 0
[TeaQL SQL][query][535us] 1 rows returned outcome=success batchOutcome=not_applicable comment=matched update lookup purpose=matched benchmark write auditReason= tracePath=[0:OPERATION:Merchant=query -> 1:REQUEST:Merchant= -> 2:PROVIDER:postgresql= -> 3:SQL:select=] mutationLineage=[]
SQL: -- TeaQL PLAIN
SELECT id, name, code, external_id AS externalId, task_life_hours AS taskLifeHours, platform, version FROM merchant_data WHERE (version > 0) AND (external_id = 'matched-merchant') LIMIT 1000 OFFSET 0
[TeaQL SQL][mutation][433us] 1 rows affected outcome=success batchOutcome=not_applicable comment= purpose= auditReason=matched benchmark update tracePath=[0:OPERATION:Merchant=mutation -> 1:ENTITY:Merchant= -> 2:PROVIDER:postgresql= -> 3:SQL:update=] mutationLineage=[0:AUDIT_REASON:Merchant#1=matched benchmark update]
SQL: -- TeaQL PLAIN
UPDATE merchant_data SET task_life_hours = 48 , version = 381 WHERE id = 1 AND version = 380
[TeaQL SQL][query][337us] 1 rows returned outcome=success batchOutcome=not_applicable comment=matched benchmark update purpose=runtime: read authoritative persisted mutation result auditReason=matched benchmark update tracePath=[0:OPERATION:Merchant=query -> 1:REQUEST:Merchant= -> 2:PROVIDER:postgresql= -> 3:SQL:select=] mutationLineage=[0:AUDIT_REASON:Merchant#1=matched benchmark update]
SQL: -- TeaQL PLAIN
SELECT * FROM merchant_data WHERE id = 1
[TeaQL SQL][query][375us] 1 rows returned outcome=success batchOutcome=not_applicable comment=matched merchant read with relation purpose=matched benchmark read auditReason= tracePath=[0:OPERATION:Merchant=query -> 1:REQUEST:Merchant= -> 2:PROVIDER:postgresql= -> 3:SQL:select=] mutationLineage=[]
SQL: -- TeaQL PLAIN
SELECT id, name, code, external_id AS externalId, task_life_hours AS taskLifeHours, version, platform FROM merchant_data WHERE (version > 0) AND (external_id = 'matched-merchant') LIMIT 1000 OFFSET 0
[TeaQL SQL][query][406us] 1 rows returned outcome=success batchOutcome=not_applicable comment=matched merchant read with relation purpose=matched benchmark read auditReason= tracePath=[0:OPERATION:Merchant=query -> 1:REQUEST:Merchant= -> 2:RELATION:platform=Merchant.platform -> 3:PROVIDER:postgresql= -> 4:SQL:select=] mutationLineage=[]
SQL: -- TeaQL PLAIN
SELECT id, create_time AS createTime, last_update_time AS lastUpdateTime, name, version FROM platform_data WHERE (version > 0) AND (id = 1) LIMIT 1 OFFSET 0
[TeaQL SQL][query][608us] 1 rows returned outcome=success batchOutcome=not_applicable comment=matched update lookup purpose=matched benchmark write auditReason= tracePath=[0:OPERATION:Merchant=query -> 1:REQUEST:Merchant= -> 2:PROVIDER:postgresql= -> 3:SQL:select=] mutationLineage=[]
SQL: -- TeaQL PLAIN
SELECT id, name, code, external_id AS externalId, task_life_hours AS taskLifeHours, platform, version FROM merchant_data WHERE (version > 0) AND (external_id = 'matched-merchant') LIMIT 1000 OFFSET 0
[TeaQL SQL][mutation][499us] 1 rows affected outcome=success batchOutcome=not_applicable comment= purpose= auditReason=matched benchmark update tracePath=[0:OPERATION:Merchant=mutation -> 1:ENTITY:Merchant= -> 2:PROVIDER:postgresql= -> 3:SQL:update=] mutationLineage=[0:AUDIT_REASON:Merchant#1=matched benchmark update]
SQL: -- TeaQL PLAIN
UPDATE merchant_data SET task_life_hours = 49 , version = 382 WHERE id = 1 AND version = 381
[TeaQL SQL][query][415us] 1 rows returned outcome=success batchOutcome=not_applicable comment=matched benchmark update purpose=runtime: read authoritative persisted mutation result auditReason=matched benchmark update tracePath=[0:OPERATION:Merchant=query -> 1:REQUEST:Merchant= -> 2:PROVIDER:postgresql= -> 3:SQL:select=] mutationLineage=[0:AUDIT_REASON:Merchant#1=matched benchmark update]
SQL: -- TeaQL PLAIN
SELECT * FROM merchant_data WHERE id = 1
[TeaQL SQL][query][411us] 1 rows returned outcome=success batchOutcome=not_applicable comment=matched merchant read with relation purpose=matched benchmark read auditReason= tracePath=[0:OPERATION:Merchant=query -> 1:REQUEST:Merchant= -> 2:PROVIDER:postgresql= -> 3:SQL:select=] mutationLineage=[]
SQL: -- TeaQL PLAIN
SELECT id, name, code, external_id AS externalId, task_life_hours AS taskLifeHours, version, platform FROM merchant_data WHERE (version > 0) AND (external_id = 'matched-merchant') LIMIT 1000 OFFSET 0
[TeaQL SQL][query][393us] 1 rows returned outcome=success batchOutcome=not_applicable comment=matched merchant read with relation purpose=matched benchmark read auditReason= tracePath=[0:OPERATION:Merchant=query -> 1:REQUEST:Merchant= -> 2:RELATION:platform=Merchant.platform -> 3:PROVIDER:postgresql= -> 4:SQL:select=] mutationLineage=[]
SQL: -- TeaQL PLAIN
SELECT id, create_time AS createTime, last_update_time AS lastUpdateTime, name, version FROM platform_data WHERE (version > 0) AND (id = 1) LIMIT 1 OFFSET 0
[TeaQL SQL][query][632us] 1 rows returned outcome=success batchOutcome=not_applicable comment=matched update lookup purpose=matched benchmark write auditReason= tracePath=[0:OPERATION:Merchant=query -> 1:REQUEST:Merchant= -> 2:PROVIDER:postgresql= -> 3:SQL:select=] mutationLineage=[]
SQL: -- TeaQL PLAIN
SELECT id, name, code, external_id AS externalId, task_life_hours AS taskLifeHours, platform, version FROM merchant_data WHERE (version > 0) AND (external_id = 'matched-merchant') LIMIT 1000 OFFSET 0
[TeaQL SQL][mutation][454us] 1 rows affected outcome=success batchOutcome=not_applicable comment= purpose= auditReason=matched benchmark update tracePath=[0:OPERATION:Merchant=mutation -> 1:ENTITY:Merchant= -> 2:PROVIDER:postgresql= -> 3:SQL:update=] mutationLineage=[0:AUDIT_REASON:Merchant#1=matched benchmark update]
SQL: -- TeaQL PLAIN
UPDATE merchant_data SET task_life_hours = 48 , version = 383 WHERE id = 1 AND version = 382
[TeaQL SQL][query][393us] 1 rows returned outcome=success batchOutcome=not_applicable comment=matched benchmark update purpose=runtime: read authoritative persisted mutation result auditReason=matched benchmark update tracePath=[0:OPERATION:Merchant=query -> 1:REQUEST:Merchant= -> 2:PROVIDER:postgresql= -> 3:SQL:select=] mutationLineage=[0:AUDIT_REASON:Merchant#1=matched benchmark update]
SQL: -- TeaQL PLAIN
SELECT * FROM merchant_data WHERE id = 1
[TeaQL SQL][query][391us] 1 rows returned outcome=success batchOutcome=not_applicable comment=matched merchant read with relation purpose=matched benchmark read auditReason= tracePath=[0:OPERATION:Merchant=query -> 1:REQUEST:Merchant= -> 2:PROVIDER:postgresql= -> 3:SQL:select=] mutationLineage=[]
SQL: -- TeaQL PLAIN
SELECT id, name, code, external_id AS externalId, task_life_hours AS taskLifeHours, version, platform FROM merchant_data WHERE (version > 0) AND (external_id = 'matched-merchant') LIMIT 1000 OFFSET 0
[TeaQL SQL][query][396us] 1 rows returned outcome=success batchOutcome=not_applicable comment=matched merchant read with relation purpose=matched benchmark read auditReason= tracePath=[0:OPERATION:Merchant=query -> 1:REQUEST:Merchant= -> 2:RELATION:platform=Merchant.platform -> 3:PROVIDER:postgresql= -> 4:SQL:select=] mutationLineage=[]
SQL: -- TeaQL PLAIN
SELECT id, create_time AS createTime, last_update_time AS lastUpdateTime, name, version FROM platform_data WHERE (version > 0) AND (id = 1) LIMIT 1 OFFSET 0
[TeaQL SQL][query][609us] 1 rows returned outcome=success batchOutcome=not_applicable comment=matched update lookup purpose=matched benchmark write auditReason= tracePath=[0:OPERATION:Merchant=query -> 1:REQUEST:Merchant= -> 2:PROVIDER:postgresql= -> 3:SQL:select=] mutationLineage=[]
SQL: -- TeaQL PLAIN
SELECT id, name, code, external_id AS externalId, task_life_hours AS taskLifeHours, platform, version FROM merchant_data WHERE (version > 0) AND (external_id = 'matched-merchant') LIMIT 1000 OFFSET 0
[TeaQL SQL][mutation][428us] 1 rows affected outcome=success batchOutcome=not_applicable comment= purpose= auditReason=matched benchmark update tracePath=[0:OPERATION:Merchant=mutation -> 1:ENTITY:Merchant= -> 2:PROVIDER:postgresql= -> 3:SQL:update=] mutationLineage=[0:AUDIT_REASON:Merchant#1=matched benchmark update]
SQL: -- TeaQL PLAIN
UPDATE merchant_data SET task_life_hours = 49 , version = 384 WHERE id = 1 AND version = 383
[TeaQL SQL][query][348us] 1 rows returned outcome=success batchOutcome=not_applicable comment=matched benchmark update purpose=runtime: read authoritative persisted mutation result auditReason=matched benchmark update tracePath=[0:OPERATION:Merchant=query -> 1:REQUEST:Merchant= -> 2:PROVIDER:postgresql= -> 3:SQL:select=] mutationLineage=[0:AUDIT_REASON:Merchant#1=matched benchmark update]
SQL: -- TeaQL PLAIN
SELECT * FROM merchant_data WHERE id = 1
[TeaQL SQL][query][387us] 1 rows returned outcome=success batchOutcome=not_applicable comment=matched merchant read with relation purpose=matched benchmark read auditReason= tracePath=[0:OPERATION:Merchant=query -> 1:REQUEST:Merchant= -> 2:PROVIDER:postgresql= -> 3:SQL:select=] mutationLineage=[]
SQL: -- TeaQL PLAIN
SELECT id, name, code, external_id AS externalId, task_life_hours AS taskLifeHours, version, platform FROM merchant_data WHERE (version > 0) AND (external_id = 'matched-merchant') LIMIT 1000 OFFSET 0
[TeaQL SQL][query][382us] 1 rows returned outcome=success batchOutcome=not_applicable comment=matched merchant read with relation purpose=matched benchmark read auditReason= tracePath=[0:OPERATION:Merchant=query -> 1:REQUEST:Merchant= -> 2:RELATION:platform=Merchant.platform -> 3:PROVIDER:postgresql= -> 4:SQL:select=] mutationLineage=[]
SQL: -- TeaQL PLAIN
SELECT id, create_time AS createTime, last_update_time AS lastUpdateTime, name, version FROM platform_data WHERE (version > 0) AND (id = 1) LIMIT 1 OFFSET 0
[TeaQL SQL][query][513us] 1 rows returned outcome=success batchOutcome=not_applicable comment=matched update lookup purpose=matched benchmark write auditReason= tracePath=[0:OPERATION:Merchant=query -> 1:REQUEST:Merchant= -> 2:PROVIDER:postgresql= -> 3:SQL:select=] mutationLineage=[]
SQL: -- TeaQL PLAIN
SELECT id, name, code, external_id AS externalId, task_life_hours AS taskLifeHours, platform, version FROM merchant_data WHERE (version > 0) AND (external_id = 'matched-merchant') LIMIT 1000 OFFSET 0
[TeaQL SQL][mutation][357us] 1 rows affected outcome=success batchOutcome=not_applicable comment= purpose= auditReason=matched benchmark update tracePath=[0:OPERATION:Merchant=mutation -> 1:ENTITY:Merchant= -> 2:PROVIDER:postgresql= -> 3:SQL:update=] mutationLineage=[0:AUDIT_REASON:Merchant#1=matched benchmark update]
SQL: -- TeaQL PLAIN
UPDATE merchant_data SET task_life_hours = 48 , version = 385 WHERE id = 1 AND version = 384
[TeaQL SQL][query][267us] 1 rows returned outcome=success batchOutcome=not_applicable comment=matched benchmark update purpose=runtime: read authoritative persisted mutation result auditReason=matched benchmark update tracePath=[0:OPERATION:Merchant=query -> 1:REQUEST:Merchant= -> 2:PROVIDER:postgresql= -> 3:SQL:select=] mutationLineage=[0:AUDIT_REASON:Merchant#1=matched benchmark update]
SQL: -- TeaQL PLAIN
SELECT * FROM merchant_data WHERE id = 1
[TeaQL SQL][query][412us] 1 rows returned outcome=success batchOutcome=not_applicable comment=matched merchant read with relation purpose=matched benchmark read auditReason= tracePath=[0:OPERATION:Merchant=query -> 1:REQUEST:Merchant= -> 2:PROVIDER:postgresql= -> 3:SQL:select=] mutationLineage=[]
SQL: -- TeaQL PLAIN
SELECT id, name, code, external_id AS externalId, task_life_hours AS taskLifeHours, version, platform FROM merchant_data WHERE (version > 0) AND (external_id = 'matched-merchant') LIMIT 1000 OFFSET 0
[TeaQL SQL][query][324us] 1 rows returned outcome=success batchOutcome=not_applicable comment=matched merchant read with relation purpose=matched benchmark read auditReason= tracePath=[0:OPERATION:Merchant=query -> 1:REQUEST:Merchant= -> 2:RELATION:platform=Merchant.platform -> 3:PROVIDER:postgresql= -> 4:SQL:select=] mutationLineage=[]
SQL: -- TeaQL PLAIN
SELECT id, create_time AS createTime, last_update_time AS lastUpdateTime, name, version FROM platform_data WHERE (version > 0) AND (id = 1) LIMIT 1 OFFSET 0
[TeaQL SQL][query][554us] 1 rows returned outcome=success batchOutcome=not_applicable comment=matched update lookup purpose=matched benchmark write auditReason= tracePath=[0:OPERATION:Merchant=query -> 1:REQUEST:Merchant= -> 2:PROVIDER:postgresql= -> 3:SQL:select=] mutationLineage=[]
SQL: -- TeaQL PLAIN
SELECT id, name, code, external_id AS externalId, task_life_hours AS taskLifeHours, platform, version FROM merchant_data WHERE (version > 0) AND (external_id = 'matched-merchant') LIMIT 1000 OFFSET 0
[TeaQL SQL][mutation][423us] 1 rows affected outcome=success batchOutcome=not_applicable comment= purpose= auditReason=matched benchmark update tracePath=[0:OPERATION:Merchant=mutation -> 1:ENTITY:Merchant= -> 2:PROVIDER:postgresql= -> 3:SQL:update=] mutationLineage=[0:AUDIT_REASON:Merchant#1=matched benchmark update]
SQL: -- TeaQL PLAIN
UPDATE merchant_data SET task_life_hours = 49 , version = 386 WHERE id = 1 AND version = 385
[TeaQL SQL][query][368us] 1 rows returned outcome=success batchOutcome=not_applicable comment=matched benchmark update purpose=runtime: read authoritative persisted mutation result auditReason=matched benchmark update tracePath=[0:OPERATION:Merchant=query -> 1:REQUEST:Merchant= -> 2:PROVIDER:postgresql= -> 3:SQL:select=] mutationLineage=[0:AUDIT_REASON:Merchant#1=matched benchmark update]
SQL: -- TeaQL PLAIN
SELECT * FROM merchant_data WHERE id = 1
[TeaQL SQL][query][413us] 1 rows returned outcome=success batchOutcome=not_applicable comment=matched merchant read with relation purpose=matched benchmark read auditReason= tracePath=[0:OPERATION:Merchant=query -> 1:REQUEST:Merchant= -> 2:PROVIDER:postgresql= -> 3:SQL:select=] mutationLineage=[]
SQL: -- TeaQL PLAIN
SELECT id, name, code, external_id AS externalId, task_life_hours AS taskLifeHours, version, platform FROM merchant_data WHERE (version > 0) AND (external_id = 'matched-merchant') LIMIT 1000 OFFSET 0
[TeaQL SQL][query][420us] 1 rows returned outcome=success batchOutcome=not_applicable comment=matched merchant read with relation purpose=matched benchmark read auditReason= tracePath=[0:OPERATION:Merchant=query -> 1:REQUEST:Merchant= -> 2:RELATION:platform=Merchant.platform -> 3:PROVIDER:postgresql= -> 4:SQL:select=] mutationLineage=[]
SQL: -- TeaQL PLAIN
SELECT id, create_time AS createTime, last_update_time AS lastUpdateTime, name, version FROM platform_data WHERE (version > 0) AND (id = 1) LIMIT 1 OFFSET 0
[TeaQL SQL][query][582us] 1 rows returned outcome=success batchOutcome=not_applicable comment=matched update lookup purpose=matched benchmark write auditReason= tracePath=[0:OPERATION:Merchant=query -> 1:REQUEST:Merchant= -> 2:PROVIDER:postgresql= -> 3:SQL:select=] mutationLineage=[]
SQL: -- TeaQL PLAIN
SELECT id, name, code, external_id AS externalId, task_life_hours AS taskLifeHours, platform, version FROM merchant_data WHERE (version > 0) AND (external_id = 'matched-merchant') LIMIT 1000 OFFSET 0
[TeaQL SQL][mutation][489us] 1 rows affected outcome=success batchOutcome=not_applicable comment= purpose= auditReason=matched benchmark update tracePath=[0:OPERATION:Merchant=mutation -> 1:ENTITY:Merchant= -> 2:PROVIDER:postgresql= -> 3:SQL:update=] mutationLineage=[0:AUDIT_REASON:Merchant#1=matched benchmark update]
SQL: -- TeaQL PLAIN
UPDATE merchant_data SET task_life_hours = 48 , version = 387 WHERE id = 1 AND version = 386
[TeaQL SQL][query][387us] 1 rows returned outcome=success batchOutcome=not_applicable comment=matched benchmark update purpose=runtime: read authoritative persisted mutation result auditReason=matched benchmark update tracePath=[0:OPERATION:Merchant=query -> 1:REQUEST:Merchant= -> 2:PROVIDER:postgresql= -> 3:SQL:select=] mutationLineage=[0:AUDIT_REASON:Merchant#1=matched benchmark update]
SQL: -- TeaQL PLAIN
SELECT * FROM merchant_data WHERE id = 1
[TeaQL SQL][query][414us] 1 rows returned outcome=success batchOutcome=not_applicable comment=matched merchant read with relation purpose=matched benchmark read auditReason= tracePath=[0:OPERATION:Merchant=query -> 1:REQUEST:Merchant= -> 2:PROVIDER:postgresql= -> 3:SQL:select=] mutationLineage=[]
SQL: -- TeaQL PLAIN
SELECT id, name, code, external_id AS externalId, task_life_hours AS taskLifeHours, version, platform FROM merchant_data WHERE (version > 0) AND (external_id = 'matched-merchant') LIMIT 1000 OFFSET 0
[TeaQL SQL][query][343us] 1 rows returned outcome=success batchOutcome=not_applicable comment=matched merchant read with relation purpose=matched benchmark read auditReason= tracePath=[0:OPERATION:Merchant=query -> 1:REQUEST:Merchant= -> 2:RELATION:platform=Merchant.platform -> 3:PROVIDER:postgresql= -> 4:SQL:select=] mutationLineage=[]
SQL: -- TeaQL PLAIN
SELECT id, create_time AS createTime, last_update_time AS lastUpdateTime, name, version FROM platform_data WHERE (version > 0) AND (id = 1) LIMIT 1 OFFSET 0
