Started StandaloneProbe in 0.415 seconds
[TeaQL SQL][query][249086us] 1 rows returned outcome=success batchOutcome=not_applicable comment=matched merchant read with relation purpose=matched benchmark read auditReason= tracePath=[0:OPERATION:Merchant=query -> 1:REQUEST:Merchant= -> 2:PROVIDER:postgresql= -> 3:SQL:select=] mutationLineage=[]
SQL: -- TeaQL PLAIN
SELECT id, name, code, external_id AS externalId, task_life_hours AS taskLifeHours, version, platform FROM merchant_data WHERE (version > 0) AND (external_id = 'matched-merchant') LIMIT 1000 OFFSET 0
[TeaQL SQL][query][1751us] 1 rows returned outcome=success batchOutcome=not_applicable comment=matched merchant read with relation purpose=matched benchmark read auditReason= tracePath=[0:OPERATION:Merchant=query -> 1:REQUEST:Merchant= -> 2:RELATION:platform=Merchant.platform -> 3:PROVIDER:postgresql= -> 4:SQL:select=] mutationLineage=[]
SQL: -- TeaQL PLAIN
SELECT id, create_time AS createTime, last_update_time AS lastUpdateTime, name, version FROM platform_data WHERE (version > 0) AND (id = 1) LIMIT 1 OFFSET 0
[TeaQL SQL][query][834us] 1 rows returned outcome=success batchOutcome=not_applicable comment=matched merchant read with relation purpose=matched benchmark read auditReason= tracePath=[0:OPERATION:Merchant=query -> 1:REQUEST:Merchant= -> 2:PROVIDER:postgresql= -> 3:SQL:select=] mutationLineage=[]
SQL: -- TeaQL PLAIN
SELECT id, name, code, external_id AS externalId, task_life_hours AS taskLifeHours, version, platform FROM merchant_data WHERE (version > 0) AND (external_id = 'matched-merchant') LIMIT 1000 OFFSET 0
[TeaQL SQL][query][910us] 1 rows returned outcome=success batchOutcome=not_applicable comment=matched merchant read with relation purpose=matched benchmark read auditReason= tracePath=[0:OPERATION:Merchant=query -> 1:REQUEST:Merchant= -> 2:RELATION:platform=Merchant.platform -> 3:PROVIDER:postgresql= -> 4:SQL:select=] mutationLineage=[]
SQL: -- TeaQL PLAIN
SELECT id, create_time AS createTime, last_update_time AS lastUpdateTime, name, version FROM platform_data WHERE (version > 0) AND (id = 1) LIMIT 1 OFFSET 0
[TeaQL SQL][query][615us] 1 rows returned outcome=success batchOutcome=not_applicable comment=matched merchant read with relation purpose=matched benchmark read auditReason= tracePath=[0:OPERATION:Merchant=query -> 1:REQUEST:Merchant= -> 2:PROVIDER:postgresql= -> 3:SQL:select=] mutationLineage=[]
SQL: -- TeaQL PLAIN
SELECT id, name, code, external_id AS externalId, task_life_hours AS taskLifeHours, version, platform FROM merchant_data WHERE (version > 0) AND (external_id = 'matched-merchant') LIMIT 1000 OFFSET 0
[TeaQL SQL][query][758us] 1 rows returned outcome=success batchOutcome=not_applicable comment=matched merchant read with relation purpose=matched benchmark read auditReason= tracePath=[0:OPERATION:Merchant=query -> 1:REQUEST:Merchant= -> 2:RELATION:platform=Merchant.platform -> 3:PROVIDER:postgresql= -> 4:SQL:select=] mutationLineage=[]
SQL: -- TeaQL PLAIN
SELECT id, create_time AS createTime, last_update_time AS lastUpdateTime, name, version FROM platform_data WHERE (version > 0) AND (id = 1) LIMIT 1 OFFSET 0
[TeaQL SQL][query][694us] 1 rows returned outcome=success batchOutcome=not_applicable comment=matched merchant read with relation purpose=matched benchmark read auditReason= tracePath=[0:OPERATION:Merchant=query -> 1:REQUEST:Merchant= -> 2:PROVIDER:postgresql= -> 3:SQL:select=] mutationLineage=[]
SQL: -- TeaQL PLAIN
SELECT id, name, code, external_id AS externalId, task_life_hours AS taskLifeHours, version, platform FROM merchant_data WHERE (version > 0) AND (external_id = 'matched-merchant') LIMIT 1000 OFFSET 0
[TeaQL SQL][query][708us] 1 rows returned outcome=success batchOutcome=not_applicable comment=matched merchant read with relation purpose=matched benchmark read auditReason= tracePath=[0:OPERATION:Merchant=query -> 1:REQUEST:Merchant= -> 2:RELATION:platform=Merchant.platform -> 3:PROVIDER:postgresql= -> 4:SQL:select=] mutationLineage=[]
SQL: -- TeaQL PLAIN
SELECT id, create_time AS createTime, last_update_time AS lastUpdateTime, name, version FROM platform_data WHERE (version > 0) AND (id = 1) LIMIT 1 OFFSET 0
[TeaQL SQL][query][806us] 1 rows returned outcome=success batchOutcome=not_applicable comment=matched merchant read with relation purpose=matched benchmark read auditReason= tracePath=[0:OPERATION:Merchant=query -> 1:REQUEST:Merchant= -> 2:PROVIDER:postgresql= -> 3:SQL:select=] mutationLineage=[]
SQL: -- TeaQL PLAIN
SELECT id, name, code, external_id AS externalId, task_life_hours AS taskLifeHours, version, platform FROM merchant_data WHERE (version > 0) AND (external_id = 'matched-merchant') LIMIT 1000 OFFSET 0
[TeaQL SQL][query][730us] 1 rows returned outcome=success batchOutcome=not_applicable comment=matched merchant read with relation purpose=matched benchmark read auditReason= tracePath=[0:OPERATION:Merchant=query -> 1:REQUEST:Merchant= -> 2:RELATION:platform=Merchant.platform -> 3:PROVIDER:postgresql= -> 4:SQL:select=] mutationLineage=[]
SQL: -- TeaQL PLAIN
SELECT id, create_time AS createTime, last_update_time AS lastUpdateTime, name, version FROM platform_data WHERE (version > 0) AND (id = 1) LIMIT 1 OFFSET 0
[TeaQL SQL][query][616us] 1 rows returned outcome=success batchOutcome=not_applicable comment=matched merchant read with relation purpose=matched benchmark read auditReason= tracePath=[0:OPERATION:Merchant=query -> 1:REQUEST:Merchant= -> 2:PROVIDER:postgresql= -> 3:SQL:select=] mutationLineage=[]
SQL: -- TeaQL PLAIN
SELECT id, name, code, external_id AS externalId, task_life_hours AS taskLifeHours, version, platform FROM merchant_data WHERE (version > 0) AND (external_id = 'matched-merchant') LIMIT 1000 OFFSET 0
[TeaQL SQL][query][1172us] 1 rows returned outcome=success batchOutcome=not_applicable comment=matched merchant read with relation purpose=matched benchmark read auditReason= tracePath=[0:OPERATION:Merchant=query -> 1:REQUEST:Merchant= -> 2:RELATION:platform=Merchant.platform -> 3:PROVIDER:postgresql= -> 4:SQL:select=] mutationLineage=[]
SQL: -- TeaQL PLAIN
SELECT id, create_time AS createTime, last_update_time AS lastUpdateTime, name, version FROM platform_data WHERE (version > 0) AND (id = 1) LIMIT 1 OFFSET 0
[TeaQL SQL][query][608us] 1 rows returned outcome=success batchOutcome=not_applicable comment=matched merchant read with relation purpose=matched benchmark read auditReason= tracePath=[0:OPERATION:Merchant=query -> 1:REQUEST:Merchant= -> 2:PROVIDER:postgresql= -> 3:SQL:select=] mutationLineage=[]
SQL: -- TeaQL PLAIN
SELECT id, name, code, external_id AS externalId, task_life_hours AS taskLifeHours, version, platform FROM merchant_data WHERE (version > 0) AND (external_id = 'matched-merchant') LIMIT 1000 OFFSET 0
[TeaQL SQL][query][758us] 1 rows returned outcome=success batchOutcome=not_applicable comment=matched merchant read with relation purpose=matched benchmark read auditReason= tracePath=[0:OPERATION:Merchant=query -> 1:REQUEST:Merchant= -> 2:RELATION:platform=Merchant.platform -> 3:PROVIDER:postgresql= -> 4:SQL:select=] mutationLineage=[]
SQL: -- TeaQL PLAIN
SELECT id, create_time AS createTime, last_update_time AS lastUpdateTime, name, version FROM platform_data WHERE (version > 0) AND (id = 1) LIMIT 1 OFFSET 0
[TeaQL SQL][query][575us] 1 rows returned outcome=success batchOutcome=not_applicable comment=matched merchant read with relation purpose=matched benchmark read auditReason= tracePath=[0:OPERATION:Merchant=query -> 1:REQUEST:Merchant= -> 2:PROVIDER:postgresql= -> 3:SQL:select=] mutationLineage=[]
SQL: -- TeaQL PLAIN
SELECT id, name, code, external_id AS externalId, task_life_hours AS taskLifeHours, version, platform FROM merchant_data WHERE (version > 0) AND (external_id = 'matched-merchant') LIMIT 1000 OFFSET 0
[TeaQL SQL][query][661us] 1 rows returned outcome=success batchOutcome=not_applicable comment=matched merchant read with relation purpose=matched benchmark read auditReason= tracePath=[0:OPERATION:Merchant=query -> 1:REQUEST:Merchant= -> 2:RELATION:platform=Merchant.platform -> 3:PROVIDER:postgresql= -> 4:SQL:select=] mutationLineage=[]
SQL: -- TeaQL PLAIN
SELECT id, create_time AS createTime, last_update_time AS lastUpdateTime, name, version FROM platform_data WHERE (version > 0) AND (id = 1) LIMIT 1 OFFSET 0
[TeaQL SQL][query][621us] 1 rows returned outcome=success batchOutcome=not_applicable comment=matched merchant read with relation purpose=matched benchmark read auditReason= tracePath=[0:OPERATION:Merchant=query -> 1:REQUEST:Merchant= -> 2:PROVIDER:postgresql= -> 3:SQL:select=] mutationLineage=[]
SQL: -- TeaQL PLAIN
SELECT id, name, code, external_id AS externalId, task_life_hours AS taskLifeHours, version, platform FROM merchant_data WHERE (version > 0) AND (external_id = 'matched-merchant') LIMIT 1000 OFFSET 0
[TeaQL SQL][query][692us] 1 rows returned outcome=success batchOutcome=not_applicable comment=matched merchant read with relation purpose=matched benchmark read auditReason= tracePath=[0:OPERATION:Merchant=query -> 1:REQUEST:Merchant= -> 2:RELATION:platform=Merchant.platform -> 3:PROVIDER:postgresql= -> 4:SQL:select=] mutationLineage=[]
SQL: -- TeaQL PLAIN
SELECT id, create_time AS createTime, last_update_time AS lastUpdateTime, name, version FROM platform_data WHERE (version > 0) AND (id = 1) LIMIT 1 OFFSET 0
[TeaQL SQL][query][531us] 1 rows returned outcome=success batchOutcome=not_applicable comment=matched merchant read with relation purpose=matched benchmark read auditReason= tracePath=[0:OPERATION:Merchant=query -> 1:REQUEST:Merchant= -> 2:PROVIDER:postgresql= -> 3:SQL:select=] mutationLineage=[]
SQL: -- TeaQL PLAIN
SELECT id, name, code, external_id AS externalId, task_life_hours AS taskLifeHours, version, platform FROM merchant_data WHERE (version > 0) AND (external_id = 'matched-merchant') LIMIT 1000 OFFSET 0
[TeaQL SQL][query][630us] 1 rows returned outcome=success batchOutcome=not_applicable comment=matched merchant read with relation purpose=matched benchmark read auditReason= tracePath=[0:OPERATION:Merchant=query -> 1:REQUEST:Merchant= -> 2:RELATION:platform=Merchant.platform -> 3:PROVIDER:postgresql= -> 4:SQL:select=] mutationLineage=[]
SQL: -- TeaQL PLAIN
SELECT id, create_time AS createTime, last_update_time AS lastUpdateTime, name, version FROM platform_data WHERE (version > 0) AND (id = 1) LIMIT 1 OFFSET 0
[TeaQL SQL][query][427us] 1 rows returned outcome=success batchOutcome=not_applicable comment=matched merchant read with relation purpose=matched benchmark read auditReason= tracePath=[0:OPERATION:Merchant=query -> 1:REQUEST:Merchant= -> 2:PROVIDER:postgresql= -> 3:SQL:select=] mutationLineage=[]
SQL: -- TeaQL PLAIN
SELECT id, name, code, external_id AS externalId, task_life_hours AS taskLifeHours, version, platform FROM merchant_data WHERE (version > 0) AND (external_id = 'matched-merchant') LIMIT 1000 OFFSET 0
[TeaQL SQL][query][572us] 1 rows returned outcome=success batchOutcome=not_applicable comment=matched merchant read with relation purpose=matched benchmark read auditReason= tracePath=[0:OPERATION:Merchant=query -> 1:REQUEST:Merchant= -> 2:RELATION:platform=Merchant.platform -> 3:PROVIDER:postgresql= -> 4:SQL:select=] mutationLineage=[]
SQL: -- TeaQL PLAIN
SELECT id, create_time AS createTime, last_update_time AS lastUpdateTime, name, version FROM platform_data WHERE (version > 0) AND (id = 1) LIMIT 1 OFFSET 0
[TeaQL SQL][query][507us] 1 rows returned outcome=success batchOutcome=not_applicable comment=matched merchant read with relation purpose=matched benchmark read auditReason= tracePath=[0:OPERATION:Merchant=query -> 1:REQUEST:Merchant= -> 2:PROVIDER:postgresql= -> 3:SQL:select=] mutationLineage=[]
SQL: -- TeaQL PLAIN
SELECT id, name, code, external_id AS externalId, task_life_hours AS taskLifeHours, version, platform FROM merchant_data WHERE (version > 0) AND (external_id = 'matched-merchant') LIMIT 1000 OFFSET 0
[TeaQL SQL][query][634us] 1 rows returned outcome=success batchOutcome=not_applicable comment=matched merchant read with relation purpose=matched benchmark read auditReason= tracePath=[0:OPERATION:Merchant=query -> 1:REQUEST:Merchant= -> 2:RELATION:platform=Merchant.platform -> 3:PROVIDER:postgresql= -> 4:SQL:select=] mutationLineage=[]
SQL: -- TeaQL PLAIN
SELECT id, create_time AS createTime, last_update_time AS lastUpdateTime, name, version FROM platform_data WHERE (version > 0) AND (id = 1) LIMIT 1 OFFSET 0
[TeaQL SQL][query][503us] 1 rows returned outcome=success batchOutcome=not_applicable comment=matched merchant read with relation purpose=matched benchmark read auditReason= tracePath=[0:OPERATION:Merchant=query -> 1:REQUEST:Merchant= -> 2:PROVIDER:postgresql= -> 3:SQL:select=] mutationLineage=[]
SQL: -- TeaQL PLAIN
SELECT id, name, code, external_id AS externalId, task_life_hours AS taskLifeHours, version, platform FROM merchant_data WHERE (version > 0) AND (external_id = 'matched-merchant') LIMIT 1000 OFFSET 0
[TeaQL SQL][query][508us] 1 rows returned outcome=success batchOutcome=not_applicable comment=matched merchant read with relation purpose=matched benchmark read auditReason= tracePath=[0:OPERATION:Merchant=query -> 1:REQUEST:Merchant= -> 2:RELATION:platform=Merchant.platform -> 3:PROVIDER:postgresql= -> 4:SQL:select=] mutationLineage=[]
SQL: -- TeaQL PLAIN
SELECT id, create_time AS createTime, last_update_time AS lastUpdateTime, name, version FROM platform_data WHERE (version > 0) AND (id = 1) LIMIT 1 OFFSET 0
[TeaQL SQL][query][409us] 1 rows returned outcome=success batchOutcome=not_applicable comment=matched merchant read with relation purpose=matched benchmark read auditReason= tracePath=[0:OPERATION:Merchant=query -> 1:REQUEST:Merchant= -> 2:PROVIDER:postgresql= -> 3:SQL:select=] mutationLineage=[]
SQL: -- TeaQL PLAIN
SELECT id, name, code, external_id AS externalId, task_life_hours AS taskLifeHours, version, platform FROM merchant_data WHERE (version > 0) AND (external_id = 'matched-merchant') LIMIT 1000 OFFSET 0
[TeaQL SQL][query][487us] 1 rows returned outcome=success batchOutcome=not_applicable comment=matched merchant read with relation purpose=matched benchmark read auditReason= tracePath=[0:OPERATION:Merchant=query -> 1:REQUEST:Merchant= -> 2:RELATION:platform=Merchant.platform -> 3:PROVIDER:postgresql= -> 4:SQL:select=] mutationLineage=[]
SQL: -- TeaQL PLAIN
SELECT id, create_time AS createTime, last_update_time AS lastUpdateTime, name, version FROM platform_data WHERE (version > 0) AND (id = 1) LIMIT 1 OFFSET 0
[TeaQL SQL][query][496us] 1 rows returned outcome=success batchOutcome=not_applicable comment=matched merchant read with relation purpose=matched benchmark read auditReason= tracePath=[0:OPERATION:Merchant=query -> 1:REQUEST:Merchant= -> 2:PROVIDER:postgresql= -> 3:SQL:select=] mutationLineage=[]
SQL: -- TeaQL PLAIN
SELECT id, name, code, external_id AS externalId, task_life_hours AS taskLifeHours, version, platform FROM merchant_data WHERE (version > 0) AND (external_id = 'matched-merchant') LIMIT 1000 OFFSET 0
[TeaQL SQL][query][597us] 1 rows returned outcome=success batchOutcome=not_applicable comment=matched merchant read with relation purpose=matched benchmark read auditReason= tracePath=[0:OPERATION:Merchant=query -> 1:REQUEST:Merchant= -> 2:RELATION:platform=Merchant.platform -> 3:PROVIDER:postgresql= -> 4:SQL:select=] mutationLineage=[]
SQL: -- TeaQL PLAIN
SELECT id, create_time AS createTime, last_update_time AS lastUpdateTime, name, version FROM platform_data WHERE (version > 0) AND (id = 1) LIMIT 1 OFFSET 0
[TeaQL SQL][query][477us] 1 rows returned outcome=success batchOutcome=not_applicable comment=matched merchant read with relation purpose=matched benchmark read auditReason= tracePath=[0:OPERATION:Merchant=query -> 1:REQUEST:Merchant= -> 2:PROVIDER:postgresql= -> 3:SQL:select=] mutationLineage=[]
SQL: -- TeaQL PLAIN
SELECT id, name, code, external_id AS externalId, task_life_hours AS taskLifeHours, version, platform FROM merchant_data WHERE (version > 0) AND (external_id = 'matched-merchant') LIMIT 1000 OFFSET 0
[TeaQL SQL][query][567us] 1 rows returned outcome=success batchOutcome=not_applicable comment=matched merchant read with relation purpose=matched benchmark read auditReason= tracePath=[0:OPERATION:Merchant=query -> 1:REQUEST:Merchant= -> 2:RELATION:platform=Merchant.platform -> 3:PROVIDER:postgresql= -> 4:SQL:select=] mutationLineage=[]
SQL: -- TeaQL PLAIN
SELECT id, create_time AS createTime, last_update_time AS lastUpdateTime, name, version FROM platform_data WHERE (version > 0) AND (id = 1) LIMIT 1 OFFSET 0
[TeaQL SQL][query][401us] 1 rows returned outcome=success batchOutcome=not_applicable comment=matched merchant read with relation purpose=matched benchmark read auditReason= tracePath=[0:OPERATION:Merchant=query -> 1:REQUEST:Merchant= -> 2:PROVIDER:postgresql= -> 3:SQL:select=] mutationLineage=[]
SQL: -- TeaQL PLAIN
SELECT id, name, code, external_id AS externalId, task_life_hours AS taskLifeHours, version, platform FROM merchant_data WHERE (version > 0) AND (external_id = 'matched-merchant') LIMIT 1000 OFFSET 0
[TeaQL SQL][query][473us] 1 rows returned outcome=success batchOutcome=not_applicable comment=matched merchant read with relation purpose=matched benchmark read auditReason= tracePath=[0:OPERATION:Merchant=query -> 1:REQUEST:Merchant= -> 2:RELATION:platform=Merchant.platform -> 3:PROVIDER:postgresql= -> 4:SQL:select=] mutationLineage=[]
SQL: -- TeaQL PLAIN
SELECT id, create_time AS createTime, last_update_time AS lastUpdateTime, name, version FROM platform_data WHERE (version > 0) AND (id = 1) LIMIT 1 OFFSET 0
[TeaQL SQL][query][511us] 1 rows returned outcome=success batchOutcome=not_applicable comment=matched merchant read with relation purpose=matched benchmark read auditReason= tracePath=[0:OPERATION:Merchant=query -> 1:REQUEST:Merchant= -> 2:PROVIDER:postgresql= -> 3:SQL:select=] mutationLineage=[]
SQL: -- TeaQL PLAIN
SELECT id, name, code, external_id AS externalId, task_life_hours AS taskLifeHours, version, platform FROM merchant_data WHERE (version > 0) AND (external_id = 'matched-merchant') LIMIT 1000 OFFSET 0
[TeaQL SQL][query][648us] 1 rows returned outcome=success batchOutcome=not_applicable comment=matched merchant read with relation purpose=matched benchmark read auditReason= tracePath=[0:OPERATION:Merchant=query -> 1:REQUEST:Merchant= -> 2:RELATION:platform=Merchant.platform -> 3:PROVIDER:postgresql= -> 4:SQL:select=] mutationLineage=[]
SQL: -- TeaQL PLAIN
SELECT id, create_time AS createTime, last_update_time AS lastUpdateTime, name, version FROM platform_data WHERE (version > 0) AND (id = 1) LIMIT 1 OFFSET 0
[TeaQL SQL][query][528us] 1 rows returned outcome=success batchOutcome=not_applicable comment=matched merchant read with relation purpose=matched benchmark read auditReason= tracePath=[0:OPERATION:Merchant=query -> 1:REQUEST:Merchant= -> 2:PROVIDER:postgresql= -> 3:SQL:select=] mutationLineage=[]
SQL: -- TeaQL PLAIN
SELECT id, name, code, external_id AS externalId, task_life_hours AS taskLifeHours, version, platform FROM merchant_data WHERE (version > 0) AND (external_id = 'matched-merchant') LIMIT 1000 OFFSET 0
[TeaQL SQL][query][604us] 1 rows returned outcome=success batchOutcome=not_applicable comment=matched merchant read with relation purpose=matched benchmark read auditReason= tracePath=[0:OPERATION:Merchant=query -> 1:REQUEST:Merchant= -> 2:RELATION:platform=Merchant.platform -> 3:PROVIDER:postgresql= -> 4:SQL:select=] mutationLineage=[]
SQL: -- TeaQL PLAIN
SELECT id, create_time AS createTime, last_update_time AS lastUpdateTime, name, version FROM platform_data WHERE (version > 0) AND (id = 1) LIMIT 1 OFFSET 0
[TeaQL SQL][query][580us] 1 rows returned outcome=success batchOutcome=not_applicable comment=matched merchant read with relation purpose=matched benchmark read auditReason= tracePath=[0:OPERATION:Merchant=query -> 1:REQUEST:Merchant= -> 2:PROVIDER:postgresql= -> 3:SQL:select=] mutationLineage=[]
SQL: -- TeaQL PLAIN
SELECT id, name, code, external_id AS externalId, task_life_hours AS taskLifeHours, version, platform FROM merchant_data WHERE (version > 0) AND (external_id = 'matched-merchant') LIMIT 1000 OFFSET 0
[TeaQL SQL][query][736us] 1 rows returned outcome=success batchOutcome=not_applicable comment=matched merchant read with relation purpose=matched benchmark read auditReason= tracePath=[0:OPERATION:Merchant=query -> 1:REQUEST:Merchant= -> 2:RELATION:platform=Merchant.platform -> 3:PROVIDER:postgresql= -> 4:SQL:select=] mutationLineage=[]
SQL: -- TeaQL PLAIN
SELECT id, create_time AS createTime, last_update_time AS lastUpdateTime, name, version FROM platform_data WHERE (version > 0) AND (id = 1) LIMIT 1 OFFSET 0
[TeaQL SQL][query][451us] 1 rows returned outcome=success batchOutcome=not_applicable comment=matched merchant read with relation purpose=matched benchmark read auditReason= tracePath=[0:OPERATION:Merchant=query -> 1:REQUEST:Merchant= -> 2:PROVIDER:postgresql= -> 3:SQL:select=] mutationLineage=[]
SQL: -- TeaQL PLAIN
SELECT id, name, code, external_id AS externalId, task_life_hours AS taskLifeHours, version, platform FROM merchant_data WHERE (version > 0) AND (external_id = 'matched-merchant') LIMIT 1000 OFFSET 0
[TeaQL SQL][query][485us] 1 rows returned outcome=success batchOutcome=not_applicable comment=matched merchant read with relation purpose=matched benchmark read auditReason= tracePath=[0:OPERATION:Merchant=query -> 1:REQUEST:Merchant= -> 2:RELATION:platform=Merchant.platform -> 3:PROVIDER:postgresql= -> 4:SQL:select=] mutationLineage=[]
SQL: -- TeaQL PLAIN
SELECT id, create_time AS createTime, last_update_time AS lastUpdateTime, name, version FROM platform_data WHERE (version > 0) AND (id = 1) LIMIT 1 OFFSET 0
[TeaQL SQL][query][547us] 1 rows returned outcome=success batchOutcome=not_applicable comment=matched merchant read with relation purpose=matched benchmark read auditReason= tracePath=[0:OPERATION:Merchant=query -> 1:REQUEST:Merchant= -> 2:PROVIDER:postgresql= -> 3:SQL:select=] mutationLineage=[]
SQL: -- TeaQL PLAIN
SELECT id, name, code, external_id AS externalId, task_life_hours AS taskLifeHours, version, platform FROM merchant_data WHERE (version > 0) AND (external_id = 'matched-merchant') LIMIT 1000 OFFSET 0
[TeaQL SQL][query][710us] 1 rows returned outcome=success batchOutcome=not_applicable comment=matched merchant read with relation purpose=matched benchmark read auditReason= tracePath=[0:OPERATION:Merchant=query -> 1:REQUEST:Merchant= -> 2:RELATION:platform=Merchant.platform -> 3:PROVIDER:postgresql= -> 4:SQL:select=] mutationLineage=[]
SQL: -- TeaQL PLAIN
SELECT id, create_time AS createTime, last_update_time AS lastUpdateTime, name, version FROM platform_data WHERE (version > 0) AND (id = 1) LIMIT 1 OFFSET 0
[TeaQL SQL][query][531us] 1 rows returned outcome=success batchOutcome=not_applicable comment=matched merchant read with relation purpose=matched benchmark read auditReason= tracePath=[0:OPERATION:Merchant=query -> 1:REQUEST:Merchant= -> 2:PROVIDER:postgresql= -> 3:SQL:select=] mutationLineage=[]
SQL: -- TeaQL PLAIN
SELECT id, name, code, external_id AS externalId, task_life_hours AS taskLifeHours, version, platform FROM merchant_data WHERE (version > 0) AND (external_id = 'matched-merchant') LIMIT 1000 OFFSET 0
[TeaQL SQL][query][689us] 1 rows returned outcome=success batchOutcome=not_applicable comment=matched merchant read with relation purpose=matched benchmark read auditReason= tracePath=[0:OPERATION:Merchant=query -> 1:REQUEST:Merchant= -> 2:RELATION:platform=Merchant.platform -> 3:PROVIDER:postgresql= -> 4:SQL:select=] mutationLineage=[]
SQL: -- TeaQL PLAIN
SELECT id, create_time AS createTime, last_update_time AS lastUpdateTime, name, version FROM platform_data WHERE (version > 0) AND (id = 1) LIMIT 1 OFFSET 0
[TeaQL SQL][query][478us] 1 rows returned outcome=success batchOutcome=not_applicable comment=matched merchant read with relation purpose=matched benchmark read auditReason= tracePath=[0:OPERATION:Merchant=query -> 1:REQUEST:Merchant= -> 2:PROVIDER:postgresql= -> 3:SQL:select=] mutationLineage=[]
SQL: -- TeaQL PLAIN
SELECT id, name, code, external_id AS externalId, task_life_hours AS taskLifeHours, version, platform FROM merchant_data WHERE (version > 0) AND (external_id = 'matched-merchant') LIMIT 1000 OFFSET 0
[TeaQL SQL][query][607us] 1 rows returned outcome=success batchOutcome=not_applicable comment=matched merchant read with relation purpose=matched benchmark read auditReason= tracePath=[0:OPERATION:Merchant=query -> 1:REQUEST:Merchant= -> 2:RELATION:platform=Merchant.platform -> 3:PROVIDER:postgresql= -> 4:SQL:select=] mutationLineage=[]
SQL: -- TeaQL PLAIN
SELECT id, create_time AS createTime, last_update_time AS lastUpdateTime, name, version FROM platform_data WHERE (version > 0) AND (id = 1) LIMIT 1 OFFSET 0
[TeaQL SQL][query][444us] 1 rows returned outcome=success batchOutcome=not_applicable comment=matched merchant read with relation purpose=matched benchmark read auditReason= tracePath=[0:OPERATION:Merchant=query -> 1:REQUEST:Merchant= -> 2:PROVIDER:postgresql= -> 3:SQL:select=] mutationLineage=[]
SQL: -- TeaQL PLAIN
SELECT id, name, code, external_id AS externalId, task_life_hours AS taskLifeHours, version, platform FROM merchant_data WHERE (version > 0) AND (external_id = 'matched-merchant') LIMIT 1000 OFFSET 0
[TeaQL SQL][query][529us] 1 rows returned outcome=success batchOutcome=not_applicable comment=matched merchant read with relation purpose=matched benchmark read auditReason= tracePath=[0:OPERATION:Merchant=query -> 1:REQUEST:Merchant= -> 2:RELATION:platform=Merchant.platform -> 3:PROVIDER:postgresql= -> 4:SQL:select=] mutationLineage=[]
SQL: -- TeaQL PLAIN
SELECT id, create_time AS createTime, last_update_time AS lastUpdateTime, name, version FROM platform_data WHERE (version > 0) AND (id = 1) LIMIT 1 OFFSET 0
[TeaQL SQL][query][503us] 1 rows returned outcome=success batchOutcome=not_applicable comment=matched merchant read with relation purpose=matched benchmark read auditReason= tracePath=[0:OPERATION:Merchant=query -> 1:REQUEST:Merchant= -> 2:PROVIDER:postgresql= -> 3:SQL:select=] mutationLineage=[]
SQL: -- TeaQL PLAIN
SELECT id, name, code, external_id AS externalId, task_life_hours AS taskLifeHours, version, platform FROM merchant_data WHERE (version > 0) AND (external_id = 'matched-merchant') LIMIT 1000 OFFSET 0
[TeaQL SQL][query][540us] 1 rows returned outcome=success batchOutcome=not_applicable comment=matched merchant read with relation purpose=matched benchmark read auditReason= tracePath=[0:OPERATION:Merchant=query -> 1:REQUEST:Merchant= -> 2:RELATION:platform=Merchant.platform -> 3:PROVIDER:postgresql= -> 4:SQL:select=] mutationLineage=[]
SQL: -- TeaQL PLAIN
SELECT id, create_time AS createTime, last_update_time AS lastUpdateTime, name, version FROM platform_data WHERE (version > 0) AND (id = 1) LIMIT 1 OFFSET 0
[TeaQL SQL][query][653us] 1 rows returned outcome=success batchOutcome=not_applicable comment=matched merchant read with relation purpose=matched benchmark read auditReason= tracePath=[0:OPERATION:Merchant=query -> 1:REQUEST:Merchant= -> 2:PROVIDER:postgresql= -> 3:SQL:select=] mutationLineage=[]
SQL: -- TeaQL PLAIN
SELECT id, name, code, external_id AS externalId, task_life_hours AS taskLifeHours, version, platform FROM merchant_data WHERE (version > 0) AND (external_id = 'matched-merchant') LIMIT 1000 OFFSET 0
[TeaQL SQL][query][664us] 1 rows returned outcome=success batchOutcome=not_applicable comment=matched merchant read with relation purpose=matched benchmark read auditReason= tracePath=[0:OPERATION:Merchant=query -> 1:REQUEST:Merchant= -> 2:RELATION:platform=Merchant.platform -> 3:PROVIDER:postgresql= -> 4:SQL:select=] mutationLineage=[]
SQL: -- TeaQL PLAIN
SELECT id, create_time AS createTime, last_update_time AS lastUpdateTime, name, version FROM platform_data WHERE (version > 0) AND (id = 1) LIMIT 1 OFFSET 0
[TeaQL SQL][query][593us] 1 rows returned outcome=success batchOutcome=not_applicable comment=matched merchant read with relation purpose=matched benchmark read auditReason= tracePath=[0:OPERATION:Merchant=query -> 1:REQUEST:Merchant= -> 2:PROVIDER:postgresql= -> 3:SQL:select=] mutationLineage=[]
SQL: -- TeaQL PLAIN
SELECT id, name, code, external_id AS externalId, task_life_hours AS taskLifeHours, version, platform FROM merchant_data WHERE (version > 0) AND (external_id = 'matched-merchant') LIMIT 1000 OFFSET 0
[TeaQL SQL][query][554us] 1 rows returned outcome=success batchOutcome=not_applicable comment=matched merchant read with relation purpose=matched benchmark read auditReason= tracePath=[0:OPERATION:Merchant=query -> 1:REQUEST:Merchant= -> 2:RELATION:platform=Merchant.platform -> 3:PROVIDER:postgresql= -> 4:SQL:select=] mutationLineage=[]
SQL: -- TeaQL PLAIN
SELECT id, create_time AS createTime, last_update_time AS lastUpdateTime, name, version FROM platform_data WHERE (version > 0) AND (id = 1) LIMIT 1 OFFSET 0
[TeaQL SQL][query][630us] 1 rows returned outcome=success batchOutcome=not_applicable comment=matched merchant read with relation purpose=matched benchmark read auditReason= tracePath=[0:OPERATION:Merchant=query -> 1:REQUEST:Merchant= -> 2:PROVIDER:postgresql= -> 3:SQL:select=] mutationLineage=[]
SQL: -- TeaQL PLAIN
SELECT id, name, code, external_id AS externalId, task_life_hours AS taskLifeHours, version, platform FROM merchant_data WHERE (version > 0) AND (external_id = 'matched-merchant') LIMIT 1000 OFFSET 0
[TeaQL SQL][query][626us] 1 rows returned outcome=success batchOutcome=not_applicable comment=matched merchant read with relation purpose=matched benchmark read auditReason= tracePath=[0:OPERATION:Merchant=query -> 1:REQUEST:Merchant= -> 2:RELATION:platform=Merchant.platform -> 3:PROVIDER:postgresql= -> 4:SQL:select=] mutationLineage=[]
SQL: -- TeaQL PLAIN
SELECT id, create_time AS createTime, last_update_time AS lastUpdateTime, name, version FROM platform_data WHERE (version > 0) AND (id = 1) LIMIT 1 OFFSET 0
[TeaQL SQL][query][738us] 1 rows returned outcome=success batchOutcome=not_applicable comment=matched merchant read with relation purpose=matched benchmark read auditReason= tracePath=[0:OPERATION:Merchant=query -> 1:REQUEST:Merchant= -> 2:PROVIDER:postgresql= -> 3:SQL:select=] mutationLineage=[]
SQL: -- TeaQL PLAIN
SELECT id, name, code, external_id AS externalId, task_life_hours AS taskLifeHours, version, platform FROM merchant_data WHERE (version > 0) AND (external_id = 'matched-merchant') LIMIT 1000 OFFSET 0
[TeaQL SQL][query][857us] 1 rows returned outcome=success batchOutcome=not_applicable comment=matched merchant read with relation purpose=matched benchmark read auditReason= tracePath=[0:OPERATION:Merchant=query -> 1:REQUEST:Merchant= -> 2:RELATION:platform=Merchant.platform -> 3:PROVIDER:postgresql= -> 4:SQL:select=] mutationLineage=[]
SQL: -- TeaQL PLAIN
SELECT id, create_time AS createTime, last_update_time AS lastUpdateTime, name, version FROM platform_data WHERE (version > 0) AND (id = 1) LIMIT 1 OFFSET 0
[TeaQL SQL][query][679us] 1 rows returned outcome=success batchOutcome=not_applicable comment=matched merchant read with relation purpose=matched benchmark read auditReason= tracePath=[0:OPERATION:Merchant=query -> 1:REQUEST:Merchant= -> 2:PROVIDER:postgresql= -> 3:SQL:select=] mutationLineage=[]
SQL: -- TeaQL PLAIN
SELECT id, name, code, external_id AS externalId, task_life_hours AS taskLifeHours, version, platform FROM merchant_data WHERE (version > 0) AND (external_id = 'matched-merchant') LIMIT 1000 OFFSET 0
[TeaQL SQL][query][577us] 1 rows returned outcome=success batchOutcome=not_applicable comment=matched merchant read with relation purpose=matched benchmark read auditReason= tracePath=[0:OPERATION:Merchant=query -> 1:REQUEST:Merchant= -> 2:RELATION:platform=Merchant.platform -> 3:PROVIDER:postgresql= -> 4:SQL:select=] mutationLineage=[]
SQL: -- TeaQL PLAIN
SELECT id, create_time AS createTime, last_update_time AS lastUpdateTime, name, version FROM platform_data WHERE (version > 0) AND (id = 1) LIMIT 1 OFFSET 0
[TeaQL SQL][query][675us] 1 rows returned outcome=success batchOutcome=not_applicable comment=matched merchant read with relation purpose=matched benchmark read auditReason= tracePath=[0:OPERATION:Merchant=query -> 1:REQUEST:Merchant= -> 2:PROVIDER:postgresql= -> 3:SQL:select=] mutationLineage=[]
SQL: -- TeaQL PLAIN
SELECT id, name, code, external_id AS externalId, task_life_hours AS taskLifeHours, version, platform FROM merchant_data WHERE (version > 0) AND (external_id = 'matched-merchant') LIMIT 1000 OFFSET 0
[TeaQL SQL][query][641us] 1 rows returned outcome=success batchOutcome=not_applicable comment=matched merchant read with relation purpose=matched benchmark read auditReason= tracePath=[0:OPERATION:Merchant=query -> 1:REQUEST:Merchant= -> 2:RELATION:platform=Merchant.platform -> 3:PROVIDER:postgresql= -> 4:SQL:select=] mutationLineage=[]
SQL: -- TeaQL PLAIN
SELECT id, create_time AS createTime, last_update_time AS lastUpdateTime, name, version FROM platform_data WHERE (version > 0) AND (id = 1) LIMIT 1 OFFSET 0
[TeaQL SQL][query][529us] 1 rows returned outcome=success batchOutcome=not_applicable comment=matched merchant read with relation purpose=matched benchmark read auditReason= tracePath=[0:OPERATION:Merchant=query -> 1:REQUEST:Merchant= -> 2:PROVIDER:postgresql= -> 3:SQL:select=] mutationLineage=[]
SQL: -- TeaQL PLAIN
SELECT id, name, code, external_id AS externalId, task_life_hours AS taskLifeHours, version, platform FROM merchant_data WHERE (version > 0) AND (external_id = 'matched-merchant') LIMIT 1000 OFFSET 0
[TeaQL SQL][query][576us] 1 rows returned outcome=success batchOutcome=not_applicable comment=matched merchant read with relation purpose=matched benchmark read auditReason= tracePath=[0:OPERATION:Merchant=query -> 1:REQUEST:Merchant= -> 2:RELATION:platform=Merchant.platform -> 3:PROVIDER:postgresql= -> 4:SQL:select=] mutationLineage=[]
SQL: -- TeaQL PLAIN
SELECT id, create_time AS createTime, last_update_time AS lastUpdateTime, name, version FROM platform_data WHERE (version > 0) AND (id = 1) LIMIT 1 OFFSET 0
[TeaQL SQL][query][743us] 1 rows returned outcome=success batchOutcome=not_applicable comment=matched merchant read with relation purpose=matched benchmark read auditReason= tracePath=[0:OPERATION:Merchant=query -> 1:REQUEST:Merchant= -> 2:PROVIDER:postgresql= -> 3:SQL:select=] mutationLineage=[]
SQL: -- TeaQL PLAIN
SELECT id, name, code, external_id AS externalId, task_life_hours AS taskLifeHours, version, platform FROM merchant_data WHERE (version > 0) AND (external_id = 'matched-merchant') LIMIT 1000 OFFSET 0
[TeaQL SQL][query][625us] 1 rows returned outcome=success batchOutcome=not_applicable comment=matched merchant read with relation purpose=matched benchmark read auditReason= tracePath=[0:OPERATION:Merchant=query -> 1:REQUEST:Merchant= -> 2:RELATION:platform=Merchant.platform -> 3:PROVIDER:postgresql= -> 4:SQL:select=] mutationLineage=[]
SQL: -- TeaQL PLAIN
SELECT id, create_time AS createTime, last_update_time AS lastUpdateTime, name, version FROM platform_data WHERE (version > 0) AND (id = 1) LIMIT 1 OFFSET 0
[TeaQL SQL][query][622us] 1 rows returned outcome=success batchOutcome=not_applicable comment=matched merchant read with relation purpose=matched benchmark read auditReason= tracePath=[0:OPERATION:Merchant=query -> 1:REQUEST:Merchant= -> 2:PROVIDER:postgresql= -> 3:SQL:select=] mutationLineage=[]
SQL: -- TeaQL PLAIN
SELECT id, name, code, external_id AS externalId, task_life_hours AS taskLifeHours, version, platform FROM merchant_data WHERE (version > 0) AND (external_id = 'matched-merchant') LIMIT 1000 OFFSET 0
[TeaQL SQL][query][574us] 1 rows returned outcome=success batchOutcome=not_applicable comment=matched merchant read with relation purpose=matched benchmark read auditReason= tracePath=[0:OPERATION:Merchant=query -> 1:REQUEST:Merchant= -> 2:RELATION:platform=Merchant.platform -> 3:PROVIDER:postgresql= -> 4:SQL:select=] mutationLineage=[]
SQL: -- TeaQL PLAIN
SELECT id, create_time AS createTime, last_update_time AS lastUpdateTime, name, version FROM platform_data WHERE (version > 0) AND (id = 1) LIMIT 1 OFFSET 0
[TeaQL SQL][query][608us] 1 rows returned outcome=success batchOutcome=not_applicable comment=matched merchant read with relation purpose=matched benchmark read auditReason= tracePath=[0:OPERATION:Merchant=query -> 1:REQUEST:Merchant= -> 2:PROVIDER:postgresql= -> 3:SQL:select=] mutationLineage=[]
SQL: -- TeaQL PLAIN
SELECT id, name, code, external_id AS externalId, task_life_hours AS taskLifeHours, version, platform FROM merchant_data WHERE (version > 0) AND (external_id = 'matched-merchant') LIMIT 1000 OFFSET 0
[TeaQL SQL][query][681us] 1 rows returned outcome=success batchOutcome=not_applicable comment=matched merchant read with relation purpose=matched benchmark read auditReason= tracePath=[0:OPERATION:Merchant=query -> 1:REQUEST:Merchant= -> 2:RELATION:platform=Merchant.platform -> 3:PROVIDER:postgresql= -> 4:SQL:select=] mutationLineage=[]
SQL: -- TeaQL PLAIN
SELECT id, create_time AS createTime, last_update_time AS lastUpdateTime, name, version FROM platform_data WHERE (version > 0) AND (id = 1) LIMIT 1 OFFSET 0
[TeaQL SQL][query][533us] 1 rows returned outcome=success batchOutcome=not_applicable comment=matched merchant read with relation purpose=matched benchmark read auditReason= tracePath=[0:OPERATION:Merchant=query -> 1:REQUEST:Merchant= -> 2:PROVIDER:postgresql= -> 3:SQL:select=] mutationLineage=[]
SQL: -- TeaQL PLAIN
SELECT id, name, code, external_id AS externalId, task_life_hours AS taskLifeHours, version, platform FROM merchant_data WHERE (version > 0) AND (external_id = 'matched-merchant') LIMIT 1000 OFFSET 0
[TeaQL SQL][query][587us] 1 rows returned outcome=success batchOutcome=not_applicable comment=matched merchant read with relation purpose=matched benchmark read auditReason= tracePath=[0:OPERATION:Merchant=query -> 1:REQUEST:Merchant= -> 2:RELATION:platform=Merchant.platform -> 3:PROVIDER:postgresql= -> 4:SQL:select=] mutationLineage=[]
SQL: -- TeaQL PLAIN
SELECT id, create_time AS createTime, last_update_time AS lastUpdateTime, name, version FROM platform_data WHERE (version > 0) AND (id = 1) LIMIT 1 OFFSET 0
[TeaQL SQL][query][522us] 1 rows returned outcome=success batchOutcome=not_applicable comment=matched merchant read with relation purpose=matched benchmark read auditReason= tracePath=[0:OPERATION:Merchant=query -> 1:REQUEST:Merchant= -> 2:PROVIDER:postgresql= -> 3:SQL:select=] mutationLineage=[]
SQL: -- TeaQL PLAIN
SELECT id, name, code, external_id AS externalId, task_life_hours AS taskLifeHours, version, platform FROM merchant_data WHERE (version > 0) AND (external_id = 'matched-merchant') LIMIT 1000 OFFSET 0
[TeaQL SQL][query][623us] 1 rows returned outcome=success batchOutcome=not_applicable comment=matched merchant read with relation purpose=matched benchmark read auditReason= tracePath=[0:OPERATION:Merchant=query -> 1:REQUEST:Merchant= -> 2:RELATION:platform=Merchant.platform -> 3:PROVIDER:postgresql= -> 4:SQL:select=] mutationLineage=[]
SQL: -- TeaQL PLAIN
SELECT id, create_time AS createTime, last_update_time AS lastUpdateTime, name, version FROM platform_data WHERE (version > 0) AND (id = 1) LIMIT 1 OFFSET 0
[TeaQL SQL][query][540us] 1 rows returned outcome=success batchOutcome=not_applicable comment=matched merchant read with relation purpose=matched benchmark read auditReason= tracePath=[0:OPERATION:Merchant=query -> 1:REQUEST:Merchant= -> 2:PROVIDER:postgresql= -> 3:SQL:select=] mutationLineage=[]
SQL: -- TeaQL PLAIN
SELECT id, name, code, external_id AS externalId, task_life_hours AS taskLifeHours, version, platform FROM merchant_data WHERE (version > 0) AND (external_id = 'matched-merchant') LIMIT 1000 OFFSET 0
[TeaQL SQL][query][628us] 1 rows returned outcome=success batchOutcome=not_applicable comment=matched merchant read with relation purpose=matched benchmark read auditReason= tracePath=[0:OPERATION:Merchant=query -> 1:REQUEST:Merchant= -> 2:RELATION:platform=Merchant.platform -> 3:PROVIDER:postgresql= -> 4:SQL:select=] mutationLineage=[]
SQL: -- TeaQL PLAIN
SELECT id, create_time AS createTime, last_update_time AS lastUpdateTime, name, version FROM platform_data WHERE (version > 0) AND (id = 1) LIMIT 1 OFFSET 0
[TeaQL SQL][query][564us] 1 rows returned outcome=success batchOutcome=not_applicable comment=matched merchant read with relation purpose=matched benchmark read auditReason= tracePath=[0:OPERATION:Merchant=query -> 1:REQUEST:Merchant= -> 2:PROVIDER:postgresql= -> 3:SQL:select=] mutationLineage=[]
SQL: -- TeaQL PLAIN
SELECT id, name, code, external_id AS externalId, task_life_hours AS taskLifeHours, version, platform FROM merchant_data WHERE (version > 0) AND (external_id = 'matched-merchant') LIMIT 1000 OFFSET 0
[TeaQL SQL][query][661us] 1 rows returned outcome=success batchOutcome=not_applicable comment=matched merchant read with relation purpose=matched benchmark read auditReason= tracePath=[0:OPERATION:Merchant=query -> 1:REQUEST:Merchant= -> 2:RELATION:platform=Merchant.platform -> 3:PROVIDER:postgresql= -> 4:SQL:select=] mutationLineage=[]
SQL: -- TeaQL PLAIN
SELECT id, create_time AS createTime, last_update_time AS lastUpdateTime, name, version FROM platform_data WHERE (version > 0) AND (id = 1) LIMIT 1 OFFSET 0
[TeaQL SQL][query][524us] 1 rows returned outcome=success batchOutcome=not_applicable comment=matched merchant read with relation purpose=matched benchmark read auditReason= tracePath=[0:OPERATION:Merchant=query -> 1:REQUEST:Merchant= -> 2:PROVIDER:postgresql= -> 3:SQL:select=] mutationLineage=[]
SQL: -- TeaQL PLAIN
SELECT id, name, code, external_id AS externalId, task_life_hours AS taskLifeHours, version, platform FROM merchant_data WHERE (version > 0) AND (external_id = 'matched-merchant') LIMIT 1000 OFFSET 0
[TeaQL SQL][query][506us] 1 rows returned outcome=success batchOutcome=not_applicable comment=matched merchant read with relation purpose=matched benchmark read auditReason= tracePath=[0:OPERATION:Merchant=query -> 1:REQUEST:Merchant= -> 2:RELATION:platform=Merchant.platform -> 3:PROVIDER:postgresql= -> 4:SQL:select=] mutationLineage=[]
SQL: -- TeaQL PLAIN
SELECT id, create_time AS createTime, last_update_time AS lastUpdateTime, name, version FROM platform_data WHERE (version > 0) AND (id = 1) LIMIT 1 OFFSET 0
[TeaQL SQL][query][609us] 1 rows returned outcome=success batchOutcome=not_applicable comment=matched merchant read with relation purpose=matched benchmark read auditReason= tracePath=[0:OPERATION:Merchant=query -> 1:REQUEST:Merchant= -> 2:PROVIDER:postgresql= -> 3:SQL:select=] mutationLineage=[]
SQL: -- TeaQL PLAIN
SELECT id, name, code, external_id AS externalId, task_life_hours AS taskLifeHours, version, platform FROM merchant_data WHERE (version > 0) AND (external_id = 'matched-merchant') LIMIT 1000 OFFSET 0
[TeaQL SQL][query][633us] 1 rows returned outcome=success batchOutcome=not_applicable comment=matched merchant read with relation purpose=matched benchmark read auditReason= tracePath=[0:OPERATION:Merchant=query -> 1:REQUEST:Merchant= -> 2:RELATION:platform=Merchant.platform -> 3:PROVIDER:postgresql= -> 4:SQL:select=] mutationLineage=[]
SQL: -- TeaQL PLAIN
SELECT id, create_time AS createTime, last_update_time AS lastUpdateTime, name, version FROM platform_data WHERE (version > 0) AND (id = 1) LIMIT 1 OFFSET 0
[TeaQL SQL][query][568us] 1 rows returned outcome=success batchOutcome=not_applicable comment=matched merchant read with relation purpose=matched benchmark read auditReason= tracePath=[0:OPERATION:Merchant=query -> 1:REQUEST:Merchant= -> 2:PROVIDER:postgresql= -> 3:SQL:select=] mutationLineage=[]
SQL: -- TeaQL PLAIN
SELECT id, name, code, external_id AS externalId, task_life_hours AS taskLifeHours, version, platform FROM merchant_data WHERE (version > 0) AND (external_id = 'matched-merchant') LIMIT 1000 OFFSET 0
[TeaQL SQL][query][655us] 1 rows returned outcome=success batchOutcome=not_applicable comment=matched merchant read with relation purpose=matched benchmark read auditReason= tracePath=[0:OPERATION:Merchant=query -> 1:REQUEST:Merchant= -> 2:RELATION:platform=Merchant.platform -> 3:PROVIDER:postgresql= -> 4:SQL:select=] mutationLineage=[]
SQL: -- TeaQL PLAIN
SELECT id, create_time AS createTime, last_update_time AS lastUpdateTime, name, version FROM platform_data WHERE (version > 0) AND (id = 1) LIMIT 1 OFFSET 0
[TeaQL SQL][query][660us] 1 rows returned outcome=success batchOutcome=not_applicable comment=matched merchant read with relation purpose=matched benchmark read auditReason= tracePath=[0:OPERATION:Merchant=query -> 1:REQUEST:Merchant= -> 2:PROVIDER:postgresql= -> 3:SQL:select=] mutationLineage=[]
SQL: -- TeaQL PLAIN
SELECT id, name, code, external_id AS externalId, task_life_hours AS taskLifeHours, version, platform FROM merchant_data WHERE (version > 0) AND (external_id = 'matched-merchant') LIMIT 1000 OFFSET 0
[TeaQL SQL][query][593us] 1 rows returned outcome=success batchOutcome=not_applicable comment=matched merchant read with relation purpose=matched benchmark read auditReason= tracePath=[0:OPERATION:Merchant=query -> 1:REQUEST:Merchant= -> 2:RELATION:platform=Merchant.platform -> 3:PROVIDER:postgresql= -> 4:SQL:select=] mutationLineage=[]
SQL: -- TeaQL PLAIN
SELECT id, create_time AS createTime, last_update_time AS lastUpdateTime, name, version FROM platform_data WHERE (version > 0) AND (id = 1) LIMIT 1 OFFSET 0
[TeaQL SQL][query][564us] 1 rows returned outcome=success batchOutcome=not_applicable comment=matched merchant read with relation purpose=matched benchmark read auditReason= tracePath=[0:OPERATION:Merchant=query -> 1:REQUEST:Merchant= -> 2:PROVIDER:postgresql= -> 3:SQL:select=] mutationLineage=[]
SQL: -- TeaQL PLAIN
SELECT id, name, code, external_id AS externalId, task_life_hours AS taskLifeHours, version, platform FROM merchant_data WHERE (version > 0) AND (external_id = 'matched-merchant') LIMIT 1000 OFFSET 0
[TeaQL SQL][query][562us] 1 rows returned outcome=success batchOutcome=not_applicable comment=matched merchant read with relation purpose=matched benchmark read auditReason= tracePath=[0:OPERATION:Merchant=query -> 1:REQUEST:Merchant= -> 2:RELATION:platform=Merchant.platform -> 3:PROVIDER:postgresql= -> 4:SQL:select=] mutationLineage=[]
SQL: -- TeaQL PLAIN
SELECT id, create_time AS createTime, last_update_time AS lastUpdateTime, name, version FROM platform_data WHERE (version > 0) AND (id = 1) LIMIT 1 OFFSET 0
[TeaQL SQL][query][530us] 1 rows returned outcome=success batchOutcome=not_applicable comment=matched merchant read with relation purpose=matched benchmark read auditReason= tracePath=[0:OPERATION:Merchant=query -> 1:REQUEST:Merchant= -> 2:PROVIDER:postgresql= -> 3:SQL:select=] mutationLineage=[]
SQL: -- TeaQL PLAIN
SELECT id, name, code, external_id AS externalId, task_life_hours AS taskLifeHours, version, platform FROM merchant_data WHERE (version > 0) AND (external_id = 'matched-merchant') LIMIT 1000 OFFSET 0
[TeaQL SQL][query][560us] 1 rows returned outcome=success batchOutcome=not_applicable comment=matched merchant read with relation purpose=matched benchmark read auditReason= tracePath=[0:OPERATION:Merchant=query -> 1:REQUEST:Merchant= -> 2:RELATION:platform=Merchant.platform -> 3:PROVIDER:postgresql= -> 4:SQL:select=] mutationLineage=[]
SQL: -- TeaQL PLAIN
SELECT id, create_time AS createTime, last_update_time AS lastUpdateTime, name, version FROM platform_data WHERE (version > 0) AND (id = 1) LIMIT 1 OFFSET 0
[TeaQL SQL][query][616us] 1 rows returned outcome=success batchOutcome=not_applicable comment=matched merchant read with relation purpose=matched benchmark read auditReason= tracePath=[0:OPERATION:Merchant=query -> 1:REQUEST:Merchant= -> 2:PROVIDER:postgresql= -> 3:SQL:select=] mutationLineage=[]
SQL: -- TeaQL PLAIN
SELECT id, name, code, external_id AS externalId, task_life_hours AS taskLifeHours, version, platform FROM merchant_data WHERE (version > 0) AND (external_id = 'matched-merchant') LIMIT 1000 OFFSET 0
[TeaQL SQL][query][515us] 1 rows returned outcome=success batchOutcome=not_applicable comment=matched merchant read with relation purpose=matched benchmark read auditReason= tracePath=[0:OPERATION:Merchant=query -> 1:REQUEST:Merchant= -> 2:RELATION:platform=Merchant.platform -> 3:PROVIDER:postgresql= -> 4:SQL:select=] mutationLineage=[]
SQL: -- TeaQL PLAIN
SELECT id, create_time AS createTime, last_update_time AS lastUpdateTime, name, version FROM platform_data WHERE (version > 0) AND (id = 1) LIMIT 1 OFFSET 0
[TeaQL SQL][query][573us] 1 rows returned outcome=success batchOutcome=not_applicable comment=matched merchant read with relation purpose=matched benchmark read auditReason= tracePath=[0:OPERATION:Merchant=query -> 1:REQUEST:Merchant= -> 2:PROVIDER:postgresql= -> 3:SQL:select=] mutationLineage=[]
SQL: -- TeaQL PLAIN
SELECT id, name, code, external_id AS externalId, task_life_hours AS taskLifeHours, version, platform FROM merchant_data WHERE (version > 0) AND (external_id = 'matched-merchant') LIMIT 1000 OFFSET 0
[TeaQL SQL][query][510us] 1 rows returned outcome=success batchOutcome=not_applicable comment=matched merchant read with relation purpose=matched benchmark read auditReason= tracePath=[0:OPERATION:Merchant=query -> 1:REQUEST:Merchant= -> 2:RELATION:platform=Merchant.platform -> 3:PROVIDER:postgresql= -> 4:SQL:select=] mutationLineage=[]
SQL: -- TeaQL PLAIN
SELECT id, create_time AS createTime, last_update_time AS lastUpdateTime, name, version FROM platform_data WHERE (version > 0) AND (id = 1) LIMIT 1 OFFSET 0
[TeaQL SQL][query][574us] 1 rows returned outcome=success batchOutcome=not_applicable comment=matched merchant read with relation purpose=matched benchmark read auditReason= tracePath=[0:OPERATION:Merchant=query -> 1:REQUEST:Merchant= -> 2:PROVIDER:postgresql= -> 3:SQL:select=] mutationLineage=[]
SQL: -- TeaQL PLAIN
SELECT id, name, code, external_id AS externalId, task_life_hours AS taskLifeHours, version, platform FROM merchant_data WHERE (version > 0) AND (external_id = 'matched-merchant') LIMIT 1000 OFFSET 0
[TeaQL SQL][query][499us] 1 rows returned outcome=success batchOutcome=not_applicable comment=matched merchant read with relation purpose=matched benchmark read auditReason= tracePath=[0:OPERATION:Merchant=query -> 1:REQUEST:Merchant= -> 2:RELATION:platform=Merchant.platform -> 3:PROVIDER:postgresql= -> 4:SQL:select=] mutationLineage=[]
SQL: -- TeaQL PLAIN
SELECT id, create_time AS createTime, last_update_time AS lastUpdateTime, name, version FROM platform_data WHERE (version > 0) AND (id = 1) LIMIT 1 OFFSET 0
[TeaQL SQL][query][575us] 1 rows returned outcome=success batchOutcome=not_applicable comment=matched merchant read with relation purpose=matched benchmark read auditReason= tracePath=[0:OPERATION:Merchant=query -> 1:REQUEST:Merchant= -> 2:PROVIDER:postgresql= -> 3:SQL:select=] mutationLineage=[]
SQL: -- TeaQL PLAIN
SELECT id, name, code, external_id AS externalId, task_life_hours AS taskLifeHours, version, platform FROM merchant_data WHERE (version > 0) AND (external_id = 'matched-merchant') LIMIT 1000 OFFSET 0
[TeaQL SQL][query][500us] 1 rows returned outcome=success batchOutcome=not_applicable comment=matched merchant read with relation purpose=matched benchmark read auditReason= tracePath=[0:OPERATION:Merchant=query -> 1:REQUEST:Merchant= -> 2:RELATION:platform=Merchant.platform -> 3:PROVIDER:postgresql= -> 4:SQL:select=] mutationLineage=[]
SQL: -- TeaQL PLAIN
SELECT id, create_time AS createTime, last_update_time AS lastUpdateTime, name, version FROM platform_data WHERE (version > 0) AND (id = 1) LIMIT 1 OFFSET 0
[TeaQL SQL][query][516us] 1 rows returned outcome=success batchOutcome=not_applicable comment=matched merchant read with relation purpose=matched benchmark read auditReason= tracePath=[0:OPERATION:Merchant=query -> 1:REQUEST:Merchant= -> 2:PROVIDER:postgresql= -> 3:SQL:select=] mutationLineage=[]
SQL: -- TeaQL PLAIN
SELECT id, name, code, external_id AS externalId, task_life_hours AS taskLifeHours, version, platform FROM merchant_data WHERE (version > 0) AND (external_id = 'matched-merchant') LIMIT 1000 OFFSET 0
[TeaQL SQL][query][542us] 1 rows returned outcome=success batchOutcome=not_applicable comment=matched merchant read with relation purpose=matched benchmark read auditReason= tracePath=[0:OPERATION:Merchant=query -> 1:REQUEST:Merchant= -> 2:RELATION:platform=Merchant.platform -> 3:PROVIDER:postgresql= -> 4:SQL:select=] mutationLineage=[]
SQL: -- TeaQL PLAIN
SELECT id, create_time AS createTime, last_update_time AS lastUpdateTime, name, version FROM platform_data WHERE (version > 0) AND (id = 1) LIMIT 1 OFFSET 0
[TeaQL SQL][query][594us] 1 rows returned outcome=success batchOutcome=not_applicable comment=matched merchant read with relation purpose=matched benchmark read auditReason= tracePath=[0:OPERATION:Merchant=query -> 1:REQUEST:Merchant= -> 2:PROVIDER:postgresql= -> 3:SQL:select=] mutationLineage=[]
SQL: -- TeaQL PLAIN
SELECT id, name, code, external_id AS externalId, task_life_hours AS taskLifeHours, version, platform FROM merchant_data WHERE (version > 0) AND (external_id = 'matched-merchant') LIMIT 1000 OFFSET 0
[TeaQL SQL][query][594us] 1 rows returned outcome=success batchOutcome=not_applicable comment=matched merchant read with relation purpose=matched benchmark read auditReason= tracePath=[0:OPERATION:Merchant=query -> 1:REQUEST:Merchant= -> 2:RELATION:platform=Merchant.platform -> 3:PROVIDER:postgresql= -> 4:SQL:select=] mutationLineage=[]
SQL: -- TeaQL PLAIN
SELECT id, create_time AS createTime, last_update_time AS lastUpdateTime, name, version FROM platform_data WHERE (version > 0) AND (id = 1) LIMIT 1 OFFSET 0
[TeaQL SQL][query][563us] 1 rows returned outcome=success batchOutcome=not_applicable comment=matched merchant read with relation purpose=matched benchmark read auditReason= tracePath=[0:OPERATION:Merchant=query -> 1:REQUEST:Merchant= -> 2:PROVIDER:postgresql= -> 3:SQL:select=] mutationLineage=[]
SQL: -- TeaQL PLAIN
SELECT id, name, code, external_id AS externalId, task_life_hours AS taskLifeHours, version, platform FROM merchant_data WHERE (version > 0) AND (external_id = 'matched-merchant') LIMIT 1000 OFFSET 0
[TeaQL SQL][query][549us] 1 rows returned outcome=success batchOutcome=not_applicable comment=matched merchant read with relation purpose=matched benchmark read auditReason= tracePath=[0:OPERATION:Merchant=query -> 1:REQUEST:Merchant= -> 2:RELATION:platform=Merchant.platform -> 3:PROVIDER:postgresql= -> 4:SQL:select=] mutationLineage=[]
SQL: -- TeaQL PLAIN
SELECT id, create_time AS createTime, last_update_time AS lastUpdateTime, name, version FROM platform_data WHERE (version > 0) AND (id = 1) LIMIT 1 OFFSET 0
[TeaQL SQL][query][682us] 1 rows returned outcome=success batchOutcome=not_applicable comment=matched merchant read with relation purpose=matched benchmark read auditReason= tracePath=[0:OPERATION:Merchant=query -> 1:REQUEST:Merchant= -> 2:PROVIDER:postgresql= -> 3:SQL:select=] mutationLineage=[]
SQL: -- TeaQL PLAIN
SELECT id, name, code, external_id AS externalId, task_life_hours AS taskLifeHours, version, platform FROM merchant_data WHERE (version > 0) AND (external_id = 'matched-merchant') LIMIT 1000 OFFSET 0
[TeaQL SQL][query][622us] 1 rows returned outcome=success batchOutcome=not_applicable comment=matched merchant read with relation purpose=matched benchmark read auditReason= tracePath=[0:OPERATION:Merchant=query -> 1:REQUEST:Merchant= -> 2:RELATION:platform=Merchant.platform -> 3:PROVIDER:postgresql= -> 4:SQL:select=] mutationLineage=[]
SQL: -- TeaQL PLAIN
SELECT id, create_time AS createTime, last_update_time AS lastUpdateTime, name, version FROM platform_data WHERE (version > 0) AND (id = 1) LIMIT 1 OFFSET 0
[TeaQL SQL][query][566us] 1 rows returned outcome=success batchOutcome=not_applicable comment=matched merchant read with relation purpose=matched benchmark read auditReason= tracePath=[0:OPERATION:Merchant=query -> 1:REQUEST:Merchant= -> 2:PROVIDER:postgresql= -> 3:SQL:select=] mutationLineage=[]
SQL: -- TeaQL PLAIN
SELECT id, name, code, external_id AS externalId, task_life_hours AS taskLifeHours, version, platform FROM merchant_data WHERE (version > 0) AND (external_id = 'matched-merchant') LIMIT 1000 OFFSET 0
[TeaQL SQL][query][583us] 1 rows returned outcome=success batchOutcome=not_applicable comment=matched merchant read with relation purpose=matched benchmark read auditReason= tracePath=[0:OPERATION:Merchant=query -> 1:REQUEST:Merchant= -> 2:RELATION:platform=Merchant.platform -> 3:PROVIDER:postgresql= -> 4:SQL:select=] mutationLineage=[]
SQL: -- TeaQL PLAIN
SELECT id, create_time AS createTime, last_update_time AS lastUpdateTime, name, version FROM platform_data WHERE (version > 0) AND (id = 1) LIMIT 1 OFFSET 0
[TeaQL SQL][query][638us] 1 rows returned outcome=success batchOutcome=not_applicable comment=matched merchant read with relation purpose=matched benchmark read auditReason= tracePath=[0:OPERATION:Merchant=query -> 1:REQUEST:Merchant= -> 2:PROVIDER:postgresql= -> 3:SQL:select=] mutationLineage=[]
SQL: -- TeaQL PLAIN
SELECT id, name, code, external_id AS externalId, task_life_hours AS taskLifeHours, version, platform FROM merchant_data WHERE (version > 0) AND (external_id = 'matched-merchant') LIMIT 1000 OFFSET 0
[TeaQL SQL][query][521us] 1 rows returned outcome=success batchOutcome=not_applicable comment=matched merchant read with relation purpose=matched benchmark read auditReason= tracePath=[0:OPERATION:Merchant=query -> 1:REQUEST:Merchant= -> 2:RELATION:platform=Merchant.platform -> 3:PROVIDER:postgresql= -> 4:SQL:select=] mutationLineage=[]
SQL: -- TeaQL PLAIN
SELECT id, create_time AS createTime, last_update_time AS lastUpdateTime, name, version FROM platform_data WHERE (version > 0) AND (id = 1) LIMIT 1 OFFSET 0
[TeaQL SQL][query][552us] 1 rows returned outcome=success batchOutcome=not_applicable comment=matched merchant read with relation purpose=matched benchmark read auditReason= tracePath=[0:OPERATION:Merchant=query -> 1:REQUEST:Merchant= -> 2:PROVIDER:postgresql= -> 3:SQL:select=] mutationLineage=[]
SQL: -- TeaQL PLAIN
SELECT id, name, code, external_id AS externalId, task_life_hours AS taskLifeHours, version, platform FROM merchant_data WHERE (version > 0) AND (external_id = 'matched-merchant') LIMIT 1000 OFFSET 0
[TeaQL SQL][query][537us] 1 rows returned outcome=success batchOutcome=not_applicable comment=matched merchant read with relation purpose=matched benchmark read auditReason= tracePath=[0:OPERATION:Merchant=query -> 1:REQUEST:Merchant= -> 2:RELATION:platform=Merchant.platform -> 3:PROVIDER:postgresql= -> 4:SQL:select=] mutationLineage=[]
SQL: -- TeaQL PLAIN
SELECT id, create_time AS createTime, last_update_time AS lastUpdateTime, name, version FROM platform_data WHERE (version > 0) AND (id = 1) LIMIT 1 OFFSET 0
[TeaQL SQL][query][555us] 1 rows returned outcome=success batchOutcome=not_applicable comment=matched merchant read with relation purpose=matched benchmark read auditReason= tracePath=[0:OPERATION:Merchant=query -> 1:REQUEST:Merchant= -> 2:PROVIDER:postgresql= -> 3:SQL:select=] mutationLineage=[]
SQL: -- TeaQL PLAIN
SELECT id, name, code, external_id AS externalId, task_life_hours AS taskLifeHours, version, platform FROM merchant_data WHERE (version > 0) AND (external_id = 'matched-merchant') LIMIT 1000 OFFSET 0
[TeaQL SQL][query][476us] 1 rows returned outcome=success batchOutcome=not_applicable comment=matched merchant read with relation purpose=matched benchmark read auditReason= tracePath=[0:OPERATION:Merchant=query -> 1:REQUEST:Merchant= -> 2:RELATION:platform=Merchant.platform -> 3:PROVIDER:postgresql= -> 4:SQL:select=] mutationLineage=[]
SQL: -- TeaQL PLAIN
SELECT id, create_time AS createTime, last_update_time AS lastUpdateTime, name, version FROM platform_data WHERE (version > 0) AND (id = 1) LIMIT 1 OFFSET 0
[TeaQL SQL][query][538us] 1 rows returned outcome=success batchOutcome=not_applicable comment=matched merchant read with relation purpose=matched benchmark read auditReason= tracePath=[0:OPERATION:Merchant=query -> 1:REQUEST:Merchant= -> 2:PROVIDER:postgresql= -> 3:SQL:select=] mutationLineage=[]
SQL: -- TeaQL PLAIN
SELECT id, name, code, external_id AS externalId, task_life_hours AS taskLifeHours, version, platform FROM merchant_data WHERE (version > 0) AND (external_id = 'matched-merchant') LIMIT 1000 OFFSET 0
[TeaQL SQL][query][486us] 1 rows returned outcome=success batchOutcome=not_applicable comment=matched merchant read with relation purpose=matched benchmark read auditReason= tracePath=[0:OPERATION:Merchant=query -> 1:REQUEST:Merchant= -> 2:RELATION:platform=Merchant.platform -> 3:PROVIDER:postgresql= -> 4:SQL:select=] mutationLineage=[]
SQL: -- TeaQL PLAIN
SELECT id, create_time AS createTime, last_update_time AS lastUpdateTime, name, version FROM platform_data WHERE (version > 0) AND (id = 1) LIMIT 1 OFFSET 0
[TeaQL SQL][query][581us] 1 rows returned outcome=success batchOutcome=not_applicable comment=matched merchant read with relation purpose=matched benchmark read auditReason= tracePath=[0:OPERATION:Merchant=query -> 1:REQUEST:Merchant= -> 2:PROVIDER:postgresql= -> 3:SQL:select=] mutationLineage=[]
SQL: -- TeaQL PLAIN
SELECT id, name, code, external_id AS externalId, task_life_hours AS taskLifeHours, version, platform FROM merchant_data WHERE (version > 0) AND (external_id = 'matched-merchant') LIMIT 1000 OFFSET 0
[TeaQL SQL][query][552us] 1 rows returned outcome=success batchOutcome=not_applicable comment=matched merchant read with relation purpose=matched benchmark read auditReason= tracePath=[0:OPERATION:Merchant=query -> 1:REQUEST:Merchant= -> 2:RELATION:platform=Merchant.platform -> 3:PROVIDER:postgresql= -> 4:SQL:select=] mutationLineage=[]
SQL: -- TeaQL PLAIN
SELECT id, create_time AS createTime, last_update_time AS lastUpdateTime, name, version FROM platform_data WHERE (version > 0) AND (id = 1) LIMIT 1 OFFSET 0
[TeaQL SQL][query][515us] 1 rows returned outcome=success batchOutcome=not_applicable comment=matched merchant read with relation purpose=matched benchmark read auditReason= tracePath=[0:OPERATION:Merchant=query -> 1:REQUEST:Merchant= -> 2:PROVIDER:postgresql= -> 3:SQL:select=] mutationLineage=[]
SQL: -- TeaQL PLAIN
SELECT id, name, code, external_id AS externalId, task_life_hours AS taskLifeHours, version, platform FROM merchant_data WHERE (version > 0) AND (external_id = 'matched-merchant') LIMIT 1000 OFFSET 0
[TeaQL SQL][query][582us] 1 rows returned outcome=success batchOutcome=not_applicable comment=matched merchant read with relation purpose=matched benchmark read auditReason= tracePath=[0:OPERATION:Merchant=query -> 1:REQUEST:Merchant= -> 2:RELATION:platform=Merchant.platform -> 3:PROVIDER:postgresql= -> 4:SQL:select=] mutationLineage=[]
SQL: -- TeaQL PLAIN
SELECT id, create_time AS createTime, last_update_time AS lastUpdateTime, name, version FROM platform_data WHERE (version > 0) AND (id = 1) LIMIT 1 OFFSET 0
[TeaQL SQL][query][552us] 1 rows returned outcome=success batchOutcome=not_applicable comment=matched merchant read with relation purpose=matched benchmark read auditReason= tracePath=[0:OPERATION:Merchant=query -> 1:REQUEST:Merchant= -> 2:PROVIDER:postgresql= -> 3:SQL:select=] mutationLineage=[]
SQL: -- TeaQL PLAIN
SELECT id, name, code, external_id AS externalId, task_life_hours AS taskLifeHours, version, platform FROM merchant_data WHERE (version > 0) AND (external_id = 'matched-merchant') LIMIT 1000 OFFSET 0
[TeaQL SQL][query][487us] 1 rows returned outcome=success batchOutcome=not_applicable comment=matched merchant read with relation purpose=matched benchmark read auditReason= tracePath=[0:OPERATION:Merchant=query -> 1:REQUEST:Merchant= -> 2:RELATION:platform=Merchant.platform -> 3:PROVIDER:postgresql= -> 4:SQL:select=] mutationLineage=[]
SQL: -- TeaQL PLAIN
SELECT id, create_time AS createTime, last_update_time AS lastUpdateTime, name, version FROM platform_data WHERE (version > 0) AND (id = 1) LIMIT 1 OFFSET 0
[TeaQL SQL][query][545us] 1 rows returned outcome=success batchOutcome=not_applicable comment=matched merchant read with relation purpose=matched benchmark read auditReason= tracePath=[0:OPERATION:Merchant=query -> 1:REQUEST:Merchant= -> 2:PROVIDER:postgresql= -> 3:SQL:select=] mutationLineage=[]
SQL: -- TeaQL PLAIN
SELECT id, name, code, external_id AS externalId, task_life_hours AS taskLifeHours, version, platform FROM merchant_data WHERE (version > 0) AND (external_id = 'matched-merchant') LIMIT 1000 OFFSET 0
[TeaQL SQL][query][487us] 1 rows returned outcome=success batchOutcome=not_applicable comment=matched merchant read with relation purpose=matched benchmark read auditReason= tracePath=[0:OPERATION:Merchant=query -> 1:REQUEST:Merchant= -> 2:RELATION:platform=Merchant.platform -> 3:PROVIDER:postgresql= -> 4:SQL:select=] mutationLineage=[]
SQL: -- TeaQL PLAIN
SELECT id, create_time AS createTime, last_update_time AS lastUpdateTime, name, version FROM platform_data WHERE (version > 0) AND (id = 1) LIMIT 1 OFFSET 0
[TeaQL SQL][query][584us] 1 rows returned outcome=success batchOutcome=not_applicable comment=matched merchant read with relation purpose=matched benchmark read auditReason= tracePath=[0:OPERATION:Merchant=query -> 1:REQUEST:Merchant= -> 2:PROVIDER:postgresql= -> 3:SQL:select=] mutationLineage=[]
SQL: -- TeaQL PLAIN
SELECT id, name, code, external_id AS externalId, task_life_hours AS taskLifeHours, version, platform FROM merchant_data WHERE (version > 0) AND (external_id = 'matched-merchant') LIMIT 1000 OFFSET 0
[TeaQL SQL][query][585us] 1 rows returned outcome=success batchOutcome=not_applicable comment=matched merchant read with relation purpose=matched benchmark read auditReason= tracePath=[0:OPERATION:Merchant=query -> 1:REQUEST:Merchant= -> 2:RELATION:platform=Merchant.platform -> 3:PROVIDER:postgresql= -> 4:SQL:select=] mutationLineage=[]
SQL: -- TeaQL PLAIN
SELECT id, create_time AS createTime, last_update_time AS lastUpdateTime, name, version FROM platform_data WHERE (version > 0) AND (id = 1) LIMIT 1 OFFSET 0
[TeaQL SQL][query][519us] 1 rows returned outcome=success batchOutcome=not_applicable comment=matched merchant read with relation purpose=matched benchmark read auditReason= tracePath=[0:OPERATION:Merchant=query -> 1:REQUEST:Merchant= -> 2:PROVIDER:postgresql= -> 3:SQL:select=] mutationLineage=[]
SQL: -- TeaQL PLAIN
SELECT id, name, code, external_id AS externalId, task_life_hours AS taskLifeHours, version, platform FROM merchant_data WHERE (version > 0) AND (external_id = 'matched-merchant') LIMIT 1000 OFFSET 0
[TeaQL SQL][query][518us] 1 rows returned outcome=success batchOutcome=not_applicable comment=matched merchant read with relation purpose=matched benchmark read auditReason= tracePath=[0:OPERATION:Merchant=query -> 1:REQUEST:Merchant= -> 2:RELATION:platform=Merchant.platform -> 3:PROVIDER:postgresql= -> 4:SQL:select=] mutationLineage=[]
SQL: -- TeaQL PLAIN
SELECT id, create_time AS createTime, last_update_time AS lastUpdateTime, name, version FROM platform_data WHERE (version > 0) AND (id = 1) LIMIT 1 OFFSET 0
[TeaQL SQL][query][506us] 1 rows returned outcome=success batchOutcome=not_applicable comment=matched merchant read with relation purpose=matched benchmark read auditReason= tracePath=[0:OPERATION:Merchant=query -> 1:REQUEST:Merchant= -> 2:PROVIDER:postgresql= -> 3:SQL:select=] mutationLineage=[]
SQL: -- TeaQL PLAIN
SELECT id, name, code, external_id AS externalId, task_life_hours AS taskLifeHours, version, platform FROM merchant_data WHERE (version > 0) AND (external_id = 'matched-merchant') LIMIT 1000 OFFSET 0
[TeaQL SQL][query][426us] 1 rows returned outcome=success batchOutcome=not_applicable comment=matched merchant read with relation purpose=matched benchmark read auditReason= tracePath=[0:OPERATION:Merchant=query -> 1:REQUEST:Merchant= -> 2:RELATION:platform=Merchant.platform -> 3:PROVIDER:postgresql= -> 4:SQL:select=] mutationLineage=[]
SQL: -- TeaQL PLAIN
SELECT id, create_time AS createTime, last_update_time AS lastUpdateTime, name, version FROM platform_data WHERE (version > 0) AND (id = 1) LIMIT 1 OFFSET 0
[TeaQL SQL][query][469us] 1 rows returned outcome=success batchOutcome=not_applicable comment=matched merchant read with relation purpose=matched benchmark read auditReason= tracePath=[0:OPERATION:Merchant=query -> 1:REQUEST:Merchant= -> 2:PROVIDER:postgresql= -> 3:SQL:select=] mutationLineage=[]
SQL: -- TeaQL PLAIN
SELECT id, name, code, external_id AS externalId, task_life_hours AS taskLifeHours, version, platform FROM merchant_data WHERE (version > 0) AND (external_id = 'matched-merchant') LIMIT 1000 OFFSET 0
[TeaQL SQL][query][453us] 1 rows returned outcome=success batchOutcome=not_applicable comment=matched merchant read with relation purpose=matched benchmark read auditReason= tracePath=[0:OPERATION:Merchant=query -> 1:REQUEST:Merchant= -> 2:RELATION:platform=Merchant.platform -> 3:PROVIDER:postgresql= -> 4:SQL:select=] mutationLineage=[]
SQL: -- TeaQL PLAIN
SELECT id, create_time AS createTime, last_update_time AS lastUpdateTime, name, version FROM platform_data WHERE (version > 0) AND (id = 1) LIMIT 1 OFFSET 0
[TeaQL SQL][query][536us] 1 rows returned outcome=success batchOutcome=not_applicable comment=matched merchant read with relation purpose=matched benchmark read auditReason= tracePath=[0:OPERATION:Merchant=query -> 1:REQUEST:Merchant= -> 2:PROVIDER:postgresql= -> 3:SQL:select=] mutationLineage=[]
SQL: -- TeaQL PLAIN
SELECT id, name, code, external_id AS externalId, task_life_hours AS taskLifeHours, version, platform FROM merchant_data WHERE (version > 0) AND (external_id = 'matched-merchant') LIMIT 1000 OFFSET 0
[TeaQL SQL][query][548us] 1 rows returned outcome=success batchOutcome=not_applicable comment=matched merchant read with relation purpose=matched benchmark read auditReason= tracePath=[0:OPERATION:Merchant=query -> 1:REQUEST:Merchant= -> 2:RELATION:platform=Merchant.platform -> 3:PROVIDER:postgresql= -> 4:SQL:select=] mutationLineage=[]
SQL: -- TeaQL PLAIN
SELECT id, create_time AS createTime, last_update_time AS lastUpdateTime, name, version FROM platform_data WHERE (version > 0) AND (id = 1) LIMIT 1 OFFSET 0
[TeaQL SQL][query][546us] 1 rows returned outcome=success batchOutcome=not_applicable comment=matched merchant read with relation purpose=matched benchmark read auditReason= tracePath=[0:OPERATION:Merchant=query -> 1:REQUEST:Merchant= -> 2:PROVIDER:postgresql= -> 3:SQL:select=] mutationLineage=[]
SQL: -- TeaQL PLAIN
SELECT id, name, code, external_id AS externalId, task_life_hours AS taskLifeHours, version, platform FROM merchant_data WHERE (version > 0) AND (external_id = 'matched-merchant') LIMIT 1000 OFFSET 0
[TeaQL SQL][query][512us] 1 rows returned outcome=success batchOutcome=not_applicable comment=matched merchant read with relation purpose=matched benchmark read auditReason= tracePath=[0:OPERATION:Merchant=query -> 1:REQUEST:Merchant= -> 2:RELATION:platform=Merchant.platform -> 3:PROVIDER:postgresql= -> 4:SQL:select=] mutationLineage=[]
SQL: -- TeaQL PLAIN
SELECT id, create_time AS createTime, last_update_time AS lastUpdateTime, name, version FROM platform_data WHERE (version > 0) AND (id = 1) LIMIT 1 OFFSET 0
[TeaQL SQL][query][504us] 1 rows returned outcome=success batchOutcome=not_applicable comment=matched merchant read with relation purpose=matched benchmark read auditReason= tracePath=[0:OPERATION:Merchant=query -> 1:REQUEST:Merchant= -> 2:PROVIDER:postgresql= -> 3:SQL:select=] mutationLineage=[]
SQL: -- TeaQL PLAIN
SELECT id, name, code, external_id AS externalId, task_life_hours AS taskLifeHours, version, platform FROM merchant_data WHERE (version > 0) AND (external_id = 'matched-merchant') LIMIT 1000 OFFSET 0
[TeaQL SQL][query][457us] 1 rows returned outcome=success batchOutcome=not_applicable comment=matched merchant read with relation purpose=matched benchmark read auditReason= tracePath=[0:OPERATION:Merchant=query -> 1:REQUEST:Merchant= -> 2:RELATION:platform=Merchant.platform -> 3:PROVIDER:postgresql= -> 4:SQL:select=] mutationLineage=[]
SQL: -- TeaQL PLAIN
SELECT id, create_time AS createTime, last_update_time AS lastUpdateTime, name, version FROM platform_data WHERE (version > 0) AND (id = 1) LIMIT 1 OFFSET 0
[TeaQL SQL][query][521us] 1 rows returned outcome=success batchOutcome=not_applicable comment=matched merchant read with relation purpose=matched benchmark read auditReason= tracePath=[0:OPERATION:Merchant=query -> 1:REQUEST:Merchant= -> 2:PROVIDER:postgresql= -> 3:SQL:select=] mutationLineage=[]
SQL: -- TeaQL PLAIN
SELECT id, name, code, external_id AS externalId, task_life_hours AS taskLifeHours, version, platform FROM merchant_data WHERE (version > 0) AND (external_id = 'matched-merchant') LIMIT 1000 OFFSET 0
[TeaQL SQL][query][425us] 1 rows returned outcome=success batchOutcome=not_applicable comment=matched merchant read with relation purpose=matched benchmark read auditReason= tracePath=[0:OPERATION:Merchant=query -> 1:REQUEST:Merchant= -> 2:RELATION:platform=Merchant.platform -> 3:PROVIDER:postgresql= -> 4:SQL:select=] mutationLineage=[]
SQL: -- TeaQL PLAIN
SELECT id, create_time AS createTime, last_update_time AS lastUpdateTime, name, version FROM platform_data WHERE (version > 0) AND (id = 1) LIMIT 1 OFFSET 0
[TeaQL SQL][query][638us] 1 rows returned outcome=success batchOutcome=not_applicable comment=matched merchant read with relation purpose=matched benchmark read auditReason= tracePath=[0:OPERATION:Merchant=query -> 1:REQUEST:Merchant= -> 2:PROVIDER:postgresql= -> 3:SQL:select=] mutationLineage=[]
SQL: -- TeaQL PLAIN
SELECT id, name, code, external_id AS externalId, task_life_hours AS taskLifeHours, version, platform FROM merchant_data WHERE (version > 0) AND (external_id = 'matched-merchant') LIMIT 1000 OFFSET 0
[TeaQL SQL][query][488us] 1 rows returned outcome=success batchOutcome=not_applicable comment=matched merchant read with relation purpose=matched benchmark read auditReason= tracePath=[0:OPERATION:Merchant=query -> 1:REQUEST:Merchant= -> 2:RELATION:platform=Merchant.platform -> 3:PROVIDER:postgresql= -> 4:SQL:select=] mutationLineage=[]
SQL: -- TeaQL PLAIN
SELECT id, create_time AS createTime, last_update_time AS lastUpdateTime, name, version FROM platform_data WHERE (version > 0) AND (id = 1) LIMIT 1 OFFSET 0
[TeaQL SQL][query][509us] 1 rows returned outcome=success batchOutcome=not_applicable comment=matched merchant read with relation purpose=matched benchmark read auditReason= tracePath=[0:OPERATION:Merchant=query -> 1:REQUEST:Merchant= -> 2:PROVIDER:postgresql= -> 3:SQL:select=] mutationLineage=[]
SQL: -- TeaQL PLAIN
SELECT id, name, code, external_id AS externalId, task_life_hours AS taskLifeHours, version, platform FROM merchant_data WHERE (version > 0) AND (external_id = 'matched-merchant') LIMIT 1000 OFFSET 0
[TeaQL SQL][query][506us] 1 rows returned outcome=success batchOutcome=not_applicable comment=matched merchant read with relation purpose=matched benchmark read auditReason= tracePath=[0:OPERATION:Merchant=query -> 1:REQUEST:Merchant= -> 2:RELATION:platform=Merchant.platform -> 3:PROVIDER:postgresql= -> 4:SQL:select=] mutationLineage=[]
SQL: -- TeaQL PLAIN
SELECT id, create_time AS createTime, last_update_time AS lastUpdateTime, name, version FROM platform_data WHERE (version > 0) AND (id = 1) LIMIT 1 OFFSET 0
[TeaQL SQL][query][580us] 1 rows returned outcome=success batchOutcome=not_applicable comment=matched merchant read with relation purpose=matched benchmark read auditReason= tracePath=[0:OPERATION:Merchant=query -> 1:REQUEST:Merchant= -> 2:PROVIDER:postgresql= -> 3:SQL:select=] mutationLineage=[]
SQL: -- TeaQL PLAIN
SELECT id, name, code, external_id AS externalId, task_life_hours AS taskLifeHours, version, platform FROM merchant_data WHERE (version > 0) AND (external_id = 'matched-merchant') LIMIT 1000 OFFSET 0
[TeaQL SQL][query][522us] 1 rows returned outcome=success batchOutcome=not_applicable comment=matched merchant read with relation purpose=matched benchmark read auditReason= tracePath=[0:OPERATION:Merchant=query -> 1:REQUEST:Merchant= -> 2:RELATION:platform=Merchant.platform -> 3:PROVIDER:postgresql= -> 4:SQL:select=] mutationLineage=[]
SQL: -- TeaQL PLAIN
SELECT id, create_time AS createTime, last_update_time AS lastUpdateTime, name, version FROM platform_data WHERE (version > 0) AND (id = 1) LIMIT 1 OFFSET 0
[TeaQL SQL][query][577us] 1 rows returned outcome=success batchOutcome=not_applicable comment=matched merchant read with relation purpose=matched benchmark read auditReason= tracePath=[0:OPERATION:Merchant=query -> 1:REQUEST:Merchant= -> 2:PROVIDER:postgresql= -> 3:SQL:select=] mutationLineage=[]
SQL: -- TeaQL PLAIN
SELECT id, name, code, external_id AS externalId, task_life_hours AS taskLifeHours, version, platform FROM merchant_data WHERE (version > 0) AND (external_id = 'matched-merchant') LIMIT 1000 OFFSET 0
[TeaQL SQL][query][475us] 1 rows returned outcome=success batchOutcome=not_applicable comment=matched merchant read with relation purpose=matched benchmark read auditReason= tracePath=[0:OPERATION:Merchant=query -> 1:REQUEST:Merchant= -> 2:RELATION:platform=Merchant.platform -> 3:PROVIDER:postgresql= -> 4:SQL:select=] mutationLineage=[]
SQL: -- TeaQL PLAIN
SELECT id, create_time AS createTime, last_update_time AS lastUpdateTime, name, version FROM platform_data WHERE (version > 0) AND (id = 1) LIMIT 1 OFFSET 0
[TeaQL SQL][query][487us] 1 rows returned outcome=success batchOutcome=not_applicable comment=matched merchant read with relation purpose=matched benchmark read auditReason= tracePath=[0:OPERATION:Merchant=query -> 1:REQUEST:Merchant= -> 2:PROVIDER:postgresql= -> 3:SQL:select=] mutationLineage=[]
SQL: -- TeaQL PLAIN
SELECT id, name, code, external_id AS externalId, task_life_hours AS taskLifeHours, version, platform FROM merchant_data WHERE (version > 0) AND (external_id = 'matched-merchant') LIMIT 1000 OFFSET 0
[TeaQL SQL][query][566us] 1 rows returned outcome=success batchOutcome=not_applicable comment=matched merchant read with relation purpose=matched benchmark read auditReason= tracePath=[0:OPERATION:Merchant=query -> 1:REQUEST:Merchant= -> 2:RELATION:platform=Merchant.platform -> 3:PROVIDER:postgresql= -> 4:SQL:select=] mutationLineage=[]
SQL: -- TeaQL PLAIN
SELECT id, create_time AS createTime, last_update_time AS lastUpdateTime, name, version FROM platform_data WHERE (version > 0) AND (id = 1) LIMIT 1 OFFSET 0
[TeaQL SQL][query][527us] 1 rows returned outcome=success batchOutcome=not_applicable comment=matched merchant read with relation purpose=matched benchmark read auditReason= tracePath=[0:OPERATION:Merchant=query -> 1:REQUEST:Merchant= -> 2:PROVIDER:postgresql= -> 3:SQL:select=] mutationLineage=[]
SQL: -- TeaQL PLAIN
SELECT id, name, code, external_id AS externalId, task_life_hours AS taskLifeHours, version, platform FROM merchant_data WHERE (version > 0) AND (external_id = 'matched-merchant') LIMIT 1000 OFFSET 0
[TeaQL SQL][query][523us] 1 rows returned outcome=success batchOutcome=not_applicable comment=matched merchant read with relation purpose=matched benchmark read auditReason= tracePath=[0:OPERATION:Merchant=query -> 1:REQUEST:Merchant= -> 2:RELATION:platform=Merchant.platform -> 3:PROVIDER:postgresql= -> 4:SQL:select=] mutationLineage=[]
SQL: -- TeaQL PLAIN
SELECT id, create_time AS createTime, last_update_time AS lastUpdateTime, name, version FROM platform_data WHERE (version > 0) AND (id = 1) LIMIT 1 OFFSET 0
[TeaQL SQL][query][640us] 1 rows returned outcome=success batchOutcome=not_applicable comment=matched merchant read with relation purpose=matched benchmark read auditReason= tracePath=[0:OPERATION:Merchant=query -> 1:REQUEST:Merchant= -> 2:PROVIDER:postgresql= -> 3:SQL:select=] mutationLineage=[]
SQL: -- TeaQL PLAIN
SELECT id, name, code, external_id AS externalId, task_life_hours AS taskLifeHours, version, platform FROM merchant_data WHERE (version > 0) AND (external_id = 'matched-merchant') LIMIT 1000 OFFSET 0
[TeaQL SQL][query][548us] 1 rows returned outcome=success batchOutcome=not_applicable comment=matched merchant read with relation purpose=matched benchmark read auditReason= tracePath=[0:OPERATION:Merchant=query -> 1:REQUEST:Merchant= -> 2:RELATION:platform=Merchant.platform -> 3:PROVIDER:postgresql= -> 4:SQL:select=] mutationLineage=[]
SQL: -- TeaQL PLAIN
SELECT id, create_time AS createTime, last_update_time AS lastUpdateTime, name, version FROM platform_data WHERE (version > 0) AND (id = 1) LIMIT 1 OFFSET 0
[TeaQL SQL][query][492us] 1 rows returned outcome=success batchOutcome=not_applicable comment=matched merchant read with relation purpose=matched benchmark read auditReason= tracePath=[0:OPERATION:Merchant=query -> 1:REQUEST:Merchant= -> 2:PROVIDER:postgresql= -> 3:SQL:select=] mutationLineage=[]
SQL: -- TeaQL PLAIN
SELECT id, name, code, external_id AS externalId, task_life_hours AS taskLifeHours, version, platform FROM merchant_data WHERE (version > 0) AND (external_id = 'matched-merchant') LIMIT 1000 OFFSET 0
[TeaQL SQL][query][476us] 1 rows returned outcome=success batchOutcome=not_applicable comment=matched merchant read with relation purpose=matched benchmark read auditReason= tracePath=[0:OPERATION:Merchant=query -> 1:REQUEST:Merchant= -> 2:RELATION:platform=Merchant.platform -> 3:PROVIDER:postgresql= -> 4:SQL:select=] mutationLineage=[]
SQL: -- TeaQL PLAIN
SELECT id, create_time AS createTime, last_update_time AS lastUpdateTime, name, version FROM platform_data WHERE (version > 0) AND (id = 1) LIMIT 1 OFFSET 0
[TeaQL SQL][query][649us] 1 rows returned outcome=success batchOutcome=not_applicable comment=matched merchant read with relation purpose=matched benchmark read auditReason= tracePath=[0:OPERATION:Merchant=query -> 1:REQUEST:Merchant= -> 2:PROVIDER:postgresql= -> 3:SQL:select=] mutationLineage=[]
SQL: -- TeaQL PLAIN
SELECT id, name, code, external_id AS externalId, task_life_hours AS taskLifeHours, version, platform FROM merchant_data WHERE (version > 0) AND (external_id = 'matched-merchant') LIMIT 1000 OFFSET 0
[TeaQL SQL][query][610us] 1 rows returned outcome=success batchOutcome=not_applicable comment=matched merchant read with relation purpose=matched benchmark read auditReason= tracePath=[0:OPERATION:Merchant=query -> 1:REQUEST:Merchant= -> 2:RELATION:platform=Merchant.platform -> 3:PROVIDER:postgresql= -> 4:SQL:select=] mutationLineage=[]
SQL: -- TeaQL PLAIN
SELECT id, create_time AS createTime, last_update_time AS lastUpdateTime, name, version FROM platform_data WHERE (version > 0) AND (id = 1) LIMIT 1 OFFSET 0
[TeaQL SQL][query][366us] 1 rows returned outcome=success batchOutcome=not_applicable comment=matched merchant read with relation purpose=matched benchmark read auditReason= tracePath=[0:OPERATION:Merchant=query -> 1:REQUEST:Merchant= -> 2:PROVIDER:postgresql= -> 3:SQL:select=] mutationLineage=[]
SQL: -- TeaQL PLAIN
SELECT id, name, code, external_id AS externalId, task_life_hours AS taskLifeHours, version, platform FROM merchant_data WHERE (version > 0) AND (external_id = 'matched-merchant') LIMIT 1000 OFFSET 0
[TeaQL SQL][query][378us] 1 rows returned outcome=success batchOutcome=not_applicable comment=matched merchant read with relation purpose=matched benchmark read auditReason= tracePath=[0:OPERATION:Merchant=query -> 1:REQUEST:Merchant= -> 2:RELATION:platform=Merchant.platform -> 3:PROVIDER:postgresql= -> 4:SQL:select=] mutationLineage=[]
SQL: -- TeaQL PLAIN
SELECT id, create_time AS createTime, last_update_time AS lastUpdateTime, name, version FROM platform_data WHERE (version > 0) AND (id = 1) LIMIT 1 OFFSET 0
[TeaQL SQL][query][576us] 1 rows returned outcome=success batchOutcome=not_applicable comment=matched merchant read with relation purpose=matched benchmark read auditReason= tracePath=[0:OPERATION:Merchant=query -> 1:REQUEST:Merchant= -> 2:PROVIDER:postgresql= -> 3:SQL:select=] mutationLineage=[]
SQL: -- TeaQL PLAIN
SELECT id, name, code, external_id AS externalId, task_life_hours AS taskLifeHours, version, platform FROM merchant_data WHERE (version > 0) AND (external_id = 'matched-merchant') LIMIT 1000 OFFSET 0
[TeaQL SQL][query][616us] 1 rows returned outcome=success batchOutcome=not_applicable comment=matched merchant read with relation purpose=matched benchmark read auditReason= tracePath=[0:OPERATION:Merchant=query -> 1:REQUEST:Merchant= -> 2:RELATION:platform=Merchant.platform -> 3:PROVIDER:postgresql= -> 4:SQL:select=] mutationLineage=[]
SQL: -- TeaQL PLAIN
SELECT id, create_time AS createTime, last_update_time AS lastUpdateTime, name, version FROM platform_data WHERE (version > 0) AND (id = 1) LIMIT 1 OFFSET 0
[TeaQL SQL][query][566us] 1 rows returned outcome=success batchOutcome=not_applicable comment=matched merchant read with relation purpose=matched benchmark read auditReason= tracePath=[0:OPERATION:Merchant=query -> 1:REQUEST:Merchant= -> 2:PROVIDER:postgresql= -> 3:SQL:select=] mutationLineage=[]
SQL: -- TeaQL PLAIN
SELECT id, name, code, external_id AS externalId, task_life_hours AS taskLifeHours, version, platform FROM merchant_data WHERE (version > 0) AND (external_id = 'matched-merchant') LIMIT 1000 OFFSET 0
[TeaQL SQL][query][511us] 1 rows returned outcome=success batchOutcome=not_applicable comment=matched merchant read with relation purpose=matched benchmark read auditReason= tracePath=[0:OPERATION:Merchant=query -> 1:REQUEST:Merchant= -> 2:RELATION:platform=Merchant.platform -> 3:PROVIDER:postgresql= -> 4:SQL:select=] mutationLineage=[]
SQL: -- TeaQL PLAIN
SELECT id, create_time AS createTime, last_update_time AS lastUpdateTime, name, version FROM platform_data WHERE (version > 0) AND (id = 1) LIMIT 1 OFFSET 0
[TeaQL SQL][query][577us] 1 rows returned outcome=success batchOutcome=not_applicable comment=matched merchant read with relation purpose=matched benchmark read auditReason= tracePath=[0:OPERATION:Merchant=query -> 1:REQUEST:Merchant= -> 2:PROVIDER:postgresql= -> 3:SQL:select=] mutationLineage=[]
SQL: -- TeaQL PLAIN
SELECT id, name, code, external_id AS externalId, task_life_hours AS taskLifeHours, version, platform FROM merchant_data WHERE (version > 0) AND (external_id = 'matched-merchant') LIMIT 1000 OFFSET 0
[TeaQL SQL][query][459us] 1 rows returned outcome=success batchOutcome=not_applicable comment=matched merchant read with relation purpose=matched benchmark read auditReason= tracePath=[0:OPERATION:Merchant=query -> 1:REQUEST:Merchant= -> 2:RELATION:platform=Merchant.platform -> 3:PROVIDER:postgresql= -> 4:SQL:select=] mutationLineage=[]
SQL: -- TeaQL PLAIN
SELECT id, create_time AS createTime, last_update_time AS lastUpdateTime, name, version FROM platform_data WHERE (version > 0) AND (id = 1) LIMIT 1 OFFSET 0
[TeaQL SQL][query][485us] 1 rows returned outcome=success batchOutcome=not_applicable comment=matched merchant read with relation purpose=matched benchmark read auditReason= tracePath=[0:OPERATION:Merchant=query -> 1:REQUEST:Merchant= -> 2:PROVIDER:postgresql= -> 3:SQL:select=] mutationLineage=[]
SQL: -- TeaQL PLAIN
SELECT id, name, code, external_id AS externalId, task_life_hours AS taskLifeHours, version, platform FROM merchant_data WHERE (version > 0) AND (external_id = 'matched-merchant') LIMIT 1000 OFFSET 0
[TeaQL SQL][query][437us] 1 rows returned outcome=success batchOutcome=not_applicable comment=matched merchant read with relation purpose=matched benchmark read auditReason= tracePath=[0:OPERATION:Merchant=query -> 1:REQUEST:Merchant= -> 2:RELATION:platform=Merchant.platform -> 3:PROVIDER:postgresql= -> 4:SQL:select=] mutationLineage=[]
SQL: -- TeaQL PLAIN
SELECT id, create_time AS createTime, last_update_time AS lastUpdateTime, name, version FROM platform_data WHERE (version > 0) AND (id = 1) LIMIT 1 OFFSET 0
[TeaQL SQL][query][615us] 1 rows returned outcome=success batchOutcome=not_applicable comment=matched merchant read with relation purpose=matched benchmark read auditReason= tracePath=[0:OPERATION:Merchant=query -> 1:REQUEST:Merchant= -> 2:PROVIDER:postgresql= -> 3:SQL:select=] mutationLineage=[]
SQL: -- TeaQL PLAIN
SELECT id, name, code, external_id AS externalId, task_life_hours AS taskLifeHours, version, platform FROM merchant_data WHERE (version > 0) AND (external_id = 'matched-merchant') LIMIT 1000 OFFSET 0
[TeaQL SQL][query][769us] 1 rows returned outcome=success batchOutcome=not_applicable comment=matched merchant read with relation purpose=matched benchmark read auditReason= tracePath=[0:OPERATION:Merchant=query -> 1:REQUEST:Merchant= -> 2:RELATION:platform=Merchant.platform -> 3:PROVIDER:postgresql= -> 4:SQL:select=] mutationLineage=[]
SQL: -- TeaQL PLAIN
SELECT id, create_time AS createTime, last_update_time AS lastUpdateTime, name, version FROM platform_data WHERE (version > 0) AND (id = 1) LIMIT 1 OFFSET 0
[TeaQL SQL][query][592us] 1 rows returned outcome=success batchOutcome=not_applicable comment=matched merchant read with relation purpose=matched benchmark read auditReason= tracePath=[0:OPERATION:Merchant=query -> 1:REQUEST:Merchant= -> 2:PROVIDER:postgresql= -> 3:SQL:select=] mutationLineage=[]
SQL: -- TeaQL PLAIN
SELECT id, name, code, external_id AS externalId, task_life_hours AS taskLifeHours, version, platform FROM merchant_data WHERE (version > 0) AND (external_id = 'matched-merchant') LIMIT 1000 OFFSET 0
[TeaQL SQL][query][525us] 1 rows returned outcome=success batchOutcome=not_applicable comment=matched merchant read with relation purpose=matched benchmark read auditReason= tracePath=[0:OPERATION:Merchant=query -> 1:REQUEST:Merchant= -> 2:RELATION:platform=Merchant.platform -> 3:PROVIDER:postgresql= -> 4:SQL:select=] mutationLineage=[]
SQL: -- TeaQL PLAIN
SELECT id, create_time AS createTime, last_update_time AS lastUpdateTime, name, version FROM platform_data WHERE (version > 0) AND (id = 1) LIMIT 1 OFFSET 0
[TeaQL SQL][query][524us] 1 rows returned outcome=success batchOutcome=not_applicable comment=matched merchant read with relation purpose=matched benchmark read auditReason= tracePath=[0:OPERATION:Merchant=query -> 1:REQUEST:Merchant= -> 2:PROVIDER:postgresql= -> 3:SQL:select=] mutationLineage=[]
SQL: -- TeaQL PLAIN
SELECT id, name, code, external_id AS externalId, task_life_hours AS taskLifeHours, version, platform FROM merchant_data WHERE (version > 0) AND (external_id = 'matched-merchant') LIMIT 1000 OFFSET 0
[TeaQL SQL][query][457us] 1 rows returned outcome=success batchOutcome=not_applicable comment=matched merchant read with relation purpose=matched benchmark read auditReason= tracePath=[0:OPERATION:Merchant=query -> 1:REQUEST:Merchant= -> 2:RELATION:platform=Merchant.platform -> 3:PROVIDER:postgresql= -> 4:SQL:select=] mutationLineage=[]
SQL: -- TeaQL PLAIN
SELECT id, create_time AS createTime, last_update_time AS lastUpdateTime, name, version FROM platform_data WHERE (version > 0) AND (id = 1) LIMIT 1 OFFSET 0
[TeaQL SQL][query][467us] 1 rows returned outcome=success batchOutcome=not_applicable comment=matched merchant read with relation purpose=matched benchmark read auditReason= tracePath=[0:OPERATION:Merchant=query -> 1:REQUEST:Merchant= -> 2:PROVIDER:postgresql= -> 3:SQL:select=] mutationLineage=[]
SQL: -- TeaQL PLAIN
SELECT id, name, code, external_id AS externalId, task_life_hours AS taskLifeHours, version, platform FROM merchant_data WHERE (version > 0) AND (external_id = 'matched-merchant') LIMIT 1000 OFFSET 0
[TeaQL SQL][query][424us] 1 rows returned outcome=success batchOutcome=not_applicable comment=matched merchant read with relation purpose=matched benchmark read auditReason= tracePath=[0:OPERATION:Merchant=query -> 1:REQUEST:Merchant= -> 2:RELATION:platform=Merchant.platform -> 3:PROVIDER:postgresql= -> 4:SQL:select=] mutationLineage=[]
SQL: -- TeaQL PLAIN
SELECT id, create_time AS createTime, last_update_time AS lastUpdateTime, name, version FROM platform_data WHERE (version > 0) AND (id = 1) LIMIT 1 OFFSET 0
[TeaQL SQL][query][533us] 1 rows returned outcome=success batchOutcome=not_applicable comment=matched merchant read with relation purpose=matched benchmark read auditReason= tracePath=[0:OPERATION:Merchant=query -> 1:REQUEST:Merchant= -> 2:PROVIDER:postgresql= -> 3:SQL:select=] mutationLineage=[]
SQL: -- TeaQL PLAIN
SELECT id, name, code, external_id AS externalId, task_life_hours AS taskLifeHours, version, platform FROM merchant_data WHERE (version > 0) AND (external_id = 'matched-merchant') LIMIT 1000 OFFSET 0
[TeaQL SQL][query][426us] 1 rows returned outcome=success batchOutcome=not_applicable comment=matched merchant read with relation purpose=matched benchmark read auditReason= tracePath=[0:OPERATION:Merchant=query -> 1:REQUEST:Merchant= -> 2:RELATION:platform=Merchant.platform -> 3:PROVIDER:postgresql= -> 4:SQL:select=] mutationLineage=[]
SQL: -- TeaQL PLAIN
SELECT id, create_time AS createTime, last_update_time AS lastUpdateTime, name, version FROM platform_data WHERE (version > 0) AND (id = 1) LIMIT 1 OFFSET 0
[TeaQL SQL][query][585us] 1 rows returned outcome=success batchOutcome=not_applicable comment=matched merchant read with relation purpose=matched benchmark read auditReason= tracePath=[0:OPERATION:Merchant=query -> 1:REQUEST:Merchant= -> 2:PROVIDER:postgresql= -> 3:SQL:select=] mutationLineage=[]
SQL: -- TeaQL PLAIN
SELECT id, name, code, external_id AS externalId, task_life_hours AS taskLifeHours, version, platform FROM merchant_data WHERE (version > 0) AND (external_id = 'matched-merchant') LIMIT 1000 OFFSET 0
[TeaQL SQL][query][565us] 1 rows returned outcome=success batchOutcome=not_applicable comment=matched merchant read with relation purpose=matched benchmark read auditReason= tracePath=[0:OPERATION:Merchant=query -> 1:REQUEST:Merchant= -> 2:RELATION:platform=Merchant.platform -> 3:PROVIDER:postgresql= -> 4:SQL:select=] mutationLineage=[]
SQL: -- TeaQL PLAIN
SELECT id, create_time AS createTime, last_update_time AS lastUpdateTime, name, version FROM platform_data WHERE (version > 0) AND (id = 1) LIMIT 1 OFFSET 0
[TeaQL SQL][query][644us] 1 rows returned outcome=success batchOutcome=not_applicable comment=matched merchant read with relation purpose=matched benchmark read auditReason= tracePath=[0:OPERATION:Merchant=query -> 1:REQUEST:Merchant= -> 2:PROVIDER:postgresql= -> 3:SQL:select=] mutationLineage=[]
SQL: -- TeaQL PLAIN
SELECT id, name, code, external_id AS externalId, task_life_hours AS taskLifeHours, version, platform FROM merchant_data WHERE (version > 0) AND (external_id = 'matched-merchant') LIMIT 1000 OFFSET 0
[TeaQL SQL][query][583us] 1 rows returned outcome=success batchOutcome=not_applicable comment=matched merchant read with relation purpose=matched benchmark read auditReason= tracePath=[0:OPERATION:Merchant=query -> 1:REQUEST:Merchant= -> 2:RELATION:platform=Merchant.platform -> 3:PROVIDER:postgresql= -> 4:SQL:select=] mutationLineage=[]
SQL: -- TeaQL PLAIN
SELECT id, create_time AS createTime, last_update_time AS lastUpdateTime, name, version FROM platform_data WHERE (version > 0) AND (id = 1) LIMIT 1 OFFSET 0
[TeaQL SQL][query][528us] 1 rows returned outcome=success batchOutcome=not_applicable comment=matched merchant read with relation purpose=matched benchmark read auditReason= tracePath=[0:OPERATION:Merchant=query -> 1:REQUEST:Merchant= -> 2:PROVIDER:postgresql= -> 3:SQL:select=] mutationLineage=[]
SQL: -- TeaQL PLAIN
SELECT id, name, code, external_id AS externalId, task_life_hours AS taskLifeHours, version, platform FROM merchant_data WHERE (version > 0) AND (external_id = 'matched-merchant') LIMIT 1000 OFFSET 0
[TeaQL SQL][query][468us] 1 rows returned outcome=success batchOutcome=not_applicable comment=matched merchant read with relation purpose=matched benchmark read auditReason= tracePath=[0:OPERATION:Merchant=query -> 1:REQUEST:Merchant= -> 2:RELATION:platform=Merchant.platform -> 3:PROVIDER:postgresql= -> 4:SQL:select=] mutationLineage=[]
SQL: -- TeaQL PLAIN
SELECT id, create_time AS createTime, last_update_time AS lastUpdateTime, name, version FROM platform_data WHERE (version > 0) AND (id = 1) LIMIT 1 OFFSET 0
[TeaQL SQL][query][544us] 1 rows returned outcome=success batchOutcome=not_applicable comment=matched merchant read with relation purpose=matched benchmark read auditReason= tracePath=[0:OPERATION:Merchant=query -> 1:REQUEST:Merchant= -> 2:PROVIDER:postgresql= -> 3:SQL:select=] mutationLineage=[]
SQL: -- TeaQL PLAIN
SELECT id, name, code, external_id AS externalId, task_life_hours AS taskLifeHours, version, platform FROM merchant_data WHERE (version > 0) AND (external_id = 'matched-merchant') LIMIT 1000 OFFSET 0
[TeaQL SQL][query][555us] 1 rows returned outcome=success batchOutcome=not_applicable comment=matched merchant read with relation purpose=matched benchmark read auditReason= tracePath=[0:OPERATION:Merchant=query -> 1:REQUEST:Merchant= -> 2:RELATION:platform=Merchant.platform -> 3:PROVIDER:postgresql= -> 4:SQL:select=] mutationLineage=[]
SQL: -- TeaQL PLAIN
SELECT id, create_time AS createTime, last_update_time AS lastUpdateTime, name, version FROM platform_data WHERE (version > 0) AND (id = 1) LIMIT 1 OFFSET 0
[TeaQL SQL][query][544us] 1 rows returned outcome=success batchOutcome=not_applicable comment=matched merchant read with relation purpose=matched benchmark read auditReason= tracePath=[0:OPERATION:Merchant=query -> 1:REQUEST:Merchant= -> 2:PROVIDER:postgresql= -> 3:SQL:select=] mutationLineage=[]
SQL: -- TeaQL PLAIN
SELECT id, name, code, external_id AS externalId, task_life_hours AS taskLifeHours, version, platform FROM merchant_data WHERE (version > 0) AND (external_id = 'matched-merchant') LIMIT 1000 OFFSET 0
[TeaQL SQL][query][536us] 1 rows returned outcome=success batchOutcome=not_applicable comment=matched merchant read with relation purpose=matched benchmark read auditReason= tracePath=[0:OPERATION:Merchant=query -> 1:REQUEST:Merchant= -> 2:RELATION:platform=Merchant.platform -> 3:PROVIDER:postgresql= -> 4:SQL:select=] mutationLineage=[]
SQL: -- TeaQL PLAIN
SELECT id, create_time AS createTime, last_update_time AS lastUpdateTime, name, version FROM platform_data WHERE (version > 0) AND (id = 1) LIMIT 1 OFFSET 0
[TeaQL SQL][query][603us] 1 rows returned outcome=success batchOutcome=not_applicable comment=matched merchant read with relation purpose=matched benchmark read auditReason= tracePath=[0:OPERATION:Merchant=query -> 1:REQUEST:Merchant= -> 2:PROVIDER:postgresql= -> 3:SQL:select=] mutationLineage=[]
SQL: -- TeaQL PLAIN
SELECT id, name, code, external_id AS externalId, task_life_hours AS taskLifeHours, version, platform FROM merchant_data WHERE (version > 0) AND (external_id = 'matched-merchant') LIMIT 1000 OFFSET 0
[TeaQL SQL][query][489us] 1 rows returned outcome=success batchOutcome=not_applicable comment=matched merchant read with relation purpose=matched benchmark read auditReason= tracePath=[0:OPERATION:Merchant=query -> 1:REQUEST:Merchant= -> 2:RELATION:platform=Merchant.platform -> 3:PROVIDER:postgresql= -> 4:SQL:select=] mutationLineage=[]
SQL: -- TeaQL PLAIN
SELECT id, create_time AS createTime, last_update_time AS lastUpdateTime, name, version FROM platform_data WHERE (version > 0) AND (id = 1) LIMIT 1 OFFSET 0
[TeaQL SQL][query][574us] 1 rows returned outcome=success batchOutcome=not_applicable comment=matched merchant read with relation purpose=matched benchmark read auditReason= tracePath=[0:OPERATION:Merchant=query -> 1:REQUEST:Merchant= -> 2:PROVIDER:postgresql= -> 3:SQL:select=] mutationLineage=[]
SQL: -- TeaQL PLAIN
SELECT id, name, code, external_id AS externalId, task_life_hours AS taskLifeHours, version, platform FROM merchant_data WHERE (version > 0) AND (external_id = 'matched-merchant') LIMIT 1000 OFFSET 0
[TeaQL SQL][query][484us] 1 rows returned outcome=success batchOutcome=not_applicable comment=matched merchant read with relation purpose=matched benchmark read auditReason= tracePath=[0:OPERATION:Merchant=query -> 1:REQUEST:Merchant= -> 2:RELATION:platform=Merchant.platform -> 3:PROVIDER:postgresql= -> 4:SQL:select=] mutationLineage=[]
SQL: -- TeaQL PLAIN
SELECT id, create_time AS createTime, last_update_time AS lastUpdateTime, name, version FROM platform_data WHERE (version > 0) AND (id = 1) LIMIT 1 OFFSET 0
[TeaQL SQL][query][599us] 1 rows returned outcome=success batchOutcome=not_applicable comment=matched merchant read with relation purpose=matched benchmark read auditReason= tracePath=[0:OPERATION:Merchant=query -> 1:REQUEST:Merchant= -> 2:PROVIDER:postgresql= -> 3:SQL:select=] mutationLineage=[]
SQL: -- TeaQL PLAIN
SELECT id, name, code, external_id AS externalId, task_life_hours AS taskLifeHours, version, platform FROM merchant_data WHERE (version > 0) AND (external_id = 'matched-merchant') LIMIT 1000 OFFSET 0
[TeaQL SQL][query][481us] 1 rows returned outcome=success batchOutcome=not_applicable comment=matched merchant read with relation purpose=matched benchmark read auditReason= tracePath=[0:OPERATION:Merchant=query -> 1:REQUEST:Merchant= -> 2:RELATION:platform=Merchant.platform -> 3:PROVIDER:postgresql= -> 4:SQL:select=] mutationLineage=[]
SQL: -- TeaQL PLAIN
SELECT id, create_time AS createTime, last_update_time AS lastUpdateTime, name, version FROM platform_data WHERE (version > 0) AND (id = 1) LIMIT 1 OFFSET 0
[TeaQL SQL][query][599us] 1 rows returned outcome=success batchOutcome=not_applicable comment=matched merchant read with relation purpose=matched benchmark read auditReason= tracePath=[0:OPERATION:Merchant=query -> 1:REQUEST:Merchant= -> 2:PROVIDER:postgresql= -> 3:SQL:select=] mutationLineage=[]
SQL: -- TeaQL PLAIN
SELECT id, name, code, external_id AS externalId, task_life_hours AS taskLifeHours, version, platform FROM merchant_data WHERE (version > 0) AND (external_id = 'matched-merchant') LIMIT 1000 OFFSET 0
[TeaQL SQL][query][541us] 1 rows returned outcome=success batchOutcome=not_applicable comment=matched merchant read with relation purpose=matched benchmark read auditReason= tracePath=[0:OPERATION:Merchant=query -> 1:REQUEST:Merchant= -> 2:RELATION:platform=Merchant.platform -> 3:PROVIDER:postgresql= -> 4:SQL:select=] mutationLineage=[]
SQL: -- TeaQL PLAIN
SELECT id, create_time AS createTime, last_update_time AS lastUpdateTime, name, version FROM platform_data WHERE (version > 0) AND (id = 1) LIMIT 1 OFFSET 0
[TeaQL SQL][query][605us] 1 rows returned outcome=success batchOutcome=not_applicable comment=matched merchant read with relation purpose=matched benchmark read auditReason= tracePath=[0:OPERATION:Merchant=query -> 1:REQUEST:Merchant= -> 2:PROVIDER:postgresql= -> 3:SQL:select=] mutationLineage=[]
SQL: -- TeaQL PLAIN
SELECT id, name, code, external_id AS externalId, task_life_hours AS taskLifeHours, version, platform FROM merchant_data WHERE (version > 0) AND (external_id = 'matched-merchant') LIMIT 1000 OFFSET 0
[TeaQL SQL][query][490us] 1 rows returned outcome=success batchOutcome=not_applicable comment=matched merchant read with relation purpose=matched benchmark read auditReason= tracePath=[0:OPERATION:Merchant=query -> 1:REQUEST:Merchant= -> 2:RELATION:platform=Merchant.platform -> 3:PROVIDER:postgresql= -> 4:SQL:select=] mutationLineage=[]
SQL: -- TeaQL PLAIN
SELECT id, create_time AS createTime, last_update_time AS lastUpdateTime, name, version FROM platform_data WHERE (version > 0) AND (id = 1) LIMIT 1 OFFSET 0
[TeaQL SQL][query][506us] 1 rows returned outcome=success batchOutcome=not_applicable comment=matched merchant read with relation purpose=matched benchmark read auditReason= tracePath=[0:OPERATION:Merchant=query -> 1:REQUEST:Merchant= -> 2:PROVIDER:postgresql= -> 3:SQL:select=] mutationLineage=[]
SQL: -- TeaQL PLAIN
SELECT id, name, code, external_id AS externalId, task_life_hours AS taskLifeHours, version, platform FROM merchant_data WHERE (version > 0) AND (external_id = 'matched-merchant') LIMIT 1000 OFFSET 0
[TeaQL SQL][query][400us] 1 rows returned outcome=success batchOutcome=not_applicable comment=matched merchant read with relation purpose=matched benchmark read auditReason= tracePath=[0:OPERATION:Merchant=query -> 1:REQUEST:Merchant= -> 2:RELATION:platform=Merchant.platform -> 3:PROVIDER:postgresql= -> 4:SQL:select=] mutationLineage=[]
SQL: -- TeaQL PLAIN
SELECT id, create_time AS createTime, last_update_time AS lastUpdateTime, name, version FROM platform_data WHERE (version > 0) AND (id = 1) LIMIT 1 OFFSET 0
[TeaQL SQL][query][633us] 1 rows returned outcome=success batchOutcome=not_applicable comment=matched merchant read with relation purpose=matched benchmark read auditReason= tracePath=[0:OPERATION:Merchant=query -> 1:REQUEST:Merchant= -> 2:PROVIDER:postgresql= -> 3:SQL:select=] mutationLineage=[]
SQL: -- TeaQL PLAIN
SELECT id, name, code, external_id AS externalId, task_life_hours AS taskLifeHours, version, platform FROM merchant_data WHERE (version > 0) AND (external_id = 'matched-merchant') LIMIT 1000 OFFSET 0
[TeaQL SQL][query][510us] 1 rows returned outcome=success batchOutcome=not_applicable comment=matched merchant read with relation purpose=matched benchmark read auditReason= tracePath=[0:OPERATION:Merchant=query -> 1:REQUEST:Merchant= -> 2:RELATION:platform=Merchant.platform -> 3:PROVIDER:postgresql= -> 4:SQL:select=] mutationLineage=[]
SQL: -- TeaQL PLAIN
SELECT id, create_time AS createTime, last_update_time AS lastUpdateTime, name, version FROM platform_data WHERE (version > 0) AND (id = 1) LIMIT 1 OFFSET 0
[TeaQL SQL][query][509us] 1 rows returned outcome=success batchOutcome=not_applicable comment=matched merchant read with relation purpose=matched benchmark read auditReason= tracePath=[0:OPERATION:Merchant=query -> 1:REQUEST:Merchant= -> 2:PROVIDER:postgresql= -> 3:SQL:select=] mutationLineage=[]
SQL: -- TeaQL PLAIN
SELECT id, name, code, external_id AS externalId, task_life_hours AS taskLifeHours, version, platform FROM merchant_data WHERE (version > 0) AND (external_id = 'matched-merchant') LIMIT 1000 OFFSET 0
[TeaQL SQL][query][482us] 1 rows returned outcome=success batchOutcome=not_applicable comment=matched merchant read with relation purpose=matched benchmark read auditReason= tracePath=[0:OPERATION:Merchant=query -> 1:REQUEST:Merchant= -> 2:RELATION:platform=Merchant.platform -> 3:PROVIDER:postgresql= -> 4:SQL:select=] mutationLineage=[]
SQL: -- TeaQL PLAIN
SELECT id, create_time AS createTime, last_update_time AS lastUpdateTime, name, version FROM platform_data WHERE (version > 0) AND (id = 1) LIMIT 1 OFFSET 0
[TeaQL SQL][query][565us] 1 rows returned outcome=success batchOutcome=not_applicable comment=matched merchant read with relation purpose=matched benchmark read auditReason= tracePath=[0:OPERATION:Merchant=query -> 1:REQUEST:Merchant= -> 2:PROVIDER:postgresql= -> 3:SQL:select=] mutationLineage=[]
SQL: -- TeaQL PLAIN
SELECT id, name, code, external_id AS externalId, task_life_hours AS taskLifeHours, version, platform FROM merchant_data WHERE (version > 0) AND (external_id = 'matched-merchant') LIMIT 1000 OFFSET 0
[TeaQL SQL][query][470us] 1 rows returned outcome=success batchOutcome=not_applicable comment=matched merchant read with relation purpose=matched benchmark read auditReason= tracePath=[0:OPERATION:Merchant=query -> 1:REQUEST:Merchant= -> 2:RELATION:platform=Merchant.platform -> 3:PROVIDER:postgresql= -> 4:SQL:select=] mutationLineage=[]
SQL: -- TeaQL PLAIN
SELECT id, create_time AS createTime, last_update_time AS lastUpdateTime, name, version FROM platform_data WHERE (version > 0) AND (id = 1) LIMIT 1 OFFSET 0
[TeaQL SQL][query][469us] 1 rows returned outcome=success batchOutcome=not_applicable comment=matched merchant read with relation purpose=matched benchmark read auditReason= tracePath=[0:OPERATION:Merchant=query -> 1:REQUEST:Merchant= -> 2:PROVIDER:postgresql= -> 3:SQL:select=] mutationLineage=[]
SQL: -- TeaQL PLAIN
SELECT id, name, code, external_id AS externalId, task_life_hours AS taskLifeHours, version, platform FROM merchant_data WHERE (version > 0) AND (external_id = 'matched-merchant') LIMIT 1000 OFFSET 0
[TeaQL SQL][query][505us] 1 rows returned outcome=success batchOutcome=not_applicable comment=matched merchant read with relation purpose=matched benchmark read auditReason= tracePath=[0:OPERATION:Merchant=query -> 1:REQUEST:Merchant= -> 2:RELATION:platform=Merchant.platform -> 3:PROVIDER:postgresql= -> 4:SQL:select=] mutationLineage=[]
SQL: -- TeaQL PLAIN
SELECT id, create_time AS createTime, last_update_time AS lastUpdateTime, name, version FROM platform_data WHERE (version > 0) AND (id = 1) LIMIT 1 OFFSET 0
[TeaQL SQL][query][575us] 1 rows returned outcome=success batchOutcome=not_applicable comment=matched merchant read with relation purpose=matched benchmark read auditReason= tracePath=[0:OPERATION:Merchant=query -> 1:REQUEST:Merchant= -> 2:PROVIDER:postgresql= -> 3:SQL:select=] mutationLineage=[]
SQL: -- TeaQL PLAIN
SELECT id, name, code, external_id AS externalId, task_life_hours AS taskLifeHours, version, platform FROM merchant_data WHERE (version > 0) AND (external_id = 'matched-merchant') LIMIT 1000 OFFSET 0
[TeaQL SQL][query][558us] 1 rows returned outcome=success batchOutcome=not_applicable comment=matched merchant read with relation purpose=matched benchmark read auditReason= tracePath=[0:OPERATION:Merchant=query -> 1:REQUEST:Merchant= -> 2:RELATION:platform=Merchant.platform -> 3:PROVIDER:postgresql= -> 4:SQL:select=] mutationLineage=[]
SQL: -- TeaQL PLAIN
SELECT id, create_time AS createTime, last_update_time AS lastUpdateTime, name, version FROM platform_data WHERE (version > 0) AND (id = 1) LIMIT 1 OFFSET 0
[TeaQL SQL][query][586us] 1 rows returned outcome=success batchOutcome=not_applicable comment=matched merchant read with relation purpose=matched benchmark read auditReason= tracePath=[0:OPERATION:Merchant=query -> 1:REQUEST:Merchant= -> 2:PROVIDER:postgresql= -> 3:SQL:select=] mutationLineage=[]
SQL: -- TeaQL PLAIN
SELECT id, name, code, external_id AS externalId, task_life_hours AS taskLifeHours, version, platform FROM merchant_data WHERE (version > 0) AND (external_id = 'matched-merchant') LIMIT 1000 OFFSET 0
[TeaQL SQL][query][591us] 1 rows returned outcome=success batchOutcome=not_applicable comment=matched merchant read with relation purpose=matched benchmark read auditReason= tracePath=[0:OPERATION:Merchant=query -> 1:REQUEST:Merchant= -> 2:RELATION:platform=Merchant.platform -> 3:PROVIDER:postgresql= -> 4:SQL:select=] mutationLineage=[]
SQL: -- TeaQL PLAIN
SELECT id, create_time AS createTime, last_update_time AS lastUpdateTime, name, version FROM platform_data WHERE (version > 0) AND (id = 1) LIMIT 1 OFFSET 0
[TeaQL SQL][query][633us] 1 rows returned outcome=success batchOutcome=not_applicable comment=matched merchant read with relation purpose=matched benchmark read auditReason= tracePath=[0:OPERATION:Merchant=query -> 1:REQUEST:Merchant= -> 2:PROVIDER:postgresql= -> 3:SQL:select=] mutationLineage=[]
SQL: -- TeaQL PLAIN
SELECT id, name, code, external_id AS externalId, task_life_hours AS taskLifeHours, version, platform FROM merchant_data WHERE (version > 0) AND (external_id = 'matched-merchant') LIMIT 1000 OFFSET 0
[TeaQL SQL][query][651us] 1 rows returned outcome=success batchOutcome=not_applicable comment=matched merchant read with relation purpose=matched benchmark read auditReason= tracePath=[0:OPERATION:Merchant=query -> 1:REQUEST:Merchant= -> 2:RELATION:platform=Merchant.platform -> 3:PROVIDER:postgresql= -> 4:SQL:select=] mutationLineage=[]
SQL: -- TeaQL PLAIN
SELECT id, create_time AS createTime, last_update_time AS lastUpdateTime, name, version FROM platform_data WHERE (version > 0) AND (id = 1) LIMIT 1 OFFSET 0
[TeaQL SQL][query][557us] 1 rows returned outcome=success batchOutcome=not_applicable comment=matched merchant read with relation purpose=matched benchmark read auditReason= tracePath=[0:OPERATION:Merchant=query -> 1:REQUEST:Merchant= -> 2:PROVIDER:postgresql= -> 3:SQL:select=] mutationLineage=[]
SQL: -- TeaQL PLAIN
SELECT id, name, code, external_id AS externalId, task_life_hours AS taskLifeHours, version, platform FROM merchant_data WHERE (version > 0) AND (external_id = 'matched-merchant') LIMIT 1000 OFFSET 0
[TeaQL SQL][query][448us] 1 rows returned outcome=success batchOutcome=not_applicable comment=matched merchant read with relation purpose=matched benchmark read auditReason= tracePath=[0:OPERATION:Merchant=query -> 1:REQUEST:Merchant= -> 2:RELATION:platform=Merchant.platform -> 3:PROVIDER:postgresql= -> 4:SQL:select=] mutationLineage=[]
SQL: -- TeaQL PLAIN
SELECT id, create_time AS createTime, last_update_time AS lastUpdateTime, name, version FROM platform_data WHERE (version > 0) AND (id = 1) LIMIT 1 OFFSET 0
[TeaQL SQL][query][538us] 1 rows returned outcome=success batchOutcome=not_applicable comment=matched merchant read with relation purpose=matched benchmark read auditReason= tracePath=[0:OPERATION:Merchant=query -> 1:REQUEST:Merchant= -> 2:PROVIDER:postgresql= -> 3:SQL:select=] mutationLineage=[]
SQL: -- TeaQL PLAIN
SELECT id, name, code, external_id AS externalId, task_life_hours AS taskLifeHours, version, platform FROM merchant_data WHERE (version > 0) AND (external_id = 'matched-merchant') LIMIT 1000 OFFSET 0
[TeaQL SQL][query][506us] 1 rows returned outcome=success batchOutcome=not_applicable comment=matched merchant read with relation purpose=matched benchmark read auditReason= tracePath=[0:OPERATION:Merchant=query -> 1:REQUEST:Merchant= -> 2:RELATION:platform=Merchant.platform -> 3:PROVIDER:postgresql= -> 4:SQL:select=] mutationLineage=[]
SQL: -- TeaQL PLAIN
SELECT id, create_time AS createTime, last_update_time AS lastUpdateTime, name, version FROM platform_data WHERE (version > 0) AND (id = 1) LIMIT 1 OFFSET 0
[TeaQL SQL][query][536us] 1 rows returned outcome=success batchOutcome=not_applicable comment=matched merchant read with relation purpose=matched benchmark read auditReason= tracePath=[0:OPERATION:Merchant=query -> 1:REQUEST:Merchant= -> 2:PROVIDER:postgresql= -> 3:SQL:select=] mutationLineage=[]
SQL: -- TeaQL PLAIN
SELECT id, name, code, external_id AS externalId, task_life_hours AS taskLifeHours, version, platform FROM merchant_data WHERE (version > 0) AND (external_id = 'matched-merchant') LIMIT 1000 OFFSET 0
[TeaQL SQL][query][447us] 1 rows returned outcome=success batchOutcome=not_applicable comment=matched merchant read with relation purpose=matched benchmark read auditReason= tracePath=[0:OPERATION:Merchant=query -> 1:REQUEST:Merchant= -> 2:RELATION:platform=Merchant.platform -> 3:PROVIDER:postgresql= -> 4:SQL:select=] mutationLineage=[]
SQL: -- TeaQL PLAIN
SELECT id, create_time AS createTime, last_update_time AS lastUpdateTime, name, version FROM platform_data WHERE (version > 0) AND (id = 1) LIMIT 1 OFFSET 0
[TeaQL SQL][query][527us] 1 rows returned outcome=success batchOutcome=not_applicable comment=matched merchant read with relation purpose=matched benchmark read auditReason= tracePath=[0:OPERATION:Merchant=query -> 1:REQUEST:Merchant= -> 2:PROVIDER:postgresql= -> 3:SQL:select=] mutationLineage=[]
SQL: -- TeaQL PLAIN
SELECT id, name, code, external_id AS externalId, task_life_hours AS taskLifeHours, version, platform FROM merchant_data WHERE (version > 0) AND (external_id = 'matched-merchant') LIMIT 1000 OFFSET 0
[TeaQL SQL][query][429us] 1 rows returned outcome=success batchOutcome=not_applicable comment=matched merchant read with relation purpose=matched benchmark read auditReason= tracePath=[0:OPERATION:Merchant=query -> 1:REQUEST:Merchant= -> 2:RELATION:platform=Merchant.platform -> 3:PROVIDER:postgresql= -> 4:SQL:select=] mutationLineage=[]
SQL: -- TeaQL PLAIN
SELECT id, create_time AS createTime, last_update_time AS lastUpdateTime, name, version FROM platform_data WHERE (version > 0) AND (id = 1) LIMIT 1 OFFSET 0
[TeaQL SQL][query][547us] 1 rows returned outcome=success batchOutcome=not_applicable comment=matched merchant read with relation purpose=matched benchmark read auditReason= tracePath=[0:OPERATION:Merchant=query -> 1:REQUEST:Merchant= -> 2:PROVIDER:postgresql= -> 3:SQL:select=] mutationLineage=[]
SQL: -- TeaQL PLAIN
SELECT id, name, code, external_id AS externalId, task_life_hours AS taskLifeHours, version, platform FROM merchant_data WHERE (version > 0) AND (external_id = 'matched-merchant') LIMIT 1000 OFFSET 0
[TeaQL SQL][query][450us] 1 rows returned outcome=success batchOutcome=not_applicable comment=matched merchant read with relation purpose=matched benchmark read auditReason= tracePath=[0:OPERATION:Merchant=query -> 1:REQUEST:Merchant= -> 2:RELATION:platform=Merchant.platform -> 3:PROVIDER:postgresql= -> 4:SQL:select=] mutationLineage=[]
SQL: -- TeaQL PLAIN
SELECT id, create_time AS createTime, last_update_time AS lastUpdateTime, name, version FROM platform_data WHERE (version > 0) AND (id = 1) LIMIT 1 OFFSET 0
[TeaQL SQL][query][719us] 1 rows returned outcome=success batchOutcome=not_applicable comment=matched merchant read with relation purpose=matched benchmark read auditReason= tracePath=[0:OPERATION:Merchant=query -> 1:REQUEST:Merchant= -> 2:PROVIDER:postgresql= -> 3:SQL:select=] mutationLineage=[]
SQL: -- TeaQL PLAIN
SELECT id, name, code, external_id AS externalId, task_life_hours AS taskLifeHours, version, platform FROM merchant_data WHERE (version > 0) AND (external_id = 'matched-merchant') LIMIT 1000 OFFSET 0
[TeaQL SQL][query][441us] 1 rows returned outcome=success batchOutcome=not_applicable comment=matched merchant read with relation purpose=matched benchmark read auditReason= tracePath=[0:OPERATION:Merchant=query -> 1:REQUEST:Merchant= -> 2:RELATION:platform=Merchant.platform -> 3:PROVIDER:postgresql= -> 4:SQL:select=] mutationLineage=[]
SQL: -- TeaQL PLAIN
SELECT id, create_time AS createTime, last_update_time AS lastUpdateTime, name, version FROM platform_data WHERE (version > 0) AND (id = 1) LIMIT 1 OFFSET 0
[TeaQL SQL][query][548us] 1 rows returned outcome=success batchOutcome=not_applicable comment=matched merchant read with relation purpose=matched benchmark read auditReason= tracePath=[0:OPERATION:Merchant=query -> 1:REQUEST:Merchant= -> 2:PROVIDER:postgresql= -> 3:SQL:select=] mutationLineage=[]
SQL: -- TeaQL PLAIN
SELECT id, name, code, external_id AS externalId, task_life_hours AS taskLifeHours, version, platform FROM merchant_data WHERE (version > 0) AND (external_id = 'matched-merchant') LIMIT 1000 OFFSET 0
[TeaQL SQL][query][485us] 1 rows returned outcome=success batchOutcome=not_applicable comment=matched merchant read with relation purpose=matched benchmark read auditReason= tracePath=[0:OPERATION:Merchant=query -> 1:REQUEST:Merchant= -> 2:RELATION:platform=Merchant.platform -> 3:PROVIDER:postgresql= -> 4:SQL:select=] mutationLineage=[]
SQL: -- TeaQL PLAIN
SELECT id, create_time AS createTime, last_update_time AS lastUpdateTime, name, version FROM platform_data WHERE (version > 0) AND (id = 1) LIMIT 1 OFFSET 0
[TeaQL SQL][query][536us] 1 rows returned outcome=success batchOutcome=not_applicable comment=matched merchant read with relation purpose=matched benchmark read auditReason= tracePath=[0:OPERATION:Merchant=query -> 1:REQUEST:Merchant= -> 2:PROVIDER:postgresql= -> 3:SQL:select=] mutationLineage=[]
SQL: -- TeaQL PLAIN
SELECT id, name, code, external_id AS externalId, task_life_hours AS taskLifeHours, version, platform FROM merchant_data WHERE (version > 0) AND (external_id = 'matched-merchant') LIMIT 1000 OFFSET 0
[TeaQL SQL][query][456us] 1 rows returned outcome=success batchOutcome=not_applicable comment=matched merchant read with relation purpose=matched benchmark read auditReason= tracePath=[0:OPERATION:Merchant=query -> 1:REQUEST:Merchant= -> 2:RELATION:platform=Merchant.platform -> 3:PROVIDER:postgresql= -> 4:SQL:select=] mutationLineage=[]
SQL: -- TeaQL PLAIN
SELECT id, create_time AS createTime, last_update_time AS lastUpdateTime, name, version FROM platform_data WHERE (version > 0) AND (id = 1) LIMIT 1 OFFSET 0
[TeaQL SQL][query][514us] 1 rows returned outcome=success batchOutcome=not_applicable comment=matched merchant read with relation purpose=matched benchmark read auditReason= tracePath=[0:OPERATION:Merchant=query -> 1:REQUEST:Merchant= -> 2:PROVIDER:postgresql= -> 3:SQL:select=] mutationLineage=[]
SQL: -- TeaQL PLAIN
SELECT id, name, code, external_id AS externalId, task_life_hours AS taskLifeHours, version, platform FROM merchant_data WHERE (version > 0) AND (external_id = 'matched-merchant') LIMIT 1000 OFFSET 0
[TeaQL SQL][query][495us] 1 rows returned outcome=success batchOutcome=not_applicable comment=matched merchant read with relation purpose=matched benchmark read auditReason= tracePath=[0:OPERATION:Merchant=query -> 1:REQUEST:Merchant= -> 2:RELATION:platform=Merchant.platform -> 3:PROVIDER:postgresql= -> 4:SQL:select=] mutationLineage=[]
SQL: -- TeaQL PLAIN
SELECT id, create_time AS createTime, last_update_time AS lastUpdateTime, name, version FROM platform_data WHERE (version > 0) AND (id = 1) LIMIT 1 OFFSET 0
[TeaQL SQL][query][593us] 1 rows returned outcome=success batchOutcome=not_applicable comment=matched merchant read with relation purpose=matched benchmark read auditReason= tracePath=[0:OPERATION:Merchant=query -> 1:REQUEST:Merchant= -> 2:PROVIDER:postgresql= -> 3:SQL:select=] mutationLineage=[]
SQL: -- TeaQL PLAIN
SELECT id, name, code, external_id AS externalId, task_life_hours AS taskLifeHours, version, platform FROM merchant_data WHERE (version > 0) AND (external_id = 'matched-merchant') LIMIT 1000 OFFSET 0
[TeaQL SQL][query][398us] 1 rows returned outcome=success batchOutcome=not_applicable comment=matched merchant read with relation purpose=matched benchmark read auditReason= tracePath=[0:OPERATION:Merchant=query -> 1:REQUEST:Merchant= -> 2:RELATION:platform=Merchant.platform -> 3:PROVIDER:postgresql= -> 4:SQL:select=] mutationLineage=[]
SQL: -- TeaQL PLAIN
SELECT id, create_time AS createTime, last_update_time AS lastUpdateTime, name, version FROM platform_data WHERE (version > 0) AND (id = 1) LIMIT 1 OFFSET 0
[TeaQL SQL][query][520us] 1 rows returned outcome=success batchOutcome=not_applicable comment=matched merchant read with relation purpose=matched benchmark read auditReason= tracePath=[0:OPERATION:Merchant=query -> 1:REQUEST:Merchant= -> 2:PROVIDER:postgresql= -> 3:SQL:select=] mutationLineage=[]
SQL: -- TeaQL PLAIN
SELECT id, name, code, external_id AS externalId, task_life_hours AS taskLifeHours, version, platform FROM merchant_data WHERE (version > 0) AND (external_id = 'matched-merchant') LIMIT 1000 OFFSET 0
[TeaQL SQL][query][475us] 1 rows returned outcome=success batchOutcome=not_applicable comment=matched merchant read with relation purpose=matched benchmark read auditReason= tracePath=[0:OPERATION:Merchant=query -> 1:REQUEST:Merchant= -> 2:RELATION:platform=Merchant.platform -> 3:PROVIDER:postgresql= -> 4:SQL:select=] mutationLineage=[]
SQL: -- TeaQL PLAIN
SELECT id, create_time AS createTime, last_update_time AS lastUpdateTime, name, version FROM platform_data WHERE (version > 0) AND (id = 1) LIMIT 1 OFFSET 0
[TeaQL SQL][query][553us] 1 rows returned outcome=success batchOutcome=not_applicable comment=matched merchant read with relation purpose=matched benchmark read auditReason= tracePath=[0:OPERATION:Merchant=query -> 1:REQUEST:Merchant= -> 2:PROVIDER:postgresql= -> 3:SQL:select=] mutationLineage=[]
SQL: -- TeaQL PLAIN
SELECT id, name, code, external_id AS externalId, task_life_hours AS taskLifeHours, version, platform FROM merchant_data WHERE (version > 0) AND (external_id = 'matched-merchant') LIMIT 1000 OFFSET 0
[TeaQL SQL][query][423us] 1 rows returned outcome=success batchOutcome=not_applicable comment=matched merchant read with relation purpose=matched benchmark read auditReason= tracePath=[0:OPERATION:Merchant=query -> 1:REQUEST:Merchant= -> 2:RELATION:platform=Merchant.platform -> 3:PROVIDER:postgresql= -> 4:SQL:select=] mutationLineage=[]
SQL: -- TeaQL PLAIN
SELECT id, create_time AS createTime, last_update_time AS lastUpdateTime, name, version FROM platform_data WHERE (version > 0) AND (id = 1) LIMIT 1 OFFSET 0
[TeaQL SQL][query][378us] 1 rows returned outcome=success batchOutcome=not_applicable comment=matched merchant read with relation purpose=matched benchmark read auditReason= tracePath=[0:OPERATION:Merchant=query -> 1:REQUEST:Merchant= -> 2:PROVIDER:postgresql= -> 3:SQL:select=] mutationLineage=[]
SQL: -- TeaQL PLAIN
SELECT id, name, code, external_id AS externalId, task_life_hours AS taskLifeHours, version, platform FROM merchant_data WHERE (version > 0) AND (external_id = 'matched-merchant') LIMIT 1000 OFFSET 0
[TeaQL SQL][query][353us] 1 rows returned outcome=success batchOutcome=not_applicable comment=matched merchant read with relation purpose=matched benchmark read auditReason= tracePath=[0:OPERATION:Merchant=query -> 1:REQUEST:Merchant= -> 2:RELATION:platform=Merchant.platform -> 3:PROVIDER:postgresql= -> 4:SQL:select=] mutationLineage=[]
SQL: -- TeaQL PLAIN
SELECT id, create_time AS createTime, last_update_time AS lastUpdateTime, name, version FROM platform_data WHERE (version > 0) AND (id = 1) LIMIT 1 OFFSET 0
[TeaQL SQL][query][537us] 1 rows returned outcome=success batchOutcome=not_applicable comment=matched merchant read with relation purpose=matched benchmark read auditReason= tracePath=[0:OPERATION:Merchant=query -> 1:REQUEST:Merchant= -> 2:PROVIDER:postgresql= -> 3:SQL:select=] mutationLineage=[]
SQL: -- TeaQL PLAIN
SELECT id, name, code, external_id AS externalId, task_life_hours AS taskLifeHours, version, platform FROM merchant_data WHERE (version > 0) AND (external_id = 'matched-merchant') LIMIT 1000 OFFSET 0
[TeaQL SQL][query][447us] 1 rows returned outcome=success batchOutcome=not_applicable comment=matched merchant read with relation purpose=matched benchmark read auditReason= tracePath=[0:OPERATION:Merchant=query -> 1:REQUEST:Merchant= -> 2:RELATION:platform=Merchant.platform -> 3:PROVIDER:postgresql= -> 4:SQL:select=] mutationLineage=[]
SQL: -- TeaQL PLAIN
SELECT id, create_time AS createTime, last_update_time AS lastUpdateTime, name, version FROM platform_data WHERE (version > 0) AND (id = 1) LIMIT 1 OFFSET 0
[TeaQL SQL][query][460us] 1 rows returned outcome=success batchOutcome=not_applicable comment=matched merchant read with relation purpose=matched benchmark read auditReason= tracePath=[0:OPERATION:Merchant=query -> 1:REQUEST:Merchant= -> 2:PROVIDER:postgresql= -> 3:SQL:select=] mutationLineage=[]
SQL: -- TeaQL PLAIN
SELECT id, name, code, external_id AS externalId, task_life_hours AS taskLifeHours, version, platform FROM merchant_data WHERE (version > 0) AND (external_id = 'matched-merchant') LIMIT 1000 OFFSET 0
[TeaQL SQL][query][388us] 1 rows returned outcome=success batchOutcome=not_applicable comment=matched merchant read with relation purpose=matched benchmark read auditReason= tracePath=[0:OPERATION:Merchant=query -> 1:REQUEST:Merchant= -> 2:RELATION:platform=Merchant.platform -> 3:PROVIDER:postgresql= -> 4:SQL:select=] mutationLineage=[]
SQL: -- TeaQL PLAIN
SELECT id, create_time AS createTime, last_update_time AS lastUpdateTime, name, version FROM platform_data WHERE (version > 0) AND (id = 1) LIMIT 1 OFFSET 0
[TeaQL SQL][query][462us] 1 rows returned outcome=success batchOutcome=not_applicable comment=matched merchant read with relation purpose=matched benchmark read auditReason= tracePath=[0:OPERATION:Merchant=query -> 1:REQUEST:Merchant= -> 2:PROVIDER:postgresql= -> 3:SQL:select=] mutationLineage=[]
SQL: -- TeaQL PLAIN
SELECT id, name, code, external_id AS externalId, task_life_hours AS taskLifeHours, version, platform FROM merchant_data WHERE (version > 0) AND (external_id = 'matched-merchant') LIMIT 1000 OFFSET 0
[TeaQL SQL][query][400us] 1 rows returned outcome=success batchOutcome=not_applicable comment=matched merchant read with relation purpose=matched benchmark read auditReason= tracePath=[0:OPERATION:Merchant=query -> 1:REQUEST:Merchant= -> 2:RELATION:platform=Merchant.platform -> 3:PROVIDER:postgresql= -> 4:SQL:select=] mutationLineage=[]
SQL: -- TeaQL PLAIN
SELECT id, create_time AS createTime, last_update_time AS lastUpdateTime, name, version FROM platform_data WHERE (version > 0) AND (id = 1) LIMIT 1 OFFSET 0
[TeaQL SQL][query][554us] 1 rows returned outcome=success batchOutcome=not_applicable comment=matched merchant read with relation purpose=matched benchmark read auditReason= tracePath=[0:OPERATION:Merchant=query -> 1:REQUEST:Merchant= -> 2:PROVIDER:postgresql= -> 3:SQL:select=] mutationLineage=[]
SQL: -- TeaQL PLAIN
SELECT id, name, code, external_id AS externalId, task_life_hours AS taskLifeHours, version, platform FROM merchant_data WHERE (version > 0) AND (external_id = 'matched-merchant') LIMIT 1000 OFFSET 0
[TeaQL SQL][query][387us] 1 rows returned outcome=success batchOutcome=not_applicable comment=matched merchant read with relation purpose=matched benchmark read auditReason= tracePath=[0:OPERATION:Merchant=query -> 1:REQUEST:Merchant= -> 2:RELATION:platform=Merchant.platform -> 3:PROVIDER:postgresql= -> 4:SQL:select=] mutationLineage=[]
SQL: -- TeaQL PLAIN
SELECT id, create_time AS createTime, last_update_time AS lastUpdateTime, name, version FROM platform_data WHERE (version > 0) AND (id = 1) LIMIT 1 OFFSET 0
[TeaQL SQL][query][519us] 1 rows returned outcome=success batchOutcome=not_applicable comment=matched merchant read with relation purpose=matched benchmark read auditReason= tracePath=[0:OPERATION:Merchant=query -> 1:REQUEST:Merchant= -> 2:PROVIDER:postgresql= -> 3:SQL:select=] mutationLineage=[]
SQL: -- TeaQL PLAIN
SELECT id, name, code, external_id AS externalId, task_life_hours AS taskLifeHours, version, platform FROM merchant_data WHERE (version > 0) AND (external_id = 'matched-merchant') LIMIT 1000 OFFSET 0
[TeaQL SQL][query][483us] 1 rows returned outcome=success batchOutcome=not_applicable comment=matched merchant read with relation purpose=matched benchmark read auditReason= tracePath=[0:OPERATION:Merchant=query -> 1:REQUEST:Merchant= -> 2:RELATION:platform=Merchant.platform -> 3:PROVIDER:postgresql= -> 4:SQL:select=] mutationLineage=[]
SQL: -- TeaQL PLAIN
SELECT id, create_time AS createTime, last_update_time AS lastUpdateTime, name, version FROM platform_data WHERE (version > 0) AND (id = 1) LIMIT 1 OFFSET 0
[TeaQL SQL][query][506us] 1 rows returned outcome=success batchOutcome=not_applicable comment=matched merchant read with relation purpose=matched benchmark read auditReason= tracePath=[0:OPERATION:Merchant=query -> 1:REQUEST:Merchant= -> 2:PROVIDER:postgresql= -> 3:SQL:select=] mutationLineage=[]
SQL: -- TeaQL PLAIN
SELECT id, name, code, external_id AS externalId, task_life_hours AS taskLifeHours, version, platform FROM merchant_data WHERE (version > 0) AND (external_id = 'matched-merchant') LIMIT 1000 OFFSET 0
[TeaQL SQL][query][398us] 1 rows returned outcome=success batchOutcome=not_applicable comment=matched merchant read with relation purpose=matched benchmark read auditReason= tracePath=[0:OPERATION:Merchant=query -> 1:REQUEST:Merchant= -> 2:RELATION:platform=Merchant.platform -> 3:PROVIDER:postgresql= -> 4:SQL:select=] mutationLineage=[]
SQL: -- TeaQL PLAIN
SELECT id, create_time AS createTime, last_update_time AS lastUpdateTime, name, version FROM platform_data WHERE (version > 0) AND (id = 1) LIMIT 1 OFFSET 0
[TeaQL SQL][query][608us] 1 rows returned outcome=success batchOutcome=not_applicable comment=matched merchant read with relation purpose=matched benchmark read auditReason= tracePath=[0:OPERATION:Merchant=query -> 1:REQUEST:Merchant= -> 2:PROVIDER:postgresql= -> 3:SQL:select=] mutationLineage=[]
SQL: -- TeaQL PLAIN
SELECT id, name, code, external_id AS externalId, task_life_hours AS taskLifeHours, version, platform FROM merchant_data WHERE (version > 0) AND (external_id = 'matched-merchant') LIMIT 1000 OFFSET 0
[TeaQL SQL][query][617us] 1 rows returned outcome=success batchOutcome=not_applicable comment=matched merchant read with relation purpose=matched benchmark read auditReason= tracePath=[0:OPERATION:Merchant=query -> 1:REQUEST:Merchant= -> 2:RELATION:platform=Merchant.platform -> 3:PROVIDER:postgresql= -> 4:SQL:select=] mutationLineage=[]
SQL: -- TeaQL PLAIN
SELECT id, create_time AS createTime, last_update_time AS lastUpdateTime, name, version FROM platform_data WHERE (version > 0) AND (id = 1) LIMIT 1 OFFSET 0
[TeaQL SQL][query][528us] 1 rows returned outcome=success batchOutcome=not_applicable comment=matched merchant read with relation purpose=matched benchmark read auditReason= tracePath=[0:OPERATION:Merchant=query -> 1:REQUEST:Merchant= -> 2:PROVIDER:postgresql= -> 3:SQL:select=] mutationLineage=[]
SQL: -- TeaQL PLAIN
SELECT id, name, code, external_id AS externalId, task_life_hours AS taskLifeHours, version, platform FROM merchant_data WHERE (version > 0) AND (external_id = 'matched-merchant') LIMIT 1000 OFFSET 0
[TeaQL SQL][query][424us] 1 rows returned outcome=success batchOutcome=not_applicable comment=matched merchant read with relation purpose=matched benchmark read auditReason= tracePath=[0:OPERATION:Merchant=query -> 1:REQUEST:Merchant= -> 2:RELATION:platform=Merchant.platform -> 3:PROVIDER:postgresql= -> 4:SQL:select=] mutationLineage=[]
SQL: -- TeaQL PLAIN
SELECT id, create_time AS createTime, last_update_time AS lastUpdateTime, name, version FROM platform_data WHERE (version > 0) AND (id = 1) LIMIT 1 OFFSET 0
[TeaQL SQL][query][523us] 1 rows returned outcome=success batchOutcome=not_applicable comment=matched merchant read with relation purpose=matched benchmark read auditReason= tracePath=[0:OPERATION:Merchant=query -> 1:REQUEST:Merchant= -> 2:PROVIDER:postgresql= -> 3:SQL:select=] mutationLineage=[]
SQL: -- TeaQL PLAIN
SELECT id, name, code, external_id AS externalId, task_life_hours AS taskLifeHours, version, platform FROM merchant_data WHERE (version > 0) AND (external_id = 'matched-merchant') LIMIT 1000 OFFSET 0
[TeaQL SQL][query][439us] 1 rows returned outcome=success batchOutcome=not_applicable comment=matched merchant read with relation purpose=matched benchmark read auditReason= tracePath=[0:OPERATION:Merchant=query -> 1:REQUEST:Merchant= -> 2:RELATION:platform=Merchant.platform -> 3:PROVIDER:postgresql= -> 4:SQL:select=] mutationLineage=[]
SQL: -- TeaQL PLAIN
SELECT id, create_time AS createTime, last_update_time AS lastUpdateTime, name, version FROM platform_data WHERE (version > 0) AND (id = 1) LIMIT 1 OFFSET 0
[TeaQL SQL][query][577us] 1 rows returned outcome=success batchOutcome=not_applicable comment=matched merchant read with relation purpose=matched benchmark read auditReason= tracePath=[0:OPERATION:Merchant=query -> 1:REQUEST:Merchant= -> 2:PROVIDER:postgresql= -> 3:SQL:select=] mutationLineage=[]
SQL: -- TeaQL PLAIN
SELECT id, name, code, external_id AS externalId, task_life_hours AS taskLifeHours, version, platform FROM merchant_data WHERE (version > 0) AND (external_id = 'matched-merchant') LIMIT 1000 OFFSET 0
[TeaQL SQL][query][541us] 1 rows returned outcome=success batchOutcome=not_applicable comment=matched merchant read with relation purpose=matched benchmark read auditReason= tracePath=[0:OPERATION:Merchant=query -> 1:REQUEST:Merchant= -> 2:RELATION:platform=Merchant.platform -> 3:PROVIDER:postgresql= -> 4:SQL:select=] mutationLineage=[]
SQL: -- TeaQL PLAIN
SELECT id, create_time AS createTime, last_update_time AS lastUpdateTime, name, version FROM platform_data WHERE (version > 0) AND (id = 1) LIMIT 1 OFFSET 0
[TeaQL SQL][query][557us] 1 rows returned outcome=success batchOutcome=not_applicable comment=matched merchant read with relation purpose=matched benchmark read auditReason= tracePath=[0:OPERATION:Merchant=query -> 1:REQUEST:Merchant= -> 2:PROVIDER:postgresql= -> 3:SQL:select=] mutationLineage=[]
SQL: -- TeaQL PLAIN
SELECT id, name, code, external_id AS externalId, task_life_hours AS taskLifeHours, version, platform FROM merchant_data WHERE (version > 0) AND (external_id = 'matched-merchant') LIMIT 1000 OFFSET 0
[TeaQL SQL][query][446us] 1 rows returned outcome=success batchOutcome=not_applicable comment=matched merchant read with relation purpose=matched benchmark read auditReason= tracePath=[0:OPERATION:Merchant=query -> 1:REQUEST:Merchant= -> 2:RELATION:platform=Merchant.platform -> 3:PROVIDER:postgresql= -> 4:SQL:select=] mutationLineage=[]
SQL: -- TeaQL PLAIN
SELECT id, create_time AS createTime, last_update_time AS lastUpdateTime, name, version FROM platform_data WHERE (version > 0) AND (id = 1) LIMIT 1 OFFSET 0
[TeaQL SQL][query][493us] 1 rows returned outcome=success batchOutcome=not_applicable comment=matched merchant read with relation purpose=matched benchmark read auditReason= tracePath=[0:OPERATION:Merchant=query -> 1:REQUEST:Merchant= -> 2:PROVIDER:postgresql= -> 3:SQL:select=] mutationLineage=[]
SQL: -- TeaQL PLAIN
SELECT id, name, code, external_id AS externalId, task_life_hours AS taskLifeHours, version, platform FROM merchant_data WHERE (version > 0) AND (external_id = 'matched-merchant') LIMIT 1000 OFFSET 0
[TeaQL SQL][query][366us] 1 rows returned outcome=success batchOutcome=not_applicable comment=matched merchant read with relation purpose=matched benchmark read auditReason= tracePath=[0:OPERATION:Merchant=query -> 1:REQUEST:Merchant= -> 2:RELATION:platform=Merchant.platform -> 3:PROVIDER:postgresql= -> 4:SQL:select=] mutationLineage=[]
SQL: -- TeaQL PLAIN
SELECT id, create_time AS createTime, last_update_time AS lastUpdateTime, name, version FROM platform_data WHERE (version > 0) AND (id = 1) LIMIT 1 OFFSET 0
[TeaQL SQL][query][463us] 1 rows returned outcome=success batchOutcome=not_applicable comment=matched merchant read with relation purpose=matched benchmark read auditReason= tracePath=[0:OPERATION:Merchant=query -> 1:REQUEST:Merchant= -> 2:PROVIDER:postgresql= -> 3:SQL:select=] mutationLineage=[]
SQL: -- TeaQL PLAIN
SELECT id, name, code, external_id AS externalId, task_life_hours AS taskLifeHours, version, platform FROM merchant_data WHERE (version > 0) AND (external_id = 'matched-merchant') LIMIT 1000 OFFSET 0
[TeaQL SQL][query][416us] 1 rows returned outcome=success batchOutcome=not_applicable comment=matched merchant read with relation purpose=matched benchmark read auditReason= tracePath=[0:OPERATION:Merchant=query -> 1:REQUEST:Merchant= -> 2:RELATION:platform=Merchant.platform -> 3:PROVIDER:postgresql= -> 4:SQL:select=] mutationLineage=[]
SQL: -- TeaQL PLAIN
SELECT id, create_time AS createTime, last_update_time AS lastUpdateTime, name, version FROM platform_data WHERE (version > 0) AND (id = 1) LIMIT 1 OFFSET 0
[TeaQL SQL][query][488us] 1 rows returned outcome=success batchOutcome=not_applicable comment=matched merchant read with relation purpose=matched benchmark read auditReason= tracePath=[0:OPERATION:Merchant=query -> 1:REQUEST:Merchant= -> 2:PROVIDER:postgresql= -> 3:SQL:select=] mutationLineage=[]
SQL: -- TeaQL PLAIN
SELECT id, name, code, external_id AS externalId, task_life_hours AS taskLifeHours, version, platform FROM merchant_data WHERE (version > 0) AND (external_id = 'matched-merchant') LIMIT 1000 OFFSET 0
[TeaQL SQL][query][427us] 1 rows returned outcome=success batchOutcome=not_applicable comment=matched merchant read with relation purpose=matched benchmark read auditReason= tracePath=[0:OPERATION:Merchant=query -> 1:REQUEST:Merchant= -> 2:RELATION:platform=Merchant.platform -> 3:PROVIDER:postgresql= -> 4:SQL:select=] mutationLineage=[]
SQL: -- TeaQL PLAIN
SELECT id, create_time AS createTime, last_update_time AS lastUpdateTime, name, version FROM platform_data WHERE (version > 0) AND (id = 1) LIMIT 1 OFFSET 0
[TeaQL SQL][query][569us] 1 rows returned outcome=success batchOutcome=not_applicable comment=matched merchant read with relation purpose=matched benchmark read auditReason= tracePath=[0:OPERATION:Merchant=query -> 1:REQUEST:Merchant= -> 2:PROVIDER:postgresql= -> 3:SQL:select=] mutationLineage=[]
SQL: -- TeaQL PLAIN
SELECT id, name, code, external_id AS externalId, task_life_hours AS taskLifeHours, version, platform FROM merchant_data WHERE (version > 0) AND (external_id = 'matched-merchant') LIMIT 1000 OFFSET 0
[TeaQL SQL][query][527us] 1 rows returned outcome=success batchOutcome=not_applicable comment=matched merchant read with relation purpose=matched benchmark read auditReason= tracePath=[0:OPERATION:Merchant=query -> 1:REQUEST:Merchant= -> 2:RELATION:platform=Merchant.platform -> 3:PROVIDER:postgresql= -> 4:SQL:select=] mutationLineage=[]
SQL: -- TeaQL PLAIN
SELECT id, create_time AS createTime, last_update_time AS lastUpdateTime, name, version FROM platform_data WHERE (version > 0) AND (id = 1) LIMIT 1 OFFSET 0
[TeaQL SQL][query][479us] 1 rows returned outcome=success batchOutcome=not_applicable comment=matched merchant read with relation purpose=matched benchmark read auditReason= tracePath=[0:OPERATION:Merchant=query -> 1:REQUEST:Merchant= -> 2:PROVIDER:postgresql= -> 3:SQL:select=] mutationLineage=[]
SQL: -- TeaQL PLAIN
SELECT id, name, code, external_id AS externalId, task_life_hours AS taskLifeHours, version, platform FROM merchant_data WHERE (version > 0) AND (external_id = 'matched-merchant') LIMIT 1000 OFFSET 0
[TeaQL SQL][query][351us] 1 rows returned outcome=success batchOutcome=not_applicable comment=matched merchant read with relation purpose=matched benchmark read auditReason= tracePath=[0:OPERATION:Merchant=query -> 1:REQUEST:Merchant= -> 2:RELATION:platform=Merchant.platform -> 3:PROVIDER:postgresql= -> 4:SQL:select=] mutationLineage=[]
SQL: -- TeaQL PLAIN
SELECT id, create_time AS createTime, last_update_time AS lastUpdateTime, name, version FROM platform_data WHERE (version > 0) AND (id = 1) LIMIT 1 OFFSET 0
[TeaQL SQL][query][521us] 1 rows returned outcome=success batchOutcome=not_applicable comment=matched merchant read with relation purpose=matched benchmark read auditReason= tracePath=[0:OPERATION:Merchant=query -> 1:REQUEST:Merchant= -> 2:PROVIDER:postgresql= -> 3:SQL:select=] mutationLineage=[]
SQL: -- TeaQL PLAIN
SELECT id, name, code, external_id AS externalId, task_life_hours AS taskLifeHours, version, platform FROM merchant_data WHERE (version > 0) AND (external_id = 'matched-merchant') LIMIT 1000 OFFSET 0
[TeaQL SQL][query][405us] 1 rows returned outcome=success batchOutcome=not_applicable comment=matched merchant read with relation purpose=matched benchmark read auditReason= tracePath=[0:OPERATION:Merchant=query -> 1:REQUEST:Merchant= -> 2:RELATION:platform=Merchant.platform -> 3:PROVIDER:postgresql= -> 4:SQL:select=] mutationLineage=[]
SQL: -- TeaQL PLAIN
SELECT id, create_time AS createTime, last_update_time AS lastUpdateTime, name, version FROM platform_data WHERE (version > 0) AND (id = 1) LIMIT 1 OFFSET 0
[TeaQL SQL][query][545us] 1 rows returned outcome=success batchOutcome=not_applicable comment=matched merchant read with relation purpose=matched benchmark read auditReason= tracePath=[0:OPERATION:Merchant=query -> 1:REQUEST:Merchant= -> 2:PROVIDER:postgresql= -> 3:SQL:select=] mutationLineage=[]
SQL: -- TeaQL PLAIN
SELECT id, name, code, external_id AS externalId, task_life_hours AS taskLifeHours, version, platform FROM merchant_data WHERE (version > 0) AND (external_id = 'matched-merchant') LIMIT 1000 OFFSET 0
[TeaQL SQL][query][439us] 1 rows returned outcome=success batchOutcome=not_applicable comment=matched merchant read with relation purpose=matched benchmark read auditReason= tracePath=[0:OPERATION:Merchant=query -> 1:REQUEST:Merchant= -> 2:RELATION:platform=Merchant.platform -> 3:PROVIDER:postgresql= -> 4:SQL:select=] mutationLineage=[]
SQL: -- TeaQL PLAIN
SELECT id, create_time AS createTime, last_update_time AS lastUpdateTime, name, version FROM platform_data WHERE (version > 0) AND (id = 1) LIMIT 1 OFFSET 0
[TeaQL SQL][query][457us] 1 rows returned outcome=success batchOutcome=not_applicable comment=matched merchant read with relation purpose=matched benchmark read auditReason= tracePath=[0:OPERATION:Merchant=query -> 1:REQUEST:Merchant= -> 2:PROVIDER:postgresql= -> 3:SQL:select=] mutationLineage=[]
SQL: -- TeaQL PLAIN
SELECT id, name, code, external_id AS externalId, task_life_hours AS taskLifeHours, version, platform FROM merchant_data WHERE (version > 0) AND (external_id = 'matched-merchant') LIMIT 1000 OFFSET 0
[TeaQL SQL][query][425us] 1 rows returned outcome=success batchOutcome=not_applicable comment=matched merchant read with relation purpose=matched benchmark read auditReason= tracePath=[0:OPERATION:Merchant=query -> 1:REQUEST:Merchant= -> 2:RELATION:platform=Merchant.platform -> 3:PROVIDER:postgresql= -> 4:SQL:select=] mutationLineage=[]
SQL: -- TeaQL PLAIN
SELECT id, create_time AS createTime, last_update_time AS lastUpdateTime, name, version FROM platform_data WHERE (version > 0) AND (id = 1) LIMIT 1 OFFSET 0
[TeaQL SQL][query][496us] 1 rows returned outcome=success batchOutcome=not_applicable comment=matched merchant read with relation purpose=matched benchmark read auditReason= tracePath=[0:OPERATION:Merchant=query -> 1:REQUEST:Merchant= -> 2:PROVIDER:postgresql= -> 3:SQL:select=] mutationLineage=[]
SQL: -- TeaQL PLAIN
SELECT id, name, code, external_id AS externalId, task_life_hours AS taskLifeHours, version, platform FROM merchant_data WHERE (version > 0) AND (external_id = 'matched-merchant') LIMIT 1000 OFFSET 0
[TeaQL SQL][query][414us] 1 rows returned outcome=success batchOutcome=not_applicable comment=matched merchant read with relation purpose=matched benchmark read auditReason= tracePath=[0:OPERATION:Merchant=query -> 1:REQUEST:Merchant= -> 2:RELATION:platform=Merchant.platform -> 3:PROVIDER:postgresql= -> 4:SQL:select=] mutationLineage=[]
SQL: -- TeaQL PLAIN
SELECT id, create_time AS createTime, last_update_time AS lastUpdateTime, name, version FROM platform_data WHERE (version > 0) AND (id = 1) LIMIT 1 OFFSET 0
[TeaQL SQL][query][502us] 1 rows returned outcome=success batchOutcome=not_applicable comment=matched merchant read with relation purpose=matched benchmark read auditReason= tracePath=[0:OPERATION:Merchant=query -> 1:REQUEST:Merchant= -> 2:PROVIDER:postgresql= -> 3:SQL:select=] mutationLineage=[]
SQL: -- TeaQL PLAIN
SELECT id, name, code, external_id AS externalId, task_life_hours AS taskLifeHours, version, platform FROM merchant_data WHERE (version > 0) AND (external_id = 'matched-merchant') LIMIT 1000 OFFSET 0
[TeaQL SQL][query][400us] 1 rows returned outcome=success batchOutcome=not_applicable comment=matched merchant read with relation purpose=matched benchmark read auditReason= tracePath=[0:OPERATION:Merchant=query -> 1:REQUEST:Merchant= -> 2:RELATION:platform=Merchant.platform -> 3:PROVIDER:postgresql= -> 4:SQL:select=] mutationLineage=[]
SQL: -- TeaQL PLAIN
SELECT id, create_time AS createTime, last_update_time AS lastUpdateTime, name, version FROM platform_data WHERE (version > 0) AND (id = 1) LIMIT 1 OFFSET 0
[TeaQL SQL][query][565us] 1 rows returned outcome=success batchOutcome=not_applicable comment=matched merchant read with relation purpose=matched benchmark read auditReason= tracePath=[0:OPERATION:Merchant=query -> 1:REQUEST:Merchant= -> 2:PROVIDER:postgresql= -> 3:SQL:select=] mutationLineage=[]
SQL: -- TeaQL PLAIN
SELECT id, name, code, external_id AS externalId, task_life_hours AS taskLifeHours, version, platform FROM merchant_data WHERE (version > 0) AND (external_id = 'matched-merchant') LIMIT 1000 OFFSET 0
[TeaQL SQL][query][427us] 1 rows returned outcome=success batchOutcome=not_applicable comment=matched merchant read with relation purpose=matched benchmark read auditReason= tracePath=[0:OPERATION:Merchant=query -> 1:REQUEST:Merchant= -> 2:RELATION:platform=Merchant.platform -> 3:PROVIDER:postgresql= -> 4:SQL:select=] mutationLineage=[]
SQL: -- TeaQL PLAIN
SELECT id, create_time AS createTime, last_update_time AS lastUpdateTime, name, version FROM platform_data WHERE (version > 0) AND (id = 1) LIMIT 1 OFFSET 0
[TeaQL SQL][query][484us] 1 rows returned outcome=success batchOutcome=not_applicable comment=matched merchant read with relation purpose=matched benchmark read auditReason= tracePath=[0:OPERATION:Merchant=query -> 1:REQUEST:Merchant= -> 2:PROVIDER:postgresql= -> 3:SQL:select=] mutationLineage=[]
SQL: -- TeaQL PLAIN
SELECT id, name, code, external_id AS externalId, task_life_hours AS taskLifeHours, version, platform FROM merchant_data WHERE (version > 0) AND (external_id = 'matched-merchant') LIMIT 1000 OFFSET 0
[TeaQL SQL][query][407us] 1 rows returned outcome=success batchOutcome=not_applicable comment=matched merchant read with relation purpose=matched benchmark read auditReason= tracePath=[0:OPERATION:Merchant=query -> 1:REQUEST:Merchant= -> 2:RELATION:platform=Merchant.platform -> 3:PROVIDER:postgresql= -> 4:SQL:select=] mutationLineage=[]
SQL: -- TeaQL PLAIN
SELECT id, create_time AS createTime, last_update_time AS lastUpdateTime, name, version FROM platform_data WHERE (version > 0) AND (id = 1) LIMIT 1 OFFSET 0
[TeaQL SQL][query][511us] 1 rows returned outcome=success batchOutcome=not_applicable comment=matched merchant read with relation purpose=matched benchmark read auditReason= tracePath=[0:OPERATION:Merchant=query -> 1:REQUEST:Merchant= -> 2:PROVIDER:postgresql= -> 3:SQL:select=] mutationLineage=[]
SQL: -- TeaQL PLAIN
SELECT id, name, code, external_id AS externalId, task_life_hours AS taskLifeHours, version, platform FROM merchant_data WHERE (version > 0) AND (external_id = 'matched-merchant') LIMIT 1000 OFFSET 0
[TeaQL SQL][query][444us] 1 rows returned outcome=success batchOutcome=not_applicable comment=matched merchant read with relation purpose=matched benchmark read auditReason= tracePath=[0:OPERATION:Merchant=query -> 1:REQUEST:Merchant= -> 2:RELATION:platform=Merchant.platform -> 3:PROVIDER:postgresql= -> 4:SQL:select=] mutationLineage=[]
SQL: -- TeaQL PLAIN
SELECT id, create_time AS createTime, last_update_time AS lastUpdateTime, name, version FROM platform_data WHERE (version > 0) AND (id = 1) LIMIT 1 OFFSET 0
[TeaQL SQL][query][544us] 1 rows returned outcome=success batchOutcome=not_applicable comment=matched merchant read with relation purpose=matched benchmark read auditReason= tracePath=[0:OPERATION:Merchant=query -> 1:REQUEST:Merchant= -> 2:PROVIDER:postgresql= -> 3:SQL:select=] mutationLineage=[]
SQL: -- TeaQL PLAIN
SELECT id, name, code, external_id AS externalId, task_life_hours AS taskLifeHours, version, platform FROM merchant_data WHERE (version > 0) AND (external_id = 'matched-merchant') LIMIT 1000 OFFSET 0
[TeaQL SQL][query][499us] 1 rows returned outcome=success batchOutcome=not_applicable comment=matched merchant read with relation purpose=matched benchmark read auditReason= tracePath=[0:OPERATION:Merchant=query -> 1:REQUEST:Merchant= -> 2:RELATION:platform=Merchant.platform -> 3:PROVIDER:postgresql= -> 4:SQL:select=] mutationLineage=[]
SQL: -- TeaQL PLAIN
SELECT id, create_time AS createTime, last_update_time AS lastUpdateTime, name, version FROM platform_data WHERE (version > 0) AND (id = 1) LIMIT 1 OFFSET 0
[TeaQL SQL][query][598us] 1 rows returned outcome=success batchOutcome=not_applicable comment=matched merchant read with relation purpose=matched benchmark read auditReason= tracePath=[0:OPERATION:Merchant=query -> 1:REQUEST:Merchant= -> 2:PROVIDER:postgresql= -> 3:SQL:select=] mutationLineage=[]
SQL: -- TeaQL PLAIN
SELECT id, name, code, external_id AS externalId, task_life_hours AS taskLifeHours, version, platform FROM merchant_data WHERE (version > 0) AND (external_id = 'matched-merchant') LIMIT 1000 OFFSET 0
[TeaQL SQL][query][486us] 1 rows returned outcome=success batchOutcome=not_applicable comment=matched merchant read with relation purpose=matched benchmark read auditReason= tracePath=[0:OPERATION:Merchant=query -> 1:REQUEST:Merchant= -> 2:RELATION:platform=Merchant.platform -> 3:PROVIDER:postgresql= -> 4:SQL:select=] mutationLineage=[]
SQL: -- TeaQL PLAIN
SELECT id, create_time AS createTime, last_update_time AS lastUpdateTime, name, version FROM platform_data WHERE (version > 0) AND (id = 1) LIMIT 1 OFFSET 0
[TeaQL SQL][query][501us] 1 rows returned outcome=success batchOutcome=not_applicable comment=matched merchant read with relation purpose=matched benchmark read auditReason= tracePath=[0:OPERATION:Merchant=query -> 1:REQUEST:Merchant= -> 2:PROVIDER:postgresql= -> 3:SQL:select=] mutationLineage=[]
SQL: -- TeaQL PLAIN
SELECT id, name, code, external_id AS externalId, task_life_hours AS taskLifeHours, version, platform FROM merchant_data WHERE (version > 0) AND (external_id = 'matched-merchant') LIMIT 1000 OFFSET 0
[TeaQL SQL][query][494us] 1 rows returned outcome=success batchOutcome=not_applicable comment=matched merchant read with relation purpose=matched benchmark read auditReason= tracePath=[0:OPERATION:Merchant=query -> 1:REQUEST:Merchant= -> 2:RELATION:platform=Merchant.platform -> 3:PROVIDER:postgresql= -> 4:SQL:select=] mutationLineage=[]
SQL: -- TeaQL PLAIN
SELECT id, create_time AS createTime, last_update_time AS lastUpdateTime, name, version FROM platform_data WHERE (version > 0) AND (id = 1) LIMIT 1 OFFSET 0
[TeaQL SQL][query][479us] 1 rows returned outcome=success batchOutcome=not_applicable comment=matched merchant read with relation purpose=matched benchmark read auditReason= tracePath=[0:OPERATION:Merchant=query -> 1:REQUEST:Merchant= -> 2:PROVIDER:postgresql= -> 3:SQL:select=] mutationLineage=[]
SQL: -- TeaQL PLAIN
SELECT id, name, code, external_id AS externalId, task_life_hours AS taskLifeHours, version, platform FROM merchant_data WHERE (version > 0) AND (external_id = 'matched-merchant') LIMIT 1000 OFFSET 0
[TeaQL SQL][query][377us] 1 rows returned outcome=success batchOutcome=not_applicable comment=matched merchant read with relation purpose=matched benchmark read auditReason= tracePath=[0:OPERATION:Merchant=query -> 1:REQUEST:Merchant= -> 2:RELATION:platform=Merchant.platform -> 3:PROVIDER:postgresql= -> 4:SQL:select=] mutationLineage=[]
SQL: -- TeaQL PLAIN
SELECT id, create_time AS createTime, last_update_time AS lastUpdateTime, name, version FROM platform_data WHERE (version > 0) AND (id = 1) LIMIT 1 OFFSET 0
[TeaQL SQL][query][641us] 1 rows returned outcome=success batchOutcome=not_applicable comment=matched merchant read with relation purpose=matched benchmark read auditReason= tracePath=[0:OPERATION:Merchant=query -> 1:REQUEST:Merchant= -> 2:PROVIDER:postgresql= -> 3:SQL:select=] mutationLineage=[]
SQL: -- TeaQL PLAIN
SELECT id, name, code, external_id AS externalId, task_life_hours AS taskLifeHours, version, platform FROM merchant_data WHERE (version > 0) AND (external_id = 'matched-merchant') LIMIT 1000 OFFSET 0
[TeaQL SQL][query][452us] 1 rows returned outcome=success batchOutcome=not_applicable comment=matched merchant read with relation purpose=matched benchmark read auditReason= tracePath=[0:OPERATION:Merchant=query -> 1:REQUEST:Merchant= -> 2:RELATION:platform=Merchant.platform -> 3:PROVIDER:postgresql= -> 4:SQL:select=] mutationLineage=[]
SQL: -- TeaQL PLAIN
SELECT id, create_time AS createTime, last_update_time AS lastUpdateTime, name, version FROM platform_data WHERE (version > 0) AND (id = 1) LIMIT 1 OFFSET 0
[TeaQL SQL][query][561us] 1 rows returned outcome=success batchOutcome=not_applicable comment=matched merchant read with relation purpose=matched benchmark read auditReason= tracePath=[0:OPERATION:Merchant=query -> 1:REQUEST:Merchant= -> 2:PROVIDER:postgresql= -> 3:SQL:select=] mutationLineage=[]
SQL: -- TeaQL PLAIN
SELECT id, name, code, external_id AS externalId, task_life_hours AS taskLifeHours, version, platform FROM merchant_data WHERE (version > 0) AND (external_id = 'matched-merchant') LIMIT 1000 OFFSET 0
[TeaQL SQL][query][459us] 1 rows returned outcome=success batchOutcome=not_applicable comment=matched merchant read with relation purpose=matched benchmark read auditReason= tracePath=[0:OPERATION:Merchant=query -> 1:REQUEST:Merchant= -> 2:RELATION:platform=Merchant.platform -> 3:PROVIDER:postgresql= -> 4:SQL:select=] mutationLineage=[]
SQL: -- TeaQL PLAIN
SELECT id, create_time AS createTime, last_update_time AS lastUpdateTime, name, version FROM platform_data WHERE (version > 0) AND (id = 1) LIMIT 1 OFFSET 0
[TeaQL SQL][query][631us] 1 rows returned outcome=success batchOutcome=not_applicable comment=matched merchant read with relation purpose=matched benchmark read auditReason= tracePath=[0:OPERATION:Merchant=query -> 1:REQUEST:Merchant= -> 2:PROVIDER:postgresql= -> 3:SQL:select=] mutationLineage=[]
SQL: -- TeaQL PLAIN
SELECT id, name, code, external_id AS externalId, task_life_hours AS taskLifeHours, version, platform FROM merchant_data WHERE (version > 0) AND (external_id = 'matched-merchant') LIMIT 1000 OFFSET 0
[TeaQL SQL][query][551us] 1 rows returned outcome=success batchOutcome=not_applicable comment=matched merchant read with relation purpose=matched benchmark read auditReason= tracePath=[0:OPERATION:Merchant=query -> 1:REQUEST:Merchant= -> 2:RELATION:platform=Merchant.platform -> 3:PROVIDER:postgresql= -> 4:SQL:select=] mutationLineage=[]
SQL: -- TeaQL PLAIN
SELECT id, create_time AS createTime, last_update_time AS lastUpdateTime, name, version FROM platform_data WHERE (version > 0) AND (id = 1) LIMIT 1 OFFSET 0
[TeaQL SQL][query][511us] 1 rows returned outcome=success batchOutcome=not_applicable comment=matched merchant read with relation purpose=matched benchmark read auditReason= tracePath=[0:OPERATION:Merchant=query -> 1:REQUEST:Merchant= -> 2:PROVIDER:postgresql= -> 3:SQL:select=] mutationLineage=[]
SQL: -- TeaQL PLAIN
SELECT id, name, code, external_id AS externalId, task_life_hours AS taskLifeHours, version, platform FROM merchant_data WHERE (version > 0) AND (external_id = 'matched-merchant') LIMIT 1000 OFFSET 0
[TeaQL SQL][query][398us] 1 rows returned outcome=success batchOutcome=not_applicable comment=matched merchant read with relation purpose=matched benchmark read auditReason= tracePath=[0:OPERATION:Merchant=query -> 1:REQUEST:Merchant= -> 2:RELATION:platform=Merchant.platform -> 3:PROVIDER:postgresql= -> 4:SQL:select=] mutationLineage=[]
SQL: -- TeaQL PLAIN
SELECT id, create_time AS createTime, last_update_time AS lastUpdateTime, name, version FROM platform_data WHERE (version > 0) AND (id = 1) LIMIT 1 OFFSET 0
[TeaQL SQL][query][481us] 1 rows returned outcome=success batchOutcome=not_applicable comment=matched merchant read with relation purpose=matched benchmark read auditReason= tracePath=[0:OPERATION:Merchant=query -> 1:REQUEST:Merchant= -> 2:PROVIDER:postgresql= -> 3:SQL:select=] mutationLineage=[]
SQL: -- TeaQL PLAIN
SELECT id, name, code, external_id AS externalId, task_life_hours AS taskLifeHours, version, platform FROM merchant_data WHERE (version > 0) AND (external_id = 'matched-merchant') LIMIT 1000 OFFSET 0
[TeaQL SQL][query][440us] 1 rows returned outcome=success batchOutcome=not_applicable comment=matched merchant read with relation purpose=matched benchmark read auditReason= tracePath=[0:OPERATION:Merchant=query -> 1:REQUEST:Merchant= -> 2:RELATION:platform=Merchant.platform -> 3:PROVIDER:postgresql= -> 4:SQL:select=] mutationLineage=[]
SQL: -- TeaQL PLAIN
SELECT id, create_time AS createTime, last_update_time AS lastUpdateTime, name, version FROM platform_data WHERE (version > 0) AND (id = 1) LIMIT 1 OFFSET 0
[TeaQL SQL][query][496us] 1 rows returned outcome=success batchOutcome=not_applicable comment=matched merchant read with relation purpose=matched benchmark read auditReason= tracePath=[0:OPERATION:Merchant=query -> 1:REQUEST:Merchant= -> 2:PROVIDER:postgresql= -> 3:SQL:select=] mutationLineage=[]
SQL: -- TeaQL PLAIN
SELECT id, name, code, external_id AS externalId, task_life_hours AS taskLifeHours, version, platform FROM merchant_data WHERE (version > 0) AND (external_id = 'matched-merchant') LIMIT 1000 OFFSET 0
[TeaQL SQL][query][455us] 1 rows returned outcome=success batchOutcome=not_applicable comment=matched merchant read with relation purpose=matched benchmark read auditReason= tracePath=[0:OPERATION:Merchant=query -> 1:REQUEST:Merchant= -> 2:RELATION:platform=Merchant.platform -> 3:PROVIDER:postgresql= -> 4:SQL:select=] mutationLineage=[]
SQL: -- TeaQL PLAIN
SELECT id, create_time AS createTime, last_update_time AS lastUpdateTime, name, version FROM platform_data WHERE (version > 0) AND (id = 1) LIMIT 1 OFFSET 0
[TeaQL SQL][query][516us] 1 rows returned outcome=success batchOutcome=not_applicable comment=matched merchant read with relation purpose=matched benchmark read auditReason= tracePath=[0:OPERATION:Merchant=query -> 1:REQUEST:Merchant= -> 2:PROVIDER:postgresql= -> 3:SQL:select=] mutationLineage=[]
SQL: -- TeaQL PLAIN
SELECT id, name, code, external_id AS externalId, task_life_hours AS taskLifeHours, version, platform FROM merchant_data WHERE (version > 0) AND (external_id = 'matched-merchant') LIMIT 1000 OFFSET 0
[TeaQL SQL][query][484us] 1 rows returned outcome=success batchOutcome=not_applicable comment=matched merchant read with relation purpose=matched benchmark read auditReason= tracePath=[0:OPERATION:Merchant=query -> 1:REQUEST:Merchant= -> 2:RELATION:platform=Merchant.platform -> 3:PROVIDER:postgresql= -> 4:SQL:select=] mutationLineage=[]
SQL: -- TeaQL PLAIN
SELECT id, create_time AS createTime, last_update_time AS lastUpdateTime, name, version FROM platform_data WHERE (version > 0) AND (id = 1) LIMIT 1 OFFSET 0
[TeaQL SQL][query][460us] 1 rows returned outcome=success batchOutcome=not_applicable comment=matched merchant read with relation purpose=matched benchmark read auditReason= tracePath=[0:OPERATION:Merchant=query -> 1:REQUEST:Merchant= -> 2:PROVIDER:postgresql= -> 3:SQL:select=] mutationLineage=[]
SQL: -- TeaQL PLAIN
SELECT id, name, code, external_id AS externalId, task_life_hours AS taskLifeHours, version, platform FROM merchant_data WHERE (version > 0) AND (external_id = 'matched-merchant') LIMIT 1000 OFFSET 0
[TeaQL SQL][query][386us] 1 rows returned outcome=success batchOutcome=not_applicable comment=matched merchant read with relation purpose=matched benchmark read auditReason= tracePath=[0:OPERATION:Merchant=query -> 1:REQUEST:Merchant= -> 2:RELATION:platform=Merchant.platform -> 3:PROVIDER:postgresql= -> 4:SQL:select=] mutationLineage=[]
SQL: -- TeaQL PLAIN
SELECT id, create_time AS createTime, last_update_time AS lastUpdateTime, name, version FROM platform_data WHERE (version > 0) AND (id = 1) LIMIT 1 OFFSET 0
[TeaQL SQL][query][549us] 1 rows returned outcome=success batchOutcome=not_applicable comment=matched merchant read with relation purpose=matched benchmark read auditReason= tracePath=[0:OPERATION:Merchant=query -> 1:REQUEST:Merchant= -> 2:PROVIDER:postgresql= -> 3:SQL:select=] mutationLineage=[]
SQL: -- TeaQL PLAIN
SELECT id, name, code, external_id AS externalId, task_life_hours AS taskLifeHours, version, platform FROM merchant_data WHERE (version > 0) AND (external_id = 'matched-merchant') LIMIT 1000 OFFSET 0
[TeaQL SQL][query][515us] 1 rows returned outcome=success batchOutcome=not_applicable comment=matched merchant read with relation purpose=matched benchmark read auditReason= tracePath=[0:OPERATION:Merchant=query -> 1:REQUEST:Merchant= -> 2:RELATION:platform=Merchant.platform -> 3:PROVIDER:postgresql= -> 4:SQL:select=] mutationLineage=[]
SQL: -- TeaQL PLAIN
SELECT id, create_time AS createTime, last_update_time AS lastUpdateTime, name, version FROM platform_data WHERE (version > 0) AND (id = 1) LIMIT 1 OFFSET 0
[TeaQL SQL][query][547us] 1 rows returned outcome=success batchOutcome=not_applicable comment=matched merchant read with relation purpose=matched benchmark read auditReason= tracePath=[0:OPERATION:Merchant=query -> 1:REQUEST:Merchant= -> 2:PROVIDER:postgresql= -> 3:SQL:select=] mutationLineage=[]
SQL: -- TeaQL PLAIN
SELECT id, name, code, external_id AS externalId, task_life_hours AS taskLifeHours, version, platform FROM merchant_data WHERE (version > 0) AND (external_id = 'matched-merchant') LIMIT 1000 OFFSET 0
[TeaQL SQL][query][458us] 1 rows returned outcome=success batchOutcome=not_applicable comment=matched merchant read with relation purpose=matched benchmark read auditReason= tracePath=[0:OPERATION:Merchant=query -> 1:REQUEST:Merchant= -> 2:RELATION:platform=Merchant.platform -> 3:PROVIDER:postgresql= -> 4:SQL:select=] mutationLineage=[]
SQL: -- TeaQL PLAIN
SELECT id, create_time AS createTime, last_update_time AS lastUpdateTime, name, version FROM platform_data WHERE (version > 0) AND (id = 1) LIMIT 1 OFFSET 0
[TeaQL SQL][query][538us] 1 rows returned outcome=success batchOutcome=not_applicable comment=matched merchant read with relation purpose=matched benchmark read auditReason= tracePath=[0:OPERATION:Merchant=query -> 1:REQUEST:Merchant= -> 2:PROVIDER:postgresql= -> 3:SQL:select=] mutationLineage=[]
SQL: -- TeaQL PLAIN
SELECT id, name, code, external_id AS externalId, task_life_hours AS taskLifeHours, version, platform FROM merchant_data WHERE (version > 0) AND (external_id = 'matched-merchant') LIMIT 1000 OFFSET 0
[TeaQL SQL][query][472us] 1 rows returned outcome=success batchOutcome=not_applicable comment=matched merchant read with relation purpose=matched benchmark read auditReason= tracePath=[0:OPERATION:Merchant=query -> 1:REQUEST:Merchant= -> 2:RELATION:platform=Merchant.platform -> 3:PROVIDER:postgresql= -> 4:SQL:select=] mutationLineage=[]
SQL: -- TeaQL PLAIN
SELECT id, create_time AS createTime, last_update_time AS lastUpdateTime, name, version FROM platform_data WHERE (version > 0) AND (id = 1) LIMIT 1 OFFSET 0
[TeaQL SQL][query][554us] 1 rows returned outcome=success batchOutcome=not_applicable comment=matched merchant read with relation purpose=matched benchmark read auditReason= tracePath=[0:OPERATION:Merchant=query -> 1:REQUEST:Merchant= -> 2:PROVIDER:postgresql= -> 3:SQL:select=] mutationLineage=[]
SQL: -- TeaQL PLAIN
SELECT id, name, code, external_id AS externalId, task_life_hours AS taskLifeHours, version, platform FROM merchant_data WHERE (version > 0) AND (external_id = 'matched-merchant') LIMIT 1000 OFFSET 0
[TeaQL SQL][query][444us] 1 rows returned outcome=success batchOutcome=not_applicable comment=matched merchant read with relation purpose=matched benchmark read auditReason= tracePath=[0:OPERATION:Merchant=query -> 1:REQUEST:Merchant= -> 2:RELATION:platform=Merchant.platform -> 3:PROVIDER:postgresql= -> 4:SQL:select=] mutationLineage=[]
SQL: -- TeaQL PLAIN
SELECT id, create_time AS createTime, last_update_time AS lastUpdateTime, name, version FROM platform_data WHERE (version > 0) AND (id = 1) LIMIT 1 OFFSET 0
[TeaQL SQL][query][630us] 1 rows returned outcome=success batchOutcome=not_applicable comment=matched merchant read with relation purpose=matched benchmark read auditReason= tracePath=[0:OPERATION:Merchant=query -> 1:REQUEST:Merchant= -> 2:PROVIDER:postgresql= -> 3:SQL:select=] mutationLineage=[]
SQL: -- TeaQL PLAIN
SELECT id, name, code, external_id AS externalId, task_life_hours AS taskLifeHours, version, platform FROM merchant_data WHERE (version > 0) AND (external_id = 'matched-merchant') LIMIT 1000 OFFSET 0
[TeaQL SQL][query][553us] 1 rows returned outcome=success batchOutcome=not_applicable comment=matched merchant read with relation purpose=matched benchmark read auditReason= tracePath=[0:OPERATION:Merchant=query -> 1:REQUEST:Merchant= -> 2:RELATION:platform=Merchant.platform -> 3:PROVIDER:postgresql= -> 4:SQL:select=] mutationLineage=[]
SQL: -- TeaQL PLAIN
SELECT id, create_time AS createTime, last_update_time AS lastUpdateTime, name, version FROM platform_data WHERE (version > 0) AND (id = 1) LIMIT 1 OFFSET 0
[TeaQL SQL][query][596us] 1 rows returned outcome=success batchOutcome=not_applicable comment=matched merchant read with relation purpose=matched benchmark read auditReason= tracePath=[0:OPERATION:Merchant=query -> 1:REQUEST:Merchant= -> 2:PROVIDER:postgresql= -> 3:SQL:select=] mutationLineage=[]
SQL: -- TeaQL PLAIN
SELECT id, name, code, external_id AS externalId, task_life_hours AS taskLifeHours, version, platform FROM merchant_data WHERE (version > 0) AND (external_id = 'matched-merchant') LIMIT 1000 OFFSET 0
[TeaQL SQL][query][471us] 1 rows returned outcome=success batchOutcome=not_applicable comment=matched merchant read with relation purpose=matched benchmark read auditReason= tracePath=[0:OPERATION:Merchant=query -> 1:REQUEST:Merchant= -> 2:RELATION:platform=Merchant.platform -> 3:PROVIDER:postgresql= -> 4:SQL:select=] mutationLineage=[]
SQL: -- TeaQL PLAIN
SELECT id, create_time AS createTime, last_update_time AS lastUpdateTime, name, version FROM platform_data WHERE (version > 0) AND (id = 1) LIMIT 1 OFFSET 0
[TeaQL SQL][query][590us] 1 rows returned outcome=success batchOutcome=not_applicable comment=matched merchant read with relation purpose=matched benchmark read auditReason= tracePath=[0:OPERATION:Merchant=query -> 1:REQUEST:Merchant= -> 2:PROVIDER:postgresql= -> 3:SQL:select=] mutationLineage=[]
SQL: -- TeaQL PLAIN
SELECT id, name, code, external_id AS externalId, task_life_hours AS taskLifeHours, version, platform FROM merchant_data WHERE (version > 0) AND (external_id = 'matched-merchant') LIMIT 1000 OFFSET 0
[TeaQL SQL][query][637us] 1 rows returned outcome=success batchOutcome=not_applicable comment=matched merchant read with relation purpose=matched benchmark read auditReason= tracePath=[0:OPERATION:Merchant=query -> 1:REQUEST:Merchant= -> 2:RELATION:platform=Merchant.platform -> 3:PROVIDER:postgresql= -> 4:SQL:select=] mutationLineage=[]
SQL: -- TeaQL PLAIN
SELECT id, create_time AS createTime, last_update_time AS lastUpdateTime, name, version FROM platform_data WHERE (version > 0) AND (id = 1) LIMIT 1 OFFSET 0
[TeaQL SQL][query][464us] 1 rows returned outcome=success batchOutcome=not_applicable comment=matched merchant read with relation purpose=matched benchmark read auditReason= tracePath=[0:OPERATION:Merchant=query -> 1:REQUEST:Merchant= -> 2:PROVIDER:postgresql= -> 3:SQL:select=] mutationLineage=[]
SQL: -- TeaQL PLAIN
SELECT id, name, code, external_id AS externalId, task_life_hours AS taskLifeHours, version, platform FROM merchant_data WHERE (version > 0) AND (external_id = 'matched-merchant') LIMIT 1000 OFFSET 0
[TeaQL SQL][query][336us] 1 rows returned outcome=success batchOutcome=not_applicable comment=matched merchant read with relation purpose=matched benchmark read auditReason= tracePath=[0:OPERATION:Merchant=query -> 1:REQUEST:Merchant= -> 2:RELATION:platform=Merchant.platform -> 3:PROVIDER:postgresql= -> 4:SQL:select=] mutationLineage=[]
SQL: -- TeaQL PLAIN
SELECT id, create_time AS createTime, last_update_time AS lastUpdateTime, name, version FROM platform_data WHERE (version > 0) AND (id = 1) LIMIT 1 OFFSET 0
[TeaQL SQL][query][486us] 1 rows returned outcome=success batchOutcome=not_applicable comment=matched merchant read with relation purpose=matched benchmark read auditReason= tracePath=[0:OPERATION:Merchant=query -> 1:REQUEST:Merchant= -> 2:PROVIDER:postgresql= -> 3:SQL:select=] mutationLineage=[]
SQL: -- TeaQL PLAIN
SELECT id, name, code, external_id AS externalId, task_life_hours AS taskLifeHours, version, platform FROM merchant_data WHERE (version > 0) AND (external_id = 'matched-merchant') LIMIT 1000 OFFSET 0
[TeaQL SQL][query][466us] 1 rows returned outcome=success batchOutcome=not_applicable comment=matched merchant read with relation purpose=matched benchmark read auditReason= tracePath=[0:OPERATION:Merchant=query -> 1:REQUEST:Merchant= -> 2:RELATION:platform=Merchant.platform -> 3:PROVIDER:postgresql= -> 4:SQL:select=] mutationLineage=[]
SQL: -- TeaQL PLAIN
SELECT id, create_time AS createTime, last_update_time AS lastUpdateTime, name, version FROM platform_data WHERE (version > 0) AND (id = 1) LIMIT 1 OFFSET 0
[TeaQL SQL][query][467us] 1 rows returned outcome=success batchOutcome=not_applicable comment=matched merchant read with relation purpose=matched benchmark read auditReason= tracePath=[0:OPERATION:Merchant=query -> 1:REQUEST:Merchant= -> 2:PROVIDER:postgresql= -> 3:SQL:select=] mutationLineage=[]
SQL: -- TeaQL PLAIN
SELECT id, name, code, external_id AS externalId, task_life_hours AS taskLifeHours, version, platform FROM merchant_data WHERE (version > 0) AND (external_id = 'matched-merchant') LIMIT 1000 OFFSET 0
[TeaQL SQL][query][418us] 1 rows returned outcome=success batchOutcome=not_applicable comment=matched merchant read with relation purpose=matched benchmark read auditReason= tracePath=[0:OPERATION:Merchant=query -> 1:REQUEST:Merchant= -> 2:RELATION:platform=Merchant.platform -> 3:PROVIDER:postgresql= -> 4:SQL:select=] mutationLineage=[]
SQL: -- TeaQL PLAIN
SELECT id, create_time AS createTime, last_update_time AS lastUpdateTime, name, version FROM platform_data WHERE (version > 0) AND (id = 1) LIMIT 1 OFFSET 0
[TeaQL SQL][query][564us] 1 rows returned outcome=success batchOutcome=not_applicable comment=matched merchant read with relation purpose=matched benchmark read auditReason= tracePath=[0:OPERATION:Merchant=query -> 1:REQUEST:Merchant= -> 2:PROVIDER:postgresql= -> 3:SQL:select=] mutationLineage=[]
SQL: -- TeaQL PLAIN
SELECT id, name, code, external_id AS externalId, task_life_hours AS taskLifeHours, version, platform FROM merchant_data WHERE (version > 0) AND (external_id = 'matched-merchant') LIMIT 1000 OFFSET 0
[TeaQL SQL][query][412us] 1 rows returned outcome=success batchOutcome=not_applicable comment=matched merchant read with relation purpose=matched benchmark read auditReason= tracePath=[0:OPERATION:Merchant=query -> 1:REQUEST:Merchant= -> 2:RELATION:platform=Merchant.platform -> 3:PROVIDER:postgresql= -> 4:SQL:select=] mutationLineage=[]
SQL: -- TeaQL PLAIN
SELECT id, create_time AS createTime, last_update_time AS lastUpdateTime, name, version FROM platform_data WHERE (version > 0) AND (id = 1) LIMIT 1 OFFSET 0
[TeaQL SQL][query][433us] 1 rows returned outcome=success batchOutcome=not_applicable comment=matched merchant read with relation purpose=matched benchmark read auditReason= tracePath=[0:OPERATION:Merchant=query -> 1:REQUEST:Merchant= -> 2:PROVIDER:postgresql= -> 3:SQL:select=] mutationLineage=[]
SQL: -- TeaQL PLAIN
SELECT id, name, code, external_id AS externalId, task_life_hours AS taskLifeHours, version, platform FROM merchant_data WHERE (version > 0) AND (external_id = 'matched-merchant') LIMIT 1000 OFFSET 0
[TeaQL SQL][query][386us] 1 rows returned outcome=success batchOutcome=not_applicable comment=matched merchant read with relation purpose=matched benchmark read auditReason= tracePath=[0:OPERATION:Merchant=query -> 1:REQUEST:Merchant= -> 2:RELATION:platform=Merchant.platform -> 3:PROVIDER:postgresql= -> 4:SQL:select=] mutationLineage=[]
SQL: -- TeaQL PLAIN
SELECT id, create_time AS createTime, last_update_time AS lastUpdateTime, name, version FROM platform_data WHERE (version > 0) AND (id = 1) LIMIT 1 OFFSET 0
[TeaQL SQL][query][514us] 1 rows returned outcome=success batchOutcome=not_applicable comment=matched merchant read with relation purpose=matched benchmark read auditReason= tracePath=[0:OPERATION:Merchant=query -> 1:REQUEST:Merchant= -> 2:PROVIDER:postgresql= -> 3:SQL:select=] mutationLineage=[]
SQL: -- TeaQL PLAIN
SELECT id, name, code, external_id AS externalId, task_life_hours AS taskLifeHours, version, platform FROM merchant_data WHERE (version > 0) AND (external_id = 'matched-merchant') LIMIT 1000 OFFSET 0
[TeaQL SQL][query][431us] 1 rows returned outcome=success batchOutcome=not_applicable comment=matched merchant read with relation purpose=matched benchmark read auditReason= tracePath=[0:OPERATION:Merchant=query -> 1:REQUEST:Merchant= -> 2:RELATION:platform=Merchant.platform -> 3:PROVIDER:postgresql= -> 4:SQL:select=] mutationLineage=[]
SQL: -- TeaQL PLAIN
SELECT id, create_time AS createTime, last_update_time AS lastUpdateTime, name, version FROM platform_data WHERE (version > 0) AND (id = 1) LIMIT 1 OFFSET 0
[TeaQL SQL][query][481us] 1 rows returned outcome=success batchOutcome=not_applicable comment=matched merchant read with relation purpose=matched benchmark read auditReason= tracePath=[0:OPERATION:Merchant=query -> 1:REQUEST:Merchant= -> 2:PROVIDER:postgresql= -> 3:SQL:select=] mutationLineage=[]
SQL: -- TeaQL PLAIN
SELECT id, name, code, external_id AS externalId, task_life_hours AS taskLifeHours, version, platform FROM merchant_data WHERE (version > 0) AND (external_id = 'matched-merchant') LIMIT 1000 OFFSET 0
[TeaQL SQL][query][441us] 1 rows returned outcome=success batchOutcome=not_applicable comment=matched merchant read with relation purpose=matched benchmark read auditReason= tracePath=[0:OPERATION:Merchant=query -> 1:REQUEST:Merchant= -> 2:RELATION:platform=Merchant.platform -> 3:PROVIDER:postgresql= -> 4:SQL:select=] mutationLineage=[]
SQL: -- TeaQL PLAIN
SELECT id, create_time AS createTime, last_update_time AS lastUpdateTime, name, version FROM platform_data WHERE (version > 0) AND (id = 1) LIMIT 1 OFFSET 0
[TeaQL SQL][query][518us] 1 rows returned outcome=success batchOutcome=not_applicable comment=matched merchant read with relation purpose=matched benchmark read auditReason= tracePath=[0:OPERATION:Merchant=query -> 1:REQUEST:Merchant= -> 2:PROVIDER:postgresql= -> 3:SQL:select=] mutationLineage=[]
SQL: -- TeaQL PLAIN
SELECT id, name, code, external_id AS externalId, task_life_hours AS taskLifeHours, version, platform FROM merchant_data WHERE (version > 0) AND (external_id = 'matched-merchant') LIMIT 1000 OFFSET 0
[TeaQL SQL][query][414us] 1 rows returned outcome=success batchOutcome=not_applicable comment=matched merchant read with relation purpose=matched benchmark read auditReason= tracePath=[0:OPERATION:Merchant=query -> 1:REQUEST:Merchant= -> 2:RELATION:platform=Merchant.platform -> 3:PROVIDER:postgresql= -> 4:SQL:select=] mutationLineage=[]
SQL: -- TeaQL PLAIN
SELECT id, create_time AS createTime, last_update_time AS lastUpdateTime, name, version FROM platform_data WHERE (version > 0) AND (id = 1) LIMIT 1 OFFSET 0
[TeaQL SQL][query][418us] 1 rows returned outcome=success batchOutcome=not_applicable comment=matched merchant read with relation purpose=matched benchmark read auditReason= tracePath=[0:OPERATION:Merchant=query -> 1:REQUEST:Merchant= -> 2:PROVIDER:postgresql= -> 3:SQL:select=] mutationLineage=[]
SQL: -- TeaQL PLAIN
SELECT id, name, code, external_id AS externalId, task_life_hours AS taskLifeHours, version, platform FROM merchant_data WHERE (version > 0) AND (external_id = 'matched-merchant') LIMIT 1000 OFFSET 0
[TeaQL SQL][query][357us] 1 rows returned outcome=success batchOutcome=not_applicable comment=matched merchant read with relation purpose=matched benchmark read auditReason= tracePath=[0:OPERATION:Merchant=query -> 1:REQUEST:Merchant= -> 2:RELATION:platform=Merchant.platform -> 3:PROVIDER:postgresql= -> 4:SQL:select=] mutationLineage=[]
SQL: -- TeaQL PLAIN
SELECT id, create_time AS createTime, last_update_time AS lastUpdateTime, name, version FROM platform_data WHERE (version > 0) AND (id = 1) LIMIT 1 OFFSET 0
[TeaQL SQL][query][538us] 1 rows returned outcome=success batchOutcome=not_applicable comment=matched merchant read with relation purpose=matched benchmark read auditReason= tracePath=[0:OPERATION:Merchant=query -> 1:REQUEST:Merchant= -> 2:PROVIDER:postgresql= -> 3:SQL:select=] mutationLineage=[]
SQL: -- TeaQL PLAIN
SELECT id, name, code, external_id AS externalId, task_life_hours AS taskLifeHours, version, platform FROM merchant_data WHERE (version > 0) AND (external_id = 'matched-merchant') LIMIT 1000 OFFSET 0
[TeaQL SQL][query][525us] 1 rows returned outcome=success batchOutcome=not_applicable comment=matched merchant read with relation purpose=matched benchmark read auditReason= tracePath=[0:OPERATION:Merchant=query -> 1:REQUEST:Merchant= -> 2:RELATION:platform=Merchant.platform -> 3:PROVIDER:postgresql= -> 4:SQL:select=] mutationLineage=[]
SQL: -- TeaQL PLAIN
SELECT id, create_time AS createTime, last_update_time AS lastUpdateTime, name, version FROM platform_data WHERE (version > 0) AND (id = 1) LIMIT 1 OFFSET 0
[TeaQL SQL][query][450us] 1 rows returned outcome=success batchOutcome=not_applicable comment=matched merchant read with relation purpose=matched benchmark read auditReason= tracePath=[0:OPERATION:Merchant=query -> 1:REQUEST:Merchant= -> 2:PROVIDER:postgresql= -> 3:SQL:select=] mutationLineage=[]
SQL: -- TeaQL PLAIN
SELECT id, name, code, external_id AS externalId, task_life_hours AS taskLifeHours, version, platform FROM merchant_data WHERE (version > 0) AND (external_id = 'matched-merchant') LIMIT 1000 OFFSET 0
[TeaQL SQL][query][433us] 1 rows returned outcome=success batchOutcome=not_applicable comment=matched merchant read with relation purpose=matched benchmark read auditReason= tracePath=[0:OPERATION:Merchant=query -> 1:REQUEST:Merchant= -> 2:RELATION:platform=Merchant.platform -> 3:PROVIDER:postgresql= -> 4:SQL:select=] mutationLineage=[]
SQL: -- TeaQL PLAIN
SELECT id, create_time AS createTime, last_update_time AS lastUpdateTime, name, version FROM platform_data WHERE (version > 0) AND (id = 1) LIMIT 1 OFFSET 0
[TeaQL SQL][query][481us] 1 rows returned outcome=success batchOutcome=not_applicable comment=matched merchant read with relation purpose=matched benchmark read auditReason= tracePath=[0:OPERATION:Merchant=query -> 1:REQUEST:Merchant= -> 2:PROVIDER:postgresql= -> 3:SQL:select=] mutationLineage=[]
SQL: -- TeaQL PLAIN
SELECT id, name, code, external_id AS externalId, task_life_hours AS taskLifeHours, version, platform FROM merchant_data WHERE (version > 0) AND (external_id = 'matched-merchant') LIMIT 1000 OFFSET 0
[TeaQL SQL][query][464us] 1 rows returned outcome=success batchOutcome=not_applicable comment=matched merchant read with relation purpose=matched benchmark read auditReason= tracePath=[0:OPERATION:Merchant=query -> 1:REQUEST:Merchant= -> 2:RELATION:platform=Merchant.platform -> 3:PROVIDER:postgresql= -> 4:SQL:select=] mutationLineage=[]
SQL: -- TeaQL PLAIN
SELECT id, create_time AS createTime, last_update_time AS lastUpdateTime, name, version FROM platform_data WHERE (version > 0) AND (id = 1) LIMIT 1 OFFSET 0
[TeaQL SQL][query][465us] 1 rows returned outcome=success batchOutcome=not_applicable comment=matched merchant read with relation purpose=matched benchmark read auditReason= tracePath=[0:OPERATION:Merchant=query -> 1:REQUEST:Merchant= -> 2:PROVIDER:postgresql= -> 3:SQL:select=] mutationLineage=[]
SQL: -- TeaQL PLAIN
SELECT id, name, code, external_id AS externalId, task_life_hours AS taskLifeHours, version, platform FROM merchant_data WHERE (version > 0) AND (external_id = 'matched-merchant') LIMIT 1000 OFFSET 0
[TeaQL SQL][query][390us] 1 rows returned outcome=success batchOutcome=not_applicable comment=matched merchant read with relation purpose=matched benchmark read auditReason= tracePath=[0:OPERATION:Merchant=query -> 1:REQUEST:Merchant= -> 2:RELATION:platform=Merchant.platform -> 3:PROVIDER:postgresql= -> 4:SQL:select=] mutationLineage=[]
SQL: -- TeaQL PLAIN
SELECT id, create_time AS createTime, last_update_time AS lastUpdateTime, name, version FROM platform_data WHERE (version > 0) AND (id = 1) LIMIT 1 OFFSET 0
[TeaQL SQL][query][560us] 1 rows returned outcome=success batchOutcome=not_applicable comment=matched merchant read with relation purpose=matched benchmark read auditReason= tracePath=[0:OPERATION:Merchant=query -> 1:REQUEST:Merchant= -> 2:PROVIDER:postgresql= -> 3:SQL:select=] mutationLineage=[]
SQL: -- TeaQL PLAIN
SELECT id, name, code, external_id AS externalId, task_life_hours AS taskLifeHours, version, platform FROM merchant_data WHERE (version > 0) AND (external_id = 'matched-merchant') LIMIT 1000 OFFSET 0
[TeaQL SQL][query][512us] 1 rows returned outcome=success batchOutcome=not_applicable comment=matched merchant read with relation purpose=matched benchmark read auditReason= tracePath=[0:OPERATION:Merchant=query -> 1:REQUEST:Merchant= -> 2:RELATION:platform=Merchant.platform -> 3:PROVIDER:postgresql= -> 4:SQL:select=] mutationLineage=[]
SQL: -- TeaQL PLAIN
SELECT id, create_time AS createTime, last_update_time AS lastUpdateTime, name, version FROM platform_data WHERE (version > 0) AND (id = 1) LIMIT 1 OFFSET 0
[TeaQL SQL][query][426us] 1 rows returned outcome=success batchOutcome=not_applicable comment=matched merchant read with relation purpose=matched benchmark read auditReason= tracePath=[0:OPERATION:Merchant=query -> 1:REQUEST:Merchant= -> 2:PROVIDER:postgresql= -> 3:SQL:select=] mutationLineage=[]
SQL: -- TeaQL PLAIN
SELECT id, name, code, external_id AS externalId, task_life_hours AS taskLifeHours, version, platform FROM merchant_data WHERE (version > 0) AND (external_id = 'matched-merchant') LIMIT 1000 OFFSET 0
[TeaQL SQL][query][408us] 1 rows returned outcome=success batchOutcome=not_applicable comment=matched merchant read with relation purpose=matched benchmark read auditReason= tracePath=[0:OPERATION:Merchant=query -> 1:REQUEST:Merchant= -> 2:RELATION:platform=Merchant.platform -> 3:PROVIDER:postgresql= -> 4:SQL:select=] mutationLineage=[]
SQL: -- TeaQL PLAIN
SELECT id, create_time AS createTime, last_update_time AS lastUpdateTime, name, version FROM platform_data WHERE (version > 0) AND (id = 1) LIMIT 1 OFFSET 0
[TeaQL SQL][query][470us] 1 rows returned outcome=success batchOutcome=not_applicable comment=matched merchant read with relation purpose=matched benchmark read auditReason= tracePath=[0:OPERATION:Merchant=query -> 1:REQUEST:Merchant= -> 2:PROVIDER:postgresql= -> 3:SQL:select=] mutationLineage=[]
SQL: -- TeaQL PLAIN
SELECT id, name, code, external_id AS externalId, task_life_hours AS taskLifeHours, version, platform FROM merchant_data WHERE (version > 0) AND (external_id = 'matched-merchant') LIMIT 1000 OFFSET 0
[TeaQL SQL][query][473us] 1 rows returned outcome=success batchOutcome=not_applicable comment=matched merchant read with relation purpose=matched benchmark read auditReason= tracePath=[0:OPERATION:Merchant=query -> 1:REQUEST:Merchant= -> 2:RELATION:platform=Merchant.platform -> 3:PROVIDER:postgresql= -> 4:SQL:select=] mutationLineage=[]
SQL: -- TeaQL PLAIN
SELECT id, create_time AS createTime, last_update_time AS lastUpdateTime, name, version FROM platform_data WHERE (version > 0) AND (id = 1) LIMIT 1 OFFSET 0
[TeaQL SQL][query][475us] 1 rows returned outcome=success batchOutcome=not_applicable comment=matched merchant read with relation purpose=matched benchmark read auditReason= tracePath=[0:OPERATION:Merchant=query -> 1:REQUEST:Merchant= -> 2:PROVIDER:postgresql= -> 3:SQL:select=] mutationLineage=[]
SQL: -- TeaQL PLAIN
SELECT id, name, code, external_id AS externalId, task_life_hours AS taskLifeHours, version, platform FROM merchant_data WHERE (version > 0) AND (external_id = 'matched-merchant') LIMIT 1000 OFFSET 0
[TeaQL SQL][query][413us] 1 rows returned outcome=success batchOutcome=not_applicable comment=matched merchant read with relation purpose=matched benchmark read auditReason= tracePath=[0:OPERATION:Merchant=query -> 1:REQUEST:Merchant= -> 2:RELATION:platform=Merchant.platform -> 3:PROVIDER:postgresql= -> 4:SQL:select=] mutationLineage=[]
SQL: -- TeaQL PLAIN
SELECT id, create_time AS createTime, last_update_time AS lastUpdateTime, name, version FROM platform_data WHERE (version > 0) AND (id = 1) LIMIT 1 OFFSET 0
[TeaQL SQL][query][596us] 1 rows returned outcome=success batchOutcome=not_applicable comment=matched merchant read with relation purpose=matched benchmark read auditReason= tracePath=[0:OPERATION:Merchant=query -> 1:REQUEST:Merchant= -> 2:PROVIDER:postgresql= -> 3:SQL:select=] mutationLineage=[]
SQL: -- TeaQL PLAIN
SELECT id, name, code, external_id AS externalId, task_life_hours AS taskLifeHours, version, platform FROM merchant_data WHERE (version > 0) AND (external_id = 'matched-merchant') LIMIT 1000 OFFSET 0
[TeaQL SQL][query][489us] 1 rows returned outcome=success batchOutcome=not_applicable comment=matched merchant read with relation purpose=matched benchmark read auditReason= tracePath=[0:OPERATION:Merchant=query -> 1:REQUEST:Merchant= -> 2:RELATION:platform=Merchant.platform -> 3:PROVIDER:postgresql= -> 4:SQL:select=] mutationLineage=[]
SQL: -- TeaQL PLAIN
SELECT id, create_time AS createTime, last_update_time AS lastUpdateTime, name, version FROM platform_data WHERE (version > 0) AND (id = 1) LIMIT 1 OFFSET 0
[TeaQL SQL][query][578us] 1 rows returned outcome=success batchOutcome=not_applicable comment=matched merchant read with relation purpose=matched benchmark read auditReason= tracePath=[0:OPERATION:Merchant=query -> 1:REQUEST:Merchant= -> 2:PROVIDER:postgresql= -> 3:SQL:select=] mutationLineage=[]
SQL: -- TeaQL PLAIN
SELECT id, name, code, external_id AS externalId, task_life_hours AS taskLifeHours, version, platform FROM merchant_data WHERE (version > 0) AND (external_id = 'matched-merchant') LIMIT 1000 OFFSET 0
[TeaQL SQL][query][502us] 1 rows returned outcome=success batchOutcome=not_applicable comment=matched merchant read with relation purpose=matched benchmark read auditReason= tracePath=[0:OPERATION:Merchant=query -> 1:REQUEST:Merchant= -> 2:RELATION:platform=Merchant.platform -> 3:PROVIDER:postgresql= -> 4:SQL:select=] mutationLineage=[]
SQL: -- TeaQL PLAIN
SELECT id, create_time AS createTime, last_update_time AS lastUpdateTime, name, version FROM platform_data WHERE (version > 0) AND (id = 1) LIMIT 1 OFFSET 0
[TeaQL SQL][query][511us] 1 rows returned outcome=success batchOutcome=not_applicable comment=matched merchant read with relation purpose=matched benchmark read auditReason= tracePath=[0:OPERATION:Merchant=query -> 1:REQUEST:Merchant= -> 2:PROVIDER:postgresql= -> 3:SQL:select=] mutationLineage=[]
SQL: -- TeaQL PLAIN
SELECT id, name, code, external_id AS externalId, task_life_hours AS taskLifeHours, version, platform FROM merchant_data WHERE (version > 0) AND (external_id = 'matched-merchant') LIMIT 1000 OFFSET 0
[TeaQL SQL][query][429us] 1 rows returned outcome=success batchOutcome=not_applicable comment=matched merchant read with relation purpose=matched benchmark read auditReason= tracePath=[0:OPERATION:Merchant=query -> 1:REQUEST:Merchant= -> 2:RELATION:platform=Merchant.platform -> 3:PROVIDER:postgresql= -> 4:SQL:select=] mutationLineage=[]
SQL: -- TeaQL PLAIN
SELECT id, create_time AS createTime, last_update_time AS lastUpdateTime, name, version FROM platform_data WHERE (version > 0) AND (id = 1) LIMIT 1 OFFSET 0
[TeaQL SQL][query][399us] 1 rows returned outcome=success batchOutcome=not_applicable comment=matched merchant read with relation purpose=matched benchmark read auditReason= tracePath=[0:OPERATION:Merchant=query -> 1:REQUEST:Merchant= -> 2:PROVIDER:postgresql= -> 3:SQL:select=] mutationLineage=[]
SQL: -- TeaQL PLAIN
SELECT id, name, code, external_id AS externalId, task_life_hours AS taskLifeHours, version, platform FROM merchant_data WHERE (version > 0) AND (external_id = 'matched-merchant') LIMIT 1000 OFFSET 0
[TeaQL SQL][query][326us] 1 rows returned outcome=success batchOutcome=not_applicable comment=matched merchant read with relation purpose=matched benchmark read auditReason= tracePath=[0:OPERATION:Merchant=query -> 1:REQUEST:Merchant= -> 2:RELATION:platform=Merchant.platform -> 3:PROVIDER:postgresql= -> 4:SQL:select=] mutationLineage=[]
SQL: -- TeaQL PLAIN
SELECT id, create_time AS createTime, last_update_time AS lastUpdateTime, name, version FROM platform_data WHERE (version > 0) AND (id = 1) LIMIT 1 OFFSET 0
[TeaQL SQL][query][533us] 1 rows returned outcome=success batchOutcome=not_applicable comment=matched merchant read with relation purpose=matched benchmark read auditReason= tracePath=[0:OPERATION:Merchant=query -> 1:REQUEST:Merchant= -> 2:PROVIDER:postgresql= -> 3:SQL:select=] mutationLineage=[]
SQL: -- TeaQL PLAIN
SELECT id, name, code, external_id AS externalId, task_life_hours AS taskLifeHours, version, platform FROM merchant_data WHERE (version > 0) AND (external_id = 'matched-merchant') LIMIT 1000 OFFSET 0
[TeaQL SQL][query][468us] 1 rows returned outcome=success batchOutcome=not_applicable comment=matched merchant read with relation purpose=matched benchmark read auditReason= tracePath=[0:OPERATION:Merchant=query -> 1:REQUEST:Merchant= -> 2:RELATION:platform=Merchant.platform -> 3:PROVIDER:postgresql= -> 4:SQL:select=] mutationLineage=[]
SQL: -- TeaQL PLAIN
SELECT id, create_time AS createTime, last_update_time AS lastUpdateTime, name, version FROM platform_data WHERE (version > 0) AND (id = 1) LIMIT 1 OFFSET 0
[TeaQL SQL][query][449us] 1 rows returned outcome=success batchOutcome=not_applicable comment=matched merchant read with relation purpose=matched benchmark read auditReason= tracePath=[0:OPERATION:Merchant=query -> 1:REQUEST:Merchant= -> 2:PROVIDER:postgresql= -> 3:SQL:select=] mutationLineage=[]
SQL: -- TeaQL PLAIN
SELECT id, name, code, external_id AS externalId, task_life_hours AS taskLifeHours, version, platform FROM merchant_data WHERE (version > 0) AND (external_id = 'matched-merchant') LIMIT 1000 OFFSET 0
[TeaQL SQL][query][391us] 1 rows returned outcome=success batchOutcome=not_applicable comment=matched merchant read with relation purpose=matched benchmark read auditReason= tracePath=[0:OPERATION:Merchant=query -> 1:REQUEST:Merchant= -> 2:RELATION:platform=Merchant.platform -> 3:PROVIDER:postgresql= -> 4:SQL:select=] mutationLineage=[]
SQL: -- TeaQL PLAIN
SELECT id, create_time AS createTime, last_update_time AS lastUpdateTime, name, version FROM platform_data WHERE (version > 0) AND (id = 1) LIMIT 1 OFFSET 0
[TeaQL SQL][query][494us] 1 rows returned outcome=success batchOutcome=not_applicable comment=matched merchant read with relation purpose=matched benchmark read auditReason= tracePath=[0:OPERATION:Merchant=query -> 1:REQUEST:Merchant= -> 2:PROVIDER:postgresql= -> 3:SQL:select=] mutationLineage=[]
SQL: -- TeaQL PLAIN
SELECT id, name, code, external_id AS externalId, task_life_hours AS taskLifeHours, version, platform FROM merchant_data WHERE (version > 0) AND (external_id = 'matched-merchant') LIMIT 1000 OFFSET 0
[TeaQL SQL][query][431us] 1 rows returned outcome=success batchOutcome=not_applicable comment=matched merchant read with relation purpose=matched benchmark read auditReason= tracePath=[0:OPERATION:Merchant=query -> 1:REQUEST:Merchant= -> 2:RELATION:platform=Merchant.platform -> 3:PROVIDER:postgresql= -> 4:SQL:select=] mutationLineage=[]
SQL: -- TeaQL PLAIN
SELECT id, create_time AS createTime, last_update_time AS lastUpdateTime, name, version FROM platform_data WHERE (version > 0) AND (id = 1) LIMIT 1 OFFSET 0
[TeaQL SQL][query][482us] 1 rows returned outcome=success batchOutcome=not_applicable comment=matched merchant read with relation purpose=matched benchmark read auditReason= tracePath=[0:OPERATION:Merchant=query -> 1:REQUEST:Merchant= -> 2:PROVIDER:postgresql= -> 3:SQL:select=] mutationLineage=[]
SQL: -- TeaQL PLAIN
SELECT id, name, code, external_id AS externalId, task_life_hours AS taskLifeHours, version, platform FROM merchant_data WHERE (version > 0) AND (external_id = 'matched-merchant') LIMIT 1000 OFFSET 0
[TeaQL SQL][query][350us] 1 rows returned outcome=success batchOutcome=not_applicable comment=matched merchant read with relation purpose=matched benchmark read auditReason= tracePath=[0:OPERATION:Merchant=query -> 1:REQUEST:Merchant= -> 2:RELATION:platform=Merchant.platform -> 3:PROVIDER:postgresql= -> 4:SQL:select=] mutationLineage=[]
SQL: -- TeaQL PLAIN
SELECT id, create_time AS createTime, last_update_time AS lastUpdateTime, name, version FROM platform_data WHERE (version > 0) AND (id = 1) LIMIT 1 OFFSET 0
[TeaQL SQL][query][541us] 1 rows returned outcome=success batchOutcome=not_applicable comment=matched merchant read with relation purpose=matched benchmark read auditReason= tracePath=[0:OPERATION:Merchant=query -> 1:REQUEST:Merchant= -> 2:PROVIDER:postgresql= -> 3:SQL:select=] mutationLineage=[]
SQL: -- TeaQL PLAIN
SELECT id, name, code, external_id AS externalId, task_life_hours AS taskLifeHours, version, platform FROM merchant_data WHERE (version > 0) AND (external_id = 'matched-merchant') LIMIT 1000 OFFSET 0
[TeaQL SQL][query][504us] 1 rows returned outcome=success batchOutcome=not_applicable comment=matched merchant read with relation purpose=matched benchmark read auditReason= tracePath=[0:OPERATION:Merchant=query -> 1:REQUEST:Merchant= -> 2:RELATION:platform=Merchant.platform -> 3:PROVIDER:postgresql= -> 4:SQL:select=] mutationLineage=[]
SQL: -- TeaQL PLAIN
SELECT id, create_time AS createTime, last_update_time AS lastUpdateTime, name, version FROM platform_data WHERE (version > 0) AND (id = 1) LIMIT 1 OFFSET 0
[TeaQL SQL][query][498us] 1 rows returned outcome=success batchOutcome=not_applicable comment=matched merchant read with relation purpose=matched benchmark read auditReason= tracePath=[0:OPERATION:Merchant=query -> 1:REQUEST:Merchant= -> 2:PROVIDER:postgresql= -> 3:SQL:select=] mutationLineage=[]
SQL: -- TeaQL PLAIN
SELECT id, name, code, external_id AS externalId, task_life_hours AS taskLifeHours, version, platform FROM merchant_data WHERE (version > 0) AND (external_id = 'matched-merchant') LIMIT 1000 OFFSET 0
[TeaQL SQL][query][434us] 1 rows returned outcome=success batchOutcome=not_applicable comment=matched merchant read with relation purpose=matched benchmark read auditReason= tracePath=[0:OPERATION:Merchant=query -> 1:REQUEST:Merchant= -> 2:RELATION:platform=Merchant.platform -> 3:PROVIDER:postgresql= -> 4:SQL:select=] mutationLineage=[]
SQL: -- TeaQL PLAIN
SELECT id, create_time AS createTime, last_update_time AS lastUpdateTime, name, version FROM platform_data WHERE (version > 0) AND (id = 1) LIMIT 1 OFFSET 0
[TeaQL SQL][query][739us] 1 rows returned outcome=success batchOutcome=not_applicable comment=matched merchant read with relation purpose=matched benchmark read auditReason= tracePath=[0:OPERATION:Merchant=query -> 1:REQUEST:Merchant= -> 2:PROVIDER:postgresql= -> 3:SQL:select=] mutationLineage=[]
SQL: -- TeaQL PLAIN
SELECT id, name, code, external_id AS externalId, task_life_hours AS taskLifeHours, version, platform FROM merchant_data WHERE (version > 0) AND (external_id = 'matched-merchant') LIMIT 1000 OFFSET 0
[TeaQL SQL][query][519us] 1 rows returned outcome=success batchOutcome=not_applicable comment=matched merchant read with relation purpose=matched benchmark read auditReason= tracePath=[0:OPERATION:Merchant=query -> 1:REQUEST:Merchant= -> 2:RELATION:platform=Merchant.platform -> 3:PROVIDER:postgresql= -> 4:SQL:select=] mutationLineage=[]
SQL: -- TeaQL PLAIN
SELECT id, create_time AS createTime, last_update_time AS lastUpdateTime, name, version FROM platform_data WHERE (version > 0) AND (id = 1) LIMIT 1 OFFSET 0
[TeaQL SQL][query][519us] 1 rows returned outcome=success batchOutcome=not_applicable comment=matched merchant read with relation purpose=matched benchmark read auditReason= tracePath=[0:OPERATION:Merchant=query -> 1:REQUEST:Merchant= -> 2:PROVIDER:postgresql= -> 3:SQL:select=] mutationLineage=[]
SQL: -- TeaQL PLAIN
SELECT id, name, code, external_id AS externalId, task_life_hours AS taskLifeHours, version, platform FROM merchant_data WHERE (version > 0) AND (external_id = 'matched-merchant') LIMIT 1000 OFFSET 0
[TeaQL SQL][query][468us] 1 rows returned outcome=success batchOutcome=not_applicable comment=matched merchant read with relation purpose=matched benchmark read auditReason= tracePath=[0:OPERATION:Merchant=query -> 1:REQUEST:Merchant= -> 2:RELATION:platform=Merchant.platform -> 3:PROVIDER:postgresql= -> 4:SQL:select=] mutationLineage=[]
SQL: -- TeaQL PLAIN
SELECT id, create_time AS createTime, last_update_time AS lastUpdateTime, name, version FROM platform_data WHERE (version > 0) AND (id = 1) LIMIT 1 OFFSET 0
[TeaQL SQL][query][555us] 1 rows returned outcome=success batchOutcome=not_applicable comment=matched merchant read with relation purpose=matched benchmark read auditReason= tracePath=[0:OPERATION:Merchant=query -> 1:REQUEST:Merchant= -> 2:PROVIDER:postgresql= -> 3:SQL:select=] mutationLineage=[]
SQL: -- TeaQL PLAIN
SELECT id, name, code, external_id AS externalId, task_life_hours AS taskLifeHours, version, platform FROM merchant_data WHERE (version > 0) AND (external_id = 'matched-merchant') LIMIT 1000 OFFSET 0
[TeaQL SQL][query][443us] 1 rows returned outcome=success batchOutcome=not_applicable comment=matched merchant read with relation purpose=matched benchmark read auditReason= tracePath=[0:OPERATION:Merchant=query -> 1:REQUEST:Merchant= -> 2:RELATION:platform=Merchant.platform -> 3:PROVIDER:postgresql= -> 4:SQL:select=] mutationLineage=[]
SQL: -- TeaQL PLAIN
SELECT id, create_time AS createTime, last_update_time AS lastUpdateTime, name, version FROM platform_data WHERE (version > 0) AND (id = 1) LIMIT 1 OFFSET 0
[TeaQL SQL][query][431us] 1 rows returned outcome=success batchOutcome=not_applicable comment=matched merchant read with relation purpose=matched benchmark read auditReason= tracePath=[0:OPERATION:Merchant=query -> 1:REQUEST:Merchant= -> 2:PROVIDER:postgresql= -> 3:SQL:select=] mutationLineage=[]
SQL: -- TeaQL PLAIN
SELECT id, name, code, external_id AS externalId, task_life_hours AS taskLifeHours, version, platform FROM merchant_data WHERE (version > 0) AND (external_id = 'matched-merchant') LIMIT 1000 OFFSET 0
[TeaQL SQL][query][443us] 1 rows returned outcome=success batchOutcome=not_applicable comment=matched merchant read with relation purpose=matched benchmark read auditReason= tracePath=[0:OPERATION:Merchant=query -> 1:REQUEST:Merchant= -> 2:RELATION:platform=Merchant.platform -> 3:PROVIDER:postgresql= -> 4:SQL:select=] mutationLineage=[]
SQL: -- TeaQL PLAIN
SELECT id, create_time AS createTime, last_update_time AS lastUpdateTime, name, version FROM platform_data WHERE (version > 0) AND (id = 1) LIMIT 1 OFFSET 0
[TeaQL SQL][query][556us] 1 rows returned outcome=success batchOutcome=not_applicable comment=matched merchant read with relation purpose=matched benchmark read auditReason= tracePath=[0:OPERATION:Merchant=query -> 1:REQUEST:Merchant= -> 2:PROVIDER:postgresql= -> 3:SQL:select=] mutationLineage=[]
SQL: -- TeaQL PLAIN
SELECT id, name, code, external_id AS externalId, task_life_hours AS taskLifeHours, version, platform FROM merchant_data WHERE (version > 0) AND (external_id = 'matched-merchant') LIMIT 1000 OFFSET 0
[TeaQL SQL][query][539us] 1 rows returned outcome=success batchOutcome=not_applicable comment=matched merchant read with relation purpose=matched benchmark read auditReason= tracePath=[0:OPERATION:Merchant=query -> 1:REQUEST:Merchant= -> 2:RELATION:platform=Merchant.platform -> 3:PROVIDER:postgresql= -> 4:SQL:select=] mutationLineage=[]
SQL: -- TeaQL PLAIN
SELECT id, create_time AS createTime, last_update_time AS lastUpdateTime, name, version FROM platform_data WHERE (version > 0) AND (id = 1) LIMIT 1 OFFSET 0
[TeaQL SQL][query][540us] 1 rows returned outcome=success batchOutcome=not_applicable comment=matched merchant read with relation purpose=matched benchmark read auditReason= tracePath=[0:OPERATION:Merchant=query -> 1:REQUEST:Merchant= -> 2:PROVIDER:postgresql= -> 3:SQL:select=] mutationLineage=[]
SQL: -- TeaQL PLAIN
SELECT id, name, code, external_id AS externalId, task_life_hours AS taskLifeHours, version, platform FROM merchant_data WHERE (version > 0) AND (external_id = 'matched-merchant') LIMIT 1000 OFFSET 0
[TeaQL SQL][query][492us] 1 rows returned outcome=success batchOutcome=not_applicable comment=matched merchant read with relation purpose=matched benchmark read auditReason= tracePath=[0:OPERATION:Merchant=query -> 1:REQUEST:Merchant= -> 2:RELATION:platform=Merchant.platform -> 3:PROVIDER:postgresql= -> 4:SQL:select=] mutationLineage=[]
SQL: -- TeaQL PLAIN
SELECT id, create_time AS createTime, last_update_time AS lastUpdateTime, name, version FROM platform_data WHERE (version > 0) AND (id = 1) LIMIT 1 OFFSET 0
[TeaQL SQL][query][484us] 1 rows returned outcome=success batchOutcome=not_applicable comment=matched merchant read with relation purpose=matched benchmark read auditReason= tracePath=[0:OPERATION:Merchant=query -> 1:REQUEST:Merchant= -> 2:PROVIDER:postgresql= -> 3:SQL:select=] mutationLineage=[]
SQL: -- TeaQL PLAIN
SELECT id, name, code, external_id AS externalId, task_life_hours AS taskLifeHours, version, platform FROM merchant_data WHERE (version > 0) AND (external_id = 'matched-merchant') LIMIT 1000 OFFSET 0
[TeaQL SQL][query][623us] 1 rows returned outcome=success batchOutcome=not_applicable comment=matched merchant read with relation purpose=matched benchmark read auditReason= tracePath=[0:OPERATION:Merchant=query -> 1:REQUEST:Merchant= -> 2:RELATION:platform=Merchant.platform -> 3:PROVIDER:postgresql= -> 4:SQL:select=] mutationLineage=[]
SQL: -- TeaQL PLAIN
SELECT id, create_time AS createTime, last_update_time AS lastUpdateTime, name, version FROM platform_data WHERE (version > 0) AND (id = 1) LIMIT 1 OFFSET 0
[TeaQL SQL][query][635us] 1 rows returned outcome=success batchOutcome=not_applicable comment=matched merchant read with relation purpose=matched benchmark read auditReason= tracePath=[0:OPERATION:Merchant=query -> 1:REQUEST:Merchant= -> 2:PROVIDER:postgresql= -> 3:SQL:select=] mutationLineage=[]
SQL: -- TeaQL PLAIN
SELECT id, name, code, external_id AS externalId, task_life_hours AS taskLifeHours, version, platform FROM merchant_data WHERE (version > 0) AND (external_id = 'matched-merchant') LIMIT 1000 OFFSET 0
[TeaQL SQL][query][540us] 1 rows returned outcome=success batchOutcome=not_applicable comment=matched merchant read with relation purpose=matched benchmark read auditReason= tracePath=[0:OPERATION:Merchant=query -> 1:REQUEST:Merchant= -> 2:RELATION:platform=Merchant.platform -> 3:PROVIDER:postgresql= -> 4:SQL:select=] mutationLineage=[]
SQL: -- TeaQL PLAIN
SELECT id, create_time AS createTime, last_update_time AS lastUpdateTime, name, version FROM platform_data WHERE (version > 0) AND (id = 1) LIMIT 1 OFFSET 0
[TeaQL SQL][query][498us] 1 rows returned outcome=success batchOutcome=not_applicable comment=matched merchant read with relation purpose=matched benchmark read auditReason= tracePath=[0:OPERATION:Merchant=query -> 1:REQUEST:Merchant= -> 2:PROVIDER:postgresql= -> 3:SQL:select=] mutationLineage=[]
SQL: -- TeaQL PLAIN
SELECT id, name, code, external_id AS externalId, task_life_hours AS taskLifeHours, version, platform FROM merchant_data WHERE (version > 0) AND (external_id = 'matched-merchant') LIMIT 1000 OFFSET 0
[TeaQL SQL][query][483us] 1 rows returned outcome=success batchOutcome=not_applicable comment=matched merchant read with relation purpose=matched benchmark read auditReason= tracePath=[0:OPERATION:Merchant=query -> 1:REQUEST:Merchant= -> 2:RELATION:platform=Merchant.platform -> 3:PROVIDER:postgresql= -> 4:SQL:select=] mutationLineage=[]
SQL: -- TeaQL PLAIN
SELECT id, create_time AS createTime, last_update_time AS lastUpdateTime, name, version FROM platform_data WHERE (version > 0) AND (id = 1) LIMIT 1 OFFSET 0
[TeaQL SQL][query][879us] 1 rows returned outcome=success batchOutcome=not_applicable comment=matched update lookup purpose=matched benchmark write auditReason= tracePath=[0:OPERATION:Merchant=query -> 1:REQUEST:Merchant= -> 2:PROVIDER:postgresql= -> 3:SQL:select=] mutationLineage=[]
SQL: -- TeaQL PLAIN
SELECT id, name, code, external_id AS externalId, task_life_hours AS taskLifeHours, platform, version FROM merchant_data WHERE (version > 0) AND (external_id = 'matched-merchant') LIMIT 1000 OFFSET 0
[TeaQL MUTATION GOVERNANCE][MUTATION-POLICY-001] request=Merchant.saveGraph execution=ddd478ba-b1b1-4d5b-8b98-47a5c81f819b policy=none approval=NOT_APPLICABLE
[TeaQL SQL][mutation][1858us] 1 rows affected outcome=success batchOutcome=not_applicable comment= purpose= auditReason=matched benchmark update tracePath=[0:OPERATION:Merchant=mutation -> 1:ENTITY:Merchant= -> 2:PROVIDER:postgresql= -> 3:SQL:update=] mutationLineage=[0:AUDIT_REASON:Merchant#1=matched benchmark update]
SQL: -- TeaQL PLAIN
UPDATE merchant_data SET task_life_hours = 49 , version = 1048 WHERE id = 1 AND version = 1047
[TeaQL SQL][query][2643us] 1 rows returned outcome=success batchOutcome=not_applicable comment=matched benchmark update purpose=runtime: read authoritative persisted mutation result auditReason=matched benchmark update tracePath=[0:OPERATION:Merchant=query -> 1:REQUEST:Merchant= -> 2:PROVIDER:postgresql= -> 3:SQL:select=] mutationLineage=[0:AUDIT_REASON:Merchant#1=matched benchmark update]
SQL: -- TeaQL PLAIN
SELECT * FROM merchant_data WHERE id = 1
[TeaQL SQL][query][760us] 1 rows returned outcome=success batchOutcome=not_applicable comment=matched merchant read with relation purpose=matched benchmark read auditReason= tracePath=[0:OPERATION:Merchant=query -> 1:REQUEST:Merchant= -> 2:PROVIDER:postgresql= -> 3:SQL:select=] mutationLineage=[]
SQL: -- TeaQL PLAIN
SELECT id, name, code, external_id AS externalId, task_life_hours AS taskLifeHours, version, platform FROM merchant_data WHERE (version > 0) AND (external_id = 'matched-merchant') LIMIT 1000 OFFSET 0
[TeaQL SQL][query][717us] 1 rows returned outcome=success batchOutcome=not_applicable comment=matched merchant read with relation purpose=matched benchmark read auditReason= tracePath=[0:OPERATION:Merchant=query -> 1:REQUEST:Merchant= -> 2:RELATION:platform=Merchant.platform -> 3:PROVIDER:postgresql= -> 4:SQL:select=] mutationLineage=[]
SQL: -- TeaQL PLAIN
SELECT id, create_time AS createTime, last_update_time AS lastUpdateTime, name, version FROM platform_data WHERE (version > 0) AND (id = 1) LIMIT 1 OFFSET 0
[TeaQL SQL][query][596us] 1 rows returned outcome=success batchOutcome=not_applicable comment=matched update lookup purpose=matched benchmark write auditReason= tracePath=[0:OPERATION:Merchant=query -> 1:REQUEST:Merchant= -> 2:PROVIDER:postgresql= -> 3:SQL:select=] mutationLineage=[]
SQL: -- TeaQL PLAIN
SELECT id, name, code, external_id AS externalId, task_life_hours AS taskLifeHours, platform, version FROM merchant_data WHERE (version > 0) AND (external_id = 'matched-merchant') LIMIT 1000 OFFSET 0
[TeaQL SQL][mutation][463us] 1 rows affected outcome=success batchOutcome=not_applicable comment= purpose= auditReason=matched benchmark update tracePath=[0:OPERATION:Merchant=mutation -> 1:ENTITY:Merchant= -> 2:PROVIDER:postgresql= -> 3:SQL:update=] mutationLineage=[0:AUDIT_REASON:Merchant#1=matched benchmark update]
SQL: -- TeaQL PLAIN
UPDATE merchant_data SET task_life_hours = 48 , version = 1049 WHERE id = 1 AND version = 1048
[TeaQL SQL][query][409us] 1 rows returned outcome=success batchOutcome=not_applicable comment=matched benchmark update purpose=runtime: read authoritative persisted mutation result auditReason=matched benchmark update tracePath=[0:OPERATION:Merchant=query -> 1:REQUEST:Merchant= -> 2:PROVIDER:postgresql= -> 3:SQL:select=] mutationLineage=[0:AUDIT_REASON:Merchant#1=matched benchmark update]
SQL: -- TeaQL PLAIN
SELECT * FROM merchant_data WHERE id = 1
[TeaQL SQL][query][504us] 1 rows returned outcome=success batchOutcome=not_applicable comment=matched merchant read with relation purpose=matched benchmark read auditReason= tracePath=[0:OPERATION:Merchant=query -> 1:REQUEST:Merchant= -> 2:PROVIDER:postgresql= -> 3:SQL:select=] mutationLineage=[]
SQL: -- TeaQL PLAIN
SELECT id, name, code, external_id AS externalId, task_life_hours AS taskLifeHours, version, platform FROM merchant_data WHERE (version > 0) AND (external_id = 'matched-merchant') LIMIT 1000 OFFSET 0
[TeaQL SQL][query][430us] 1 rows returned outcome=success batchOutcome=not_applicable comment=matched merchant read with relation purpose=matched benchmark read auditReason= tracePath=[0:OPERATION:Merchant=query -> 1:REQUEST:Merchant= -> 2:RELATION:platform=Merchant.platform -> 3:PROVIDER:postgresql= -> 4:SQL:select=] mutationLineage=[]
SQL: -- TeaQL PLAIN
SELECT id, create_time AS createTime, last_update_time AS lastUpdateTime, name, version FROM platform_data WHERE (version > 0) AND (id = 1) LIMIT 1 OFFSET 0
[TeaQL SQL][query][674us] 1 rows returned outcome=success batchOutcome=not_applicable comment=matched update lookup purpose=matched benchmark write auditReason= tracePath=[0:OPERATION:Merchant=query -> 1:REQUEST:Merchant= -> 2:PROVIDER:postgresql= -> 3:SQL:select=] mutationLineage=[]
SQL: -- TeaQL PLAIN
SELECT id, name, code, external_id AS externalId, task_life_hours AS taskLifeHours, platform, version FROM merchant_data WHERE (version > 0) AND (external_id = 'matched-merchant') LIMIT 1000 OFFSET 0
[TeaQL SQL][mutation][455us] 1 rows affected outcome=success batchOutcome=not_applicable comment= purpose= auditReason=matched benchmark update tracePath=[0:OPERATION:Merchant=mutation -> 1:ENTITY:Merchant= -> 2:PROVIDER:postgresql= -> 3:SQL:update=] mutationLineage=[0:AUDIT_REASON:Merchant#1=matched benchmark update]
SQL: -- TeaQL PLAIN
UPDATE merchant_data SET task_life_hours = 49 , version = 1050 WHERE id = 1 AND version = 1049
[TeaQL SQL][query][413us] 1 rows returned outcome=success batchOutcome=not_applicable comment=matched benchmark update purpose=runtime: read authoritative persisted mutation result auditReason=matched benchmark update tracePath=[0:OPERATION:Merchant=query -> 1:REQUEST:Merchant= -> 2:PROVIDER:postgresql= -> 3:SQL:select=] mutationLineage=[0:AUDIT_REASON:Merchant#1=matched benchmark update]
SQL: -- TeaQL PLAIN
SELECT * FROM merchant_data WHERE id = 1
[TeaQL SQL][query][421us] 1 rows returned outcome=success batchOutcome=not_applicable comment=matched merchant read with relation purpose=matched benchmark read auditReason= tracePath=[0:OPERATION:Merchant=query -> 1:REQUEST:Merchant= -> 2:PROVIDER:postgresql= -> 3:SQL:select=] mutationLineage=[]
SQL: -- TeaQL PLAIN
SELECT id, name, code, external_id AS externalId, task_life_hours AS taskLifeHours, version, platform FROM merchant_data WHERE (version > 0) AND (external_id = 'matched-merchant') LIMIT 1000 OFFSET 0
[TeaQL SQL][query][428us] 1 rows returned outcome=success batchOutcome=not_applicable comment=matched merchant read with relation purpose=matched benchmark read auditReason= tracePath=[0:OPERATION:Merchant=query -> 1:REQUEST:Merchant= -> 2:RELATION:platform=Merchant.platform -> 3:PROVIDER:postgresql= -> 4:SQL:select=] mutationLineage=[]
SQL: -- TeaQL PLAIN
SELECT id, create_time AS createTime, last_update_time AS lastUpdateTime, name, version FROM platform_data WHERE (version > 0) AND (id = 1) LIMIT 1 OFFSET 0
[TeaQL SQL][query][801us] 1 rows returned outcome=success batchOutcome=not_applicable comment=matched update lookup purpose=matched benchmark write auditReason= tracePath=[0:OPERATION:Merchant=query -> 1:REQUEST:Merchant= -> 2:PROVIDER:postgresql= -> 3:SQL:select=] mutationLineage=[]
SQL: -- TeaQL PLAIN
SELECT id, name, code, external_id AS externalId, task_life_hours AS taskLifeHours, platform, version FROM merchant_data WHERE (version > 0) AND (external_id = 'matched-merchant') LIMIT 1000 OFFSET 0
[TeaQL SQL][mutation][571us] 1 rows affected outcome=success batchOutcome=not_applicable comment= purpose= auditReason=matched benchmark update tracePath=[0:OPERATION:Merchant=mutation -> 1:ENTITY:Merchant= -> 2:PROVIDER:postgresql= -> 3:SQL:update=] mutationLineage=[0:AUDIT_REASON:Merchant#1=matched benchmark update]
SQL: -- TeaQL PLAIN
UPDATE merchant_data SET task_life_hours = 48 , version = 1051 WHERE id = 1 AND version = 1050
[TeaQL SQL][query][430us] 1 rows returned outcome=success batchOutcome=not_applicable comment=matched benchmark update purpose=runtime: read authoritative persisted mutation result auditReason=matched benchmark update tracePath=[0:OPERATION:Merchant=query -> 1:REQUEST:Merchant= -> 2:PROVIDER:postgresql= -> 3:SQL:select=] mutationLineage=[0:AUDIT_REASON:Merchant#1=matched benchmark update]
SQL: -- TeaQL PLAIN
SELECT * FROM merchant_data WHERE id = 1
[TeaQL SQL][query][336us] 1 rows returned outcome=success batchOutcome=not_applicable comment=matched merchant read with relation purpose=matched benchmark read auditReason= tracePath=[0:OPERATION:Merchant=query -> 1:REQUEST:Merchant= -> 2:PROVIDER:postgresql= -> 3:SQL:select=] mutationLineage=[]
SQL: -- TeaQL PLAIN
SELECT id, name, code, external_id AS externalId, task_life_hours AS taskLifeHours, version, platform FROM merchant_data WHERE (version > 0) AND (external_id = 'matched-merchant') LIMIT 1000 OFFSET 0
[TeaQL SQL][query][340us] 1 rows returned outcome=success batchOutcome=not_applicable comment=matched merchant read with relation purpose=matched benchmark read auditReason= tracePath=[0:OPERATION:Merchant=query -> 1:REQUEST:Merchant= -> 2:RELATION:platform=Merchant.platform -> 3:PROVIDER:postgresql= -> 4:SQL:select=] mutationLineage=[]
SQL: -- TeaQL PLAIN
SELECT id, create_time AS createTime, last_update_time AS lastUpdateTime, name, version FROM platform_data WHERE (version > 0) AND (id = 1) LIMIT 1 OFFSET 0
[TeaQL SQL][query][788us] 1 rows returned outcome=success batchOutcome=not_applicable comment=matched update lookup purpose=matched benchmark write auditReason= tracePath=[0:OPERATION:Merchant=query -> 1:REQUEST:Merchant= -> 2:PROVIDER:postgresql= -> 3:SQL:select=] mutationLineage=[]
SQL: -- TeaQL PLAIN
SELECT id, name, code, external_id AS externalId, task_life_hours AS taskLifeHours, platform, version FROM merchant_data WHERE (version > 0) AND (external_id = 'matched-merchant') LIMIT 1000 OFFSET 0
[TeaQL SQL][mutation][647us] 1 rows affected outcome=success batchOutcome=not_applicable comment= purpose= auditReason=matched benchmark update tracePath=[0:OPERATION:Merchant=mutation -> 1:ENTITY:Merchant= -> 2:PROVIDER:postgresql= -> 3:SQL:update=] mutationLineage=[0:AUDIT_REASON:Merchant#1=matched benchmark update]
SQL: -- TeaQL PLAIN
UPDATE merchant_data SET task_life_hours = 49 , version = 1052 WHERE id = 1 AND version = 1051
[TeaQL SQL][query][534us] 1 rows returned outcome=success batchOutcome=not_applicable comment=matched benchmark update purpose=runtime: read authoritative persisted mutation result auditReason=matched benchmark update tracePath=[0:OPERATION:Merchant=query -> 1:REQUEST:Merchant= -> 2:PROVIDER:postgresql= -> 3:SQL:select=] mutationLineage=[0:AUDIT_REASON:Merchant#1=matched benchmark update]
SQL: -- TeaQL PLAIN
SELECT * FROM merchant_data WHERE id = 1
[TeaQL SQL][query][336us] 1 rows returned outcome=success batchOutcome=not_applicable comment=matched merchant read with relation purpose=matched benchmark read auditReason= tracePath=[0:OPERATION:Merchant=query -> 1:REQUEST:Merchant= -> 2:PROVIDER:postgresql= -> 3:SQL:select=] mutationLineage=[]
SQL: -- TeaQL PLAIN
SELECT id, name, code, external_id AS externalId, task_life_hours AS taskLifeHours, version, platform FROM merchant_data WHERE (version > 0) AND (external_id = 'matched-merchant') LIMIT 1000 OFFSET 0
[TeaQL SQL][query][389us] 1 rows returned outcome=success batchOutcome=not_applicable comment=matched merchant read with relation purpose=matched benchmark read auditReason= tracePath=[0:OPERATION:Merchant=query -> 1:REQUEST:Merchant= -> 2:RELATION:platform=Merchant.platform -> 3:PROVIDER:postgresql= -> 4:SQL:select=] mutationLineage=[]
SQL: -- TeaQL PLAIN
SELECT id, create_time AS createTime, last_update_time AS lastUpdateTime, name, version FROM platform_data WHERE (version > 0) AND (id = 1) LIMIT 1 OFFSET 0
[TeaQL SQL][query][634us] 1 rows returned outcome=success batchOutcome=not_applicable comment=matched update lookup purpose=matched benchmark write auditReason= tracePath=[0:OPERATION:Merchant=query -> 1:REQUEST:Merchant= -> 2:PROVIDER:postgresql= -> 3:SQL:select=] mutationLineage=[]
SQL: -- TeaQL PLAIN
SELECT id, name, code, external_id AS externalId, task_life_hours AS taskLifeHours, platform, version FROM merchant_data WHERE (version > 0) AND (external_id = 'matched-merchant') LIMIT 1000 OFFSET 0
[TeaQL SQL][mutation][478us] 1 rows affected outcome=success batchOutcome=not_applicable comment= purpose= auditReason=matched benchmark update tracePath=[0:OPERATION:Merchant=mutation -> 1:ENTITY:Merchant= -> 2:PROVIDER:postgresql= -> 3:SQL:update=] mutationLineage=[0:AUDIT_REASON:Merchant#1=matched benchmark update]
SQL: -- TeaQL PLAIN
UPDATE merchant_data SET task_life_hours = 48 , version = 1053 WHERE id = 1 AND version = 1052
[TeaQL SQL][query][386us] 1 rows returned outcome=success batchOutcome=not_applicable comment=matched benchmark update purpose=runtime: read authoritative persisted mutation result auditReason=matched benchmark update tracePath=[0:OPERATION:Merchant=query -> 1:REQUEST:Merchant= -> 2:PROVIDER:postgresql= -> 3:SQL:select=] mutationLineage=[0:AUDIT_REASON:Merchant#1=matched benchmark update]
SQL: -- TeaQL PLAIN
SELECT * FROM merchant_data WHERE id = 1
[TeaQL SQL][query][461us] 1 rows returned outcome=success batchOutcome=not_applicable comment=matched merchant read with relation purpose=matched benchmark read auditReason= tracePath=[0:OPERATION:Merchant=query -> 1:REQUEST:Merchant= -> 2:PROVIDER:postgresql= -> 3:SQL:select=] mutationLineage=[]
SQL: -- TeaQL PLAIN
SELECT id, name, code, external_id AS externalId, task_life_hours AS taskLifeHours, version, platform FROM merchant_data WHERE (version > 0) AND (external_id = 'matched-merchant') LIMIT 1000 OFFSET 0
[TeaQL SQL][query][463us] 1 rows returned outcome=success batchOutcome=not_applicable comment=matched merchant read with relation purpose=matched benchmark read auditReason= tracePath=[0:OPERATION:Merchant=query -> 1:REQUEST:Merchant= -> 2:RELATION:platform=Merchant.platform -> 3:PROVIDER:postgresql= -> 4:SQL:select=] mutationLineage=[]
SQL: -- TeaQL PLAIN
SELECT id, create_time AS createTime, last_update_time AS lastUpdateTime, name, version FROM platform_data WHERE (version > 0) AND (id = 1) LIMIT 1 OFFSET 0
[TeaQL SQL][query][580us] 1 rows returned outcome=success batchOutcome=not_applicable comment=matched update lookup purpose=matched benchmark write auditReason= tracePath=[0:OPERATION:Merchant=query -> 1:REQUEST:Merchant= -> 2:PROVIDER:postgresql= -> 3:SQL:select=] mutationLineage=[]
SQL: -- TeaQL PLAIN
SELECT id, name, code, external_id AS externalId, task_life_hours AS taskLifeHours, platform, version FROM merchant_data WHERE (version > 0) AND (external_id = 'matched-merchant') LIMIT 1000 OFFSET 0
[TeaQL SQL][mutation][419us] 1 rows affected outcome=success batchOutcome=not_applicable comment= purpose= auditReason=matched benchmark update tracePath=[0:OPERATION:Merchant=mutation -> 1:ENTITY:Merchant= -> 2:PROVIDER:postgresql= -> 3:SQL:update=] mutationLineage=[0:AUDIT_REASON:Merchant#1=matched benchmark update]
SQL: -- TeaQL PLAIN
UPDATE merchant_data SET task_life_hours = 49 , version = 1054 WHERE id = 1 AND version = 1053
[TeaQL SQL][query][341us] 1 rows returned outcome=success batchOutcome=not_applicable comment=matched benchmark update purpose=runtime: read authoritative persisted mutation result auditReason=matched benchmark update tracePath=[0:OPERATION:Merchant=query -> 1:REQUEST:Merchant= -> 2:PROVIDER:postgresql= -> 3:SQL:select=] mutationLineage=[0:AUDIT_REASON:Merchant#1=matched benchmark update]
SQL: -- TeaQL PLAIN
SELECT * FROM merchant_data WHERE id = 1
[TeaQL SQL][query][385us] 1 rows returned outcome=success batchOutcome=not_applicable comment=matched merchant read with relation purpose=matched benchmark read auditReason= tracePath=[0:OPERATION:Merchant=query -> 1:REQUEST:Merchant= -> 2:PROVIDER:postgresql= -> 3:SQL:select=] mutationLineage=[]
SQL: -- TeaQL PLAIN
SELECT id, name, code, external_id AS externalId, task_life_hours AS taskLifeHours, version, platform FROM merchant_data WHERE (version > 0) AND (external_id = 'matched-merchant') LIMIT 1000 OFFSET 0
[TeaQL SQL][query][351us] 1 rows returned outcome=success batchOutcome=not_applicable comment=matched merchant read with relation purpose=matched benchmark read auditReason= tracePath=[0:OPERATION:Merchant=query -> 1:REQUEST:Merchant= -> 2:RELATION:platform=Merchant.platform -> 3:PROVIDER:postgresql= -> 4:SQL:select=] mutationLineage=[]
SQL: -- TeaQL PLAIN
SELECT id, create_time AS createTime, last_update_time AS lastUpdateTime, name, version FROM platform_data WHERE (version > 0) AND (id = 1) LIMIT 1 OFFSET 0
[TeaQL SQL][query][621us] 1 rows returned outcome=success batchOutcome=not_applicable comment=matched update lookup purpose=matched benchmark write auditReason= tracePath=[0:OPERATION:Merchant=query -> 1:REQUEST:Merchant= -> 2:PROVIDER:postgresql= -> 3:SQL:select=] mutationLineage=[]
SQL: -- TeaQL PLAIN
SELECT id, name, code, external_id AS externalId, task_life_hours AS taskLifeHours, platform, version FROM merchant_data WHERE (version > 0) AND (external_id = 'matched-merchant') LIMIT 1000 OFFSET 0
[TeaQL SQL][mutation][536us] 1 rows affected outcome=success batchOutcome=not_applicable comment= purpose= auditReason=matched benchmark update tracePath=[0:OPERATION:Merchant=mutation -> 1:ENTITY:Merchant= -> 2:PROVIDER:postgresql= -> 3:SQL:update=] mutationLineage=[0:AUDIT_REASON:Merchant#1=matched benchmark update]
SQL: -- TeaQL PLAIN
UPDATE merchant_data SET task_life_hours = 48 , version = 1055 WHERE id = 1 AND version = 1054
[TeaQL SQL][query][349us] 1 rows returned outcome=success batchOutcome=not_applicable comment=matched benchmark update purpose=runtime: read authoritative persisted mutation result auditReason=matched benchmark update tracePath=[0:OPERATION:Merchant=query -> 1:REQUEST:Merchant= -> 2:PROVIDER:postgresql= -> 3:SQL:select=] mutationLineage=[0:AUDIT_REASON:Merchant#1=matched benchmark update]
SQL: -- TeaQL PLAIN
SELECT * FROM merchant_data WHERE id = 1
[TeaQL SQL][query][324us] 1 rows returned outcome=success batchOutcome=not_applicable comment=matched merchant read with relation purpose=matched benchmark read auditReason= tracePath=[0:OPERATION:Merchant=query -> 1:REQUEST:Merchant= -> 2:PROVIDER:postgresql= -> 3:SQL:select=] mutationLineage=[]
SQL: -- TeaQL PLAIN
SELECT id, name, code, external_id AS externalId, task_life_hours AS taskLifeHours, version, platform FROM merchant_data WHERE (version > 0) AND (external_id = 'matched-merchant') LIMIT 1000 OFFSET 0
[TeaQL SQL][query][352us] 1 rows returned outcome=success batchOutcome=not_applicable comment=matched merchant read with relation purpose=matched benchmark read auditReason= tracePath=[0:OPERATION:Merchant=query -> 1:REQUEST:Merchant= -> 2:RELATION:platform=Merchant.platform -> 3:PROVIDER:postgresql= -> 4:SQL:select=] mutationLineage=[]
SQL: -- TeaQL PLAIN
SELECT id, create_time AS createTime, last_update_time AS lastUpdateTime, name, version FROM platform_data WHERE (version > 0) AND (id = 1) LIMIT 1 OFFSET 0
[TeaQL SQL][query][633us] 1 rows returned outcome=success batchOutcome=not_applicable comment=matched update lookup purpose=matched benchmark write auditReason= tracePath=[0:OPERATION:Merchant=query -> 1:REQUEST:Merchant= -> 2:PROVIDER:postgresql= -> 3:SQL:select=] mutationLineage=[]
SQL: -- TeaQL PLAIN
SELECT id, name, code, external_id AS externalId, task_life_hours AS taskLifeHours, platform, version FROM merchant_data WHERE (version > 0) AND (external_id = 'matched-merchant') LIMIT 1000 OFFSET 0
[TeaQL SQL][mutation][552us] 1 rows affected outcome=success batchOutcome=not_applicable comment= purpose= auditReason=matched benchmark update tracePath=[0:OPERATION:Merchant=mutation -> 1:ENTITY:Merchant= -> 2:PROVIDER:postgresql= -> 3:SQL:update=] mutationLineage=[0:AUDIT_REASON:Merchant#1=matched benchmark update]
SQL: -- TeaQL PLAIN
UPDATE merchant_data SET task_life_hours = 49 , version = 1056 WHERE id = 1 AND version = 1055
[TeaQL SQL][query][423us] 1 rows returned outcome=success batchOutcome=not_applicable comment=matched benchmark update purpose=runtime: read authoritative persisted mutation result auditReason=matched benchmark update tracePath=[0:OPERATION:Merchant=query -> 1:REQUEST:Merchant= -> 2:PROVIDER:postgresql= -> 3:SQL:select=] mutationLineage=[0:AUDIT_REASON:Merchant#1=matched benchmark update]
SQL: -- TeaQL PLAIN
SELECT * FROM merchant_data WHERE id = 1
[TeaQL SQL][query][424us] 1 rows returned outcome=success batchOutcome=not_applicable comment=matched merchant read with relation purpose=matched benchmark read auditReason= tracePath=[0:OPERATION:Merchant=query -> 1:REQUEST:Merchant= -> 2:PROVIDER:postgresql= -> 3:SQL:select=] mutationLineage=[]
SQL: -- TeaQL PLAIN
SELECT id, name, code, external_id AS externalId, task_life_hours AS taskLifeHours, version, platform FROM merchant_data WHERE (version > 0) AND (external_id = 'matched-merchant') LIMIT 1000 OFFSET 0
[TeaQL SQL][query][398us] 1 rows returned outcome=success batchOutcome=not_applicable comment=matched merchant read with relation purpose=matched benchmark read auditReason= tracePath=[0:OPERATION:Merchant=query -> 1:REQUEST:Merchant= -> 2:RELATION:platform=Merchant.platform -> 3:PROVIDER:postgresql= -> 4:SQL:select=] mutationLineage=[]
SQL: -- TeaQL PLAIN
SELECT id, create_time AS createTime, last_update_time AS lastUpdateTime, name, version FROM platform_data WHERE (version > 0) AND (id = 1) LIMIT 1 OFFSET 0
[TeaQL SQL][query][470us] 1 rows returned outcome=success batchOutcome=not_applicable comment=matched update lookup purpose=matched benchmark write auditReason= tracePath=[0:OPERATION:Merchant=query -> 1:REQUEST:Merchant= -> 2:PROVIDER:postgresql= -> 3:SQL:select=] mutationLineage=[]
SQL: -- TeaQL PLAIN
SELECT id, name, code, external_id AS externalId, task_life_hours AS taskLifeHours, platform, version FROM merchant_data WHERE (version > 0) AND (external_id = 'matched-merchant') LIMIT 1000 OFFSET 0
[TeaQL SQL][mutation][393us] 1 rows affected outcome=success batchOutcome=not_applicable comment= purpose= auditReason=matched benchmark update tracePath=[0:OPERATION:Merchant=mutation -> 1:ENTITY:Merchant= -> 2:PROVIDER:postgresql= -> 3:SQL:update=] mutationLineage=[0:AUDIT_REASON:Merchant#1=matched benchmark update]
SQL: -- TeaQL PLAIN
UPDATE merchant_data SET task_life_hours = 48 , version = 1057 WHERE id = 1 AND version = 1056
[TeaQL SQL][query][349us] 1 rows returned outcome=success batchOutcome=not_applicable comment=matched benchmark update purpose=runtime: read authoritative persisted mutation result auditReason=matched benchmark update tracePath=[0:OPERATION:Merchant=query -> 1:REQUEST:Merchant= -> 2:PROVIDER:postgresql= -> 3:SQL:select=] mutationLineage=[0:AUDIT_REASON:Merchant#1=matched benchmark update]
SQL: -- TeaQL PLAIN
SELECT * FROM merchant_data WHERE id = 1
[TeaQL SQL][query][328us] 1 rows returned outcome=success batchOutcome=not_applicable comment=matched merchant read with relation purpose=matched benchmark read auditReason= tracePath=[0:OPERATION:Merchant=query -> 1:REQUEST:Merchant= -> 2:PROVIDER:postgresql= -> 3:SQL:select=] mutationLineage=[]
SQL: -- TeaQL PLAIN
SELECT id, name, code, external_id AS externalId, task_life_hours AS taskLifeHours, version, platform FROM merchant_data WHERE (version > 0) AND (external_id = 'matched-merchant') LIMIT 1000 OFFSET 0
[TeaQL SQL][query][404us] 1 rows returned outcome=success batchOutcome=not_applicable comment=matched merchant read with relation purpose=matched benchmark read auditReason= tracePath=[0:OPERATION:Merchant=query -> 1:REQUEST:Merchant= -> 2:RELATION:platform=Merchant.platform -> 3:PROVIDER:postgresql= -> 4:SQL:select=] mutationLineage=[]
SQL: -- TeaQL PLAIN
SELECT id, create_time AS createTime, last_update_time AS lastUpdateTime, name, version FROM platform_data WHERE (version > 0) AND (id = 1) LIMIT 1 OFFSET 0
[TeaQL SQL][query][407us] 1 rows returned outcome=success batchOutcome=not_applicable comment=matched update lookup purpose=matched benchmark write auditReason= tracePath=[0:OPERATION:Merchant=query -> 1:REQUEST:Merchant= -> 2:PROVIDER:postgresql= -> 3:SQL:select=] mutationLineage=[]
SQL: -- TeaQL PLAIN
SELECT id, name, code, external_id AS externalId, task_life_hours AS taskLifeHours, platform, version FROM merchant_data WHERE (version > 0) AND (external_id = 'matched-merchant') LIMIT 1000 OFFSET 0
[TeaQL SQL][mutation][339us] 1 rows affected outcome=success batchOutcome=not_applicable comment= purpose= auditReason=matched benchmark update tracePath=[0:OPERATION:Merchant=mutation -> 1:ENTITY:Merchant= -> 2:PROVIDER:postgresql= -> 3:SQL:update=] mutationLineage=[0:AUDIT_REASON:Merchant#1=matched benchmark update]
SQL: -- TeaQL PLAIN
UPDATE merchant_data SET task_life_hours = 49 , version = 1058 WHERE id = 1 AND version = 1057
[TeaQL SQL][query][267us] 1 rows returned outcome=success batchOutcome=not_applicable comment=matched benchmark update purpose=runtime: read authoritative persisted mutation result auditReason=matched benchmark update tracePath=[0:OPERATION:Merchant=query -> 1:REQUEST:Merchant= -> 2:PROVIDER:postgresql= -> 3:SQL:select=] mutationLineage=[0:AUDIT_REASON:Merchant#1=matched benchmark update]
SQL: -- TeaQL PLAIN
SELECT * FROM merchant_data WHERE id = 1
[TeaQL SQL][query][383us] 1 rows returned outcome=success batchOutcome=not_applicable comment=matched merchant read with relation purpose=matched benchmark read auditReason= tracePath=[0:OPERATION:Merchant=query -> 1:REQUEST:Merchant= -> 2:PROVIDER:postgresql= -> 3:SQL:select=] mutationLineage=[]
SQL: -- TeaQL PLAIN
SELECT id, name, code, external_id AS externalId, task_life_hours AS taskLifeHours, version, platform FROM merchant_data WHERE (version > 0) AND (external_id = 'matched-merchant') LIMIT 1000 OFFSET 0
[TeaQL SQL][query][339us] 1 rows returned outcome=success batchOutcome=not_applicable comment=matched merchant read with relation purpose=matched benchmark read auditReason= tracePath=[0:OPERATION:Merchant=query -> 1:REQUEST:Merchant= -> 2:RELATION:platform=Merchant.platform -> 3:PROVIDER:postgresql= -> 4:SQL:select=] mutationLineage=[]
SQL: -- TeaQL PLAIN
SELECT id, create_time AS createTime, last_update_time AS lastUpdateTime, name, version FROM platform_data WHERE (version > 0) AND (id = 1) LIMIT 1 OFFSET 0
[TeaQL SQL][query][363us] 1 rows returned outcome=success batchOutcome=not_applicable comment=matched update lookup purpose=matched benchmark write auditReason= tracePath=[0:OPERATION:Merchant=query -> 1:REQUEST:Merchant= -> 2:PROVIDER:postgresql= -> 3:SQL:select=] mutationLineage=[]
SQL: -- TeaQL PLAIN
SELECT id, name, code, external_id AS externalId, task_life_hours AS taskLifeHours, platform, version FROM merchant_data WHERE (version > 0) AND (external_id = 'matched-merchant') LIMIT 1000 OFFSET 0
[TeaQL SQL][mutation][362us] 1 rows affected outcome=success batchOutcome=not_applicable comment= purpose= auditReason=matched benchmark update tracePath=[0:OPERATION:Merchant=mutation -> 1:ENTITY:Merchant= -> 2:PROVIDER:postgresql= -> 3:SQL:update=] mutationLineage=[0:AUDIT_REASON:Merchant#1=matched benchmark update]
SQL: -- TeaQL PLAIN
UPDATE merchant_data SET task_life_hours = 48 , version = 1059 WHERE id = 1 AND version = 1058
[TeaQL SQL][query][294us] 1 rows returned outcome=success batchOutcome=not_applicable comment=matched benchmark update purpose=runtime: read authoritative persisted mutation result auditReason=matched benchmark update tracePath=[0:OPERATION:Merchant=query -> 1:REQUEST:Merchant= -> 2:PROVIDER:postgresql= -> 3:SQL:select=] mutationLineage=[0:AUDIT_REASON:Merchant#1=matched benchmark update]
SQL: -- TeaQL PLAIN
SELECT * FROM merchant_data WHERE id = 1
[TeaQL SQL][query][360us] 1 rows returned outcome=success batchOutcome=not_applicable comment=matched merchant read with relation purpose=matched benchmark read auditReason= tracePath=[0:OPERATION:Merchant=query -> 1:REQUEST:Merchant= -> 2:PROVIDER:postgresql= -> 3:SQL:select=] mutationLineage=[]
SQL: -- TeaQL PLAIN
SELECT id, name, code, external_id AS externalId, task_life_hours AS taskLifeHours, version, platform FROM merchant_data WHERE (version > 0) AND (external_id = 'matched-merchant') LIMIT 1000 OFFSET 0
[TeaQL SQL][query][391us] 1 rows returned outcome=success batchOutcome=not_applicable comment=matched merchant read with relation purpose=matched benchmark read auditReason= tracePath=[0:OPERATION:Merchant=query -> 1:REQUEST:Merchant= -> 2:RELATION:platform=Merchant.platform -> 3:PROVIDER:postgresql= -> 4:SQL:select=] mutationLineage=[]
SQL: -- TeaQL PLAIN
SELECT id, create_time AS createTime, last_update_time AS lastUpdateTime, name, version FROM platform_data WHERE (version > 0) AND (id = 1) LIMIT 1 OFFSET 0
[TeaQL SQL][query][419us] 1 rows returned outcome=success batchOutcome=not_applicable comment=matched update lookup purpose=matched benchmark write auditReason= tracePath=[0:OPERATION:Merchant=query -> 1:REQUEST:Merchant= -> 2:PROVIDER:postgresql= -> 3:SQL:select=] mutationLineage=[]
SQL: -- TeaQL PLAIN
SELECT id, name, code, external_id AS externalId, task_life_hours AS taskLifeHours, platform, version FROM merchant_data WHERE (version > 0) AND (external_id = 'matched-merchant') LIMIT 1000 OFFSET 0
[TeaQL SQL][mutation][308us] 1 rows affected outcome=success batchOutcome=not_applicable comment= purpose= auditReason=matched benchmark update tracePath=[0:OPERATION:Merchant=mutation -> 1:ENTITY:Merchant= -> 2:PROVIDER:postgresql= -> 3:SQL:update=] mutationLineage=[0:AUDIT_REASON:Merchant#1=matched benchmark update]
SQL: -- TeaQL PLAIN
UPDATE merchant_data SET task_life_hours = 49 , version = 1060 WHERE id = 1 AND version = 1059
[TeaQL SQL][query][266us] 1 rows returned outcome=success batchOutcome=not_applicable comment=matched benchmark update purpose=runtime: read authoritative persisted mutation result auditReason=matched benchmark update tracePath=[0:OPERATION:Merchant=query -> 1:REQUEST:Merchant= -> 2:PROVIDER:postgresql= -> 3:SQL:select=] mutationLineage=[0:AUDIT_REASON:Merchant#1=matched benchmark update]
SQL: -- TeaQL PLAIN
SELECT * FROM merchant_data WHERE id = 1
[TeaQL SQL][query][404us] 1 rows returned outcome=success batchOutcome=not_applicable comment=matched merchant read with relation purpose=matched benchmark read auditReason= tracePath=[0:OPERATION:Merchant=query -> 1:REQUEST:Merchant= -> 2:PROVIDER:postgresql= -> 3:SQL:select=] mutationLineage=[]
SQL: -- TeaQL PLAIN
SELECT id, name, code, external_id AS externalId, task_life_hours AS taskLifeHours, version, platform FROM merchant_data WHERE (version > 0) AND (external_id = 'matched-merchant') LIMIT 1000 OFFSET 0
[TeaQL SQL][query][329us] 1 rows returned outcome=success batchOutcome=not_applicable comment=matched merchant read with relation purpose=matched benchmark read auditReason= tracePath=[0:OPERATION:Merchant=query -> 1:REQUEST:Merchant= -> 2:RELATION:platform=Merchant.platform -> 3:PROVIDER:postgresql= -> 4:SQL:select=] mutationLineage=[]
SQL: -- TeaQL PLAIN
SELECT id, create_time AS createTime, last_update_time AS lastUpdateTime, name, version FROM platform_data WHERE (version > 0) AND (id = 1) LIMIT 1 OFFSET 0
[TeaQL SQL][query][677us] 1 rows returned outcome=success batchOutcome=not_applicable comment=matched update lookup purpose=matched benchmark write auditReason= tracePath=[0:OPERATION:Merchant=query -> 1:REQUEST:Merchant= -> 2:PROVIDER:postgresql= -> 3:SQL:select=] mutationLineage=[]
SQL: -- TeaQL PLAIN
SELECT id, name, code, external_id AS externalId, task_life_hours AS taskLifeHours, platform, version FROM merchant_data WHERE (version > 0) AND (external_id = 'matched-merchant') LIMIT 1000 OFFSET 0
[TeaQL SQL][mutation][415us] 1 rows affected outcome=success batchOutcome=not_applicable comment= purpose= auditReason=matched benchmark update tracePath=[0:OPERATION:Merchant=mutation -> 1:ENTITY:Merchant= -> 2:PROVIDER:postgresql= -> 3:SQL:update=] mutationLineage=[0:AUDIT_REASON:Merchant#1=matched benchmark update]
SQL: -- TeaQL PLAIN
UPDATE merchant_data SET task_life_hours = 48 , version = 1061 WHERE id = 1 AND version = 1060
[TeaQL SQL][query][293us] 1 rows returned outcome=success batchOutcome=not_applicable comment=matched benchmark update purpose=runtime: read authoritative persisted mutation result auditReason=matched benchmark update tracePath=[0:OPERATION:Merchant=query -> 1:REQUEST:Merchant= -> 2:PROVIDER:postgresql= -> 3:SQL:select=] mutationLineage=[0:AUDIT_REASON:Merchant#1=matched benchmark update]
SQL: -- TeaQL PLAIN
SELECT * FROM merchant_data WHERE id = 1
[TeaQL SQL][query][449us] 1 rows returned outcome=success batchOutcome=not_applicable comment=matched merchant read with relation purpose=matched benchmark read auditReason= tracePath=[0:OPERATION:Merchant=query -> 1:REQUEST:Merchant= -> 2:PROVIDER:postgresql= -> 3:SQL:select=] mutationLineage=[]
SQL: -- TeaQL PLAIN
SELECT id, name, code, external_id AS externalId, task_life_hours AS taskLifeHours, version, platform FROM merchant_data WHERE (version > 0) AND (external_id = 'matched-merchant') LIMIT 1000 OFFSET 0
[TeaQL SQL][query][398us] 1 rows returned outcome=success batchOutcome=not_applicable comment=matched merchant read with relation purpose=matched benchmark read auditReason= tracePath=[0:OPERATION:Merchant=query -> 1:REQUEST:Merchant= -> 2:RELATION:platform=Merchant.platform -> 3:PROVIDER:postgresql= -> 4:SQL:select=] mutationLineage=[]
SQL: -- TeaQL PLAIN
SELECT id, create_time AS createTime, last_update_time AS lastUpdateTime, name, version FROM platform_data WHERE (version > 0) AND (id = 1) LIMIT 1 OFFSET 0
[TeaQL SQL][query][551us] 1 rows returned outcome=success batchOutcome=not_applicable comment=matched update lookup purpose=matched benchmark write auditReason= tracePath=[0:OPERATION:Merchant=query -> 1:REQUEST:Merchant= -> 2:PROVIDER:postgresql= -> 3:SQL:select=] mutationLineage=[]
SQL: -- TeaQL PLAIN
SELECT id, name, code, external_id AS externalId, task_life_hours AS taskLifeHours, platform, version FROM merchant_data WHERE (version > 0) AND (external_id = 'matched-merchant') LIMIT 1000 OFFSET 0
[TeaQL SQL][mutation][406us] 1 rows affected outcome=success batchOutcome=not_applicable comment= purpose= auditReason=matched benchmark update tracePath=[0:OPERATION:Merchant=mutation -> 1:ENTITY:Merchant= -> 2:PROVIDER:postgresql= -> 3:SQL:update=] mutationLineage=[0:AUDIT_REASON:Merchant#1=matched benchmark update]
SQL: -- TeaQL PLAIN
UPDATE merchant_data SET task_life_hours = 49 , version = 1062 WHERE id = 1 AND version = 1061
[TeaQL SQL][query][326us] 1 rows returned outcome=success batchOutcome=not_applicable comment=matched benchmark update purpose=runtime: read authoritative persisted mutation result auditReason=matched benchmark update tracePath=[0:OPERATION:Merchant=query -> 1:REQUEST:Merchant= -> 2:PROVIDER:postgresql= -> 3:SQL:select=] mutationLineage=[0:AUDIT_REASON:Merchant#1=matched benchmark update]
SQL: -- TeaQL PLAIN
SELECT * FROM merchant_data WHERE id = 1
[TeaQL SQL][query][491us] 1 rows returned outcome=success batchOutcome=not_applicable comment=matched merchant read with relation purpose=matched benchmark read auditReason= tracePath=[0:OPERATION:Merchant=query -> 1:REQUEST:Merchant= -> 2:PROVIDER:postgresql= -> 3:SQL:select=] mutationLineage=[]
SQL: -- TeaQL PLAIN
SELECT id, name, code, external_id AS externalId, task_life_hours AS taskLifeHours, version, platform FROM merchant_data WHERE (version > 0) AND (external_id = 'matched-merchant') LIMIT 1000 OFFSET 0
[TeaQL SQL][query][453us] 1 rows returned outcome=success batchOutcome=not_applicable comment=matched merchant read with relation purpose=matched benchmark read auditReason= tracePath=[0:OPERATION:Merchant=query -> 1:REQUEST:Merchant= -> 2:RELATION:platform=Merchant.platform -> 3:PROVIDER:postgresql= -> 4:SQL:select=] mutationLineage=[]
SQL: -- TeaQL PLAIN
SELECT id, create_time AS createTime, last_update_time AS lastUpdateTime, name, version FROM platform_data WHERE (version > 0) AND (id = 1) LIMIT 1 OFFSET 0
[TeaQL SQL][query][517us] 1 rows returned outcome=success batchOutcome=not_applicable comment=matched update lookup purpose=matched benchmark write auditReason= tracePath=[0:OPERATION:Merchant=query -> 1:REQUEST:Merchant= -> 2:PROVIDER:postgresql= -> 3:SQL:select=] mutationLineage=[]
SQL: -- TeaQL PLAIN
SELECT id, name, code, external_id AS externalId, task_life_hours AS taskLifeHours, platform, version FROM merchant_data WHERE (version > 0) AND (external_id = 'matched-merchant') LIMIT 1000 OFFSET 0
[TeaQL SQL][mutation][435us] 1 rows affected outcome=success batchOutcome=not_applicable comment= purpose= auditReason=matched benchmark update tracePath=[0:OPERATION:Merchant=mutation -> 1:ENTITY:Merchant= -> 2:PROVIDER:postgresql= -> 3:SQL:update=] mutationLineage=[0:AUDIT_REASON:Merchant#1=matched benchmark update]
SQL: -- TeaQL PLAIN
UPDATE merchant_data SET task_life_hours = 48 , version = 1063 WHERE id = 1 AND version = 1062
[TeaQL SQL][query][305us] 1 rows returned outcome=success batchOutcome=not_applicable comment=matched benchmark update purpose=runtime: read authoritative persisted mutation result auditReason=matched benchmark update tracePath=[0:OPERATION:Merchant=query -> 1:REQUEST:Merchant= -> 2:PROVIDER:postgresql= -> 3:SQL:select=] mutationLineage=[0:AUDIT_REASON:Merchant#1=matched benchmark update]
SQL: -- TeaQL PLAIN
SELECT * FROM merchant_data WHERE id = 1
[TeaQL SQL][query][429us] 1 rows returned outcome=success batchOutcome=not_applicable comment=matched merchant read with relation purpose=matched benchmark read auditReason= tracePath=[0:OPERATION:Merchant=query -> 1:REQUEST:Merchant= -> 2:PROVIDER:postgresql= -> 3:SQL:select=] mutationLineage=[]
SQL: -- TeaQL PLAIN
SELECT id, name, code, external_id AS externalId, task_life_hours AS taskLifeHours, version, platform FROM merchant_data WHERE (version > 0) AND (external_id = 'matched-merchant') LIMIT 1000 OFFSET 0
[TeaQL SQL][query][420us] 1 rows returned outcome=success batchOutcome=not_applicable comment=matched merchant read with relation purpose=matched benchmark read auditReason= tracePath=[0:OPERATION:Merchant=query -> 1:REQUEST:Merchant= -> 2:RELATION:platform=Merchant.platform -> 3:PROVIDER:postgresql= -> 4:SQL:select=] mutationLineage=[]
SQL: -- TeaQL PLAIN
SELECT id, create_time AS createTime, last_update_time AS lastUpdateTime, name, version FROM platform_data WHERE (version > 0) AND (id = 1) LIMIT 1 OFFSET 0
[TeaQL SQL][query][522us] 1 rows returned outcome=success batchOutcome=not_applicable comment=matched update lookup purpose=matched benchmark write auditReason= tracePath=[0:OPERATION:Merchant=query -> 1:REQUEST:Merchant= -> 2:PROVIDER:postgresql= -> 3:SQL:select=] mutationLineage=[]
SQL: -- TeaQL PLAIN
SELECT id, name, code, external_id AS externalId, task_life_hours AS taskLifeHours, platform, version FROM merchant_data WHERE (version > 0) AND (external_id = 'matched-merchant') LIMIT 1000 OFFSET 0
[TeaQL SQL][mutation][346us] 1 rows affected outcome=success batchOutcome=not_applicable comment= purpose= auditReason=matched benchmark update tracePath=[0:OPERATION:Merchant=mutation -> 1:ENTITY:Merchant= -> 2:PROVIDER:postgresql= -> 3:SQL:update=] mutationLineage=[0:AUDIT_REASON:Merchant#1=matched benchmark update]
SQL: -- TeaQL PLAIN
UPDATE merchant_data SET task_life_hours = 49 , version = 1064 WHERE id = 1 AND version = 1063
[TeaQL SQL][query][245us] 1 rows returned outcome=success batchOutcome=not_applicable comment=matched benchmark update purpose=runtime: read authoritative persisted mutation result auditReason=matched benchmark update tracePath=[0:OPERATION:Merchant=query -> 1:REQUEST:Merchant= -> 2:PROVIDER:postgresql= -> 3:SQL:select=] mutationLineage=[0:AUDIT_REASON:Merchant#1=matched benchmark update]
SQL: -- TeaQL PLAIN
SELECT * FROM merchant_data WHERE id = 1
[TeaQL SQL][query][430us] 1 rows returned outcome=success batchOutcome=not_applicable comment=matched merchant read with relation purpose=matched benchmark read auditReason= tracePath=[0:OPERATION:Merchant=query -> 1:REQUEST:Merchant= -> 2:PROVIDER:postgresql= -> 3:SQL:select=] mutationLineage=[]
SQL: -- TeaQL PLAIN
SELECT id, name, code, external_id AS externalId, task_life_hours AS taskLifeHours, version, platform FROM merchant_data WHERE (version > 0) AND (external_id = 'matched-merchant') LIMIT 1000 OFFSET 0
[TeaQL SQL][query][414us] 1 rows returned outcome=success batchOutcome=not_applicable comment=matched merchant read with relation purpose=matched benchmark read auditReason= tracePath=[0:OPERATION:Merchant=query -> 1:REQUEST:Merchant= -> 2:RELATION:platform=Merchant.platform -> 3:PROVIDER:postgresql= -> 4:SQL:select=] mutationLineage=[]
SQL: -- TeaQL PLAIN
SELECT id, create_time AS createTime, last_update_time AS lastUpdateTime, name, version FROM platform_data WHERE (version > 0) AND (id = 1) LIMIT 1 OFFSET 0
[TeaQL SQL][query][652us] 1 rows returned outcome=success batchOutcome=not_applicable comment=matched update lookup purpose=matched benchmark write auditReason= tracePath=[0:OPERATION:Merchant=query -> 1:REQUEST:Merchant= -> 2:PROVIDER:postgresql= -> 3:SQL:select=] mutationLineage=[]
SQL: -- TeaQL PLAIN
SELECT id, name, code, external_id AS externalId, task_life_hours AS taskLifeHours, platform, version FROM merchant_data WHERE (version > 0) AND (external_id = 'matched-merchant') LIMIT 1000 OFFSET 0
[TeaQL SQL][mutation][350us] 1 rows affected outcome=success batchOutcome=not_applicable comment= purpose= auditReason=matched benchmark update tracePath=[0:OPERATION:Merchant=mutation -> 1:ENTITY:Merchant= -> 2:PROVIDER:postgresql= -> 3:SQL:update=] mutationLineage=[0:AUDIT_REASON:Merchant#1=matched benchmark update]
SQL: -- TeaQL PLAIN
UPDATE merchant_data SET task_life_hours = 48 , version = 1065 WHERE id = 1 AND version = 1064
[TeaQL SQL][query][304us] 1 rows returned outcome=success batchOutcome=not_applicable comment=matched benchmark update purpose=runtime: read authoritative persisted mutation result auditReason=matched benchmark update tracePath=[0:OPERATION:Merchant=query -> 1:REQUEST:Merchant= -> 2:PROVIDER:postgresql= -> 3:SQL:select=] mutationLineage=[0:AUDIT_REASON:Merchant#1=matched benchmark update]
SQL: -- TeaQL PLAIN
SELECT * FROM merchant_data WHERE id = 1
[TeaQL SQL][query][413us] 1 rows returned outcome=success batchOutcome=not_applicable comment=matched merchant read with relation purpose=matched benchmark read auditReason= tracePath=[0:OPERATION:Merchant=query -> 1:REQUEST:Merchant= -> 2:PROVIDER:postgresql= -> 3:SQL:select=] mutationLineage=[]
SQL: -- TeaQL PLAIN
SELECT id, name, code, external_id AS externalId, task_life_hours AS taskLifeHours, version, platform FROM merchant_data WHERE (version > 0) AND (external_id = 'matched-merchant') LIMIT 1000 OFFSET 0
[TeaQL SQL][query][396us] 1 rows returned outcome=success batchOutcome=not_applicable comment=matched merchant read with relation purpose=matched benchmark read auditReason= tracePath=[0:OPERATION:Merchant=query -> 1:REQUEST:Merchant= -> 2:RELATION:platform=Merchant.platform -> 3:PROVIDER:postgresql= -> 4:SQL:select=] mutationLineage=[]
SQL: -- TeaQL PLAIN
SELECT id, create_time AS createTime, last_update_time AS lastUpdateTime, name, version FROM platform_data WHERE (version > 0) AND (id = 1) LIMIT 1 OFFSET 0
[TeaQL SQL][query][501us] 1 rows returned outcome=success batchOutcome=not_applicable comment=matched update lookup purpose=matched benchmark write auditReason= tracePath=[0:OPERATION:Merchant=query -> 1:REQUEST:Merchant= -> 2:PROVIDER:postgresql= -> 3:SQL:select=] mutationLineage=[]
SQL: -- TeaQL PLAIN
SELECT id, name, code, external_id AS externalId, task_life_hours AS taskLifeHours, platform, version FROM merchant_data WHERE (version > 0) AND (external_id = 'matched-merchant') LIMIT 1000 OFFSET 0
[TeaQL SQL][mutation][373us] 1 rows affected outcome=success batchOutcome=not_applicable comment= purpose= auditReason=matched benchmark update tracePath=[0:OPERATION:Merchant=mutation -> 1:ENTITY:Merchant= -> 2:PROVIDER:postgresql= -> 3:SQL:update=] mutationLineage=[0:AUDIT_REASON:Merchant#1=matched benchmark update]
SQL: -- TeaQL PLAIN
UPDATE merchant_data SET task_life_hours = 49 , version = 1066 WHERE id = 1 AND version = 1065
[TeaQL SQL][query][377us] 1 rows returned outcome=success batchOutcome=not_applicable comment=matched benchmark update purpose=runtime: read authoritative persisted mutation result auditReason=matched benchmark update tracePath=[0:OPERATION:Merchant=query -> 1:REQUEST:Merchant= -> 2:PROVIDER:postgresql= -> 3:SQL:select=] mutationLineage=[0:AUDIT_REASON:Merchant#1=matched benchmark update]
SQL: -- TeaQL PLAIN
SELECT * FROM merchant_data WHERE id = 1
[TeaQL SQL][query][615us] 1 rows returned outcome=success batchOutcome=not_applicable comment=matched merchant read with relation purpose=matched benchmark read auditReason= tracePath=[0:OPERATION:Merchant=query -> 1:REQUEST:Merchant= -> 2:PROVIDER:postgresql= -> 3:SQL:select=] mutationLineage=[]
SQL: -- TeaQL PLAIN
SELECT id, name, code, external_id AS externalId, task_life_hours AS taskLifeHours, version, platform FROM merchant_data WHERE (version > 0) AND (external_id = 'matched-merchant') LIMIT 1000 OFFSET 0
[TeaQL SQL][query][455us] 1 rows returned outcome=success batchOutcome=not_applicable comment=matched merchant read with relation purpose=matched benchmark read auditReason= tracePath=[0:OPERATION:Merchant=query -> 1:REQUEST:Merchant= -> 2:RELATION:platform=Merchant.platform -> 3:PROVIDER:postgresql= -> 4:SQL:select=] mutationLineage=[]
SQL: -- TeaQL PLAIN
SELECT id, create_time AS createTime, last_update_time AS lastUpdateTime, name, version FROM platform_data WHERE (version > 0) AND (id = 1) LIMIT 1 OFFSET 0
[TeaQL SQL][query][518us] 1 rows returned outcome=success batchOutcome=not_applicable comment=matched update lookup purpose=matched benchmark write auditReason= tracePath=[0:OPERATION:Merchant=query -> 1:REQUEST:Merchant= -> 2:PROVIDER:postgresql= -> 3:SQL:select=] mutationLineage=[]
SQL: -- TeaQL PLAIN
SELECT id, name, code, external_id AS externalId, task_life_hours AS taskLifeHours, platform, version FROM merchant_data WHERE (version > 0) AND (external_id = 'matched-merchant') LIMIT 1000 OFFSET 0
[TeaQL SQL][mutation][344us] 1 rows affected outcome=success batchOutcome=not_applicable comment= purpose= auditReason=matched benchmark update tracePath=[0:OPERATION:Merchant=mutation -> 1:ENTITY:Merchant= -> 2:PROVIDER:postgresql= -> 3:SQL:update=] mutationLineage=[0:AUDIT_REASON:Merchant#1=matched benchmark update]
SQL: -- TeaQL PLAIN
UPDATE merchant_data SET task_life_hours = 48 , version = 1067 WHERE id = 1 AND version = 1066
[TeaQL SQL][query][271us] 1 rows returned outcome=success batchOutcome=not_applicable comment=matched benchmark update purpose=runtime: read authoritative persisted mutation result auditReason=matched benchmark update tracePath=[0:OPERATION:Merchant=query -> 1:REQUEST:Merchant= -> 2:PROVIDER:postgresql= -> 3:SQL:select=] mutationLineage=[0:AUDIT_REASON:Merchant#1=matched benchmark update]
SQL: -- TeaQL PLAIN
SELECT * FROM merchant_data WHERE id = 1
[TeaQL SQL][query][345us] 1 rows returned outcome=success batchOutcome=not_applicable comment=matched merchant read with relation purpose=matched benchmark read auditReason= tracePath=[0:OPERATION:Merchant=query -> 1:REQUEST:Merchant= -> 2:PROVIDER:postgresql= -> 3:SQL:select=] mutationLineage=[]
SQL: -- TeaQL PLAIN
SELECT id, name, code, external_id AS externalId, task_life_hours AS taskLifeHours, version, platform FROM merchant_data WHERE (version > 0) AND (external_id = 'matched-merchant') LIMIT 1000 OFFSET 0
[TeaQL SQL][query][369us] 1 rows returned outcome=success batchOutcome=not_applicable comment=matched merchant read with relation purpose=matched benchmark read auditReason= tracePath=[0:OPERATION:Merchant=query -> 1:REQUEST:Merchant= -> 2:RELATION:platform=Merchant.platform -> 3:PROVIDER:postgresql= -> 4:SQL:select=] mutationLineage=[]
SQL: -- TeaQL PLAIN
SELECT id, create_time AS createTime, last_update_time AS lastUpdateTime, name, version FROM platform_data WHERE (version > 0) AND (id = 1) LIMIT 1 OFFSET 0
[TeaQL SQL][query][484us] 1 rows returned outcome=success batchOutcome=not_applicable comment=matched merchant read with relation purpose=matched benchmark read auditReason= tracePath=[0:OPERATION:Merchant=query -> 1:REQUEST:Merchant= -> 2:PROVIDER:postgresql= -> 3:SQL:select=] mutationLineage=[]
SQL: -- TeaQL PLAIN
SELECT id, name, code, external_id AS externalId, task_life_hours AS taskLifeHours, version, platform FROM merchant_data WHERE (version > 0) AND (external_id = 'matched-merchant') LIMIT 1000 OFFSET 0
[TeaQL SQL][query][381us] 1 rows returned outcome=success batchOutcome=not_applicable comment=matched merchant read with relation purpose=matched benchmark read auditReason= tracePath=[0:OPERATION:Merchant=query -> 1:REQUEST:Merchant= -> 2:RELATION:platform=Merchant.platform -> 3:PROVIDER:postgresql= -> 4:SQL:select=] mutationLineage=[]
SQL: -- TeaQL PLAIN
SELECT id, create_time AS createTime, last_update_time AS lastUpdateTime, name, version FROM platform_data WHERE (version > 0) AND (id = 1) LIMIT 1 OFFSET 0
[TeaQL SQL][query][2326us] 1 rows returned outcome=success batchOutcome=not_applicable comment=matched merchant read with relation purpose=matched benchmark read auditReason= tracePath=[0:OPERATION:Merchant=query -> 1:REQUEST:Merchant= -> 2:PROVIDER:postgresql= -> 3:SQL:select=] mutationLineage=[]
SQL: -- TeaQL PLAIN
SELECT id, name, code, external_id AS externalId, task_life_hours AS taskLifeHours, version, platform FROM merchant_data WHERE (version > 0) AND (external_id = 'matched-merchant') LIMIT 1000 OFFSET 0
[TeaQL SQL][query][2627us] 1 rows returned outcome=success batchOutcome=not_applicable comment=matched merchant read with relation purpose=matched benchmark read auditReason= tracePath=[0:OPERATION:Merchant=query -> 1:REQUEST:Merchant= -> 2:PROVIDER:postgresql= -> 3:SQL:select=] mutationLineage=[]
SQL: -- TeaQL PLAIN
SELECT id, name, code, external_id AS externalId, task_life_hours AS taskLifeHours, version, platform FROM merchant_data WHERE (version > 0) AND (external_id = 'matched-merchant') LIMIT 1000 OFFSET 0
[TeaQL SQL][query][2648us] 1 rows returned outcome=success batchOutcome=not_applicable comment=matched merchant read with relation purpose=matched benchmark read auditReason= tracePath=[0:OPERATION:Merchant=query -> 1:REQUEST:Merchant= -> 2:PROVIDER:postgresql= -> 3:SQL:select=] mutationLineage=[]
SQL: -- TeaQL PLAIN
SELECT id, name, code, external_id AS externalId, task_life_hours AS taskLifeHours, version, platform FROM merchant_data WHERE (version > 0) AND (external_id = 'matched-merchant') LIMIT 1000 OFFSET 0
[TeaQL SQL][query][793us] 1 rows returned outcome=success batchOutcome=not_applicable comment=matched merchant read with relation purpose=matched benchmark read auditReason= tracePath=[0:OPERATION:Merchant=query -> 1:REQUEST:Merchant= -> 2:RELATION:platform=Merchant.platform -> 3:PROVIDER:postgresql= -> 4:SQL:select=] mutationLineage=[]
SQL: -- TeaQL PLAIN
SELECT id, create_time AS createTime, last_update_time AS lastUpdateTime, name, version FROM platform_data WHERE (version > 0) AND (id = 1) LIMIT 1 OFFSET 0
[TeaQL SQL][query][751us] 1 rows returned outcome=success batchOutcome=not_applicable comment=matched merchant read with relation purpose=matched benchmark read auditReason= tracePath=[0:OPERATION:Merchant=query -> 1:REQUEST:Merchant= -> 2:RELATION:platform=Merchant.platform -> 3:PROVIDER:postgresql= -> 4:SQL:select=] mutationLineage=[]
SQL: -- TeaQL PLAIN
SELECT id, create_time AS createTime, last_update_time AS lastUpdateTime, name, version FROM platform_data WHERE (version > 0) AND (id = 1) LIMIT 1 OFFSET 0
[TeaQL SQL][query][810us] 1 rows returned outcome=success batchOutcome=not_applicable comment=matched merchant read with relation purpose=matched benchmark read auditReason= tracePath=[0:OPERATION:Merchant=query -> 1:REQUEST:Merchant= -> 2:RELATION:platform=Merchant.platform -> 3:PROVIDER:postgresql= -> 4:SQL:select=] mutationLineage=[]
SQL: -- TeaQL PLAIN
SELECT id, create_time AS createTime, last_update_time AS lastUpdateTime, name, version FROM platform_data WHERE (version > 0) AND (id = 1) LIMIT 1 OFFSET 0
[TeaQL SQL][query][626us] 1 rows returned outcome=success batchOutcome=not_applicable comment=matched merchant read with relation purpose=matched benchmark read auditReason= tracePath=[0:OPERATION:Merchant=query -> 1:REQUEST:Merchant= -> 2:PROVIDER:postgresql= -> 3:SQL:select=] mutationLineage=[]
SQL: -- TeaQL PLAIN
SELECT id, name, code, external_id AS externalId, task_life_hours AS taskLifeHours, version, platform FROM merchant_data WHERE (version > 0) AND (external_id = 'matched-merchant') LIMIT 1000 OFFSET 0
[TeaQL SQL][query][557us] 1 rows returned outcome=success batchOutcome=not_applicable comment=matched merchant read with relation purpose=matched benchmark read auditReason= tracePath=[0:OPERATION:Merchant=query -> 1:REQUEST:Merchant= -> 2:RELATION:platform=Merchant.platform -> 3:PROVIDER:postgresql= -> 4:SQL:select=] mutationLineage=[]
SQL: -- TeaQL PLAIN
SELECT id, create_time AS createTime, last_update_time AS lastUpdateTime, name, version FROM platform_data WHERE (version > 0) AND (id = 1) LIMIT 1 OFFSET 0
[TeaQL SQL][query][613us] 1 rows returned outcome=success batchOutcome=not_applicable comment=matched merchant read with relation purpose=matched benchmark read auditReason= tracePath=[0:OPERATION:Merchant=query -> 1:REQUEST:Merchant= -> 2:PROVIDER:postgresql= -> 3:SQL:select=] mutationLineage=[]
SQL: -- TeaQL PLAIN
SELECT id, name, code, external_id AS externalId, task_life_hours AS taskLifeHours, version, platform FROM merchant_data WHERE (version > 0) AND (external_id = 'matched-merchant') LIMIT 1000 OFFSET 0
[TeaQL SQL][query][558us] 1 rows returned outcome=success batchOutcome=not_applicable comment=matched merchant read with relation purpose=matched benchmark read auditReason= tracePath=[0:OPERATION:Merchant=query -> 1:REQUEST:Merchant= -> 2:RELATION:platform=Merchant.platform -> 3:PROVIDER:postgresql= -> 4:SQL:select=] mutationLineage=[]
SQL: -- TeaQL PLAIN
SELECT id, create_time AS createTime, last_update_time AS lastUpdateTime, name, version FROM platform_data WHERE (version > 0) AND (id = 1) LIMIT 1 OFFSET 0
[TeaQL SQL][query][584us] 1 rows returned outcome=success batchOutcome=not_applicable comment=matched merchant read with relation purpose=matched benchmark read auditReason= tracePath=[0:OPERATION:Merchant=query -> 1:REQUEST:Merchant= -> 2:PROVIDER:postgresql= -> 3:SQL:select=] mutationLineage=[]
SQL: -- TeaQL PLAIN
SELECT id, name, code, external_id AS externalId, task_life_hours AS taskLifeHours, version, platform FROM merchant_data WHERE (version > 0) AND (external_id = 'matched-merchant') LIMIT 1000 OFFSET 0
[TeaQL SQL][query][607us] 1 rows returned outcome=success batchOutcome=not_applicable comment=matched merchant read with relation purpose=matched benchmark read auditReason= tracePath=[0:OPERATION:Merchant=query -> 1:REQUEST:Merchant= -> 2:PROVIDER:postgresql= -> 3:SQL:select=] mutationLineage=[]
SQL: -- TeaQL PLAIN
SELECT id, name, code, external_id AS externalId, task_life_hours AS taskLifeHours, version, platform FROM merchant_data WHERE (version > 0) AND (external_id = 'matched-merchant') LIMIT 1000 OFFSET 0
[TeaQL SQL][query][538us] 1 rows returned outcome=success batchOutcome=not_applicable comment=matched merchant read with relation purpose=matched benchmark read auditReason= tracePath=[0:OPERATION:Merchant=query -> 1:REQUEST:Merchant= -> 2:RELATION:platform=Merchant.platform -> 3:PROVIDER:postgresql= -> 4:SQL:select=] mutationLineage=[]
SQL: -- TeaQL PLAIN
SELECT id, create_time AS createTime, last_update_time AS lastUpdateTime, name, version FROM platform_data WHERE (version > 0) AND (id = 1) LIMIT 1 OFFSET 0
[TeaQL SQL][query][593us] 1 rows returned outcome=success batchOutcome=not_applicable comment=matched merchant read with relation purpose=matched benchmark read auditReason= tracePath=[0:OPERATION:Merchant=query -> 1:REQUEST:Merchant= -> 2:RELATION:platform=Merchant.platform -> 3:PROVIDER:postgresql= -> 4:SQL:select=] mutationLineage=[]
SQL: -- TeaQL PLAIN
SELECT id, create_time AS createTime, last_update_time AS lastUpdateTime, name, version FROM platform_data WHERE (version > 0) AND (id = 1) LIMIT 1 OFFSET 0
[TeaQL SQL][query][367us] 1 rows returned outcome=success batchOutcome=not_applicable comment=matched merchant read with relation purpose=matched benchmark read auditReason= tracePath=[0:OPERATION:Merchant=query -> 1:REQUEST:Merchant= -> 2:PROVIDER:postgresql= -> 3:SQL:select=] mutationLineage=[]
SQL: -- TeaQL PLAIN
SELECT id, name, code, external_id AS externalId, task_life_hours AS taskLifeHours, version, platform FROM merchant_data WHERE (version > 0) AND (external_id = 'matched-merchant') LIMIT 1000 OFFSET 0
[TeaQL SQL][query][301us] 1 rows returned outcome=success batchOutcome=not_applicable comment=matched merchant read with relation purpose=matched benchmark read auditReason= tracePath=[0:OPERATION:Merchant=query -> 1:REQUEST:Merchant= -> 2:RELATION:platform=Merchant.platform -> 3:PROVIDER:postgresql= -> 4:SQL:select=] mutationLineage=[]
SQL: -- TeaQL PLAIN
SELECT id, create_time AS createTime, last_update_time AS lastUpdateTime, name, version FROM platform_data WHERE (version > 0) AND (id = 1) LIMIT 1 OFFSET 0
[TeaQL SQL][query][576us] 1 rows returned outcome=success batchOutcome=not_applicable comment=matched merchant read with relation purpose=matched benchmark read auditReason= tracePath=[0:OPERATION:Merchant=query -> 1:REQUEST:Merchant= -> 2:PROVIDER:postgresql= -> 3:SQL:select=] mutationLineage=[]
SQL: -- TeaQL PLAIN
SELECT id, name, code, external_id AS externalId, task_life_hours AS taskLifeHours, version, platform FROM merchant_data WHERE (version > 0) AND (external_id = 'matched-merchant') LIMIT 1000 OFFSET 0
[TeaQL SQL][query][557us] 1 rows returned outcome=success batchOutcome=not_applicable comment=matched merchant read with relation purpose=matched benchmark read auditReason= tracePath=[0:OPERATION:Merchant=query -> 1:REQUEST:Merchant= -> 2:RELATION:platform=Merchant.platform -> 3:PROVIDER:postgresql= -> 4:SQL:select=] mutationLineage=[]
SQL: -- TeaQL PLAIN
SELECT id, create_time AS createTime, last_update_time AS lastUpdateTime, name, version FROM platform_data WHERE (version > 0) AND (id = 1) LIMIT 1 OFFSET 0
[TeaQL SQL][query][509us] 1 rows returned outcome=success batchOutcome=not_applicable comment=matched merchant read with relation purpose=matched benchmark read auditReason= tracePath=[0:OPERATION:Merchant=query -> 1:REQUEST:Merchant= -> 2:PROVIDER:postgresql= -> 3:SQL:select=] mutationLineage=[]
SQL: -- TeaQL PLAIN
SELECT id, name, code, external_id AS externalId, task_life_hours AS taskLifeHours, version, platform FROM merchant_data WHERE (version > 0) AND (external_id = 'matched-merchant') LIMIT 1000 OFFSET 0
[TeaQL SQL][query][502us] 1 rows returned outcome=success batchOutcome=not_applicable comment=matched merchant read with relation purpose=matched benchmark read auditReason= tracePath=[0:OPERATION:Merchant=query -> 1:REQUEST:Merchant= -> 2:PROVIDER:postgresql= -> 3:SQL:select=] mutationLineage=[]
SQL: -- TeaQL PLAIN
SELECT id, name, code, external_id AS externalId, task_life_hours AS taskLifeHours, version, platform FROM merchant_data WHERE (version > 0) AND (external_id = 'matched-merchant') LIMIT 1000 OFFSET 0
[TeaQL SQL][query][488us] 1 rows returned outcome=success batchOutcome=not_applicable comment=matched merchant read with relation purpose=matched benchmark read auditReason= tracePath=[0:OPERATION:Merchant=query -> 1:REQUEST:Merchant= -> 2:RELATION:platform=Merchant.platform -> 3:PROVIDER:postgresql= -> 4:SQL:select=] mutationLineage=[]
SQL: -- TeaQL PLAIN
SELECT id, create_time AS createTime, last_update_time AS lastUpdateTime, name, version FROM platform_data WHERE (version > 0) AND (id = 1) LIMIT 1 OFFSET 0
[TeaQL SQL][query][555us] 1 rows returned outcome=success batchOutcome=not_applicable comment=matched merchant read with relation purpose=matched benchmark read auditReason= tracePath=[0:OPERATION:Merchant=query -> 1:REQUEST:Merchant= -> 2:RELATION:platform=Merchant.platform -> 3:PROVIDER:postgresql= -> 4:SQL:select=] mutationLineage=[]
SQL: -- TeaQL PLAIN
SELECT id, create_time AS createTime, last_update_time AS lastUpdateTime, name, version FROM platform_data WHERE (version > 0) AND (id = 1) LIMIT 1 OFFSET 0
[TeaQL SQL][query][443us] 1 rows returned outcome=success batchOutcome=not_applicable comment=matched merchant read with relation purpose=matched benchmark read auditReason= tracePath=[0:OPERATION:Merchant=query -> 1:REQUEST:Merchant= -> 2:PROVIDER:postgresql= -> 3:SQL:select=] mutationLineage=[]
SQL: -- TeaQL PLAIN
SELECT id, name, code, external_id AS externalId, task_life_hours AS taskLifeHours, version, platform FROM merchant_data WHERE (version > 0) AND (external_id = 'matched-merchant') LIMIT 1000 OFFSET 0
[TeaQL SQL][query][420us] 1 rows returned outcome=success batchOutcome=not_applicable comment=matched merchant read with relation purpose=matched benchmark read auditReason= tracePath=[0:OPERATION:Merchant=query -> 1:REQUEST:Merchant= -> 2:RELATION:platform=Merchant.platform -> 3:PROVIDER:postgresql= -> 4:SQL:select=] mutationLineage=[]
SQL: -- TeaQL PLAIN
SELECT id, create_time AS createTime, last_update_time AS lastUpdateTime, name, version FROM platform_data WHERE (version > 0) AND (id = 1) LIMIT 1 OFFSET 0
[TeaQL SQL][query][629us] 1 rows returned outcome=success batchOutcome=not_applicable comment=matched merchant read with relation purpose=matched benchmark read auditReason= tracePath=[0:OPERATION:Merchant=query -> 1:REQUEST:Merchant= -> 2:PROVIDER:postgresql= -> 3:SQL:select=] mutationLineage=[]
SQL: -- TeaQL PLAIN
SELECT id, name, code, external_id AS externalId, task_life_hours AS taskLifeHours, version, platform FROM merchant_data WHERE (version > 0) AND (external_id = 'matched-merchant') LIMIT 1000 OFFSET 0
[TeaQL SQL][query][836us] 1 rows returned outcome=success batchOutcome=not_applicable comment=matched merchant read with relation purpose=matched benchmark read auditReason= tracePath=[0:OPERATION:Merchant=query -> 1:REQUEST:Merchant= -> 2:RELATION:platform=Merchant.platform -> 3:PROVIDER:postgresql= -> 4:SQL:select=] mutationLineage=[]
SQL: -- TeaQL PLAIN
SELECT id, create_time AS createTime, last_update_time AS lastUpdateTime, name, version FROM platform_data WHERE (version > 0) AND (id = 1) LIMIT 1 OFFSET 0
[TeaQL SQL][query][743us] 1 rows returned outcome=success batchOutcome=not_applicable comment=matched merchant read with relation purpose=matched benchmark read auditReason= tracePath=[0:OPERATION:Merchant=query -> 1:REQUEST:Merchant= -> 2:PROVIDER:postgresql= -> 3:SQL:select=] mutationLineage=[]
SQL: -- TeaQL PLAIN
SELECT id, name, code, external_id AS externalId, task_life_hours AS taskLifeHours, version, platform FROM merchant_data WHERE (version > 0) AND (external_id = 'matched-merchant') LIMIT 1000 OFFSET 0
[TeaQL SQL][query][593us] 1 rows returned outcome=success batchOutcome=not_applicable comment=matched merchant read with relation purpose=matched benchmark read auditReason= tracePath=[0:OPERATION:Merchant=query -> 1:REQUEST:Merchant= -> 2:RELATION:platform=Merchant.platform -> 3:PROVIDER:postgresql= -> 4:SQL:select=] mutationLineage=[]
SQL: -- TeaQL PLAIN
SELECT id, create_time AS createTime, last_update_time AS lastUpdateTime, name, version FROM platform_data WHERE (version > 0) AND (id = 1) LIMIT 1 OFFSET 0
[TeaQL SQL][query][602us] 1 rows returned outcome=success batchOutcome=not_applicable comment=matched merchant read with relation purpose=matched benchmark read auditReason= tracePath=[0:OPERATION:Merchant=query -> 1:REQUEST:Merchant= -> 2:PROVIDER:postgresql= -> 3:SQL:select=] mutationLineage=[]
SQL: -- TeaQL PLAIN
SELECT id, name, code, external_id AS externalId, task_life_hours AS taskLifeHours, version, platform FROM merchant_data WHERE (version > 0) AND (external_id = 'matched-merchant') LIMIT 1000 OFFSET 0
[TeaQL SQL][query][474us] 1 rows returned outcome=success batchOutcome=not_applicable comment=matched merchant read with relation purpose=matched benchmark read auditReason= tracePath=[0:OPERATION:Merchant=query -> 1:REQUEST:Merchant= -> 2:PROVIDER:postgresql= -> 3:SQL:select=] mutationLineage=[]
SQL: -- TeaQL PLAIN
SELECT id, name, code, external_id AS externalId, task_life_hours AS taskLifeHours, version, platform FROM merchant_data WHERE (version > 0) AND (external_id = 'matched-merchant') LIMIT 1000 OFFSET 0
[TeaQL SQL][query][663us] 1 rows returned outcome=success batchOutcome=not_applicable comment=matched merchant read with relation purpose=matched benchmark read auditReason= tracePath=[0:OPERATION:Merchant=query -> 1:REQUEST:Merchant= -> 2:RELATION:platform=Merchant.platform -> 3:PROVIDER:postgresql= -> 4:SQL:select=] mutationLineage=[]
SQL: -- TeaQL PLAIN
SELECT id, create_time AS createTime, last_update_time AS lastUpdateTime, name, version FROM platform_data WHERE (version > 0) AND (id = 1) LIMIT 1 OFFSET 0
[TeaQL SQL][query][461us] 1 rows returned outcome=success batchOutcome=not_applicable comment=matched merchant read with relation purpose=matched benchmark read auditReason= tracePath=[0:OPERATION:Merchant=query -> 1:REQUEST:Merchant= -> 2:RELATION:platform=Merchant.platform -> 3:PROVIDER:postgresql= -> 4:SQL:select=] mutationLineage=[]
SQL: -- TeaQL PLAIN
SELECT id, create_time AS createTime, last_update_time AS lastUpdateTime, name, version FROM platform_data WHERE (version > 0) AND (id = 1) LIMIT 1 OFFSET 0
[TeaQL SQL][query][576us] 1 rows returned outcome=success batchOutcome=not_applicable comment=matched merchant read with relation purpose=matched benchmark read auditReason= tracePath=[0:OPERATION:Merchant=query -> 1:REQUEST:Merchant= -> 2:PROVIDER:postgresql= -> 3:SQL:select=] mutationLineage=[]
SQL: -- TeaQL PLAIN
SELECT id, name, code, external_id AS externalId, task_life_hours AS taskLifeHours, version, platform FROM merchant_data WHERE (version > 0) AND (external_id = 'matched-merchant') LIMIT 1000 OFFSET 0
[TeaQL SQL][query][560us] 1 rows returned outcome=success batchOutcome=not_applicable comment=matched merchant read with relation purpose=matched benchmark read auditReason= tracePath=[0:OPERATION:Merchant=query -> 1:REQUEST:Merchant= -> 2:RELATION:platform=Merchant.platform -> 3:PROVIDER:postgresql= -> 4:SQL:select=] mutationLineage=[]
SQL: -- TeaQL PLAIN
SELECT id, create_time AS createTime, last_update_time AS lastUpdateTime, name, version FROM platform_data WHERE (version > 0) AND (id = 1) LIMIT 1 OFFSET 0
[TeaQL SQL][query][438us] 1 rows returned outcome=success batchOutcome=not_applicable comment=matched merchant read with relation purpose=matched benchmark read auditReason= tracePath=[0:OPERATION:Merchant=query -> 1:REQUEST:Merchant= -> 2:PROVIDER:postgresql= -> 3:SQL:select=] mutationLineage=[]
SQL: -- TeaQL PLAIN
SELECT id, name, code, external_id AS externalId, task_life_hours AS taskLifeHours, version, platform FROM merchant_data WHERE (version > 0) AND (external_id = 'matched-merchant') LIMIT 1000 OFFSET 0
[TeaQL SQL][query][351us] 1 rows returned outcome=success batchOutcome=not_applicable comment=matched merchant read with relation purpose=matched benchmark read auditReason= tracePath=[0:OPERATION:Merchant=query -> 1:REQUEST:Merchant= -> 2:RELATION:platform=Merchant.platform -> 3:PROVIDER:postgresql= -> 4:SQL:select=] mutationLineage=[]
SQL: -- TeaQL PLAIN
SELECT id, create_time AS createTime, last_update_time AS lastUpdateTime, name, version FROM platform_data WHERE (version > 0) AND (id = 1) LIMIT 1 OFFSET 0
[TeaQL SQL][query][632us] 1 rows returned outcome=success batchOutcome=not_applicable comment=matched merchant read with relation purpose=matched benchmark read auditReason= tracePath=[0:OPERATION:Merchant=query -> 1:REQUEST:Merchant= -> 2:PROVIDER:postgresql= -> 3:SQL:select=] mutationLineage=[]
SQL: -- TeaQL PLAIN
SELECT id, name, code, external_id AS externalId, task_life_hours AS taskLifeHours, version, platform FROM merchant_data WHERE (version > 0) AND (external_id = 'matched-merchant') LIMIT 1000 OFFSET 0
[TeaQL SQL][query][573us] 1 rows returned outcome=success batchOutcome=not_applicable comment=matched merchant read with relation purpose=matched benchmark read auditReason= tracePath=[0:OPERATION:Merchant=query -> 1:REQUEST:Merchant= -> 2:RELATION:platform=Merchant.platform -> 3:PROVIDER:postgresql= -> 4:SQL:select=] mutationLineage=[]
SQL: -- TeaQL PLAIN
SELECT id, create_time AS createTime, last_update_time AS lastUpdateTime, name, version FROM platform_data WHERE (version > 0) AND (id = 1) LIMIT 1 OFFSET 0
[TeaQL SQL][query][443us] 1 rows returned outcome=success batchOutcome=not_applicable comment=matched merchant read with relation purpose=matched benchmark read auditReason= tracePath=[0:OPERATION:Merchant=query -> 1:REQUEST:Merchant= -> 2:PROVIDER:postgresql= -> 3:SQL:select=] mutationLineage=[]
SQL: -- TeaQL PLAIN
SELECT id, name, code, external_id AS externalId, task_life_hours AS taskLifeHours, version, platform FROM merchant_data WHERE (version > 0) AND (external_id = 'matched-merchant') LIMIT 1000 OFFSET 0
[TeaQL SQL][query][586us] 1 rows returned outcome=success batchOutcome=not_applicable comment=matched merchant read with relation purpose=matched benchmark read auditReason= tracePath=[0:OPERATION:Merchant=query -> 1:REQUEST:Merchant= -> 2:PROVIDER:postgresql= -> 3:SQL:select=] mutationLineage=[]
SQL: -- TeaQL PLAIN
SELECT id, name, code, external_id AS externalId, task_life_hours AS taskLifeHours, version, platform FROM merchant_data WHERE (version > 0) AND (external_id = 'matched-merchant') LIMIT 1000 OFFSET 0
[TeaQL SQL][query][457us] 1 rows returned outcome=success batchOutcome=not_applicable comment=matched merchant read with relation purpose=matched benchmark read auditReason= tracePath=[0:OPERATION:Merchant=query -> 1:REQUEST:Merchant= -> 2:RELATION:platform=Merchant.platform -> 3:PROVIDER:postgresql= -> 4:SQL:select=] mutationLineage=[]
SQL: -- TeaQL PLAIN
SELECT id, create_time AS createTime, last_update_time AS lastUpdateTime, name, version FROM platform_data WHERE (version > 0) AND (id = 1) LIMIT 1 OFFSET 0
[TeaQL SQL][query][559us] 1 rows returned outcome=success batchOutcome=not_applicable comment=matched merchant read with relation purpose=matched benchmark read auditReason= tracePath=[0:OPERATION:Merchant=query -> 1:REQUEST:Merchant= -> 2:RELATION:platform=Merchant.platform -> 3:PROVIDER:postgresql= -> 4:SQL:select=] mutationLineage=[]
SQL: -- TeaQL PLAIN
SELECT id, create_time AS createTime, last_update_time AS lastUpdateTime, name, version FROM platform_data WHERE (version > 0) AND (id = 1) LIMIT 1 OFFSET 0
[TeaQL SQL][query][473us] 1 rows returned outcome=success batchOutcome=not_applicable comment=matched merchant read with relation purpose=matched benchmark read auditReason= tracePath=[0:OPERATION:Merchant=query -> 1:REQUEST:Merchant= -> 2:PROVIDER:postgresql= -> 3:SQL:select=] mutationLineage=[]
SQL: -- TeaQL PLAIN
SELECT id, name, code, external_id AS externalId, task_life_hours AS taskLifeHours, version, platform FROM merchant_data WHERE (version > 0) AND (external_id = 'matched-merchant') LIMIT 1000 OFFSET 0
[TeaQL SQL][query][366us] 1 rows returned outcome=success batchOutcome=not_applicable comment=matched merchant read with relation purpose=matched benchmark read auditReason= tracePath=[0:OPERATION:Merchant=query -> 1:REQUEST:Merchant= -> 2:RELATION:platform=Merchant.platform -> 3:PROVIDER:postgresql= -> 4:SQL:select=] mutationLineage=[]
SQL: -- TeaQL PLAIN
SELECT id, create_time AS createTime, last_update_time AS lastUpdateTime, name, version FROM platform_data WHERE (version > 0) AND (id = 1) LIMIT 1 OFFSET 0
[TeaQL SQL][query][430us] 1 rows returned outcome=success batchOutcome=not_applicable comment=matched merchant read with relation purpose=matched benchmark read auditReason= tracePath=[0:OPERATION:Merchant=query -> 1:REQUEST:Merchant= -> 2:PROVIDER:postgresql= -> 3:SQL:select=] mutationLineage=[]
SQL: -- TeaQL PLAIN
SELECT id, name, code, external_id AS externalId, task_life_hours AS taskLifeHours, version, platform FROM merchant_data WHERE (version > 0) AND (external_id = 'matched-merchant') LIMIT 1000 OFFSET 0
[TeaQL SQL][query][365us] 1 rows returned outcome=success batchOutcome=not_applicable comment=matched merchant read with relation purpose=matched benchmark read auditReason= tracePath=[0:OPERATION:Merchant=query -> 1:REQUEST:Merchant= -> 2:RELATION:platform=Merchant.platform -> 3:PROVIDER:postgresql= -> 4:SQL:select=] mutationLineage=[]
SQL: -- TeaQL PLAIN
SELECT id, create_time AS createTime, last_update_time AS lastUpdateTime, name, version FROM platform_data WHERE (version > 0) AND (id = 1) LIMIT 1 OFFSET 0
[TeaQL SQL][query][662us] 1 rows returned outcome=success batchOutcome=not_applicable comment=matched merchant read with relation purpose=matched benchmark read auditReason= tracePath=[0:OPERATION:Merchant=query -> 1:REQUEST:Merchant= -> 2:PROVIDER:postgresql= -> 3:SQL:select=] mutationLineage=[]
SQL: -- TeaQL PLAIN
SELECT id, name, code, external_id AS externalId, task_life_hours AS taskLifeHours, version, platform FROM merchant_data WHERE (version > 0) AND (external_id = 'matched-merchant') LIMIT 1000 OFFSET 0
[TeaQL SQL][query][663us] 1 rows returned outcome=success batchOutcome=not_applicable comment=matched merchant read with relation purpose=matched benchmark read auditReason= tracePath=[0:OPERATION:Merchant=query -> 1:REQUEST:Merchant= -> 2:RELATION:platform=Merchant.platform -> 3:PROVIDER:postgresql= -> 4:SQL:select=] mutationLineage=[]
SQL: -- TeaQL PLAIN
SELECT id, create_time AS createTime, last_update_time AS lastUpdateTime, name, version FROM platform_data WHERE (version > 0) AND (id = 1) LIMIT 1 OFFSET 0
[TeaQL SQL][query][454us] 1 rows returned outcome=success batchOutcome=not_applicable comment=matched merchant read with relation purpose=matched benchmark read auditReason= tracePath=[0:OPERATION:Merchant=query -> 1:REQUEST:Merchant= -> 2:PROVIDER:postgresql= -> 3:SQL:select=] mutationLineage=[]
SQL: -- TeaQL PLAIN
SELECT id, name, code, external_id AS externalId, task_life_hours AS taskLifeHours, version, platform FROM merchant_data WHERE (version > 0) AND (external_id = 'matched-merchant') LIMIT 1000 OFFSET 0
[TeaQL SQL][query][453us] 1 rows returned outcome=success batchOutcome=not_applicable comment=matched merchant read with relation purpose=matched benchmark read auditReason= tracePath=[0:OPERATION:Merchant=query -> 1:REQUEST:Merchant= -> 2:PROVIDER:postgresql= -> 3:SQL:select=] mutationLineage=[]
SQL: -- TeaQL PLAIN
SELECT id, name, code, external_id AS externalId, task_life_hours AS taskLifeHours, version, platform FROM merchant_data WHERE (version > 0) AND (external_id = 'matched-merchant') LIMIT 1000 OFFSET 0
[TeaQL SQL][query][543us] 1 rows returned outcome=success batchOutcome=not_applicable comment=matched merchant read with relation purpose=matched benchmark read auditReason= tracePath=[0:OPERATION:Merchant=query -> 1:REQUEST:Merchant= -> 2:RELATION:platform=Merchant.platform -> 3:PROVIDER:postgresql= -> 4:SQL:select=] mutationLineage=[]
SQL: -- TeaQL PLAIN
SELECT id, create_time AS createTime, last_update_time AS lastUpdateTime, name, version FROM platform_data WHERE (version > 0) AND (id = 1) LIMIT 1 OFFSET 0
[TeaQL SQL][query][482us] 1 rows returned outcome=success batchOutcome=not_applicable comment=matched merchant read with relation purpose=matched benchmark read auditReason= tracePath=[0:OPERATION:Merchant=query -> 1:REQUEST:Merchant= -> 2:RELATION:platform=Merchant.platform -> 3:PROVIDER:postgresql= -> 4:SQL:select=] mutationLineage=[]
SQL: -- TeaQL PLAIN
SELECT id, create_time AS createTime, last_update_time AS lastUpdateTime, name, version FROM platform_data WHERE (version > 0) AND (id = 1) LIMIT 1 OFFSET 0
[TeaQL SQL][query][609us] 1 rows returned outcome=success batchOutcome=not_applicable comment=matched merchant read with relation purpose=matched benchmark read auditReason= tracePath=[0:OPERATION:Merchant=query -> 1:REQUEST:Merchant= -> 2:PROVIDER:postgresql= -> 3:SQL:select=] mutationLineage=[]
SQL: -- TeaQL PLAIN
SELECT id, name, code, external_id AS externalId, task_life_hours AS taskLifeHours, version, platform FROM merchant_data WHERE (version > 0) AND (external_id = 'matched-merchant') LIMIT 1000 OFFSET 0
[TeaQL SQL][query][475us] 1 rows returned outcome=success batchOutcome=not_applicable comment=matched merchant read with relation purpose=matched benchmark read auditReason= tracePath=[0:OPERATION:Merchant=query -> 1:REQUEST:Merchant= -> 2:RELATION:platform=Merchant.platform -> 3:PROVIDER:postgresql= -> 4:SQL:select=] mutationLineage=[]
SQL: -- TeaQL PLAIN
SELECT id, create_time AS createTime, last_update_time AS lastUpdateTime, name, version FROM platform_data WHERE (version > 0) AND (id = 1) LIMIT 1 OFFSET 0
[TeaQL SQL][query][454us] 1 rows returned outcome=success batchOutcome=not_applicable comment=matched merchant read with relation purpose=matched benchmark read auditReason= tracePath=[0:OPERATION:Merchant=query -> 1:REQUEST:Merchant= -> 2:PROVIDER:postgresql= -> 3:SQL:select=] mutationLineage=[]
SQL: -- TeaQL PLAIN
SELECT id, name, code, external_id AS externalId, task_life_hours AS taskLifeHours, version, platform FROM merchant_data WHERE (version > 0) AND (external_id = 'matched-merchant') LIMIT 1000 OFFSET 0
[TeaQL SQL][query][408us] 1 rows returned outcome=success batchOutcome=not_applicable comment=matched merchant read with relation purpose=matched benchmark read auditReason= tracePath=[0:OPERATION:Merchant=query -> 1:REQUEST:Merchant= -> 2:RELATION:platform=Merchant.platform -> 3:PROVIDER:postgresql= -> 4:SQL:select=] mutationLineage=[]
SQL: -- TeaQL PLAIN
SELECT id, create_time AS createTime, last_update_time AS lastUpdateTime, name, version FROM platform_data WHERE (version > 0) AND (id = 1) LIMIT 1 OFFSET 0
[TeaQL SQL][query][436us] 1 rows returned outcome=success batchOutcome=not_applicable comment=matched merchant read with relation purpose=matched benchmark read auditReason= tracePath=[0:OPERATION:Merchant=query -> 1:REQUEST:Merchant= -> 2:PROVIDER:postgresql= -> 3:SQL:select=] mutationLineage=[]
SQL: -- TeaQL PLAIN
SELECT id, name, code, external_id AS externalId, task_life_hours AS taskLifeHours, version, platform FROM merchant_data WHERE (version > 0) AND (external_id = 'matched-merchant') LIMIT 1000 OFFSET 0
[TeaQL SQL][query][448us] 1 rows returned outcome=success batchOutcome=not_applicable comment=matched merchant read with relation purpose=matched benchmark read auditReason= tracePath=[0:OPERATION:Merchant=query -> 1:REQUEST:Merchant= -> 2:RELATION:platform=Merchant.platform -> 3:PROVIDER:postgresql= -> 4:SQL:select=] mutationLineage=[]
SQL: -- TeaQL PLAIN
SELECT id, create_time AS createTime, last_update_time AS lastUpdateTime, name, version FROM platform_data WHERE (version > 0) AND (id = 1) LIMIT 1 OFFSET 0
[TeaQL SQL][query][336us] 1 rows returned outcome=success batchOutcome=not_applicable comment=matched merchant read with relation purpose=matched benchmark read auditReason= tracePath=[0:OPERATION:Merchant=query -> 1:REQUEST:Merchant= -> 2:PROVIDER:postgresql= -> 3:SQL:select=] mutationLineage=[]
SQL: -- TeaQL PLAIN
SELECT id, name, code, external_id AS externalId, task_life_hours AS taskLifeHours, version, platform FROM merchant_data WHERE (version > 0) AND (external_id = 'matched-merchant') LIMIT 1000 OFFSET 0
[TeaQL SQL][query][362us] 1 rows returned outcome=success batchOutcome=not_applicable comment=matched merchant read with relation purpose=matched benchmark read auditReason= tracePath=[0:OPERATION:Merchant=query -> 1:REQUEST:Merchant= -> 2:RELATION:platform=Merchant.platform -> 3:PROVIDER:postgresql= -> 4:SQL:select=] mutationLineage=[]
SQL: -- TeaQL PLAIN
SELECT id, create_time AS createTime, last_update_time AS lastUpdateTime, name, version FROM platform_data WHERE (version > 0) AND (id = 1) LIMIT 1 OFFSET 0
[TeaQL SQL][query][349us] 1 rows returned outcome=success batchOutcome=not_applicable comment=matched merchant read with relation purpose=matched benchmark read auditReason= tracePath=[0:OPERATION:Merchant=query -> 1:REQUEST:Merchant= -> 2:PROVIDER:postgresql= -> 3:SQL:select=] mutationLineage=[]
SQL: -- TeaQL PLAIN
SELECT id, name, code, external_id AS externalId, task_life_hours AS taskLifeHours, version, platform FROM merchant_data WHERE (version > 0) AND (external_id = 'matched-merchant') LIMIT 1000 OFFSET 0
[TeaQL SQL][query][359us] 1 rows returned outcome=success batchOutcome=not_applicable comment=matched merchant read with relation purpose=matched benchmark read auditReason= tracePath=[0:OPERATION:Merchant=query -> 1:REQUEST:Merchant= -> 2:RELATION:platform=Merchant.platform -> 3:PROVIDER:postgresql= -> 4:SQL:select=] mutationLineage=[]
SQL: -- TeaQL PLAIN
SELECT id, create_time AS createTime, last_update_time AS lastUpdateTime, name, version FROM platform_data WHERE (version > 0) AND (id = 1) LIMIT 1 OFFSET 0
[TeaQL SQL][query][366us] 1 rows returned outcome=success batchOutcome=not_applicable comment=matched merchant read with relation purpose=matched benchmark read auditReason= tracePath=[0:OPERATION:Merchant=query -> 1:REQUEST:Merchant= -> 2:PROVIDER:postgresql= -> 3:SQL:select=] mutationLineage=[]
SQL: -- TeaQL PLAIN
SELECT id, name, code, external_id AS externalId, task_life_hours AS taskLifeHours, version, platform FROM merchant_data WHERE (version > 0) AND (external_id = 'matched-merchant') LIMIT 1000 OFFSET 0
[TeaQL SQL][query][328us] 1 rows returned outcome=success batchOutcome=not_applicable comment=matched merchant read with relation purpose=matched benchmark read auditReason= tracePath=[0:OPERATION:Merchant=query -> 1:REQUEST:Merchant= -> 2:RELATION:platform=Merchant.platform -> 3:PROVIDER:postgresql= -> 4:SQL:select=] mutationLineage=[]
SQL: -- TeaQL PLAIN
SELECT id, create_time AS createTime, last_update_time AS lastUpdateTime, name, version FROM platform_data WHERE (version > 0) AND (id = 1) LIMIT 1 OFFSET 0
[TeaQL SQL][query][359us] 1 rows returned outcome=success batchOutcome=not_applicable comment=matched merchant read with relation purpose=matched benchmark read auditReason= tracePath=[0:OPERATION:Merchant=query -> 1:REQUEST:Merchant= -> 2:PROVIDER:postgresql= -> 3:SQL:select=] mutationLineage=[]
SQL: -- TeaQL PLAIN
SELECT id, name, code, external_id AS externalId, task_life_hours AS taskLifeHours, version, platform FROM merchant_data WHERE (version > 0) AND (external_id = 'matched-merchant') LIMIT 1000 OFFSET 0
[TeaQL SQL][query][397us] 1 rows returned outcome=success batchOutcome=not_applicable comment=matched merchant read with relation purpose=matched benchmark read auditReason= tracePath=[0:OPERATION:Merchant=query -> 1:REQUEST:Merchant= -> 2:RELATION:platform=Merchant.platform -> 3:PROVIDER:postgresql= -> 4:SQL:select=] mutationLineage=[]
SQL: -- TeaQL PLAIN
SELECT id, create_time AS createTime, last_update_time AS lastUpdateTime, name, version FROM platform_data WHERE (version > 0) AND (id = 1) LIMIT 1 OFFSET 0
[TeaQL SQL][query][269us] 1 rows returned outcome=success batchOutcome=not_applicable comment=matched merchant read with relation purpose=matched benchmark read auditReason= tracePath=[0:OPERATION:Merchant=query -> 1:REQUEST:Merchant= -> 2:PROVIDER:postgresql= -> 3:SQL:select=] mutationLineage=[]
SQL: -- TeaQL PLAIN
SELECT id, name, code, external_id AS externalId, task_life_hours AS taskLifeHours, version, platform FROM merchant_data WHERE (version > 0) AND (external_id = 'matched-merchant') LIMIT 1000 OFFSET 0
[TeaQL SQL][query][1695us] 1 rows returned outcome=success batchOutcome=not_applicable comment=matched merchant read with relation purpose=matched benchmark read auditReason= tracePath=[0:OPERATION:Merchant=query -> 1:REQUEST:Merchant= -> 2:RELATION:platform=Merchant.platform -> 3:PROVIDER:postgresql= -> 4:SQL:select=] mutationLineage=[]
SQL: -- TeaQL PLAIN
SELECT id, create_time AS createTime, last_update_time AS lastUpdateTime, name, version FROM platform_data WHERE (version > 0) AND (id = 1) LIMIT 1 OFFSET 0
[TeaQL SQL][query][355us] 1 rows returned outcome=success batchOutcome=not_applicable comment=matched merchant read with relation purpose=matched benchmark read auditReason= tracePath=[0:OPERATION:Merchant=query -> 1:REQUEST:Merchant= -> 2:PROVIDER:postgresql= -> 3:SQL:select=] mutationLineage=[]
SQL: -- TeaQL PLAIN
SELECT id, name, code, external_id AS externalId, task_life_hours AS taskLifeHours, version, platform FROM merchant_data WHERE (version > 0) AND (external_id = 'matched-merchant') LIMIT 1000 OFFSET 0
[TeaQL SQL][query][428us] 1 rows returned outcome=success batchOutcome=not_applicable comment=matched merchant read with relation purpose=matched benchmark read auditReason= tracePath=[0:OPERATION:Merchant=query -> 1:REQUEST:Merchant= -> 2:RELATION:platform=Merchant.platform -> 3:PROVIDER:postgresql= -> 4:SQL:select=] mutationLineage=[]
SQL: -- TeaQL PLAIN
SELECT id, create_time AS createTime, last_update_time AS lastUpdateTime, name, version FROM platform_data WHERE (version > 0) AND (id = 1) LIMIT 1 OFFSET 0
[TeaQL SQL][query][298us] 1 rows returned outcome=success batchOutcome=not_applicable comment=matched merchant read with relation purpose=matched benchmark read auditReason= tracePath=[0:OPERATION:Merchant=query -> 1:REQUEST:Merchant= -> 2:PROVIDER:postgresql= -> 3:SQL:select=] mutationLineage=[]
SQL: -- TeaQL PLAIN
SELECT id, name, code, external_id AS externalId, task_life_hours AS taskLifeHours, version, platform FROM merchant_data WHERE (version > 0) AND (external_id = 'matched-merchant') LIMIT 1000 OFFSET 0
[TeaQL SQL][query][392us] 1 rows returned outcome=success batchOutcome=not_applicable comment=matched merchant read with relation purpose=matched benchmark read auditReason= tracePath=[0:OPERATION:Merchant=query -> 1:REQUEST:Merchant= -> 2:RELATION:platform=Merchant.platform -> 3:PROVIDER:postgresql= -> 4:SQL:select=] mutationLineage=[]
SQL: -- TeaQL PLAIN
SELECT id, create_time AS createTime, last_update_time AS lastUpdateTime, name, version FROM platform_data WHERE (version > 0) AND (id = 1) LIMIT 1 OFFSET 0
[TeaQL SQL][query][504us] 1 rows returned outcome=success batchOutcome=not_applicable comment=matched merchant read with relation purpose=matched benchmark read auditReason= tracePath=[0:OPERATION:Merchant=query -> 1:REQUEST:Merchant= -> 2:PROVIDER:postgresql= -> 3:SQL:select=] mutationLineage=[]
SQL: -- TeaQL PLAIN
SELECT id, name, code, external_id AS externalId, task_life_hours AS taskLifeHours, version, platform FROM merchant_data WHERE (version > 0) AND (external_id = 'matched-merchant') LIMIT 1000 OFFSET 0
[TeaQL SQL][query][426us] 1 rows returned outcome=success batchOutcome=not_applicable comment=matched merchant read with relation purpose=matched benchmark read auditReason= tracePath=[0:OPERATION:Merchant=query -> 1:REQUEST:Merchant= -> 2:RELATION:platform=Merchant.platform -> 3:PROVIDER:postgresql= -> 4:SQL:select=] mutationLineage=[]
SQL: -- TeaQL PLAIN
SELECT id, create_time AS createTime, last_update_time AS lastUpdateTime, name, version FROM platform_data WHERE (version > 0) AND (id = 1) LIMIT 1 OFFSET 0
[TeaQL SQL][query][513us] 1 rows returned outcome=success batchOutcome=not_applicable comment=matched merchant read with relation purpose=matched benchmark read auditReason= tracePath=[0:OPERATION:Merchant=query -> 1:REQUEST:Merchant= -> 2:PROVIDER:postgresql= -> 3:SQL:select=] mutationLineage=[]
SQL: -- TeaQL PLAIN
SELECT id, name, code, external_id AS externalId, task_life_hours AS taskLifeHours, version, platform FROM merchant_data WHERE (version > 0) AND (external_id = 'matched-merchant') LIMIT 1000 OFFSET 0
[TeaQL SQL][query][517us] 1 rows returned outcome=success batchOutcome=not_applicable comment=matched merchant read with relation purpose=matched benchmark read auditReason= tracePath=[0:OPERATION:Merchant=query -> 1:REQUEST:Merchant= -> 2:PROVIDER:postgresql= -> 3:SQL:select=] mutationLineage=[]
SQL: -- TeaQL PLAIN
SELECT id, name, code, external_id AS externalId, task_life_hours AS taskLifeHours, version, platform FROM merchant_data WHERE (version > 0) AND (external_id = 'matched-merchant') LIMIT 1000 OFFSET 0
[TeaQL SQL][query][513us] 1 rows returned outcome=success batchOutcome=not_applicable comment=matched merchant read with relation purpose=matched benchmark read auditReason= tracePath=[0:OPERATION:Merchant=query -> 1:REQUEST:Merchant= -> 2:PROVIDER:postgresql= -> 3:SQL:select=] mutationLineage=[]
SQL: -- TeaQL PLAIN
SELECT id, name, code, external_id AS externalId, task_life_hours AS taskLifeHours, version, platform FROM merchant_data WHERE (version > 0) AND (external_id = 'matched-merchant') LIMIT 1000 OFFSET 0
[TeaQL SQL][query][302us] 1 rows returned outcome=success batchOutcome=not_applicable comment=matched merchant read with relation purpose=matched benchmark read auditReason= tracePath=[0:OPERATION:Merchant=query -> 1:REQUEST:Merchant= -> 2:RELATION:platform=Merchant.platform -> 3:PROVIDER:postgresql= -> 4:SQL:select=] mutationLineage=[]
SQL: -- TeaQL PLAIN
SELECT id, create_time AS createTime, last_update_time AS lastUpdateTime, name, version FROM platform_data WHERE (version > 0) AND (id = 1) LIMIT 1 OFFSET 0
[TeaQL SQL][query][410us] 1 rows returned outcome=success batchOutcome=not_applicable comment=matched merchant read with relation purpose=matched benchmark read auditReason= tracePath=[0:OPERATION:Merchant=query -> 1:REQUEST:Merchant= -> 2:RELATION:platform=Merchant.platform -> 3:PROVIDER:postgresql= -> 4:SQL:select=] mutationLineage=[]
SQL: -- TeaQL PLAIN
SELECT id, create_time AS createTime, last_update_time AS lastUpdateTime, name, version FROM platform_data WHERE (version > 0) AND (id = 1) LIMIT 1 OFFSET 0
[TeaQL SQL][query][369us] 1 rows returned outcome=success batchOutcome=not_applicable comment=matched merchant read with relation purpose=matched benchmark read auditReason= tracePath=[0:OPERATION:Merchant=query -> 1:REQUEST:Merchant= -> 2:RELATION:platform=Merchant.platform -> 3:PROVIDER:postgresql= -> 4:SQL:select=] mutationLineage=[]
SQL: -- TeaQL PLAIN
SELECT id, create_time AS createTime, last_update_time AS lastUpdateTime, name, version FROM platform_data WHERE (version > 0) AND (id = 1) LIMIT 1 OFFSET 0
[TeaQL SQL][query][395us] 1 rows returned outcome=success batchOutcome=not_applicable comment=matched merchant read with relation purpose=matched benchmark read auditReason= tracePath=[0:OPERATION:Merchant=query -> 1:REQUEST:Merchant= -> 2:PROVIDER:postgresql= -> 3:SQL:select=] mutationLineage=[]
SQL: -- TeaQL PLAIN
SELECT id, name, code, external_id AS externalId, task_life_hours AS taskLifeHours, version, platform FROM merchant_data WHERE (version > 0) AND (external_id = 'matched-merchant') LIMIT 1000 OFFSET 0
[TeaQL SQL][query][332us] 1 rows returned outcome=success batchOutcome=not_applicable comment=matched merchant read with relation purpose=matched benchmark read auditReason= tracePath=[0:OPERATION:Merchant=query -> 1:REQUEST:Merchant= -> 2:RELATION:platform=Merchant.platform -> 3:PROVIDER:postgresql= -> 4:SQL:select=] mutationLineage=[]
SQL: -- TeaQL PLAIN
SELECT id, create_time AS createTime, last_update_time AS lastUpdateTime, name, version FROM platform_data WHERE (version > 0) AND (id = 1) LIMIT 1 OFFSET 0
[TeaQL SQL][query][394us] 1 rows returned outcome=success batchOutcome=not_applicable comment=matched merchant read with relation purpose=matched benchmark read auditReason= tracePath=[0:OPERATION:Merchant=query -> 1:REQUEST:Merchant= -> 2:PROVIDER:postgresql= -> 3:SQL:select=] mutationLineage=[]
SQL: -- TeaQL PLAIN
SELECT id, name, code, external_id AS externalId, task_life_hours AS taskLifeHours, version, platform FROM merchant_data WHERE (version > 0) AND (external_id = 'matched-merchant') LIMIT 1000 OFFSET 0
[TeaQL SQL][query][424us] 1 rows returned outcome=success batchOutcome=not_applicable comment=matched merchant read with relation purpose=matched benchmark read auditReason= tracePath=[0:OPERATION:Merchant=query -> 1:REQUEST:Merchant= -> 2:RELATION:platform=Merchant.platform -> 3:PROVIDER:postgresql= -> 4:SQL:select=] mutationLineage=[]
SQL: -- TeaQL PLAIN
SELECT id, create_time AS createTime, last_update_time AS lastUpdateTime, name, version FROM platform_data WHERE (version > 0) AND (id = 1) LIMIT 1 OFFSET 0
[TeaQL SQL][query][441us] 1 rows returned outcome=success batchOutcome=not_applicable comment=matched merchant read with relation purpose=matched benchmark read auditReason= tracePath=[0:OPERATION:Merchant=query -> 1:REQUEST:Merchant= -> 2:PROVIDER:postgresql= -> 3:SQL:select=] mutationLineage=[]
SQL: -- TeaQL PLAIN
SELECT id, name, code, external_id AS externalId, task_life_hours AS taskLifeHours, version, platform FROM merchant_data WHERE (version > 0) AND (external_id = 'matched-merchant') LIMIT 1000 OFFSET 0
[TeaQL SQL][query][441us] 1 rows returned outcome=success batchOutcome=not_applicable comment=matched merchant read with relation purpose=matched benchmark read auditReason= tracePath=[0:OPERATION:Merchant=query -> 1:REQUEST:Merchant= -> 2:PROVIDER:postgresql= -> 3:SQL:select=] mutationLineage=[]
SQL: -- TeaQL PLAIN
SELECT id, name, code, external_id AS externalId, task_life_hours AS taskLifeHours, version, platform FROM merchant_data WHERE (version > 0) AND (external_id = 'matched-merchant') LIMIT 1000 OFFSET 0
[TeaQL SQL][query][333us] 1 rows returned outcome=success batchOutcome=not_applicable comment=matched merchant read with relation purpose=matched benchmark read auditReason= tracePath=[0:OPERATION:Merchant=query -> 1:REQUEST:Merchant= -> 2:RELATION:platform=Merchant.platform -> 3:PROVIDER:postgresql= -> 4:SQL:select=] mutationLineage=[]
SQL: -- TeaQL PLAIN
SELECT id, create_time AS createTime, last_update_time AS lastUpdateTime, name, version FROM platform_data WHERE (version > 0) AND (id = 1) LIMIT 1 OFFSET 0
[TeaQL SQL][query][290us] 1 rows returned outcome=success batchOutcome=not_applicable comment=matched merchant read with relation purpose=matched benchmark read auditReason= tracePath=[0:OPERATION:Merchant=query -> 1:REQUEST:Merchant= -> 2:RELATION:platform=Merchant.platform -> 3:PROVIDER:postgresql= -> 4:SQL:select=] mutationLineage=[]
SQL: -- TeaQL PLAIN
SELECT id, create_time AS createTime, last_update_time AS lastUpdateTime, name, version FROM platform_data WHERE (version > 0) AND (id = 1) LIMIT 1 OFFSET 0
[TeaQL SQL][query][368us] 1 rows returned outcome=success batchOutcome=not_applicable comment=matched merchant read with relation purpose=matched benchmark read auditReason= tracePath=[0:OPERATION:Merchant=query -> 1:REQUEST:Merchant= -> 2:PROVIDER:postgresql= -> 3:SQL:select=] mutationLineage=[]
SQL: -- TeaQL PLAIN
SELECT id, name, code, external_id AS externalId, task_life_hours AS taskLifeHours, version, platform FROM merchant_data WHERE (version > 0) AND (external_id = 'matched-merchant') LIMIT 1000 OFFSET 0
[TeaQL SQL][query][304us] 1 rows returned outcome=success batchOutcome=not_applicable comment=matched merchant read with relation purpose=matched benchmark read auditReason= tracePath=[0:OPERATION:Merchant=query -> 1:REQUEST:Merchant= -> 2:RELATION:platform=Merchant.platform -> 3:PROVIDER:postgresql= -> 4:SQL:select=] mutationLineage=[]
SQL: -- TeaQL PLAIN
SELECT id, create_time AS createTime, last_update_time AS lastUpdateTime, name, version FROM platform_data WHERE (version > 0) AND (id = 1) LIMIT 1 OFFSET 0
[TeaQL SQL][query][283us] 1 rows returned outcome=success batchOutcome=not_applicable comment=matched merchant read with relation purpose=matched benchmark read auditReason= tracePath=[0:OPERATION:Merchant=query -> 1:REQUEST:Merchant= -> 2:PROVIDER:postgresql= -> 3:SQL:select=] mutationLineage=[]
SQL: -- TeaQL PLAIN
SELECT id, name, code, external_id AS externalId, task_life_hours AS taskLifeHours, version, platform FROM merchant_data WHERE (version > 0) AND (external_id = 'matched-merchant') LIMIT 1000 OFFSET 0
[TeaQL SQL][query][227us] 1 rows returned outcome=success batchOutcome=not_applicable comment=matched merchant read with relation purpose=matched benchmark read auditReason= tracePath=[0:OPERATION:Merchant=query -> 1:REQUEST:Merchant= -> 2:PROVIDER:postgresql= -> 3:SQL:select=] mutationLineage=[]
SQL: -- TeaQL PLAIN
SELECT id, name, code, external_id AS externalId, task_life_hours AS taskLifeHours, version, platform FROM merchant_data WHERE (version > 0) AND (external_id = 'matched-merchant') LIMIT 1000 OFFSET 0
[TeaQL SQL][query][224us] 1 rows returned outcome=success batchOutcome=not_applicable comment=matched merchant read with relation purpose=matched benchmark read auditReason= tracePath=[0:OPERATION:Merchant=query -> 1:REQUEST:Merchant= -> 2:RELATION:platform=Merchant.platform -> 3:PROVIDER:postgresql= -> 4:SQL:select=] mutationLineage=[]
SQL: -- TeaQL PLAIN
SELECT id, create_time AS createTime, last_update_time AS lastUpdateTime, name, version FROM platform_data WHERE (version > 0) AND (id = 1) LIMIT 1 OFFSET 0
[TeaQL SQL][query][218us] 1 rows returned outcome=success batchOutcome=not_applicable comment=matched merchant read with relation purpose=matched benchmark read auditReason= tracePath=[0:OPERATION:Merchant=query -> 1:REQUEST:Merchant= -> 2:RELATION:platform=Merchant.platform -> 3:PROVIDER:postgresql= -> 4:SQL:select=] mutationLineage=[]
SQL: -- TeaQL PLAIN
SELECT id, create_time AS createTime, last_update_time AS lastUpdateTime, name, version FROM platform_data WHERE (version > 0) AND (id = 1) LIMIT 1 OFFSET 0
[TeaQL SQL][query][507us] 1 rows returned outcome=success batchOutcome=not_applicable comment=matched merchant read with relation purpose=matched benchmark read auditReason= tracePath=[0:OPERATION:Merchant=query -> 1:REQUEST:Merchant= -> 2:PROVIDER:postgresql= -> 3:SQL:select=] mutationLineage=[]
SQL: -- TeaQL PLAIN
SELECT id, name, code, external_id AS externalId, task_life_hours AS taskLifeHours, version, platform FROM merchant_data WHERE (version > 0) AND (external_id = 'matched-merchant') LIMIT 1000 OFFSET 0
[TeaQL SQL][query][389us] 1 rows returned outcome=success batchOutcome=not_applicable comment=matched merchant read with relation purpose=matched benchmark read auditReason= tracePath=[0:OPERATION:Merchant=query -> 1:REQUEST:Merchant= -> 2:RELATION:platform=Merchant.platform -> 3:PROVIDER:postgresql= -> 4:SQL:select=] mutationLineage=[]
SQL: -- TeaQL PLAIN
SELECT id, create_time AS createTime, last_update_time AS lastUpdateTime, name, version FROM platform_data WHERE (version > 0) AND (id = 1) LIMIT 1 OFFSET 0
[TeaQL SQL][query][418us] 1 rows returned outcome=success batchOutcome=not_applicable comment=matched merchant read with relation purpose=matched benchmark read auditReason= tracePath=[0:OPERATION:Merchant=query -> 1:REQUEST:Merchant= -> 2:PROVIDER:postgresql= -> 3:SQL:select=] mutationLineage=[]
SQL: -- TeaQL PLAIN
SELECT id, name, code, external_id AS externalId, task_life_hours AS taskLifeHours, version, platform FROM merchant_data WHERE (version > 0) AND (external_id = 'matched-merchant') LIMIT 1000 OFFSET 0
[TeaQL SQL][query][257us] 1 rows returned outcome=success batchOutcome=not_applicable comment=matched merchant read with relation purpose=matched benchmark read auditReason= tracePath=[0:OPERATION:Merchant=query -> 1:REQUEST:Merchant= -> 2:PROVIDER:postgresql= -> 3:SQL:select=] mutationLineage=[]
SQL: -- TeaQL PLAIN
SELECT id, name, code, external_id AS externalId, task_life_hours AS taskLifeHours, version, platform FROM merchant_data WHERE (version > 0) AND (external_id = 'matched-merchant') LIMIT 1000 OFFSET 0
[TeaQL SQL][query][334us] 1 rows returned outcome=success batchOutcome=not_applicable comment=matched merchant read with relation purpose=matched benchmark read auditReason= tracePath=[0:OPERATION:Merchant=query -> 1:REQUEST:Merchant= -> 2:RELATION:platform=Merchant.platform -> 3:PROVIDER:postgresql= -> 4:SQL:select=] mutationLineage=[]
SQL: -- TeaQL PLAIN
SELECT id, create_time AS createTime, last_update_time AS lastUpdateTime, name, version FROM platform_data WHERE (version > 0) AND (id = 1) LIMIT 1 OFFSET 0
[TeaQL SQL][query][289us] 1 rows returned outcome=success batchOutcome=not_applicable comment=matched merchant read with relation purpose=matched benchmark read auditReason= tracePath=[0:OPERATION:Merchant=query -> 1:REQUEST:Merchant= -> 2:RELATION:platform=Merchant.platform -> 3:PROVIDER:postgresql= -> 4:SQL:select=] mutationLineage=[]
SQL: -- TeaQL PLAIN
SELECT id, create_time AS createTime, last_update_time AS lastUpdateTime, name, version FROM platform_data WHERE (version > 0) AND (id = 1) LIMIT 1 OFFSET 0
[TeaQL SQL][query][344us] 1 rows returned outcome=success batchOutcome=not_applicable comment=matched merchant read with relation purpose=matched benchmark read auditReason= tracePath=[0:OPERATION:Merchant=query -> 1:REQUEST:Merchant= -> 2:PROVIDER:postgresql= -> 3:SQL:select=] mutationLineage=[]
SQL: -- TeaQL PLAIN
SELECT id, name, code, external_id AS externalId, task_life_hours AS taskLifeHours, version, platform FROM merchant_data WHERE (version > 0) AND (external_id = 'matched-merchant') LIMIT 1000 OFFSET 0
[TeaQL SQL][query][314us] 1 rows returned outcome=success batchOutcome=not_applicable comment=matched merchant read with relation purpose=matched benchmark read auditReason= tracePath=[0:OPERATION:Merchant=query -> 1:REQUEST:Merchant= -> 2:RELATION:platform=Merchant.platform -> 3:PROVIDER:postgresql= -> 4:SQL:select=] mutationLineage=[]
SQL: -- TeaQL PLAIN
SELECT id, create_time AS createTime, last_update_time AS lastUpdateTime, name, version FROM platform_data WHERE (version > 0) AND (id = 1) LIMIT 1 OFFSET 0
[TeaQL SQL][query][300us] 1 rows returned outcome=success batchOutcome=not_applicable comment=matched merchant read with relation purpose=matched benchmark read auditReason= tracePath=[0:OPERATION:Merchant=query -> 1:REQUEST:Merchant= -> 2:PROVIDER:postgresql= -> 3:SQL:select=] mutationLineage=[]
SQL: -- TeaQL PLAIN
SELECT id, name, code, external_id AS externalId, task_life_hours AS taskLifeHours, version, platform FROM merchant_data WHERE (version > 0) AND (external_id = 'matched-merchant') LIMIT 1000 OFFSET 0
[TeaQL SQL][query][233us] 1 rows returned outcome=success batchOutcome=not_applicable comment=matched merchant read with relation purpose=matched benchmark read auditReason= tracePath=[0:OPERATION:Merchant=query -> 1:REQUEST:Merchant= -> 2:PROVIDER:postgresql= -> 3:SQL:select=] mutationLineage=[]
SQL: -- TeaQL PLAIN
SELECT id, name, code, external_id AS externalId, task_life_hours AS taskLifeHours, version, platform FROM merchant_data WHERE (version > 0) AND (external_id = 'matched-merchant') LIMIT 1000 OFFSET 0
[TeaQL SQL][query][277us] 1 rows returned outcome=success batchOutcome=not_applicable comment=matched merchant read with relation purpose=matched benchmark read auditReason= tracePath=[0:OPERATION:Merchant=query -> 1:REQUEST:Merchant= -> 2:RELATION:platform=Merchant.platform -> 3:PROVIDER:postgresql= -> 4:SQL:select=] mutationLineage=[]
SQL: -- TeaQL PLAIN
SELECT id, create_time AS createTime, last_update_time AS lastUpdateTime, name, version FROM platform_data WHERE (version > 0) AND (id = 1) LIMIT 1 OFFSET 0
[TeaQL SQL][query][258us] 1 rows returned outcome=success batchOutcome=not_applicable comment=matched merchant read with relation purpose=matched benchmark read auditReason= tracePath=[0:OPERATION:Merchant=query -> 1:REQUEST:Merchant= -> 2:RELATION:platform=Merchant.platform -> 3:PROVIDER:postgresql= -> 4:SQL:select=] mutationLineage=[]
SQL: -- TeaQL PLAIN
SELECT id, create_time AS createTime, last_update_time AS lastUpdateTime, name, version FROM platform_data WHERE (version > 0) AND (id = 1) LIMIT 1 OFFSET 0
[TeaQL SQL][query][449us] 1 rows returned outcome=success batchOutcome=not_applicable comment=matched merchant read with relation purpose=matched benchmark read auditReason= tracePath=[0:OPERATION:Merchant=query -> 1:REQUEST:Merchant= -> 2:PROVIDER:postgresql= -> 3:SQL:select=] mutationLineage=[]
SQL: -- TeaQL PLAIN
SELECT id, name, code, external_id AS externalId, task_life_hours AS taskLifeHours, version, platform FROM merchant_data WHERE (version > 0) AND (external_id = 'matched-merchant') LIMIT 1000 OFFSET 0
[TeaQL SQL][query][449us] 1 rows returned outcome=success batchOutcome=not_applicable comment=matched merchant read with relation purpose=matched benchmark read auditReason= tracePath=[0:OPERATION:Merchant=query -> 1:REQUEST:Merchant= -> 2:PROVIDER:postgresql= -> 3:SQL:select=] mutationLineage=[]
SQL: -- TeaQL PLAIN
SELECT id, name, code, external_id AS externalId, task_life_hours AS taskLifeHours, version, platform FROM merchant_data WHERE (version > 0) AND (external_id = 'matched-merchant') LIMIT 1000 OFFSET 0
[TeaQL SQL][query][326us] 1 rows returned outcome=success batchOutcome=not_applicable comment=matched merchant read with relation purpose=matched benchmark read auditReason= tracePath=[0:OPERATION:Merchant=query -> 1:REQUEST:Merchant= -> 2:RELATION:platform=Merchant.platform -> 3:PROVIDER:postgresql= -> 4:SQL:select=] mutationLineage=[]
SQL: -- TeaQL PLAIN
SELECT id, create_time AS createTime, last_update_time AS lastUpdateTime, name, version FROM platform_data WHERE (version > 0) AND (id = 1) LIMIT 1 OFFSET 0
[TeaQL SQL][query][378us] 1 rows returned outcome=success batchOutcome=not_applicable comment=matched merchant read with relation purpose=matched benchmark read auditReason= tracePath=[0:OPERATION:Merchant=query -> 1:REQUEST:Merchant= -> 2:RELATION:platform=Merchant.platform -> 3:PROVIDER:postgresql= -> 4:SQL:select=] mutationLineage=[]
SQL: -- TeaQL PLAIN
SELECT id, create_time AS createTime, last_update_time AS lastUpdateTime, name, version FROM platform_data WHERE (version > 0) AND (id = 1) LIMIT 1 OFFSET 0
[TeaQL SQL][query][362us] 1 rows returned outcome=success batchOutcome=not_applicable comment=matched merchant read with relation purpose=matched benchmark read auditReason= tracePath=[0:OPERATION:Merchant=query -> 1:REQUEST:Merchant= -> 2:PROVIDER:postgresql= -> 3:SQL:select=] mutationLineage=[]
SQL: -- TeaQL PLAIN
SELECT id, name, code, external_id AS externalId, task_life_hours AS taskLifeHours, version, platform FROM merchant_data WHERE (version > 0) AND (external_id = 'matched-merchant') LIMIT 1000 OFFSET 0
[TeaQL SQL][query][331us] 1 rows returned outcome=success batchOutcome=not_applicable comment=matched merchant read with relation purpose=matched benchmark read auditReason= tracePath=[0:OPERATION:Merchant=query -> 1:REQUEST:Merchant= -> 2:RELATION:platform=Merchant.platform -> 3:PROVIDER:postgresql= -> 4:SQL:select=] mutationLineage=[]
SQL: -- TeaQL PLAIN
SELECT id, create_time AS createTime, last_update_time AS lastUpdateTime, name, version FROM platform_data WHERE (version > 0) AND (id = 1) LIMIT 1 OFFSET 0
[TeaQL SQL][query][303us] 1 rows returned outcome=success batchOutcome=not_applicable comment=matched merchant read with relation purpose=matched benchmark read auditReason= tracePath=[0:OPERATION:Merchant=query -> 1:REQUEST:Merchant= -> 2:PROVIDER:postgresql= -> 3:SQL:select=] mutationLineage=[]
SQL: -- TeaQL PLAIN
SELECT id, name, code, external_id AS externalId, task_life_hours AS taskLifeHours, version, platform FROM merchant_data WHERE (version > 0) AND (external_id = 'matched-merchant') LIMIT 1000 OFFSET 0
[TeaQL SQL][query][315us] 1 rows returned outcome=success batchOutcome=not_applicable comment=matched merchant read with relation purpose=matched benchmark read auditReason= tracePath=[0:OPERATION:Merchant=query -> 1:REQUEST:Merchant= -> 2:RELATION:platform=Merchant.platform -> 3:PROVIDER:postgresql= -> 4:SQL:select=] mutationLineage=[]
SQL: -- TeaQL PLAIN
SELECT id, create_time AS createTime, last_update_time AS lastUpdateTime, name, version FROM platform_data WHERE (version > 0) AND (id = 1) LIMIT 1 OFFSET 0
[TeaQL SQL][query][311us] 1 rows returned outcome=success batchOutcome=not_applicable comment=matched merchant read with relation purpose=matched benchmark read auditReason= tracePath=[0:OPERATION:Merchant=query -> 1:REQUEST:Merchant= -> 2:PROVIDER:postgresql= -> 3:SQL:select=] mutationLineage=[]
SQL: -- TeaQL PLAIN
SELECT id, name, code, external_id AS externalId, task_life_hours AS taskLifeHours, version, platform FROM merchant_data WHERE (version > 0) AND (external_id = 'matched-merchant') LIMIT 1000 OFFSET 0
[TeaQL SQL][query][300us] 1 rows returned outcome=success batchOutcome=not_applicable comment=matched merchant read with relation purpose=matched benchmark read auditReason= tracePath=[0:OPERATION:Merchant=query -> 1:REQUEST:Merchant= -> 2:RELATION:platform=Merchant.platform -> 3:PROVIDER:postgresql= -> 4:SQL:select=] mutationLineage=[]
SQL: -- TeaQL PLAIN
SELECT id, create_time AS createTime, last_update_time AS lastUpdateTime, name, version FROM platform_data WHERE (version > 0) AND (id = 1) LIMIT 1 OFFSET 0
[TeaQL SQL][query][350us] 1 rows returned outcome=success batchOutcome=not_applicable comment=matched merchant read with relation purpose=matched benchmark read auditReason= tracePath=[0:OPERATION:Merchant=query -> 1:REQUEST:Merchant= -> 2:PROVIDER:postgresql= -> 3:SQL:select=] mutationLineage=[]
SQL: -- TeaQL PLAIN
SELECT id, name, code, external_id AS externalId, task_life_hours AS taskLifeHours, version, platform FROM merchant_data WHERE (version > 0) AND (external_id = 'matched-merchant') LIMIT 1000 OFFSET 0
[TeaQL SQL][query][414us] 1 rows returned outcome=success batchOutcome=not_applicable comment=matched merchant read with relation purpose=matched benchmark read auditReason= tracePath=[0:OPERATION:Merchant=query -> 1:REQUEST:Merchant= -> 2:RELATION:platform=Merchant.platform -> 3:PROVIDER:postgresql= -> 4:SQL:select=] mutationLineage=[]
SQL: -- TeaQL PLAIN
SELECT id, create_time AS createTime, last_update_time AS lastUpdateTime, name, version FROM platform_data WHERE (version > 0) AND (id = 1) LIMIT 1 OFFSET 0
[TeaQL SQL][query][310us] 1 rows returned outcome=success batchOutcome=not_applicable comment=matched merchant read with relation purpose=matched benchmark read auditReason= tracePath=[0:OPERATION:Merchant=query -> 1:REQUEST:Merchant= -> 2:PROVIDER:postgresql= -> 3:SQL:select=] mutationLineage=[]
SQL: -- TeaQL PLAIN
SELECT id, name, code, external_id AS externalId, task_life_hours AS taskLifeHours, version, platform FROM merchant_data WHERE (version > 0) AND (external_id = 'matched-merchant') LIMIT 1000 OFFSET 0
[TeaQL SQL][query][333us] 1 rows returned outcome=success batchOutcome=not_applicable comment=matched merchant read with relation purpose=matched benchmark read auditReason= tracePath=[0:OPERATION:Merchant=query -> 1:REQUEST:Merchant= -> 2:RELATION:platform=Merchant.platform -> 3:PROVIDER:postgresql= -> 4:SQL:select=] mutationLineage=[]
SQL: -- TeaQL PLAIN
SELECT id, create_time AS createTime, last_update_time AS lastUpdateTime, name, version FROM platform_data WHERE (version > 0) AND (id = 1) LIMIT 1 OFFSET 0
[TeaQL SQL][query][401us] 1 rows returned outcome=success batchOutcome=not_applicable comment=matched merchant read with relation purpose=matched benchmark read auditReason= tracePath=[0:OPERATION:Merchant=query -> 1:REQUEST:Merchant= -> 2:PROVIDER:postgresql= -> 3:SQL:select=] mutationLineage=[]
SQL: -- TeaQL PLAIN
SELECT id, name, code, external_id AS externalId, task_life_hours AS taskLifeHours, version, platform FROM merchant_data WHERE (version > 0) AND (external_id = 'matched-merchant') LIMIT 1000 OFFSET 0
[TeaQL SQL][query][303us] 1 rows returned outcome=success batchOutcome=not_applicable comment=matched merchant read with relation purpose=matched benchmark read auditReason= tracePath=[0:OPERATION:Merchant=query -> 1:REQUEST:Merchant= -> 2:RELATION:platform=Merchant.platform -> 3:PROVIDER:postgresql= -> 4:SQL:select=] mutationLineage=[]
SQL: -- TeaQL PLAIN
SELECT id, create_time AS createTime, last_update_time AS lastUpdateTime, name, version FROM platform_data WHERE (version > 0) AND (id = 1) LIMIT 1 OFFSET 0
[TeaQL SQL][query][328us] 1 rows returned outcome=success batchOutcome=not_applicable comment=matched merchant read with relation purpose=matched benchmark read auditReason= tracePath=[0:OPERATION:Merchant=query -> 1:REQUEST:Merchant= -> 2:PROVIDER:postgresql= -> 3:SQL:select=] mutationLineage=[]
SQL: -- TeaQL PLAIN
SELECT id, name, code, external_id AS externalId, task_life_hours AS taskLifeHours, version, platform FROM merchant_data WHERE (version > 0) AND (external_id = 'matched-merchant') LIMIT 1000 OFFSET 0
[TeaQL SQL][query][278us] 1 rows returned outcome=success batchOutcome=not_applicable comment=matched merchant read with relation purpose=matched benchmark read auditReason= tracePath=[0:OPERATION:Merchant=query -> 1:REQUEST:Merchant= -> 2:RELATION:platform=Merchant.platform -> 3:PROVIDER:postgresql= -> 4:SQL:select=] mutationLineage=[]
SQL: -- TeaQL PLAIN
SELECT id, create_time AS createTime, last_update_time AS lastUpdateTime, name, version FROM platform_data WHERE (version > 0) AND (id = 1) LIMIT 1 OFFSET 0
[TeaQL SQL][query][322us] 1 rows returned outcome=success batchOutcome=not_applicable comment=matched merchant read with relation purpose=matched benchmark read auditReason= tracePath=[0:OPERATION:Merchant=query -> 1:REQUEST:Merchant= -> 2:PROVIDER:postgresql= -> 3:SQL:select=] mutationLineage=[]
SQL: -- TeaQL PLAIN
SELECT id, name, code, external_id AS externalId, task_life_hours AS taskLifeHours, version, platform FROM merchant_data WHERE (version > 0) AND (external_id = 'matched-merchant') LIMIT 1000 OFFSET 0
[TeaQL SQL][query][272us] 1 rows returned outcome=success batchOutcome=not_applicable comment=matched merchant read with relation purpose=matched benchmark read auditReason= tracePath=[0:OPERATION:Merchant=query -> 1:REQUEST:Merchant= -> 2:PROVIDER:postgresql= -> 3:SQL:select=] mutationLineage=[]
SQL: -- TeaQL PLAIN
SELECT id, name, code, external_id AS externalId, task_life_hours AS taskLifeHours, version, platform FROM merchant_data WHERE (version > 0) AND (external_id = 'matched-merchant') LIMIT 1000 OFFSET 0
[TeaQL SQL][query][265us] 1 rows returned outcome=success batchOutcome=not_applicable comment=matched merchant read with relation purpose=matched benchmark read auditReason= tracePath=[0:OPERATION:Merchant=query -> 1:REQUEST:Merchant= -> 2:RELATION:platform=Merchant.platform -> 3:PROVIDER:postgresql= -> 4:SQL:select=] mutationLineage=[]
SQL: -- TeaQL PLAIN
SELECT id, create_time AS createTime, last_update_time AS lastUpdateTime, name, version FROM platform_data WHERE (version > 0) AND (id = 1) LIMIT 1 OFFSET 0
[TeaQL SQL][query][306us] 1 rows returned outcome=success batchOutcome=not_applicable comment=matched merchant read with relation purpose=matched benchmark read auditReason= tracePath=[0:OPERATION:Merchant=query -> 1:REQUEST:Merchant= -> 2:RELATION:platform=Merchant.platform -> 3:PROVIDER:postgresql= -> 4:SQL:select=] mutationLineage=[]
SQL: -- TeaQL PLAIN
SELECT id, create_time AS createTime, last_update_time AS lastUpdateTime, name, version FROM platform_data WHERE (version > 0) AND (id = 1) LIMIT 1 OFFSET 0
[TeaQL SQL][query][489us] 1 rows returned outcome=success batchOutcome=not_applicable comment=matched merchant read with relation purpose=matched benchmark read auditReason= tracePath=[0:OPERATION:Merchant=query -> 1:REQUEST:Merchant= -> 2:PROVIDER:postgresql= -> 3:SQL:select=] mutationLineage=[]
SQL: -- TeaQL PLAIN
SELECT id, name, code, external_id AS externalId, task_life_hours AS taskLifeHours, version, platform FROM merchant_data WHERE (version > 0) AND (external_id = 'matched-merchant') LIMIT 1000 OFFSET 0
[TeaQL SQL][query][322us] 1 rows returned outcome=success batchOutcome=not_applicable comment=matched merchant read with relation purpose=matched benchmark read auditReason= tracePath=[0:OPERATION:Merchant=query -> 1:REQUEST:Merchant= -> 2:RELATION:platform=Merchant.platform -> 3:PROVIDER:postgresql= -> 4:SQL:select=] mutationLineage=[]
SQL: -- TeaQL PLAIN
SELECT id, create_time AS createTime, last_update_time AS lastUpdateTime, name, version FROM platform_data WHERE (version > 0) AND (id = 1) LIMIT 1 OFFSET 0
[TeaQL SQL][query][487us] 1 rows returned outcome=success batchOutcome=not_applicable comment=matched merchant read with relation purpose=matched benchmark read auditReason= tracePath=[0:OPERATION:Merchant=query -> 1:REQUEST:Merchant= -> 2:PROVIDER:postgresql= -> 3:SQL:select=] mutationLineage=[]
SQL: -- TeaQL PLAIN
SELECT id, name, code, external_id AS externalId, task_life_hours AS taskLifeHours, version, platform FROM merchant_data WHERE (version > 0) AND (external_id = 'matched-merchant') LIMIT 1000 OFFSET 0
[TeaQL SQL][query][487us] 1 rows returned outcome=success batchOutcome=not_applicable comment=matched merchant read with relation purpose=matched benchmark read auditReason= tracePath=[0:OPERATION:Merchant=query -> 1:REQUEST:Merchant= -> 2:PROVIDER:postgresql= -> 3:SQL:select=] mutationLineage=[]
SQL: -- TeaQL PLAIN
SELECT id, name, code, external_id AS externalId, task_life_hours AS taskLifeHours, version, platform FROM merchant_data WHERE (version > 0) AND (external_id = 'matched-merchant') LIMIT 1000 OFFSET 0
[TeaQL SQL][query][353us] 1 rows returned outcome=success batchOutcome=not_applicable comment=matched merchant read with relation purpose=matched benchmark read auditReason= tracePath=[0:OPERATION:Merchant=query -> 1:REQUEST:Merchant= -> 2:RELATION:platform=Merchant.platform -> 3:PROVIDER:postgresql= -> 4:SQL:select=] mutationLineage=[]
SQL: -- TeaQL PLAIN
SELECT id, create_time AS createTime, last_update_time AS lastUpdateTime, name, version FROM platform_data WHERE (version > 0) AND (id = 1) LIMIT 1 OFFSET 0
[TeaQL SQL][query][353us] 1 rows returned outcome=success batchOutcome=not_applicable comment=matched merchant read with relation purpose=matched benchmark read auditReason= tracePath=[0:OPERATION:Merchant=query -> 1:REQUEST:Merchant= -> 2:RELATION:platform=Merchant.platform -> 3:PROVIDER:postgresql= -> 4:SQL:select=] mutationLineage=[]
SQL: -- TeaQL PLAIN
SELECT id, create_time AS createTime, last_update_time AS lastUpdateTime, name, version FROM platform_data WHERE (version > 0) AND (id = 1) LIMIT 1 OFFSET 0
[TeaQL SQL][query][306us] 1 rows returned outcome=success batchOutcome=not_applicable comment=matched merchant read with relation purpose=matched benchmark read auditReason= tracePath=[0:OPERATION:Merchant=query -> 1:REQUEST:Merchant= -> 2:PROVIDER:postgresql= -> 3:SQL:select=] mutationLineage=[]
SQL: -- TeaQL PLAIN
SELECT id, name, code, external_id AS externalId, task_life_hours AS taskLifeHours, version, platform FROM merchant_data WHERE (version > 0) AND (external_id = 'matched-merchant') LIMIT 1000 OFFSET 0
[TeaQL SQL][query][319us] 1 rows returned outcome=success batchOutcome=not_applicable comment=matched merchant read with relation purpose=matched benchmark read auditReason= tracePath=[0:OPERATION:Merchant=query -> 1:REQUEST:Merchant= -> 2:RELATION:platform=Merchant.platform -> 3:PROVIDER:postgresql= -> 4:SQL:select=] mutationLineage=[]
SQL: -- TeaQL PLAIN
SELECT id, create_time AS createTime, last_update_time AS lastUpdateTime, name, version FROM platform_data WHERE (version > 0) AND (id = 1) LIMIT 1 OFFSET 0
[TeaQL SQL][query][286us] 1 rows returned outcome=success batchOutcome=not_applicable comment=matched merchant read with relation purpose=matched benchmark read auditReason= tracePath=[0:OPERATION:Merchant=query -> 1:REQUEST:Merchant= -> 2:PROVIDER:postgresql= -> 3:SQL:select=] mutationLineage=[]
SQL: -- TeaQL PLAIN
SELECT id, name, code, external_id AS externalId, task_life_hours AS taskLifeHours, version, platform FROM merchant_data WHERE (version > 0) AND (external_id = 'matched-merchant') LIMIT 1000 OFFSET 0
[TeaQL SQL][query][261us] 1 rows returned outcome=success batchOutcome=not_applicable comment=matched merchant read with relation purpose=matched benchmark read auditReason= tracePath=[0:OPERATION:Merchant=query -> 1:REQUEST:Merchant= -> 2:RELATION:platform=Merchant.platform -> 3:PROVIDER:postgresql= -> 4:SQL:select=] mutationLineage=[]
SQL: -- TeaQL PLAIN
SELECT id, create_time AS createTime, last_update_time AS lastUpdateTime, name, version FROM platform_data WHERE (version > 0) AND (id = 1) LIMIT 1 OFFSET 0
[TeaQL SQL][query][425us] 1 rows returned outcome=success batchOutcome=not_applicable comment=matched merchant read with relation purpose=matched benchmark read auditReason= tracePath=[0:OPERATION:Merchant=query -> 1:REQUEST:Merchant= -> 2:PROVIDER:postgresql= -> 3:SQL:select=] mutationLineage=[]
SQL: -- TeaQL PLAIN
SELECT id, name, code, external_id AS externalId, task_life_hours AS taskLifeHours, version, platform FROM merchant_data WHERE (version > 0) AND (external_id = 'matched-merchant') LIMIT 1000 OFFSET 0
[TeaQL SQL][query][370us] 1 rows returned outcome=success batchOutcome=not_applicable comment=matched merchant read with relation purpose=matched benchmark read auditReason= tracePath=[0:OPERATION:Merchant=query -> 1:REQUEST:Merchant= -> 2:RELATION:platform=Merchant.platform -> 3:PROVIDER:postgresql= -> 4:SQL:select=] mutationLineage=[]
SQL: -- TeaQL PLAIN
SELECT id, create_time AS createTime, last_update_time AS lastUpdateTime, name, version FROM platform_data WHERE (version > 0) AND (id = 1) LIMIT 1 OFFSET 0
[TeaQL SQL][query][465us] 1 rows returned outcome=success batchOutcome=not_applicable comment=matched merchant read with relation purpose=matched benchmark read auditReason= tracePath=[0:OPERATION:Merchant=query -> 1:REQUEST:Merchant= -> 2:PROVIDER:postgresql= -> 3:SQL:select=] mutationLineage=[]
SQL: -- TeaQL PLAIN
SELECT id, name, code, external_id AS externalId, task_life_hours AS taskLifeHours, version, platform FROM merchant_data WHERE (version > 0) AND (external_id = 'matched-merchant') LIMIT 1000 OFFSET 0
[TeaQL SQL][query][320us] 1 rows returned outcome=success batchOutcome=not_applicable comment=matched merchant read with relation purpose=matched benchmark read auditReason= tracePath=[0:OPERATION:Merchant=query -> 1:REQUEST:Merchant= -> 2:RELATION:platform=Merchant.platform -> 3:PROVIDER:postgresql= -> 4:SQL:select=] mutationLineage=[]
SQL: -- TeaQL PLAIN
SELECT id, create_time AS createTime, last_update_time AS lastUpdateTime, name, version FROM platform_data WHERE (version > 0) AND (id = 1) LIMIT 1 OFFSET 0
[TeaQL SQL][query][447us] 1 rows returned outcome=success batchOutcome=not_applicable comment=matched merchant read with relation purpose=matched benchmark read auditReason= tracePath=[0:OPERATION:Merchant=query -> 1:REQUEST:Merchant= -> 2:PROVIDER:postgresql= -> 3:SQL:select=] mutationLineage=[]
SQL: -- TeaQL PLAIN
SELECT id, name, code, external_id AS externalId, task_life_hours AS taskLifeHours, version, platform FROM merchant_data WHERE (version > 0) AND (external_id = 'matched-merchant') LIMIT 1000 OFFSET 0
[TeaQL SQL][query][295us] 1 rows returned outcome=success batchOutcome=not_applicable comment=matched merchant read with relation purpose=matched benchmark read auditReason= tracePath=[0:OPERATION:Merchant=query -> 1:REQUEST:Merchant= -> 2:RELATION:platform=Merchant.platform -> 3:PROVIDER:postgresql= -> 4:SQL:select=] mutationLineage=[]
SQL: -- TeaQL PLAIN
SELECT id, create_time AS createTime, last_update_time AS lastUpdateTime, name, version FROM platform_data WHERE (version > 0) AND (id = 1) LIMIT 1 OFFSET 0
[TeaQL SQL][query][2934us] 1 rows returned outcome=success batchOutcome=not_applicable comment=matched merchant read with relation purpose=matched benchmark read auditReason= tracePath=[0:OPERATION:Merchant=query -> 1:REQUEST:Merchant= -> 2:PROVIDER:postgresql= -> 3:SQL:select=] mutationLineage=[]
SQL: -- TeaQL PLAIN
SELECT id, name, code, external_id AS externalId, task_life_hours AS taskLifeHours, version, platform FROM merchant_data WHERE (version > 0) AND (external_id = 'matched-merchant') LIMIT 1000 OFFSET 0
[TeaQL SQL][query][366us] 1 rows returned outcome=success batchOutcome=not_applicable comment=matched merchant read with relation purpose=matched benchmark read auditReason= tracePath=[0:OPERATION:Merchant=query -> 1:REQUEST:Merchant= -> 2:RELATION:platform=Merchant.platform -> 3:PROVIDER:postgresql= -> 4:SQL:select=] mutationLineage=[]
SQL: -- TeaQL PLAIN
SELECT id, create_time AS createTime, last_update_time AS lastUpdateTime, name, version FROM platform_data WHERE (version > 0) AND (id = 1) LIMIT 1 OFFSET 0
[TeaQL SQL][query][514us] 1 rows returned outcome=success batchOutcome=not_applicable comment=matched merchant read with relation purpose=matched benchmark read auditReason= tracePath=[0:OPERATION:Merchant=query -> 1:REQUEST:Merchant= -> 2:PROVIDER:postgresql= -> 3:SQL:select=] mutationLineage=[]
SQL: -- TeaQL PLAIN
SELECT id, name, code, external_id AS externalId, task_life_hours AS taskLifeHours, version, platform FROM merchant_data WHERE (version > 0) AND (external_id = 'matched-merchant') LIMIT 1000 OFFSET 0
[TeaQL SQL][query][321us] 1 rows returned outcome=success batchOutcome=not_applicable comment=matched merchant read with relation purpose=matched benchmark read auditReason= tracePath=[0:OPERATION:Merchant=query -> 1:REQUEST:Merchant= -> 2:RELATION:platform=Merchant.platform -> 3:PROVIDER:postgresql= -> 4:SQL:select=] mutationLineage=[]
SQL: -- TeaQL PLAIN
SELECT id, create_time AS createTime, last_update_time AS lastUpdateTime, name, version FROM platform_data WHERE (version > 0) AND (id = 1) LIMIT 1 OFFSET 0
[TeaQL SQL][query][280us] 1 rows returned outcome=success batchOutcome=not_applicable comment=matched merchant read with relation purpose=matched benchmark read auditReason= tracePath=[0:OPERATION:Merchant=query -> 1:REQUEST:Merchant= -> 2:PROVIDER:postgresql= -> 3:SQL:select=] mutationLineage=[]
SQL: -- TeaQL PLAIN
SELECT id, name, code, external_id AS externalId, task_life_hours AS taskLifeHours, version, platform FROM merchant_data WHERE (version > 0) AND (external_id = 'matched-merchant') LIMIT 1000 OFFSET 0
[TeaQL SQL][query][326us] 1 rows returned outcome=success batchOutcome=not_applicable comment=matched merchant read with relation purpose=matched benchmark read auditReason= tracePath=[0:OPERATION:Merchant=query -> 1:REQUEST:Merchant= -> 2:RELATION:platform=Merchant.platform -> 3:PROVIDER:postgresql= -> 4:SQL:select=] mutationLineage=[]
SQL: -- TeaQL PLAIN
SELECT id, create_time AS createTime, last_update_time AS lastUpdateTime, name, version FROM platform_data WHERE (version > 0) AND (id = 1) LIMIT 1 OFFSET 0
[TeaQL SQL][query][375us] 1 rows returned outcome=success batchOutcome=not_applicable comment=matched merchant read with relation purpose=matched benchmark read auditReason= tracePath=[0:OPERATION:Merchant=query -> 1:REQUEST:Merchant= -> 2:PROVIDER:postgresql= -> 3:SQL:select=] mutationLineage=[]
SQL: -- TeaQL PLAIN
SELECT id, name, code, external_id AS externalId, task_life_hours AS taskLifeHours, version, platform FROM merchant_data WHERE (version > 0) AND (external_id = 'matched-merchant') LIMIT 1000 OFFSET 0
[TeaQL SQL][query][445us] 1 rows returned outcome=success batchOutcome=not_applicable comment=matched merchant read with relation purpose=matched benchmark read auditReason= tracePath=[0:OPERATION:Merchant=query -> 1:REQUEST:Merchant= -> 2:RELATION:platform=Merchant.platform -> 3:PROVIDER:postgresql= -> 4:SQL:select=] mutationLineage=[]
SQL: -- TeaQL PLAIN
SELECT id, create_time AS createTime, last_update_time AS lastUpdateTime, name, version FROM platform_data WHERE (version > 0) AND (id = 1) LIMIT 1 OFFSET 0
[TeaQL SQL][query][435us] 1 rows returned outcome=success batchOutcome=not_applicable comment=matched merchant read with relation purpose=matched benchmark read auditReason= tracePath=[0:OPERATION:Merchant=query -> 1:REQUEST:Merchant= -> 2:PROVIDER:postgresql= -> 3:SQL:select=] mutationLineage=[]
SQL: -- TeaQL PLAIN
SELECT id, name, code, external_id AS externalId, task_life_hours AS taskLifeHours, version, platform FROM merchant_data WHERE (version > 0) AND (external_id = 'matched-merchant') LIMIT 1000 OFFSET 0
[TeaQL SQL][query][349us] 1 rows returned outcome=success batchOutcome=not_applicable comment=matched merchant read with relation purpose=matched benchmark read auditReason= tracePath=[0:OPERATION:Merchant=query -> 1:REQUEST:Merchant= -> 2:RELATION:platform=Merchant.platform -> 3:PROVIDER:postgresql= -> 4:SQL:select=] mutationLineage=[]
SQL: -- TeaQL PLAIN
SELECT id, create_time AS createTime, last_update_time AS lastUpdateTime, name, version FROM platform_data WHERE (version > 0) AND (id = 1) LIMIT 1 OFFSET 0
[TeaQL SQL][query][373us] 1 rows returned outcome=success batchOutcome=not_applicable comment=matched merchant read with relation purpose=matched benchmark read auditReason= tracePath=[0:OPERATION:Merchant=query -> 1:REQUEST:Merchant= -> 2:PROVIDER:postgresql= -> 3:SQL:select=] mutationLineage=[]
SQL: -- TeaQL PLAIN
SELECT id, name, code, external_id AS externalId, task_life_hours AS taskLifeHours, version, platform FROM merchant_data WHERE (version > 0) AND (external_id = 'matched-merchant') LIMIT 1000 OFFSET 0
[TeaQL SQL][query][338us] 1 rows returned outcome=success batchOutcome=not_applicable comment=matched merchant read with relation purpose=matched benchmark read auditReason= tracePath=[0:OPERATION:Merchant=query -> 1:REQUEST:Merchant= -> 2:RELATION:platform=Merchant.platform -> 3:PROVIDER:postgresql= -> 4:SQL:select=] mutationLineage=[]
SQL: -- TeaQL PLAIN
SELECT id, create_time AS createTime, last_update_time AS lastUpdateTime, name, version FROM platform_data WHERE (version > 0) AND (id = 1) LIMIT 1 OFFSET 0
[TeaQL SQL][query][297us] 1 rows returned outcome=success batchOutcome=not_applicable comment=matched merchant read with relation purpose=matched benchmark read auditReason= tracePath=[0:OPERATION:Merchant=query -> 1:REQUEST:Merchant= -> 2:PROVIDER:postgresql= -> 3:SQL:select=] mutationLineage=[]
SQL: -- TeaQL PLAIN
SELECT id, name, code, external_id AS externalId, task_life_hours AS taskLifeHours, version, platform FROM merchant_data WHERE (version > 0) AND (external_id = 'matched-merchant') LIMIT 1000 OFFSET 0
[TeaQL SQL][query][302us] 1 rows returned outcome=success batchOutcome=not_applicable comment=matched merchant read with relation purpose=matched benchmark read auditReason= tracePath=[0:OPERATION:Merchant=query -> 1:REQUEST:Merchant= -> 2:RELATION:platform=Merchant.platform -> 3:PROVIDER:postgresql= -> 4:SQL:select=] mutationLineage=[]
SQL: -- TeaQL PLAIN
SELECT id, create_time AS createTime, last_update_time AS lastUpdateTime, name, version FROM platform_data WHERE (version > 0) AND (id = 1) LIMIT 1 OFFSET 0
[TeaQL SQL][query][353us] 1 rows returned outcome=success batchOutcome=not_applicable comment=matched merchant read with relation purpose=matched benchmark read auditReason= tracePath=[0:OPERATION:Merchant=query -> 1:REQUEST:Merchant= -> 2:PROVIDER:postgresql= -> 3:SQL:select=] mutationLineage=[]
SQL: -- TeaQL PLAIN
SELECT id, name, code, external_id AS externalId, task_life_hours AS taskLifeHours, version, platform FROM merchant_data WHERE (version > 0) AND (external_id = 'matched-merchant') LIMIT 1000 OFFSET 0
[TeaQL SQL][query][343us] 1 rows returned outcome=success batchOutcome=not_applicable comment=matched merchant read with relation purpose=matched benchmark read auditReason= tracePath=[0:OPERATION:Merchant=query -> 1:REQUEST:Merchant= -> 2:RELATION:platform=Merchant.platform -> 3:PROVIDER:postgresql= -> 4:SQL:select=] mutationLineage=[]
SQL: -- TeaQL PLAIN
SELECT id, create_time AS createTime, last_update_time AS lastUpdateTime, name, version FROM platform_data WHERE (version > 0) AND (id = 1) LIMIT 1 OFFSET 0
[TeaQL SQL][query][392us] 1 rows returned outcome=success batchOutcome=not_applicable comment=matched merchant read with relation purpose=matched benchmark read auditReason= tracePath=[0:OPERATION:Merchant=query -> 1:REQUEST:Merchant= -> 2:PROVIDER:postgresql= -> 3:SQL:select=] mutationLineage=[]
SQL: -- TeaQL PLAIN
SELECT id, name, code, external_id AS externalId, task_life_hours AS taskLifeHours, version, platform FROM merchant_data WHERE (version > 0) AND (external_id = 'matched-merchant') LIMIT 1000 OFFSET 0
[TeaQL SQL][query][354us] 1 rows returned outcome=success batchOutcome=not_applicable comment=matched merchant read with relation purpose=matched benchmark read auditReason= tracePath=[0:OPERATION:Merchant=query -> 1:REQUEST:Merchant= -> 2:RELATION:platform=Merchant.platform -> 3:PROVIDER:postgresql= -> 4:SQL:select=] mutationLineage=[]
SQL: -- TeaQL PLAIN
SELECT id, create_time AS createTime, last_update_time AS lastUpdateTime, name, version FROM platform_data WHERE (version > 0) AND (id = 1) LIMIT 1 OFFSET 0
[TeaQL SQL][query][333us] 1 rows returned outcome=success batchOutcome=not_applicable comment=matched merchant read with relation purpose=matched benchmark read auditReason= tracePath=[0:OPERATION:Merchant=query -> 1:REQUEST:Merchant= -> 2:PROVIDER:postgresql= -> 3:SQL:select=] mutationLineage=[]
SQL: -- TeaQL PLAIN
SELECT id, name, code, external_id AS externalId, task_life_hours AS taskLifeHours, version, platform FROM merchant_data WHERE (version > 0) AND (external_id = 'matched-merchant') LIMIT 1000 OFFSET 0
[TeaQL SQL][query][379us] 1 rows returned outcome=success batchOutcome=not_applicable comment=matched merchant read with relation purpose=matched benchmark read auditReason= tracePath=[0:OPERATION:Merchant=query -> 1:REQUEST:Merchant= -> 2:RELATION:platform=Merchant.platform -> 3:PROVIDER:postgresql= -> 4:SQL:select=] mutationLineage=[]
SQL: -- TeaQL PLAIN
SELECT id, create_time AS createTime, last_update_time AS lastUpdateTime, name, version FROM platform_data WHERE (version > 0) AND (id = 1) LIMIT 1 OFFSET 0
[TeaQL SQL][query][462us] 1 rows returned outcome=success batchOutcome=not_applicable comment=matched merchant read with relation purpose=matched benchmark read auditReason= tracePath=[0:OPERATION:Merchant=query -> 1:REQUEST:Merchant= -> 2:PROVIDER:postgresql= -> 3:SQL:select=] mutationLineage=[]
SQL: -- TeaQL PLAIN
SELECT id, name, code, external_id AS externalId, task_life_hours AS taskLifeHours, version, platform FROM merchant_data WHERE (version > 0) AND (external_id = 'matched-merchant') LIMIT 1000 OFFSET 0
[TeaQL SQL][query][375us] 1 rows returned outcome=success batchOutcome=not_applicable comment=matched merchant read with relation purpose=matched benchmark read auditReason= tracePath=[0:OPERATION:Merchant=query -> 1:REQUEST:Merchant= -> 2:RELATION:platform=Merchant.platform -> 3:PROVIDER:postgresql= -> 4:SQL:select=] mutationLineage=[]
SQL: -- TeaQL PLAIN
SELECT id, create_time AS createTime, last_update_time AS lastUpdateTime, name, version FROM platform_data WHERE (version > 0) AND (id = 1) LIMIT 1 OFFSET 0
[TeaQL SQL][query][503us] 1 rows returned outcome=success batchOutcome=not_applicable comment=matched merchant read with relation purpose=matched benchmark read auditReason= tracePath=[0:OPERATION:Merchant=query -> 1:REQUEST:Merchant= -> 2:PROVIDER:postgresql= -> 3:SQL:select=] mutationLineage=[]
SQL: -- TeaQL PLAIN
SELECT id, name, code, external_id AS externalId, task_life_hours AS taskLifeHours, version, platform FROM merchant_data WHERE (version > 0) AND (external_id = 'matched-merchant') LIMIT 1000 OFFSET 0
[TeaQL SQL][query][373us] 1 rows returned outcome=success batchOutcome=not_applicable comment=matched merchant read with relation purpose=matched benchmark read auditReason= tracePath=[0:OPERATION:Merchant=query -> 1:REQUEST:Merchant= -> 2:RELATION:platform=Merchant.platform -> 3:PROVIDER:postgresql= -> 4:SQL:select=] mutationLineage=[]
SQL: -- TeaQL PLAIN
SELECT id, create_time AS createTime, last_update_time AS lastUpdateTime, name, version FROM platform_data WHERE (version > 0) AND (id = 1) LIMIT 1 OFFSET 0
[TeaQL SQL][query][281us] 1 rows returned outcome=success batchOutcome=not_applicable comment=matched merchant read with relation purpose=matched benchmark read auditReason= tracePath=[0:OPERATION:Merchant=query -> 1:REQUEST:Merchant= -> 2:PROVIDER:postgresql= -> 3:SQL:select=] mutationLineage=[]
SQL: -- TeaQL PLAIN
SELECT id, name, code, external_id AS externalId, task_life_hours AS taskLifeHours, version, platform FROM merchant_data WHERE (version > 0) AND (external_id = 'matched-merchant') LIMIT 1000 OFFSET 0
[TeaQL SQL][query][258us] 1 rows returned outcome=success batchOutcome=not_applicable comment=matched merchant read with relation purpose=matched benchmark read auditReason= tracePath=[0:OPERATION:Merchant=query -> 1:REQUEST:Merchant= -> 2:RELATION:platform=Merchant.platform -> 3:PROVIDER:postgresql= -> 4:SQL:select=] mutationLineage=[]
SQL: -- TeaQL PLAIN
SELECT id, create_time AS createTime, last_update_time AS lastUpdateTime, name, version FROM platform_data WHERE (version > 0) AND (id = 1) LIMIT 1 OFFSET 0
[TeaQL SQL][query][297us] 1 rows returned outcome=success batchOutcome=not_applicable comment=matched merchant read with relation purpose=matched benchmark read auditReason= tracePath=[0:OPERATION:Merchant=query -> 1:REQUEST:Merchant= -> 2:PROVIDER:postgresql= -> 3:SQL:select=] mutationLineage=[]
SQL: -- TeaQL PLAIN
SELECT id, name, code, external_id AS externalId, task_life_hours AS taskLifeHours, version, platform FROM merchant_data WHERE (version > 0) AND (external_id = 'matched-merchant') LIMIT 1000 OFFSET 0
[TeaQL SQL][query][289us] 1 rows returned outcome=success batchOutcome=not_applicable comment=matched merchant read with relation purpose=matched benchmark read auditReason= tracePath=[0:OPERATION:Merchant=query -> 1:REQUEST:Merchant= -> 2:RELATION:platform=Merchant.platform -> 3:PROVIDER:postgresql= -> 4:SQL:select=] mutationLineage=[]
SQL: -- TeaQL PLAIN
SELECT id, create_time AS createTime, last_update_time AS lastUpdateTime, name, version FROM platform_data WHERE (version > 0) AND (id = 1) LIMIT 1 OFFSET 0
[TeaQL SQL][query][261us] 1 rows returned outcome=success batchOutcome=not_applicable comment=matched merchant read with relation purpose=matched benchmark read auditReason= tracePath=[0:OPERATION:Merchant=query -> 1:REQUEST:Merchant= -> 2:PROVIDER:postgresql= -> 3:SQL:select=] mutationLineage=[]
SQL: -- TeaQL PLAIN
SELECT id, name, code, external_id AS externalId, task_life_hours AS taskLifeHours, version, platform FROM merchant_data WHERE (version > 0) AND (external_id = 'matched-merchant') LIMIT 1000 OFFSET 0
[TeaQL SQL][query][220us] 1 rows returned outcome=success batchOutcome=not_applicable comment=matched merchant read with relation purpose=matched benchmark read auditReason= tracePath=[0:OPERATION:Merchant=query -> 1:REQUEST:Merchant= -> 2:RELATION:platform=Merchant.platform -> 3:PROVIDER:postgresql= -> 4:SQL:select=] mutationLineage=[]
SQL: -- TeaQL PLAIN
SELECT id, create_time AS createTime, last_update_time AS lastUpdateTime, name, version FROM platform_data WHERE (version > 0) AND (id = 1) LIMIT 1 OFFSET 0
[TeaQL SQL][query][440us] 1 rows returned outcome=success batchOutcome=not_applicable comment=matched merchant read with relation purpose=matched benchmark read auditReason= tracePath=[0:OPERATION:Merchant=query -> 1:REQUEST:Merchant= -> 2:PROVIDER:postgresql= -> 3:SQL:select=] mutationLineage=[]
SQL: -- TeaQL PLAIN
SELECT id, name, code, external_id AS externalId, task_life_hours AS taskLifeHours, version, platform FROM merchant_data WHERE (version > 0) AND (external_id = 'matched-merchant') LIMIT 1000 OFFSET 0
[TeaQL SQL][query][323us] 1 rows returned outcome=success batchOutcome=not_applicable comment=matched merchant read with relation purpose=matched benchmark read auditReason= tracePath=[0:OPERATION:Merchant=query -> 1:REQUEST:Merchant= -> 2:RELATION:platform=Merchant.platform -> 3:PROVIDER:postgresql= -> 4:SQL:select=] mutationLineage=[]
SQL: -- TeaQL PLAIN
SELECT id, create_time AS createTime, last_update_time AS lastUpdateTime, name, version FROM platform_data WHERE (version > 0) AND (id = 1) LIMIT 1 OFFSET 0
[TeaQL SQL][query][349us] 1 rows returned outcome=success batchOutcome=not_applicable comment=matched merchant read with relation purpose=matched benchmark read auditReason= tracePath=[0:OPERATION:Merchant=query -> 1:REQUEST:Merchant= -> 2:PROVIDER:postgresql= -> 3:SQL:select=] mutationLineage=[]
SQL: -- TeaQL PLAIN
SELECT id, name, code, external_id AS externalId, task_life_hours AS taskLifeHours, version, platform FROM merchant_data WHERE (version > 0) AND (external_id = 'matched-merchant') LIMIT 1000 OFFSET 0
[TeaQL SQL][query][383us] 1 rows returned outcome=success batchOutcome=not_applicable comment=matched merchant read with relation purpose=matched benchmark read auditReason= tracePath=[0:OPERATION:Merchant=query -> 1:REQUEST:Merchant= -> 2:PROVIDER:postgresql= -> 3:SQL:select=] mutationLineage=[]
SQL: -- TeaQL PLAIN
SELECT id, name, code, external_id AS externalId, task_life_hours AS taskLifeHours, version, platform FROM merchant_data WHERE (version > 0) AND (external_id = 'matched-merchant') LIMIT 1000 OFFSET 0
[TeaQL SQL][query][340us] 1 rows returned outcome=success batchOutcome=not_applicable comment=matched merchant read with relation purpose=matched benchmark read auditReason= tracePath=[0:OPERATION:Merchant=query -> 1:REQUEST:Merchant= -> 2:PROVIDER:postgresql= -> 3:SQL:select=] mutationLineage=[]
SQL: -- TeaQL PLAIN
SELECT id, name, code, external_id AS externalId, task_life_hours AS taskLifeHours, version, platform FROM merchant_data WHERE (version > 0) AND (external_id = 'matched-merchant') LIMIT 1000 OFFSET 0
[TeaQL SQL][query][327us] 1 rows returned outcome=success batchOutcome=not_applicable comment=matched merchant read with relation purpose=matched benchmark read auditReason= tracePath=[0:OPERATION:Merchant=query -> 1:REQUEST:Merchant= -> 2:RELATION:platform=Merchant.platform -> 3:PROVIDER:postgresql= -> 4:SQL:select=] mutationLineage=[]
SQL: -- TeaQL PLAIN
SELECT id, create_time AS createTime, last_update_time AS lastUpdateTime, name, version FROM platform_data WHERE (version > 0) AND (id = 1) LIMIT 1 OFFSET 0
[TeaQL SQL][query][314us] 1 rows returned outcome=success batchOutcome=not_applicable comment=matched merchant read with relation purpose=matched benchmark read auditReason= tracePath=[0:OPERATION:Merchant=query -> 1:REQUEST:Merchant= -> 2:RELATION:platform=Merchant.platform -> 3:PROVIDER:postgresql= -> 4:SQL:select=] mutationLineage=[]
SQL: -- TeaQL PLAIN
SELECT id, create_time AS createTime, last_update_time AS lastUpdateTime, name, version FROM platform_data WHERE (version > 0) AND (id = 1) LIMIT 1 OFFSET 0
[TeaQL SQL][query][269us] 1 rows returned outcome=success batchOutcome=not_applicable comment=matched merchant read with relation purpose=matched benchmark read auditReason= tracePath=[0:OPERATION:Merchant=query -> 1:REQUEST:Merchant= -> 2:RELATION:platform=Merchant.platform -> 3:PROVIDER:postgresql= -> 4:SQL:select=] mutationLineage=[]
SQL: -- TeaQL PLAIN
SELECT id, create_time AS createTime, last_update_time AS lastUpdateTime, name, version FROM platform_data WHERE (version > 0) AND (id = 1) LIMIT 1 OFFSET 0
[TeaQL SQL][query][357us] 1 rows returned outcome=success batchOutcome=not_applicable comment=matched merchant read with relation purpose=matched benchmark read auditReason= tracePath=[0:OPERATION:Merchant=query -> 1:REQUEST:Merchant= -> 2:PROVIDER:postgresql= -> 3:SQL:select=] mutationLineage=[]
SQL: -- TeaQL PLAIN
SELECT id, name, code, external_id AS externalId, task_life_hours AS taskLifeHours, version, platform FROM merchant_data WHERE (version > 0) AND (external_id = 'matched-merchant') LIMIT 1000 OFFSET 0
[TeaQL SQL][query][280us] 1 rows returned outcome=success batchOutcome=not_applicable comment=matched merchant read with relation purpose=matched benchmark read auditReason= tracePath=[0:OPERATION:Merchant=query -> 1:REQUEST:Merchant= -> 2:RELATION:platform=Merchant.platform -> 3:PROVIDER:postgresql= -> 4:SQL:select=] mutationLineage=[]
SQL: -- TeaQL PLAIN
SELECT id, create_time AS createTime, last_update_time AS lastUpdateTime, name, version FROM platform_data WHERE (version > 0) AND (id = 1) LIMIT 1 OFFSET 0
[TeaQL SQL][query][478us] 1 rows returned outcome=success batchOutcome=not_applicable comment=matched merchant read with relation purpose=matched benchmark read auditReason= tracePath=[0:OPERATION:Merchant=query -> 1:REQUEST:Merchant= -> 2:PROVIDER:postgresql= -> 3:SQL:select=] mutationLineage=[]
SQL: -- TeaQL PLAIN
SELECT id, name, code, external_id AS externalId, task_life_hours AS taskLifeHours, version, platform FROM merchant_data WHERE (version > 0) AND (external_id = 'matched-merchant') LIMIT 1000 OFFSET 0
[TeaQL SQL][query][478us] 1 rows returned outcome=success batchOutcome=not_applicable comment=matched merchant read with relation purpose=matched benchmark read auditReason= tracePath=[0:OPERATION:Merchant=query -> 1:REQUEST:Merchant= -> 2:PROVIDER:postgresql= -> 3:SQL:select=] mutationLineage=[]
SQL: -- TeaQL PLAIN
SELECT id, name, code, external_id AS externalId, task_life_hours AS taskLifeHours, version, platform FROM merchant_data WHERE (version > 0) AND (external_id = 'matched-merchant') LIMIT 1000 OFFSET 0
[TeaQL SQL][query][377us] 1 rows returned outcome=success batchOutcome=not_applicable comment=matched merchant read with relation purpose=matched benchmark read auditReason= tracePath=[0:OPERATION:Merchant=query -> 1:REQUEST:Merchant= -> 2:PROVIDER:postgresql= -> 3:SQL:select=] mutationLineage=[]
SQL: -- TeaQL PLAIN
SELECT id, name, code, external_id AS externalId, task_life_hours AS taskLifeHours, version, platform FROM merchant_data WHERE (version > 0) AND (external_id = 'matched-merchant') LIMIT 1000 OFFSET 0
[TeaQL SQL][query][359us] 1 rows returned outcome=success batchOutcome=not_applicable comment=matched merchant read with relation purpose=matched benchmark read auditReason= tracePath=[0:OPERATION:Merchant=query -> 1:REQUEST:Merchant= -> 2:RELATION:platform=Merchant.platform -> 3:PROVIDER:postgresql= -> 4:SQL:select=] mutationLineage=[]
SQL: -- TeaQL PLAIN
SELECT id, create_time AS createTime, last_update_time AS lastUpdateTime, name, version FROM platform_data WHERE (version > 0) AND (id = 1) LIMIT 1 OFFSET 0
[TeaQL SQL][query][359us] 1 rows returned outcome=success batchOutcome=not_applicable comment=matched merchant read with relation purpose=matched benchmark read auditReason= tracePath=[0:OPERATION:Merchant=query -> 1:REQUEST:Merchant= -> 2:RELATION:platform=Merchant.platform -> 3:PROVIDER:postgresql= -> 4:SQL:select=] mutationLineage=[]
SQL: -- TeaQL PLAIN
SELECT id, create_time AS createTime, last_update_time AS lastUpdateTime, name, version FROM platform_data WHERE (version > 0) AND (id = 1) LIMIT 1 OFFSET 0
[TeaQL SQL][query][312us] 1 rows returned outcome=success batchOutcome=not_applicable comment=matched merchant read with relation purpose=matched benchmark read auditReason= tracePath=[0:OPERATION:Merchant=query -> 1:REQUEST:Merchant= -> 2:RELATION:platform=Merchant.platform -> 3:PROVIDER:postgresql= -> 4:SQL:select=] mutationLineage=[]
SQL: -- TeaQL PLAIN
SELECT id, create_time AS createTime, last_update_time AS lastUpdateTime, name, version FROM platform_data WHERE (version > 0) AND (id = 1) LIMIT 1 OFFSET 0
[TeaQL SQL][query][468us] 1 rows returned outcome=success batchOutcome=not_applicable comment=matched merchant read with relation purpose=matched benchmark read auditReason= tracePath=[0:OPERATION:Merchant=query -> 1:REQUEST:Merchant= -> 2:PROVIDER:postgresql= -> 3:SQL:select=] mutationLineage=[]
SQL: -- TeaQL PLAIN
SELECT id, name, code, external_id AS externalId, task_life_hours AS taskLifeHours, version, platform FROM merchant_data WHERE (version > 0) AND (external_id = 'matched-merchant') LIMIT 1000 OFFSET 0
[TeaQL SQL][query][339us] 1 rows returned outcome=success batchOutcome=not_applicable comment=matched merchant read with relation purpose=matched benchmark read auditReason= tracePath=[0:OPERATION:Merchant=query -> 1:REQUEST:Merchant= -> 2:RELATION:platform=Merchant.platform -> 3:PROVIDER:postgresql= -> 4:SQL:select=] mutationLineage=[]
SQL: -- TeaQL PLAIN
SELECT id, create_time AS createTime, last_update_time AS lastUpdateTime, name, version FROM platform_data WHERE (version > 0) AND (id = 1) LIMIT 1 OFFSET 0
[TeaQL SQL][query][376us] 1 rows returned outcome=success batchOutcome=not_applicable comment=matched merchant read with relation purpose=matched benchmark read auditReason= tracePath=[0:OPERATION:Merchant=query -> 1:REQUEST:Merchant= -> 2:PROVIDER:postgresql= -> 3:SQL:select=] mutationLineage=[]
SQL: -- TeaQL PLAIN
SELECT id, name, code, external_id AS externalId, task_life_hours AS taskLifeHours, version, platform FROM merchant_data WHERE (version > 0) AND (external_id = 'matched-merchant') LIMIT 1000 OFFSET 0
[TeaQL SQL][query][308us] 1 rows returned outcome=success batchOutcome=not_applicable comment=matched merchant read with relation purpose=matched benchmark read auditReason= tracePath=[0:OPERATION:Merchant=query -> 1:REQUEST:Merchant= -> 2:RELATION:platform=Merchant.platform -> 3:PROVIDER:postgresql= -> 4:SQL:select=] mutationLineage=[]
SQL: -- TeaQL PLAIN
SELECT id, create_time AS createTime, last_update_time AS lastUpdateTime, name, version FROM platform_data WHERE (version > 0) AND (id = 1) LIMIT 1 OFFSET 0
[TeaQL SQL][query][393us] 1 rows returned outcome=success batchOutcome=not_applicable comment=matched merchant read with relation purpose=matched benchmark read auditReason= tracePath=[0:OPERATION:Merchant=query -> 1:REQUEST:Merchant= -> 2:PROVIDER:postgresql= -> 3:SQL:select=] mutationLineage=[]
SQL: -- TeaQL PLAIN
SELECT id, name, code, external_id AS externalId, task_life_hours AS taskLifeHours, version, platform FROM merchant_data WHERE (version > 0) AND (external_id = 'matched-merchant') LIMIT 1000 OFFSET 0
[TeaQL SQL][query][393us] 1 rows returned outcome=success batchOutcome=not_applicable comment=matched merchant read with relation purpose=matched benchmark read auditReason= tracePath=[0:OPERATION:Merchant=query -> 1:REQUEST:Merchant= -> 2:PROVIDER:postgresql= -> 3:SQL:select=] mutationLineage=[]
SQL: -- TeaQL PLAIN
SELECT id, name, code, external_id AS externalId, task_life_hours AS taskLifeHours, version, platform FROM merchant_data WHERE (version > 0) AND (external_id = 'matched-merchant') LIMIT 1000 OFFSET 0
[TeaQL SQL][query][292us] 1 rows returned outcome=success batchOutcome=not_applicable comment=matched merchant read with relation purpose=matched benchmark read auditReason= tracePath=[0:OPERATION:Merchant=query -> 1:REQUEST:Merchant= -> 2:PROVIDER:postgresql= -> 3:SQL:select=] mutationLineage=[]
SQL: -- TeaQL PLAIN
SELECT id, name, code, external_id AS externalId, task_life_hours AS taskLifeHours, version, platform FROM merchant_data WHERE (version > 0) AND (external_id = 'matched-merchant') LIMIT 1000 OFFSET 0
[TeaQL SQL][query][293us] 1 rows returned outcome=success batchOutcome=not_applicable comment=matched merchant read with relation purpose=matched benchmark read auditReason= tracePath=[0:OPERATION:Merchant=query -> 1:REQUEST:Merchant= -> 2:RELATION:platform=Merchant.platform -> 3:PROVIDER:postgresql= -> 4:SQL:select=] mutationLineage=[]
SQL: -- TeaQL PLAIN
SELECT id, create_time AS createTime, last_update_time AS lastUpdateTime, name, version FROM platform_data WHERE (version > 0) AND (id = 1) LIMIT 1 OFFSET 0
[TeaQL SQL][query][282us] 1 rows returned outcome=success batchOutcome=not_applicable comment=matched merchant read with relation purpose=matched benchmark read auditReason= tracePath=[0:OPERATION:Merchant=query -> 1:REQUEST:Merchant= -> 2:RELATION:platform=Merchant.platform -> 3:PROVIDER:postgresql= -> 4:SQL:select=] mutationLineage=[]
SQL: -- TeaQL PLAIN
SELECT id, create_time AS createTime, last_update_time AS lastUpdateTime, name, version FROM platform_data WHERE (version > 0) AND (id = 1) LIMIT 1 OFFSET 0
[TeaQL SQL][query][293us] 1 rows returned outcome=success batchOutcome=not_applicable comment=matched merchant read with relation purpose=matched benchmark read auditReason= tracePath=[0:OPERATION:Merchant=query -> 1:REQUEST:Merchant= -> 2:RELATION:platform=Merchant.platform -> 3:PROVIDER:postgresql= -> 4:SQL:select=] mutationLineage=[]
SQL: -- TeaQL PLAIN
SELECT id, create_time AS createTime, last_update_time AS lastUpdateTime, name, version FROM platform_data WHERE (version > 0) AND (id = 1) LIMIT 1 OFFSET 0
[TeaQL SQL][query][399us] 1 rows returned outcome=success batchOutcome=not_applicable comment=matched merchant read with relation purpose=matched benchmark read auditReason= tracePath=[0:OPERATION:Merchant=query -> 1:REQUEST:Merchant= -> 2:PROVIDER:postgresql= -> 3:SQL:select=] mutationLineage=[]
SQL: -- TeaQL PLAIN
SELECT id, name, code, external_id AS externalId, task_life_hours AS taskLifeHours, version, platform FROM merchant_data WHERE (version > 0) AND (external_id = 'matched-merchant') LIMIT 1000 OFFSET 0
[TeaQL SQL][query][298us] 1 rows returned outcome=success batchOutcome=not_applicable comment=matched merchant read with relation purpose=matched benchmark read auditReason= tracePath=[0:OPERATION:Merchant=query -> 1:REQUEST:Merchant= -> 2:RELATION:platform=Merchant.platform -> 3:PROVIDER:postgresql= -> 4:SQL:select=] mutationLineage=[]
SQL: -- TeaQL PLAIN
SELECT id, create_time AS createTime, last_update_time AS lastUpdateTime, name, version FROM platform_data WHERE (version > 0) AND (id = 1) LIMIT 1 OFFSET 0
[TeaQL SQL][query][273us] 1 rows returned outcome=success batchOutcome=not_applicable comment=matched merchant read with relation purpose=matched benchmark read auditReason= tracePath=[0:OPERATION:Merchant=query -> 1:REQUEST:Merchant= -> 2:PROVIDER:postgresql= -> 3:SQL:select=] mutationLineage=[]
SQL: -- TeaQL PLAIN
SELECT id, name, code, external_id AS externalId, task_life_hours AS taskLifeHours, version, platform FROM merchant_data WHERE (version > 0) AND (external_id = 'matched-merchant') LIMIT 1000 OFFSET 0
[TeaQL SQL][query][229us] 1 rows returned outcome=success batchOutcome=not_applicable comment=matched merchant read with relation purpose=matched benchmark read auditReason= tracePath=[0:OPERATION:Merchant=query -> 1:REQUEST:Merchant= -> 2:RELATION:platform=Merchant.platform -> 3:PROVIDER:postgresql= -> 4:SQL:select=] mutationLineage=[]
SQL: -- TeaQL PLAIN
SELECT id, create_time AS createTime, last_update_time AS lastUpdateTime, name, version FROM platform_data WHERE (version > 0) AND (id = 1) LIMIT 1 OFFSET 0
[TeaQL SQL][query][468us] 1 rows returned outcome=success batchOutcome=not_applicable comment=matched merchant read with relation purpose=matched benchmark read auditReason= tracePath=[0:OPERATION:Merchant=query -> 1:REQUEST:Merchant= -> 2:PROVIDER:postgresql= -> 3:SQL:select=] mutationLineage=[]
SQL: -- TeaQL PLAIN
SELECT id, name, code, external_id AS externalId, task_life_hours AS taskLifeHours, version, platform FROM merchant_data WHERE (version > 0) AND (external_id = 'matched-merchant') LIMIT 1000 OFFSET 0
[TeaQL SQL][query][453us] 1 rows returned outcome=success batchOutcome=not_applicable comment=matched merchant read with relation purpose=matched benchmark read auditReason= tracePath=[0:OPERATION:Merchant=query -> 1:REQUEST:Merchant= -> 2:PROVIDER:postgresql= -> 3:SQL:select=] mutationLineage=[]
SQL: -- TeaQL PLAIN
SELECT id, name, code, external_id AS externalId, task_life_hours AS taskLifeHours, version, platform FROM merchant_data WHERE (version > 0) AND (external_id = 'matched-merchant') LIMIT 1000 OFFSET 0
[TeaQL SQL][query][301us] 1 rows returned outcome=success batchOutcome=not_applicable comment=matched merchant read with relation purpose=matched benchmark read auditReason= tracePath=[0:OPERATION:Merchant=query -> 1:REQUEST:Merchant= -> 2:RELATION:platform=Merchant.platform -> 3:PROVIDER:postgresql= -> 4:SQL:select=] mutationLineage=[]
SQL: -- TeaQL PLAIN
SELECT id, create_time AS createTime, last_update_time AS lastUpdateTime, name, version FROM platform_data WHERE (version > 0) AND (id = 1) LIMIT 1 OFFSET 0
[TeaQL SQL][query][326us] 1 rows returned outcome=success batchOutcome=not_applicable comment=matched merchant read with relation purpose=matched benchmark read auditReason= tracePath=[0:OPERATION:Merchant=query -> 1:REQUEST:Merchant= -> 2:RELATION:platform=Merchant.platform -> 3:PROVIDER:postgresql= -> 4:SQL:select=] mutationLineage=[]
SQL: -- TeaQL PLAIN
SELECT id, create_time AS createTime, last_update_time AS lastUpdateTime, name, version FROM platform_data WHERE (version > 0) AND (id = 1) LIMIT 1 OFFSET 0
[TeaQL SQL][query][383us] 1 rows returned outcome=success batchOutcome=not_applicable comment=matched merchant read with relation purpose=matched benchmark read auditReason= tracePath=[0:OPERATION:Merchant=query -> 1:REQUEST:Merchant= -> 2:PROVIDER:postgresql= -> 3:SQL:select=] mutationLineage=[]
SQL: -- TeaQL PLAIN
SELECT id, name, code, external_id AS externalId, task_life_hours AS taskLifeHours, version, platform FROM merchant_data WHERE (version > 0) AND (external_id = 'matched-merchant') LIMIT 1000 OFFSET 0
[TeaQL SQL][query][1058us] 1 rows returned outcome=success batchOutcome=not_applicable comment=matched merchant read with relation purpose=matched benchmark read auditReason= tracePath=[0:OPERATION:Merchant=query -> 1:REQUEST:Merchant= -> 2:RELATION:platform=Merchant.platform -> 3:PROVIDER:postgresql= -> 4:SQL:select=] mutationLineage=[]
SQL: -- TeaQL PLAIN
SELECT id, create_time AS createTime, last_update_time AS lastUpdateTime, name, version FROM platform_data WHERE (version > 0) AND (id = 1) LIMIT 1 OFFSET 0
[TeaQL SQL][query][999us] 1 rows returned outcome=success batchOutcome=not_applicable comment=matched merchant read with relation purpose=matched benchmark read auditReason= tracePath=[0:OPERATION:Merchant=query -> 1:REQUEST:Merchant= -> 2:PROVIDER:postgresql= -> 3:SQL:select=] mutationLineage=[]
SQL: -- TeaQL PLAIN
SELECT id, name, code, external_id AS externalId, task_life_hours AS taskLifeHours, version, platform FROM merchant_data WHERE (version > 0) AND (external_id = 'matched-merchant') LIMIT 1000 OFFSET 0
[TeaQL SQL][query][269us] 1 rows returned outcome=success batchOutcome=not_applicable comment=matched merchant read with relation purpose=matched benchmark read auditReason= tracePath=[0:OPERATION:Merchant=query -> 1:REQUEST:Merchant= -> 2:RELATION:platform=Merchant.platform -> 3:PROVIDER:postgresql= -> 4:SQL:select=] mutationLineage=[]
SQL: -- TeaQL PLAIN
SELECT id, create_time AS createTime, last_update_time AS lastUpdateTime, name, version FROM platform_data WHERE (version > 0) AND (id = 1) LIMIT 1 OFFSET 0
[TeaQL SQL][query][295us] 1 rows returned outcome=success batchOutcome=not_applicable comment=matched merchant read with relation purpose=matched benchmark read auditReason= tracePath=[0:OPERATION:Merchant=query -> 1:REQUEST:Merchant= -> 2:PROVIDER:postgresql= -> 3:SQL:select=] mutationLineage=[]
SQL: -- TeaQL PLAIN
SELECT id, name, code, external_id AS externalId, task_life_hours AS taskLifeHours, version, platform FROM merchant_data WHERE (version > 0) AND (external_id = 'matched-merchant') LIMIT 1000 OFFSET 0
[TeaQL SQL][query][237us] 1 rows returned outcome=success batchOutcome=not_applicable comment=matched merchant read with relation purpose=matched benchmark read auditReason= tracePath=[0:OPERATION:Merchant=query -> 1:REQUEST:Merchant= -> 2:RELATION:platform=Merchant.platform -> 3:PROVIDER:postgresql= -> 4:SQL:select=] mutationLineage=[]
SQL: -- TeaQL PLAIN
SELECT id, create_time AS createTime, last_update_time AS lastUpdateTime, name, version FROM platform_data WHERE (version > 0) AND (id = 1) LIMIT 1 OFFSET 0
[TeaQL SQL][query][275us] 1 rows returned outcome=success batchOutcome=not_applicable comment=matched merchant read with relation purpose=matched benchmark read auditReason= tracePath=[0:OPERATION:Merchant=query -> 1:REQUEST:Merchant= -> 2:PROVIDER:postgresql= -> 3:SQL:select=] mutationLineage=[]
SQL: -- TeaQL PLAIN
SELECT id, name, code, external_id AS externalId, task_life_hours AS taskLifeHours, version, platform FROM merchant_data WHERE (version > 0) AND (external_id = 'matched-merchant') LIMIT 1000 OFFSET 0
[TeaQL SQL][query][216us] 1 rows returned outcome=success batchOutcome=not_applicable comment=matched merchant read with relation purpose=matched benchmark read auditReason= tracePath=[0:OPERATION:Merchant=query -> 1:REQUEST:Merchant= -> 2:RELATION:platform=Merchant.platform -> 3:PROVIDER:postgresql= -> 4:SQL:select=] mutationLineage=[]
SQL: -- TeaQL PLAIN
SELECT id, create_time AS createTime, last_update_time AS lastUpdateTime, name, version FROM platform_data WHERE (version > 0) AND (id = 1) LIMIT 1 OFFSET 0
[TeaQL SQL][query][414us] 1 rows returned outcome=success batchOutcome=not_applicable comment=matched merchant read with relation purpose=matched benchmark read auditReason= tracePath=[0:OPERATION:Merchant=query -> 1:REQUEST:Merchant= -> 2:PROVIDER:postgresql= -> 3:SQL:select=] mutationLineage=[]
SQL: -- TeaQL PLAIN
SELECT id, name, code, external_id AS externalId, task_life_hours AS taskLifeHours, version, platform FROM merchant_data WHERE (version > 0) AND (external_id = 'matched-merchant') LIMIT 1000 OFFSET 0
[TeaQL SQL][query][392us] 1 rows returned outcome=success batchOutcome=not_applicable comment=matched merchant read with relation purpose=matched benchmark read auditReason= tracePath=[0:OPERATION:Merchant=query -> 1:REQUEST:Merchant= -> 2:PROVIDER:postgresql= -> 3:SQL:select=] mutationLineage=[]
SQL: -- TeaQL PLAIN
SELECT id, name, code, external_id AS externalId, task_life_hours AS taskLifeHours, version, platform FROM merchant_data WHERE (version > 0) AND (external_id = 'matched-merchant') LIMIT 1000 OFFSET 0
[TeaQL SQL][query][375us] 1 rows returned outcome=success batchOutcome=not_applicable comment=matched merchant read with relation purpose=matched benchmark read auditReason= tracePath=[0:OPERATION:Merchant=query -> 1:REQUEST:Merchant= -> 2:PROVIDER:postgresql= -> 3:SQL:select=] mutationLineage=[]
SQL: -- TeaQL PLAIN
SELECT id, name, code, external_id AS externalId, task_life_hours AS taskLifeHours, version, platform FROM merchant_data WHERE (version > 0) AND (external_id = 'matched-merchant') LIMIT 1000 OFFSET 0
[TeaQL SQL][query][273us] 1 rows returned outcome=success batchOutcome=not_applicable comment=matched merchant read with relation purpose=matched benchmark read auditReason= tracePath=[0:OPERATION:Merchant=query -> 1:REQUEST:Merchant= -> 2:RELATION:platform=Merchant.platform -> 3:PROVIDER:postgresql= -> 4:SQL:select=] mutationLineage=[]
SQL: -- TeaQL PLAIN
SELECT id, create_time AS createTime, last_update_time AS lastUpdateTime, name, version FROM platform_data WHERE (version > 0) AND (id = 1) LIMIT 1 OFFSET 0
[TeaQL SQL][query][243us] 1 rows returned outcome=success batchOutcome=not_applicable comment=matched merchant read with relation purpose=matched benchmark read auditReason= tracePath=[0:OPERATION:Merchant=query -> 1:REQUEST:Merchant= -> 2:RELATION:platform=Merchant.platform -> 3:PROVIDER:postgresql= -> 4:SQL:select=] mutationLineage=[]
SQL: -- TeaQL PLAIN
SELECT id, create_time AS createTime, last_update_time AS lastUpdateTime, name, version FROM platform_data WHERE (version > 0) AND (id = 1) LIMIT 1 OFFSET 0
[TeaQL SQL][query][250us] 1 rows returned outcome=success batchOutcome=not_applicable comment=matched merchant read with relation purpose=matched benchmark read auditReason= tracePath=[0:OPERATION:Merchant=query -> 1:REQUEST:Merchant= -> 2:RELATION:platform=Merchant.platform -> 3:PROVIDER:postgresql= -> 4:SQL:select=] mutationLineage=[]
SQL: -- TeaQL PLAIN
SELECT id, create_time AS createTime, last_update_time AS lastUpdateTime, name, version FROM platform_data WHERE (version > 0) AND (id = 1) LIMIT 1 OFFSET 0
[TeaQL SQL][query][374us] 1 rows returned outcome=success batchOutcome=not_applicable comment=matched merchant read with relation purpose=matched benchmark read auditReason= tracePath=[0:OPERATION:Merchant=query -> 1:REQUEST:Merchant= -> 2:PROVIDER:postgresql= -> 3:SQL:select=] mutationLineage=[]
SQL: -- TeaQL PLAIN
SELECT id, name, code, external_id AS externalId, task_life_hours AS taskLifeHours, version, platform FROM merchant_data WHERE (version > 0) AND (external_id = 'matched-merchant') LIMIT 1000 OFFSET 0
[TeaQL SQL][query][246us] 1 rows returned outcome=success batchOutcome=not_applicable comment=matched merchant read with relation purpose=matched benchmark read auditReason= tracePath=[0:OPERATION:Merchant=query -> 1:REQUEST:Merchant= -> 2:RELATION:platform=Merchant.platform -> 3:PROVIDER:postgresql= -> 4:SQL:select=] mutationLineage=[]
SQL: -- TeaQL PLAIN
SELECT id, create_time AS createTime, last_update_time AS lastUpdateTime, name, version FROM platform_data WHERE (version > 0) AND (id = 1) LIMIT 1 OFFSET 0
[TeaQL SQL][query][347us] 1 rows returned outcome=success batchOutcome=not_applicable comment=matched merchant read with relation purpose=matched benchmark read auditReason= tracePath=[0:OPERATION:Merchant=query -> 1:REQUEST:Merchant= -> 2:PROVIDER:postgresql= -> 3:SQL:select=] mutationLineage=[]
SQL: -- TeaQL PLAIN
SELECT id, name, code, external_id AS externalId, task_life_hours AS taskLifeHours, version, platform FROM merchant_data WHERE (version > 0) AND (external_id = 'matched-merchant') LIMIT 1000 OFFSET 0
[TeaQL SQL][query][263us] 1 rows returned outcome=success batchOutcome=not_applicable comment=matched merchant read with relation purpose=matched benchmark read auditReason= tracePath=[0:OPERATION:Merchant=query -> 1:REQUEST:Merchant= -> 2:RELATION:platform=Merchant.platform -> 3:PROVIDER:postgresql= -> 4:SQL:select=] mutationLineage=[]
SQL: -- TeaQL PLAIN
SELECT id, create_time AS createTime, last_update_time AS lastUpdateTime, name, version FROM platform_data WHERE (version > 0) AND (id = 1) LIMIT 1 OFFSET 0
[TeaQL SQL][query][343us] 1 rows returned outcome=success batchOutcome=not_applicable comment=matched merchant read with relation purpose=matched benchmark read auditReason= tracePath=[0:OPERATION:Merchant=query -> 1:REQUEST:Merchant= -> 2:PROVIDER:postgresql= -> 3:SQL:select=] mutationLineage=[]
SQL: -- TeaQL PLAIN
SELECT id, name, code, external_id AS externalId, task_life_hours AS taskLifeHours, version, platform FROM merchant_data WHERE (version > 0) AND (external_id = 'matched-merchant') LIMIT 1000 OFFSET 0
[TeaQL SQL][query][263us] 1 rows returned outcome=success batchOutcome=not_applicable comment=matched merchant read with relation purpose=matched benchmark read auditReason= tracePath=[0:OPERATION:Merchant=query -> 1:REQUEST:Merchant= -> 2:RELATION:platform=Merchant.platform -> 3:PROVIDER:postgresql= -> 4:SQL:select=] mutationLineage=[]
SQL: -- TeaQL PLAIN
SELECT id, create_time AS createTime, last_update_time AS lastUpdateTime, name, version FROM platform_data WHERE (version > 0) AND (id = 1) LIMIT 1 OFFSET 0
[TeaQL SQL][query][329us] 1 rows returned outcome=success batchOutcome=not_applicable comment=matched merchant read with relation purpose=matched benchmark read auditReason= tracePath=[0:OPERATION:Merchant=query -> 1:REQUEST:Merchant= -> 2:PROVIDER:postgresql= -> 3:SQL:select=] mutationLineage=[]
SQL: -- TeaQL PLAIN
SELECT id, name, code, external_id AS externalId, task_life_hours AS taskLifeHours, version, platform FROM merchant_data WHERE (version > 0) AND (external_id = 'matched-merchant') LIMIT 1000 OFFSET 0
[TeaQL SQL][query][329us] 1 rows returned outcome=success batchOutcome=not_applicable comment=matched merchant read with relation purpose=matched benchmark read auditReason= tracePath=[0:OPERATION:Merchant=query -> 1:REQUEST:Merchant= -> 2:PROVIDER:postgresql= -> 3:SQL:select=] mutationLineage=[]
SQL: -- TeaQL PLAIN
SELECT id, name, code, external_id AS externalId, task_life_hours AS taskLifeHours, version, platform FROM merchant_data WHERE (version > 0) AND (external_id = 'matched-merchant') LIMIT 1000 OFFSET 0
[TeaQL SQL][query][266us] 1 rows returned outcome=success batchOutcome=not_applicable comment=matched merchant read with relation purpose=matched benchmark read auditReason= tracePath=[0:OPERATION:Merchant=query -> 1:REQUEST:Merchant= -> 2:RELATION:platform=Merchant.platform -> 3:PROVIDER:postgresql= -> 4:SQL:select=] mutationLineage=[]
SQL: -- TeaQL PLAIN
SELECT id, create_time AS createTime, last_update_time AS lastUpdateTime, name, version FROM platform_data WHERE (version > 0) AND (id = 1) LIMIT 1 OFFSET 0
[TeaQL SQL][query][288us] 1 rows returned outcome=success batchOutcome=not_applicable comment=matched merchant read with relation purpose=matched benchmark read auditReason= tracePath=[0:OPERATION:Merchant=query -> 1:REQUEST:Merchant= -> 2:RELATION:platform=Merchant.platform -> 3:PROVIDER:postgresql= -> 4:SQL:select=] mutationLineage=[]
SQL: -- TeaQL PLAIN
SELECT id, create_time AS createTime, last_update_time AS lastUpdateTime, name, version FROM platform_data WHERE (version > 0) AND (id = 1) LIMIT 1 OFFSET 0
[TeaQL SQL][query][251us] 1 rows returned outcome=success batchOutcome=not_applicable comment=matched merchant read with relation purpose=matched benchmark read auditReason= tracePath=[0:OPERATION:Merchant=query -> 1:REQUEST:Merchant= -> 2:PROVIDER:postgresql= -> 3:SQL:select=] mutationLineage=[]
SQL: -- TeaQL PLAIN
SELECT id, name, code, external_id AS externalId, task_life_hours AS taskLifeHours, version, platform FROM merchant_data WHERE (version > 0) AND (external_id = 'matched-merchant') LIMIT 1000 OFFSET 0
[TeaQL SQL][query][208us] 1 rows returned outcome=success batchOutcome=not_applicable comment=matched merchant read with relation purpose=matched benchmark read auditReason= tracePath=[0:OPERATION:Merchant=query -> 1:REQUEST:Merchant= -> 2:RELATION:platform=Merchant.platform -> 3:PROVIDER:postgresql= -> 4:SQL:select=] mutationLineage=[]
SQL: -- TeaQL PLAIN
SELECT id, create_time AS createTime, last_update_time AS lastUpdateTime, name, version FROM platform_data WHERE (version > 0) AND (id = 1) LIMIT 1 OFFSET 0
[TeaQL SQL][query][370us] 1 rows returned outcome=success batchOutcome=not_applicable comment=matched merchant read with relation purpose=matched benchmark read auditReason= tracePath=[0:OPERATION:Merchant=query -> 1:REQUEST:Merchant= -> 2:PROVIDER:postgresql= -> 3:SQL:select=] mutationLineage=[]
SQL: -- TeaQL PLAIN
SELECT id, name, code, external_id AS externalId, task_life_hours AS taskLifeHours, version, platform FROM merchant_data WHERE (version > 0) AND (external_id = 'matched-merchant') LIMIT 1000 OFFSET 0
[TeaQL SQL][query][313us] 1 rows returned outcome=success batchOutcome=not_applicable comment=matched merchant read with relation purpose=matched benchmark read auditReason= tracePath=[0:OPERATION:Merchant=query -> 1:REQUEST:Merchant= -> 2:RELATION:platform=Merchant.platform -> 3:PROVIDER:postgresql= -> 4:SQL:select=] mutationLineage=[]
SQL: -- TeaQL PLAIN
SELECT id, create_time AS createTime, last_update_time AS lastUpdateTime, name, version FROM platform_data WHERE (version > 0) AND (id = 1) LIMIT 1 OFFSET 0
[TeaQL SQL][query][379us] 1 rows returned outcome=success batchOutcome=not_applicable comment=matched merchant read with relation purpose=matched benchmark read auditReason= tracePath=[0:OPERATION:Merchant=query -> 1:REQUEST:Merchant= -> 2:PROVIDER:postgresql= -> 3:SQL:select=] mutationLineage=[]
SQL: -- TeaQL PLAIN
SELECT id, name, code, external_id AS externalId, task_life_hours AS taskLifeHours, version, platform FROM merchant_data WHERE (version > 0) AND (external_id = 'matched-merchant') LIMIT 1000 OFFSET 0
[TeaQL SQL][query][274us] 1 rows returned outcome=success batchOutcome=not_applicable comment=matched merchant read with relation purpose=matched benchmark read auditReason= tracePath=[0:OPERATION:Merchant=query -> 1:REQUEST:Merchant= -> 2:RELATION:platform=Merchant.platform -> 3:PROVIDER:postgresql= -> 4:SQL:select=] mutationLineage=[]
SQL: -- TeaQL PLAIN
SELECT id, create_time AS createTime, last_update_time AS lastUpdateTime, name, version FROM platform_data WHERE (version > 0) AND (id = 1) LIMIT 1 OFFSET 0
[TeaQL SQL][query][269us] 1 rows returned outcome=success batchOutcome=not_applicable comment=matched merchant read with relation purpose=matched benchmark read auditReason= tracePath=[0:OPERATION:Merchant=query -> 1:REQUEST:Merchant= -> 2:PROVIDER:postgresql= -> 3:SQL:select=] mutationLineage=[]
SQL: -- TeaQL PLAIN
SELECT id, name, code, external_id AS externalId, task_life_hours AS taskLifeHours, version, platform FROM merchant_data WHERE (version > 0) AND (external_id = 'matched-merchant') LIMIT 1000 OFFSET 0
[TeaQL SQL][query][220us] 1 rows returned outcome=success batchOutcome=not_applicable comment=matched merchant read with relation purpose=matched benchmark read auditReason= tracePath=[0:OPERATION:Merchant=query -> 1:REQUEST:Merchant= -> 2:RELATION:platform=Merchant.platform -> 3:PROVIDER:postgresql= -> 4:SQL:select=] mutationLineage=[]
SQL: -- TeaQL PLAIN
SELECT id, create_time AS createTime, last_update_time AS lastUpdateTime, name, version FROM platform_data WHERE (version > 0) AND (id = 1) LIMIT 1 OFFSET 0
[TeaQL SQL][query][306us] 1 rows returned outcome=success batchOutcome=not_applicable comment=matched merchant read with relation purpose=matched benchmark read auditReason= tracePath=[0:OPERATION:Merchant=query -> 1:REQUEST:Merchant= -> 2:PROVIDER:postgresql= -> 3:SQL:select=] mutationLineage=[]
SQL: -- TeaQL PLAIN
SELECT id, name, code, external_id AS externalId, task_life_hours AS taskLifeHours, version, platform FROM merchant_data WHERE (version > 0) AND (external_id = 'matched-merchant') LIMIT 1000 OFFSET 0
[TeaQL SQL][query][320us] 1 rows returned outcome=success batchOutcome=not_applicable comment=matched merchant read with relation purpose=matched benchmark read auditReason= tracePath=[0:OPERATION:Merchant=query -> 1:REQUEST:Merchant= -> 2:RELATION:platform=Merchant.platform -> 3:PROVIDER:postgresql= -> 4:SQL:select=] mutationLineage=[]
SQL: -- TeaQL PLAIN
SELECT id, create_time AS createTime, last_update_time AS lastUpdateTime, name, version FROM platform_data WHERE (version > 0) AND (id = 1) LIMIT 1 OFFSET 0
[TeaQL SQL][query][313us] 1 rows returned outcome=success batchOutcome=not_applicable comment=matched merchant read with relation purpose=matched benchmark read auditReason= tracePath=[0:OPERATION:Merchant=query -> 1:REQUEST:Merchant= -> 2:PROVIDER:postgresql= -> 3:SQL:select=] mutationLineage=[]
SQL: -- TeaQL PLAIN
SELECT id, name, code, external_id AS externalId, task_life_hours AS taskLifeHours, version, platform FROM merchant_data WHERE (version > 0) AND (external_id = 'matched-merchant') LIMIT 1000 OFFSET 0
[TeaQL SQL][query][285us] 1 rows returned outcome=success batchOutcome=not_applicable comment=matched merchant read with relation purpose=matched benchmark read auditReason= tracePath=[0:OPERATION:Merchant=query -> 1:REQUEST:Merchant= -> 2:RELATION:platform=Merchant.platform -> 3:PROVIDER:postgresql= -> 4:SQL:select=] mutationLineage=[]
SQL: -- TeaQL PLAIN
SELECT id, create_time AS createTime, last_update_time AS lastUpdateTime, name, version FROM platform_data WHERE (version > 0) AND (id = 1) LIMIT 1 OFFSET 0
[TeaQL SQL][query][344us] 1 rows returned outcome=success batchOutcome=not_applicable comment=matched merchant read with relation purpose=matched benchmark read auditReason= tracePath=[0:OPERATION:Merchant=query -> 1:REQUEST:Merchant= -> 2:PROVIDER:postgresql= -> 3:SQL:select=] mutationLineage=[]
SQL: -- TeaQL PLAIN
SELECT id, name, code, external_id AS externalId, task_life_hours AS taskLifeHours, version, platform FROM merchant_data WHERE (version > 0) AND (external_id = 'matched-merchant') LIMIT 1000 OFFSET 0
[TeaQL SQL][query][293us] 1 rows returned outcome=success batchOutcome=not_applicable comment=matched merchant read with relation purpose=matched benchmark read auditReason= tracePath=[0:OPERATION:Merchant=query -> 1:REQUEST:Merchant= -> 2:RELATION:platform=Merchant.platform -> 3:PROVIDER:postgresql= -> 4:SQL:select=] mutationLineage=[]
SQL: -- TeaQL PLAIN
SELECT id, create_time AS createTime, last_update_time AS lastUpdateTime, name, version FROM platform_data WHERE (version > 0) AND (id = 1) LIMIT 1 OFFSET 0
[TeaQL SQL][query][441us] 1 rows returned outcome=success batchOutcome=not_applicable comment=matched merchant read with relation purpose=matched benchmark read auditReason= tracePath=[0:OPERATION:Merchant=query -> 1:REQUEST:Merchant= -> 2:PROVIDER:postgresql= -> 3:SQL:select=] mutationLineage=[]
SQL: -- TeaQL PLAIN
SELECT id, name, code, external_id AS externalId, task_life_hours AS taskLifeHours, version, platform FROM merchant_data WHERE (version > 0) AND (external_id = 'matched-merchant') LIMIT 1000 OFFSET 0
[TeaQL SQL][query][280us] 1 rows returned outcome=success batchOutcome=not_applicable comment=matched merchant read with relation purpose=matched benchmark read auditReason= tracePath=[0:OPERATION:Merchant=query -> 1:REQUEST:Merchant= -> 2:PROVIDER:postgresql= -> 3:SQL:select=] mutationLineage=[]
SQL: -- TeaQL PLAIN
SELECT id, name, code, external_id AS externalId, task_life_hours AS taskLifeHours, version, platform FROM merchant_data WHERE (version > 0) AND (external_id = 'matched-merchant') LIMIT 1000 OFFSET 0
[TeaQL SQL][query][289us] 1 rows returned outcome=success batchOutcome=not_applicable comment=matched merchant read with relation purpose=matched benchmark read auditReason= tracePath=[0:OPERATION:Merchant=query -> 1:REQUEST:Merchant= -> 2:RELATION:platform=Merchant.platform -> 3:PROVIDER:postgresql= -> 4:SQL:select=] mutationLineage=[]
SQL: -- TeaQL PLAIN
SELECT id, create_time AS createTime, last_update_time AS lastUpdateTime, name, version FROM platform_data WHERE (version > 0) AND (id = 1) LIMIT 1 OFFSET 0
[TeaQL SQL][query][261us] 1 rows returned outcome=success batchOutcome=not_applicable comment=matched merchant read with relation purpose=matched benchmark read auditReason= tracePath=[0:OPERATION:Merchant=query -> 1:REQUEST:Merchant= -> 2:RELATION:platform=Merchant.platform -> 3:PROVIDER:postgresql= -> 4:SQL:select=] mutationLineage=[]
SQL: -- TeaQL PLAIN
SELECT id, create_time AS createTime, last_update_time AS lastUpdateTime, name, version FROM platform_data WHERE (version > 0) AND (id = 1) LIMIT 1 OFFSET 0
[TeaQL SQL][query][377us] 1 rows returned outcome=success batchOutcome=not_applicable comment=matched merchant read with relation purpose=matched benchmark read auditReason= tracePath=[0:OPERATION:Merchant=query -> 1:REQUEST:Merchant= -> 2:PROVIDER:postgresql= -> 3:SQL:select=] mutationLineage=[]
SQL: -- TeaQL PLAIN
SELECT id, name, code, external_id AS externalId, task_life_hours AS taskLifeHours, version, platform FROM merchant_data WHERE (version > 0) AND (external_id = 'matched-merchant') LIMIT 1000 OFFSET 0
[TeaQL SQL][query][326us] 1 rows returned outcome=success batchOutcome=not_applicable comment=matched merchant read with relation purpose=matched benchmark read auditReason= tracePath=[0:OPERATION:Merchant=query -> 1:REQUEST:Merchant= -> 2:RELATION:platform=Merchant.platform -> 3:PROVIDER:postgresql= -> 4:SQL:select=] mutationLineage=[]
SQL: -- TeaQL PLAIN
SELECT id, create_time AS createTime, last_update_time AS lastUpdateTime, name, version FROM platform_data WHERE (version > 0) AND (id = 1) LIMIT 1 OFFSET 0
[TeaQL SQL][query][306us] 1 rows returned outcome=success batchOutcome=not_applicable comment=matched merchant read with relation purpose=matched benchmark read auditReason= tracePath=[0:OPERATION:Merchant=query -> 1:REQUEST:Merchant= -> 2:PROVIDER:postgresql= -> 3:SQL:select=] mutationLineage=[]
SQL: -- TeaQL PLAIN
SELECT id, name, code, external_id AS externalId, task_life_hours AS taskLifeHours, version, platform FROM merchant_data WHERE (version > 0) AND (external_id = 'matched-merchant') LIMIT 1000 OFFSET 0
[TeaQL SQL][query][287us] 1 rows returned outcome=success batchOutcome=not_applicable comment=matched merchant read with relation purpose=matched benchmark read auditReason= tracePath=[0:OPERATION:Merchant=query -> 1:REQUEST:Merchant= -> 2:RELATION:platform=Merchant.platform -> 3:PROVIDER:postgresql= -> 4:SQL:select=] mutationLineage=[]
SQL: -- TeaQL PLAIN
SELECT id, create_time AS createTime, last_update_time AS lastUpdateTime, name, version FROM platform_data WHERE (version > 0) AND (id = 1) LIMIT 1 OFFSET 0
[TeaQL SQL][query][327us] 1 rows returned outcome=success batchOutcome=not_applicable comment=matched merchant read with relation purpose=matched benchmark read auditReason= tracePath=[0:OPERATION:Merchant=query -> 1:REQUEST:Merchant= -> 2:PROVIDER:postgresql= -> 3:SQL:select=] mutationLineage=[]
SQL: -- TeaQL PLAIN
SELECT id, name, code, external_id AS externalId, task_life_hours AS taskLifeHours, version, platform FROM merchant_data WHERE (version > 0) AND (external_id = 'matched-merchant') LIMIT 1000 OFFSET 0
[TeaQL SQL][query][256us] 1 rows returned outcome=success batchOutcome=not_applicable comment=matched merchant read with relation purpose=matched benchmark read auditReason= tracePath=[0:OPERATION:Merchant=query -> 1:REQUEST:Merchant= -> 2:PROVIDER:postgresql= -> 3:SQL:select=] mutationLineage=[]
SQL: -- TeaQL PLAIN
SELECT id, name, code, external_id AS externalId, task_life_hours AS taskLifeHours, version, platform FROM merchant_data WHERE (version > 0) AND (external_id = 'matched-merchant') LIMIT 1000 OFFSET 0
[TeaQL SQL][query][255us] 1 rows returned outcome=success batchOutcome=not_applicable comment=matched merchant read with relation purpose=matched benchmark read auditReason= tracePath=[0:OPERATION:Merchant=query -> 1:REQUEST:Merchant= -> 2:RELATION:platform=Merchant.platform -> 3:PROVIDER:postgresql= -> 4:SQL:select=] mutationLineage=[]
SQL: -- TeaQL PLAIN
SELECT id, create_time AS createTime, last_update_time AS lastUpdateTime, name, version FROM platform_data WHERE (version > 0) AND (id = 1) LIMIT 1 OFFSET 0
[TeaQL SQL][query][205us] 1 rows returned outcome=success batchOutcome=not_applicable comment=matched merchant read with relation purpose=matched benchmark read auditReason= tracePath=[0:OPERATION:Merchant=query -> 1:REQUEST:Merchant= -> 2:RELATION:platform=Merchant.platform -> 3:PROVIDER:postgresql= -> 4:SQL:select=] mutationLineage=[]
SQL: -- TeaQL PLAIN
SELECT id, create_time AS createTime, last_update_time AS lastUpdateTime, name, version FROM platform_data WHERE (version > 0) AND (id = 1) LIMIT 1 OFFSET 0
[TeaQL SQL][query][295us] 1 rows returned outcome=success batchOutcome=not_applicable comment=matched merchant read with relation purpose=matched benchmark read auditReason= tracePath=[0:OPERATION:Merchant=query -> 1:REQUEST:Merchant= -> 2:PROVIDER:postgresql= -> 3:SQL:select=] mutationLineage=[]
SQL: -- TeaQL PLAIN
SELECT id, name, code, external_id AS externalId, task_life_hours AS taskLifeHours, version, platform FROM merchant_data WHERE (version > 0) AND (external_id = 'matched-merchant') LIMIT 1000 OFFSET 0
[TeaQL SQL][query][307us] 1 rows returned outcome=success batchOutcome=not_applicable comment=matched merchant read with relation purpose=matched benchmark read auditReason= tracePath=[0:OPERATION:Merchant=query -> 1:REQUEST:Merchant= -> 2:RELATION:platform=Merchant.platform -> 3:PROVIDER:postgresql= -> 4:SQL:select=] mutationLineage=[]
SQL: -- TeaQL PLAIN
SELECT id, create_time AS createTime, last_update_time AS lastUpdateTime, name, version FROM platform_data WHERE (version > 0) AND (id = 1) LIMIT 1 OFFSET 0
[TeaQL SQL][query][356us] 1 rows returned outcome=success batchOutcome=not_applicable comment=matched merchant read with relation purpose=matched benchmark read auditReason= tracePath=[0:OPERATION:Merchant=query -> 1:REQUEST:Merchant= -> 2:PROVIDER:postgresql= -> 3:SQL:select=] mutationLineage=[]
SQL: -- TeaQL PLAIN
SELECT id, name, code, external_id AS externalId, task_life_hours AS taskLifeHours, version, platform FROM merchant_data WHERE (version > 0) AND (external_id = 'matched-merchant') LIMIT 1000 OFFSET 0
[TeaQL SQL][query][282us] 1 rows returned outcome=success batchOutcome=not_applicable comment=matched merchant read with relation purpose=matched benchmark read auditReason= tracePath=[0:OPERATION:Merchant=query -> 1:REQUEST:Merchant= -> 2:RELATION:platform=Merchant.platform -> 3:PROVIDER:postgresql= -> 4:SQL:select=] mutationLineage=[]
SQL: -- TeaQL PLAIN
SELECT id, create_time AS createTime, last_update_time AS lastUpdateTime, name, version FROM platform_data WHERE (version > 0) AND (id = 1) LIMIT 1 OFFSET 0
[TeaQL SQL][query][375us] 1 rows returned outcome=success batchOutcome=not_applicable comment=matched merchant read with relation purpose=matched benchmark read auditReason= tracePath=[0:OPERATION:Merchant=query -> 1:REQUEST:Merchant= -> 2:PROVIDER:postgresql= -> 3:SQL:select=] mutationLineage=[]
SQL: -- TeaQL PLAIN
SELECT id, name, code, external_id AS externalId, task_life_hours AS taskLifeHours, version, platform FROM merchant_data WHERE (version > 0) AND (external_id = 'matched-merchant') LIMIT 1000 OFFSET 0
[TeaQL SQL][query][260us] 1 rows returned outcome=success batchOutcome=not_applicable comment=matched merchant read with relation purpose=matched benchmark read auditReason= tracePath=[0:OPERATION:Merchant=query -> 1:REQUEST:Merchant= -> 2:RELATION:platform=Merchant.platform -> 3:PROVIDER:postgresql= -> 4:SQL:select=] mutationLineage=[]
SQL: -- TeaQL PLAIN
SELECT id, create_time AS createTime, last_update_time AS lastUpdateTime, name, version FROM platform_data WHERE (version > 0) AND (id = 1) LIMIT 1 OFFSET 0
[TeaQL SQL][query][262us] 1 rows returned outcome=success batchOutcome=not_applicable comment=matched merchant read with relation purpose=matched benchmark read auditReason= tracePath=[0:OPERATION:Merchant=query -> 1:REQUEST:Merchant= -> 2:PROVIDER:postgresql= -> 3:SQL:select=] mutationLineage=[]
SQL: -- TeaQL PLAIN
SELECT id, name, code, external_id AS externalId, task_life_hours AS taskLifeHours, version, platform FROM merchant_data WHERE (version > 0) AND (external_id = 'matched-merchant') LIMIT 1000 OFFSET 0
[TeaQL SQL][query][221us] 1 rows returned outcome=success batchOutcome=not_applicable comment=matched merchant read with relation purpose=matched benchmark read auditReason= tracePath=[0:OPERATION:Merchant=query -> 1:REQUEST:Merchant= -> 2:RELATION:platform=Merchant.platform -> 3:PROVIDER:postgresql= -> 4:SQL:select=] mutationLineage=[]
SQL: -- TeaQL PLAIN
SELECT id, create_time AS createTime, last_update_time AS lastUpdateTime, name, version FROM platform_data WHERE (version > 0) AND (id = 1) LIMIT 1 OFFSET 0
[TeaQL SQL][query][252us] 1 rows returned outcome=success batchOutcome=not_applicable comment=matched merchant read with relation purpose=matched benchmark read auditReason= tracePath=[0:OPERATION:Merchant=query -> 1:REQUEST:Merchant= -> 2:PROVIDER:postgresql= -> 3:SQL:select=] mutationLineage=[]
SQL: -- TeaQL PLAIN
SELECT id, name, code, external_id AS externalId, task_life_hours AS taskLifeHours, version, platform FROM merchant_data WHERE (version > 0) AND (external_id = 'matched-merchant') LIMIT 1000 OFFSET 0
[TeaQL SQL][query][200us] 1 rows returned outcome=success batchOutcome=not_applicable comment=matched merchant read with relation purpose=matched benchmark read auditReason= tracePath=[0:OPERATION:Merchant=query -> 1:REQUEST:Merchant= -> 2:RELATION:platform=Merchant.platform -> 3:PROVIDER:postgresql= -> 4:SQL:select=] mutationLineage=[]
SQL: -- TeaQL PLAIN
SELECT id, create_time AS createTime, last_update_time AS lastUpdateTime, name, version FROM platform_data WHERE (version > 0) AND (id = 1) LIMIT 1 OFFSET 0
[TeaQL SQL][query][272us] 1 rows returned outcome=success batchOutcome=not_applicable comment=matched merchant read with relation purpose=matched benchmark read auditReason= tracePath=[0:OPERATION:Merchant=query -> 1:REQUEST:Merchant= -> 2:PROVIDER:postgresql= -> 3:SQL:select=] mutationLineage=[]
SQL: -- TeaQL PLAIN
SELECT id, name, code, external_id AS externalId, task_life_hours AS taskLifeHours, version, platform FROM merchant_data WHERE (version > 0) AND (external_id = 'matched-merchant') LIMIT 1000 OFFSET 0
[TeaQL SQL][query][215us] 1 rows returned outcome=success batchOutcome=not_applicable comment=matched merchant read with relation purpose=matched benchmark read auditReason= tracePath=[0:OPERATION:Merchant=query -> 1:REQUEST:Merchant= -> 2:RELATION:platform=Merchant.platform -> 3:PROVIDER:postgresql= -> 4:SQL:select=] mutationLineage=[]
SQL: -- TeaQL PLAIN
SELECT id, create_time AS createTime, last_update_time AS lastUpdateTime, name, version FROM platform_data WHERE (version > 0) AND (id = 1) LIMIT 1 OFFSET 0
[TeaQL SQL][query][367us] 1 rows returned outcome=success batchOutcome=not_applicable comment=matched merchant read with relation purpose=matched benchmark read auditReason= tracePath=[0:OPERATION:Merchant=query -> 1:REQUEST:Merchant= -> 2:PROVIDER:postgresql= -> 3:SQL:select=] mutationLineage=[]
SQL: -- TeaQL PLAIN
SELECT id, name, code, external_id AS externalId, task_life_hours AS taskLifeHours, version, platform FROM merchant_data WHERE (version > 0) AND (external_id = 'matched-merchant') LIMIT 1000 OFFSET 0
[TeaQL SQL][query][264us] 1 rows returned outcome=success batchOutcome=not_applicable comment=matched merchant read with relation purpose=matched benchmark read auditReason= tracePath=[0:OPERATION:Merchant=query -> 1:REQUEST:Merchant= -> 2:RELATION:platform=Merchant.platform -> 3:PROVIDER:postgresql= -> 4:SQL:select=] mutationLineage=[]
SQL: -- TeaQL PLAIN
SELECT id, create_time AS createTime, last_update_time AS lastUpdateTime, name, version FROM platform_data WHERE (version > 0) AND (id = 1) LIMIT 1 OFFSET 0
[TeaQL SQL][query][319us] 1 rows returned outcome=success batchOutcome=not_applicable comment=matched merchant read with relation purpose=matched benchmark read auditReason= tracePath=[0:OPERATION:Merchant=query -> 1:REQUEST:Merchant= -> 2:PROVIDER:postgresql= -> 3:SQL:select=] mutationLineage=[]
SQL: -- TeaQL PLAIN
SELECT id, name, code, external_id AS externalId, task_life_hours AS taskLifeHours, version, platform FROM merchant_data WHERE (version > 0) AND (external_id = 'matched-merchant') LIMIT 1000 OFFSET 0
[TeaQL SQL][query][293us] 1 rows returned outcome=success batchOutcome=not_applicable comment=matched merchant read with relation purpose=matched benchmark read auditReason= tracePath=[0:OPERATION:Merchant=query -> 1:REQUEST:Merchant= -> 2:RELATION:platform=Merchant.platform -> 3:PROVIDER:postgresql= -> 4:SQL:select=] mutationLineage=[]
SQL: -- TeaQL PLAIN
SELECT id, create_time AS createTime, last_update_time AS lastUpdateTime, name, version FROM platform_data WHERE (version > 0) AND (id = 1) LIMIT 1 OFFSET 0
[TeaQL SQL][query][299us] 1 rows returned outcome=success batchOutcome=not_applicable comment=matched merchant read with relation purpose=matched benchmark read auditReason= tracePath=[0:OPERATION:Merchant=query -> 1:REQUEST:Merchant= -> 2:PROVIDER:postgresql= -> 3:SQL:select=] mutationLineage=[]
SQL: -- TeaQL PLAIN
SELECT id, name, code, external_id AS externalId, task_life_hours AS taskLifeHours, version, platform FROM merchant_data WHERE (version > 0) AND (external_id = 'matched-merchant') LIMIT 1000 OFFSET 0
[TeaQL SQL][query][263us] 1 rows returned outcome=success batchOutcome=not_applicable comment=matched merchant read with relation purpose=matched benchmark read auditReason= tracePath=[0:OPERATION:Merchant=query -> 1:REQUEST:Merchant= -> 2:RELATION:platform=Merchant.platform -> 3:PROVIDER:postgresql= -> 4:SQL:select=] mutationLineage=[]
SQL: -- TeaQL PLAIN
SELECT id, create_time AS createTime, last_update_time AS lastUpdateTime, name, version FROM platform_data WHERE (version > 0) AND (id = 1) LIMIT 1 OFFSET 0
[TeaQL SQL][query][288us] 1 rows returned outcome=success batchOutcome=not_applicable comment=matched merchant read with relation purpose=matched benchmark read auditReason= tracePath=[0:OPERATION:Merchant=query -> 1:REQUEST:Merchant= -> 2:PROVIDER:postgresql= -> 3:SQL:select=] mutationLineage=[]
SQL: -- TeaQL PLAIN
SELECT id, name, code, external_id AS externalId, task_life_hours AS taskLifeHours, version, platform FROM merchant_data WHERE (version > 0) AND (external_id = 'matched-merchant') LIMIT 1000 OFFSET 0
[TeaQL SQL][query][256us] 1 rows returned outcome=success batchOutcome=not_applicable comment=matched merchant read with relation purpose=matched benchmark read auditReason= tracePath=[0:OPERATION:Merchant=query -> 1:REQUEST:Merchant= -> 2:RELATION:platform=Merchant.platform -> 3:PROVIDER:postgresql= -> 4:SQL:select=] mutationLineage=[]
SQL: -- TeaQL PLAIN
SELECT id, create_time AS createTime, last_update_time AS lastUpdateTime, name, version FROM platform_data WHERE (version > 0) AND (id = 1) LIMIT 1 OFFSET 0
[TeaQL SQL][query][317us] 1 rows returned outcome=success batchOutcome=not_applicable comment=matched merchant read with relation purpose=matched benchmark read auditReason= tracePath=[0:OPERATION:Merchant=query -> 1:REQUEST:Merchant= -> 2:PROVIDER:postgresql= -> 3:SQL:select=] mutationLineage=[]
SQL: -- TeaQL PLAIN
SELECT id, name, code, external_id AS externalId, task_life_hours AS taskLifeHours, version, platform FROM merchant_data WHERE (version > 0) AND (external_id = 'matched-merchant') LIMIT 1000 OFFSET 0
[TeaQL SQL][query][239us] 1 rows returned outcome=success batchOutcome=not_applicable comment=matched merchant read with relation purpose=matched benchmark read auditReason= tracePath=[0:OPERATION:Merchant=query -> 1:REQUEST:Merchant= -> 2:PROVIDER:postgresql= -> 3:SQL:select=] mutationLineage=[]
SQL: -- TeaQL PLAIN
SELECT id, name, code, external_id AS externalId, task_life_hours AS taskLifeHours, version, platform FROM merchant_data WHERE (version > 0) AND (external_id = 'matched-merchant') LIMIT 1000 OFFSET 0
[TeaQL SQL][query][238us] 1 rows returned outcome=success batchOutcome=not_applicable comment=matched merchant read with relation purpose=matched benchmark read auditReason= tracePath=[0:OPERATION:Merchant=query -> 1:REQUEST:Merchant= -> 2:RELATION:platform=Merchant.platform -> 3:PROVIDER:postgresql= -> 4:SQL:select=] mutationLineage=[]
SQL: -- TeaQL PLAIN
SELECT id, create_time AS createTime, last_update_time AS lastUpdateTime, name, version FROM platform_data WHERE (version > 0) AND (id = 1) LIMIT 1 OFFSET 0
[TeaQL SQL][query][232us] 1 rows returned outcome=success batchOutcome=not_applicable comment=matched merchant read with relation purpose=matched benchmark read auditReason= tracePath=[0:OPERATION:Merchant=query -> 1:REQUEST:Merchant= -> 2:RELATION:platform=Merchant.platform -> 3:PROVIDER:postgresql= -> 4:SQL:select=] mutationLineage=[]
SQL: -- TeaQL PLAIN
SELECT id, create_time AS createTime, last_update_time AS lastUpdateTime, name, version FROM platform_data WHERE (version > 0) AND (id = 1) LIMIT 1 OFFSET 0
[TeaQL SQL][query][394us] 1 rows returned outcome=success batchOutcome=not_applicable comment=matched merchant read with relation purpose=matched benchmark read auditReason= tracePath=[0:OPERATION:Merchant=query -> 1:REQUEST:Merchant= -> 2:PROVIDER:postgresql= -> 3:SQL:select=] mutationLineage=[]
SQL: -- TeaQL PLAIN
SELECT id, name, code, external_id AS externalId, task_life_hours AS taskLifeHours, version, platform FROM merchant_data WHERE (version > 0) AND (external_id = 'matched-merchant') LIMIT 1000 OFFSET 0
[TeaQL SQL][query][277us] 1 rows returned outcome=success batchOutcome=not_applicable comment=matched merchant read with relation purpose=matched benchmark read auditReason= tracePath=[0:OPERATION:Merchant=query -> 1:REQUEST:Merchant= -> 2:RELATION:platform=Merchant.platform -> 3:PROVIDER:postgresql= -> 4:SQL:select=] mutationLineage=[]
SQL: -- TeaQL PLAIN
SELECT id, create_time AS createTime, last_update_time AS lastUpdateTime, name, version FROM platform_data WHERE (version > 0) AND (id = 1) LIMIT 1 OFFSET 0
[TeaQL SQL][query][273us] 1 rows returned outcome=success batchOutcome=not_applicable comment=matched merchant read with relation purpose=matched benchmark read auditReason= tracePath=[0:OPERATION:Merchant=query -> 1:REQUEST:Merchant= -> 2:PROVIDER:postgresql= -> 3:SQL:select=] mutationLineage=[]
SQL: -- TeaQL PLAIN
SELECT id, name, code, external_id AS externalId, task_life_hours AS taskLifeHours, version, platform FROM merchant_data WHERE (version > 0) AND (external_id = 'matched-merchant') LIMIT 1000 OFFSET 0
[TeaQL SQL][query][327us] 1 rows returned outcome=success batchOutcome=not_applicable comment=matched merchant read with relation purpose=matched benchmark read auditReason= tracePath=[0:OPERATION:Merchant=query -> 1:REQUEST:Merchant= -> 2:RELATION:platform=Merchant.platform -> 3:PROVIDER:postgresql= -> 4:SQL:select=] mutationLineage=[]
SQL: -- TeaQL PLAIN
SELECT id, create_time AS createTime, last_update_time AS lastUpdateTime, name, version FROM platform_data WHERE (version > 0) AND (id = 1) LIMIT 1 OFFSET 0
[TeaQL SQL][query][367us] 1 rows returned outcome=success batchOutcome=not_applicable comment=matched merchant read with relation purpose=matched benchmark read auditReason= tracePath=[0:OPERATION:Merchant=query -> 1:REQUEST:Merchant= -> 2:PROVIDER:postgresql= -> 3:SQL:select=] mutationLineage=[]
SQL: -- TeaQL PLAIN
SELECT id, name, code, external_id AS externalId, task_life_hours AS taskLifeHours, version, platform FROM merchant_data WHERE (version > 0) AND (external_id = 'matched-merchant') LIMIT 1000 OFFSET 0
[TeaQL SQL][query][281us] 1 rows returned outcome=success batchOutcome=not_applicable comment=matched merchant read with relation purpose=matched benchmark read auditReason= tracePath=[0:OPERATION:Merchant=query -> 1:REQUEST:Merchant= -> 2:RELATION:platform=Merchant.platform -> 3:PROVIDER:postgresql= -> 4:SQL:select=] mutationLineage=[]
SQL: -- TeaQL PLAIN
SELECT id, create_time AS createTime, last_update_time AS lastUpdateTime, name, version FROM platform_data WHERE (version > 0) AND (id = 1) LIMIT 1 OFFSET 0
[TeaQL SQL][query][269us] 1 rows returned outcome=success batchOutcome=not_applicable comment=matched merchant read with relation purpose=matched benchmark read auditReason= tracePath=[0:OPERATION:Merchant=query -> 1:REQUEST:Merchant= -> 2:PROVIDER:postgresql= -> 3:SQL:select=] mutationLineage=[]
SQL: -- TeaQL PLAIN
SELECT id, name, code, external_id AS externalId, task_life_hours AS taskLifeHours, version, platform FROM merchant_data WHERE (version > 0) AND (external_id = 'matched-merchant') LIMIT 1000 OFFSET 0
[TeaQL SQL][query][307us] 1 rows returned outcome=success batchOutcome=not_applicable comment=matched merchant read with relation purpose=matched benchmark read auditReason= tracePath=[0:OPERATION:Merchant=query -> 1:REQUEST:Merchant= -> 2:RELATION:platform=Merchant.platform -> 3:PROVIDER:postgresql= -> 4:SQL:select=] mutationLineage=[]
SQL: -- TeaQL PLAIN
SELECT id, create_time AS createTime, last_update_time AS lastUpdateTime, name, version FROM platform_data WHERE (version > 0) AND (id = 1) LIMIT 1 OFFSET 0
[TeaQL SQL][query][269us] 1 rows returned outcome=success batchOutcome=not_applicable comment=matched merchant read with relation purpose=matched benchmark read auditReason= tracePath=[0:OPERATION:Merchant=query -> 1:REQUEST:Merchant= -> 2:PROVIDER:postgresql= -> 3:SQL:select=] mutationLineage=[]
SQL: -- TeaQL PLAIN
SELECT id, name, code, external_id AS externalId, task_life_hours AS taskLifeHours, version, platform FROM merchant_data WHERE (version > 0) AND (external_id = 'matched-merchant') LIMIT 1000 OFFSET 0
[TeaQL SQL][query][264us] 1 rows returned outcome=success batchOutcome=not_applicable comment=matched merchant read with relation purpose=matched benchmark read auditReason= tracePath=[0:OPERATION:Merchant=query -> 1:REQUEST:Merchant= -> 2:RELATION:platform=Merchant.platform -> 3:PROVIDER:postgresql= -> 4:SQL:select=] mutationLineage=[]
SQL: -- TeaQL PLAIN
SELECT id, create_time AS createTime, last_update_time AS lastUpdateTime, name, version FROM platform_data WHERE (version > 0) AND (id = 1) LIMIT 1 OFFSET 0
[TeaQL SQL][query][263us] 1 rows returned outcome=success batchOutcome=not_applicable comment=matched merchant read with relation purpose=matched benchmark read auditReason= tracePath=[0:OPERATION:Merchant=query -> 1:REQUEST:Merchant= -> 2:PROVIDER:postgresql= -> 3:SQL:select=] mutationLineage=[]
SQL: -- TeaQL PLAIN
SELECT id, name, code, external_id AS externalId, task_life_hours AS taskLifeHours, version, platform FROM merchant_data WHERE (version > 0) AND (external_id = 'matched-merchant') LIMIT 1000 OFFSET 0
[TeaQL SQL][query][232us] 1 rows returned outcome=success batchOutcome=not_applicable comment=matched merchant read with relation purpose=matched benchmark read auditReason= tracePath=[0:OPERATION:Merchant=query -> 1:REQUEST:Merchant= -> 2:RELATION:platform=Merchant.platform -> 3:PROVIDER:postgresql= -> 4:SQL:select=] mutationLineage=[]
SQL: -- TeaQL PLAIN
SELECT id, create_time AS createTime, last_update_time AS lastUpdateTime, name, version FROM platform_data WHERE (version > 0) AND (id = 1) LIMIT 1 OFFSET 0
[TeaQL SQL][query][401us] 1 rows returned outcome=success batchOutcome=not_applicable comment=matched merchant read with relation purpose=matched benchmark read auditReason= tracePath=[0:OPERATION:Merchant=query -> 1:REQUEST:Merchant= -> 2:PROVIDER:postgresql= -> 3:SQL:select=] mutationLineage=[]
SQL: -- TeaQL PLAIN
SELECT id, name, code, external_id AS externalId, task_life_hours AS taskLifeHours, version, platform FROM merchant_data WHERE (version > 0) AND (external_id = 'matched-merchant') LIMIT 1000 OFFSET 0
[TeaQL SQL][query][266us] 1 rows returned outcome=success batchOutcome=not_applicable comment=matched merchant read with relation purpose=matched benchmark read auditReason= tracePath=[0:OPERATION:Merchant=query -> 1:REQUEST:Merchant= -> 2:RELATION:platform=Merchant.platform -> 3:PROVIDER:postgresql= -> 4:SQL:select=] mutationLineage=[]
SQL: -- TeaQL PLAIN
SELECT id, create_time AS createTime, last_update_time AS lastUpdateTime, name, version FROM platform_data WHERE (version > 0) AND (id = 1) LIMIT 1 OFFSET 0
[TeaQL SQL][query][395us] 1 rows returned outcome=success batchOutcome=not_applicable comment=matched merchant read with relation purpose=matched benchmark read auditReason= tracePath=[0:OPERATION:Merchant=query -> 1:REQUEST:Merchant= -> 2:PROVIDER:postgresql= -> 3:SQL:select=] mutationLineage=[]
SQL: -- TeaQL PLAIN
SELECT id, name, code, external_id AS externalId, task_life_hours AS taskLifeHours, version, platform FROM merchant_data WHERE (version > 0) AND (external_id = 'matched-merchant') LIMIT 1000 OFFSET 0
[TeaQL SQL][query][313us] 1 rows returned outcome=success batchOutcome=not_applicable comment=matched merchant read with relation purpose=matched benchmark read auditReason= tracePath=[0:OPERATION:Merchant=query -> 1:REQUEST:Merchant= -> 2:RELATION:platform=Merchant.platform -> 3:PROVIDER:postgresql= -> 4:SQL:select=] mutationLineage=[]
SQL: -- TeaQL PLAIN
SELECT id, create_time AS createTime, last_update_time AS lastUpdateTime, name, version FROM platform_data WHERE (version > 0) AND (id = 1) LIMIT 1 OFFSET 0
[TeaQL SQL][query][307us] 1 rows returned outcome=success batchOutcome=not_applicable comment=matched merchant read with relation purpose=matched benchmark read auditReason= tracePath=[0:OPERATION:Merchant=query -> 1:REQUEST:Merchant= -> 2:PROVIDER:postgresql= -> 3:SQL:select=] mutationLineage=[]
SQL: -- TeaQL PLAIN
SELECT id, name, code, external_id AS externalId, task_life_hours AS taskLifeHours, version, platform FROM merchant_data WHERE (version > 0) AND (external_id = 'matched-merchant') LIMIT 1000 OFFSET 0
[TeaQL SQL][query][210us] 1 rows returned outcome=success batchOutcome=not_applicable comment=matched merchant read with relation purpose=matched benchmark read auditReason= tracePath=[0:OPERATION:Merchant=query -> 1:REQUEST:Merchant= -> 2:RELATION:platform=Merchant.platform -> 3:PROVIDER:postgresql= -> 4:SQL:select=] mutationLineage=[]
SQL: -- TeaQL PLAIN
SELECT id, create_time AS createTime, last_update_time AS lastUpdateTime, name, version FROM platform_data WHERE (version > 0) AND (id = 1) LIMIT 1 OFFSET 0
[TeaQL SQL][query][284us] 1 rows returned outcome=success batchOutcome=not_applicable comment=matched merchant read with relation purpose=matched benchmark read auditReason= tracePath=[0:OPERATION:Merchant=query -> 1:REQUEST:Merchant= -> 2:PROVIDER:postgresql= -> 3:SQL:select=] mutationLineage=[]
SQL: -- TeaQL PLAIN
SELECT id, name, code, external_id AS externalId, task_life_hours AS taskLifeHours, version, platform FROM merchant_data WHERE (version > 0) AND (external_id = 'matched-merchant') LIMIT 1000 OFFSET 0
[TeaQL SQL][query][249us] 1 rows returned outcome=success batchOutcome=not_applicable comment=matched merchant read with relation purpose=matched benchmark read auditReason= tracePath=[0:OPERATION:Merchant=query -> 1:REQUEST:Merchant= -> 2:RELATION:platform=Merchant.platform -> 3:PROVIDER:postgresql= -> 4:SQL:select=] mutationLineage=[]
SQL: -- TeaQL PLAIN
SELECT id, create_time AS createTime, last_update_time AS lastUpdateTime, name, version FROM platform_data WHERE (version > 0) AND (id = 1) LIMIT 1 OFFSET 0
[TeaQL SQL][query][279us] 1 rows returned outcome=success batchOutcome=not_applicable comment=matched merchant read with relation purpose=matched benchmark read auditReason= tracePath=[0:OPERATION:Merchant=query -> 1:REQUEST:Merchant= -> 2:PROVIDER:postgresql= -> 3:SQL:select=] mutationLineage=[]
SQL: -- TeaQL PLAIN
SELECT id, name, code, external_id AS externalId, task_life_hours AS taskLifeHours, version, platform FROM merchant_data WHERE (version > 0) AND (external_id = 'matched-merchant') LIMIT 1000 OFFSET 0
[TeaQL SQL][query][215us] 1 rows returned outcome=success batchOutcome=not_applicable comment=matched merchant read with relation purpose=matched benchmark read auditReason= tracePath=[0:OPERATION:Merchant=query -> 1:REQUEST:Merchant= -> 2:RELATION:platform=Merchant.platform -> 3:PROVIDER:postgresql= -> 4:SQL:select=] mutationLineage=[]
SQL: -- TeaQL PLAIN
SELECT id, create_time AS createTime, last_update_time AS lastUpdateTime, name, version FROM platform_data WHERE (version > 0) AND (id = 1) LIMIT 1 OFFSET 0
[TeaQL SQL][query][301us] 1 rows returned outcome=success batchOutcome=not_applicable comment=matched merchant read with relation purpose=matched benchmark read auditReason= tracePath=[0:OPERATION:Merchant=query -> 1:REQUEST:Merchant= -> 2:PROVIDER:postgresql= -> 3:SQL:select=] mutationLineage=[]
SQL: -- TeaQL PLAIN
SELECT id, name, code, external_id AS externalId, task_life_hours AS taskLifeHours, version, platform FROM merchant_data WHERE (version > 0) AND (external_id = 'matched-merchant') LIMIT 1000 OFFSET 0
[TeaQL SQL][query][240us] 1 rows returned outcome=success batchOutcome=not_applicable comment=matched merchant read with relation purpose=matched benchmark read auditReason= tracePath=[0:OPERATION:Merchant=query -> 1:REQUEST:Merchant= -> 2:RELATION:platform=Merchant.platform -> 3:PROVIDER:postgresql= -> 4:SQL:select=] mutationLineage=[]
SQL: -- TeaQL PLAIN
SELECT id, create_time AS createTime, last_update_time AS lastUpdateTime, name, version FROM platform_data WHERE (version > 0) AND (id = 1) LIMIT 1 OFFSET 0
[TeaQL SQL][query][893us] 1 rows returned outcome=success batchOutcome=not_applicable comment=matched merchant read with relation purpose=matched benchmark read auditReason= tracePath=[0:OPERATION:Merchant=query -> 1:REQUEST:Merchant= -> 2:PROVIDER:postgresql= -> 3:SQL:select=] mutationLineage=[]
SQL: -- TeaQL PLAIN
SELECT id, name, code, external_id AS externalId, task_life_hours AS taskLifeHours, version, platform FROM merchant_data WHERE (version > 0) AND (external_id = 'matched-merchant') LIMIT 1000 OFFSET 0
[TeaQL SQL][query][325us] 1 rows returned outcome=success batchOutcome=not_applicable comment=matched merchant read with relation purpose=matched benchmark read auditReason= tracePath=[0:OPERATION:Merchant=query -> 1:REQUEST:Merchant= -> 2:RELATION:platform=Merchant.platform -> 3:PROVIDER:postgresql= -> 4:SQL:select=] mutationLineage=[]
SQL: -- TeaQL PLAIN
SELECT id, create_time AS createTime, last_update_time AS lastUpdateTime, name, version FROM platform_data WHERE (version > 0) AND (id = 1) LIMIT 1 OFFSET 0
[TeaQL SQL][query][242us] 1 rows returned outcome=success batchOutcome=not_applicable comment=matched merchant read with relation purpose=matched benchmark read auditReason= tracePath=[0:OPERATION:Merchant=query -> 1:REQUEST:Merchant= -> 2:PROVIDER:postgresql= -> 3:SQL:select=] mutationLineage=[]
SQL: -- TeaQL PLAIN
SELECT id, name, code, external_id AS externalId, task_life_hours AS taskLifeHours, version, platform FROM merchant_data WHERE (version > 0) AND (external_id = 'matched-merchant') LIMIT 1000 OFFSET 0
[TeaQL SQL][query][1269us] 1 rows returned outcome=success batchOutcome=not_applicable comment=matched merchant read with relation purpose=matched benchmark read auditReason= tracePath=[0:OPERATION:Merchant=query -> 1:REQUEST:Merchant= -> 2:RELATION:platform=Merchant.platform -> 3:PROVIDER:postgresql= -> 4:SQL:select=] mutationLineage=[]
SQL: -- TeaQL PLAIN
SELECT id, create_time AS createTime, last_update_time AS lastUpdateTime, name, version FROM platform_data WHERE (version > 0) AND (id = 1) LIMIT 1 OFFSET 0
[TeaQL SQL][query][361us] 1 rows returned outcome=success batchOutcome=not_applicable comment=matched merchant read with relation purpose=matched benchmark read auditReason= tracePath=[0:OPERATION:Merchant=query -> 1:REQUEST:Merchant= -> 2:PROVIDER:postgresql= -> 3:SQL:select=] mutationLineage=[]
SQL: -- TeaQL PLAIN
SELECT id, name, code, external_id AS externalId, task_life_hours AS taskLifeHours, version, platform FROM merchant_data WHERE (version > 0) AND (external_id = 'matched-merchant') LIMIT 1000 OFFSET 0
[TeaQL SQL][query][304us] 1 rows returned outcome=success batchOutcome=not_applicable comment=matched merchant read with relation purpose=matched benchmark read auditReason= tracePath=[0:OPERATION:Merchant=query -> 1:REQUEST:Merchant= -> 2:RELATION:platform=Merchant.platform -> 3:PROVIDER:postgresql= -> 4:SQL:select=] mutationLineage=[]
SQL: -- TeaQL PLAIN
SELECT id, create_time AS createTime, last_update_time AS lastUpdateTime, name, version FROM platform_data WHERE (version > 0) AND (id = 1) LIMIT 1 OFFSET 0
[TeaQL SQL][query][394us] 1 rows returned outcome=success batchOutcome=not_applicable comment=matched merchant read with relation purpose=matched benchmark read auditReason= tracePath=[0:OPERATION:Merchant=query -> 1:REQUEST:Merchant= -> 2:PROVIDER:postgresql= -> 3:SQL:select=] mutationLineage=[]
SQL: -- TeaQL PLAIN
SELECT id, name, code, external_id AS externalId, task_life_hours AS taskLifeHours, version, platform FROM merchant_data WHERE (version > 0) AND (external_id = 'matched-merchant') LIMIT 1000 OFFSET 0
[TeaQL SQL][query][279us] 1 rows returned outcome=success batchOutcome=not_applicable comment=matched merchant read with relation purpose=matched benchmark read auditReason= tracePath=[0:OPERATION:Merchant=query -> 1:REQUEST:Merchant= -> 2:RELATION:platform=Merchant.platform -> 3:PROVIDER:postgresql= -> 4:SQL:select=] mutationLineage=[]
SQL: -- TeaQL PLAIN
SELECT id, create_time AS createTime, last_update_time AS lastUpdateTime, name, version FROM platform_data WHERE (version > 0) AND (id = 1) LIMIT 1 OFFSET 0
[TeaQL SQL][query][216us] 1 rows returned outcome=success batchOutcome=not_applicable comment=matched merchant read with relation purpose=matched benchmark read auditReason= tracePath=[0:OPERATION:Merchant=query -> 1:REQUEST:Merchant= -> 2:PROVIDER:postgresql= -> 3:SQL:select=] mutationLineage=[]
SQL: -- TeaQL PLAIN
SELECT id, name, code, external_id AS externalId, task_life_hours AS taskLifeHours, version, platform FROM merchant_data WHERE (version > 0) AND (external_id = 'matched-merchant') LIMIT 1000 OFFSET 0
[TeaQL SQL][query][299us] 1 rows returned outcome=success batchOutcome=not_applicable comment=matched merchant read with relation purpose=matched benchmark read auditReason= tracePath=[0:OPERATION:Merchant=query -> 1:REQUEST:Merchant= -> 2:RELATION:platform=Merchant.platform -> 3:PROVIDER:postgresql= -> 4:SQL:select=] mutationLineage=[]
SQL: -- TeaQL PLAIN
SELECT id, create_time AS createTime, last_update_time AS lastUpdateTime, name, version FROM platform_data WHERE (version > 0) AND (id = 1) LIMIT 1 OFFSET 0
[TeaQL SQL][query][204us] 1 rows returned outcome=success batchOutcome=not_applicable comment=matched merchant read with relation purpose=matched benchmark read auditReason= tracePath=[0:OPERATION:Merchant=query -> 1:REQUEST:Merchant= -> 2:PROVIDER:postgresql= -> 3:SQL:select=] mutationLineage=[]
SQL: -- TeaQL PLAIN
SELECT id, name, code, external_id AS externalId, task_life_hours AS taskLifeHours, version, platform FROM merchant_data WHERE (version > 0) AND (external_id = 'matched-merchant') LIMIT 1000 OFFSET 0
[TeaQL SQL][query][317us] 1 rows returned outcome=success batchOutcome=not_applicable comment=matched merchant read with relation purpose=matched benchmark read auditReason= tracePath=[0:OPERATION:Merchant=query -> 1:REQUEST:Merchant= -> 2:RELATION:platform=Merchant.platform -> 3:PROVIDER:postgresql= -> 4:SQL:select=] mutationLineage=[]
SQL: -- TeaQL PLAIN
SELECT id, create_time AS createTime, last_update_time AS lastUpdateTime, name, version FROM platform_data WHERE (version > 0) AND (id = 1) LIMIT 1 OFFSET 0
[TeaQL SQL][query][278us] 1 rows returned outcome=success batchOutcome=not_applicable comment=matched merchant read with relation purpose=matched benchmark read auditReason= tracePath=[0:OPERATION:Merchant=query -> 1:REQUEST:Merchant= -> 2:PROVIDER:postgresql= -> 3:SQL:select=] mutationLineage=[]
SQL: -- TeaQL PLAIN
SELECT id, name, code, external_id AS externalId, task_life_hours AS taskLifeHours, version, platform FROM merchant_data WHERE (version > 0) AND (external_id = 'matched-merchant') LIMIT 1000 OFFSET 0
[TeaQL SQL][query][215us] 1 rows returned outcome=success batchOutcome=not_applicable comment=matched merchant read with relation purpose=matched benchmark read auditReason= tracePath=[0:OPERATION:Merchant=query -> 1:REQUEST:Merchant= -> 2:RELATION:platform=Merchant.platform -> 3:PROVIDER:postgresql= -> 4:SQL:select=] mutationLineage=[]
SQL: -- TeaQL PLAIN
SELECT id, create_time AS createTime, last_update_time AS lastUpdateTime, name, version FROM platform_data WHERE (version > 0) AND (id = 1) LIMIT 1 OFFSET 0
[TeaQL SQL][query][271us] 1 rows returned outcome=success batchOutcome=not_applicable comment=matched merchant read with relation purpose=matched benchmark read auditReason= tracePath=[0:OPERATION:Merchant=query -> 1:REQUEST:Merchant= -> 2:PROVIDER:postgresql= -> 3:SQL:select=] mutationLineage=[]
SQL: -- TeaQL PLAIN
SELECT id, name, code, external_id AS externalId, task_life_hours AS taskLifeHours, version, platform FROM merchant_data WHERE (version > 0) AND (external_id = 'matched-merchant') LIMIT 1000 OFFSET 0
[TeaQL SQL][query][213us] 1 rows returned outcome=success batchOutcome=not_applicable comment=matched merchant read with relation purpose=matched benchmark read auditReason= tracePath=[0:OPERATION:Merchant=query -> 1:REQUEST:Merchant= -> 2:PROVIDER:postgresql= -> 3:SQL:select=] mutationLineage=[]
SQL: -- TeaQL PLAIN
SELECT id, name, code, external_id AS externalId, task_life_hours AS taskLifeHours, version, platform FROM merchant_data WHERE (version > 0) AND (external_id = 'matched-merchant') LIMIT 1000 OFFSET 0
[TeaQL SQL][query][213us] 1 rows returned outcome=success batchOutcome=not_applicable comment=matched merchant read with relation purpose=matched benchmark read auditReason= tracePath=[0:OPERATION:Merchant=query -> 1:REQUEST:Merchant= -> 2:PROVIDER:postgresql= -> 3:SQL:select=] mutationLineage=[]
SQL: -- TeaQL PLAIN
SELECT id, name, code, external_id AS externalId, task_life_hours AS taskLifeHours, version, platform FROM merchant_data WHERE (version > 0) AND (external_id = 'matched-merchant') LIMIT 1000 OFFSET 0
[TeaQL SQL][query][310us] 1 rows returned outcome=success batchOutcome=not_applicable comment=matched merchant read with relation purpose=matched benchmark read auditReason= tracePath=[0:OPERATION:Merchant=query -> 1:REQUEST:Merchant= -> 2:RELATION:platform=Merchant.platform -> 3:PROVIDER:postgresql= -> 4:SQL:select=] mutationLineage=[]
SQL: -- TeaQL PLAIN
SELECT id, create_time AS createTime, last_update_time AS lastUpdateTime, name, version FROM platform_data WHERE (version > 0) AND (id = 1) LIMIT 1 OFFSET 0
[TeaQL SQL][query][226us] 1 rows returned outcome=success batchOutcome=not_applicable comment=matched merchant read with relation purpose=matched benchmark read auditReason= tracePath=[0:OPERATION:Merchant=query -> 1:REQUEST:Merchant= -> 2:RELATION:platform=Merchant.platform -> 3:PROVIDER:postgresql= -> 4:SQL:select=] mutationLineage=[]
SQL: -- TeaQL PLAIN
SELECT id, create_time AS createTime, last_update_time AS lastUpdateTime, name, version FROM platform_data WHERE (version > 0) AND (id = 1) LIMIT 1 OFFSET 0
[TeaQL SQL][query][1074us] 1 rows returned outcome=success batchOutcome=not_applicable comment=matched merchant read with relation purpose=matched benchmark read auditReason= tracePath=[0:OPERATION:Merchant=query -> 1:REQUEST:Merchant= -> 2:RELATION:platform=Merchant.platform -> 3:PROVIDER:postgresql= -> 4:SQL:select=] mutationLineage=[]
SQL: -- TeaQL PLAIN
SELECT id, create_time AS createTime, last_update_time AS lastUpdateTime, name, version FROM platform_data WHERE (version > 0) AND (id = 1) LIMIT 1 OFFSET 0
[TeaQL SQL][query][389us] 1 rows returned outcome=success batchOutcome=not_applicable comment=matched merchant read with relation purpose=matched benchmark read auditReason= tracePath=[0:OPERATION:Merchant=query -> 1:REQUEST:Merchant= -> 2:PROVIDER:postgresql= -> 3:SQL:select=] mutationLineage=[]
SQL: -- TeaQL PLAIN
SELECT id, name, code, external_id AS externalId, task_life_hours AS taskLifeHours, version, platform FROM merchant_data WHERE (version > 0) AND (external_id = 'matched-merchant') LIMIT 1000 OFFSET 0
[TeaQL SQL][query][296us] 1 rows returned outcome=success batchOutcome=not_applicable comment=matched merchant read with relation purpose=matched benchmark read auditReason= tracePath=[0:OPERATION:Merchant=query -> 1:REQUEST:Merchant= -> 2:RELATION:platform=Merchant.platform -> 3:PROVIDER:postgresql= -> 4:SQL:select=] mutationLineage=[]
SQL: -- TeaQL PLAIN
SELECT id, create_time AS createTime, last_update_time AS lastUpdateTime, name, version FROM platform_data WHERE (version > 0) AND (id = 1) LIMIT 1 OFFSET 0
[TeaQL SQL][query][400us] 1 rows returned outcome=success batchOutcome=not_applicable comment=matched merchant read with relation purpose=matched benchmark read auditReason= tracePath=[0:OPERATION:Merchant=query -> 1:REQUEST:Merchant= -> 2:PROVIDER:postgresql= -> 3:SQL:select=] mutationLineage=[]
SQL: -- TeaQL PLAIN
SELECT id, name, code, external_id AS externalId, task_life_hours AS taskLifeHours, version, platform FROM merchant_data WHERE (version > 0) AND (external_id = 'matched-merchant') LIMIT 1000 OFFSET 0
[TeaQL SQL][query][241us] 1 rows returned outcome=success batchOutcome=not_applicable comment=matched merchant read with relation purpose=matched benchmark read auditReason= tracePath=[0:OPERATION:Merchant=query -> 1:REQUEST:Merchant= -> 2:RELATION:platform=Merchant.platform -> 3:PROVIDER:postgresql= -> 4:SQL:select=] mutationLineage=[]
SQL: -- TeaQL PLAIN
SELECT id, create_time AS createTime, last_update_time AS lastUpdateTime, name, version FROM platform_data WHERE (version > 0) AND (id = 1) LIMIT 1 OFFSET 0
[TeaQL SQL][query][335us] 1 rows returned outcome=success batchOutcome=not_applicable comment=matched merchant read with relation purpose=matched benchmark read auditReason= tracePath=[0:OPERATION:Merchant=query -> 1:REQUEST:Merchant= -> 2:PROVIDER:postgresql= -> 3:SQL:select=] mutationLineage=[]
SQL: -- TeaQL PLAIN
SELECT id, name, code, external_id AS externalId, task_life_hours AS taskLifeHours, version, platform FROM merchant_data WHERE (version > 0) AND (external_id = 'matched-merchant') LIMIT 1000 OFFSET 0
[TeaQL SQL][query][246us] 1 rows returned outcome=success batchOutcome=not_applicable comment=matched merchant read with relation purpose=matched benchmark read auditReason= tracePath=[0:OPERATION:Merchant=query -> 1:REQUEST:Merchant= -> 2:RELATION:platform=Merchant.platform -> 3:PROVIDER:postgresql= -> 4:SQL:select=] mutationLineage=[]
SQL: -- TeaQL PLAIN
SELECT id, create_time AS createTime, last_update_time AS lastUpdateTime, name, version FROM platform_data WHERE (version > 0) AND (id = 1) LIMIT 1 OFFSET 0
[TeaQL SQL][query][305us] 1 rows returned outcome=success batchOutcome=not_applicable comment=matched merchant read with relation purpose=matched benchmark read auditReason= tracePath=[0:OPERATION:Merchant=query -> 1:REQUEST:Merchant= -> 2:PROVIDER:postgresql= -> 3:SQL:select=] mutationLineage=[]
SQL: -- TeaQL PLAIN
SELECT id, name, code, external_id AS externalId, task_life_hours AS taskLifeHours, version, platform FROM merchant_data WHERE (version > 0) AND (external_id = 'matched-merchant') LIMIT 1000 OFFSET 0
[TeaQL SQL][query][355us] 1 rows returned outcome=success batchOutcome=not_applicable comment=matched merchant read with relation purpose=matched benchmark read auditReason= tracePath=[0:OPERATION:Merchant=query -> 1:REQUEST:Merchant= -> 2:RELATION:platform=Merchant.platform -> 3:PROVIDER:postgresql= -> 4:SQL:select=] mutationLineage=[]
SQL: -- TeaQL PLAIN
SELECT id, create_time AS createTime, last_update_time AS lastUpdateTime, name, version FROM platform_data WHERE (version > 0) AND (id = 1) LIMIT 1 OFFSET 0
[TeaQL SQL][query][322us] 1 rows returned outcome=success batchOutcome=not_applicable comment=matched merchant read with relation purpose=matched benchmark read auditReason= tracePath=[0:OPERATION:Merchant=query -> 1:REQUEST:Merchant= -> 2:PROVIDER:postgresql= -> 3:SQL:select=] mutationLineage=[]
SQL: -- TeaQL PLAIN
SELECT id, name, code, external_id AS externalId, task_life_hours AS taskLifeHours, version, platform FROM merchant_data WHERE (version > 0) AND (external_id = 'matched-merchant') LIMIT 1000 OFFSET 0
[TeaQL SQL][query][246us] 1 rows returned outcome=success batchOutcome=not_applicable comment=matched merchant read with relation purpose=matched benchmark read auditReason= tracePath=[0:OPERATION:Merchant=query -> 1:REQUEST:Merchant= -> 2:RELATION:platform=Merchant.platform -> 3:PROVIDER:postgresql= -> 4:SQL:select=] mutationLineage=[]
SQL: -- TeaQL PLAIN
SELECT id, create_time AS createTime, last_update_time AS lastUpdateTime, name, version FROM platform_data WHERE (version > 0) AND (id = 1) LIMIT 1 OFFSET 0
[TeaQL SQL][query][288us] 1 rows returned outcome=success batchOutcome=not_applicable comment=matched merchant read with relation purpose=matched benchmark read auditReason= tracePath=[0:OPERATION:Merchant=query -> 1:REQUEST:Merchant= -> 2:PROVIDER:postgresql= -> 3:SQL:select=] mutationLineage=[]
SQL: -- TeaQL PLAIN
SELECT id, name, code, external_id AS externalId, task_life_hours AS taskLifeHours, version, platform FROM merchant_data WHERE (version > 0) AND (external_id = 'matched-merchant') LIMIT 1000 OFFSET 0
[TeaQL SQL][query][241us] 1 rows returned outcome=success batchOutcome=not_applicable comment=matched merchant read with relation purpose=matched benchmark read auditReason= tracePath=[0:OPERATION:Merchant=query -> 1:REQUEST:Merchant= -> 2:RELATION:platform=Merchant.platform -> 3:PROVIDER:postgresql= -> 4:SQL:select=] mutationLineage=[]
SQL: -- TeaQL PLAIN
SELECT id, create_time AS createTime, last_update_time AS lastUpdateTime, name, version FROM platform_data WHERE (version > 0) AND (id = 1) LIMIT 1 OFFSET 0
[TeaQL SQL][query][371us] 1 rows returned outcome=success batchOutcome=not_applicable comment=matched merchant read with relation purpose=matched benchmark read auditReason= tracePath=[0:OPERATION:Merchant=query -> 1:REQUEST:Merchant= -> 2:PROVIDER:postgresql= -> 3:SQL:select=] mutationLineage=[]
SQL: -- TeaQL PLAIN
SELECT id, name, code, external_id AS externalId, task_life_hours AS taskLifeHours, version, platform FROM merchant_data WHERE (version > 0) AND (external_id = 'matched-merchant') LIMIT 1000 OFFSET 0
[TeaQL SQL][query][277us] 1 rows returned outcome=success batchOutcome=not_applicable comment=matched merchant read with relation purpose=matched benchmark read auditReason= tracePath=[0:OPERATION:Merchant=query -> 1:REQUEST:Merchant= -> 2:RELATION:platform=Merchant.platform -> 3:PROVIDER:postgresql= -> 4:SQL:select=] mutationLineage=[]
SQL: -- TeaQL PLAIN
SELECT id, create_time AS createTime, last_update_time AS lastUpdateTime, name, version FROM platform_data WHERE (version > 0) AND (id = 1) LIMIT 1 OFFSET 0
[TeaQL SQL][query][800us] 1 rows returned outcome=success batchOutcome=not_applicable comment=matched merchant read with relation purpose=matched benchmark read auditReason= tracePath=[0:OPERATION:Merchant=query -> 1:REQUEST:Merchant= -> 2:PROVIDER:postgresql= -> 3:SQL:select=] mutationLineage=[]
SQL: -- TeaQL PLAIN
SELECT id, name, code, external_id AS externalId, task_life_hours AS taskLifeHours, version, platform FROM merchant_data WHERE (version > 0) AND (external_id = 'matched-merchant') LIMIT 1000 OFFSET 0
[TeaQL SQL][query][298us] 1 rows returned outcome=success batchOutcome=not_applicable comment=matched merchant read with relation purpose=matched benchmark read auditReason= tracePath=[0:OPERATION:Merchant=query -> 1:REQUEST:Merchant= -> 2:PROVIDER:postgresql= -> 3:SQL:select=] mutationLineage=[]
SQL: -- TeaQL PLAIN
SELECT id, name, code, external_id AS externalId, task_life_hours AS taskLifeHours, version, platform FROM merchant_data WHERE (version > 0) AND (external_id = 'matched-merchant') LIMIT 1000 OFFSET 0
[TeaQL SQL][query][295us] 1 rows returned outcome=success batchOutcome=not_applicable comment=matched merchant read with relation purpose=matched benchmark read auditReason= tracePath=[0:OPERATION:Merchant=query -> 1:REQUEST:Merchant= -> 2:RELATION:platform=Merchant.platform -> 3:PROVIDER:postgresql= -> 4:SQL:select=] mutationLineage=[]
SQL: -- TeaQL PLAIN
SELECT id, create_time AS createTime, last_update_time AS lastUpdateTime, name, version FROM platform_data WHERE (version > 0) AND (id = 1) LIMIT 1 OFFSET 0
[TeaQL SQL][query][295us] 1 rows returned outcome=success batchOutcome=not_applicable comment=matched merchant read with relation purpose=matched benchmark read auditReason= tracePath=[0:OPERATION:Merchant=query -> 1:REQUEST:Merchant= -> 2:RELATION:platform=Merchant.platform -> 3:PROVIDER:postgresql= -> 4:SQL:select=] mutationLineage=[]
SQL: -- TeaQL PLAIN
SELECT id, create_time AS createTime, last_update_time AS lastUpdateTime, name, version FROM platform_data WHERE (version > 0) AND (id = 1) LIMIT 1 OFFSET 0
[TeaQL SQL][query][261us] 1 rows returned outcome=success batchOutcome=not_applicable comment=matched merchant read with relation purpose=matched benchmark read auditReason= tracePath=[0:OPERATION:Merchant=query -> 1:REQUEST:Merchant= -> 2:PROVIDER:postgresql= -> 3:SQL:select=] mutationLineage=[]
SQL: -- TeaQL PLAIN
SELECT id, name, code, external_id AS externalId, task_life_hours AS taskLifeHours, version, platform FROM merchant_data WHERE (version > 0) AND (external_id = 'matched-merchant') LIMIT 1000 OFFSET 0
[TeaQL SQL][query][229us] 1 rows returned outcome=success batchOutcome=not_applicable comment=matched merchant read with relation purpose=matched benchmark read auditReason= tracePath=[0:OPERATION:Merchant=query -> 1:REQUEST:Merchant= -> 2:RELATION:platform=Merchant.platform -> 3:PROVIDER:postgresql= -> 4:SQL:select=] mutationLineage=[]
SQL: -- TeaQL PLAIN
SELECT id, create_time AS createTime, last_update_time AS lastUpdateTime, name, version FROM platform_data WHERE (version > 0) AND (id = 1) LIMIT 1 OFFSET 0
[TeaQL SQL][query][451us] 1 rows returned outcome=success batchOutcome=not_applicable comment=matched merchant read with relation purpose=matched benchmark read auditReason= tracePath=[0:OPERATION:Merchant=query -> 1:REQUEST:Merchant= -> 2:PROVIDER:postgresql= -> 3:SQL:select=] mutationLineage=[]
SQL: -- TeaQL PLAIN
SELECT id, name, code, external_id AS externalId, task_life_hours AS taskLifeHours, version, platform FROM merchant_data WHERE (version > 0) AND (external_id = 'matched-merchant') LIMIT 1000 OFFSET 0
[TeaQL SQL][query][433us] 1 rows returned outcome=success batchOutcome=not_applicable comment=matched merchant read with relation purpose=matched benchmark read auditReason= tracePath=[0:OPERATION:Merchant=query -> 1:REQUEST:Merchant= -> 2:RELATION:platform=Merchant.platform -> 3:PROVIDER:postgresql= -> 4:SQL:select=] mutationLineage=[]
SQL: -- TeaQL PLAIN
SELECT id, create_time AS createTime, last_update_time AS lastUpdateTime, name, version FROM platform_data WHERE (version > 0) AND (id = 1) LIMIT 1 OFFSET 0
[TeaQL SQL][query][402us] 1 rows returned outcome=success batchOutcome=not_applicable comment=matched merchant read with relation purpose=matched benchmark read auditReason= tracePath=[0:OPERATION:Merchant=query -> 1:REQUEST:Merchant= -> 2:PROVIDER:postgresql= -> 3:SQL:select=] mutationLineage=[]
SQL: -- TeaQL PLAIN
SELECT id, name, code, external_id AS externalId, task_life_hours AS taskLifeHours, version, platform FROM merchant_data WHERE (version > 0) AND (external_id = 'matched-merchant') LIMIT 1000 OFFSET 0
[TeaQL SQL][query][402us] 1 rows returned outcome=success batchOutcome=not_applicable comment=matched merchant read with relation purpose=matched benchmark read auditReason= tracePath=[0:OPERATION:Merchant=query -> 1:REQUEST:Merchant= -> 2:PROVIDER:postgresql= -> 3:SQL:select=] mutationLineage=[]
SQL: -- TeaQL PLAIN
SELECT id, name, code, external_id AS externalId, task_life_hours AS taskLifeHours, version, platform FROM merchant_data WHERE (version > 0) AND (external_id = 'matched-merchant') LIMIT 1000 OFFSET 0
[TeaQL SQL][query][402us] 1 rows returned outcome=success batchOutcome=not_applicable comment=matched merchant read with relation purpose=matched benchmark read auditReason= tracePath=[0:OPERATION:Merchant=query -> 1:REQUEST:Merchant= -> 2:PROVIDER:postgresql= -> 3:SQL:select=] mutationLineage=[]
SQL: -- TeaQL PLAIN
SELECT id, name, code, external_id AS externalId, task_life_hours AS taskLifeHours, version, platform FROM merchant_data WHERE (version > 0) AND (external_id = 'matched-merchant') LIMIT 1000 OFFSET 0
[TeaQL SQL][query][320us] 1 rows returned outcome=success batchOutcome=not_applicable comment=matched merchant read with relation purpose=matched benchmark read auditReason= tracePath=[0:OPERATION:Merchant=query -> 1:REQUEST:Merchant= -> 2:RELATION:platform=Merchant.platform -> 3:PROVIDER:postgresql= -> 4:SQL:select=] mutationLineage=[]
SQL: -- TeaQL PLAIN
SELECT id, create_time AS createTime, last_update_time AS lastUpdateTime, name, version FROM platform_data WHERE (version > 0) AND (id = 1) LIMIT 1 OFFSET 0
[TeaQL SQL][query][292us] 1 rows returned outcome=success batchOutcome=not_applicable comment=matched merchant read with relation purpose=matched benchmark read auditReason= tracePath=[0:OPERATION:Merchant=query -> 1:REQUEST:Merchant= -> 2:RELATION:platform=Merchant.platform -> 3:PROVIDER:postgresql= -> 4:SQL:select=] mutationLineage=[]
SQL: -- TeaQL PLAIN
SELECT id, create_time AS createTime, last_update_time AS lastUpdateTime, name, version FROM platform_data WHERE (version > 0) AND (id = 1) LIMIT 1 OFFSET 0
[TeaQL SQL][query][271us] 1 rows returned outcome=success batchOutcome=not_applicable comment=matched merchant read with relation purpose=matched benchmark read auditReason= tracePath=[0:OPERATION:Merchant=query -> 1:REQUEST:Merchant= -> 2:RELATION:platform=Merchant.platform -> 3:PROVIDER:postgresql= -> 4:SQL:select=] mutationLineage=[]
SQL: -- TeaQL PLAIN
SELECT id, create_time AS createTime, last_update_time AS lastUpdateTime, name, version FROM platform_data WHERE (version > 0) AND (id = 1) LIMIT 1 OFFSET 0
[TeaQL SQL][query][330us] 1 rows returned outcome=success batchOutcome=not_applicable comment=matched merchant read with relation purpose=matched benchmark read auditReason= tracePath=[0:OPERATION:Merchant=query -> 1:REQUEST:Merchant= -> 2:PROVIDER:postgresql= -> 3:SQL:select=] mutationLineage=[]
SQL: -- TeaQL PLAIN
SELECT id, name, code, external_id AS externalId, task_life_hours AS taskLifeHours, version, platform FROM merchant_data WHERE (version > 0) AND (external_id = 'matched-merchant') LIMIT 1000 OFFSET 0
[TeaQL SQL][query][234us] 1 rows returned outcome=success batchOutcome=not_applicable comment=matched merchant read with relation purpose=matched benchmark read auditReason= tracePath=[0:OPERATION:Merchant=query -> 1:REQUEST:Merchant= -> 2:RELATION:platform=Merchant.platform -> 3:PROVIDER:postgresql= -> 4:SQL:select=] mutationLineage=[]
SQL: -- TeaQL PLAIN
SELECT id, create_time AS createTime, last_update_time AS lastUpdateTime, name, version FROM platform_data WHERE (version > 0) AND (id = 1) LIMIT 1 OFFSET 0
[TeaQL SQL][query][261us] 1 rows returned outcome=success batchOutcome=not_applicable comment=matched merchant read with relation purpose=matched benchmark read auditReason= tracePath=[0:OPERATION:Merchant=query -> 1:REQUEST:Merchant= -> 2:PROVIDER:postgresql= -> 3:SQL:select=] mutationLineage=[]
SQL: -- TeaQL PLAIN
SELECT id, name, code, external_id AS externalId, task_life_hours AS taskLifeHours, version, platform FROM merchant_data WHERE (version > 0) AND (external_id = 'matched-merchant') LIMIT 1000 OFFSET 0
[TeaQL SQL][query][209us] 1 rows returned outcome=success batchOutcome=not_applicable comment=matched merchant read with relation purpose=matched benchmark read auditReason= tracePath=[0:OPERATION:Merchant=query -> 1:REQUEST:Merchant= -> 2:RELATION:platform=Merchant.platform -> 3:PROVIDER:postgresql= -> 4:SQL:select=] mutationLineage=[]
SQL: -- TeaQL PLAIN
SELECT id, create_time AS createTime, last_update_time AS lastUpdateTime, name, version FROM platform_data WHERE (version > 0) AND (id = 1) LIMIT 1 OFFSET 0
[TeaQL SQL][query][309us] 1 rows returned outcome=success batchOutcome=not_applicable comment=matched merchant read with relation purpose=matched benchmark read auditReason= tracePath=[0:OPERATION:Merchant=query -> 1:REQUEST:Merchant= -> 2:PROVIDER:postgresql= -> 3:SQL:select=] mutationLineage=[]
SQL: -- TeaQL PLAIN
SELECT id, name, code, external_id AS externalId, task_life_hours AS taskLifeHours, version, platform FROM merchant_data WHERE (version > 0) AND (external_id = 'matched-merchant') LIMIT 1000 OFFSET 0
[TeaQL SQL][query][309us] 1 rows returned outcome=success batchOutcome=not_applicable comment=matched merchant read with relation purpose=matched benchmark read auditReason= tracePath=[0:OPERATION:Merchant=query -> 1:REQUEST:Merchant= -> 2:PROVIDER:postgresql= -> 3:SQL:select=] mutationLineage=[]
SQL: -- TeaQL PLAIN
SELECT id, name, code, external_id AS externalId, task_life_hours AS taskLifeHours, version, platform FROM merchant_data WHERE (version > 0) AND (external_id = 'matched-merchant') LIMIT 1000 OFFSET 0
[TeaQL SQL][query][259us] 1 rows returned outcome=success batchOutcome=not_applicable comment=matched merchant read with relation purpose=matched benchmark read auditReason= tracePath=[0:OPERATION:Merchant=query -> 1:REQUEST:Merchant= -> 2:RELATION:platform=Merchant.platform -> 3:PROVIDER:postgresql= -> 4:SQL:select=] mutationLineage=[]
SQL: -- TeaQL PLAIN
SELECT id, create_time AS createTime, last_update_time AS lastUpdateTime, name, version FROM platform_data WHERE (version > 0) AND (id = 1) LIMIT 1 OFFSET 0
[TeaQL SQL][query][245us] 1 rows returned outcome=success batchOutcome=not_applicable comment=matched merchant read with relation purpose=matched benchmark read auditReason= tracePath=[0:OPERATION:Merchant=query -> 1:REQUEST:Merchant= -> 2:RELATION:platform=Merchant.platform -> 3:PROVIDER:postgresql= -> 4:SQL:select=] mutationLineage=[]
SQL: -- TeaQL PLAIN
SELECT id, create_time AS createTime, last_update_time AS lastUpdateTime, name, version FROM platform_data WHERE (version > 0) AND (id = 1) LIMIT 1 OFFSET 0
[TeaQL SQL][query][424us] 1 rows returned outcome=success batchOutcome=not_applicable comment=matched merchant read with relation purpose=matched benchmark read auditReason= tracePath=[0:OPERATION:Merchant=query -> 1:REQUEST:Merchant= -> 2:PROVIDER:postgresql= -> 3:SQL:select=] mutationLineage=[]
SQL: -- TeaQL PLAIN
SELECT id, name, code, external_id AS externalId, task_life_hours AS taskLifeHours, version, platform FROM merchant_data WHERE (version > 0) AND (external_id = 'matched-merchant') LIMIT 1000 OFFSET 0
[TeaQL SQL][query][329us] 1 rows returned outcome=success batchOutcome=not_applicable comment=matched merchant read with relation purpose=matched benchmark read auditReason= tracePath=[0:OPERATION:Merchant=query -> 1:REQUEST:Merchant= -> 2:PROVIDER:postgresql= -> 3:SQL:select=] mutationLineage=[]
SQL: -- TeaQL PLAIN
SELECT id, name, code, external_id AS externalId, task_life_hours AS taskLifeHours, version, platform FROM merchant_data WHERE (version > 0) AND (external_id = 'matched-merchant') LIMIT 1000 OFFSET 0
[TeaQL SQL][query][277us] 1 rows returned outcome=success batchOutcome=not_applicable comment=matched merchant read with relation purpose=matched benchmark read auditReason= tracePath=[0:OPERATION:Merchant=query -> 1:REQUEST:Merchant= -> 2:RELATION:platform=Merchant.platform -> 3:PROVIDER:postgresql= -> 4:SQL:select=] mutationLineage=[]
SQL: -- TeaQL PLAIN
SELECT id, create_time AS createTime, last_update_time AS lastUpdateTime, name, version FROM platform_data WHERE (version > 0) AND (id = 1) LIMIT 1 OFFSET 0
[TeaQL SQL][query][232us] 1 rows returned outcome=success batchOutcome=not_applicable comment=matched merchant read with relation purpose=matched benchmark read auditReason= tracePath=[0:OPERATION:Merchant=query -> 1:REQUEST:Merchant= -> 2:RELATION:platform=Merchant.platform -> 3:PROVIDER:postgresql= -> 4:SQL:select=] mutationLineage=[]
SQL: -- TeaQL PLAIN
SELECT id, create_time AS createTime, last_update_time AS lastUpdateTime, name, version FROM platform_data WHERE (version > 0) AND (id = 1) LIMIT 1 OFFSET 0
[TeaQL SQL][query][316us] 1 rows returned outcome=success batchOutcome=not_applicable comment=matched merchant read with relation purpose=matched benchmark read auditReason= tracePath=[0:OPERATION:Merchant=query -> 1:REQUEST:Merchant= -> 2:PROVIDER:postgresql= -> 3:SQL:select=] mutationLineage=[]
SQL: -- TeaQL PLAIN
SELECT id, name, code, external_id AS externalId, task_life_hours AS taskLifeHours, version, platform FROM merchant_data WHERE (version > 0) AND (external_id = 'matched-merchant') LIMIT 1000 OFFSET 0
[TeaQL SQL][query][316us] 1 rows returned outcome=success batchOutcome=not_applicable comment=matched merchant read with relation purpose=matched benchmark read auditReason= tracePath=[0:OPERATION:Merchant=query -> 1:REQUEST:Merchant= -> 2:PROVIDER:postgresql= -> 3:SQL:select=] mutationLineage=[]
SQL: -- TeaQL PLAIN
SELECT id, name, code, external_id AS externalId, task_life_hours AS taskLifeHours, version, platform FROM merchant_data WHERE (version > 0) AND (external_id = 'matched-merchant') LIMIT 1000 OFFSET 0
[TeaQL SQL][query][252us] 1 rows returned outcome=success batchOutcome=not_applicable comment=matched merchant read with relation purpose=matched benchmark read auditReason= tracePath=[0:OPERATION:Merchant=query -> 1:REQUEST:Merchant= -> 2:RELATION:platform=Merchant.platform -> 3:PROVIDER:postgresql= -> 4:SQL:select=] mutationLineage=[]
SQL: -- TeaQL PLAIN
SELECT id, create_time AS createTime, last_update_time AS lastUpdateTime, name, version FROM platform_data WHERE (version > 0) AND (id = 1) LIMIT 1 OFFSET 0
[TeaQL SQL][query][282us] 1 rows returned outcome=success batchOutcome=not_applicable comment=matched merchant read with relation purpose=matched benchmark read auditReason= tracePath=[0:OPERATION:Merchant=query -> 1:REQUEST:Merchant= -> 2:RELATION:platform=Merchant.platform -> 3:PROVIDER:postgresql= -> 4:SQL:select=] mutationLineage=[]
SQL: -- TeaQL PLAIN
SELECT id, create_time AS createTime, last_update_time AS lastUpdateTime, name, version FROM platform_data WHERE (version > 0) AND (id = 1) LIMIT 1 OFFSET 0
[TeaQL SQL][query][230us] 1 rows returned outcome=success batchOutcome=not_applicable comment=matched merchant read with relation purpose=matched benchmark read auditReason= tracePath=[0:OPERATION:Merchant=query -> 1:REQUEST:Merchant= -> 2:PROVIDER:postgresql= -> 3:SQL:select=] mutationLineage=[]
SQL: -- TeaQL PLAIN
SELECT id, name, code, external_id AS externalId, task_life_hours AS taskLifeHours, version, platform FROM merchant_data WHERE (version > 0) AND (external_id = 'matched-merchant') LIMIT 1000 OFFSET 0
[TeaQL SQL][query][205us] 1 rows returned outcome=success batchOutcome=not_applicable comment=matched merchant read with relation purpose=matched benchmark read auditReason= tracePath=[0:OPERATION:Merchant=query -> 1:REQUEST:Merchant= -> 2:RELATION:platform=Merchant.platform -> 3:PROVIDER:postgresql= -> 4:SQL:select=] mutationLineage=[]
SQL: -- TeaQL PLAIN
SELECT id, create_time AS createTime, last_update_time AS lastUpdateTime, name, version FROM platform_data WHERE (version > 0) AND (id = 1) LIMIT 1 OFFSET 0
[TeaQL SQL][query][279us] 1 rows returned outcome=success batchOutcome=not_applicable comment=matched merchant read with relation purpose=matched benchmark read auditReason= tracePath=[0:OPERATION:Merchant=query -> 1:REQUEST:Merchant= -> 2:PROVIDER:postgresql= -> 3:SQL:select=] mutationLineage=[]
SQL: -- TeaQL PLAIN
SELECT id, name, code, external_id AS externalId, task_life_hours AS taskLifeHours, version, platform FROM merchant_data WHERE (version > 0) AND (external_id = 'matched-merchant') LIMIT 1000 OFFSET 0
[TeaQL SQL][query][234us] 1 rows returned outcome=success batchOutcome=not_applicable comment=matched merchant read with relation purpose=matched benchmark read auditReason= tracePath=[0:OPERATION:Merchant=query -> 1:REQUEST:Merchant= -> 2:RELATION:platform=Merchant.platform -> 3:PROVIDER:postgresql= -> 4:SQL:select=] mutationLineage=[]
SQL: -- TeaQL PLAIN
SELECT id, create_time AS createTime, last_update_time AS lastUpdateTime, name, version FROM platform_data WHERE (version > 0) AND (id = 1) LIMIT 1 OFFSET 0
[TeaQL SQL][query][302us] 1 rows returned outcome=success batchOutcome=not_applicable comment=matched merchant read with relation purpose=matched benchmark read auditReason= tracePath=[0:OPERATION:Merchant=query -> 1:REQUEST:Merchant= -> 2:PROVIDER:postgresql= -> 3:SQL:select=] mutationLineage=[]
SQL: -- TeaQL PLAIN
SELECT id, name, code, external_id AS externalId, task_life_hours AS taskLifeHours, version, platform FROM merchant_data WHERE (version > 0) AND (external_id = 'matched-merchant') LIMIT 1000 OFFSET 0
[TeaQL SQL][query][262us] 1 rows returned outcome=success batchOutcome=not_applicable comment=matched merchant read with relation purpose=matched benchmark read auditReason= tracePath=[0:OPERATION:Merchant=query -> 1:REQUEST:Merchant= -> 2:RELATION:platform=Merchant.platform -> 3:PROVIDER:postgresql= -> 4:SQL:select=] mutationLineage=[]
SQL: -- TeaQL PLAIN
SELECT id, create_time AS createTime, last_update_time AS lastUpdateTime, name, version FROM platform_data WHERE (version > 0) AND (id = 1) LIMIT 1 OFFSET 0
[TeaQL SQL][query][398us] 1 rows returned outcome=success batchOutcome=not_applicable comment=matched merchant read with relation purpose=matched benchmark read auditReason= tracePath=[0:OPERATION:Merchant=query -> 1:REQUEST:Merchant= -> 2:PROVIDER:postgresql= -> 3:SQL:select=] mutationLineage=[]
SQL: -- TeaQL PLAIN
SELECT id, name, code, external_id AS externalId, task_life_hours AS taskLifeHours, version, platform FROM merchant_data WHERE (version > 0) AND (external_id = 'matched-merchant') LIMIT 1000 OFFSET 0
[TeaQL SQL][query][398us] 1 rows returned outcome=success batchOutcome=not_applicable comment=matched merchant read with relation purpose=matched benchmark read auditReason= tracePath=[0:OPERATION:Merchant=query -> 1:REQUEST:Merchant= -> 2:PROVIDER:postgresql= -> 3:SQL:select=] mutationLineage=[]
SQL: -- TeaQL PLAIN
SELECT id, name, code, external_id AS externalId, task_life_hours AS taskLifeHours, version, platform FROM merchant_data WHERE (version > 0) AND (external_id = 'matched-merchant') LIMIT 1000 OFFSET 0
[TeaQL SQL][query][278us] 1 rows returned outcome=success batchOutcome=not_applicable comment=matched merchant read with relation purpose=matched benchmark read auditReason= tracePath=[0:OPERATION:Merchant=query -> 1:REQUEST:Merchant= -> 2:RELATION:platform=Merchant.platform -> 3:PROVIDER:postgresql= -> 4:SQL:select=] mutationLineage=[]
SQL: -- TeaQL PLAIN
SELECT id, create_time AS createTime, last_update_time AS lastUpdateTime, name, version FROM platform_data WHERE (version > 0) AND (id = 1) LIMIT 1 OFFSET 0
[TeaQL SQL][query][268us] 1 rows returned outcome=success batchOutcome=not_applicable comment=matched merchant read with relation purpose=matched benchmark read auditReason= tracePath=[0:OPERATION:Merchant=query -> 1:REQUEST:Merchant= -> 2:RELATION:platform=Merchant.platform -> 3:PROVIDER:postgresql= -> 4:SQL:select=] mutationLineage=[]
SQL: -- TeaQL PLAIN
SELECT id, create_time AS createTime, last_update_time AS lastUpdateTime, name, version FROM platform_data WHERE (version > 0) AND (id = 1) LIMIT 1 OFFSET 0
[TeaQL SQL][query][337us] 1 rows returned outcome=success batchOutcome=not_applicable comment=matched merchant read with relation purpose=matched benchmark read auditReason= tracePath=[0:OPERATION:Merchant=query -> 1:REQUEST:Merchant= -> 2:PROVIDER:postgresql= -> 3:SQL:select=] mutationLineage=[]
SQL: -- TeaQL PLAIN
SELECT id, name, code, external_id AS externalId, task_life_hours AS taskLifeHours, version, platform FROM merchant_data WHERE (version > 0) AND (external_id = 'matched-merchant') LIMIT 1000 OFFSET 0
[TeaQL SQL][query][362us] 1 rows returned outcome=success batchOutcome=not_applicable comment=matched merchant read with relation purpose=matched benchmark read auditReason= tracePath=[0:OPERATION:Merchant=query -> 1:REQUEST:Merchant= -> 2:RELATION:platform=Merchant.platform -> 3:PROVIDER:postgresql= -> 4:SQL:select=] mutationLineage=[]
SQL: -- TeaQL PLAIN
SELECT id, create_time AS createTime, last_update_time AS lastUpdateTime, name, version FROM platform_data WHERE (version > 0) AND (id = 1) LIMIT 1 OFFSET 0
[TeaQL SQL][query][374us] 1 rows returned outcome=success batchOutcome=not_applicable comment=matched merchant read with relation purpose=matched benchmark read auditReason= tracePath=[0:OPERATION:Merchant=query -> 1:REQUEST:Merchant= -> 2:PROVIDER:postgresql= -> 3:SQL:select=] mutationLineage=[]
SQL: -- TeaQL PLAIN
SELECT id, name, code, external_id AS externalId, task_life_hours AS taskLifeHours, version, platform FROM merchant_data WHERE (version > 0) AND (external_id = 'matched-merchant') LIMIT 1000 OFFSET 0
[TeaQL SQL][query][246us] 1 rows returned outcome=success batchOutcome=not_applicable comment=matched merchant read with relation purpose=matched benchmark read auditReason= tracePath=[0:OPERATION:Merchant=query -> 1:REQUEST:Merchant= -> 2:RELATION:platform=Merchant.platform -> 3:PROVIDER:postgresql= -> 4:SQL:select=] mutationLineage=[]
SQL: -- TeaQL PLAIN
SELECT id, create_time AS createTime, last_update_time AS lastUpdateTime, name, version FROM platform_data WHERE (version > 0) AND (id = 1) LIMIT 1 OFFSET 0
[TeaQL SQL][query][278us] 1 rows returned outcome=success batchOutcome=not_applicable comment=matched merchant read with relation purpose=matched benchmark read auditReason= tracePath=[0:OPERATION:Merchant=query -> 1:REQUEST:Merchant= -> 2:PROVIDER:postgresql= -> 3:SQL:select=] mutationLineage=[]
SQL: -- TeaQL PLAIN
SELECT id, name, code, external_id AS externalId, task_life_hours AS taskLifeHours, version, platform FROM merchant_data WHERE (version > 0) AND (external_id = 'matched-merchant') LIMIT 1000 OFFSET 0
[TeaQL SQL][query][202us] 1 rows returned outcome=success batchOutcome=not_applicable comment=matched merchant read with relation purpose=matched benchmark read auditReason= tracePath=[0:OPERATION:Merchant=query -> 1:REQUEST:Merchant= -> 2:RELATION:platform=Merchant.platform -> 3:PROVIDER:postgresql= -> 4:SQL:select=] mutationLineage=[]
SQL: -- TeaQL PLAIN
SELECT id, create_time AS createTime, last_update_time AS lastUpdateTime, name, version FROM platform_data WHERE (version > 0) AND (id = 1) LIMIT 1 OFFSET 0
[TeaQL SQL][query][311us] 1 rows returned outcome=success batchOutcome=not_applicable comment=matched merchant read with relation purpose=matched benchmark read auditReason= tracePath=[0:OPERATION:Merchant=query -> 1:REQUEST:Merchant= -> 2:PROVIDER:postgresql= -> 3:SQL:select=] mutationLineage=[]
SQL: -- TeaQL PLAIN
SELECT id, name, code, external_id AS externalId, task_life_hours AS taskLifeHours, version, platform FROM merchant_data WHERE (version > 0) AND (external_id = 'matched-merchant') LIMIT 1000 OFFSET 0
[TeaQL SQL][query][260us] 1 rows returned outcome=success batchOutcome=not_applicable comment=matched merchant read with relation purpose=matched benchmark read auditReason= tracePath=[0:OPERATION:Merchant=query -> 1:REQUEST:Merchant= -> 2:RELATION:platform=Merchant.platform -> 3:PROVIDER:postgresql= -> 4:SQL:select=] mutationLineage=[]
SQL: -- TeaQL PLAIN
SELECT id, create_time AS createTime, last_update_time AS lastUpdateTime, name, version FROM platform_data WHERE (version > 0) AND (id = 1) LIMIT 1 OFFSET 0
[TeaQL SQL][query][311us] 1 rows returned outcome=success batchOutcome=not_applicable comment=matched merchant read with relation purpose=matched benchmark read auditReason= tracePath=[0:OPERATION:Merchant=query -> 1:REQUEST:Merchant= -> 2:PROVIDER:postgresql= -> 3:SQL:select=] mutationLineage=[]
SQL: -- TeaQL PLAIN
SELECT id, name, code, external_id AS externalId, task_life_hours AS taskLifeHours, version, platform FROM merchant_data WHERE (version > 0) AND (external_id = 'matched-merchant') LIMIT 1000 OFFSET 0
[TeaQL SQL][query][330us] 1 rows returned outcome=success batchOutcome=not_applicable comment=matched merchant read with relation purpose=matched benchmark read auditReason= tracePath=[0:OPERATION:Merchant=query -> 1:REQUEST:Merchant= -> 2:PROVIDER:postgresql= -> 3:SQL:select=] mutationLineage=[]
SQL: -- TeaQL PLAIN
SELECT id, name, code, external_id AS externalId, task_life_hours AS taskLifeHours, version, platform FROM merchant_data WHERE (version > 0) AND (external_id = 'matched-merchant') LIMIT 1000 OFFSET 0
[TeaQL SQL][query][253us] 1 rows returned outcome=success batchOutcome=not_applicable comment=matched merchant read with relation purpose=matched benchmark read auditReason= tracePath=[0:OPERATION:Merchant=query -> 1:REQUEST:Merchant= -> 2:RELATION:platform=Merchant.platform -> 3:PROVIDER:postgresql= -> 4:SQL:select=] mutationLineage=[]
SQL: -- TeaQL PLAIN
SELECT id, create_time AS createTime, last_update_time AS lastUpdateTime, name, version FROM platform_data WHERE (version > 0) AND (id = 1) LIMIT 1 OFFSET 0
[TeaQL SQL][query][249us] 1 rows returned outcome=success batchOutcome=not_applicable comment=matched merchant read with relation purpose=matched benchmark read auditReason= tracePath=[0:OPERATION:Merchant=query -> 1:REQUEST:Merchant= -> 2:RELATION:platform=Merchant.platform -> 3:PROVIDER:postgresql= -> 4:SQL:select=] mutationLineage=[]
SQL: -- TeaQL PLAIN
SELECT id, create_time AS createTime, last_update_time AS lastUpdateTime, name, version FROM platform_data WHERE (version > 0) AND (id = 1) LIMIT 1 OFFSET 0
[TeaQL SQL][query][318us] 1 rows returned outcome=success batchOutcome=not_applicable comment=matched merchant read with relation purpose=matched benchmark read auditReason= tracePath=[0:OPERATION:Merchant=query -> 1:REQUEST:Merchant= -> 2:PROVIDER:postgresql= -> 3:SQL:select=] mutationLineage=[]
SQL: -- TeaQL PLAIN
SELECT id, name, code, external_id AS externalId, task_life_hours AS taskLifeHours, version, platform FROM merchant_data WHERE (version > 0) AND (external_id = 'matched-merchant') LIMIT 1000 OFFSET 0
[TeaQL SQL][query][243us] 1 rows returned outcome=success batchOutcome=not_applicable comment=matched merchant read with relation purpose=matched benchmark read auditReason= tracePath=[0:OPERATION:Merchant=query -> 1:REQUEST:Merchant= -> 2:RELATION:platform=Merchant.platform -> 3:PROVIDER:postgresql= -> 4:SQL:select=] mutationLineage=[]
SQL: -- TeaQL PLAIN
SELECT id, create_time AS createTime, last_update_time AS lastUpdateTime, name, version FROM platform_data WHERE (version > 0) AND (id = 1) LIMIT 1 OFFSET 0
[TeaQL SQL][query][380us] 1 rows returned outcome=success batchOutcome=not_applicable comment=matched merchant read with relation purpose=matched benchmark read auditReason= tracePath=[0:OPERATION:Merchant=query -> 1:REQUEST:Merchant= -> 2:PROVIDER:postgresql= -> 3:SQL:select=] mutationLineage=[]
SQL: -- TeaQL PLAIN
SELECT id, name, code, external_id AS externalId, task_life_hours AS taskLifeHours, version, platform FROM merchant_data WHERE (version > 0) AND (external_id = 'matched-merchant') LIMIT 1000 OFFSET 0
[TeaQL SQL][query][277us] 1 rows returned outcome=success batchOutcome=not_applicable comment=matched merchant read with relation purpose=matched benchmark read auditReason= tracePath=[0:OPERATION:Merchant=query -> 1:REQUEST:Merchant= -> 2:RELATION:platform=Merchant.platform -> 3:PROVIDER:postgresql= -> 4:SQL:select=] mutationLineage=[]
SQL: -- TeaQL PLAIN
SELECT id, create_time AS createTime, last_update_time AS lastUpdateTime, name, version FROM platform_data WHERE (version > 0) AND (id = 1) LIMIT 1 OFFSET 0
[TeaQL SQL][query][344us] 1 rows returned outcome=success batchOutcome=not_applicable comment=matched merchant read with relation purpose=matched benchmark read auditReason= tracePath=[0:OPERATION:Merchant=query -> 1:REQUEST:Merchant= -> 2:PROVIDER:postgresql= -> 3:SQL:select=] mutationLineage=[]
SQL: -- TeaQL PLAIN
SELECT id, name, code, external_id AS externalId, task_life_hours AS taskLifeHours, version, platform FROM merchant_data WHERE (version > 0) AND (external_id = 'matched-merchant') LIMIT 1000 OFFSET 0
[TeaQL SQL][query][266us] 1 rows returned outcome=success batchOutcome=not_applicable comment=matched merchant read with relation purpose=matched benchmark read auditReason= tracePath=[0:OPERATION:Merchant=query -> 1:REQUEST:Merchant= -> 2:RELATION:platform=Merchant.platform -> 3:PROVIDER:postgresql= -> 4:SQL:select=] mutationLineage=[]
SQL: -- TeaQL PLAIN
SELECT id, create_time AS createTime, last_update_time AS lastUpdateTime, name, version FROM platform_data WHERE (version > 0) AND (id = 1) LIMIT 1 OFFSET 0
[TeaQL SQL][query][387us] 1 rows returned outcome=success batchOutcome=not_applicable comment=matched merchant read with relation purpose=matched benchmark read auditReason= tracePath=[0:OPERATION:Merchant=query -> 1:REQUEST:Merchant= -> 2:PROVIDER:postgresql= -> 3:SQL:select=] mutationLineage=[]
SQL: -- TeaQL PLAIN
SELECT id, name, code, external_id AS externalId, task_life_hours AS taskLifeHours, version, platform FROM merchant_data WHERE (version > 0) AND (external_id = 'matched-merchant') LIMIT 1000 OFFSET 0
[TeaQL SQL][query][384us] 1 rows returned outcome=success batchOutcome=not_applicable comment=matched merchant read with relation purpose=matched benchmark read auditReason= tracePath=[0:OPERATION:Merchant=query -> 1:REQUEST:Merchant= -> 2:PROVIDER:postgresql= -> 3:SQL:select=] mutationLineage=[]
SQL: -- TeaQL PLAIN
SELECT id, name, code, external_id AS externalId, task_life_hours AS taskLifeHours, version, platform FROM merchant_data WHERE (version > 0) AND (external_id = 'matched-merchant') LIMIT 1000 OFFSET 0
[TeaQL SQL][query][281us] 1 rows returned outcome=success batchOutcome=not_applicable comment=matched merchant read with relation purpose=matched benchmark read auditReason= tracePath=[0:OPERATION:Merchant=query -> 1:REQUEST:Merchant= -> 2:PROVIDER:postgresql= -> 3:SQL:select=] mutationLineage=[]
SQL: -- TeaQL PLAIN
SELECT id, name, code, external_id AS externalId, task_life_hours AS taskLifeHours, version, platform FROM merchant_data WHERE (version > 0) AND (external_id = 'matched-merchant') LIMIT 1000 OFFSET 0
[TeaQL SQL][query][274us] 1 rows returned outcome=success batchOutcome=not_applicable comment=matched merchant read with relation purpose=matched benchmark read auditReason= tracePath=[0:OPERATION:Merchant=query -> 1:REQUEST:Merchant= -> 2:RELATION:platform=Merchant.platform -> 3:PROVIDER:postgresql= -> 4:SQL:select=] mutationLineage=[]
SQL: -- TeaQL PLAIN
SELECT id, create_time AS createTime, last_update_time AS lastUpdateTime, name, version FROM platform_data WHERE (version > 0) AND (id = 1) LIMIT 1 OFFSET 0
[TeaQL SQL][query][278us] 1 rows returned outcome=success batchOutcome=not_applicable comment=matched merchant read with relation purpose=matched benchmark read auditReason= tracePath=[0:OPERATION:Merchant=query -> 1:REQUEST:Merchant= -> 2:RELATION:platform=Merchant.platform -> 3:PROVIDER:postgresql= -> 4:SQL:select=] mutationLineage=[]
SQL: -- TeaQL PLAIN
SELECT id, create_time AS createTime, last_update_time AS lastUpdateTime, name, version FROM platform_data WHERE (version > 0) AND (id = 1) LIMIT 1 OFFSET 0
[TeaQL SQL][query][237us] 1 rows returned outcome=success batchOutcome=not_applicable comment=matched merchant read with relation purpose=matched benchmark read auditReason= tracePath=[0:OPERATION:Merchant=query -> 1:REQUEST:Merchant= -> 2:RELATION:platform=Merchant.platform -> 3:PROVIDER:postgresql= -> 4:SQL:select=] mutationLineage=[]
SQL: -- TeaQL PLAIN
SELECT id, create_time AS createTime, last_update_time AS lastUpdateTime, name, version FROM platform_data WHERE (version > 0) AND (id = 1) LIMIT 1 OFFSET 0
[TeaQL SQL][query][295us] 1 rows returned outcome=success batchOutcome=not_applicable comment=matched merchant read with relation purpose=matched benchmark read auditReason= tracePath=[0:OPERATION:Merchant=query -> 1:REQUEST:Merchant= -> 2:PROVIDER:postgresql= -> 3:SQL:select=] mutationLineage=[]
SQL: -- TeaQL PLAIN
SELECT id, name, code, external_id AS externalId, task_life_hours AS taskLifeHours, version, platform FROM merchant_data WHERE (version > 0) AND (external_id = 'matched-merchant') LIMIT 1000 OFFSET 0
[TeaQL SQL][query][250us] 1 rows returned outcome=success batchOutcome=not_applicable comment=matched merchant read with relation purpose=matched benchmark read auditReason= tracePath=[0:OPERATION:Merchant=query -> 1:REQUEST:Merchant= -> 2:RELATION:platform=Merchant.platform -> 3:PROVIDER:postgresql= -> 4:SQL:select=] mutationLineage=[]
SQL: -- TeaQL PLAIN
SELECT id, create_time AS createTime, last_update_time AS lastUpdateTime, name, version FROM platform_data WHERE (version > 0) AND (id = 1) LIMIT 1 OFFSET 0
[TeaQL SQL][query][229us] 1 rows returned outcome=success batchOutcome=not_applicable comment=matched merchant read with relation purpose=matched benchmark read auditReason= tracePath=[0:OPERATION:Merchant=query -> 1:REQUEST:Merchant= -> 2:PROVIDER:postgresql= -> 3:SQL:select=] mutationLineage=[]
SQL: -- TeaQL PLAIN
SELECT id, name, code, external_id AS externalId, task_life_hours AS taskLifeHours, version, platform FROM merchant_data WHERE (version > 0) AND (external_id = 'matched-merchant') LIMIT 1000 OFFSET 0
[TeaQL SQL][query][205us] 1 rows returned outcome=success batchOutcome=not_applicable comment=matched merchant read with relation purpose=matched benchmark read auditReason= tracePath=[0:OPERATION:Merchant=query -> 1:REQUEST:Merchant= -> 2:RELATION:platform=Merchant.platform -> 3:PROVIDER:postgresql= -> 4:SQL:select=] mutationLineage=[]
SQL: -- TeaQL PLAIN
SELECT id, create_time AS createTime, last_update_time AS lastUpdateTime, name, version FROM platform_data WHERE (version > 0) AND (id = 1) LIMIT 1 OFFSET 0
[TeaQL SQL][query][449us] 1 rows returned outcome=success batchOutcome=not_applicable comment=matched merchant read with relation purpose=matched benchmark read auditReason= tracePath=[0:OPERATION:Merchant=query -> 1:REQUEST:Merchant= -> 2:PROVIDER:postgresql= -> 3:SQL:select=] mutationLineage=[]
SQL: -- TeaQL PLAIN
SELECT id, name, code, external_id AS externalId, task_life_hours AS taskLifeHours, version, platform FROM merchant_data WHERE (version > 0) AND (external_id = 'matched-merchant') LIMIT 1000 OFFSET 0
[TeaQL SQL][query][406us] 1 rows returned outcome=success batchOutcome=not_applicable comment=matched merchant read with relation purpose=matched benchmark read auditReason= tracePath=[0:OPERATION:Merchant=query -> 1:REQUEST:Merchant= -> 2:PROVIDER:postgresql= -> 3:SQL:select=] mutationLineage=[]
SQL: -- TeaQL PLAIN
SELECT id, name, code, external_id AS externalId, task_life_hours AS taskLifeHours, version, platform FROM merchant_data WHERE (version > 0) AND (external_id = 'matched-merchant') LIMIT 1000 OFFSET 0
[TeaQL SQL][query][265us] 1 rows returned outcome=success batchOutcome=not_applicable comment=matched merchant read with relation purpose=matched benchmark read auditReason= tracePath=[0:OPERATION:Merchant=query -> 1:REQUEST:Merchant= -> 2:PROVIDER:postgresql= -> 3:SQL:select=] mutationLineage=[]
SQL: -- TeaQL PLAIN
SELECT id, name, code, external_id AS externalId, task_life_hours AS taskLifeHours, version, platform FROM merchant_data WHERE (version > 0) AND (external_id = 'matched-merchant') LIMIT 1000 OFFSET 0
[TeaQL SQL][query][277us] 1 rows returned outcome=success batchOutcome=not_applicable comment=matched merchant read with relation purpose=matched benchmark read auditReason= tracePath=[0:OPERATION:Merchant=query -> 1:REQUEST:Merchant= -> 2:RELATION:platform=Merchant.platform -> 3:PROVIDER:postgresql= -> 4:SQL:select=] mutationLineage=[]
SQL: -- TeaQL PLAIN
SELECT id, create_time AS createTime, last_update_time AS lastUpdateTime, name, version FROM platform_data WHERE (version > 0) AND (id = 1) LIMIT 1 OFFSET 0
[TeaQL SQL][query][274us] 1 rows returned outcome=success batchOutcome=not_applicable comment=matched merchant read with relation purpose=matched benchmark read auditReason= tracePath=[0:OPERATION:Merchant=query -> 1:REQUEST:Merchant= -> 2:RELATION:platform=Merchant.platform -> 3:PROVIDER:postgresql= -> 4:SQL:select=] mutationLineage=[]
SQL: -- TeaQL PLAIN
SELECT id, create_time AS createTime, last_update_time AS lastUpdateTime, name, version FROM platform_data WHERE (version > 0) AND (id = 1) LIMIT 1 OFFSET 0
[TeaQL SQL][query][284us] 1 rows returned outcome=success batchOutcome=not_applicable comment=matched merchant read with relation purpose=matched benchmark read auditReason= tracePath=[0:OPERATION:Merchant=query -> 1:REQUEST:Merchant= -> 2:RELATION:platform=Merchant.platform -> 3:PROVIDER:postgresql= -> 4:SQL:select=] mutationLineage=[]
SQL: -- TeaQL PLAIN
SELECT id, create_time AS createTime, last_update_time AS lastUpdateTime, name, version FROM platform_data WHERE (version > 0) AND (id = 1) LIMIT 1 OFFSET 0
[TeaQL SQL][query][337us] 1 rows returned outcome=success batchOutcome=not_applicable comment=matched merchant read with relation purpose=matched benchmark read auditReason= tracePath=[0:OPERATION:Merchant=query -> 1:REQUEST:Merchant= -> 2:PROVIDER:postgresql= -> 3:SQL:select=] mutationLineage=[]
SQL: -- TeaQL PLAIN
SELECT id, name, code, external_id AS externalId, task_life_hours AS taskLifeHours, version, platform FROM merchant_data WHERE (version > 0) AND (external_id = 'matched-merchant') LIMIT 1000 OFFSET 0
[TeaQL SQL][query][266us] 1 rows returned outcome=success batchOutcome=not_applicable comment=matched merchant read with relation purpose=matched benchmark read auditReason= tracePath=[0:OPERATION:Merchant=query -> 1:REQUEST:Merchant= -> 2:RELATION:platform=Merchant.platform -> 3:PROVIDER:postgresql= -> 4:SQL:select=] mutationLineage=[]
SQL: -- TeaQL PLAIN
SELECT id, create_time AS createTime, last_update_time AS lastUpdateTime, name, version FROM platform_data WHERE (version > 0) AND (id = 1) LIMIT 1 OFFSET 0
[TeaQL SQL][query][317us] 1 rows returned outcome=success batchOutcome=not_applicable comment=matched merchant read with relation purpose=matched benchmark read auditReason= tracePath=[0:OPERATION:Merchant=query -> 1:REQUEST:Merchant= -> 2:PROVIDER:postgresql= -> 3:SQL:select=] mutationLineage=[]
SQL: -- TeaQL PLAIN
SELECT id, name, code, external_id AS externalId, task_life_hours AS taskLifeHours, version, platform FROM merchant_data WHERE (version > 0) AND (external_id = 'matched-merchant') LIMIT 1000 OFFSET 0
[TeaQL SQL][query][242us] 1 rows returned outcome=success batchOutcome=not_applicable comment=matched merchant read with relation purpose=matched benchmark read auditReason= tracePath=[0:OPERATION:Merchant=query -> 1:REQUEST:Merchant= -> 2:RELATION:platform=Merchant.platform -> 3:PROVIDER:postgresql= -> 4:SQL:select=] mutationLineage=[]
SQL: -- TeaQL PLAIN
SELECT id, create_time AS createTime, last_update_time AS lastUpdateTime, name, version FROM platform_data WHERE (version > 0) AND (id = 1) LIMIT 1 OFFSET 0
[TeaQL SQL][query][277us] 1 rows returned outcome=success batchOutcome=not_applicable comment=matched merchant read with relation purpose=matched benchmark read auditReason= tracePath=[0:OPERATION:Merchant=query -> 1:REQUEST:Merchant= -> 2:PROVIDER:postgresql= -> 3:SQL:select=] mutationLineage=[]
SQL: -- TeaQL PLAIN
SELECT id, name, code, external_id AS externalId, task_life_hours AS taskLifeHours, version, platform FROM merchant_data WHERE (version > 0) AND (external_id = 'matched-merchant') LIMIT 1000 OFFSET 0
[TeaQL SQL][query][262us] 1 rows returned outcome=success batchOutcome=not_applicable comment=matched merchant read with relation purpose=matched benchmark read auditReason= tracePath=[0:OPERATION:Merchant=query -> 1:REQUEST:Merchant= -> 2:RELATION:platform=Merchant.platform -> 3:PROVIDER:postgresql= -> 4:SQL:select=] mutationLineage=[]
SQL: -- TeaQL PLAIN
SELECT id, create_time AS createTime, last_update_time AS lastUpdateTime, name, version FROM platform_data WHERE (version > 0) AND (id = 1) LIMIT 1 OFFSET 0
[TeaQL SQL][query][403us] 1 rows returned outcome=success batchOutcome=not_applicable comment=matched merchant read with relation purpose=matched benchmark read auditReason= tracePath=[0:OPERATION:Merchant=query -> 1:REQUEST:Merchant= -> 2:PROVIDER:postgresql= -> 3:SQL:select=] mutationLineage=[]
SQL: -- TeaQL PLAIN
SELECT id, name, code, external_id AS externalId, task_life_hours AS taskLifeHours, version, platform FROM merchant_data WHERE (version > 0) AND (external_id = 'matched-merchant') LIMIT 1000 OFFSET 0
[TeaQL SQL][query][339us] 1 rows returned outcome=success batchOutcome=not_applicable comment=matched merchant read with relation purpose=matched benchmark read auditReason= tracePath=[0:OPERATION:Merchant=query -> 1:REQUEST:Merchant= -> 2:RELATION:platform=Merchant.platform -> 3:PROVIDER:postgresql= -> 4:SQL:select=] mutationLineage=[]
SQL: -- TeaQL PLAIN
SELECT id, create_time AS createTime, last_update_time AS lastUpdateTime, name, version FROM platform_data WHERE (version > 0) AND (id = 1) LIMIT 1 OFFSET 0
[TeaQL SQL][query][403us] 1 rows returned outcome=success batchOutcome=not_applicable comment=matched merchant read with relation purpose=matched benchmark read auditReason= tracePath=[0:OPERATION:Merchant=query -> 1:REQUEST:Merchant= -> 2:PROVIDER:postgresql= -> 3:SQL:select=] mutationLineage=[]
SQL: -- TeaQL PLAIN
SELECT id, name, code, external_id AS externalId, task_life_hours AS taskLifeHours, version, platform FROM merchant_data WHERE (version > 0) AND (external_id = 'matched-merchant') LIMIT 1000 OFFSET 0
[TeaQL SQL][query][312us] 1 rows returned outcome=success batchOutcome=not_applicable comment=matched merchant read with relation purpose=matched benchmark read auditReason= tracePath=[0:OPERATION:Merchant=query -> 1:REQUEST:Merchant= -> 2:RELATION:platform=Merchant.platform -> 3:PROVIDER:postgresql= -> 4:SQL:select=] mutationLineage=[]
SQL: -- TeaQL PLAIN
SELECT id, create_time AS createTime, last_update_time AS lastUpdateTime, name, version FROM platform_data WHERE (version > 0) AND (id = 1) LIMIT 1 OFFSET 0
[TeaQL SQL][query][414us] 1 rows returned outcome=success batchOutcome=not_applicable comment=matched merchant read with relation purpose=matched benchmark read auditReason= tracePath=[0:OPERATION:Merchant=query -> 1:REQUEST:Merchant= -> 2:PROVIDER:postgresql= -> 3:SQL:select=] mutationLineage=[]
SQL: -- TeaQL PLAIN
SELECT id, name, code, external_id AS externalId, task_life_hours AS taskLifeHours, version, platform FROM merchant_data WHERE (version > 0) AND (external_id = 'matched-merchant') LIMIT 1000 OFFSET 0
[TeaQL SQL][query][251us] 1 rows returned outcome=success batchOutcome=not_applicable comment=matched merchant read with relation purpose=matched benchmark read auditReason= tracePath=[0:OPERATION:Merchant=query -> 1:REQUEST:Merchant= -> 2:PROVIDER:postgresql= -> 3:SQL:select=] mutationLineage=[]
SQL: -- TeaQL PLAIN
SELECT id, name, code, external_id AS externalId, task_life_hours AS taskLifeHours, version, platform FROM merchant_data WHERE (version > 0) AND (external_id = 'matched-merchant') LIMIT 1000 OFFSET 0
[TeaQL SQL][query][216us] 1 rows returned outcome=success batchOutcome=not_applicable comment=matched merchant read with relation purpose=matched benchmark read auditReason= tracePath=[0:OPERATION:Merchant=query -> 1:REQUEST:Merchant= -> 2:RELATION:platform=Merchant.platform -> 3:PROVIDER:postgresql= -> 4:SQL:select=] mutationLineage=[]
SQL: -- TeaQL PLAIN
SELECT id, create_time AS createTime, last_update_time AS lastUpdateTime, name, version FROM platform_data WHERE (version > 0) AND (id = 1) LIMIT 1 OFFSET 0
[TeaQL SQL][query][214us] 1 rows returned outcome=success batchOutcome=not_applicable comment=matched merchant read with relation purpose=matched benchmark read auditReason= tracePath=[0:OPERATION:Merchant=query -> 1:REQUEST:Merchant= -> 2:RELATION:platform=Merchant.platform -> 3:PROVIDER:postgresql= -> 4:SQL:select=] mutationLineage=[]
SQL: -- TeaQL PLAIN
SELECT id, create_time AS createTime, last_update_time AS lastUpdateTime, name, version FROM platform_data WHERE (version > 0) AND (id = 1) LIMIT 1 OFFSET 0
[TeaQL SQL][query][273us] 1 rows returned outcome=success batchOutcome=not_applicable comment=matched merchant read with relation purpose=matched benchmark read auditReason= tracePath=[0:OPERATION:Merchant=query -> 1:REQUEST:Merchant= -> 2:PROVIDER:postgresql= -> 3:SQL:select=] mutationLineage=[]
SQL: -- TeaQL PLAIN
SELECT id, name, code, external_id AS externalId, task_life_hours AS taskLifeHours, version, platform FROM merchant_data WHERE (version > 0) AND (external_id = 'matched-merchant') LIMIT 1000 OFFSET 0
[TeaQL SQL][query][228us] 1 rows returned outcome=success batchOutcome=not_applicable comment=matched merchant read with relation purpose=matched benchmark read auditReason= tracePath=[0:OPERATION:Merchant=query -> 1:REQUEST:Merchant= -> 2:RELATION:platform=Merchant.platform -> 3:PROVIDER:postgresql= -> 4:SQL:select=] mutationLineage=[]
SQL: -- TeaQL PLAIN
SELECT id, create_time AS createTime, last_update_time AS lastUpdateTime, name, version FROM platform_data WHERE (version > 0) AND (id = 1) LIMIT 1 OFFSET 0
[TeaQL SQL][query][287us] 1 rows returned outcome=success batchOutcome=not_applicable comment=matched merchant read with relation purpose=matched benchmark read auditReason= tracePath=[0:OPERATION:Merchant=query -> 1:REQUEST:Merchant= -> 2:PROVIDER:postgresql= -> 3:SQL:select=] mutationLineage=[]
SQL: -- TeaQL PLAIN
SELECT id, name, code, external_id AS externalId, task_life_hours AS taskLifeHours, version, platform FROM merchant_data WHERE (version > 0) AND (external_id = 'matched-merchant') LIMIT 1000 OFFSET 0
[TeaQL SQL][query][306us] 1 rows returned outcome=success batchOutcome=not_applicable comment=matched merchant read with relation purpose=matched benchmark read auditReason= tracePath=[0:OPERATION:Merchant=query -> 1:REQUEST:Merchant= -> 2:PROVIDER:postgresql= -> 3:SQL:select=] mutationLineage=[]
SQL: -- TeaQL PLAIN
SELECT id, name, code, external_id AS externalId, task_life_hours AS taskLifeHours, version, platform FROM merchant_data WHERE (version > 0) AND (external_id = 'matched-merchant') LIMIT 1000 OFFSET 0
[TeaQL SQL][query][219us] 1 rows returned outcome=success batchOutcome=not_applicable comment=matched merchant read with relation purpose=matched benchmark read auditReason= tracePath=[0:OPERATION:Merchant=query -> 1:REQUEST:Merchant= -> 2:RELATION:platform=Merchant.platform -> 3:PROVIDER:postgresql= -> 4:SQL:select=] mutationLineage=[]
SQL: -- TeaQL PLAIN
SELECT id, create_time AS createTime, last_update_time AS lastUpdateTime, name, version FROM platform_data WHERE (version > 0) AND (id = 1) LIMIT 1 OFFSET 0
[TeaQL SQL][query][184us] 1 rows returned outcome=success batchOutcome=not_applicable comment=matched merchant read with relation purpose=matched benchmark read auditReason= tracePath=[0:OPERATION:Merchant=query -> 1:REQUEST:Merchant= -> 2:RELATION:platform=Merchant.platform -> 3:PROVIDER:postgresql= -> 4:SQL:select=] mutationLineage=[]
SQL: -- TeaQL PLAIN
SELECT id, create_time AS createTime, last_update_time AS lastUpdateTime, name, version FROM platform_data WHERE (version > 0) AND (id = 1) LIMIT 1 OFFSET 0
[TeaQL SQL][query][228us] 1 rows returned outcome=success batchOutcome=not_applicable comment=matched merchant read with relation purpose=matched benchmark read auditReason= tracePath=[0:OPERATION:Merchant=query -> 1:REQUEST:Merchant= -> 2:PROVIDER:postgresql= -> 3:SQL:select=] mutationLineage=[]
SQL: -- TeaQL PLAIN
SELECT id, name, code, external_id AS externalId, task_life_hours AS taskLifeHours, version, platform FROM merchant_data WHERE (version > 0) AND (external_id = 'matched-merchant') LIMIT 1000 OFFSET 0
[TeaQL SQL][query][213us] 1 rows returned outcome=success batchOutcome=not_applicable comment=matched merchant read with relation purpose=matched benchmark read auditReason= tracePath=[0:OPERATION:Merchant=query -> 1:REQUEST:Merchant= -> 2:RELATION:platform=Merchant.platform -> 3:PROVIDER:postgresql= -> 4:SQL:select=] mutationLineage=[]
SQL: -- TeaQL PLAIN
SELECT id, create_time AS createTime, last_update_time AS lastUpdateTime, name, version FROM platform_data WHERE (version > 0) AND (id = 1) LIMIT 1 OFFSET 0
[TeaQL SQL][query][444us] 1 rows returned outcome=success batchOutcome=not_applicable comment=matched merchant read with relation purpose=matched benchmark read auditReason= tracePath=[0:OPERATION:Merchant=query -> 1:REQUEST:Merchant= -> 2:PROVIDER:postgresql= -> 3:SQL:select=] mutationLineage=[]
SQL: -- TeaQL PLAIN
SELECT id, name, code, external_id AS externalId, task_life_hours AS taskLifeHours, version, platform FROM merchant_data WHERE (version > 0) AND (external_id = 'matched-merchant') LIMIT 1000 OFFSET 0
[TeaQL SQL][query][460us] 1 rows returned outcome=success batchOutcome=not_applicable comment=matched merchant read with relation purpose=matched benchmark read auditReason= tracePath=[0:OPERATION:Merchant=query -> 1:REQUEST:Merchant= -> 2:PROVIDER:postgresql= -> 3:SQL:select=] mutationLineage=[]
SQL: -- TeaQL PLAIN
SELECT id, name, code, external_id AS externalId, task_life_hours AS taskLifeHours, version, platform FROM merchant_data WHERE (version > 0) AND (external_id = 'matched-merchant') LIMIT 1000 OFFSET 0
[TeaQL SQL][query][259us] 1 rows returned outcome=success batchOutcome=not_applicable comment=matched merchant read with relation purpose=matched benchmark read auditReason= tracePath=[0:OPERATION:Merchant=query -> 1:REQUEST:Merchant= -> 2:RELATION:platform=Merchant.platform -> 3:PROVIDER:postgresql= -> 4:SQL:select=] mutationLineage=[]
SQL: -- TeaQL PLAIN
SELECT id, create_time AS createTime, last_update_time AS lastUpdateTime, name, version FROM platform_data WHERE (version > 0) AND (id = 1) LIMIT 1 OFFSET 0
[TeaQL SQL][query][255us] 1 rows returned outcome=success batchOutcome=not_applicable comment=matched merchant read with relation purpose=matched benchmark read auditReason= tracePath=[0:OPERATION:Merchant=query -> 1:REQUEST:Merchant= -> 2:RELATION:platform=Merchant.platform -> 3:PROVIDER:postgresql= -> 4:SQL:select=] mutationLineage=[]
SQL: -- TeaQL PLAIN
SELECT id, create_time AS createTime, last_update_time AS lastUpdateTime, name, version FROM platform_data WHERE (version > 0) AND (id = 1) LIMIT 1 OFFSET 0
[TeaQL SQL][query][326us] 1 rows returned outcome=success batchOutcome=not_applicable comment=matched merchant read with relation purpose=matched benchmark read auditReason= tracePath=[0:OPERATION:Merchant=query -> 1:REQUEST:Merchant= -> 2:PROVIDER:postgresql= -> 3:SQL:select=] mutationLineage=[]
SQL: -- TeaQL PLAIN
SELECT id, name, code, external_id AS externalId, task_life_hours AS taskLifeHours, version, platform FROM merchant_data WHERE (version > 0) AND (external_id = 'matched-merchant') LIMIT 1000 OFFSET 0
[TeaQL SQL][query][248us] 1 rows returned outcome=success batchOutcome=not_applicable comment=matched merchant read with relation purpose=matched benchmark read auditReason= tracePath=[0:OPERATION:Merchant=query -> 1:REQUEST:Merchant= -> 2:RELATION:platform=Merchant.platform -> 3:PROVIDER:postgresql= -> 4:SQL:select=] mutationLineage=[]
SQL: -- TeaQL PLAIN
SELECT id, create_time AS createTime, last_update_time AS lastUpdateTime, name, version FROM platform_data WHERE (version > 0) AND (id = 1) LIMIT 1 OFFSET 0
[TeaQL SQL][query][263us] 1 rows returned outcome=success batchOutcome=not_applicable comment=matched merchant read with relation purpose=matched benchmark read auditReason= tracePath=[0:OPERATION:Merchant=query -> 1:REQUEST:Merchant= -> 2:PROVIDER:postgresql= -> 3:SQL:select=] mutationLineage=[]
SQL: -- TeaQL PLAIN
SELECT id, name, code, external_id AS externalId, task_life_hours AS taskLifeHours, version, platform FROM merchant_data WHERE (version > 0) AND (external_id = 'matched-merchant') LIMIT 1000 OFFSET 0
[TeaQL SQL][query][202us] 1 rows returned outcome=success batchOutcome=not_applicable comment=matched merchant read with relation purpose=matched benchmark read auditReason= tracePath=[0:OPERATION:Merchant=query -> 1:REQUEST:Merchant= -> 2:RELATION:platform=Merchant.platform -> 3:PROVIDER:postgresql= -> 4:SQL:select=] mutationLineage=[]
SQL: -- TeaQL PLAIN
SELECT id, create_time AS createTime, last_update_time AS lastUpdateTime, name, version FROM platform_data WHERE (version > 0) AND (id = 1) LIMIT 1 OFFSET 0
[TeaQL SQL][query][402us] 1 rows returned outcome=success batchOutcome=not_applicable comment=matched merchant read with relation purpose=matched benchmark read auditReason= tracePath=[0:OPERATION:Merchant=query -> 1:REQUEST:Merchant= -> 2:PROVIDER:postgresql= -> 3:SQL:select=] mutationLineage=[]
SQL: -- TeaQL PLAIN
SELECT id, name, code, external_id AS externalId, task_life_hours AS taskLifeHours, version, platform FROM merchant_data WHERE (version > 0) AND (external_id = 'matched-merchant') LIMIT 1000 OFFSET 0
[TeaQL SQL][query][402us] 1 rows returned outcome=success batchOutcome=not_applicable comment=matched merchant read with relation purpose=matched benchmark read auditReason= tracePath=[0:OPERATION:Merchant=query -> 1:REQUEST:Merchant= -> 2:PROVIDER:postgresql= -> 3:SQL:select=] mutationLineage=[]
SQL: -- TeaQL PLAIN
SELECT id, name, code, external_id AS externalId, task_life_hours AS taskLifeHours, version, platform FROM merchant_data WHERE (version > 0) AND (external_id = 'matched-merchant') LIMIT 1000 OFFSET 0
[TeaQL SQL][query][308us] 1 rows returned outcome=success batchOutcome=not_applicable comment=matched merchant read with relation purpose=matched benchmark read auditReason= tracePath=[0:OPERATION:Merchant=query -> 1:REQUEST:Merchant= -> 2:RELATION:platform=Merchant.platform -> 3:PROVIDER:postgresql= -> 4:SQL:select=] mutationLineage=[]
SQL: -- TeaQL PLAIN
SELECT id, create_time AS createTime, last_update_time AS lastUpdateTime, name, version FROM platform_data WHERE (version > 0) AND (id = 1) LIMIT 1 OFFSET 0
[TeaQL SQL][query][301us] 1 rows returned outcome=success batchOutcome=not_applicable comment=matched merchant read with relation purpose=matched benchmark read auditReason= tracePath=[0:OPERATION:Merchant=query -> 1:REQUEST:Merchant= -> 2:RELATION:platform=Merchant.platform -> 3:PROVIDER:postgresql= -> 4:SQL:select=] mutationLineage=[]
SQL: -- TeaQL PLAIN
SELECT id, create_time AS createTime, last_update_time AS lastUpdateTime, name, version FROM platform_data WHERE (version > 0) AND (id = 1) LIMIT 1 OFFSET 0
[TeaQL SQL][query][352us] 1 rows returned outcome=success batchOutcome=not_applicable comment=matched merchant read with relation purpose=matched benchmark read auditReason= tracePath=[0:OPERATION:Merchant=query -> 1:REQUEST:Merchant= -> 2:PROVIDER:postgresql= -> 3:SQL:select=] mutationLineage=[]
SQL: -- TeaQL PLAIN
SELECT id, name, code, external_id AS externalId, task_life_hours AS taskLifeHours, version, platform FROM merchant_data WHERE (version > 0) AND (external_id = 'matched-merchant') LIMIT 1000 OFFSET 0
[TeaQL SQL][query][303us] 1 rows returned outcome=success batchOutcome=not_applicable comment=matched merchant read with relation purpose=matched benchmark read auditReason= tracePath=[0:OPERATION:Merchant=query -> 1:REQUEST:Merchant= -> 2:RELATION:platform=Merchant.platform -> 3:PROVIDER:postgresql= -> 4:SQL:select=] mutationLineage=[]
SQL: -- TeaQL PLAIN
SELECT id, create_time AS createTime, last_update_time AS lastUpdateTime, name, version FROM platform_data WHERE (version > 0) AND (id = 1) LIMIT 1 OFFSET 0
[TeaQL SQL][query][268us] 1 rows returned outcome=success batchOutcome=not_applicable comment=matched merchant read with relation purpose=matched benchmark read auditReason= tracePath=[0:OPERATION:Merchant=query -> 1:REQUEST:Merchant= -> 2:PROVIDER:postgresql= -> 3:SQL:select=] mutationLineage=[]
SQL: -- TeaQL PLAIN
SELECT id, name, code, external_id AS externalId, task_life_hours AS taskLifeHours, version, platform FROM merchant_data WHERE (version > 0) AND (external_id = 'matched-merchant') LIMIT 1000 OFFSET 0
[TeaQL SQL][query][211us] 1 rows returned outcome=success batchOutcome=not_applicable comment=matched merchant read with relation purpose=matched benchmark read auditReason= tracePath=[0:OPERATION:Merchant=query -> 1:REQUEST:Merchant= -> 2:RELATION:platform=Merchant.platform -> 3:PROVIDER:postgresql= -> 4:SQL:select=] mutationLineage=[]
SQL: -- TeaQL PLAIN
SELECT id, create_time AS createTime, last_update_time AS lastUpdateTime, name, version FROM platform_data WHERE (version > 0) AND (id = 1) LIMIT 1 OFFSET 0
[TeaQL SQL][query][290us] 1 rows returned outcome=success batchOutcome=not_applicable comment=matched merchant read with relation purpose=matched benchmark read auditReason= tracePath=[0:OPERATION:Merchant=query -> 1:REQUEST:Merchant= -> 2:PROVIDER:postgresql= -> 3:SQL:select=] mutationLineage=[]
SQL: -- TeaQL PLAIN
SELECT id, name, code, external_id AS externalId, task_life_hours AS taskLifeHours, version, platform FROM merchant_data WHERE (version > 0) AND (external_id = 'matched-merchant') LIMIT 1000 OFFSET 0
[TeaQL SQL][query][288us] 1 rows returned outcome=success batchOutcome=not_applicable comment=matched merchant read with relation purpose=matched benchmark read auditReason= tracePath=[0:OPERATION:Merchant=query -> 1:REQUEST:Merchant= -> 2:RELATION:platform=Merchant.platform -> 3:PROVIDER:postgresql= -> 4:SQL:select=] mutationLineage=[]
SQL: -- TeaQL PLAIN
SELECT id, create_time AS createTime, last_update_time AS lastUpdateTime, name, version FROM platform_data WHERE (version > 0) AND (id = 1) LIMIT 1 OFFSET 0
[TeaQL SQL][query][342us] 1 rows returned outcome=success batchOutcome=not_applicable comment=matched merchant read with relation purpose=matched benchmark read auditReason= tracePath=[0:OPERATION:Merchant=query -> 1:REQUEST:Merchant= -> 2:PROVIDER:postgresql= -> 3:SQL:select=] mutationLineage=[]
SQL: -- TeaQL PLAIN
SELECT id, name, code, external_id AS externalId, task_life_hours AS taskLifeHours, version, platform FROM merchant_data WHERE (version > 0) AND (external_id = 'matched-merchant') LIMIT 1000 OFFSET 0
[TeaQL SQL][query][421us] 1 rows returned outcome=success batchOutcome=not_applicable comment=matched merchant read with relation purpose=matched benchmark read auditReason= tracePath=[0:OPERATION:Merchant=query -> 1:REQUEST:Merchant= -> 2:RELATION:platform=Merchant.platform -> 3:PROVIDER:postgresql= -> 4:SQL:select=] mutationLineage=[]
SQL: -- TeaQL PLAIN
SELECT id, create_time AS createTime, last_update_time AS lastUpdateTime, name, version FROM platform_data WHERE (version > 0) AND (id = 1) LIMIT 1 OFFSET 0
[TeaQL SQL][query][363us] 1 rows returned outcome=success batchOutcome=not_applicable comment=matched merchant read with relation purpose=matched benchmark read auditReason= tracePath=[0:OPERATION:Merchant=query -> 1:REQUEST:Merchant= -> 2:PROVIDER:postgresql= -> 3:SQL:select=] mutationLineage=[]
SQL: -- TeaQL PLAIN
SELECT id, name, code, external_id AS externalId, task_life_hours AS taskLifeHours, version, platform FROM merchant_data WHERE (version > 0) AND (external_id = 'matched-merchant') LIMIT 1000 OFFSET 0
[TeaQL SQL][query][267us] 1 rows returned outcome=success batchOutcome=not_applicable comment=matched merchant read with relation purpose=matched benchmark read auditReason= tracePath=[0:OPERATION:Merchant=query -> 1:REQUEST:Merchant= -> 2:RELATION:platform=Merchant.platform -> 3:PROVIDER:postgresql= -> 4:SQL:select=] mutationLineage=[]
SQL: -- TeaQL PLAIN
SELECT id, create_time AS createTime, last_update_time AS lastUpdateTime, name, version FROM platform_data WHERE (version > 0) AND (id = 1) LIMIT 1 OFFSET 0
[TeaQL SQL][query][461us] 1 rows returned outcome=success batchOutcome=not_applicable comment=matched merchant read with relation purpose=matched benchmark read auditReason= tracePath=[0:OPERATION:Merchant=query -> 1:REQUEST:Merchant= -> 2:PROVIDER:postgresql= -> 3:SQL:select=] mutationLineage=[]
SQL: -- TeaQL PLAIN
SELECT id, name, code, external_id AS externalId, task_life_hours AS taskLifeHours, version, platform FROM merchant_data WHERE (version > 0) AND (external_id = 'matched-merchant') LIMIT 1000 OFFSET 0
[TeaQL SQL][query][284us] 1 rows returned outcome=success batchOutcome=not_applicable comment=matched merchant read with relation purpose=matched benchmark read auditReason= tracePath=[0:OPERATION:Merchant=query -> 1:REQUEST:Merchant= -> 2:RELATION:platform=Merchant.platform -> 3:PROVIDER:postgresql= -> 4:SQL:select=] mutationLineage=[]
SQL: -- TeaQL PLAIN
SELECT id, create_time AS createTime, last_update_time AS lastUpdateTime, name, version FROM platform_data WHERE (version > 0) AND (id = 1) LIMIT 1 OFFSET 0
[TeaQL SQL][query][265us] 1 rows returned outcome=success batchOutcome=not_applicable comment=matched merchant read with relation purpose=matched benchmark read auditReason= tracePath=[0:OPERATION:Merchant=query -> 1:REQUEST:Merchant= -> 2:PROVIDER:postgresql= -> 3:SQL:select=] mutationLineage=[]
SQL: -- TeaQL PLAIN
SELECT id, name, code, external_id AS externalId, task_life_hours AS taskLifeHours, version, platform FROM merchant_data WHERE (version > 0) AND (external_id = 'matched-merchant') LIMIT 1000 OFFSET 0
[TeaQL SQL][query][262us] 1 rows returned outcome=success batchOutcome=not_applicable comment=matched merchant read with relation purpose=matched benchmark read auditReason= tracePath=[0:OPERATION:Merchant=query -> 1:REQUEST:Merchant= -> 2:PROVIDER:postgresql= -> 3:SQL:select=] mutationLineage=[]
SQL: -- TeaQL PLAIN
SELECT id, name, code, external_id AS externalId, task_life_hours AS taskLifeHours, version, platform FROM merchant_data WHERE (version > 0) AND (external_id = 'matched-merchant') LIMIT 1000 OFFSET 0
[TeaQL SQL][query][259us] 1 rows returned outcome=success batchOutcome=not_applicable comment=matched merchant read with relation purpose=matched benchmark read auditReason= tracePath=[0:OPERATION:Merchant=query -> 1:REQUEST:Merchant= -> 2:RELATION:platform=Merchant.platform -> 3:PROVIDER:postgresql= -> 4:SQL:select=] mutationLineage=[]
SQL: -- TeaQL PLAIN
SELECT id, create_time AS createTime, last_update_time AS lastUpdateTime, name, version FROM platform_data WHERE (version > 0) AND (id = 1) LIMIT 1 OFFSET 0
[TeaQL SQL][query][201us] 1 rows returned outcome=success batchOutcome=not_applicable comment=matched merchant read with relation purpose=matched benchmark read auditReason= tracePath=[0:OPERATION:Merchant=query -> 1:REQUEST:Merchant= -> 2:RELATION:platform=Merchant.platform -> 3:PROVIDER:postgresql= -> 4:SQL:select=] mutationLineage=[]
SQL: -- TeaQL PLAIN
SELECT id, create_time AS createTime, last_update_time AS lastUpdateTime, name, version FROM platform_data WHERE (version > 0) AND (id = 1) LIMIT 1 OFFSET 0
[TeaQL SQL][query][280us] 1 rows returned outcome=success batchOutcome=not_applicable comment=matched merchant read with relation purpose=matched benchmark read auditReason= tracePath=[0:OPERATION:Merchant=query -> 1:REQUEST:Merchant= -> 2:PROVIDER:postgresql= -> 3:SQL:select=] mutationLineage=[]
SQL: -- TeaQL PLAIN
SELECT id, name, code, external_id AS externalId, task_life_hours AS taskLifeHours, version, platform FROM merchant_data WHERE (version > 0) AND (external_id = 'matched-merchant') LIMIT 1000 OFFSET 0
[TeaQL SQL][query][214us] 1 rows returned outcome=success batchOutcome=not_applicable comment=matched merchant read with relation purpose=matched benchmark read auditReason= tracePath=[0:OPERATION:Merchant=query -> 1:REQUEST:Merchant= -> 2:RELATION:platform=Merchant.platform -> 3:PROVIDER:postgresql= -> 4:SQL:select=] mutationLineage=[]
SQL: -- TeaQL PLAIN
SELECT id, create_time AS createTime, last_update_time AS lastUpdateTime, name, version FROM platform_data WHERE (version > 0) AND (id = 1) LIMIT 1 OFFSET 0
[TeaQL SQL][query][401us] 1 rows returned outcome=success batchOutcome=not_applicable comment=matched merchant read with relation purpose=matched benchmark read auditReason= tracePath=[0:OPERATION:Merchant=query -> 1:REQUEST:Merchant= -> 2:PROVIDER:postgresql= -> 3:SQL:select=] mutationLineage=[]
SQL: -- TeaQL PLAIN
SELECT id, name, code, external_id AS externalId, task_life_hours AS taskLifeHours, version, platform FROM merchant_data WHERE (version > 0) AND (external_id = 'matched-merchant') LIMIT 1000 OFFSET 0
[TeaQL SQL][query][401us] 1 rows returned outcome=success batchOutcome=not_applicable comment=matched merchant read with relation purpose=matched benchmark read auditReason= tracePath=[0:OPERATION:Merchant=query -> 1:REQUEST:Merchant= -> 2:PROVIDER:postgresql= -> 3:SQL:select=] mutationLineage=[]
SQL: -- TeaQL PLAIN
SELECT id, name, code, external_id AS externalId, task_life_hours AS taskLifeHours, version, platform FROM merchant_data WHERE (version > 0) AND (external_id = 'matched-merchant') LIMIT 1000 OFFSET 0
[TeaQL SQL][query][254us] 1 rows returned outcome=success batchOutcome=not_applicable comment=matched merchant read with relation purpose=matched benchmark read auditReason= tracePath=[0:OPERATION:Merchant=query -> 1:REQUEST:Merchant= -> 2:RELATION:platform=Merchant.platform -> 3:PROVIDER:postgresql= -> 4:SQL:select=] mutationLineage=[]
SQL: -- TeaQL PLAIN
SELECT id, create_time AS createTime, last_update_time AS lastUpdateTime, name, version FROM platform_data WHERE (version > 0) AND (id = 1) LIMIT 1 OFFSET 0
[TeaQL SQL][query][271us] 1 rows returned outcome=success batchOutcome=not_applicable comment=matched merchant read with relation purpose=matched benchmark read auditReason= tracePath=[0:OPERATION:Merchant=query -> 1:REQUEST:Merchant= -> 2:RELATION:platform=Merchant.platform -> 3:PROVIDER:postgresql= -> 4:SQL:select=] mutationLineage=[]
SQL: -- TeaQL PLAIN
SELECT id, create_time AS createTime, last_update_time AS lastUpdateTime, name, version FROM platform_data WHERE (version > 0) AND (id = 1) LIMIT 1 OFFSET 0
[TeaQL SQL][query][237us] 1 rows returned outcome=success batchOutcome=not_applicable comment=matched merchant read with relation purpose=matched benchmark read auditReason= tracePath=[0:OPERATION:Merchant=query -> 1:REQUEST:Merchant= -> 2:PROVIDER:postgresql= -> 3:SQL:select=] mutationLineage=[]
SQL: -- TeaQL PLAIN
SELECT id, name, code, external_id AS externalId, task_life_hours AS taskLifeHours, version, platform FROM merchant_data WHERE (version > 0) AND (external_id = 'matched-merchant') LIMIT 1000 OFFSET 0
[TeaQL SQL][query][290us] 1 rows returned outcome=success batchOutcome=not_applicable comment=matched merchant read with relation purpose=matched benchmark read auditReason= tracePath=[0:OPERATION:Merchant=query -> 1:REQUEST:Merchant= -> 2:PROVIDER:postgresql= -> 3:SQL:select=] mutationLineage=[]
SQL: -- TeaQL PLAIN
SELECT id, name, code, external_id AS externalId, task_life_hours AS taskLifeHours, version, platform FROM merchant_data WHERE (version > 0) AND (external_id = 'matched-merchant') LIMIT 1000 OFFSET 0
[TeaQL SQL][query][234us] 1 rows returned outcome=success batchOutcome=not_applicable comment=matched merchant read with relation purpose=matched benchmark read auditReason= tracePath=[0:OPERATION:Merchant=query -> 1:REQUEST:Merchant= -> 2:RELATION:platform=Merchant.platform -> 3:PROVIDER:postgresql= -> 4:SQL:select=] mutationLineage=[]
SQL: -- TeaQL PLAIN
SELECT id, create_time AS createTime, last_update_time AS lastUpdateTime, name, version FROM platform_data WHERE (version > 0) AND (id = 1) LIMIT 1 OFFSET 0
[TeaQL SQL][query][207us] 1 rows returned outcome=success batchOutcome=not_applicable comment=matched merchant read with relation purpose=matched benchmark read auditReason= tracePath=[0:OPERATION:Merchant=query -> 1:REQUEST:Merchant= -> 2:RELATION:platform=Merchant.platform -> 3:PROVIDER:postgresql= -> 4:SQL:select=] mutationLineage=[]
SQL: -- TeaQL PLAIN
SELECT id, create_time AS createTime, last_update_time AS lastUpdateTime, name, version FROM platform_data WHERE (version > 0) AND (id = 1) LIMIT 1 OFFSET 0
[TeaQL SQL][query][253us] 1 rows returned outcome=success batchOutcome=not_applicable comment=matched merchant read with relation purpose=matched benchmark read auditReason= tracePath=[0:OPERATION:Merchant=query -> 1:REQUEST:Merchant= -> 2:PROVIDER:postgresql= -> 3:SQL:select=] mutationLineage=[]
SQL: -- TeaQL PLAIN
SELECT id, name, code, external_id AS externalId, task_life_hours AS taskLifeHours, version, platform FROM merchant_data WHERE (version > 0) AND (external_id = 'matched-merchant') LIMIT 1000 OFFSET 0
[TeaQL SQL][query][199us] 1 rows returned outcome=success batchOutcome=not_applicable comment=matched merchant read with relation purpose=matched benchmark read auditReason= tracePath=[0:OPERATION:Merchant=query -> 1:REQUEST:Merchant= -> 2:RELATION:platform=Merchant.platform -> 3:PROVIDER:postgresql= -> 4:SQL:select=] mutationLineage=[]
SQL: -- TeaQL PLAIN
SELECT id, create_time AS createTime, last_update_time AS lastUpdateTime, name, version FROM platform_data WHERE (version > 0) AND (id = 1) LIMIT 1 OFFSET 0
[TeaQL SQL][query][353us] 1 rows returned outcome=success batchOutcome=not_applicable comment=matched merchant read with relation purpose=matched benchmark read auditReason= tracePath=[0:OPERATION:Merchant=query -> 1:REQUEST:Merchant= -> 2:PROVIDER:postgresql= -> 3:SQL:select=] mutationLineage=[]
SQL: -- TeaQL PLAIN
SELECT id, name, code, external_id AS externalId, task_life_hours AS taskLifeHours, version, platform FROM merchant_data WHERE (version > 0) AND (external_id = 'matched-merchant') LIMIT 1000 OFFSET 0
[TeaQL SQL][query][248us] 1 rows returned outcome=success batchOutcome=not_applicable comment=matched merchant read with relation purpose=matched benchmark read auditReason= tracePath=[0:OPERATION:Merchant=query -> 1:REQUEST:Merchant= -> 2:RELATION:platform=Merchant.platform -> 3:PROVIDER:postgresql= -> 4:SQL:select=] mutationLineage=[]
SQL: -- TeaQL PLAIN
SELECT id, create_time AS createTime, last_update_time AS lastUpdateTime, name, version FROM platform_data WHERE (version > 0) AND (id = 1) LIMIT 1 OFFSET 0
[TeaQL SQL][query][415us] 1 rows returned outcome=success batchOutcome=not_applicable comment=matched merchant read with relation purpose=matched benchmark read auditReason= tracePath=[0:OPERATION:Merchant=query -> 1:REQUEST:Merchant= -> 2:PROVIDER:postgresql= -> 3:SQL:select=] mutationLineage=[]
SQL: -- TeaQL PLAIN
SELECT id, name, code, external_id AS externalId, task_life_hours AS taskLifeHours, version, platform FROM merchant_data WHERE (version > 0) AND (external_id = 'matched-merchant') LIMIT 1000 OFFSET 0
[TeaQL SQL][query][418us] 1 rows returned outcome=success batchOutcome=not_applicable comment=matched merchant read with relation purpose=matched benchmark read auditReason= tracePath=[0:OPERATION:Merchant=query -> 1:REQUEST:Merchant= -> 2:PROVIDER:postgresql= -> 3:SQL:select=] mutationLineage=[]
SQL: -- TeaQL PLAIN
SELECT id, name, code, external_id AS externalId, task_life_hours AS taskLifeHours, version, platform FROM merchant_data WHERE (version > 0) AND (external_id = 'matched-merchant') LIMIT 1000 OFFSET 0
[TeaQL SQL][query][428us] 1 rows returned outcome=success batchOutcome=not_applicable comment=matched merchant read with relation purpose=matched benchmark read auditReason= tracePath=[0:OPERATION:Merchant=query -> 1:REQUEST:Merchant= -> 2:PROVIDER:postgresql= -> 3:SQL:select=] mutationLineage=[]
SQL: -- TeaQL PLAIN
SELECT id, name, code, external_id AS externalId, task_life_hours AS taskLifeHours, version, platform FROM merchant_data WHERE (version > 0) AND (external_id = 'matched-merchant') LIMIT 1000 OFFSET 0
[TeaQL SQL][query][269us] 1 rows returned outcome=success batchOutcome=not_applicable comment=matched merchant read with relation purpose=matched benchmark read auditReason= tracePath=[0:OPERATION:Merchant=query -> 1:REQUEST:Merchant= -> 2:RELATION:platform=Merchant.platform -> 3:PROVIDER:postgresql= -> 4:SQL:select=] mutationLineage=[]
SQL: -- TeaQL PLAIN
SELECT id, create_time AS createTime, last_update_time AS lastUpdateTime, name, version FROM platform_data WHERE (version > 0) AND (id = 1) LIMIT 1 OFFSET 0
[TeaQL SQL][query][246us] 1 rows returned outcome=success batchOutcome=not_applicable comment=matched merchant read with relation purpose=matched benchmark read auditReason= tracePath=[0:OPERATION:Merchant=query -> 1:REQUEST:Merchant= -> 2:RELATION:platform=Merchant.platform -> 3:PROVIDER:postgresql= -> 4:SQL:select=] mutationLineage=[]
SQL: -- TeaQL PLAIN
SELECT id, create_time AS createTime, last_update_time AS lastUpdateTime, name, version FROM platform_data WHERE (version > 0) AND (id = 1) LIMIT 1 OFFSET 0
[TeaQL SQL][query][255us] 1 rows returned outcome=success batchOutcome=not_applicable comment=matched merchant read with relation purpose=matched benchmark read auditReason= tracePath=[0:OPERATION:Merchant=query -> 1:REQUEST:Merchant= -> 2:RELATION:platform=Merchant.platform -> 3:PROVIDER:postgresql= -> 4:SQL:select=] mutationLineage=[]
SQL: -- TeaQL PLAIN
SELECT id, create_time AS createTime, last_update_time AS lastUpdateTime, name, version FROM platform_data WHERE (version > 0) AND (id = 1) LIMIT 1 OFFSET 0
[TeaQL SQL][query][373us] 1 rows returned outcome=success batchOutcome=not_applicable comment=matched merchant read with relation purpose=matched benchmark read auditReason= tracePath=[0:OPERATION:Merchant=query -> 1:REQUEST:Merchant= -> 2:PROVIDER:postgresql= -> 3:SQL:select=] mutationLineage=[]
SQL: -- TeaQL PLAIN
SELECT id, name, code, external_id AS externalId, task_life_hours AS taskLifeHours, version, platform FROM merchant_data WHERE (version > 0) AND (external_id = 'matched-merchant') LIMIT 1000 OFFSET 0
[TeaQL SQL][query][285us] 1 rows returned outcome=success batchOutcome=not_applicable comment=matched merchant read with relation purpose=matched benchmark read auditReason= tracePath=[0:OPERATION:Merchant=query -> 1:REQUEST:Merchant= -> 2:RELATION:platform=Merchant.platform -> 3:PROVIDER:postgresql= -> 4:SQL:select=] mutationLineage=[]
SQL: -- TeaQL PLAIN
SELECT id, create_time AS createTime, last_update_time AS lastUpdateTime, name, version FROM platform_data WHERE (version > 0) AND (id = 1) LIMIT 1 OFFSET 0
[TeaQL SQL][query][380us] 1 rows returned outcome=success batchOutcome=not_applicable comment=matched merchant read with relation purpose=matched benchmark read auditReason= tracePath=[0:OPERATION:Merchant=query -> 1:REQUEST:Merchant= -> 2:PROVIDER:postgresql= -> 3:SQL:select=] mutationLineage=[]
SQL: -- TeaQL PLAIN
SELECT id, name, code, external_id AS externalId, task_life_hours AS taskLifeHours, version, platform FROM merchant_data WHERE (version > 0) AND (external_id = 'matched-merchant') LIMIT 1000 OFFSET 0
[TeaQL SQL][query][250us] 1 rows returned outcome=success batchOutcome=not_applicable comment=matched merchant read with relation purpose=matched benchmark read auditReason= tracePath=[0:OPERATION:Merchant=query -> 1:REQUEST:Merchant= -> 2:RELATION:platform=Merchant.platform -> 3:PROVIDER:postgresql= -> 4:SQL:select=] mutationLineage=[]
SQL: -- TeaQL PLAIN
SELECT id, create_time AS createTime, last_update_time AS lastUpdateTime, name, version FROM platform_data WHERE (version > 0) AND (id = 1) LIMIT 1 OFFSET 0
[TeaQL SQL][query][353us] 1 rows returned outcome=success batchOutcome=not_applicable comment=matched merchant read with relation purpose=matched benchmark read auditReason= tracePath=[0:OPERATION:Merchant=query -> 1:REQUEST:Merchant= -> 2:PROVIDER:postgresql= -> 3:SQL:select=] mutationLineage=[]
SQL: -- TeaQL PLAIN
SELECT id, name, code, external_id AS externalId, task_life_hours AS taskLifeHours, version, platform FROM merchant_data WHERE (version > 0) AND (external_id = 'matched-merchant') LIMIT 1000 OFFSET 0
[TeaQL SQL][query][352us] 1 rows returned outcome=success batchOutcome=not_applicable comment=matched merchant read with relation purpose=matched benchmark read auditReason= tracePath=[0:OPERATION:Merchant=query -> 1:REQUEST:Merchant= -> 2:PROVIDER:postgresql= -> 3:SQL:select=] mutationLineage=[]
SQL: -- TeaQL PLAIN
SELECT id, name, code, external_id AS externalId, task_life_hours AS taskLifeHours, version, platform FROM merchant_data WHERE (version > 0) AND (external_id = 'matched-merchant') LIMIT 1000 OFFSET 0
[TeaQL SQL][query][215us] 1 rows returned outcome=success batchOutcome=not_applicable comment=matched merchant read with relation purpose=matched benchmark read auditReason= tracePath=[0:OPERATION:Merchant=query -> 1:REQUEST:Merchant= -> 2:RELATION:platform=Merchant.platform -> 3:PROVIDER:postgresql= -> 4:SQL:select=] mutationLineage=[]
SQL: -- TeaQL PLAIN
SELECT id, create_time AS createTime, last_update_time AS lastUpdateTime, name, version FROM platform_data WHERE (version > 0) AND (id = 1) LIMIT 1 OFFSET 0
[TeaQL SQL][query][262us] 1 rows returned outcome=success batchOutcome=not_applicable comment=matched merchant read with relation purpose=matched benchmark read auditReason= tracePath=[0:OPERATION:Merchant=query -> 1:REQUEST:Merchant= -> 2:RELATION:platform=Merchant.platform -> 3:PROVIDER:postgresql= -> 4:SQL:select=] mutationLineage=[]
SQL: -- TeaQL PLAIN
SELECT id, create_time AS createTime, last_update_time AS lastUpdateTime, name, version FROM platform_data WHERE (version > 0) AND (id = 1) LIMIT 1 OFFSET 0
[TeaQL SQL][query][304us] 1 rows returned outcome=success batchOutcome=not_applicable comment=matched merchant read with relation purpose=matched benchmark read auditReason= tracePath=[0:OPERATION:Merchant=query -> 1:REQUEST:Merchant= -> 2:PROVIDER:postgresql= -> 3:SQL:select=] mutationLineage=[]
SQL: -- TeaQL PLAIN
SELECT id, name, code, external_id AS externalId, task_life_hours AS taskLifeHours, version, platform FROM merchant_data WHERE (version > 0) AND (external_id = 'matched-merchant') LIMIT 1000 OFFSET 0
[TeaQL SQL][query][262us] 1 rows returned outcome=success batchOutcome=not_applicable comment=matched merchant read with relation purpose=matched benchmark read auditReason= tracePath=[0:OPERATION:Merchant=query -> 1:REQUEST:Merchant= -> 2:RELATION:platform=Merchant.platform -> 3:PROVIDER:postgresql= -> 4:SQL:select=] mutationLineage=[]
SQL: -- TeaQL PLAIN
SELECT id, create_time AS createTime, last_update_time AS lastUpdateTime, name, version FROM platform_data WHERE (version > 0) AND (id = 1) LIMIT 1 OFFSET 0
[TeaQL SQL][query][266us] 1 rows returned outcome=success batchOutcome=not_applicable comment=matched merchant read with relation purpose=matched benchmark read auditReason= tracePath=[0:OPERATION:Merchant=query -> 1:REQUEST:Merchant= -> 2:PROVIDER:postgresql= -> 3:SQL:select=] mutationLineage=[]
SQL: -- TeaQL PLAIN
SELECT id, name, code, external_id AS externalId, task_life_hours AS taskLifeHours, version, platform FROM merchant_data WHERE (version > 0) AND (external_id = 'matched-merchant') LIMIT 1000 OFFSET 0
[TeaQL SQL][query][206us] 1 rows returned outcome=success batchOutcome=not_applicable comment=matched merchant read with relation purpose=matched benchmark read auditReason= tracePath=[0:OPERATION:Merchant=query -> 1:REQUEST:Merchant= -> 2:RELATION:platform=Merchant.platform -> 3:PROVIDER:postgresql= -> 4:SQL:select=] mutationLineage=[]
SQL: -- TeaQL PLAIN
SELECT id, create_time AS createTime, last_update_time AS lastUpdateTime, name, version FROM platform_data WHERE (version > 0) AND (id = 1) LIMIT 1 OFFSET 0
[TeaQL SQL][query][359us] 1 rows returned outcome=success batchOutcome=not_applicable comment=matched merchant read with relation purpose=matched benchmark read auditReason= tracePath=[0:OPERATION:Merchant=query -> 1:REQUEST:Merchant= -> 2:PROVIDER:postgresql= -> 3:SQL:select=] mutationLineage=[]
SQL: -- TeaQL PLAIN
SELECT id, name, code, external_id AS externalId, task_life_hours AS taskLifeHours, version, platform FROM merchant_data WHERE (version > 0) AND (external_id = 'matched-merchant') LIMIT 1000 OFFSET 0
[TeaQL SQL][query][269us] 1 rows returned outcome=success batchOutcome=not_applicable comment=matched merchant read with relation purpose=matched benchmark read auditReason= tracePath=[0:OPERATION:Merchant=query -> 1:REQUEST:Merchant= -> 2:RELATION:platform=Merchant.platform -> 3:PROVIDER:postgresql= -> 4:SQL:select=] mutationLineage=[]
SQL: -- TeaQL PLAIN
SELECT id, create_time AS createTime, last_update_time AS lastUpdateTime, name, version FROM platform_data WHERE (version > 0) AND (id = 1) LIMIT 1 OFFSET 0
[TeaQL SQL][query][360us] 1 rows returned outcome=success batchOutcome=not_applicable comment=matched merchant read with relation purpose=matched benchmark read auditReason= tracePath=[0:OPERATION:Merchant=query -> 1:REQUEST:Merchant= -> 2:PROVIDER:postgresql= -> 3:SQL:select=] mutationLineage=[]
SQL: -- TeaQL PLAIN
SELECT id, name, code, external_id AS externalId, task_life_hours AS taskLifeHours, version, platform FROM merchant_data WHERE (version > 0) AND (external_id = 'matched-merchant') LIMIT 1000 OFFSET 0
[TeaQL SQL][query][937us] 1 rows returned outcome=success batchOutcome=not_applicable comment=matched merchant read with relation purpose=matched benchmark read auditReason= tracePath=[0:OPERATION:Merchant=query -> 1:REQUEST:Merchant= -> 2:PROVIDER:postgresql= -> 3:SQL:select=] mutationLineage=[]
SQL: -- TeaQL PLAIN
SELECT id, name, code, external_id AS externalId, task_life_hours AS taskLifeHours, version, platform FROM merchant_data WHERE (version > 0) AND (external_id = 'matched-merchant') LIMIT 1000 OFFSET 0
[TeaQL SQL][query][553us] 1 rows returned outcome=success batchOutcome=not_applicable comment=matched merchant read with relation purpose=matched benchmark read auditReason= tracePath=[0:OPERATION:Merchant=query -> 1:REQUEST:Merchant= -> 2:RELATION:platform=Merchant.platform -> 3:PROVIDER:postgresql= -> 4:SQL:select=] mutationLineage=[]
SQL: -- TeaQL PLAIN
SELECT id, create_time AS createTime, last_update_time AS lastUpdateTime, name, version FROM platform_data WHERE (version > 0) AND (id = 1) LIMIT 1 OFFSET 0
[TeaQL SQL][query][220us] 1 rows returned outcome=success batchOutcome=not_applicable comment=matched merchant read with relation purpose=matched benchmark read auditReason= tracePath=[0:OPERATION:Merchant=query -> 1:REQUEST:Merchant= -> 2:RELATION:platform=Merchant.platform -> 3:PROVIDER:postgresql= -> 4:SQL:select=] mutationLineage=[]
SQL: -- TeaQL PLAIN
SELECT id, create_time AS createTime, last_update_time AS lastUpdateTime, name, version FROM platform_data WHERE (version > 0) AND (id = 1) LIMIT 1 OFFSET 0
[TeaQL SQL][query][374us] 1 rows returned outcome=success batchOutcome=not_applicable comment=matched merchant read with relation purpose=matched benchmark read auditReason= tracePath=[0:OPERATION:Merchant=query -> 1:REQUEST:Merchant= -> 2:PROVIDER:postgresql= -> 3:SQL:select=] mutationLineage=[]
SQL: -- TeaQL PLAIN
SELECT id, name, code, external_id AS externalId, task_life_hours AS taskLifeHours, version, platform FROM merchant_data WHERE (version > 0) AND (external_id = 'matched-merchant') LIMIT 1000 OFFSET 0
[TeaQL SQL][query][374us] 1 rows returned outcome=success batchOutcome=not_applicable comment=matched merchant read with relation purpose=matched benchmark read auditReason= tracePath=[0:OPERATION:Merchant=query -> 1:REQUEST:Merchant= -> 2:PROVIDER:postgresql= -> 3:SQL:select=] mutationLineage=[]
SQL: -- TeaQL PLAIN
SELECT id, name, code, external_id AS externalId, task_life_hours AS taskLifeHours, version, platform FROM merchant_data WHERE (version > 0) AND (external_id = 'matched-merchant') LIMIT 1000 OFFSET 0
[TeaQL SQL][query][284us] 1 rows returned outcome=success batchOutcome=not_applicable comment=matched merchant read with relation purpose=matched benchmark read auditReason= tracePath=[0:OPERATION:Merchant=query -> 1:REQUEST:Merchant= -> 2:RELATION:platform=Merchant.platform -> 3:PROVIDER:postgresql= -> 4:SQL:select=] mutationLineage=[]
SQL: -- TeaQL PLAIN
SELECT id, create_time AS createTime, last_update_time AS lastUpdateTime, name, version FROM platform_data WHERE (version > 0) AND (id = 1) LIMIT 1 OFFSET 0
[TeaQL SQL][query][283us] 1 rows returned outcome=success batchOutcome=not_applicable comment=matched merchant read with relation purpose=matched benchmark read auditReason= tracePath=[0:OPERATION:Merchant=query -> 1:REQUEST:Merchant= -> 2:RELATION:platform=Merchant.platform -> 3:PROVIDER:postgresql= -> 4:SQL:select=] mutationLineage=[]
SQL: -- TeaQL PLAIN
SELECT id, create_time AS createTime, last_update_time AS lastUpdateTime, name, version FROM platform_data WHERE (version > 0) AND (id = 1) LIMIT 1 OFFSET 0
[TeaQL SQL][query][306us] 1 rows returned outcome=success batchOutcome=not_applicable comment=matched merchant read with relation purpose=matched benchmark read auditReason= tracePath=[0:OPERATION:Merchant=query -> 1:REQUEST:Merchant= -> 2:PROVIDER:postgresql= -> 3:SQL:select=] mutationLineage=[]
SQL: -- TeaQL PLAIN
SELECT id, name, code, external_id AS externalId, task_life_hours AS taskLifeHours, version, platform FROM merchant_data WHERE (version > 0) AND (external_id = 'matched-merchant') LIMIT 1000 OFFSET 0
[TeaQL SQL][query][253us] 1 rows returned outcome=success batchOutcome=not_applicable comment=matched merchant read with relation purpose=matched benchmark read auditReason= tracePath=[0:OPERATION:Merchant=query -> 1:REQUEST:Merchant= -> 2:RELATION:platform=Merchant.platform -> 3:PROVIDER:postgresql= -> 4:SQL:select=] mutationLineage=[]
SQL: -- TeaQL PLAIN
SELECT id, create_time AS createTime, last_update_time AS lastUpdateTime, name, version FROM platform_data WHERE (version > 0) AND (id = 1) LIMIT 1 OFFSET 0
[TeaQL SQL][query][297us] 1 rows returned outcome=success batchOutcome=not_applicable comment=matched merchant read with relation purpose=matched benchmark read auditReason= tracePath=[0:OPERATION:Merchant=query -> 1:REQUEST:Merchant= -> 2:PROVIDER:postgresql= -> 3:SQL:select=] mutationLineage=[]
SQL: -- TeaQL PLAIN
SELECT id, name, code, external_id AS externalId, task_life_hours AS taskLifeHours, version, platform FROM merchant_data WHERE (version > 0) AND (external_id = 'matched-merchant') LIMIT 1000 OFFSET 0
[TeaQL SQL][query][232us] 1 rows returned outcome=success batchOutcome=not_applicable comment=matched merchant read with relation purpose=matched benchmark read auditReason= tracePath=[0:OPERATION:Merchant=query -> 1:REQUEST:Merchant= -> 2:RELATION:platform=Merchant.platform -> 3:PROVIDER:postgresql= -> 4:SQL:select=] mutationLineage=[]
SQL: -- TeaQL PLAIN
SELECT id, create_time AS createTime, last_update_time AS lastUpdateTime, name, version FROM platform_data WHERE (version > 0) AND (id = 1) LIMIT 1 OFFSET 0
[TeaQL SQL][query][258us] 1 rows returned outcome=success batchOutcome=not_applicable comment=matched merchant read with relation purpose=matched benchmark read auditReason= tracePath=[0:OPERATION:Merchant=query -> 1:REQUEST:Merchant= -> 2:PROVIDER:postgresql= -> 3:SQL:select=] mutationLineage=[]
SQL: -- TeaQL PLAIN
SELECT id, name, code, external_id AS externalId, task_life_hours AS taskLifeHours, version, platform FROM merchant_data WHERE (version > 0) AND (external_id = 'matched-merchant') LIMIT 1000 OFFSET 0
[TeaQL SQL][query][212us] 1 rows returned outcome=success batchOutcome=not_applicable comment=matched merchant read with relation purpose=matched benchmark read auditReason= tracePath=[0:OPERATION:Merchant=query -> 1:REQUEST:Merchant= -> 2:RELATION:platform=Merchant.platform -> 3:PROVIDER:postgresql= -> 4:SQL:select=] mutationLineage=[]
SQL: -- TeaQL PLAIN
SELECT id, create_time AS createTime, last_update_time AS lastUpdateTime, name, version FROM platform_data WHERE (version > 0) AND (id = 1) LIMIT 1 OFFSET 0
[TeaQL SQL][query][239us] 1 rows returned outcome=success batchOutcome=not_applicable comment=matched merchant read with relation purpose=matched benchmark read auditReason= tracePath=[0:OPERATION:Merchant=query -> 1:REQUEST:Merchant= -> 2:PROVIDER:postgresql= -> 3:SQL:select=] mutationLineage=[]
SQL: -- TeaQL PLAIN
SELECT id, name, code, external_id AS externalId, task_life_hours AS taskLifeHours, version, platform FROM merchant_data WHERE (version > 0) AND (external_id = 'matched-merchant') LIMIT 1000 OFFSET 0
[TeaQL SQL][query][229us] 1 rows returned outcome=success batchOutcome=not_applicable comment=matched merchant read with relation purpose=matched benchmark read auditReason= tracePath=[0:OPERATION:Merchant=query -> 1:REQUEST:Merchant= -> 2:RELATION:platform=Merchant.platform -> 3:PROVIDER:postgresql= -> 4:SQL:select=] mutationLineage=[]
SQL: -- TeaQL PLAIN
SELECT id, create_time AS createTime, last_update_time AS lastUpdateTime, name, version FROM platform_data WHERE (version > 0) AND (id = 1) LIMIT 1 OFFSET 0
[TeaQL SQL][query][252us] 1 rows returned outcome=success batchOutcome=not_applicable comment=matched merchant read with relation purpose=matched benchmark read auditReason= tracePath=[0:OPERATION:Merchant=query -> 1:REQUEST:Merchant= -> 2:PROVIDER:postgresql= -> 3:SQL:select=] mutationLineage=[]
SQL: -- TeaQL PLAIN
SELECT id, name, code, external_id AS externalId, task_life_hours AS taskLifeHours, version, platform FROM merchant_data WHERE (version > 0) AND (external_id = 'matched-merchant') LIMIT 1000 OFFSET 0
[TeaQL SQL][query][264us] 1 rows returned outcome=success batchOutcome=not_applicable comment=matched merchant read with relation purpose=matched benchmark read auditReason= tracePath=[0:OPERATION:Merchant=query -> 1:REQUEST:Merchant= -> 2:RELATION:platform=Merchant.platform -> 3:PROVIDER:postgresql= -> 4:SQL:select=] mutationLineage=[]
SQL: -- TeaQL PLAIN
SELECT id, create_time AS createTime, last_update_time AS lastUpdateTime, name, version FROM platform_data WHERE (version > 0) AND (id = 1) LIMIT 1 OFFSET 0
[TeaQL SQL][query][366us] 1 rows returned outcome=success batchOutcome=not_applicable comment=matched merchant read with relation purpose=matched benchmark read auditReason= tracePath=[0:OPERATION:Merchant=query -> 1:REQUEST:Merchant= -> 2:PROVIDER:postgresql= -> 3:SQL:select=] mutationLineage=[]
SQL: -- TeaQL PLAIN
SELECT id, name, code, external_id AS externalId, task_life_hours AS taskLifeHours, version, platform FROM merchant_data WHERE (version > 0) AND (external_id = 'matched-merchant') LIMIT 1000 OFFSET 0
[TeaQL SQL][query][234us] 1 rows returned outcome=success batchOutcome=not_applicable comment=matched merchant read with relation purpose=matched benchmark read auditReason= tracePath=[0:OPERATION:Merchant=query -> 1:REQUEST:Merchant= -> 2:RELATION:platform=Merchant.platform -> 3:PROVIDER:postgresql= -> 4:SQL:select=] mutationLineage=[]
SQL: -- TeaQL PLAIN
SELECT id, create_time AS createTime, last_update_time AS lastUpdateTime, name, version FROM platform_data WHERE (version > 0) AND (id = 1) LIMIT 1 OFFSET 0
[TeaQL SQL][query][279us] 1 rows returned outcome=success batchOutcome=not_applicable comment=matched merchant read with relation purpose=matched benchmark read auditReason= tracePath=[0:OPERATION:Merchant=query -> 1:REQUEST:Merchant= -> 2:PROVIDER:postgresql= -> 3:SQL:select=] mutationLineage=[]
SQL: -- TeaQL PLAIN
SELECT id, name, code, external_id AS externalId, task_life_hours AS taskLifeHours, version, platform FROM merchant_data WHERE (version > 0) AND (external_id = 'matched-merchant') LIMIT 1000 OFFSET 0
[TeaQL SQL][query][278us] 1 rows returned outcome=success batchOutcome=not_applicable comment=matched merchant read with relation purpose=matched benchmark read auditReason= tracePath=[0:OPERATION:Merchant=query -> 1:REQUEST:Merchant= -> 2:RELATION:platform=Merchant.platform -> 3:PROVIDER:postgresql= -> 4:SQL:select=] mutationLineage=[]
SQL: -- TeaQL PLAIN
SELECT id, create_time AS createTime, last_update_time AS lastUpdateTime, name, version FROM platform_data WHERE (version > 0) AND (id = 1) LIMIT 1 OFFSET 0
[TeaQL SQL][query][281us] 1 rows returned outcome=success batchOutcome=not_applicable comment=matched merchant read with relation purpose=matched benchmark read auditReason= tracePath=[0:OPERATION:Merchant=query -> 1:REQUEST:Merchant= -> 2:PROVIDER:postgresql= -> 3:SQL:select=] mutationLineage=[]
SQL: -- TeaQL PLAIN
SELECT id, name, code, external_id AS externalId, task_life_hours AS taskLifeHours, version, platform FROM merchant_data WHERE (version > 0) AND (external_id = 'matched-merchant') LIMIT 1000 OFFSET 0
[TeaQL SQL][query][571us] 1 rows returned outcome=success batchOutcome=not_applicable comment=matched merchant read with relation purpose=matched benchmark read auditReason= tracePath=[0:OPERATION:Merchant=query -> 1:REQUEST:Merchant= -> 2:PROVIDER:postgresql= -> 3:SQL:select=] mutationLineage=[]
SQL: -- TeaQL PLAIN
SELECT id, name, code, external_id AS externalId, task_life_hours AS taskLifeHours, version, platform FROM merchant_data WHERE (version > 0) AND (external_id = 'matched-merchant') LIMIT 1000 OFFSET 0
[TeaQL SQL][query][361us] 1 rows returned outcome=success batchOutcome=not_applicable comment=matched merchant read with relation purpose=matched benchmark read auditReason= tracePath=[0:OPERATION:Merchant=query -> 1:REQUEST:Merchant= -> 2:RELATION:platform=Merchant.platform -> 3:PROVIDER:postgresql= -> 4:SQL:select=] mutationLineage=[]
SQL: -- TeaQL PLAIN
SELECT id, create_time AS createTime, last_update_time AS lastUpdateTime, name, version FROM platform_data WHERE (version > 0) AND (id = 1) LIMIT 1 OFFSET 0
[TeaQL SQL][query][228us] 1 rows returned outcome=success batchOutcome=not_applicable comment=matched merchant read with relation purpose=matched benchmark read auditReason= tracePath=[0:OPERATION:Merchant=query -> 1:REQUEST:Merchant= -> 2:RELATION:platform=Merchant.platform -> 3:PROVIDER:postgresql= -> 4:SQL:select=] mutationLineage=[]
SQL: -- TeaQL PLAIN
SELECT id, create_time AS createTime, last_update_time AS lastUpdateTime, name, version FROM platform_data WHERE (version > 0) AND (id = 1) LIMIT 1 OFFSET 0
[TeaQL SQL][query][310us] 1 rows returned outcome=success batchOutcome=not_applicable comment=matched merchant read with relation purpose=matched benchmark read auditReason= tracePath=[0:OPERATION:Merchant=query -> 1:REQUEST:Merchant= -> 2:PROVIDER:postgresql= -> 3:SQL:select=] mutationLineage=[]
SQL: -- TeaQL PLAIN
SELECT id, name, code, external_id AS externalId, task_life_hours AS taskLifeHours, version, platform FROM merchant_data WHERE (version > 0) AND (external_id = 'matched-merchant') LIMIT 1000 OFFSET 0
[TeaQL SQL][query][269us] 1 rows returned outcome=success batchOutcome=not_applicable comment=matched merchant read with relation purpose=matched benchmark read auditReason= tracePath=[0:OPERATION:Merchant=query -> 1:REQUEST:Merchant= -> 2:RELATION:platform=Merchant.platform -> 3:PROVIDER:postgresql= -> 4:SQL:select=] mutationLineage=[]
SQL: -- TeaQL PLAIN
SELECT id, create_time AS createTime, last_update_time AS lastUpdateTime, name, version FROM platform_data WHERE (version > 0) AND (id = 1) LIMIT 1 OFFSET 0
[TeaQL SQL][query][267us] 1 rows returned outcome=success batchOutcome=not_applicable comment=matched merchant read with relation purpose=matched benchmark read auditReason= tracePath=[0:OPERATION:Merchant=query -> 1:REQUEST:Merchant= -> 2:PROVIDER:postgresql= -> 3:SQL:select=] mutationLineage=[]
SQL: -- TeaQL PLAIN
SELECT id, name, code, external_id AS externalId, task_life_hours AS taskLifeHours, version, platform FROM merchant_data WHERE (version > 0) AND (external_id = 'matched-merchant') LIMIT 1000 OFFSET 0
[TeaQL SQL][query][237us] 1 rows returned outcome=success batchOutcome=not_applicable comment=matched merchant read with relation purpose=matched benchmark read auditReason= tracePath=[0:OPERATION:Merchant=query -> 1:REQUEST:Merchant= -> 2:RELATION:platform=Merchant.platform -> 3:PROVIDER:postgresql= -> 4:SQL:select=] mutationLineage=[]
SQL: -- TeaQL PLAIN
SELECT id, create_time AS createTime, last_update_time AS lastUpdateTime, name, version FROM platform_data WHERE (version > 0) AND (id = 1) LIMIT 1 OFFSET 0
[TeaQL SQL][query][234us] 1 rows returned outcome=success batchOutcome=not_applicable comment=matched merchant read with relation purpose=matched benchmark read auditReason= tracePath=[0:OPERATION:Merchant=query -> 1:REQUEST:Merchant= -> 2:PROVIDER:postgresql= -> 3:SQL:select=] mutationLineage=[]
SQL: -- TeaQL PLAIN
SELECT id, name, code, external_id AS externalId, task_life_hours AS taskLifeHours, version, platform FROM merchant_data WHERE (version > 0) AND (external_id = 'matched-merchant') LIMIT 1000 OFFSET 0
[TeaQL SQL][query][194us] 1 rows returned outcome=success batchOutcome=not_applicable comment=matched merchant read with relation purpose=matched benchmark read auditReason= tracePath=[0:OPERATION:Merchant=query -> 1:REQUEST:Merchant= -> 2:RELATION:platform=Merchant.platform -> 3:PROVIDER:postgresql= -> 4:SQL:select=] mutationLineage=[]
SQL: -- TeaQL PLAIN
SELECT id, create_time AS createTime, last_update_time AS lastUpdateTime, name, version FROM platform_data WHERE (version > 0) AND (id = 1) LIMIT 1 OFFSET 0
[TeaQL SQL][query][239us] 1 rows returned outcome=success batchOutcome=not_applicable comment=matched merchant read with relation purpose=matched benchmark read auditReason= tracePath=[0:OPERATION:Merchant=query -> 1:REQUEST:Merchant= -> 2:PROVIDER:postgresql= -> 3:SQL:select=] mutationLineage=[]
SQL: -- TeaQL PLAIN
SELECT id, name, code, external_id AS externalId, task_life_hours AS taskLifeHours, version, platform FROM merchant_data WHERE (version > 0) AND (external_id = 'matched-merchant') LIMIT 1000 OFFSET 0
[TeaQL SQL][query][228us] 1 rows returned outcome=success batchOutcome=not_applicable comment=matched merchant read with relation purpose=matched benchmark read auditReason= tracePath=[0:OPERATION:Merchant=query -> 1:REQUEST:Merchant= -> 2:RELATION:platform=Merchant.platform -> 3:PROVIDER:postgresql= -> 4:SQL:select=] mutationLineage=[]
SQL: -- TeaQL PLAIN
SELECT id, create_time AS createTime, last_update_time AS lastUpdateTime, name, version FROM platform_data WHERE (version > 0) AND (id = 1) LIMIT 1 OFFSET 0
[TeaQL SQL][query][273us] 1 rows returned outcome=success batchOutcome=not_applicable comment=matched merchant read with relation purpose=matched benchmark read auditReason= tracePath=[0:OPERATION:Merchant=query -> 1:REQUEST:Merchant= -> 2:PROVIDER:postgresql= -> 3:SQL:select=] mutationLineage=[]
SQL: -- TeaQL PLAIN
SELECT id, name, code, external_id AS externalId, task_life_hours AS taskLifeHours, version, platform FROM merchant_data WHERE (version > 0) AND (external_id = 'matched-merchant') LIMIT 1000 OFFSET 0
[TeaQL SQL][query][247us] 1 rows returned outcome=success batchOutcome=not_applicable comment=matched merchant read with relation purpose=matched benchmark read auditReason= tracePath=[0:OPERATION:Merchant=query -> 1:REQUEST:Merchant= -> 2:RELATION:platform=Merchant.platform -> 3:PROVIDER:postgresql= -> 4:SQL:select=] mutationLineage=[]
SQL: -- TeaQL PLAIN
SELECT id, create_time AS createTime, last_update_time AS lastUpdateTime, name, version FROM platform_data WHERE (version > 0) AND (id = 1) LIMIT 1 OFFSET 0
[TeaQL SQL][query][224us] 1 rows returned outcome=success batchOutcome=not_applicable comment=matched merchant read with relation purpose=matched benchmark read auditReason= tracePath=[0:OPERATION:Merchant=query -> 1:REQUEST:Merchant= -> 2:PROVIDER:postgresql= -> 3:SQL:select=] mutationLineage=[]
SQL: -- TeaQL PLAIN
SELECT id, name, code, external_id AS externalId, task_life_hours AS taskLifeHours, version, platform FROM merchant_data WHERE (version > 0) AND (external_id = 'matched-merchant') LIMIT 1000 OFFSET 0
[TeaQL SQL][query][203us] 1 rows returned outcome=success batchOutcome=not_applicable comment=matched merchant read with relation purpose=matched benchmark read auditReason= tracePath=[0:OPERATION:Merchant=query -> 1:REQUEST:Merchant= -> 2:RELATION:platform=Merchant.platform -> 3:PROVIDER:postgresql= -> 4:SQL:select=] mutationLineage=[]
SQL: -- TeaQL PLAIN
SELECT id, create_time AS createTime, last_update_time AS lastUpdateTime, name, version FROM platform_data WHERE (version > 0) AND (id = 1) LIMIT 1 OFFSET 0
[TeaQL SQL][query][310us] 1 rows returned outcome=success batchOutcome=not_applicable comment=matched merchant read with relation purpose=matched benchmark read auditReason= tracePath=[0:OPERATION:Merchant=query -> 1:REQUEST:Merchant= -> 2:PROVIDER:postgresql= -> 3:SQL:select=] mutationLineage=[]
SQL: -- TeaQL PLAIN
SELECT id, name, code, external_id AS externalId, task_life_hours AS taskLifeHours, version, platform FROM merchant_data WHERE (version > 0) AND (external_id = 'matched-merchant') LIMIT 1000 OFFSET 0
[TeaQL SQL][query][268us] 1 rows returned outcome=success batchOutcome=not_applicable comment=matched merchant read with relation purpose=matched benchmark read auditReason= tracePath=[0:OPERATION:Merchant=query -> 1:REQUEST:Merchant= -> 2:RELATION:platform=Merchant.platform -> 3:PROVIDER:postgresql= -> 4:SQL:select=] mutationLineage=[]
SQL: -- TeaQL PLAIN
SELECT id, create_time AS createTime, last_update_time AS lastUpdateTime, name, version FROM platform_data WHERE (version > 0) AND (id = 1) LIMIT 1 OFFSET 0
[TeaQL SQL][query][265us] 1 rows returned outcome=success batchOutcome=not_applicable comment=matched merchant read with relation purpose=matched benchmark read auditReason= tracePath=[0:OPERATION:Merchant=query -> 1:REQUEST:Merchant= -> 2:PROVIDER:postgresql= -> 3:SQL:select=] mutationLineage=[]
SQL: -- TeaQL PLAIN
SELECT id, name, code, external_id AS externalId, task_life_hours AS taskLifeHours, version, platform FROM merchant_data WHERE (version > 0) AND (external_id = 'matched-merchant') LIMIT 1000 OFFSET 0
[TeaQL SQL][query][266us] 1 rows returned outcome=success batchOutcome=not_applicable comment=matched merchant read with relation purpose=matched benchmark read auditReason= tracePath=[0:OPERATION:Merchant=query -> 1:REQUEST:Merchant= -> 2:RELATION:platform=Merchant.platform -> 3:PROVIDER:postgresql= -> 4:SQL:select=] mutationLineage=[]
SQL: -- TeaQL PLAIN
SELECT id, create_time AS createTime, last_update_time AS lastUpdateTime, name, version FROM platform_data WHERE (version > 0) AND (id = 1) LIMIT 1 OFFSET 0
[TeaQL SQL][query][231us] 1 rows returned outcome=success batchOutcome=not_applicable comment=matched merchant read with relation purpose=matched benchmark read auditReason= tracePath=[0:OPERATION:Merchant=query -> 1:REQUEST:Merchant= -> 2:PROVIDER:postgresql= -> 3:SQL:select=] mutationLineage=[]
SQL: -- TeaQL PLAIN
SELECT id, name, code, external_id AS externalId, task_life_hours AS taskLifeHours, version, platform FROM merchant_data WHERE (version > 0) AND (external_id = 'matched-merchant') LIMIT 1000 OFFSET 0
[TeaQL SQL][query][255us] 1 rows returned outcome=success batchOutcome=not_applicable comment=matched merchant read with relation purpose=matched benchmark read auditReason= tracePath=[0:OPERATION:Merchant=query -> 1:REQUEST:Merchant= -> 2:RELATION:platform=Merchant.platform -> 3:PROVIDER:postgresql= -> 4:SQL:select=] mutationLineage=[]
SQL: -- TeaQL PLAIN
SELECT id, create_time AS createTime, last_update_time AS lastUpdateTime, name, version FROM platform_data WHERE (version > 0) AND (id = 1) LIMIT 1 OFFSET 0
[TeaQL SQL][query][293us] 1 rows returned outcome=success batchOutcome=not_applicable comment=matched merchant read with relation purpose=matched benchmark read auditReason= tracePath=[0:OPERATION:Merchant=query -> 1:REQUEST:Merchant= -> 2:PROVIDER:postgresql= -> 3:SQL:select=] mutationLineage=[]
SQL: -- TeaQL PLAIN
SELECT id, name, code, external_id AS externalId, task_life_hours AS taskLifeHours, version, platform FROM merchant_data WHERE (version > 0) AND (external_id = 'matched-merchant') LIMIT 1000 OFFSET 0
[TeaQL SQL][query][274us] 1 rows returned outcome=success batchOutcome=not_applicable comment=matched merchant read with relation purpose=matched benchmark read auditReason= tracePath=[0:OPERATION:Merchant=query -> 1:REQUEST:Merchant= -> 2:RELATION:platform=Merchant.platform -> 3:PROVIDER:postgresql= -> 4:SQL:select=] mutationLineage=[]
SQL: -- TeaQL PLAIN
SELECT id, create_time AS createTime, last_update_time AS lastUpdateTime, name, version FROM platform_data WHERE (version > 0) AND (id = 1) LIMIT 1 OFFSET 0
[TeaQL SQL][query][261us] 1 rows returned outcome=success batchOutcome=not_applicable comment=matched merchant read with relation purpose=matched benchmark read auditReason= tracePath=[0:OPERATION:Merchant=query -> 1:REQUEST:Merchant= -> 2:PROVIDER:postgresql= -> 3:SQL:select=] mutationLineage=[]
SQL: -- TeaQL PLAIN
SELECT id, name, code, external_id AS externalId, task_life_hours AS taskLifeHours, version, platform FROM merchant_data WHERE (version > 0) AND (external_id = 'matched-merchant') LIMIT 1000 OFFSET 0
[TeaQL SQL][query][199us] 1 rows returned outcome=success batchOutcome=not_applicable comment=matched merchant read with relation purpose=matched benchmark read auditReason= tracePath=[0:OPERATION:Merchant=query -> 1:REQUEST:Merchant= -> 2:RELATION:platform=Merchant.platform -> 3:PROVIDER:postgresql= -> 4:SQL:select=] mutationLineage=[]
SQL: -- TeaQL PLAIN
SELECT id, create_time AS createTime, last_update_time AS lastUpdateTime, name, version FROM platform_data WHERE (version > 0) AND (id = 1) LIMIT 1 OFFSET 0
[TeaQL SQL][query][267us] 1 rows returned outcome=success batchOutcome=not_applicable comment=matched merchant read with relation purpose=matched benchmark read auditReason= tracePath=[0:OPERATION:Merchant=query -> 1:REQUEST:Merchant= -> 2:PROVIDER:postgresql= -> 3:SQL:select=] mutationLineage=[]
SQL: -- TeaQL PLAIN
SELECT id, name, code, external_id AS externalId, task_life_hours AS taskLifeHours, version, platform FROM merchant_data WHERE (version > 0) AND (external_id = 'matched-merchant') LIMIT 1000 OFFSET 0
[TeaQL SQL][query][224us] 1 rows returned outcome=success batchOutcome=not_applicable comment=matched merchant read with relation purpose=matched benchmark read auditReason= tracePath=[0:OPERATION:Merchant=query -> 1:REQUEST:Merchant= -> 2:RELATION:platform=Merchant.platform -> 3:PROVIDER:postgresql= -> 4:SQL:select=] mutationLineage=[]
SQL: -- TeaQL PLAIN
SELECT id, create_time AS createTime, last_update_time AS lastUpdateTime, name, version FROM platform_data WHERE (version > 0) AND (id = 1) LIMIT 1 OFFSET 0
[TeaQL SQL][query][353us] 1 rows returned outcome=success batchOutcome=not_applicable comment=matched merchant read with relation purpose=matched benchmark read auditReason= tracePath=[0:OPERATION:Merchant=query -> 1:REQUEST:Merchant= -> 2:PROVIDER:postgresql= -> 3:SQL:select=] mutationLineage=[]
SQL: -- TeaQL PLAIN
SELECT id, name, code, external_id AS externalId, task_life_hours AS taskLifeHours, version, platform FROM merchant_data WHERE (version > 0) AND (external_id = 'matched-merchant') LIMIT 1000 OFFSET 0
[TeaQL SQL][query][218us] 1 rows returned outcome=success batchOutcome=not_applicable comment=matched merchant read with relation purpose=matched benchmark read auditReason= tracePath=[0:OPERATION:Merchant=query -> 1:REQUEST:Merchant= -> 2:RELATION:platform=Merchant.platform -> 3:PROVIDER:postgresql= -> 4:SQL:select=] mutationLineage=[]
SQL: -- TeaQL PLAIN
SELECT id, create_time AS createTime, last_update_time AS lastUpdateTime, name, version FROM platform_data WHERE (version > 0) AND (id = 1) LIMIT 1 OFFSET 0
[TeaQL SQL][query][293us] 1 rows returned outcome=success batchOutcome=not_applicable comment=matched merchant read with relation purpose=matched benchmark read auditReason= tracePath=[0:OPERATION:Merchant=query -> 1:REQUEST:Merchant= -> 2:PROVIDER:postgresql= -> 3:SQL:select=] mutationLineage=[]
SQL: -- TeaQL PLAIN
SELECT id, name, code, external_id AS externalId, task_life_hours AS taskLifeHours, version, platform FROM merchant_data WHERE (version > 0) AND (external_id = 'matched-merchant') LIMIT 1000 OFFSET 0
[TeaQL SQL][query][240us] 1 rows returned outcome=success batchOutcome=not_applicable comment=matched merchant read with relation purpose=matched benchmark read auditReason= tracePath=[0:OPERATION:Merchant=query -> 1:REQUEST:Merchant= -> 2:RELATION:platform=Merchant.platform -> 3:PROVIDER:postgresql= -> 4:SQL:select=] mutationLineage=[]
SQL: -- TeaQL PLAIN
SELECT id, create_time AS createTime, last_update_time AS lastUpdateTime, name, version FROM platform_data WHERE (version > 0) AND (id = 1) LIMIT 1 OFFSET 0
[TeaQL SQL][query][238us] 1 rows returned outcome=success batchOutcome=not_applicable comment=matched merchant read with relation purpose=matched benchmark read auditReason= tracePath=[0:OPERATION:Merchant=query -> 1:REQUEST:Merchant= -> 2:PROVIDER:postgresql= -> 3:SQL:select=] mutationLineage=[]
SQL: -- TeaQL PLAIN
SELECT id, name, code, external_id AS externalId, task_life_hours AS taskLifeHours, version, platform FROM merchant_data WHERE (version > 0) AND (external_id = 'matched-merchant') LIMIT 1000 OFFSET 0
[TeaQL SQL][query][218us] 1 rows returned outcome=success batchOutcome=not_applicable comment=matched merchant read with relation purpose=matched benchmark read auditReason= tracePath=[0:OPERATION:Merchant=query -> 1:REQUEST:Merchant= -> 2:RELATION:platform=Merchant.platform -> 3:PROVIDER:postgresql= -> 4:SQL:select=] mutationLineage=[]
SQL: -- TeaQL PLAIN
SELECT id, create_time AS createTime, last_update_time AS lastUpdateTime, name, version FROM platform_data WHERE (version > 0) AND (id = 1) LIMIT 1 OFFSET 0
[TeaQL SQL][query][447us] 1 rows returned outcome=success batchOutcome=not_applicable comment=matched merchant read with relation purpose=matched benchmark read auditReason= tracePath=[0:OPERATION:Merchant=query -> 1:REQUEST:Merchant= -> 2:PROVIDER:postgresql= -> 3:SQL:select=] mutationLineage=[]
SQL: -- TeaQL PLAIN
SELECT id, name, code, external_id AS externalId, task_life_hours AS taskLifeHours, version, platform FROM merchant_data WHERE (version > 0) AND (external_id = 'matched-merchant') LIMIT 1000 OFFSET 0
[TeaQL SQL][query][326us] 1 rows returned outcome=success batchOutcome=not_applicable comment=matched merchant read with relation purpose=matched benchmark read auditReason= tracePath=[0:OPERATION:Merchant=query -> 1:REQUEST:Merchant= -> 2:PROVIDER:postgresql= -> 3:SQL:select=] mutationLineage=[]
SQL: -- TeaQL PLAIN
SELECT id, name, code, external_id AS externalId, task_life_hours AS taskLifeHours, version, platform FROM merchant_data WHERE (version > 0) AND (external_id = 'matched-merchant') LIMIT 1000 OFFSET 0
[TeaQL SQL][query][375us] 1 rows returned outcome=success batchOutcome=not_applicable comment=matched merchant read with relation purpose=matched benchmark read auditReason= tracePath=[0:OPERATION:Merchant=query -> 1:REQUEST:Merchant= -> 2:RELATION:platform=Merchant.platform -> 3:PROVIDER:postgresql= -> 4:SQL:select=] mutationLineage=[]
SQL: -- TeaQL PLAIN
SELECT id, create_time AS createTime, last_update_time AS lastUpdateTime, name, version FROM platform_data WHERE (version > 0) AND (id = 1) LIMIT 1 OFFSET 0
[TeaQL SQL][query][254us] 1 rows returned outcome=success batchOutcome=not_applicable comment=matched merchant read with relation purpose=matched benchmark read auditReason= tracePath=[0:OPERATION:Merchant=query -> 1:REQUEST:Merchant= -> 2:RELATION:platform=Merchant.platform -> 3:PROVIDER:postgresql= -> 4:SQL:select=] mutationLineage=[]
SQL: -- TeaQL PLAIN
SELECT id, create_time AS createTime, last_update_time AS lastUpdateTime, name, version FROM platform_data WHERE (version > 0) AND (id = 1) LIMIT 1 OFFSET 0
[TeaQL SQL][query][368us] 1 rows returned outcome=success batchOutcome=not_applicable comment=matched merchant read with relation purpose=matched benchmark read auditReason= tracePath=[0:OPERATION:Merchant=query -> 1:REQUEST:Merchant= -> 2:PROVIDER:postgresql= -> 3:SQL:select=] mutationLineage=[]
SQL: -- TeaQL PLAIN
SELECT id, name, code, external_id AS externalId, task_life_hours AS taskLifeHours, version, platform FROM merchant_data WHERE (version > 0) AND (external_id = 'matched-merchant') LIMIT 1000 OFFSET 0
[TeaQL SQL][query][224us] 1 rows returned outcome=success batchOutcome=not_applicable comment=matched merchant read with relation purpose=matched benchmark read auditReason= tracePath=[0:OPERATION:Merchant=query -> 1:REQUEST:Merchant= -> 2:RELATION:platform=Merchant.platform -> 3:PROVIDER:postgresql= -> 4:SQL:select=] mutationLineage=[]
SQL: -- TeaQL PLAIN
SELECT id, create_time AS createTime, last_update_time AS lastUpdateTime, name, version FROM platform_data WHERE (version > 0) AND (id = 1) LIMIT 1 OFFSET 0
[TeaQL SQL][query][298us] 1 rows returned outcome=success batchOutcome=not_applicable comment=matched merchant read with relation purpose=matched benchmark read auditReason= tracePath=[0:OPERATION:Merchant=query -> 1:REQUEST:Merchant= -> 2:PROVIDER:postgresql= -> 3:SQL:select=] mutationLineage=[]
SQL: -- TeaQL PLAIN
SELECT id, name, code, external_id AS externalId, task_life_hours AS taskLifeHours, version, platform FROM merchant_data WHERE (version > 0) AND (external_id = 'matched-merchant') LIMIT 1000 OFFSET 0
[TeaQL SQL][query][250us] 1 rows returned outcome=success batchOutcome=not_applicable comment=matched merchant read with relation purpose=matched benchmark read auditReason= tracePath=[0:OPERATION:Merchant=query -> 1:REQUEST:Merchant= -> 2:RELATION:platform=Merchant.platform -> 3:PROVIDER:postgresql= -> 4:SQL:select=] mutationLineage=[]
SQL: -- TeaQL PLAIN
SELECT id, create_time AS createTime, last_update_time AS lastUpdateTime, name, version FROM platform_data WHERE (version > 0) AND (id = 1) LIMIT 1 OFFSET 0
[TeaQL SQL][query][328us] 1 rows returned outcome=success batchOutcome=not_applicable comment=matched merchant read with relation purpose=matched benchmark read auditReason= tracePath=[0:OPERATION:Merchant=query -> 1:REQUEST:Merchant= -> 2:PROVIDER:postgresql= -> 3:SQL:select=] mutationLineage=[]
SQL: -- TeaQL PLAIN
SELECT id, name, code, external_id AS externalId, task_life_hours AS taskLifeHours, version, platform FROM merchant_data WHERE (version > 0) AND (external_id = 'matched-merchant') LIMIT 1000 OFFSET 0
[TeaQL SQL][query][317us] 1 rows returned outcome=success batchOutcome=not_applicable comment=matched merchant read with relation purpose=matched benchmark read auditReason= tracePath=[0:OPERATION:Merchant=query -> 1:REQUEST:Merchant= -> 2:RELATION:platform=Merchant.platform -> 3:PROVIDER:postgresql= -> 4:SQL:select=] mutationLineage=[]
SQL: -- TeaQL PLAIN
SELECT id, create_time AS createTime, last_update_time AS lastUpdateTime, name, version FROM platform_data WHERE (version > 0) AND (id = 1) LIMIT 1 OFFSET 0
[TeaQL SQL][query][531us] 1 rows returned outcome=success batchOutcome=not_applicable comment=matched merchant read with relation purpose=matched benchmark read auditReason= tracePath=[0:OPERATION:Merchant=query -> 1:REQUEST:Merchant= -> 2:PROVIDER:postgresql= -> 3:SQL:select=] mutationLineage=[]
SQL: -- TeaQL PLAIN
SELECT id, name, code, external_id AS externalId, task_life_hours AS taskLifeHours, version, platform FROM merchant_data WHERE (version > 0) AND (external_id = 'matched-merchant') LIMIT 1000 OFFSET 0
[TeaQL SQL][query][407us] 1 rows returned outcome=success batchOutcome=not_applicable comment=matched merchant read with relation purpose=matched benchmark read auditReason= tracePath=[0:OPERATION:Merchant=query -> 1:REQUEST:Merchant= -> 2:RELATION:platform=Merchant.platform -> 3:PROVIDER:postgresql= -> 4:SQL:select=] mutationLineage=[]
SQL: -- TeaQL PLAIN
SELECT id, create_time AS createTime, last_update_time AS lastUpdateTime, name, version FROM platform_data WHERE (version > 0) AND (id = 1) LIMIT 1 OFFSET 0
[TeaQL SQL][query][288us] 1 rows returned outcome=success batchOutcome=not_applicable comment=matched merchant read with relation purpose=matched benchmark read auditReason= tracePath=[0:OPERATION:Merchant=query -> 1:REQUEST:Merchant= -> 2:PROVIDER:postgresql= -> 3:SQL:select=] mutationLineage=[]
SQL: -- TeaQL PLAIN
SELECT id, name, code, external_id AS externalId, task_life_hours AS taskLifeHours, version, platform FROM merchant_data WHERE (version > 0) AND (external_id = 'matched-merchant') LIMIT 1000 OFFSET 0
[TeaQL SQL][query][246us] 1 rows returned outcome=success batchOutcome=not_applicable comment=matched merchant read with relation purpose=matched benchmark read auditReason= tracePath=[0:OPERATION:Merchant=query -> 1:REQUEST:Merchant= -> 2:RELATION:platform=Merchant.platform -> 3:PROVIDER:postgresql= -> 4:SQL:select=] mutationLineage=[]
SQL: -- TeaQL PLAIN
SELECT id, create_time AS createTime, last_update_time AS lastUpdateTime, name, version FROM platform_data WHERE (version > 0) AND (id = 1) LIMIT 1 OFFSET 0
[TeaQL SQL][query][436us] 1 rows returned outcome=success batchOutcome=not_applicable comment=matched merchant read with relation purpose=matched benchmark read auditReason= tracePath=[0:OPERATION:Merchant=query -> 1:REQUEST:Merchant= -> 2:PROVIDER:postgresql= -> 3:SQL:select=] mutationLineage=[]
SQL: -- TeaQL PLAIN
SELECT id, name, code, external_id AS externalId, task_life_hours AS taskLifeHours, version, platform FROM merchant_data WHERE (version > 0) AND (external_id = 'matched-merchant') LIMIT 1000 OFFSET 0
[TeaQL SQL][query][337us] 1 rows returned outcome=success batchOutcome=not_applicable comment=matched merchant read with relation purpose=matched benchmark read auditReason= tracePath=[0:OPERATION:Merchant=query -> 1:REQUEST:Merchant= -> 2:PROVIDER:postgresql= -> 3:SQL:select=] mutationLineage=[]
SQL: -- TeaQL PLAIN
SELECT id, name, code, external_id AS externalId, task_life_hours AS taskLifeHours, version, platform FROM merchant_data WHERE (version > 0) AND (external_id = 'matched-merchant') LIMIT 1000 OFFSET 0
[TeaQL SQL][query][304us] 1 rows returned outcome=success batchOutcome=not_applicable comment=matched merchant read with relation purpose=matched benchmark read auditReason= tracePath=[0:OPERATION:Merchant=query -> 1:REQUEST:Merchant= -> 2:RELATION:platform=Merchant.platform -> 3:PROVIDER:postgresql= -> 4:SQL:select=] mutationLineage=[]
SQL: -- TeaQL PLAIN
SELECT id, create_time AS createTime, last_update_time AS lastUpdateTime, name, version FROM platform_data WHERE (version > 0) AND (id = 1) LIMIT 1 OFFSET 0
[TeaQL SQL][query][290us] 1 rows returned outcome=success batchOutcome=not_applicable comment=matched merchant read with relation purpose=matched benchmark read auditReason= tracePath=[0:OPERATION:Merchant=query -> 1:REQUEST:Merchant= -> 2:RELATION:platform=Merchant.platform -> 3:PROVIDER:postgresql= -> 4:SQL:select=] mutationLineage=[]
SQL: -- TeaQL PLAIN
SELECT id, create_time AS createTime, last_update_time AS lastUpdateTime, name, version FROM platform_data WHERE (version > 0) AND (id = 1) LIMIT 1 OFFSET 0
[TeaQL SQL][query][373us] 1 rows returned outcome=success batchOutcome=not_applicable comment=matched merchant read with relation purpose=matched benchmark read auditReason= tracePath=[0:OPERATION:Merchant=query -> 1:REQUEST:Merchant= -> 2:PROVIDER:postgresql= -> 3:SQL:select=] mutationLineage=[]
SQL: -- TeaQL PLAIN
SELECT id, name, code, external_id AS externalId, task_life_hours AS taskLifeHours, version, platform FROM merchant_data WHERE (version > 0) AND (external_id = 'matched-merchant') LIMIT 1000 OFFSET 0
[TeaQL SQL][query][315us] 1 rows returned outcome=success batchOutcome=not_applicable comment=matched merchant read with relation purpose=matched benchmark read auditReason= tracePath=[0:OPERATION:Merchant=query -> 1:REQUEST:Merchant= -> 2:RELATION:platform=Merchant.platform -> 3:PROVIDER:postgresql= -> 4:SQL:select=] mutationLineage=[]
SQL: -- TeaQL PLAIN
SELECT id, create_time AS createTime, last_update_time AS lastUpdateTime, name, version FROM platform_data WHERE (version > 0) AND (id = 1) LIMIT 1 OFFSET 0
[TeaQL SQL][query][329us] 1 rows returned outcome=success batchOutcome=not_applicable comment=matched merchant read with relation purpose=matched benchmark read auditReason= tracePath=[0:OPERATION:Merchant=query -> 1:REQUEST:Merchant= -> 2:PROVIDER:postgresql= -> 3:SQL:select=] mutationLineage=[]
SQL: -- TeaQL PLAIN
SELECT id, name, code, external_id AS externalId, task_life_hours AS taskLifeHours, version, platform FROM merchant_data WHERE (version > 0) AND (external_id = 'matched-merchant') LIMIT 1000 OFFSET 0
[TeaQL SQL][query][259us] 1 rows returned outcome=success batchOutcome=not_applicable comment=matched merchant read with relation purpose=matched benchmark read auditReason= tracePath=[0:OPERATION:Merchant=query -> 1:REQUEST:Merchant= -> 2:RELATION:platform=Merchant.platform -> 3:PROVIDER:postgresql= -> 4:SQL:select=] mutationLineage=[]
SQL: -- TeaQL PLAIN
SELECT id, create_time AS createTime, last_update_time AS lastUpdateTime, name, version FROM platform_data WHERE (version > 0) AND (id = 1) LIMIT 1 OFFSET 0
[TeaQL SQL][query][302us] 1 rows returned outcome=success batchOutcome=not_applicable comment=matched merchant read with relation purpose=matched benchmark read auditReason= tracePath=[0:OPERATION:Merchant=query -> 1:REQUEST:Merchant= -> 2:PROVIDER:postgresql= -> 3:SQL:select=] mutationLineage=[]
SQL: -- TeaQL PLAIN
SELECT id, name, code, external_id AS externalId, task_life_hours AS taskLifeHours, version, platform FROM merchant_data WHERE (version > 0) AND (external_id = 'matched-merchant') LIMIT 1000 OFFSET 0
[TeaQL SQL][query][261us] 1 rows returned outcome=success batchOutcome=not_applicable comment=matched merchant read with relation purpose=matched benchmark read auditReason= tracePath=[0:OPERATION:Merchant=query -> 1:REQUEST:Merchant= -> 2:RELATION:platform=Merchant.platform -> 3:PROVIDER:postgresql= -> 4:SQL:select=] mutationLineage=[]
SQL: -- TeaQL PLAIN
SELECT id, create_time AS createTime, last_update_time AS lastUpdateTime, name, version FROM platform_data WHERE (version > 0) AND (id = 1) LIMIT 1 OFFSET 0
[TeaQL SQL][query][257us] 1 rows returned outcome=success batchOutcome=not_applicable comment=matched merchant read with relation purpose=matched benchmark read auditReason= tracePath=[0:OPERATION:Merchant=query -> 1:REQUEST:Merchant= -> 2:PROVIDER:postgresql= -> 3:SQL:select=] mutationLineage=[]
SQL: -- TeaQL PLAIN
SELECT id, name, code, external_id AS externalId, task_life_hours AS taskLifeHours, version, platform FROM merchant_data WHERE (version > 0) AND (external_id = 'matched-merchant') LIMIT 1000 OFFSET 0
[TeaQL SQL][query][266us] 1 rows returned outcome=success batchOutcome=not_applicable comment=matched merchant read with relation purpose=matched benchmark read auditReason= tracePath=[0:OPERATION:Merchant=query -> 1:REQUEST:Merchant= -> 2:RELATION:platform=Merchant.platform -> 3:PROVIDER:postgresql= -> 4:SQL:select=] mutationLineage=[]
SQL: -- TeaQL PLAIN
SELECT id, create_time AS createTime, last_update_time AS lastUpdateTime, name, version FROM platform_data WHERE (version > 0) AND (id = 1) LIMIT 1 OFFSET 0
[TeaQL SQL][query][425us] 1 rows returned outcome=success batchOutcome=not_applicable comment=matched merchant read with relation purpose=matched benchmark read auditReason= tracePath=[0:OPERATION:Merchant=query -> 1:REQUEST:Merchant= -> 2:PROVIDER:postgresql= -> 3:SQL:select=] mutationLineage=[]
SQL: -- TeaQL PLAIN
SELECT id, name, code, external_id AS externalId, task_life_hours AS taskLifeHours, version, platform FROM merchant_data WHERE (version > 0) AND (external_id = 'matched-merchant') LIMIT 1000 OFFSET 0
[TeaQL SQL][query][371us] 1 rows returned outcome=success batchOutcome=not_applicable comment=matched merchant read with relation purpose=matched benchmark read auditReason= tracePath=[0:OPERATION:Merchant=query -> 1:REQUEST:Merchant= -> 2:RELATION:platform=Merchant.platform -> 3:PROVIDER:postgresql= -> 4:SQL:select=] mutationLineage=[]
SQL: -- TeaQL PLAIN
SELECT id, create_time AS createTime, last_update_time AS lastUpdateTime, name, version FROM platform_data WHERE (version > 0) AND (id = 1) LIMIT 1 OFFSET 0
[TeaQL SQL][query][374us] 1 rows returned outcome=success batchOutcome=not_applicable comment=matched merchant read with relation purpose=matched benchmark read auditReason= tracePath=[0:OPERATION:Merchant=query -> 1:REQUEST:Merchant= -> 2:PROVIDER:postgresql= -> 3:SQL:select=] mutationLineage=[]
SQL: -- TeaQL PLAIN
SELECT id, name, code, external_id AS externalId, task_life_hours AS taskLifeHours, version, platform FROM merchant_data WHERE (version > 0) AND (external_id = 'matched-merchant') LIMIT 1000 OFFSET 0
[TeaQL SQL][query][885us] 1 rows returned outcome=success batchOutcome=not_applicable comment=matched merchant read with relation purpose=matched benchmark read auditReason= tracePath=[0:OPERATION:Merchant=query -> 1:REQUEST:Merchant= -> 2:PROVIDER:postgresql= -> 3:SQL:select=] mutationLineage=[]
SQL: -- TeaQL PLAIN
SELECT id, name, code, external_id AS externalId, task_life_hours AS taskLifeHours, version, platform FROM merchant_data WHERE (version > 0) AND (external_id = 'matched-merchant') LIMIT 1000 OFFSET 0
[TeaQL SQL][query][486us] 1 rows returned outcome=success batchOutcome=not_applicable comment=matched merchant read with relation purpose=matched benchmark read auditReason= tracePath=[0:OPERATION:Merchant=query -> 1:REQUEST:Merchant= -> 2:RELATION:platform=Merchant.platform -> 3:PROVIDER:postgresql= -> 4:SQL:select=] mutationLineage=[]
SQL: -- TeaQL PLAIN
SELECT id, create_time AS createTime, last_update_time AS lastUpdateTime, name, version FROM platform_data WHERE (version > 0) AND (id = 1) LIMIT 1 OFFSET 0
[TeaQL SQL][query][235us] 1 rows returned outcome=success batchOutcome=not_applicable comment=matched merchant read with relation purpose=matched benchmark read auditReason= tracePath=[0:OPERATION:Merchant=query -> 1:REQUEST:Merchant= -> 2:RELATION:platform=Merchant.platform -> 3:PROVIDER:postgresql= -> 4:SQL:select=] mutationLineage=[]
SQL: -- TeaQL PLAIN
SELECT id, create_time AS createTime, last_update_time AS lastUpdateTime, name, version FROM platform_data WHERE (version > 0) AND (id = 1) LIMIT 1 OFFSET 0
[TeaQL SQL][query][246us] 1 rows returned outcome=success batchOutcome=not_applicable comment=matched merchant read with relation purpose=matched benchmark read auditReason= tracePath=[0:OPERATION:Merchant=query -> 1:REQUEST:Merchant= -> 2:PROVIDER:postgresql= -> 3:SQL:select=] mutationLineage=[]
SQL: -- TeaQL PLAIN
SELECT id, name, code, external_id AS externalId, task_life_hours AS taskLifeHours, version, platform FROM merchant_data WHERE (version > 0) AND (external_id = 'matched-merchant') LIMIT 1000 OFFSET 0
[TeaQL SQL][query][213us] 1 rows returned outcome=success batchOutcome=not_applicable comment=matched merchant read with relation purpose=matched benchmark read auditReason= tracePath=[0:OPERATION:Merchant=query -> 1:REQUEST:Merchant= -> 2:RELATION:platform=Merchant.platform -> 3:PROVIDER:postgresql= -> 4:SQL:select=] mutationLineage=[]
SQL: -- TeaQL PLAIN
SELECT id, create_time AS createTime, last_update_time AS lastUpdateTime, name, version FROM platform_data WHERE (version > 0) AND (id = 1) LIMIT 1 OFFSET 0
[TeaQL SQL][query][326us] 1 rows returned outcome=success batchOutcome=not_applicable comment=matched merchant read with relation purpose=matched benchmark read auditReason= tracePath=[0:OPERATION:Merchant=query -> 1:REQUEST:Merchant= -> 2:PROVIDER:postgresql= -> 3:SQL:select=] mutationLineage=[]
SQL: -- TeaQL PLAIN
SELECT id, name, code, external_id AS externalId, task_life_hours AS taskLifeHours, version, platform FROM merchant_data WHERE (version > 0) AND (external_id = 'matched-merchant') LIMIT 1000 OFFSET 0
[TeaQL SQL][query][253us] 1 rows returned outcome=success batchOutcome=not_applicable comment=matched merchant read with relation purpose=matched benchmark read auditReason= tracePath=[0:OPERATION:Merchant=query -> 1:REQUEST:Merchant= -> 2:RELATION:platform=Merchant.platform -> 3:PROVIDER:postgresql= -> 4:SQL:select=] mutationLineage=[]
SQL: -- TeaQL PLAIN
SELECT id, create_time AS createTime, last_update_time AS lastUpdateTime, name, version FROM platform_data WHERE (version > 0) AND (id = 1) LIMIT 1 OFFSET 0
[TeaQL SQL][query][389us] 1 rows returned outcome=success batchOutcome=not_applicable comment=matched merchant read with relation purpose=matched benchmark read auditReason= tracePath=[0:OPERATION:Merchant=query -> 1:REQUEST:Merchant= -> 2:PROVIDER:postgresql= -> 3:SQL:select=] mutationLineage=[]
SQL: -- TeaQL PLAIN
SELECT id, name, code, external_id AS externalId, task_life_hours AS taskLifeHours, version, platform FROM merchant_data WHERE (version > 0) AND (external_id = 'matched-merchant') LIMIT 1000 OFFSET 0
[TeaQL SQL][query][275us] 1 rows returned outcome=success batchOutcome=not_applicable comment=matched merchant read with relation purpose=matched benchmark read auditReason= tracePath=[0:OPERATION:Merchant=query -> 1:REQUEST:Merchant= -> 2:RELATION:platform=Merchant.platform -> 3:PROVIDER:postgresql= -> 4:SQL:select=] mutationLineage=[]
SQL: -- TeaQL PLAIN
SELECT id, create_time AS createTime, last_update_time AS lastUpdateTime, name, version FROM platform_data WHERE (version > 0) AND (id = 1) LIMIT 1 OFFSET 0
[TeaQL SQL][query][360us] 1 rows returned outcome=success batchOutcome=not_applicable comment=matched merchant read with relation purpose=matched benchmark read auditReason= tracePath=[0:OPERATION:Merchant=query -> 1:REQUEST:Merchant= -> 2:PROVIDER:postgresql= -> 3:SQL:select=] mutationLineage=[]
SQL: -- TeaQL PLAIN
SELECT id, name, code, external_id AS externalId, task_life_hours AS taskLifeHours, version, platform FROM merchant_data WHERE (version > 0) AND (external_id = 'matched-merchant') LIMIT 1000 OFFSET 0
[TeaQL SQL][query][267us] 1 rows returned outcome=success batchOutcome=not_applicable comment=matched merchant read with relation purpose=matched benchmark read auditReason= tracePath=[0:OPERATION:Merchant=query -> 1:REQUEST:Merchant= -> 2:RELATION:platform=Merchant.platform -> 3:PROVIDER:postgresql= -> 4:SQL:select=] mutationLineage=[]
SQL: -- TeaQL PLAIN
SELECT id, create_time AS createTime, last_update_time AS lastUpdateTime, name, version FROM platform_data WHERE (version > 0) AND (id = 1) LIMIT 1 OFFSET 0
[TeaQL SQL][query][315us] 1 rows returned outcome=success batchOutcome=not_applicable comment=matched merchant read with relation purpose=matched benchmark read auditReason= tracePath=[0:OPERATION:Merchant=query -> 1:REQUEST:Merchant= -> 2:PROVIDER:postgresql= -> 3:SQL:select=] mutationLineage=[]
SQL: -- TeaQL PLAIN
SELECT id, name, code, external_id AS externalId, task_life_hours AS taskLifeHours, version, platform FROM merchant_data WHERE (version > 0) AND (external_id = 'matched-merchant') LIMIT 1000 OFFSET 0
[TeaQL SQL][query][254us] 1 rows returned outcome=success batchOutcome=not_applicable comment=matched merchant read with relation purpose=matched benchmark read auditReason= tracePath=[0:OPERATION:Merchant=query -> 1:REQUEST:Merchant= -> 2:RELATION:platform=Merchant.platform -> 3:PROVIDER:postgresql= -> 4:SQL:select=] mutationLineage=[]
SQL: -- TeaQL PLAIN
SELECT id, create_time AS createTime, last_update_time AS lastUpdateTime, name, version FROM platform_data WHERE (version > 0) AND (id = 1) LIMIT 1 OFFSET 0
[TeaQL SQL][query][337us] 1 rows returned outcome=success batchOutcome=not_applicable comment=matched merchant read with relation purpose=matched benchmark read auditReason= tracePath=[0:OPERATION:Merchant=query -> 1:REQUEST:Merchant= -> 2:PROVIDER:postgresql= -> 3:SQL:select=] mutationLineage=[]
SQL: -- TeaQL PLAIN
SELECT id, name, code, external_id AS externalId, task_life_hours AS taskLifeHours, version, platform FROM merchant_data WHERE (version > 0) AND (external_id = 'matched-merchant') LIMIT 1000 OFFSET 0
[TeaQL SQL][query][274us] 1 rows returned outcome=success batchOutcome=not_applicable comment=matched merchant read with relation purpose=matched benchmark read auditReason= tracePath=[0:OPERATION:Merchant=query -> 1:REQUEST:Merchant= -> 2:RELATION:platform=Merchant.platform -> 3:PROVIDER:postgresql= -> 4:SQL:select=] mutationLineage=[]
SQL: -- TeaQL PLAIN
SELECT id, create_time AS createTime, last_update_time AS lastUpdateTime, name, version FROM platform_data WHERE (version > 0) AND (id = 1) LIMIT 1 OFFSET 0
[TeaQL SQL][query][302us] 1 rows returned outcome=success batchOutcome=not_applicable comment=matched merchant read with relation purpose=matched benchmark read auditReason= tracePath=[0:OPERATION:Merchant=query -> 1:REQUEST:Merchant= -> 2:PROVIDER:postgresql= -> 3:SQL:select=] mutationLineage=[]
SQL: -- TeaQL PLAIN
SELECT id, name, code, external_id AS externalId, task_life_hours AS taskLifeHours, version, platform FROM merchant_data WHERE (version > 0) AND (external_id = 'matched-merchant') LIMIT 1000 OFFSET 0
[TeaQL SQL][query][260us] 1 rows returned outcome=success batchOutcome=not_applicable comment=matched merchant read with relation purpose=matched benchmark read auditReason= tracePath=[0:OPERATION:Merchant=query -> 1:REQUEST:Merchant= -> 2:RELATION:platform=Merchant.platform -> 3:PROVIDER:postgresql= -> 4:SQL:select=] mutationLineage=[]
SQL: -- TeaQL PLAIN
SELECT id, create_time AS createTime, last_update_time AS lastUpdateTime, name, version FROM platform_data WHERE (version > 0) AND (id = 1) LIMIT 1 OFFSET 0
[TeaQL SQL][query][234us] 1 rows returned outcome=success batchOutcome=not_applicable comment=matched merchant read with relation purpose=matched benchmark read auditReason= tracePath=[0:OPERATION:Merchant=query -> 1:REQUEST:Merchant= -> 2:PROVIDER:postgresql= -> 3:SQL:select=] mutationLineage=[]
SQL: -- TeaQL PLAIN
SELECT id, name, code, external_id AS externalId, task_life_hours AS taskLifeHours, version, platform FROM merchant_data WHERE (version > 0) AND (external_id = 'matched-merchant') LIMIT 1000 OFFSET 0
[TeaQL SQL][query][192us] 1 rows returned outcome=success batchOutcome=not_applicable comment=matched merchant read with relation purpose=matched benchmark read auditReason= tracePath=[0:OPERATION:Merchant=query -> 1:REQUEST:Merchant= -> 2:RELATION:platform=Merchant.platform -> 3:PROVIDER:postgresql= -> 4:SQL:select=] mutationLineage=[]
SQL: -- TeaQL PLAIN
SELECT id, create_time AS createTime, last_update_time AS lastUpdateTime, name, version FROM platform_data WHERE (version > 0) AND (id = 1) LIMIT 1 OFFSET 0
[TeaQL SQL][query][392us] 1 rows returned outcome=success batchOutcome=not_applicable comment=matched merchant read with relation purpose=matched benchmark read auditReason= tracePath=[0:OPERATION:Merchant=query -> 1:REQUEST:Merchant= -> 2:PROVIDER:postgresql= -> 3:SQL:select=] mutationLineage=[]
SQL: -- TeaQL PLAIN
SELECT id, name, code, external_id AS externalId, task_life_hours AS taskLifeHours, version, platform FROM merchant_data WHERE (version > 0) AND (external_id = 'matched-merchant') LIMIT 1000 OFFSET 0
[TeaQL SQL][query][328us] 1 rows returned outcome=success batchOutcome=not_applicable comment=matched merchant read with relation purpose=matched benchmark read auditReason= tracePath=[0:OPERATION:Merchant=query -> 1:REQUEST:Merchant= -> 2:RELATION:platform=Merchant.platform -> 3:PROVIDER:postgresql= -> 4:SQL:select=] mutationLineage=[]
SQL: -- TeaQL PLAIN
SELECT id, create_time AS createTime, last_update_time AS lastUpdateTime, name, version FROM platform_data WHERE (version > 0) AND (id = 1) LIMIT 1 OFFSET 0
[TeaQL SQL][query][405us] 1 rows returned outcome=success batchOutcome=not_applicable comment=matched merchant read with relation purpose=matched benchmark read auditReason= tracePath=[0:OPERATION:Merchant=query -> 1:REQUEST:Merchant= -> 2:PROVIDER:postgresql= -> 3:SQL:select=] mutationLineage=[]
SQL: -- TeaQL PLAIN
SELECT id, name, code, external_id AS externalId, task_life_hours AS taskLifeHours, version, platform FROM merchant_data WHERE (version > 0) AND (external_id = 'matched-merchant') LIMIT 1000 OFFSET 0
[TeaQL SQL][query][311us] 1 rows returned outcome=success batchOutcome=not_applicable comment=matched merchant read with relation purpose=matched benchmark read auditReason= tracePath=[0:OPERATION:Merchant=query -> 1:REQUEST:Merchant= -> 2:RELATION:platform=Merchant.platform -> 3:PROVIDER:postgresql= -> 4:SQL:select=] mutationLineage=[]
SQL: -- TeaQL PLAIN
SELECT id, create_time AS createTime, last_update_time AS lastUpdateTime, name, version FROM platform_data WHERE (version > 0) AND (id = 1) LIMIT 1 OFFSET 0
[TeaQL SQL][query][321us] 1 rows returned outcome=success batchOutcome=not_applicable comment=matched merchant read with relation purpose=matched benchmark read auditReason= tracePath=[0:OPERATION:Merchant=query -> 1:REQUEST:Merchant= -> 2:PROVIDER:postgresql= -> 3:SQL:select=] mutationLineage=[]
SQL: -- TeaQL PLAIN
SELECT id, name, code, external_id AS externalId, task_life_hours AS taskLifeHours, version, platform FROM merchant_data WHERE (version > 0) AND (external_id = 'matched-merchant') LIMIT 1000 OFFSET 0
[TeaQL SQL][query][258us] 1 rows returned outcome=success batchOutcome=not_applicable comment=matched merchant read with relation purpose=matched benchmark read auditReason= tracePath=[0:OPERATION:Merchant=query -> 1:REQUEST:Merchant= -> 2:PROVIDER:postgresql= -> 3:SQL:select=] mutationLineage=[]
SQL: -- TeaQL PLAIN
SELECT id, name, code, external_id AS externalId, task_life_hours AS taskLifeHours, version, platform FROM merchant_data WHERE (version > 0) AND (external_id = 'matched-merchant') LIMIT 1000 OFFSET 0
[TeaQL SQL][query][222us] 1 rows returned outcome=success batchOutcome=not_applicable comment=matched merchant read with relation purpose=matched benchmark read auditReason= tracePath=[0:OPERATION:Merchant=query -> 1:REQUEST:Merchant= -> 2:RELATION:platform=Merchant.platform -> 3:PROVIDER:postgresql= -> 4:SQL:select=] mutationLineage=[]
SQL: -- TeaQL PLAIN
SELECT id, create_time AS createTime, last_update_time AS lastUpdateTime, name, version FROM platform_data WHERE (version > 0) AND (id = 1) LIMIT 1 OFFSET 0
[TeaQL SQL][query][257us] 1 rows returned outcome=success batchOutcome=not_applicable comment=matched merchant read with relation purpose=matched benchmark read auditReason= tracePath=[0:OPERATION:Merchant=query -> 1:REQUEST:Merchant= -> 2:RELATION:platform=Merchant.platform -> 3:PROVIDER:postgresql= -> 4:SQL:select=] mutationLineage=[]
SQL: -- TeaQL PLAIN
SELECT id, create_time AS createTime, last_update_time AS lastUpdateTime, name, version FROM platform_data WHERE (version > 0) AND (id = 1) LIMIT 1 OFFSET 0
[TeaQL SQL][query][317us] 1 rows returned outcome=success batchOutcome=not_applicable comment=matched merchant read with relation purpose=matched benchmark read auditReason= tracePath=[0:OPERATION:Merchant=query -> 1:REQUEST:Merchant= -> 2:PROVIDER:postgresql= -> 3:SQL:select=] mutationLineage=[]
SQL: -- TeaQL PLAIN
SELECT id, name, code, external_id AS externalId, task_life_hours AS taskLifeHours, version, platform FROM merchant_data WHERE (version > 0) AND (external_id = 'matched-merchant') LIMIT 1000 OFFSET 0
[TeaQL SQL][query][256us] 1 rows returned outcome=success batchOutcome=not_applicable comment=matched merchant read with relation purpose=matched benchmark read auditReason= tracePath=[0:OPERATION:Merchant=query -> 1:REQUEST:Merchant= -> 2:RELATION:platform=Merchant.platform -> 3:PROVIDER:postgresql= -> 4:SQL:select=] mutationLineage=[]
SQL: -- TeaQL PLAIN
SELECT id, create_time AS createTime, last_update_time AS lastUpdateTime, name, version FROM platform_data WHERE (version > 0) AND (id = 1) LIMIT 1 OFFSET 0
[TeaQL SQL][query][282us] 1 rows returned outcome=success batchOutcome=not_applicable comment=matched merchant read with relation purpose=matched benchmark read auditReason= tracePath=[0:OPERATION:Merchant=query -> 1:REQUEST:Merchant= -> 2:PROVIDER:postgresql= -> 3:SQL:select=] mutationLineage=[]
SQL: -- TeaQL PLAIN
SELECT id, name, code, external_id AS externalId, task_life_hours AS taskLifeHours, version, platform FROM merchant_data WHERE (version > 0) AND (external_id = 'matched-merchant') LIMIT 1000 OFFSET 0
[TeaQL SQL][query][222us] 1 rows returned outcome=success batchOutcome=not_applicable comment=matched merchant read with relation purpose=matched benchmark read auditReason= tracePath=[0:OPERATION:Merchant=query -> 1:REQUEST:Merchant= -> 2:RELATION:platform=Merchant.platform -> 3:PROVIDER:postgresql= -> 4:SQL:select=] mutationLineage=[]
SQL: -- TeaQL PLAIN
SELECT id, create_time AS createTime, last_update_time AS lastUpdateTime, name, version FROM platform_data WHERE (version > 0) AND (id = 1) LIMIT 1 OFFSET 0
[TeaQL SQL][query][249us] 1 rows returned outcome=success batchOutcome=not_applicable comment=matched merchant read with relation purpose=matched benchmark read auditReason= tracePath=[0:OPERATION:Merchant=query -> 1:REQUEST:Merchant= -> 2:PROVIDER:postgresql= -> 3:SQL:select=] mutationLineage=[]
SQL: -- TeaQL PLAIN
SELECT id, name, code, external_id AS externalId, task_life_hours AS taskLifeHours, version, platform FROM merchant_data WHERE (version > 0) AND (external_id = 'matched-merchant') LIMIT 1000 OFFSET 0
[TeaQL SQL][query][193us] 1 rows returned outcome=success batchOutcome=not_applicable comment=matched merchant read with relation purpose=matched benchmark read auditReason= tracePath=[0:OPERATION:Merchant=query -> 1:REQUEST:Merchant= -> 2:PROVIDER:postgresql= -> 3:SQL:select=] mutationLineage=[]
SQL: -- TeaQL PLAIN
SELECT id, name, code, external_id AS externalId, task_life_hours AS taskLifeHours, version, platform FROM merchant_data WHERE (version > 0) AND (external_id = 'matched-merchant') LIMIT 1000 OFFSET 0
[TeaQL SQL][query][228us] 1 rows returned outcome=success batchOutcome=not_applicable comment=matched merchant read with relation purpose=matched benchmark read auditReason= tracePath=[0:OPERATION:Merchant=query -> 1:REQUEST:Merchant= -> 2:RELATION:platform=Merchant.platform -> 3:PROVIDER:postgresql= -> 4:SQL:select=] mutationLineage=[]
SQL: -- TeaQL PLAIN
SELECT id, create_time AS createTime, last_update_time AS lastUpdateTime, name, version FROM platform_data WHERE (version > 0) AND (id = 1) LIMIT 1 OFFSET 0
[TeaQL SQL][query][208us] 1 rows returned outcome=success batchOutcome=not_applicable comment=matched merchant read with relation purpose=matched benchmark read auditReason= tracePath=[0:OPERATION:Merchant=query -> 1:REQUEST:Merchant= -> 2:RELATION:platform=Merchant.platform -> 3:PROVIDER:postgresql= -> 4:SQL:select=] mutationLineage=[]
SQL: -- TeaQL PLAIN
SELECT id, create_time AS createTime, last_update_time AS lastUpdateTime, name, version FROM platform_data WHERE (version > 0) AND (id = 1) LIMIT 1 OFFSET 0
[TeaQL SQL][query][394us] 1 rows returned outcome=success batchOutcome=not_applicable comment=matched merchant read with relation purpose=matched benchmark read auditReason= tracePath=[0:OPERATION:Merchant=query -> 1:REQUEST:Merchant= -> 2:PROVIDER:postgresql= -> 3:SQL:select=] mutationLineage=[]
SQL: -- TeaQL PLAIN
SELECT id, name, code, external_id AS externalId, task_life_hours AS taskLifeHours, version, platform FROM merchant_data WHERE (version > 0) AND (external_id = 'matched-merchant') LIMIT 1000 OFFSET 0
[TeaQL SQL][query][320us] 1 rows returned outcome=success batchOutcome=not_applicable comment=matched merchant read with relation purpose=matched benchmark read auditReason= tracePath=[0:OPERATION:Merchant=query -> 1:REQUEST:Merchant= -> 2:RELATION:platform=Merchant.platform -> 3:PROVIDER:postgresql= -> 4:SQL:select=] mutationLineage=[]
SQL: -- TeaQL PLAIN
SELECT id, create_time AS createTime, last_update_time AS lastUpdateTime, name, version FROM platform_data WHERE (version > 0) AND (id = 1) LIMIT 1 OFFSET 0
[TeaQL SQL][query][351us] 1 rows returned outcome=success batchOutcome=not_applicable comment=matched merchant read with relation purpose=matched benchmark read auditReason= tracePath=[0:OPERATION:Merchant=query -> 1:REQUEST:Merchant= -> 2:PROVIDER:postgresql= -> 3:SQL:select=] mutationLineage=[]
SQL: -- TeaQL PLAIN
SELECT id, name, code, external_id AS externalId, task_life_hours AS taskLifeHours, version, platform FROM merchant_data WHERE (version > 0) AND (external_id = 'matched-merchant') LIMIT 1000 OFFSET 0
[TeaQL SQL][query][264us] 1 rows returned outcome=success batchOutcome=not_applicable comment=matched merchant read with relation purpose=matched benchmark read auditReason= tracePath=[0:OPERATION:Merchant=query -> 1:REQUEST:Merchant= -> 2:RELATION:platform=Merchant.platform -> 3:PROVIDER:postgresql= -> 4:SQL:select=] mutationLineage=[]
SQL: -- TeaQL PLAIN
SELECT id, create_time AS createTime, last_update_time AS lastUpdateTime, name, version FROM platform_data WHERE (version > 0) AND (id = 1) LIMIT 1 OFFSET 0
[TeaQL SQL][query][308us] 1 rows returned outcome=success batchOutcome=not_applicable comment=matched merchant read with relation purpose=matched benchmark read auditReason= tracePath=[0:OPERATION:Merchant=query -> 1:REQUEST:Merchant= -> 2:PROVIDER:postgresql= -> 3:SQL:select=] mutationLineage=[]
SQL: -- TeaQL PLAIN
SELECT id, name, code, external_id AS externalId, task_life_hours AS taskLifeHours, version, platform FROM merchant_data WHERE (version > 0) AND (external_id = 'matched-merchant') LIMIT 1000 OFFSET 0
[TeaQL SQL][query][251us] 1 rows returned outcome=success batchOutcome=not_applicable comment=matched merchant read with relation purpose=matched benchmark read auditReason= tracePath=[0:OPERATION:Merchant=query -> 1:REQUEST:Merchant= -> 2:RELATION:platform=Merchant.platform -> 3:PROVIDER:postgresql= -> 4:SQL:select=] mutationLineage=[]
SQL: -- TeaQL PLAIN
SELECT id, create_time AS createTime, last_update_time AS lastUpdateTime, name, version FROM platform_data WHERE (version > 0) AND (id = 1) LIMIT 1 OFFSET 0
[TeaQL SQL][query][290us] 1 rows returned outcome=success batchOutcome=not_applicable comment=matched merchant read with relation purpose=matched benchmark read auditReason= tracePath=[0:OPERATION:Merchant=query -> 1:REQUEST:Merchant= -> 2:PROVIDER:postgresql= -> 3:SQL:select=] mutationLineage=[]
SQL: -- TeaQL PLAIN
SELECT id, name, code, external_id AS externalId, task_life_hours AS taskLifeHours, version, platform FROM merchant_data WHERE (version > 0) AND (external_id = 'matched-merchant') LIMIT 1000 OFFSET 0
[TeaQL SQL][query][266us] 1 rows returned outcome=success batchOutcome=not_applicable comment=matched merchant read with relation purpose=matched benchmark read auditReason= tracePath=[0:OPERATION:Merchant=query -> 1:REQUEST:Merchant= -> 2:RELATION:platform=Merchant.platform -> 3:PROVIDER:postgresql= -> 4:SQL:select=] mutationLineage=[]
SQL: -- TeaQL PLAIN
SELECT id, create_time AS createTime, last_update_time AS lastUpdateTime, name, version FROM platform_data WHERE (version > 0) AND (id = 1) LIMIT 1 OFFSET 0
[TeaQL SQL][query][279us] 1 rows returned outcome=success batchOutcome=not_applicable comment=matched merchant read with relation purpose=matched benchmark read auditReason= tracePath=[0:OPERATION:Merchant=query -> 1:REQUEST:Merchant= -> 2:PROVIDER:postgresql= -> 3:SQL:select=] mutationLineage=[]
SQL: -- TeaQL PLAIN
SELECT id, name, code, external_id AS externalId, task_life_hours AS taskLifeHours, version, platform FROM merchant_data WHERE (version > 0) AND (external_id = 'matched-merchant') LIMIT 1000 OFFSET 0
[TeaQL SQL][query][237us] 1 rows returned outcome=success batchOutcome=not_applicable comment=matched merchant read with relation purpose=matched benchmark read auditReason= tracePath=[0:OPERATION:Merchant=query -> 1:REQUEST:Merchant= -> 2:RELATION:platform=Merchant.platform -> 3:PROVIDER:postgresql= -> 4:SQL:select=] mutationLineage=[]
SQL: -- TeaQL PLAIN
SELECT id, create_time AS createTime, last_update_time AS lastUpdateTime, name, version FROM platform_data WHERE (version > 0) AND (id = 1) LIMIT 1 OFFSET 0
[TeaQL SQL][query][283us] 1 rows returned outcome=success batchOutcome=not_applicable comment=matched merchant read with relation purpose=matched benchmark read auditReason= tracePath=[0:OPERATION:Merchant=query -> 1:REQUEST:Merchant= -> 2:PROVIDER:postgresql= -> 3:SQL:select=] mutationLineage=[]
SQL: -- TeaQL PLAIN
SELECT id, name, code, external_id AS externalId, task_life_hours AS taskLifeHours, version, platform FROM merchant_data WHERE (version > 0) AND (external_id = 'matched-merchant') LIMIT 1000 OFFSET 0
[TeaQL SQL][query][288us] 1 rows returned outcome=success batchOutcome=not_applicable comment=matched merchant read with relation purpose=matched benchmark read auditReason= tracePath=[0:OPERATION:Merchant=query -> 1:REQUEST:Merchant= -> 2:RELATION:platform=Merchant.platform -> 3:PROVIDER:postgresql= -> 4:SQL:select=] mutationLineage=[]
SQL: -- TeaQL PLAIN
SELECT id, create_time AS createTime, last_update_time AS lastUpdateTime, name, version FROM platform_data WHERE (version > 0) AND (id = 1) LIMIT 1 OFFSET 0
[TeaQL SQL][query][423us] 1 rows returned outcome=success batchOutcome=not_applicable comment=matched merchant read with relation purpose=matched benchmark read auditReason= tracePath=[0:OPERATION:Merchant=query -> 1:REQUEST:Merchant= -> 2:PROVIDER:postgresql= -> 3:SQL:select=] mutationLineage=[]
SQL: -- TeaQL PLAIN
SELECT id, name, code, external_id AS externalId, task_life_hours AS taskLifeHours, version, platform FROM merchant_data WHERE (version > 0) AND (external_id = 'matched-merchant') LIMIT 1000 OFFSET 0
[TeaQL SQL][query][314us] 1 rows returned outcome=success batchOutcome=not_applicable comment=matched merchant read with relation purpose=matched benchmark read auditReason= tracePath=[0:OPERATION:Merchant=query -> 1:REQUEST:Merchant= -> 2:PROVIDER:postgresql= -> 3:SQL:select=] mutationLineage=[]
SQL: -- TeaQL PLAIN
SELECT id, name, code, external_id AS externalId, task_life_hours AS taskLifeHours, version, platform FROM merchant_data WHERE (version > 0) AND (external_id = 'matched-merchant') LIMIT 1000 OFFSET 0
[TeaQL SQL][query][303us] 1 rows returned outcome=success batchOutcome=not_applicable comment=matched merchant read with relation purpose=matched benchmark read auditReason= tracePath=[0:OPERATION:Merchant=query -> 1:REQUEST:Merchant= -> 2:RELATION:platform=Merchant.platform -> 3:PROVIDER:postgresql= -> 4:SQL:select=] mutationLineage=[]
SQL: -- TeaQL PLAIN
SELECT id, create_time AS createTime, last_update_time AS lastUpdateTime, name, version FROM platform_data WHERE (version > 0) AND (id = 1) LIMIT 1 OFFSET 0
[TeaQL SQL][query][205us] 1 rows returned outcome=success batchOutcome=not_applicable comment=matched merchant read with relation purpose=matched benchmark read auditReason= tracePath=[0:OPERATION:Merchant=query -> 1:REQUEST:Merchant= -> 2:RELATION:platform=Merchant.platform -> 3:PROVIDER:postgresql= -> 4:SQL:select=] mutationLineage=[]
SQL: -- TeaQL PLAIN
SELECT id, create_time AS createTime, last_update_time AS lastUpdateTime, name, version FROM platform_data WHERE (version > 0) AND (id = 1) LIMIT 1 OFFSET 0
[TeaQL SQL][query][338us] 1 rows returned outcome=success batchOutcome=not_applicable comment=matched merchant read with relation purpose=matched benchmark read auditReason= tracePath=[0:OPERATION:Merchant=query -> 1:REQUEST:Merchant= -> 2:PROVIDER:postgresql= -> 3:SQL:select=] mutationLineage=[]
SQL: -- TeaQL PLAIN
SELECT id, name, code, external_id AS externalId, task_life_hours AS taskLifeHours, version, platform FROM merchant_data WHERE (version > 0) AND (external_id = 'matched-merchant') LIMIT 1000 OFFSET 0
[TeaQL SQL][query][274us] 1 rows returned outcome=success batchOutcome=not_applicable comment=matched merchant read with relation purpose=matched benchmark read auditReason= tracePath=[0:OPERATION:Merchant=query -> 1:REQUEST:Merchant= -> 2:PROVIDER:postgresql= -> 3:SQL:select=] mutationLineage=[]
SQL: -- TeaQL PLAIN
SELECT id, name, code, external_id AS externalId, task_life_hours AS taskLifeHours, version, platform FROM merchant_data WHERE (version > 0) AND (external_id = 'matched-merchant') LIMIT 1000 OFFSET 0
[TeaQL SQL][query][332us] 1 rows returned outcome=success batchOutcome=not_applicable comment=matched merchant read with relation purpose=matched benchmark read auditReason= tracePath=[0:OPERATION:Merchant=query -> 1:REQUEST:Merchant= -> 2:RELATION:platform=Merchant.platform -> 3:PROVIDER:postgresql= -> 4:SQL:select=] mutationLineage=[]
SQL: -- TeaQL PLAIN
SELECT id, create_time AS createTime, last_update_time AS lastUpdateTime, name, version FROM platform_data WHERE (version > 0) AND (id = 1) LIMIT 1 OFFSET 0
[TeaQL SQL][query][236us] 1 rows returned outcome=success batchOutcome=not_applicable comment=matched merchant read with relation purpose=matched benchmark read auditReason= tracePath=[0:OPERATION:Merchant=query -> 1:REQUEST:Merchant= -> 2:RELATION:platform=Merchant.platform -> 3:PROVIDER:postgresql= -> 4:SQL:select=] mutationLineage=[]
SQL: -- TeaQL PLAIN
SELECT id, create_time AS createTime, last_update_time AS lastUpdateTime, name, version FROM platform_data WHERE (version > 0) AND (id = 1) LIMIT 1 OFFSET 0
[TeaQL SQL][query][312us] 1 rows returned outcome=success batchOutcome=not_applicable comment=matched merchant read with relation purpose=matched benchmark read auditReason= tracePath=[0:OPERATION:Merchant=query -> 1:REQUEST:Merchant= -> 2:PROVIDER:postgresql= -> 3:SQL:select=] mutationLineage=[]
SQL: -- TeaQL PLAIN
SELECT id, name, code, external_id AS externalId, task_life_hours AS taskLifeHours, version, platform FROM merchant_data WHERE (version > 0) AND (external_id = 'matched-merchant') LIMIT 1000 OFFSET 0
[TeaQL SQL][query][406us] 1 rows returned outcome=success batchOutcome=not_applicable comment=matched merchant read with relation purpose=matched benchmark read auditReason= tracePath=[0:OPERATION:Merchant=query -> 1:REQUEST:Merchant= -> 2:PROVIDER:postgresql= -> 3:SQL:select=] mutationLineage=[]
SQL: -- TeaQL PLAIN
SELECT id, name, code, external_id AS externalId, task_life_hours AS taskLifeHours, version, platform FROM merchant_data WHERE (version > 0) AND (external_id = 'matched-merchant') LIMIT 1000 OFFSET 0
[TeaQL SQL][query][247us] 1 rows returned outcome=success batchOutcome=not_applicable comment=matched merchant read with relation purpose=matched benchmark read auditReason= tracePath=[0:OPERATION:Merchant=query -> 1:REQUEST:Merchant= -> 2:RELATION:platform=Merchant.platform -> 3:PROVIDER:postgresql= -> 4:SQL:select=] mutationLineage=[]
SQL: -- TeaQL PLAIN
SELECT id, create_time AS createTime, last_update_time AS lastUpdateTime, name, version FROM platform_data WHERE (version > 0) AND (id = 1) LIMIT 1 OFFSET 0
[TeaQL SQL][query][217us] 1 rows returned outcome=success batchOutcome=not_applicable comment=matched merchant read with relation purpose=matched benchmark read auditReason= tracePath=[0:OPERATION:Merchant=query -> 1:REQUEST:Merchant= -> 2:RELATION:platform=Merchant.platform -> 3:PROVIDER:postgresql= -> 4:SQL:select=] mutationLineage=[]
SQL: -- TeaQL PLAIN
SELECT id, create_time AS createTime, last_update_time AS lastUpdateTime, name, version FROM platform_data WHERE (version > 0) AND (id = 1) LIMIT 1 OFFSET 0
[TeaQL SQL][query][223us] 1 rows returned outcome=success batchOutcome=not_applicable comment=matched merchant read with relation purpose=matched benchmark read auditReason= tracePath=[0:OPERATION:Merchant=query -> 1:REQUEST:Merchant= -> 2:PROVIDER:postgresql= -> 3:SQL:select=] mutationLineage=[]
SQL: -- TeaQL PLAIN
SELECT id, name, code, external_id AS externalId, task_life_hours AS taskLifeHours, version, platform FROM merchant_data WHERE (version > 0) AND (external_id = 'matched-merchant') LIMIT 1000 OFFSET 0
[TeaQL SQL][query][302us] 1 rows returned outcome=success batchOutcome=not_applicable comment=matched merchant read with relation purpose=matched benchmark read auditReason= tracePath=[0:OPERATION:Merchant=query -> 1:REQUEST:Merchant= -> 2:PROVIDER:postgresql= -> 3:SQL:select=] mutationLineage=[]
SQL: -- TeaQL PLAIN
SELECT id, name, code, external_id AS externalId, task_life_hours AS taskLifeHours, version, platform FROM merchant_data WHERE (version > 0) AND (external_id = 'matched-merchant') LIMIT 1000 OFFSET 0
[TeaQL SQL][query][251us] 1 rows returned outcome=success batchOutcome=not_applicable comment=matched merchant read with relation purpose=matched benchmark read auditReason= tracePath=[0:OPERATION:Merchant=query -> 1:REQUEST:Merchant= -> 2:RELATION:platform=Merchant.platform -> 3:PROVIDER:postgresql= -> 4:SQL:select=] mutationLineage=[]
SQL: -- TeaQL PLAIN
SELECT id, create_time AS createTime, last_update_time AS lastUpdateTime, name, version FROM platform_data WHERE (version > 0) AND (id = 1) LIMIT 1 OFFSET 0
[TeaQL SQL][query][221us] 1 rows returned outcome=success batchOutcome=not_applicable comment=matched merchant read with relation purpose=matched benchmark read auditReason= tracePath=[0:OPERATION:Merchant=query -> 1:REQUEST:Merchant= -> 2:RELATION:platform=Merchant.platform -> 3:PROVIDER:postgresql= -> 4:SQL:select=] mutationLineage=[]
SQL: -- TeaQL PLAIN
SELECT id, create_time AS createTime, last_update_time AS lastUpdateTime, name, version FROM platform_data WHERE (version > 0) AND (id = 1) LIMIT 1 OFFSET 0
[TeaQL SQL][query][464us] 1 rows returned outcome=success batchOutcome=not_applicable comment=matched merchant read with relation purpose=matched benchmark read auditReason= tracePath=[0:OPERATION:Merchant=query -> 1:REQUEST:Merchant= -> 2:PROVIDER:postgresql= -> 3:SQL:select=] mutationLineage=[]
SQL: -- TeaQL PLAIN
SELECT id, name, code, external_id AS externalId, task_life_hours AS taskLifeHours, version, platform FROM merchant_data WHERE (version > 0) AND (external_id = 'matched-merchant') LIMIT 1000 OFFSET 0
[TeaQL SQL][query][440us] 1 rows returned outcome=success batchOutcome=not_applicable comment=matched merchant read with relation purpose=matched benchmark read auditReason= tracePath=[0:OPERATION:Merchant=query -> 1:REQUEST:Merchant= -> 2:PROVIDER:postgresql= -> 3:SQL:select=] mutationLineage=[]
SQL: -- TeaQL PLAIN
SELECT id, name, code, external_id AS externalId, task_life_hours AS taskLifeHours, version, platform FROM merchant_data WHERE (version > 0) AND (external_id = 'matched-merchant') LIMIT 1000 OFFSET 0
[TeaQL SQL][query][301us] 1 rows returned outcome=success batchOutcome=not_applicable comment=matched merchant read with relation purpose=matched benchmark read auditReason= tracePath=[0:OPERATION:Merchant=query -> 1:REQUEST:Merchant= -> 2:RELATION:platform=Merchant.platform -> 3:PROVIDER:postgresql= -> 4:SQL:select=] mutationLineage=[]
SQL: -- TeaQL PLAIN
SELECT id, create_time AS createTime, last_update_time AS lastUpdateTime, name, version FROM platform_data WHERE (version > 0) AND (id = 1) LIMIT 1 OFFSET 0
[TeaQL SQL][query][251us] 1 rows returned outcome=success batchOutcome=not_applicable comment=matched merchant read with relation purpose=matched benchmark read auditReason= tracePath=[0:OPERATION:Merchant=query -> 1:REQUEST:Merchant= -> 2:RELATION:platform=Merchant.platform -> 3:PROVIDER:postgresql= -> 4:SQL:select=] mutationLineage=[]
SQL: -- TeaQL PLAIN
SELECT id, create_time AS createTime, last_update_time AS lastUpdateTime, name, version FROM platform_data WHERE (version > 0) AND (id = 1) LIMIT 1 OFFSET 0
[TeaQL SQL][query][344us] 1 rows returned outcome=success batchOutcome=not_applicable comment=matched merchant read with relation purpose=matched benchmark read auditReason= tracePath=[0:OPERATION:Merchant=query -> 1:REQUEST:Merchant= -> 2:PROVIDER:postgresql= -> 3:SQL:select=] mutationLineage=[]
SQL: -- TeaQL PLAIN
SELECT id, name, code, external_id AS externalId, task_life_hours AS taskLifeHours, version, platform FROM merchant_data WHERE (version > 0) AND (external_id = 'matched-merchant') LIMIT 1000 OFFSET 0
[TeaQL SQL][query][269us] 1 rows returned outcome=success batchOutcome=not_applicable comment=matched merchant read with relation purpose=matched benchmark read auditReason= tracePath=[0:OPERATION:Merchant=query -> 1:REQUEST:Merchant= -> 2:RELATION:platform=Merchant.platform -> 3:PROVIDER:postgresql= -> 4:SQL:select=] mutationLineage=[]
SQL: -- TeaQL PLAIN
SELECT id, create_time AS createTime, last_update_time AS lastUpdateTime, name, version FROM platform_data WHERE (version > 0) AND (id = 1) LIMIT 1 OFFSET 0
[TeaQL SQL][query][293us] 1 rows returned outcome=success batchOutcome=not_applicable comment=matched merchant read with relation purpose=matched benchmark read auditReason= tracePath=[0:OPERATION:Merchant=query -> 1:REQUEST:Merchant= -> 2:PROVIDER:postgresql= -> 3:SQL:select=] mutationLineage=[]
SQL: -- TeaQL PLAIN
SELECT id, name, code, external_id AS externalId, task_life_hours AS taskLifeHours, version, platform FROM merchant_data WHERE (version > 0) AND (external_id = 'matched-merchant') LIMIT 1000 OFFSET 0
[TeaQL SQL][query][245us] 1 rows returned outcome=success batchOutcome=not_applicable comment=matched merchant read with relation purpose=matched benchmark read auditReason= tracePath=[0:OPERATION:Merchant=query -> 1:REQUEST:Merchant= -> 2:RELATION:platform=Merchant.platform -> 3:PROVIDER:postgresql= -> 4:SQL:select=] mutationLineage=[]
SQL: -- TeaQL PLAIN
SELECT id, create_time AS createTime, last_update_time AS lastUpdateTime, name, version FROM platform_data WHERE (version > 0) AND (id = 1) LIMIT 1 OFFSET 0
[TeaQL SQL][query][306us] 1 rows returned outcome=success batchOutcome=not_applicable comment=matched merchant read with relation purpose=matched benchmark read auditReason= tracePath=[0:OPERATION:Merchant=query -> 1:REQUEST:Merchant= -> 2:PROVIDER:postgresql= -> 3:SQL:select=] mutationLineage=[]
SQL: -- TeaQL PLAIN
SELECT id, name, code, external_id AS externalId, task_life_hours AS taskLifeHours, version, platform FROM merchant_data WHERE (version > 0) AND (external_id = 'matched-merchant') LIMIT 1000 OFFSET 0
[TeaQL SQL][query][310us] 1 rows returned outcome=success batchOutcome=not_applicable comment=matched merchant read with relation purpose=matched benchmark read auditReason= tracePath=[0:OPERATION:Merchant=query -> 1:REQUEST:Merchant= -> 2:RELATION:platform=Merchant.platform -> 3:PROVIDER:postgresql= -> 4:SQL:select=] mutationLineage=[]
SQL: -- TeaQL PLAIN
SELECT id, create_time AS createTime, last_update_time AS lastUpdateTime, name, version FROM platform_data WHERE (version > 0) AND (id = 1) LIMIT 1 OFFSET 0
[TeaQL SQL][query][370us] 1 rows returned outcome=success batchOutcome=not_applicable comment=matched merchant read with relation purpose=matched benchmark read auditReason= tracePath=[0:OPERATION:Merchant=query -> 1:REQUEST:Merchant= -> 2:PROVIDER:postgresql= -> 3:SQL:select=] mutationLineage=[]
SQL: -- TeaQL PLAIN
SELECT id, name, code, external_id AS externalId, task_life_hours AS taskLifeHours, version, platform FROM merchant_data WHERE (version > 0) AND (external_id = 'matched-merchant') LIMIT 1000 OFFSET 0
[TeaQL SQL][query][296us] 1 rows returned outcome=success batchOutcome=not_applicable comment=matched merchant read with relation purpose=matched benchmark read auditReason= tracePath=[0:OPERATION:Merchant=query -> 1:REQUEST:Merchant= -> 2:RELATION:platform=Merchant.platform -> 3:PROVIDER:postgresql= -> 4:SQL:select=] mutationLineage=[]
SQL: -- TeaQL PLAIN
SELECT id, create_time AS createTime, last_update_time AS lastUpdateTime, name, version FROM platform_data WHERE (version > 0) AND (id = 1) LIMIT 1 OFFSET 0
[TeaQL SQL][query][324us] 1 rows returned outcome=success batchOutcome=not_applicable comment=matched merchant read with relation purpose=matched benchmark read auditReason= tracePath=[0:OPERATION:Merchant=query -> 1:REQUEST:Merchant= -> 2:PROVIDER:postgresql= -> 3:SQL:select=] mutationLineage=[]
SQL: -- TeaQL PLAIN
SELECT id, name, code, external_id AS externalId, task_life_hours AS taskLifeHours, version, platform FROM merchant_data WHERE (version > 0) AND (external_id = 'matched-merchant') LIMIT 1000 OFFSET 0
[TeaQL SQL][query][273us] 1 rows returned outcome=success batchOutcome=not_applicable comment=matched merchant read with relation purpose=matched benchmark read auditReason= tracePath=[0:OPERATION:Merchant=query -> 1:REQUEST:Merchant= -> 2:RELATION:platform=Merchant.platform -> 3:PROVIDER:postgresql= -> 4:SQL:select=] mutationLineage=[]
SQL: -- TeaQL PLAIN
SELECT id, create_time AS createTime, last_update_time AS lastUpdateTime, name, version FROM platform_data WHERE (version > 0) AND (id = 1) LIMIT 1 OFFSET 0
[TeaQL SQL][query][332us] 1 rows returned outcome=success batchOutcome=not_applicable comment=matched merchant read with relation purpose=matched benchmark read auditReason= tracePath=[0:OPERATION:Merchant=query -> 1:REQUEST:Merchant= -> 2:PROVIDER:postgresql= -> 3:SQL:select=] mutationLineage=[]
SQL: -- TeaQL PLAIN
SELECT id, name, code, external_id AS externalId, task_life_hours AS taskLifeHours, version, platform FROM merchant_data WHERE (version > 0) AND (external_id = 'matched-merchant') LIMIT 1000 OFFSET 0
[TeaQL SQL][query][258us] 1 rows returned outcome=success batchOutcome=not_applicable comment=matched merchant read with relation purpose=matched benchmark read auditReason= tracePath=[0:OPERATION:Merchant=query -> 1:REQUEST:Merchant= -> 2:RELATION:platform=Merchant.platform -> 3:PROVIDER:postgresql= -> 4:SQL:select=] mutationLineage=[]
SQL: -- TeaQL PLAIN
SELECT id, create_time AS createTime, last_update_time AS lastUpdateTime, name, version FROM platform_data WHERE (version > 0) AND (id = 1) LIMIT 1 OFFSET 0
[TeaQL SQL][query][319us] 1 rows returned outcome=success batchOutcome=not_applicable comment=matched merchant read with relation purpose=matched benchmark read auditReason= tracePath=[0:OPERATION:Merchant=query -> 1:REQUEST:Merchant= -> 2:PROVIDER:postgresql= -> 3:SQL:select=] mutationLineage=[]
SQL: -- TeaQL PLAIN
SELECT id, name, code, external_id AS externalId, task_life_hours AS taskLifeHours, version, platform FROM merchant_data WHERE (version > 0) AND (external_id = 'matched-merchant') LIMIT 1000 OFFSET 0
[TeaQL SQL][query][225us] 1 rows returned outcome=success batchOutcome=not_applicable comment=matched merchant read with relation purpose=matched benchmark read auditReason= tracePath=[0:OPERATION:Merchant=query -> 1:REQUEST:Merchant= -> 2:PROVIDER:postgresql= -> 3:SQL:select=] mutationLineage=[]
SQL: -- TeaQL PLAIN
SELECT id, name, code, external_id AS externalId, task_life_hours AS taskLifeHours, version, platform FROM merchant_data WHERE (version > 0) AND (external_id = 'matched-merchant') LIMIT 1000 OFFSET 0
[TeaQL SQL][query][196us] 1 rows returned outcome=success batchOutcome=not_applicable comment=matched merchant read with relation purpose=matched benchmark read auditReason= tracePath=[0:OPERATION:Merchant=query -> 1:REQUEST:Merchant= -> 2:RELATION:platform=Merchant.platform -> 3:PROVIDER:postgresql= -> 4:SQL:select=] mutationLineage=[]
SQL: -- TeaQL PLAIN
SELECT id, create_time AS createTime, last_update_time AS lastUpdateTime, name, version FROM platform_data WHERE (version > 0) AND (id = 1) LIMIT 1 OFFSET 0
[TeaQL SQL][query][246us] 1 rows returned outcome=success batchOutcome=not_applicable comment=matched merchant read with relation purpose=matched benchmark read auditReason= tracePath=[0:OPERATION:Merchant=query -> 1:REQUEST:Merchant= -> 2:RELATION:platform=Merchant.platform -> 3:PROVIDER:postgresql= -> 4:SQL:select=] mutationLineage=[]
SQL: -- TeaQL PLAIN
SELECT id, create_time AS createTime, last_update_time AS lastUpdateTime, name, version FROM platform_data WHERE (version > 0) AND (id = 1) LIMIT 1 OFFSET 0
[TeaQL SQL][query][323us] 1 rows returned outcome=success batchOutcome=not_applicable comment=matched merchant read with relation purpose=matched benchmark read auditReason= tracePath=[0:OPERATION:Merchant=query -> 1:REQUEST:Merchant= -> 2:PROVIDER:postgresql= -> 3:SQL:select=] mutationLineage=[]
SQL: -- TeaQL PLAIN
SELECT id, name, code, external_id AS externalId, task_life_hours AS taskLifeHours, version, platform FROM merchant_data WHERE (version > 0) AND (external_id = 'matched-merchant') LIMIT 1000 OFFSET 0
[TeaQL SQL][query][228us] 1 rows returned outcome=success batchOutcome=not_applicable comment=matched merchant read with relation purpose=matched benchmark read auditReason= tracePath=[0:OPERATION:Merchant=query -> 1:REQUEST:Merchant= -> 2:PROVIDER:postgresql= -> 3:SQL:select=] mutationLineage=[]
SQL: -- TeaQL PLAIN
SELECT id, name, code, external_id AS externalId, task_life_hours AS taskLifeHours, version, platform FROM merchant_data WHERE (version > 0) AND (external_id = 'matched-merchant') LIMIT 1000 OFFSET 0
[TeaQL SQL][query][357us] 1 rows returned outcome=success batchOutcome=not_applicable comment=matched merchant read with relation purpose=matched benchmark read auditReason= tracePath=[0:OPERATION:Merchant=query -> 1:REQUEST:Merchant= -> 2:RELATION:platform=Merchant.platform -> 3:PROVIDER:postgresql= -> 4:SQL:select=] mutationLineage=[]
SQL: -- TeaQL PLAIN
SELECT id, create_time AS createTime, last_update_time AS lastUpdateTime, name, version FROM platform_data WHERE (version > 0) AND (id = 1) LIMIT 1 OFFSET 0
[TeaQL SQL][query][230us] 1 rows returned outcome=success batchOutcome=not_applicable comment=matched merchant read with relation purpose=matched benchmark read auditReason= tracePath=[0:OPERATION:Merchant=query -> 1:REQUEST:Merchant= -> 2:RELATION:platform=Merchant.platform -> 3:PROVIDER:postgresql= -> 4:SQL:select=] mutationLineage=[]
SQL: -- TeaQL PLAIN
SELECT id, create_time AS createTime, last_update_time AS lastUpdateTime, name, version FROM platform_data WHERE (version > 0) AND (id = 1) LIMIT 1 OFFSET 0
[TeaQL SQL][query][371us] 1 rows returned outcome=success batchOutcome=not_applicable comment=matched merchant read with relation purpose=matched benchmark read auditReason= tracePath=[0:OPERATION:Merchant=query -> 1:REQUEST:Merchant= -> 2:PROVIDER:postgresql= -> 3:SQL:select=] mutationLineage=[]
SQL: -- TeaQL PLAIN
SELECT id, name, code, external_id AS externalId, task_life_hours AS taskLifeHours, version, platform FROM merchant_data WHERE (version > 0) AND (external_id = 'matched-merchant') LIMIT 1000 OFFSET 0
[TeaQL SQL][query][268us] 1 rows returned outcome=success batchOutcome=not_applicable comment=matched merchant read with relation purpose=matched benchmark read auditReason= tracePath=[0:OPERATION:Merchant=query -> 1:REQUEST:Merchant= -> 2:RELATION:platform=Merchant.platform -> 3:PROVIDER:postgresql= -> 4:SQL:select=] mutationLineage=[]
SQL: -- TeaQL PLAIN
SELECT id, create_time AS createTime, last_update_time AS lastUpdateTime, name, version FROM platform_data WHERE (version > 0) AND (id = 1) LIMIT 1 OFFSET 0
[TeaQL SQL][query][296us] 1 rows returned outcome=success batchOutcome=not_applicable comment=matched merchant read with relation purpose=matched benchmark read auditReason= tracePath=[0:OPERATION:Merchant=query -> 1:REQUEST:Merchant= -> 2:PROVIDER:postgresql= -> 3:SQL:select=] mutationLineage=[]
SQL: -- TeaQL PLAIN
SELECT id, name, code, external_id AS externalId, task_life_hours AS taskLifeHours, version, platform FROM merchant_data WHERE (version > 0) AND (external_id = 'matched-merchant') LIMIT 1000 OFFSET 0
[TeaQL SQL][query][210us] 1 rows returned outcome=success batchOutcome=not_applicable comment=matched merchant read with relation purpose=matched benchmark read auditReason= tracePath=[0:OPERATION:Merchant=query -> 1:REQUEST:Merchant= -> 2:RELATION:platform=Merchant.platform -> 3:PROVIDER:postgresql= -> 4:SQL:select=] mutationLineage=[]
SQL: -- TeaQL PLAIN
SELECT id, create_time AS createTime, last_update_time AS lastUpdateTime, name, version FROM platform_data WHERE (version > 0) AND (id = 1) LIMIT 1 OFFSET 0
[TeaQL SQL][query][287us] 1 rows returned outcome=success batchOutcome=not_applicable comment=matched merchant read with relation purpose=matched benchmark read auditReason= tracePath=[0:OPERATION:Merchant=query -> 1:REQUEST:Merchant= -> 2:PROVIDER:postgresql= -> 3:SQL:select=] mutationLineage=[]
SQL: -- TeaQL PLAIN
SELECT id, name, code, external_id AS externalId, task_life_hours AS taskLifeHours, version, platform FROM merchant_data WHERE (version > 0) AND (external_id = 'matched-merchant') LIMIT 1000 OFFSET 0
[TeaQL SQL][query][216us] 1 rows returned outcome=success batchOutcome=not_applicable comment=matched merchant read with relation purpose=matched benchmark read auditReason= tracePath=[0:OPERATION:Merchant=query -> 1:REQUEST:Merchant= -> 2:RELATION:platform=Merchant.platform -> 3:PROVIDER:postgresql= -> 4:SQL:select=] mutationLineage=[]
SQL: -- TeaQL PLAIN
SELECT id, create_time AS createTime, last_update_time AS lastUpdateTime, name, version FROM platform_data WHERE (version > 0) AND (id = 1) LIMIT 1 OFFSET 0
[TeaQL SQL][query][305us] 1 rows returned outcome=success batchOutcome=not_applicable comment=matched merchant read with relation purpose=matched benchmark read auditReason= tracePath=[0:OPERATION:Merchant=query -> 1:REQUEST:Merchant= -> 2:PROVIDER:postgresql= -> 3:SQL:select=] mutationLineage=[]
SQL: -- TeaQL PLAIN
SELECT id, name, code, external_id AS externalId, task_life_hours AS taskLifeHours, version, platform FROM merchant_data WHERE (version > 0) AND (external_id = 'matched-merchant') LIMIT 1000 OFFSET 0
[TeaQL SQL][query][242us] 1 rows returned outcome=success batchOutcome=not_applicable comment=matched merchant read with relation purpose=matched benchmark read auditReason= tracePath=[0:OPERATION:Merchant=query -> 1:REQUEST:Merchant= -> 2:RELATION:platform=Merchant.platform -> 3:PROVIDER:postgresql= -> 4:SQL:select=] mutationLineage=[]
SQL: -- TeaQL PLAIN
SELECT id, create_time AS createTime, last_update_time AS lastUpdateTime, name, version FROM platform_data WHERE (version > 0) AND (id = 1) LIMIT 1 OFFSET 0
[TeaQL SQL][query][264us] 1 rows returned outcome=success batchOutcome=not_applicable comment=matched merchant read with relation purpose=matched benchmark read auditReason= tracePath=[0:OPERATION:Merchant=query -> 1:REQUEST:Merchant= -> 2:PROVIDER:postgresql= -> 3:SQL:select=] mutationLineage=[]
SQL: -- TeaQL PLAIN
SELECT id, name, code, external_id AS externalId, task_life_hours AS taskLifeHours, version, platform FROM merchant_data WHERE (version > 0) AND (external_id = 'matched-merchant') LIMIT 1000 OFFSET 0
[TeaQL SQL][query][208us] 1 rows returned outcome=success batchOutcome=not_applicable comment=matched merchant read with relation purpose=matched benchmark read auditReason= tracePath=[0:OPERATION:Merchant=query -> 1:REQUEST:Merchant= -> 2:RELATION:platform=Merchant.platform -> 3:PROVIDER:postgresql= -> 4:SQL:select=] mutationLineage=[]
SQL: -- TeaQL PLAIN
SELECT id, create_time AS createTime, last_update_time AS lastUpdateTime, name, version FROM platform_data WHERE (version > 0) AND (id = 1) LIMIT 1 OFFSET 0
[TeaQL SQL][query][303us] 1 rows returned outcome=success batchOutcome=not_applicable comment=matched merchant read with relation purpose=matched benchmark read auditReason= tracePath=[0:OPERATION:Merchant=query -> 1:REQUEST:Merchant= -> 2:PROVIDER:postgresql= -> 3:SQL:select=] mutationLineage=[]
SQL: -- TeaQL PLAIN
SELECT id, name, code, external_id AS externalId, task_life_hours AS taskLifeHours, version, platform FROM merchant_data WHERE (version > 0) AND (external_id = 'matched-merchant') LIMIT 1000 OFFSET 0
[TeaQL SQL][query][256us] 1 rows returned outcome=success batchOutcome=not_applicable comment=matched merchant read with relation purpose=matched benchmark read auditReason= tracePath=[0:OPERATION:Merchant=query -> 1:REQUEST:Merchant= -> 2:PROVIDER:postgresql= -> 3:SQL:select=] mutationLineage=[]
SQL: -- TeaQL PLAIN
SELECT id, name, code, external_id AS externalId, task_life_hours AS taskLifeHours, version, platform FROM merchant_data WHERE (version > 0) AND (external_id = 'matched-merchant') LIMIT 1000 OFFSET 0
[TeaQL SQL][query][274us] 1 rows returned outcome=success batchOutcome=not_applicable comment=matched merchant read with relation purpose=matched benchmark read auditReason= tracePath=[0:OPERATION:Merchant=query -> 1:REQUEST:Merchant= -> 2:RELATION:platform=Merchant.platform -> 3:PROVIDER:postgresql= -> 4:SQL:select=] mutationLineage=[]
SQL: -- TeaQL PLAIN
SELECT id, create_time AS createTime, last_update_time AS lastUpdateTime, name, version FROM platform_data WHERE (version > 0) AND (id = 1) LIMIT 1 OFFSET 0
[TeaQL SQL][query][203us] 1 rows returned outcome=success batchOutcome=not_applicable comment=matched merchant read with relation purpose=matched benchmark read auditReason= tracePath=[0:OPERATION:Merchant=query -> 1:REQUEST:Merchant= -> 2:RELATION:platform=Merchant.platform -> 3:PROVIDER:postgresql= -> 4:SQL:select=] mutationLineage=[]
SQL: -- TeaQL PLAIN
SELECT id, create_time AS createTime, last_update_time AS lastUpdateTime, name, version FROM platform_data WHERE (version > 0) AND (id = 1) LIMIT 1 OFFSET 0
[TeaQL SQL][query][355us] 1 rows returned outcome=success batchOutcome=not_applicable comment=matched merchant read with relation purpose=matched benchmark read auditReason= tracePath=[0:OPERATION:Merchant=query -> 1:REQUEST:Merchant= -> 2:PROVIDER:postgresql= -> 3:SQL:select=] mutationLineage=[]
SQL: -- TeaQL PLAIN
SELECT id, name, code, external_id AS externalId, task_life_hours AS taskLifeHours, version, platform FROM merchant_data WHERE (version > 0) AND (external_id = 'matched-merchant') LIMIT 1000 OFFSET 0
[TeaQL SQL][query][270us] 1 rows returned outcome=success batchOutcome=not_applicable comment=matched merchant read with relation purpose=matched benchmark read auditReason= tracePath=[0:OPERATION:Merchant=query -> 1:REQUEST:Merchant= -> 2:RELATION:platform=Merchant.platform -> 3:PROVIDER:postgresql= -> 4:SQL:select=] mutationLineage=[]
SQL: -- TeaQL PLAIN
SELECT id, create_time AS createTime, last_update_time AS lastUpdateTime, name, version FROM platform_data WHERE (version > 0) AND (id = 1) LIMIT 1 OFFSET 0
[TeaQL SQL][query][318us] 1 rows returned outcome=success batchOutcome=not_applicable comment=matched merchant read with relation purpose=matched benchmark read auditReason= tracePath=[0:OPERATION:Merchant=query -> 1:REQUEST:Merchant= -> 2:PROVIDER:postgresql= -> 3:SQL:select=] mutationLineage=[]
SQL: -- TeaQL PLAIN
SELECT id, name, code, external_id AS externalId, task_life_hours AS taskLifeHours, version, platform FROM merchant_data WHERE (version > 0) AND (external_id = 'matched-merchant') LIMIT 1000 OFFSET 0
[TeaQL SQL][query][257us] 1 rows returned outcome=success batchOutcome=not_applicable comment=matched merchant read with relation purpose=matched benchmark read auditReason= tracePath=[0:OPERATION:Merchant=query -> 1:REQUEST:Merchant= -> 2:RELATION:platform=Merchant.platform -> 3:PROVIDER:postgresql= -> 4:SQL:select=] mutationLineage=[]
SQL: -- TeaQL PLAIN
SELECT id, create_time AS createTime, last_update_time AS lastUpdateTime, name, version FROM platform_data WHERE (version > 0) AND (id = 1) LIMIT 1 OFFSET 0
[TeaQL SQL][query][348us] 1 rows returned outcome=success batchOutcome=not_applicable comment=matched merchant read with relation purpose=matched benchmark read auditReason= tracePath=[0:OPERATION:Merchant=query -> 1:REQUEST:Merchant= -> 2:PROVIDER:postgresql= -> 3:SQL:select=] mutationLineage=[]
SQL: -- TeaQL PLAIN
SELECT id, name, code, external_id AS externalId, task_life_hours AS taskLifeHours, version, platform FROM merchant_data WHERE (version > 0) AND (external_id = 'matched-merchant') LIMIT 1000 OFFSET 0
[TeaQL SQL][query][348us] 1 rows returned outcome=success batchOutcome=not_applicable comment=matched merchant read with relation purpose=matched benchmark read auditReason= tracePath=[0:OPERATION:Merchant=query -> 1:REQUEST:Merchant= -> 2:PROVIDER:postgresql= -> 3:SQL:select=] mutationLineage=[]
SQL: -- TeaQL PLAIN
SELECT id, name, code, external_id AS externalId, task_life_hours AS taskLifeHours, version, platform FROM merchant_data WHERE (version > 0) AND (external_id = 'matched-merchant') LIMIT 1000 OFFSET 0
[TeaQL SQL][query][222us] 1 rows returned outcome=success batchOutcome=not_applicable comment=matched merchant read with relation purpose=matched benchmark read auditReason= tracePath=[0:OPERATION:Merchant=query -> 1:REQUEST:Merchant= -> 2:RELATION:platform=Merchant.platform -> 3:PROVIDER:postgresql= -> 4:SQL:select=] mutationLineage=[]
SQL: -- TeaQL PLAIN
SELECT id, create_time AS createTime, last_update_time AS lastUpdateTime, name, version FROM platform_data WHERE (version > 0) AND (id = 1) LIMIT 1 OFFSET 0
[TeaQL SQL][query][208us] 1 rows returned outcome=success batchOutcome=not_applicable comment=matched merchant read with relation purpose=matched benchmark read auditReason= tracePath=[0:OPERATION:Merchant=query -> 1:REQUEST:Merchant= -> 2:RELATION:platform=Merchant.platform -> 3:PROVIDER:postgresql= -> 4:SQL:select=] mutationLineage=[]
SQL: -- TeaQL PLAIN
SELECT id, create_time AS createTime, last_update_time AS lastUpdateTime, name, version FROM platform_data WHERE (version > 0) AND (id = 1) LIMIT 1 OFFSET 0
[TeaQL SQL][query][278us] 1 rows returned outcome=success batchOutcome=not_applicable comment=matched merchant read with relation purpose=matched benchmark read auditReason= tracePath=[0:OPERATION:Merchant=query -> 1:REQUEST:Merchant= -> 2:PROVIDER:postgresql= -> 3:SQL:select=] mutationLineage=[]
SQL: -- TeaQL PLAIN
SELECT id, name, code, external_id AS externalId, task_life_hours AS taskLifeHours, version, platform FROM merchant_data WHERE (version > 0) AND (external_id = 'matched-merchant') LIMIT 1000 OFFSET 0
[TeaQL SQL][query][223us] 1 rows returned outcome=success batchOutcome=not_applicable comment=matched merchant read with relation purpose=matched benchmark read auditReason= tracePath=[0:OPERATION:Merchant=query -> 1:REQUEST:Merchant= -> 2:RELATION:platform=Merchant.platform -> 3:PROVIDER:postgresql= -> 4:SQL:select=] mutationLineage=[]
SQL: -- TeaQL PLAIN
SELECT id, create_time AS createTime, last_update_time AS lastUpdateTime, name, version FROM platform_data WHERE (version > 0) AND (id = 1) LIMIT 1 OFFSET 0
[TeaQL SQL][query][294us] 1 rows returned outcome=success batchOutcome=not_applicable comment=matched merchant read with relation purpose=matched benchmark read auditReason= tracePath=[0:OPERATION:Merchant=query -> 1:REQUEST:Merchant= -> 2:PROVIDER:postgresql= -> 3:SQL:select=] mutationLineage=[]
SQL: -- TeaQL PLAIN
SELECT id, name, code, external_id AS externalId, task_life_hours AS taskLifeHours, version, platform FROM merchant_data WHERE (version > 0) AND (external_id = 'matched-merchant') LIMIT 1000 OFFSET 0
[TeaQL SQL][query][283us] 1 rows returned outcome=success batchOutcome=not_applicable comment=matched merchant read with relation purpose=matched benchmark read auditReason= tracePath=[0:OPERATION:Merchant=query -> 1:REQUEST:Merchant= -> 2:RELATION:platform=Merchant.platform -> 3:PROVIDER:postgresql= -> 4:SQL:select=] mutationLineage=[]
SQL: -- TeaQL PLAIN
SELECT id, create_time AS createTime, last_update_time AS lastUpdateTime, name, version FROM platform_data WHERE (version > 0) AND (id = 1) LIMIT 1 OFFSET 0
[TeaQL SQL][query][423us] 1 rows returned outcome=success batchOutcome=not_applicable comment=matched merchant read with relation purpose=matched benchmark read auditReason= tracePath=[0:OPERATION:Merchant=query -> 1:REQUEST:Merchant= -> 2:PROVIDER:postgresql= -> 3:SQL:select=] mutationLineage=[]
SQL: -- TeaQL PLAIN
SELECT id, name, code, external_id AS externalId, task_life_hours AS taskLifeHours, version, platform FROM merchant_data WHERE (version > 0) AND (external_id = 'matched-merchant') LIMIT 1000 OFFSET 0
[TeaQL SQL][query][495us] 1 rows returned outcome=success batchOutcome=not_applicable comment=matched merchant read with relation purpose=matched benchmark read auditReason= tracePath=[0:OPERATION:Merchant=query -> 1:REQUEST:Merchant= -> 2:RELATION:platform=Merchant.platform -> 3:PROVIDER:postgresql= -> 4:SQL:select=] mutationLineage=[]
SQL: -- TeaQL PLAIN
SELECT id, create_time AS createTime, last_update_time AS lastUpdateTime, name, version FROM platform_data WHERE (version > 0) AND (id = 1) LIMIT 1 OFFSET 0
[TeaQL SQL][query][313us] 1 rows returned outcome=success batchOutcome=not_applicable comment=matched merchant read with relation purpose=matched benchmark read auditReason= tracePath=[0:OPERATION:Merchant=query -> 1:REQUEST:Merchant= -> 2:PROVIDER:postgresql= -> 3:SQL:select=] mutationLineage=[]
SQL: -- TeaQL PLAIN
SELECT id, name, code, external_id AS externalId, task_life_hours AS taskLifeHours, version, platform FROM merchant_data WHERE (version > 0) AND (external_id = 'matched-merchant') LIMIT 1000 OFFSET 0
[TeaQL SQL][query][435us] 1 rows returned outcome=success batchOutcome=not_applicable comment=matched merchant read with relation purpose=matched benchmark read auditReason= tracePath=[0:OPERATION:Merchant=query -> 1:REQUEST:Merchant= -> 2:RELATION:platform=Merchant.platform -> 3:PROVIDER:postgresql= -> 4:SQL:select=] mutationLineage=[]
SQL: -- TeaQL PLAIN
SELECT id, create_time AS createTime, last_update_time AS lastUpdateTime, name, version FROM platform_data WHERE (version > 0) AND (id = 1) LIMIT 1 OFFSET 0
[TeaQL SQL][query][348us] 1 rows returned outcome=success batchOutcome=not_applicable comment=matched merchant read with relation purpose=matched benchmark read auditReason= tracePath=[0:OPERATION:Merchant=query -> 1:REQUEST:Merchant= -> 2:PROVIDER:postgresql= -> 3:SQL:select=] mutationLineage=[]
SQL: -- TeaQL PLAIN
SELECT id, name, code, external_id AS externalId, task_life_hours AS taskLifeHours, version, platform FROM merchant_data WHERE (version > 0) AND (external_id = 'matched-merchant') LIMIT 1000 OFFSET 0
[TeaQL SQL][query][251us] 1 rows returned outcome=success batchOutcome=not_applicable comment=matched merchant read with relation purpose=matched benchmark read auditReason= tracePath=[0:OPERATION:Merchant=query -> 1:REQUEST:Merchant= -> 2:RELATION:platform=Merchant.platform -> 3:PROVIDER:postgresql= -> 4:SQL:select=] mutationLineage=[]
SQL: -- TeaQL PLAIN
SELECT id, create_time AS createTime, last_update_time AS lastUpdateTime, name, version FROM platform_data WHERE (version > 0) AND (id = 1) LIMIT 1 OFFSET 0
[TeaQL SQL][query][303us] 1 rows returned outcome=success batchOutcome=not_applicable comment=matched merchant read with relation purpose=matched benchmark read auditReason= tracePath=[0:OPERATION:Merchant=query -> 1:REQUEST:Merchant= -> 2:PROVIDER:postgresql= -> 3:SQL:select=] mutationLineage=[]
SQL: -- TeaQL PLAIN
SELECT id, name, code, external_id AS externalId, task_life_hours AS taskLifeHours, version, platform FROM merchant_data WHERE (version > 0) AND (external_id = 'matched-merchant') LIMIT 1000 OFFSET 0
[TeaQL SQL][query][295us] 1 rows returned outcome=success batchOutcome=not_applicable comment=matched merchant read with relation purpose=matched benchmark read auditReason= tracePath=[0:OPERATION:Merchant=query -> 1:REQUEST:Merchant= -> 2:RELATION:platform=Merchant.platform -> 3:PROVIDER:postgresql= -> 4:SQL:select=] mutationLineage=[]
SQL: -- TeaQL PLAIN
SELECT id, create_time AS createTime, last_update_time AS lastUpdateTime, name, version FROM platform_data WHERE (version > 0) AND (id = 1) LIMIT 1 OFFSET 0
[TeaQL SQL][query][287us] 1 rows returned outcome=success batchOutcome=not_applicable comment=matched merchant read with relation purpose=matched benchmark read auditReason= tracePath=[0:OPERATION:Merchant=query -> 1:REQUEST:Merchant= -> 2:PROVIDER:postgresql= -> 3:SQL:select=] mutationLineage=[]
SQL: -- TeaQL PLAIN
SELECT id, name, code, external_id AS externalId, task_life_hours AS taskLifeHours, version, platform FROM merchant_data WHERE (version > 0) AND (external_id = 'matched-merchant') LIMIT 1000 OFFSET 0
[TeaQL SQL][query][252us] 1 rows returned outcome=success batchOutcome=not_applicable comment=matched merchant read with relation purpose=matched benchmark read auditReason= tracePath=[0:OPERATION:Merchant=query -> 1:REQUEST:Merchant= -> 2:PROVIDER:postgresql= -> 3:SQL:select=] mutationLineage=[]
SQL: -- TeaQL PLAIN
SELECT id, name, code, external_id AS externalId, task_life_hours AS taskLifeHours, version, platform FROM merchant_data WHERE (version > 0) AND (external_id = 'matched-merchant') LIMIT 1000 OFFSET 0
[TeaQL SQL][query][258us] 1 rows returned outcome=success batchOutcome=not_applicable comment=matched merchant read with relation purpose=matched benchmark read auditReason= tracePath=[0:OPERATION:Merchant=query -> 1:REQUEST:Merchant= -> 2:RELATION:platform=Merchant.platform -> 3:PROVIDER:postgresql= -> 4:SQL:select=] mutationLineage=[]
SQL: -- TeaQL PLAIN
SELECT id, create_time AS createTime, last_update_time AS lastUpdateTime, name, version FROM platform_data WHERE (version > 0) AND (id = 1) LIMIT 1 OFFSET 0
[TeaQL SQL][query][212us] 1 rows returned outcome=success batchOutcome=not_applicable comment=matched merchant read with relation purpose=matched benchmark read auditReason= tracePath=[0:OPERATION:Merchant=query -> 1:REQUEST:Merchant= -> 2:RELATION:platform=Merchant.platform -> 3:PROVIDER:postgresql= -> 4:SQL:select=] mutationLineage=[]
SQL: -- TeaQL PLAIN
SELECT id, create_time AS createTime, last_update_time AS lastUpdateTime, name, version FROM platform_data WHERE (version > 0) AND (id = 1) LIMIT 1 OFFSET 0
[TeaQL SQL][query][452us] 1 rows returned outcome=success batchOutcome=not_applicable comment=matched merchant read with relation purpose=matched benchmark read auditReason= tracePath=[0:OPERATION:Merchant=query -> 1:REQUEST:Merchant= -> 2:PROVIDER:postgresql= -> 3:SQL:select=] mutationLineage=[]
SQL: -- TeaQL PLAIN
SELECT id, name, code, external_id AS externalId, task_life_hours AS taskLifeHours, version, platform FROM merchant_data WHERE (version > 0) AND (external_id = 'matched-merchant') LIMIT 1000 OFFSET 0
[TeaQL SQL][query][333us] 1 rows returned outcome=success batchOutcome=not_applicable comment=matched merchant read with relation purpose=matched benchmark read auditReason= tracePath=[0:OPERATION:Merchant=query -> 1:REQUEST:Merchant= -> 2:PROVIDER:postgresql= -> 3:SQL:select=] mutationLineage=[]
SQL: -- TeaQL PLAIN
SELECT id, name, code, external_id AS externalId, task_life_hours AS taskLifeHours, version, platform FROM merchant_data WHERE (version > 0) AND (external_id = 'matched-merchant') LIMIT 1000 OFFSET 0
[TeaQL SQL][query][258us] 1 rows returned outcome=success batchOutcome=not_applicable comment=matched merchant read with relation purpose=matched benchmark read auditReason= tracePath=[0:OPERATION:Merchant=query -> 1:REQUEST:Merchant= -> 2:RELATION:platform=Merchant.platform -> 3:PROVIDER:postgresql= -> 4:SQL:select=] mutationLineage=[]
SQL: -- TeaQL PLAIN
SELECT id, create_time AS createTime, last_update_time AS lastUpdateTime, name, version FROM platform_data WHERE (version > 0) AND (id = 1) LIMIT 1 OFFSET 0
[TeaQL SQL][query][890us] 1 rows returned outcome=success batchOutcome=not_applicable comment=matched merchant read with relation purpose=matched benchmark read auditReason= tracePath=[0:OPERATION:Merchant=query -> 1:REQUEST:Merchant= -> 2:RELATION:platform=Merchant.platform -> 3:PROVIDER:postgresql= -> 4:SQL:select=] mutationLineage=[]
SQL: -- TeaQL PLAIN
SELECT id, create_time AS createTime, last_update_time AS lastUpdateTime, name, version FROM platform_data WHERE (version > 0) AND (id = 1) LIMIT 1 OFFSET 0
[TeaQL SQL][query][249us] 1 rows returned outcome=success batchOutcome=not_applicable comment=matched merchant read with relation purpose=matched benchmark read auditReason= tracePath=[0:OPERATION:Merchant=query -> 1:REQUEST:Merchant= -> 2:PROVIDER:postgresql= -> 3:SQL:select=] mutationLineage=[]
SQL: -- TeaQL PLAIN
SELECT id, name, code, external_id AS externalId, task_life_hours AS taskLifeHours, version, platform FROM merchant_data WHERE (version > 0) AND (external_id = 'matched-merchant') LIMIT 1000 OFFSET 0
[TeaQL SQL][query][581us] 1 rows returned outcome=success batchOutcome=not_applicable comment=matched merchant read with relation purpose=matched benchmark read auditReason= tracePath=[0:OPERATION:Merchant=query -> 1:REQUEST:Merchant= -> 2:PROVIDER:postgresql= -> 3:SQL:select=] mutationLineage=[]
SQL: -- TeaQL PLAIN
SELECT id, name, code, external_id AS externalId, task_life_hours AS taskLifeHours, version, platform FROM merchant_data WHERE (version > 0) AND (external_id = 'matched-merchant') LIMIT 1000 OFFSET 0
[TeaQL SQL][query][330us] 1 rows returned outcome=success batchOutcome=not_applicable comment=matched merchant read with relation purpose=matched benchmark read auditReason= tracePath=[0:OPERATION:Merchant=query -> 1:REQUEST:Merchant= -> 2:RELATION:platform=Merchant.platform -> 3:PROVIDER:postgresql= -> 4:SQL:select=] mutationLineage=[]
SQL: -- TeaQL PLAIN
SELECT id, create_time AS createTime, last_update_time AS lastUpdateTime, name, version FROM platform_data WHERE (version > 0) AND (id = 1) LIMIT 1 OFFSET 0
[TeaQL SQL][query][427us] 1 rows returned outcome=success batchOutcome=not_applicable comment=matched merchant read with relation purpose=matched benchmark read auditReason= tracePath=[0:OPERATION:Merchant=query -> 1:REQUEST:Merchant= -> 2:RELATION:platform=Merchant.platform -> 3:PROVIDER:postgresql= -> 4:SQL:select=] mutationLineage=[]
SQL: -- TeaQL PLAIN
SELECT id, create_time AS createTime, last_update_time AS lastUpdateTime, name, version FROM platform_data WHERE (version > 0) AND (id = 1) LIMIT 1 OFFSET 0
[TeaQL SQL][query][419us] 1 rows returned outcome=success batchOutcome=not_applicable comment=matched merchant read with relation purpose=matched benchmark read auditReason= tracePath=[0:OPERATION:Merchant=query -> 1:REQUEST:Merchant= -> 2:PROVIDER:postgresql= -> 3:SQL:select=] mutationLineage=[]
SQL: -- TeaQL PLAIN
SELECT id, name, code, external_id AS externalId, task_life_hours AS taskLifeHours, version, platform FROM merchant_data WHERE (version > 0) AND (external_id = 'matched-merchant') LIMIT 1000 OFFSET 0
[TeaQL SQL][query][339us] 1 rows returned outcome=success batchOutcome=not_applicable comment=matched merchant read with relation purpose=matched benchmark read auditReason= tracePath=[0:OPERATION:Merchant=query -> 1:REQUEST:Merchant= -> 2:RELATION:platform=Merchant.platform -> 3:PROVIDER:postgresql= -> 4:SQL:select=] mutationLineage=[]
SQL: -- TeaQL PLAIN
SELECT id, create_time AS createTime, last_update_time AS lastUpdateTime, name, version FROM platform_data WHERE (version > 0) AND (id = 1) LIMIT 1 OFFSET 0
[TeaQL SQL][query][258us] 1 rows returned outcome=success batchOutcome=not_applicable comment=matched merchant read with relation purpose=matched benchmark read auditReason= tracePath=[0:OPERATION:Merchant=query -> 1:REQUEST:Merchant= -> 2:PROVIDER:postgresql= -> 3:SQL:select=] mutationLineage=[]
SQL: -- TeaQL PLAIN
SELECT id, name, code, external_id AS externalId, task_life_hours AS taskLifeHours, version, platform FROM merchant_data WHERE (version > 0) AND (external_id = 'matched-merchant') LIMIT 1000 OFFSET 0
[TeaQL SQL][query][230us] 1 rows returned outcome=success batchOutcome=not_applicable comment=matched merchant read with relation purpose=matched benchmark read auditReason= tracePath=[0:OPERATION:Merchant=query -> 1:REQUEST:Merchant= -> 2:RELATION:platform=Merchant.platform -> 3:PROVIDER:postgresql= -> 4:SQL:select=] mutationLineage=[]
SQL: -- TeaQL PLAIN
SELECT id, create_time AS createTime, last_update_time AS lastUpdateTime, name, version FROM platform_data WHERE (version > 0) AND (id = 1) LIMIT 1 OFFSET 0
[TeaQL SQL][query][371us] 1 rows returned outcome=success batchOutcome=not_applicable comment=matched merchant read with relation purpose=matched benchmark read auditReason= tracePath=[0:OPERATION:Merchant=query -> 1:REQUEST:Merchant= -> 2:PROVIDER:postgresql= -> 3:SQL:select=] mutationLineage=[]
SQL: -- TeaQL PLAIN
SELECT id, name, code, external_id AS externalId, task_life_hours AS taskLifeHours, version, platform FROM merchant_data WHERE (version > 0) AND (external_id = 'matched-merchant') LIMIT 1000 OFFSET 0
[TeaQL SQL][query][371us] 1 rows returned outcome=success batchOutcome=not_applicable comment=matched merchant read with relation purpose=matched benchmark read auditReason= tracePath=[0:OPERATION:Merchant=query -> 1:REQUEST:Merchant= -> 2:PROVIDER:postgresql= -> 3:SQL:select=] mutationLineage=[]
SQL: -- TeaQL PLAIN
SELECT id, name, code, external_id AS externalId, task_life_hours AS taskLifeHours, version, platform FROM merchant_data WHERE (version > 0) AND (external_id = 'matched-merchant') LIMIT 1000 OFFSET 0
[TeaQL SQL][query][271us] 1 rows returned outcome=success batchOutcome=not_applicable comment=matched merchant read with relation purpose=matched benchmark read auditReason= tracePath=[0:OPERATION:Merchant=query -> 1:REQUEST:Merchant= -> 2:RELATION:platform=Merchant.platform -> 3:PROVIDER:postgresql= -> 4:SQL:select=] mutationLineage=[]
SQL: -- TeaQL PLAIN
SELECT id, create_time AS createTime, last_update_time AS lastUpdateTime, name, version FROM platform_data WHERE (version > 0) AND (id = 1) LIMIT 1 OFFSET 0
[TeaQL SQL][query][271us] 1 rows returned outcome=success batchOutcome=not_applicable comment=matched merchant read with relation purpose=matched benchmark read auditReason= tracePath=[0:OPERATION:Merchant=query -> 1:REQUEST:Merchant= -> 2:RELATION:platform=Merchant.platform -> 3:PROVIDER:postgresql= -> 4:SQL:select=] mutationLineage=[]
SQL: -- TeaQL PLAIN
SELECT id, create_time AS createTime, last_update_time AS lastUpdateTime, name, version FROM platform_data WHERE (version > 0) AND (id = 1) LIMIT 1 OFFSET 0
[TeaQL SQL][query][296us] 1 rows returned outcome=success batchOutcome=not_applicable comment=matched merchant read with relation purpose=matched benchmark read auditReason= tracePath=[0:OPERATION:Merchant=query -> 1:REQUEST:Merchant= -> 2:PROVIDER:postgresql= -> 3:SQL:select=] mutationLineage=[]
SQL: -- TeaQL PLAIN
SELECT id, name, code, external_id AS externalId, task_life_hours AS taskLifeHours, version, platform FROM merchant_data WHERE (version > 0) AND (external_id = 'matched-merchant') LIMIT 1000 OFFSET 0
[TeaQL SQL][query][216us] 1 rows returned outcome=success batchOutcome=not_applicable comment=matched merchant read with relation purpose=matched benchmark read auditReason= tracePath=[0:OPERATION:Merchant=query -> 1:REQUEST:Merchant= -> 2:RELATION:platform=Merchant.platform -> 3:PROVIDER:postgresql= -> 4:SQL:select=] mutationLineage=[]
SQL: -- TeaQL PLAIN
SELECT id, create_time AS createTime, last_update_time AS lastUpdateTime, name, version FROM platform_data WHERE (version > 0) AND (id = 1) LIMIT 1 OFFSET 0
[TeaQL SQL][query][254us] 1 rows returned outcome=success batchOutcome=not_applicable comment=matched merchant read with relation purpose=matched benchmark read auditReason= tracePath=[0:OPERATION:Merchant=query -> 1:REQUEST:Merchant= -> 2:PROVIDER:postgresql= -> 3:SQL:select=] mutationLineage=[]
SQL: -- TeaQL PLAIN
SELECT id, name, code, external_id AS externalId, task_life_hours AS taskLifeHours, version, platform FROM merchant_data WHERE (version > 0) AND (external_id = 'matched-merchant') LIMIT 1000 OFFSET 0
[TeaQL SQL][query][193us] 1 rows returned outcome=success batchOutcome=not_applicable comment=matched merchant read with relation purpose=matched benchmark read auditReason= tracePath=[0:OPERATION:Merchant=query -> 1:REQUEST:Merchant= -> 2:RELATION:platform=Merchant.platform -> 3:PROVIDER:postgresql= -> 4:SQL:select=] mutationLineage=[]
SQL: -- TeaQL PLAIN
SELECT id, create_time AS createTime, last_update_time AS lastUpdateTime, name, version FROM platform_data WHERE (version > 0) AND (id = 1) LIMIT 1 OFFSET 0
[TeaQL SQL][query][270us] 1 rows returned outcome=success batchOutcome=not_applicable comment=matched merchant read with relation purpose=matched benchmark read auditReason= tracePath=[0:OPERATION:Merchant=query -> 1:REQUEST:Merchant= -> 2:PROVIDER:postgresql= -> 3:SQL:select=] mutationLineage=[]
SQL: -- TeaQL PLAIN
SELECT id, name, code, external_id AS externalId, task_life_hours AS taskLifeHours, version, platform FROM merchant_data WHERE (version > 0) AND (external_id = 'matched-merchant') LIMIT 1000 OFFSET 0
[TeaQL SQL][query][204us] 1 rows returned outcome=success batchOutcome=not_applicable comment=matched merchant read with relation purpose=matched benchmark read auditReason= tracePath=[0:OPERATION:Merchant=query -> 1:REQUEST:Merchant= -> 2:RELATION:platform=Merchant.platform -> 3:PROVIDER:postgresql= -> 4:SQL:select=] mutationLineage=[]
SQL: -- TeaQL PLAIN
SELECT id, create_time AS createTime, last_update_time AS lastUpdateTime, name, version FROM platform_data WHERE (version > 0) AND (id = 1) LIMIT 1 OFFSET 0
[TeaQL SQL][query][227us] 1 rows returned outcome=success batchOutcome=not_applicable comment=matched merchant read with relation purpose=matched benchmark read auditReason= tracePath=[0:OPERATION:Merchant=query -> 1:REQUEST:Merchant= -> 2:PROVIDER:postgresql= -> 3:SQL:select=] mutationLineage=[]
SQL: -- TeaQL PLAIN
SELECT id, name, code, external_id AS externalId, task_life_hours AS taskLifeHours, version, platform FROM merchant_data WHERE (version > 0) AND (external_id = 'matched-merchant') LIMIT 1000 OFFSET 0
[TeaQL SQL][query][218us] 1 rows returned outcome=success batchOutcome=not_applicable comment=matched merchant read with relation purpose=matched benchmark read auditReason= tracePath=[0:OPERATION:Merchant=query -> 1:REQUEST:Merchant= -> 2:RELATION:platform=Merchant.platform -> 3:PROVIDER:postgresql= -> 4:SQL:select=] mutationLineage=[]
SQL: -- TeaQL PLAIN
SELECT id, create_time AS createTime, last_update_time AS lastUpdateTime, name, version FROM platform_data WHERE (version > 0) AND (id = 1) LIMIT 1 OFFSET 0
[TeaQL SQL][query][246us] 1 rows returned outcome=success batchOutcome=not_applicable comment=matched merchant read with relation purpose=matched benchmark read auditReason= tracePath=[0:OPERATION:Merchant=query -> 1:REQUEST:Merchant= -> 2:PROVIDER:postgresql= -> 3:SQL:select=] mutationLineage=[]
SQL: -- TeaQL PLAIN
SELECT id, name, code, external_id AS externalId, task_life_hours AS taskLifeHours, version, platform FROM merchant_data WHERE (version > 0) AND (external_id = 'matched-merchant') LIMIT 1000 OFFSET 0
[TeaQL SQL][query][238us] 1 rows returned outcome=success batchOutcome=not_applicable comment=matched merchant read with relation purpose=matched benchmark read auditReason= tracePath=[0:OPERATION:Merchant=query -> 1:REQUEST:Merchant= -> 2:PROVIDER:postgresql= -> 3:SQL:select=] mutationLineage=[]
SQL: -- TeaQL PLAIN
SELECT id, name, code, external_id AS externalId, task_life_hours AS taskLifeHours, version, platform FROM merchant_data WHERE (version > 0) AND (external_id = 'matched-merchant') LIMIT 1000 OFFSET 0
[TeaQL SQL][query][213us] 1 rows returned outcome=success batchOutcome=not_applicable comment=matched merchant read with relation purpose=matched benchmark read auditReason= tracePath=[0:OPERATION:Merchant=query -> 1:REQUEST:Merchant= -> 2:RELATION:platform=Merchant.platform -> 3:PROVIDER:postgresql= -> 4:SQL:select=] mutationLineage=[]
SQL: -- TeaQL PLAIN
SELECT id, create_time AS createTime, last_update_time AS lastUpdateTime, name, version FROM platform_data WHERE (version > 0) AND (id = 1) LIMIT 1 OFFSET 0
[TeaQL SQL][query][196us] 1 rows returned outcome=success batchOutcome=not_applicable comment=matched merchant read with relation purpose=matched benchmark read auditReason= tracePath=[0:OPERATION:Merchant=query -> 1:REQUEST:Merchant= -> 2:RELATION:platform=Merchant.platform -> 3:PROVIDER:postgresql= -> 4:SQL:select=] mutationLineage=[]
SQL: -- TeaQL PLAIN
SELECT id, create_time AS createTime, last_update_time AS lastUpdateTime, name, version FROM platform_data WHERE (version > 0) AND (id = 1) LIMIT 1 OFFSET 0
[TeaQL SQL][query][327us] 1 rows returned outcome=success batchOutcome=not_applicable comment=matched merchant read with relation purpose=matched benchmark read auditReason= tracePath=[0:OPERATION:Merchant=query -> 1:REQUEST:Merchant= -> 2:PROVIDER:postgresql= -> 3:SQL:select=] mutationLineage=[]
SQL: -- TeaQL PLAIN
SELECT id, name, code, external_id AS externalId, task_life_hours AS taskLifeHours, version, platform FROM merchant_data WHERE (version > 0) AND (external_id = 'matched-merchant') LIMIT 1000 OFFSET 0
[TeaQL SQL][query][224us] 1 rows returned outcome=success batchOutcome=not_applicable comment=matched merchant read with relation purpose=matched benchmark read auditReason= tracePath=[0:OPERATION:Merchant=query -> 1:REQUEST:Merchant= -> 2:RELATION:platform=Merchant.platform -> 3:PROVIDER:postgresql= -> 4:SQL:select=] mutationLineage=[]
SQL: -- TeaQL PLAIN
SELECT id, create_time AS createTime, last_update_time AS lastUpdateTime, name, version FROM platform_data WHERE (version > 0) AND (id = 1) LIMIT 1 OFFSET 0
[TeaQL SQL][query][337us] 1 rows returned outcome=success batchOutcome=not_applicable comment=matched merchant read with relation purpose=matched benchmark read auditReason= tracePath=[0:OPERATION:Merchant=query -> 1:REQUEST:Merchant= -> 2:PROVIDER:postgresql= -> 3:SQL:select=] mutationLineage=[]
SQL: -- TeaQL PLAIN
SELECT id, name, code, external_id AS externalId, task_life_hours AS taskLifeHours, version, platform FROM merchant_data WHERE (version > 0) AND (external_id = 'matched-merchant') LIMIT 1000 OFFSET 0
[TeaQL SQL][query][249us] 1 rows returned outcome=success batchOutcome=not_applicable comment=matched merchant read with relation purpose=matched benchmark read auditReason= tracePath=[0:OPERATION:Merchant=query -> 1:REQUEST:Merchant= -> 2:RELATION:platform=Merchant.platform -> 3:PROVIDER:postgresql= -> 4:SQL:select=] mutationLineage=[]
SQL: -- TeaQL PLAIN
SELECT id, create_time AS createTime, last_update_time AS lastUpdateTime, name, version FROM platform_data WHERE (version > 0) AND (id = 1) LIMIT 1 OFFSET 0
[TeaQL SQL][query][296us] 1 rows returned outcome=success batchOutcome=not_applicable comment=matched merchant read with relation purpose=matched benchmark read auditReason= tracePath=[0:OPERATION:Merchant=query -> 1:REQUEST:Merchant= -> 2:PROVIDER:postgresql= -> 3:SQL:select=] mutationLineage=[]
SQL: -- TeaQL PLAIN
SELECT id, name, code, external_id AS externalId, task_life_hours AS taskLifeHours, version, platform FROM merchant_data WHERE (version > 0) AND (external_id = 'matched-merchant') LIMIT 1000 OFFSET 0
[TeaQL SQL][query][199us] 1 rows returned outcome=success batchOutcome=not_applicable comment=matched merchant read with relation purpose=matched benchmark read auditReason= tracePath=[0:OPERATION:Merchant=query -> 1:REQUEST:Merchant= -> 2:RELATION:platform=Merchant.platform -> 3:PROVIDER:postgresql= -> 4:SQL:select=] mutationLineage=[]
SQL: -- TeaQL PLAIN
SELECT id, create_time AS createTime, last_update_time AS lastUpdateTime, name, version FROM platform_data WHERE (version > 0) AND (id = 1) LIMIT 1 OFFSET 0
[TeaQL SQL][query][252us] 1 rows returned outcome=success batchOutcome=not_applicable comment=matched merchant read with relation purpose=matched benchmark read auditReason= tracePath=[0:OPERATION:Merchant=query -> 1:REQUEST:Merchant= -> 2:PROVIDER:postgresql= -> 3:SQL:select=] mutationLineage=[]
SQL: -- TeaQL PLAIN
SELECT id, name, code, external_id AS externalId, task_life_hours AS taskLifeHours, version, platform FROM merchant_data WHERE (version > 0) AND (external_id = 'matched-merchant') LIMIT 1000 OFFSET 0
[TeaQL SQL][query][274us] 1 rows returned outcome=success batchOutcome=not_applicable comment=matched merchant read with relation purpose=matched benchmark read auditReason= tracePath=[0:OPERATION:Merchant=query -> 1:REQUEST:Merchant= -> 2:PROVIDER:postgresql= -> 3:SQL:select=] mutationLineage=[]
SQL: -- TeaQL PLAIN
SELECT id, name, code, external_id AS externalId, task_life_hours AS taskLifeHours, version, platform FROM merchant_data WHERE (version > 0) AND (external_id = 'matched-merchant') LIMIT 1000 OFFSET 0
[TeaQL SQL][query][216us] 1 rows returned outcome=success batchOutcome=not_applicable comment=matched merchant read with relation purpose=matched benchmark read auditReason= tracePath=[0:OPERATION:Merchant=query -> 1:REQUEST:Merchant= -> 2:RELATION:platform=Merchant.platform -> 3:PROVIDER:postgresql= -> 4:SQL:select=] mutationLineage=[]
SQL: -- TeaQL PLAIN
SELECT id, create_time AS createTime, last_update_time AS lastUpdateTime, name, version FROM platform_data WHERE (version > 0) AND (id = 1) LIMIT 1 OFFSET 0
[TeaQL SQL][query][267us] 1 rows returned outcome=success batchOutcome=not_applicable comment=matched merchant read with relation purpose=matched benchmark read auditReason= tracePath=[0:OPERATION:Merchant=query -> 1:REQUEST:Merchant= -> 2:RELATION:platform=Merchant.platform -> 3:PROVIDER:postgresql= -> 4:SQL:select=] mutationLineage=[]
SQL: -- TeaQL PLAIN
SELECT id, create_time AS createTime, last_update_time AS lastUpdateTime, name, version FROM platform_data WHERE (version > 0) AND (id = 1) LIMIT 1 OFFSET 0
[TeaQL SQL][query][302us] 1 rows returned outcome=success batchOutcome=not_applicable comment=matched merchant read with relation purpose=matched benchmark read auditReason= tracePath=[0:OPERATION:Merchant=query -> 1:REQUEST:Merchant= -> 2:PROVIDER:postgresql= -> 3:SQL:select=] mutationLineage=[]
SQL: -- TeaQL PLAIN
SELECT id, name, code, external_id AS externalId, task_life_hours AS taskLifeHours, version, platform FROM merchant_data WHERE (version > 0) AND (external_id = 'matched-merchant') LIMIT 1000 OFFSET 0
[TeaQL SQL][query][259us] 1 rows returned outcome=success batchOutcome=not_applicable comment=matched merchant read with relation purpose=matched benchmark read auditReason= tracePath=[0:OPERATION:Merchant=query -> 1:REQUEST:Merchant= -> 2:RELATION:platform=Merchant.platform -> 3:PROVIDER:postgresql= -> 4:SQL:select=] mutationLineage=[]
SQL: -- TeaQL PLAIN
SELECT id, create_time AS createTime, last_update_time AS lastUpdateTime, name, version FROM platform_data WHERE (version > 0) AND (id = 1) LIMIT 1 OFFSET 0
[TeaQL SQL][query][263us] 1 rows returned outcome=success batchOutcome=not_applicable comment=matched merchant read with relation purpose=matched benchmark read auditReason= tracePath=[0:OPERATION:Merchant=query -> 1:REQUEST:Merchant= -> 2:PROVIDER:postgresql= -> 3:SQL:select=] mutationLineage=[]
SQL: -- TeaQL PLAIN
SELECT id, name, code, external_id AS externalId, task_life_hours AS taskLifeHours, version, platform FROM merchant_data WHERE (version > 0) AND (external_id = 'matched-merchant') LIMIT 1000 OFFSET 0
[TeaQL SQL][query][241us] 1 rows returned outcome=success batchOutcome=not_applicable comment=matched merchant read with relation purpose=matched benchmark read auditReason= tracePath=[0:OPERATION:Merchant=query -> 1:REQUEST:Merchant= -> 2:RELATION:platform=Merchant.platform -> 3:PROVIDER:postgresql= -> 4:SQL:select=] mutationLineage=[]
SQL: -- TeaQL PLAIN
SELECT id, create_time AS createTime, last_update_time AS lastUpdateTime, name, version FROM platform_data WHERE (version > 0) AND (id = 1) LIMIT 1 OFFSET 0
[TeaQL SQL][query][328us] 1 rows returned outcome=success batchOutcome=not_applicable comment=matched merchant read with relation purpose=matched benchmark read auditReason= tracePath=[0:OPERATION:Merchant=query -> 1:REQUEST:Merchant= -> 2:PROVIDER:postgresql= -> 3:SQL:select=] mutationLineage=[]
SQL: -- TeaQL PLAIN
SELECT id, name, code, external_id AS externalId, task_life_hours AS taskLifeHours, version, platform FROM merchant_data WHERE (version > 0) AND (external_id = 'matched-merchant') LIMIT 1000 OFFSET 0
[TeaQL SQL][query][255us] 1 rows returned outcome=success batchOutcome=not_applicable comment=matched merchant read with relation purpose=matched benchmark read auditReason= tracePath=[0:OPERATION:Merchant=query -> 1:REQUEST:Merchant= -> 2:RELATION:platform=Merchant.platform -> 3:PROVIDER:postgresql= -> 4:SQL:select=] mutationLineage=[]
SQL: -- TeaQL PLAIN
SELECT id, create_time AS createTime, last_update_time AS lastUpdateTime, name, version FROM platform_data WHERE (version > 0) AND (id = 1) LIMIT 1 OFFSET 0
[TeaQL SQL][query][319us] 1 rows returned outcome=success batchOutcome=not_applicable comment=matched merchant read with relation purpose=matched benchmark read auditReason= tracePath=[0:OPERATION:Merchant=query -> 1:REQUEST:Merchant= -> 2:PROVIDER:postgresql= -> 3:SQL:select=] mutationLineage=[]
SQL: -- TeaQL PLAIN
SELECT id, name, code, external_id AS externalId, task_life_hours AS taskLifeHours, version, platform FROM merchant_data WHERE (version > 0) AND (external_id = 'matched-merchant') LIMIT 1000 OFFSET 0
[TeaQL SQL][query][308us] 1 rows returned outcome=success batchOutcome=not_applicable comment=matched merchant read with relation purpose=matched benchmark read auditReason= tracePath=[0:OPERATION:Merchant=query -> 1:REQUEST:Merchant= -> 2:RELATION:platform=Merchant.platform -> 3:PROVIDER:postgresql= -> 4:SQL:select=] mutationLineage=[]
SQL: -- TeaQL PLAIN
SELECT id, create_time AS createTime, last_update_time AS lastUpdateTime, name, version FROM platform_data WHERE (version > 0) AND (id = 1) LIMIT 1 OFFSET 0
[TeaQL SQL][query][389us] 1 rows returned outcome=success batchOutcome=not_applicable comment=matched merchant read with relation purpose=matched benchmark read auditReason= tracePath=[0:OPERATION:Merchant=query -> 1:REQUEST:Merchant= -> 2:PROVIDER:postgresql= -> 3:SQL:select=] mutationLineage=[]
SQL: -- TeaQL PLAIN
SELECT id, name, code, external_id AS externalId, task_life_hours AS taskLifeHours, version, platform FROM merchant_data WHERE (version > 0) AND (external_id = 'matched-merchant') LIMIT 1000 OFFSET 0
[TeaQL SQL][query][280us] 1 rows returned outcome=success batchOutcome=not_applicable comment=matched merchant read with relation purpose=matched benchmark read auditReason= tracePath=[0:OPERATION:Merchant=query -> 1:REQUEST:Merchant= -> 2:RELATION:platform=Merchant.platform -> 3:PROVIDER:postgresql= -> 4:SQL:select=] mutationLineage=[]
SQL: -- TeaQL PLAIN
SELECT id, create_time AS createTime, last_update_time AS lastUpdateTime, name, version FROM platform_data WHERE (version > 0) AND (id = 1) LIMIT 1 OFFSET 0
[TeaQL SQL][query][345us] 1 rows returned outcome=success batchOutcome=not_applicable comment=matched merchant read with relation purpose=matched benchmark read auditReason= tracePath=[0:OPERATION:Merchant=query -> 1:REQUEST:Merchant= -> 2:PROVIDER:postgresql= -> 3:SQL:select=] mutationLineage=[]
SQL: -- TeaQL PLAIN
SELECT id, name, code, external_id AS externalId, task_life_hours AS taskLifeHours, version, platform FROM merchant_data WHERE (version > 0) AND (external_id = 'matched-merchant') LIMIT 1000 OFFSET 0
[TeaQL SQL][query][278us] 1 rows returned outcome=success batchOutcome=not_applicable comment=matched merchant read with relation purpose=matched benchmark read auditReason= tracePath=[0:OPERATION:Merchant=query -> 1:REQUEST:Merchant= -> 2:RELATION:platform=Merchant.platform -> 3:PROVIDER:postgresql= -> 4:SQL:select=] mutationLineage=[]
SQL: -- TeaQL PLAIN
SELECT id, create_time AS createTime, last_update_time AS lastUpdateTime, name, version FROM platform_data WHERE (version > 0) AND (id = 1) LIMIT 1 OFFSET 0
[TeaQL SQL][query][228us] 1 rows returned outcome=success batchOutcome=not_applicable comment=matched merchant read with relation purpose=matched benchmark read auditReason= tracePath=[0:OPERATION:Merchant=query -> 1:REQUEST:Merchant= -> 2:PROVIDER:postgresql= -> 3:SQL:select=] mutationLineage=[]
SQL: -- TeaQL PLAIN
SELECT id, name, code, external_id AS externalId, task_life_hours AS taskLifeHours, version, platform FROM merchant_data WHERE (version > 0) AND (external_id = 'matched-merchant') LIMIT 1000 OFFSET 0
[TeaQL SQL][query][204us] 1 rows returned outcome=success batchOutcome=not_applicable comment=matched merchant read with relation purpose=matched benchmark read auditReason= tracePath=[0:OPERATION:Merchant=query -> 1:REQUEST:Merchant= -> 2:RELATION:platform=Merchant.platform -> 3:PROVIDER:postgresql= -> 4:SQL:select=] mutationLineage=[]
SQL: -- TeaQL PLAIN
SELECT id, create_time AS createTime, last_update_time AS lastUpdateTime, name, version FROM platform_data WHERE (version > 0) AND (id = 1) LIMIT 1 OFFSET 0
[TeaQL SQL][query][271us] 1 rows returned outcome=success batchOutcome=not_applicable comment=matched merchant read with relation purpose=matched benchmark read auditReason= tracePath=[0:OPERATION:Merchant=query -> 1:REQUEST:Merchant= -> 2:PROVIDER:postgresql= -> 3:SQL:select=] mutationLineage=[]
SQL: -- TeaQL PLAIN
SELECT id, name, code, external_id AS externalId, task_life_hours AS taskLifeHours, version, platform FROM merchant_data WHERE (version > 0) AND (external_id = 'matched-merchant') LIMIT 1000 OFFSET 0
[TeaQL SQL][query][210us] 1 rows returned outcome=success batchOutcome=not_applicable comment=matched merchant read with relation purpose=matched benchmark read auditReason= tracePath=[0:OPERATION:Merchant=query -> 1:REQUEST:Merchant= -> 2:RELATION:platform=Merchant.platform -> 3:PROVIDER:postgresql= -> 4:SQL:select=] mutationLineage=[]
SQL: -- TeaQL PLAIN
SELECT id, create_time AS createTime, last_update_time AS lastUpdateTime, name, version FROM platform_data WHERE (version > 0) AND (id = 1) LIMIT 1 OFFSET 0
[TeaQL SQL][query][286us] 1 rows returned outcome=success batchOutcome=not_applicable comment=matched merchant read with relation purpose=matched benchmark read auditReason= tracePath=[0:OPERATION:Merchant=query -> 1:REQUEST:Merchant= -> 2:PROVIDER:postgresql= -> 3:SQL:select=] mutationLineage=[]
SQL: -- TeaQL PLAIN
SELECT id, name, code, external_id AS externalId, task_life_hours AS taskLifeHours, version, platform FROM merchant_data WHERE (version > 0) AND (external_id = 'matched-merchant') LIMIT 1000 OFFSET 0
[TeaQL SQL][query][240us] 1 rows returned outcome=success batchOutcome=not_applicable comment=matched merchant read with relation purpose=matched benchmark read auditReason= tracePath=[0:OPERATION:Merchant=query -> 1:REQUEST:Merchant= -> 2:RELATION:platform=Merchant.platform -> 3:PROVIDER:postgresql= -> 4:SQL:select=] mutationLineage=[]
SQL: -- TeaQL PLAIN
SELECT id, create_time AS createTime, last_update_time AS lastUpdateTime, name, version FROM platform_data WHERE (version > 0) AND (id = 1) LIMIT 1 OFFSET 0
[TeaQL SQL][query][274us] 1 rows returned outcome=success batchOutcome=not_applicable comment=matched merchant read with relation purpose=matched benchmark read auditReason= tracePath=[0:OPERATION:Merchant=query -> 1:REQUEST:Merchant= -> 2:PROVIDER:postgresql= -> 3:SQL:select=] mutationLineage=[]
SQL: -- TeaQL PLAIN
SELECT id, name, code, external_id AS externalId, task_life_hours AS taskLifeHours, version, platform FROM merchant_data WHERE (version > 0) AND (external_id = 'matched-merchant') LIMIT 1000 OFFSET 0
[TeaQL SQL][query][230us] 1 rows returned outcome=success batchOutcome=not_applicable comment=matched merchant read with relation purpose=matched benchmark read auditReason= tracePath=[0:OPERATION:Merchant=query -> 1:REQUEST:Merchant= -> 2:RELATION:platform=Merchant.platform -> 3:PROVIDER:postgresql= -> 4:SQL:select=] mutationLineage=[]
SQL: -- TeaQL PLAIN
SELECT id, create_time AS createTime, last_update_time AS lastUpdateTime, name, version FROM platform_data WHERE (version > 0) AND (id = 1) LIMIT 1 OFFSET 0
[TeaQL SQL][query][292us] 1 rows returned outcome=success batchOutcome=not_applicable comment=matched merchant read with relation purpose=matched benchmark read auditReason= tracePath=[0:OPERATION:Merchant=query -> 1:REQUEST:Merchant= -> 2:PROVIDER:postgresql= -> 3:SQL:select=] mutationLineage=[]
SQL: -- TeaQL PLAIN
SELECT id, name, code, external_id AS externalId, task_life_hours AS taskLifeHours, version, platform FROM merchant_data WHERE (version > 0) AND (external_id = 'matched-merchant') LIMIT 1000 OFFSET 0
[TeaQL SQL][query][286us] 1 rows returned outcome=success batchOutcome=not_applicable comment=matched merchant read with relation purpose=matched benchmark read auditReason= tracePath=[0:OPERATION:Merchant=query -> 1:REQUEST:Merchant= -> 2:RELATION:platform=Merchant.platform -> 3:PROVIDER:postgresql= -> 4:SQL:select=] mutationLineage=[]
SQL: -- TeaQL PLAIN
SELECT id, create_time AS createTime, last_update_time AS lastUpdateTime, name, version FROM platform_data WHERE (version > 0) AND (id = 1) LIMIT 1 OFFSET 0
[TeaQL SQL][query][354us] 1 rows returned outcome=success batchOutcome=not_applicable comment=matched merchant read with relation purpose=matched benchmark read auditReason= tracePath=[0:OPERATION:Merchant=query -> 1:REQUEST:Merchant= -> 2:PROVIDER:postgresql= -> 3:SQL:select=] mutationLineage=[]
SQL: -- TeaQL PLAIN
SELECT id, name, code, external_id AS externalId, task_life_hours AS taskLifeHours, version, platform FROM merchant_data WHERE (version > 0) AND (external_id = 'matched-merchant') LIMIT 1000 OFFSET 0
[TeaQL SQL][query][251us] 1 rows returned outcome=success batchOutcome=not_applicable comment=matched merchant read with relation purpose=matched benchmark read auditReason= tracePath=[0:OPERATION:Merchant=query -> 1:REQUEST:Merchant= -> 2:RELATION:platform=Merchant.platform -> 3:PROVIDER:postgresql= -> 4:SQL:select=] mutationLineage=[]
SQL: -- TeaQL PLAIN
SELECT id, create_time AS createTime, last_update_time AS lastUpdateTime, name, version FROM platform_data WHERE (version > 0) AND (id = 1) LIMIT 1 OFFSET 0
[TeaQL SQL][query][384us] 1 rows returned outcome=success batchOutcome=not_applicable comment=matched merchant read with relation purpose=matched benchmark read auditReason= tracePath=[0:OPERATION:Merchant=query -> 1:REQUEST:Merchant= -> 2:PROVIDER:postgresql= -> 3:SQL:select=] mutationLineage=[]
SQL: -- TeaQL PLAIN
SELECT id, name, code, external_id AS externalId, task_life_hours AS taskLifeHours, version, platform FROM merchant_data WHERE (version > 0) AND (external_id = 'matched-merchant') LIMIT 1000 OFFSET 0
[TeaQL SQL][query][266us] 1 rows returned outcome=success batchOutcome=not_applicable comment=matched merchant read with relation purpose=matched benchmark read auditReason= tracePath=[0:OPERATION:Merchant=query -> 1:REQUEST:Merchant= -> 2:RELATION:platform=Merchant.platform -> 3:PROVIDER:postgresql= -> 4:SQL:select=] mutationLineage=[]
SQL: -- TeaQL PLAIN
SELECT id, create_time AS createTime, last_update_time AS lastUpdateTime, name, version FROM platform_data WHERE (version > 0) AND (id = 1) LIMIT 1 OFFSET 0
[TeaQL SQL][query][311us] 1 rows returned outcome=success batchOutcome=not_applicable comment=matched merchant read with relation purpose=matched benchmark read auditReason= tracePath=[0:OPERATION:Merchant=query -> 1:REQUEST:Merchant= -> 2:PROVIDER:postgresql= -> 3:SQL:select=] mutationLineage=[]
SQL: -- TeaQL PLAIN
SELECT id, name, code, external_id AS externalId, task_life_hours AS taskLifeHours, version, platform FROM merchant_data WHERE (version > 0) AND (external_id = 'matched-merchant') LIMIT 1000 OFFSET 0
[TeaQL SQL][query][265us] 1 rows returned outcome=success batchOutcome=not_applicable comment=matched merchant read with relation purpose=matched benchmark read auditReason= tracePath=[0:OPERATION:Merchant=query -> 1:REQUEST:Merchant= -> 2:RELATION:platform=Merchant.platform -> 3:PROVIDER:postgresql= -> 4:SQL:select=] mutationLineage=[]
SQL: -- TeaQL PLAIN
SELECT id, create_time AS createTime, last_update_time AS lastUpdateTime, name, version FROM platform_data WHERE (version > 0) AND (id = 1) LIMIT 1 OFFSET 0
[TeaQL SQL][query][280us] 1 rows returned outcome=success batchOutcome=not_applicable comment=matched merchant read with relation purpose=matched benchmark read auditReason= tracePath=[0:OPERATION:Merchant=query -> 1:REQUEST:Merchant= -> 2:PROVIDER:postgresql= -> 3:SQL:select=] mutationLineage=[]
SQL: -- TeaQL PLAIN
SELECT id, name, code, external_id AS externalId, task_life_hours AS taskLifeHours, version, platform FROM merchant_data WHERE (version > 0) AND (external_id = 'matched-merchant') LIMIT 1000 OFFSET 0
[TeaQL SQL][query][217us] 1 rows returned outcome=success batchOutcome=not_applicable comment=matched merchant read with relation purpose=matched benchmark read auditReason= tracePath=[0:OPERATION:Merchant=query -> 1:REQUEST:Merchant= -> 2:RELATION:platform=Merchant.platform -> 3:PROVIDER:postgresql= -> 4:SQL:select=] mutationLineage=[]
SQL: -- TeaQL PLAIN
SELECT id, create_time AS createTime, last_update_time AS lastUpdateTime, name, version FROM platform_data WHERE (version > 0) AND (id = 1) LIMIT 1 OFFSET 0
[TeaQL SQL][query][290us] 1 rows returned outcome=success batchOutcome=not_applicable comment=matched merchant read with relation purpose=matched benchmark read auditReason= tracePath=[0:OPERATION:Merchant=query -> 1:REQUEST:Merchant= -> 2:PROVIDER:postgresql= -> 3:SQL:select=] mutationLineage=[]
SQL: -- TeaQL PLAIN
SELECT id, name, code, external_id AS externalId, task_life_hours AS taskLifeHours, version, platform FROM merchant_data WHERE (version > 0) AND (external_id = 'matched-merchant') LIMIT 1000 OFFSET 0
[TeaQL SQL][query][255us] 1 rows returned outcome=success batchOutcome=not_applicable comment=matched merchant read with relation purpose=matched benchmark read auditReason= tracePath=[0:OPERATION:Merchant=query -> 1:REQUEST:Merchant= -> 2:RELATION:platform=Merchant.platform -> 3:PROVIDER:postgresql= -> 4:SQL:select=] mutationLineage=[]
SQL: -- TeaQL PLAIN
SELECT id, create_time AS createTime, last_update_time AS lastUpdateTime, name, version FROM platform_data WHERE (version > 0) AND (id = 1) LIMIT 1 OFFSET 0
[TeaQL SQL][query][275us] 1 rows returned outcome=success batchOutcome=not_applicable comment=matched merchant read with relation purpose=matched benchmark read auditReason= tracePath=[0:OPERATION:Merchant=query -> 1:REQUEST:Merchant= -> 2:PROVIDER:postgresql= -> 3:SQL:select=] mutationLineage=[]
SQL: -- TeaQL PLAIN
SELECT id, name, code, external_id AS externalId, task_life_hours AS taskLifeHours, version, platform FROM merchant_data WHERE (version > 0) AND (external_id = 'matched-merchant') LIMIT 1000 OFFSET 0
[TeaQL SQL][query][201us] 1 rows returned outcome=success batchOutcome=not_applicable comment=matched merchant read with relation purpose=matched benchmark read auditReason= tracePath=[0:OPERATION:Merchant=query -> 1:REQUEST:Merchant= -> 2:PROVIDER:postgresql= -> 3:SQL:select=] mutationLineage=[]
SQL: -- TeaQL PLAIN
SELECT id, name, code, external_id AS externalId, task_life_hours AS taskLifeHours, version, platform FROM merchant_data WHERE (version > 0) AND (external_id = 'matched-merchant') LIMIT 1000 OFFSET 0
[TeaQL SQL][query][251us] 1 rows returned outcome=success batchOutcome=not_applicable comment=matched merchant read with relation purpose=matched benchmark read auditReason= tracePath=[0:OPERATION:Merchant=query -> 1:REQUEST:Merchant= -> 2:RELATION:platform=Merchant.platform -> 3:PROVIDER:postgresql= -> 4:SQL:select=] mutationLineage=[]
SQL: -- TeaQL PLAIN
SELECT id, create_time AS createTime, last_update_time AS lastUpdateTime, name, version FROM platform_data WHERE (version > 0) AND (id = 1) LIMIT 1 OFFSET 0
[TeaQL SQL][query][216us] 1 rows returned outcome=success batchOutcome=not_applicable comment=matched merchant read with relation purpose=matched benchmark read auditReason= tracePath=[0:OPERATION:Merchant=query -> 1:REQUEST:Merchant= -> 2:RELATION:platform=Merchant.platform -> 3:PROVIDER:postgresql= -> 4:SQL:select=] mutationLineage=[]
SQL: -- TeaQL PLAIN
SELECT id, create_time AS createTime, last_update_time AS lastUpdateTime, name, version FROM platform_data WHERE (version > 0) AND (id = 1) LIMIT 1 OFFSET 0
[TeaQL SQL][query][348us] 1 rows returned outcome=success batchOutcome=not_applicable comment=matched merchant read with relation purpose=matched benchmark read auditReason= tracePath=[0:OPERATION:Merchant=query -> 1:REQUEST:Merchant= -> 2:PROVIDER:postgresql= -> 3:SQL:select=] mutationLineage=[]
SQL: -- TeaQL PLAIN
SELECT id, name, code, external_id AS externalId, task_life_hours AS taskLifeHours, version, platform FROM merchant_data WHERE (version > 0) AND (external_id = 'matched-merchant') LIMIT 1000 OFFSET 0
[TeaQL SQL][query][259us] 1 rows returned outcome=success batchOutcome=not_applicable comment=matched merchant read with relation purpose=matched benchmark read auditReason= tracePath=[0:OPERATION:Merchant=query -> 1:REQUEST:Merchant= -> 2:RELATION:platform=Merchant.platform -> 3:PROVIDER:postgresql= -> 4:SQL:select=] mutationLineage=[]
SQL: -- TeaQL PLAIN
SELECT id, create_time AS createTime, last_update_time AS lastUpdateTime, name, version FROM platform_data WHERE (version > 0) AND (id = 1) LIMIT 1 OFFSET 0
[TeaQL SQL][query][351us] 1 rows returned outcome=success batchOutcome=not_applicable comment=matched merchant read with relation purpose=matched benchmark read auditReason= tracePath=[0:OPERATION:Merchant=query -> 1:REQUEST:Merchant= -> 2:PROVIDER:postgresql= -> 3:SQL:select=] mutationLineage=[]
SQL: -- TeaQL PLAIN
SELECT id, name, code, external_id AS externalId, task_life_hours AS taskLifeHours, version, platform FROM merchant_data WHERE (version > 0) AND (external_id = 'matched-merchant') LIMIT 1000 OFFSET 0
[TeaQL SQL][query][274us] 1 rows returned outcome=success batchOutcome=not_applicable comment=matched merchant read with relation purpose=matched benchmark read auditReason= tracePath=[0:OPERATION:Merchant=query -> 1:REQUEST:Merchant= -> 2:RELATION:platform=Merchant.platform -> 3:PROVIDER:postgresql= -> 4:SQL:select=] mutationLineage=[]
SQL: -- TeaQL PLAIN
SELECT id, create_time AS createTime, last_update_time AS lastUpdateTime, name, version FROM platform_data WHERE (version > 0) AND (id = 1) LIMIT 1 OFFSET 0
[TeaQL SQL][query][399us] 1 rows returned outcome=success batchOutcome=not_applicable comment=matched merchant read with relation purpose=matched benchmark read auditReason= tracePath=[0:OPERATION:Merchant=query -> 1:REQUEST:Merchant= -> 2:PROVIDER:postgresql= -> 3:SQL:select=] mutationLineage=[]
SQL: -- TeaQL PLAIN
SELECT id, name, code, external_id AS externalId, task_life_hours AS taskLifeHours, version, platform FROM merchant_data WHERE (version > 0) AND (external_id = 'matched-merchant') LIMIT 1000 OFFSET 0
[TeaQL SQL][query][388us] 1 rows returned outcome=success batchOutcome=not_applicable comment=matched merchant read with relation purpose=matched benchmark read auditReason= tracePath=[0:OPERATION:Merchant=query -> 1:REQUEST:Merchant= -> 2:PROVIDER:postgresql= -> 3:SQL:select=] mutationLineage=[]
SQL: -- TeaQL PLAIN
SELECT id, name, code, external_id AS externalId, task_life_hours AS taskLifeHours, version, platform FROM merchant_data WHERE (version > 0) AND (external_id = 'matched-merchant') LIMIT 1000 OFFSET 0
[TeaQL SQL][query][388us] 1 rows returned outcome=success batchOutcome=not_applicable comment=matched merchant read with relation purpose=matched benchmark read auditReason= tracePath=[0:OPERATION:Merchant=query -> 1:REQUEST:Merchant= -> 2:PROVIDER:postgresql= -> 3:SQL:select=] mutationLineage=[]
SQL: -- TeaQL PLAIN
SELECT id, name, code, external_id AS externalId, task_life_hours AS taskLifeHours, version, platform FROM merchant_data WHERE (version > 0) AND (external_id = 'matched-merchant') LIMIT 1000 OFFSET 0
[TeaQL SQL][query][240us] 1 rows returned outcome=success batchOutcome=not_applicable comment=matched merchant read with relation purpose=matched benchmark read auditReason= tracePath=[0:OPERATION:Merchant=query -> 1:REQUEST:Merchant= -> 2:RELATION:platform=Merchant.platform -> 3:PROVIDER:postgresql= -> 4:SQL:select=] mutationLineage=[]
SQL: -- TeaQL PLAIN
SELECT id, create_time AS createTime, last_update_time AS lastUpdateTime, name, version FROM platform_data WHERE (version > 0) AND (id = 1) LIMIT 1 OFFSET 0
[TeaQL SQL][query][221us] 1 rows returned outcome=success batchOutcome=not_applicable comment=matched merchant read with relation purpose=matched benchmark read auditReason= tracePath=[0:OPERATION:Merchant=query -> 1:REQUEST:Merchant= -> 2:RELATION:platform=Merchant.platform -> 3:PROVIDER:postgresql= -> 4:SQL:select=] mutationLineage=[]
SQL: -- TeaQL PLAIN
SELECT id, create_time AS createTime, last_update_time AS lastUpdateTime, name, version FROM platform_data WHERE (version > 0) AND (id = 1) LIMIT 1 OFFSET 0
[TeaQL SQL][query][260us] 1 rows returned outcome=success batchOutcome=not_applicable comment=matched merchant read with relation purpose=matched benchmark read auditReason= tracePath=[0:OPERATION:Merchant=query -> 1:REQUEST:Merchant= -> 2:RELATION:platform=Merchant.platform -> 3:PROVIDER:postgresql= -> 4:SQL:select=] mutationLineage=[]
SQL: -- TeaQL PLAIN
SELECT id, create_time AS createTime, last_update_time AS lastUpdateTime, name, version FROM platform_data WHERE (version > 0) AND (id = 1) LIMIT 1 OFFSET 0
[TeaQL SQL][query][398us] 1 rows returned outcome=success batchOutcome=not_applicable comment=matched merchant read with relation purpose=matched benchmark read auditReason= tracePath=[0:OPERATION:Merchant=query -> 1:REQUEST:Merchant= -> 2:PROVIDER:postgresql= -> 3:SQL:select=] mutationLineage=[]
SQL: -- TeaQL PLAIN
SELECT id, name, code, external_id AS externalId, task_life_hours AS taskLifeHours, version, platform FROM merchant_data WHERE (version > 0) AND (external_id = 'matched-merchant') LIMIT 1000 OFFSET 0
[TeaQL SQL][query][269us] 1 rows returned outcome=success batchOutcome=not_applicable comment=matched merchant read with relation purpose=matched benchmark read auditReason= tracePath=[0:OPERATION:Merchant=query -> 1:REQUEST:Merchant= -> 2:RELATION:platform=Merchant.platform -> 3:PROVIDER:postgresql= -> 4:SQL:select=] mutationLineage=[]
SQL: -- TeaQL PLAIN
SELECT id, create_time AS createTime, last_update_time AS lastUpdateTime, name, version FROM platform_data WHERE (version > 0) AND (id = 1) LIMIT 1 OFFSET 0
[TeaQL SQL][query][404us] 1 rows returned outcome=success batchOutcome=not_applicable comment=matched merchant read with relation purpose=matched benchmark read auditReason= tracePath=[0:OPERATION:Merchant=query -> 1:REQUEST:Merchant= -> 2:PROVIDER:postgresql= -> 3:SQL:select=] mutationLineage=[]
SQL: -- TeaQL PLAIN
SELECT id, name, code, external_id AS externalId, task_life_hours AS taskLifeHours, version, platform FROM merchant_data WHERE (version > 0) AND (external_id = 'matched-merchant') LIMIT 1000 OFFSET 0
[TeaQL SQL][query][265us] 1 rows returned outcome=success batchOutcome=not_applicable comment=matched merchant read with relation purpose=matched benchmark read auditReason= tracePath=[0:OPERATION:Merchant=query -> 1:REQUEST:Merchant= -> 2:PROVIDER:postgresql= -> 3:SQL:select=] mutationLineage=[]
SQL: -- TeaQL PLAIN
SELECT id, name, code, external_id AS externalId, task_life_hours AS taskLifeHours, version, platform FROM merchant_data WHERE (version > 0) AND (external_id = 'matched-merchant') LIMIT 1000 OFFSET 0
[TeaQL SQL][query][246us] 1 rows returned outcome=success batchOutcome=not_applicable comment=matched merchant read with relation purpose=matched benchmark read auditReason= tracePath=[0:OPERATION:Merchant=query -> 1:REQUEST:Merchant= -> 2:RELATION:platform=Merchant.platform -> 3:PROVIDER:postgresql= -> 4:SQL:select=] mutationLineage=[]
SQL: -- TeaQL PLAIN
SELECT id, create_time AS createTime, last_update_time AS lastUpdateTime, name, version FROM platform_data WHERE (version > 0) AND (id = 1) LIMIT 1 OFFSET 0
[TeaQL SQL][query][212us] 1 rows returned outcome=success batchOutcome=not_applicable comment=matched merchant read with relation purpose=matched benchmark read auditReason= tracePath=[0:OPERATION:Merchant=query -> 1:REQUEST:Merchant= -> 2:RELATION:platform=Merchant.platform -> 3:PROVIDER:postgresql= -> 4:SQL:select=] mutationLineage=[]
SQL: -- TeaQL PLAIN
SELECT id, create_time AS createTime, last_update_time AS lastUpdateTime, name, version FROM platform_data WHERE (version > 0) AND (id = 1) LIMIT 1 OFFSET 0
[TeaQL SQL][query][833us] 1 rows returned outcome=success batchOutcome=not_applicable comment=matched update lookup purpose=matched benchmark write auditReason= tracePath=[0:OPERATION:Merchant=query -> 1:REQUEST:Merchant= -> 2:PROVIDER:postgresql= -> 3:SQL:select=] mutationLineage=[]
SQL: -- TeaQL PLAIN
SELECT id, name, code, external_id AS externalId, task_life_hours AS taskLifeHours, platform, version FROM merchant_data WHERE (version > 0) AND (external_id = 'matched-merchant') LIMIT 1000 OFFSET 0
[TeaQL SQL][mutation][681us] 1 rows affected outcome=success batchOutcome=not_applicable comment= purpose= auditReason=matched benchmark update tracePath=[0:OPERATION:Merchant=mutation -> 1:ENTITY:Merchant= -> 2:PROVIDER:postgresql= -> 3:SQL:update=] mutationLineage=[0:AUDIT_REASON:Merchant#1=matched benchmark update]
SQL: -- TeaQL PLAIN
UPDATE merchant_data SET task_life_hours = 49 , version = 1068 WHERE id = 1 AND version = 1067
[TeaQL SQL][query][411us] 1 rows returned outcome=success batchOutcome=not_applicable comment=matched benchmark update purpose=runtime: read authoritative persisted mutation result auditReason=matched benchmark update tracePath=[0:OPERATION:Merchant=query -> 1:REQUEST:Merchant= -> 2:PROVIDER:postgresql= -> 3:SQL:select=] mutationLineage=[0:AUDIT_REASON:Merchant#1=matched benchmark update]
SQL: -- TeaQL PLAIN
SELECT * FROM merchant_data WHERE id = 1
[TeaQL SQL][query][374us] 1 rows returned outcome=success batchOutcome=not_applicable comment=matched merchant read with relation purpose=matched benchmark read auditReason= tracePath=[0:OPERATION:Merchant=query -> 1:REQUEST:Merchant= -> 2:PROVIDER:postgresql= -> 3:SQL:select=] mutationLineage=[]
SQL: -- TeaQL PLAIN
SELECT id, name, code, external_id AS externalId, task_life_hours AS taskLifeHours, version, platform FROM merchant_data WHERE (version > 0) AND (external_id = 'matched-merchant') LIMIT 1000 OFFSET 0
[TeaQL SQL][query][410us] 1 rows returned outcome=success batchOutcome=not_applicable comment=matched merchant read with relation purpose=matched benchmark read auditReason= tracePath=[0:OPERATION:Merchant=query -> 1:REQUEST:Merchant= -> 2:RELATION:platform=Merchant.platform -> 3:PROVIDER:postgresql= -> 4:SQL:select=] mutationLineage=[]
SQL: -- TeaQL PLAIN
SELECT id, create_time AS createTime, last_update_time AS lastUpdateTime, name, version FROM platform_data WHERE (version > 0) AND (id = 1) LIMIT 1 OFFSET 0
[TeaQL SQL][query][395us] 1 rows returned outcome=success batchOutcome=not_applicable comment=matched update lookup purpose=matched benchmark write auditReason= tracePath=[0:OPERATION:Merchant=query -> 1:REQUEST:Merchant= -> 2:PROVIDER:postgresql= -> 3:SQL:select=] mutationLineage=[]
SQL: -- TeaQL PLAIN
SELECT id, name, code, external_id AS externalId, task_life_hours AS taskLifeHours, platform, version FROM merchant_data WHERE (version > 0) AND (external_id = 'matched-merchant') LIMIT 1000 OFFSET 0
[TeaQL SQL][mutation][372us] 1 rows affected outcome=success batchOutcome=not_applicable comment= purpose= auditReason=matched benchmark update tracePath=[0:OPERATION:Merchant=mutation -> 1:ENTITY:Merchant= -> 2:PROVIDER:postgresql= -> 3:SQL:update=] mutationLineage=[0:AUDIT_REASON:Merchant#1=matched benchmark update]
SQL: -- TeaQL PLAIN
UPDATE merchant_data SET task_life_hours = 48 , version = 1069 WHERE id = 1 AND version = 1068
[TeaQL SQL][query][276us] 1 rows returned outcome=success batchOutcome=not_applicable comment=matched benchmark update purpose=runtime: read authoritative persisted mutation result auditReason=matched benchmark update tracePath=[0:OPERATION:Merchant=query -> 1:REQUEST:Merchant= -> 2:PROVIDER:postgresql= -> 3:SQL:select=] mutationLineage=[0:AUDIT_REASON:Merchant#1=matched benchmark update]
SQL: -- TeaQL PLAIN
SELECT * FROM merchant_data WHERE id = 1
[TeaQL SQL][query][328us] 1 rows returned outcome=success batchOutcome=not_applicable comment=matched merchant read with relation purpose=matched benchmark read auditReason= tracePath=[0:OPERATION:Merchant=query -> 1:REQUEST:Merchant= -> 2:PROVIDER:postgresql= -> 3:SQL:select=] mutationLineage=[]
SQL: -- TeaQL PLAIN
SELECT id, name, code, external_id AS externalId, task_life_hours AS taskLifeHours, version, platform FROM merchant_data WHERE (version > 0) AND (external_id = 'matched-merchant') LIMIT 1000 OFFSET 0
[TeaQL SQL][query][332us] 1 rows returned outcome=success batchOutcome=not_applicable comment=matched merchant read with relation purpose=matched benchmark read auditReason= tracePath=[0:OPERATION:Merchant=query -> 1:REQUEST:Merchant= -> 2:RELATION:platform=Merchant.platform -> 3:PROVIDER:postgresql= -> 4:SQL:select=] mutationLineage=[]
SQL: -- TeaQL PLAIN
SELECT id, create_time AS createTime, last_update_time AS lastUpdateTime, name, version FROM platform_data WHERE (version > 0) AND (id = 1) LIMIT 1 OFFSET 0
[TeaQL SQL][query][691us] 1 rows returned outcome=success batchOutcome=not_applicable comment=matched update lookup purpose=matched benchmark write auditReason= tracePath=[0:OPERATION:Merchant=query -> 1:REQUEST:Merchant= -> 2:PROVIDER:postgresql= -> 3:SQL:select=] mutationLineage=[]
SQL: -- TeaQL PLAIN
SELECT id, name, code, external_id AS externalId, task_life_hours AS taskLifeHours, platform, version FROM merchant_data WHERE (version > 0) AND (external_id = 'matched-merchant') LIMIT 1000 OFFSET 0
[TeaQL SQL][mutation][574us] 1 rows affected outcome=success batchOutcome=not_applicable comment= purpose= auditReason=matched benchmark update tracePath=[0:OPERATION:Merchant=mutation -> 1:ENTITY:Merchant= -> 2:PROVIDER:postgresql= -> 3:SQL:update=] mutationLineage=[0:AUDIT_REASON:Merchant#1=matched benchmark update]
SQL: -- TeaQL PLAIN
UPDATE merchant_data SET task_life_hours = 49 , version = 1070 WHERE id = 1 AND version = 1069
[TeaQL SQL][query][378us] 1 rows returned outcome=success batchOutcome=not_applicable comment=matched benchmark update purpose=runtime: read authoritative persisted mutation result auditReason=matched benchmark update tracePath=[0:OPERATION:Merchant=query -> 1:REQUEST:Merchant= -> 2:PROVIDER:postgresql= -> 3:SQL:select=] mutationLineage=[0:AUDIT_REASON:Merchant#1=matched benchmark update]
SQL: -- TeaQL PLAIN
SELECT * FROM merchant_data WHERE id = 1
[TeaQL SQL][query][305us] 1 rows returned outcome=success batchOutcome=not_applicable comment=matched merchant read with relation purpose=matched benchmark read auditReason= tracePath=[0:OPERATION:Merchant=query -> 1:REQUEST:Merchant= -> 2:PROVIDER:postgresql= -> 3:SQL:select=] mutationLineage=[]
SQL: -- TeaQL PLAIN
SELECT id, name, code, external_id AS externalId, task_life_hours AS taskLifeHours, version, platform FROM merchant_data WHERE (version > 0) AND (external_id = 'matched-merchant') LIMIT 1000 OFFSET 0
[TeaQL SQL][query][263us] 1 rows returned outcome=success batchOutcome=not_applicable comment=matched merchant read with relation purpose=matched benchmark read auditReason= tracePath=[0:OPERATION:Merchant=query -> 1:REQUEST:Merchant= -> 2:RELATION:platform=Merchant.platform -> 3:PROVIDER:postgresql= -> 4:SQL:select=] mutationLineage=[]
SQL: -- TeaQL PLAIN
SELECT id, create_time AS createTime, last_update_time AS lastUpdateTime, name, version FROM platform_data WHERE (version > 0) AND (id = 1) LIMIT 1 OFFSET 0
[TeaQL SQL][query][885us] 1 rows returned outcome=success batchOutcome=not_applicable comment=matched update lookup purpose=matched benchmark write auditReason= tracePath=[0:OPERATION:Merchant=query -> 1:REQUEST:Merchant= -> 2:PROVIDER:postgresql= -> 3:SQL:select=] mutationLineage=[]
SQL: -- TeaQL PLAIN
SELECT id, name, code, external_id AS externalId, task_life_hours AS taskLifeHours, platform, version FROM merchant_data WHERE (version > 0) AND (external_id = 'matched-merchant') LIMIT 1000 OFFSET 0
[TeaQL SQL][mutation][699us] 1 rows affected outcome=success batchOutcome=not_applicable comment= purpose= auditReason=matched benchmark update tracePath=[0:OPERATION:Merchant=mutation -> 1:ENTITY:Merchant= -> 2:PROVIDER:postgresql= -> 3:SQL:update=] mutationLineage=[0:AUDIT_REASON:Merchant#1=matched benchmark update]
SQL: -- TeaQL PLAIN
UPDATE merchant_data SET task_life_hours = 48 , version = 1071 WHERE id = 1 AND version = 1070
[TeaQL SQL][query][491us] 1 rows returned outcome=success batchOutcome=not_applicable comment=matched benchmark update purpose=runtime: read authoritative persisted mutation result auditReason=matched benchmark update tracePath=[0:OPERATION:Merchant=query -> 1:REQUEST:Merchant= -> 2:PROVIDER:postgresql= -> 3:SQL:select=] mutationLineage=[0:AUDIT_REASON:Merchant#1=matched benchmark update]
SQL: -- TeaQL PLAIN
SELECT * FROM merchant_data WHERE id = 1
[TeaQL SQL][query][416us] 1 rows returned outcome=success batchOutcome=not_applicable comment=matched merchant read with relation purpose=matched benchmark read auditReason= tracePath=[0:OPERATION:Merchant=query -> 1:REQUEST:Merchant= -> 2:PROVIDER:postgresql= -> 3:SQL:select=] mutationLineage=[]
SQL: -- TeaQL PLAIN
SELECT id, name, code, external_id AS externalId, task_life_hours AS taskLifeHours, version, platform FROM merchant_data WHERE (version > 0) AND (external_id = 'matched-merchant') LIMIT 1000 OFFSET 0
[TeaQL SQL][query][296us] 1 rows returned outcome=success batchOutcome=not_applicable comment=matched merchant read with relation purpose=matched benchmark read auditReason= tracePath=[0:OPERATION:Merchant=query -> 1:REQUEST:Merchant= -> 2:RELATION:platform=Merchant.platform -> 3:PROVIDER:postgresql= -> 4:SQL:select=] mutationLineage=[]
SQL: -- TeaQL PLAIN
SELECT id, create_time AS createTime, last_update_time AS lastUpdateTime, name, version FROM platform_data WHERE (version > 0) AND (id = 1) LIMIT 1 OFFSET 0
[TeaQL SQL][query][849us] 1 rows returned outcome=success batchOutcome=not_applicable comment=matched update lookup purpose=matched benchmark write auditReason= tracePath=[0:OPERATION:Merchant=query -> 1:REQUEST:Merchant= -> 2:PROVIDER:postgresql= -> 3:SQL:select=] mutationLineage=[]
SQL: -- TeaQL PLAIN
SELECT id, name, code, external_id AS externalId, task_life_hours AS taskLifeHours, platform, version FROM merchant_data WHERE (version > 0) AND (external_id = 'matched-merchant') LIMIT 1000 OFFSET 0
[TeaQL SQL][mutation][465us] 1 rows affected outcome=success batchOutcome=not_applicable comment= purpose= auditReason=matched benchmark update tracePath=[0:OPERATION:Merchant=mutation -> 1:ENTITY:Merchant= -> 2:PROVIDER:postgresql= -> 3:SQL:update=] mutationLineage=[0:AUDIT_REASON:Merchant#1=matched benchmark update]
SQL: -- TeaQL PLAIN
UPDATE merchant_data SET task_life_hours = 49 , version = 1072 WHERE id = 1 AND version = 1071
[TeaQL SQL][query][401us] 1 rows returned outcome=success batchOutcome=not_applicable comment=matched benchmark update purpose=runtime: read authoritative persisted mutation result auditReason=matched benchmark update tracePath=[0:OPERATION:Merchant=query -> 1:REQUEST:Merchant= -> 2:PROVIDER:postgresql= -> 3:SQL:select=] mutationLineage=[0:AUDIT_REASON:Merchant#1=matched benchmark update]
SQL: -- TeaQL PLAIN
SELECT * FROM merchant_data WHERE id = 1
[TeaQL SQL][query][358us] 1 rows returned outcome=success batchOutcome=not_applicable comment=matched merchant read with relation purpose=matched benchmark read auditReason= tracePath=[0:OPERATION:Merchant=query -> 1:REQUEST:Merchant= -> 2:PROVIDER:postgresql= -> 3:SQL:select=] mutationLineage=[]
SQL: -- TeaQL PLAIN
SELECT id, name, code, external_id AS externalId, task_life_hours AS taskLifeHours, version, platform FROM merchant_data WHERE (version > 0) AND (external_id = 'matched-merchant') LIMIT 1000 OFFSET 0
[TeaQL SQL][query][302us] 1 rows returned outcome=success batchOutcome=not_applicable comment=matched merchant read with relation purpose=matched benchmark read auditReason= tracePath=[0:OPERATION:Merchant=query -> 1:REQUEST:Merchant= -> 2:RELATION:platform=Merchant.platform -> 3:PROVIDER:postgresql= -> 4:SQL:select=] mutationLineage=[]
SQL: -- TeaQL PLAIN
SELECT id, create_time AS createTime, last_update_time AS lastUpdateTime, name, version FROM platform_data WHERE (version > 0) AND (id = 1) LIMIT 1 OFFSET 0
[TeaQL SQL][query][438us] 1 rows returned outcome=success batchOutcome=not_applicable comment=matched update lookup purpose=matched benchmark write auditReason= tracePath=[0:OPERATION:Merchant=query -> 1:REQUEST:Merchant= -> 2:PROVIDER:postgresql= -> 3:SQL:select=] mutationLineage=[]
SQL: -- TeaQL PLAIN
SELECT id, name, code, external_id AS externalId, task_life_hours AS taskLifeHours, platform, version FROM merchant_data WHERE (version > 0) AND (external_id = 'matched-merchant') LIMIT 1000 OFFSET 0
[TeaQL SQL][mutation][360us] 1 rows affected outcome=success batchOutcome=not_applicable comment= purpose= auditReason=matched benchmark update tracePath=[0:OPERATION:Merchant=mutation -> 1:ENTITY:Merchant= -> 2:PROVIDER:postgresql= -> 3:SQL:update=] mutationLineage=[0:AUDIT_REASON:Merchant#1=matched benchmark update]
SQL: -- TeaQL PLAIN
UPDATE merchant_data SET task_life_hours = 48 , version = 1073 WHERE id = 1 AND version = 1072
[TeaQL SQL][query][289us] 1 rows returned outcome=success batchOutcome=not_applicable comment=matched benchmark update purpose=runtime: read authoritative persisted mutation result auditReason=matched benchmark update tracePath=[0:OPERATION:Merchant=query -> 1:REQUEST:Merchant= -> 2:PROVIDER:postgresql= -> 3:SQL:select=] mutationLineage=[0:AUDIT_REASON:Merchant#1=matched benchmark update]
SQL: -- TeaQL PLAIN
SELECT * FROM merchant_data WHERE id = 1
[TeaQL SQL][query][331us] 1 rows returned outcome=success batchOutcome=not_applicable comment=matched merchant read with relation purpose=matched benchmark read auditReason= tracePath=[0:OPERATION:Merchant=query -> 1:REQUEST:Merchant= -> 2:PROVIDER:postgresql= -> 3:SQL:select=] mutationLineage=[]
SQL: -- TeaQL PLAIN
SELECT id, name, code, external_id AS externalId, task_life_hours AS taskLifeHours, version, platform FROM merchant_data WHERE (version > 0) AND (external_id = 'matched-merchant') LIMIT 1000 OFFSET 0
[TeaQL SQL][query][368us] 1 rows returned outcome=success batchOutcome=not_applicable comment=matched merchant read with relation purpose=matched benchmark read auditReason= tracePath=[0:OPERATION:Merchant=query -> 1:REQUEST:Merchant= -> 2:RELATION:platform=Merchant.platform -> 3:PROVIDER:postgresql= -> 4:SQL:select=] mutationLineage=[]
SQL: -- TeaQL PLAIN
SELECT id, create_time AS createTime, last_update_time AS lastUpdateTime, name, version FROM platform_data WHERE (version > 0) AND (id = 1) LIMIT 1 OFFSET 0
[TeaQL SQL][query][598us] 1 rows returned outcome=success batchOutcome=not_applicable comment=matched update lookup purpose=matched benchmark write auditReason= tracePath=[0:OPERATION:Merchant=query -> 1:REQUEST:Merchant= -> 2:PROVIDER:postgresql= -> 3:SQL:select=] mutationLineage=[]
SQL: -- TeaQL PLAIN
SELECT id, name, code, external_id AS externalId, task_life_hours AS taskLifeHours, platform, version FROM merchant_data WHERE (version > 0) AND (external_id = 'matched-merchant') LIMIT 1000 OFFSET 0
[TeaQL SQL][mutation][412us] 1 rows affected outcome=success batchOutcome=not_applicable comment= purpose= auditReason=matched benchmark update tracePath=[0:OPERATION:Merchant=mutation -> 1:ENTITY:Merchant= -> 2:PROVIDER:postgresql= -> 3:SQL:update=] mutationLineage=[0:AUDIT_REASON:Merchant#1=matched benchmark update]
SQL: -- TeaQL PLAIN
UPDATE merchant_data SET task_life_hours = 49 , version = 1074 WHERE id = 1 AND version = 1073
[TeaQL SQL][query][344us] 1 rows returned outcome=success batchOutcome=not_applicable comment=matched benchmark update purpose=runtime: read authoritative persisted mutation result auditReason=matched benchmark update tracePath=[0:OPERATION:Merchant=query -> 1:REQUEST:Merchant= -> 2:PROVIDER:postgresql= -> 3:SQL:select=] mutationLineage=[0:AUDIT_REASON:Merchant#1=matched benchmark update]
SQL: -- TeaQL PLAIN
SELECT * FROM merchant_data WHERE id = 1
[TeaQL SQL][query][298us] 1 rows returned outcome=success batchOutcome=not_applicable comment=matched merchant read with relation purpose=matched benchmark read auditReason= tracePath=[0:OPERATION:Merchant=query -> 1:REQUEST:Merchant= -> 2:PROVIDER:postgresql= -> 3:SQL:select=] mutationLineage=[]
SQL: -- TeaQL PLAIN
SELECT id, name, code, external_id AS externalId, task_life_hours AS taskLifeHours, version, platform FROM merchant_data WHERE (version > 0) AND (external_id = 'matched-merchant') LIMIT 1000 OFFSET 0
[TeaQL SQL][query][251us] 1 rows returned outcome=success batchOutcome=not_applicable comment=matched merchant read with relation purpose=matched benchmark read auditReason= tracePath=[0:OPERATION:Merchant=query -> 1:REQUEST:Merchant= -> 2:RELATION:platform=Merchant.platform -> 3:PROVIDER:postgresql= -> 4:SQL:select=] mutationLineage=[]
SQL: -- TeaQL PLAIN
SELECT id, create_time AS createTime, last_update_time AS lastUpdateTime, name, version FROM platform_data WHERE (version > 0) AND (id = 1) LIMIT 1 OFFSET 0
[TeaQL SQL][query][729us] 1 rows returned outcome=success batchOutcome=not_applicable comment=matched update lookup purpose=matched benchmark write auditReason= tracePath=[0:OPERATION:Merchant=query -> 1:REQUEST:Merchant= -> 2:PROVIDER:postgresql= -> 3:SQL:select=] mutationLineage=[]
SQL: -- TeaQL PLAIN
SELECT id, name, code, external_id AS externalId, task_life_hours AS taskLifeHours, platform, version FROM merchant_data WHERE (version > 0) AND (external_id = 'matched-merchant') LIMIT 1000 OFFSET 0
[TeaQL SQL][mutation][551us] 1 rows affected outcome=success batchOutcome=not_applicable comment= purpose= auditReason=matched benchmark update tracePath=[0:OPERATION:Merchant=mutation -> 1:ENTITY:Merchant= -> 2:PROVIDER:postgresql= -> 3:SQL:update=] mutationLineage=[0:AUDIT_REASON:Merchant#1=matched benchmark update]
SQL: -- TeaQL PLAIN
UPDATE merchant_data SET task_life_hours = 48 , version = 1075 WHERE id = 1 AND version = 1074
[TeaQL SQL][query][458us] 1 rows returned outcome=success batchOutcome=not_applicable comment=matched benchmark update purpose=runtime: read authoritative persisted mutation result auditReason=matched benchmark update tracePath=[0:OPERATION:Merchant=query -> 1:REQUEST:Merchant= -> 2:PROVIDER:postgresql= -> 3:SQL:select=] mutationLineage=[0:AUDIT_REASON:Merchant#1=matched benchmark update]
SQL: -- TeaQL PLAIN
SELECT * FROM merchant_data WHERE id = 1
[TeaQL SQL][query][424us] 1 rows returned outcome=success batchOutcome=not_applicable comment=matched merchant read with relation purpose=matched benchmark read auditReason= tracePath=[0:OPERATION:Merchant=query -> 1:REQUEST:Merchant= -> 2:PROVIDER:postgresql= -> 3:SQL:select=] mutationLineage=[]
SQL: -- TeaQL PLAIN
SELECT id, name, code, external_id AS externalId, task_life_hours AS taskLifeHours, version, platform FROM merchant_data WHERE (version > 0) AND (external_id = 'matched-merchant') LIMIT 1000 OFFSET 0
[TeaQL SQL][query][392us] 1 rows returned outcome=success batchOutcome=not_applicable comment=matched merchant read with relation purpose=matched benchmark read auditReason= tracePath=[0:OPERATION:Merchant=query -> 1:REQUEST:Merchant= -> 2:RELATION:platform=Merchant.platform -> 3:PROVIDER:postgresql= -> 4:SQL:select=] mutationLineage=[]
SQL: -- TeaQL PLAIN
SELECT id, create_time AS createTime, last_update_time AS lastUpdateTime, name, version FROM platform_data WHERE (version > 0) AND (id = 1) LIMIT 1 OFFSET 0
[TeaQL SQL][query][539us] 1 rows returned outcome=success batchOutcome=not_applicable comment=matched update lookup purpose=matched benchmark write auditReason= tracePath=[0:OPERATION:Merchant=query -> 1:REQUEST:Merchant= -> 2:PROVIDER:postgresql= -> 3:SQL:select=] mutationLineage=[]
SQL: -- TeaQL PLAIN
SELECT id, name, code, external_id AS externalId, task_life_hours AS taskLifeHours, platform, version FROM merchant_data WHERE (version > 0) AND (external_id = 'matched-merchant') LIMIT 1000 OFFSET 0
[TeaQL SQL][mutation][464us] 1 rows affected outcome=success batchOutcome=not_applicable comment= purpose= auditReason=matched benchmark update tracePath=[0:OPERATION:Merchant=mutation -> 1:ENTITY:Merchant= -> 2:PROVIDER:postgresql= -> 3:SQL:update=] mutationLineage=[0:AUDIT_REASON:Merchant#1=matched benchmark update]
SQL: -- TeaQL PLAIN
UPDATE merchant_data SET task_life_hours = 49 , version = 1076 WHERE id = 1 AND version = 1075
[TeaQL SQL][query][384us] 1 rows returned outcome=success batchOutcome=not_applicable comment=matched benchmark update purpose=runtime: read authoritative persisted mutation result auditReason=matched benchmark update tracePath=[0:OPERATION:Merchant=query -> 1:REQUEST:Merchant= -> 2:PROVIDER:postgresql= -> 3:SQL:select=] mutationLineage=[0:AUDIT_REASON:Merchant#1=matched benchmark update]
SQL: -- TeaQL PLAIN
SELECT * FROM merchant_data WHERE id = 1
[TeaQL SQL][query][369us] 1 rows returned outcome=success batchOutcome=not_applicable comment=matched merchant read with relation purpose=matched benchmark read auditReason= tracePath=[0:OPERATION:Merchant=query -> 1:REQUEST:Merchant= -> 2:PROVIDER:postgresql= -> 3:SQL:select=] mutationLineage=[]
SQL: -- TeaQL PLAIN
SELECT id, name, code, external_id AS externalId, task_life_hours AS taskLifeHours, version, platform FROM merchant_data WHERE (version > 0) AND (external_id = 'matched-merchant') LIMIT 1000 OFFSET 0
[TeaQL SQL][query][282us] 1 rows returned outcome=success batchOutcome=not_applicable comment=matched merchant read with relation purpose=matched benchmark read auditReason= tracePath=[0:OPERATION:Merchant=query -> 1:REQUEST:Merchant= -> 2:RELATION:platform=Merchant.platform -> 3:PROVIDER:postgresql= -> 4:SQL:select=] mutationLineage=[]
SQL: -- TeaQL PLAIN
SELECT id, create_time AS createTime, last_update_time AS lastUpdateTime, name, version FROM platform_data WHERE (version > 0) AND (id = 1) LIMIT 1 OFFSET 0
[TeaQL SQL][query][401us] 1 rows returned outcome=success batchOutcome=not_applicable comment=matched update lookup purpose=matched benchmark write auditReason= tracePath=[0:OPERATION:Merchant=query -> 1:REQUEST:Merchant= -> 2:PROVIDER:postgresql= -> 3:SQL:select=] mutationLineage=[]
SQL: -- TeaQL PLAIN
SELECT id, name, code, external_id AS externalId, task_life_hours AS taskLifeHours, platform, version FROM merchant_data WHERE (version > 0) AND (external_id = 'matched-merchant') LIMIT 1000 OFFSET 0
[TeaQL SQL][mutation][353us] 1 rows affected outcome=success batchOutcome=not_applicable comment= purpose= auditReason=matched benchmark update tracePath=[0:OPERATION:Merchant=mutation -> 1:ENTITY:Merchant= -> 2:PROVIDER:postgresql= -> 3:SQL:update=] mutationLineage=[0:AUDIT_REASON:Merchant#1=matched benchmark update]
SQL: -- TeaQL PLAIN
UPDATE merchant_data SET task_life_hours = 48 , version = 1077 WHERE id = 1 AND version = 1076
[TeaQL SQL][query][254us] 1 rows returned outcome=success batchOutcome=not_applicable comment=matched benchmark update purpose=runtime: read authoritative persisted mutation result auditReason=matched benchmark update tracePath=[0:OPERATION:Merchant=query -> 1:REQUEST:Merchant= -> 2:PROVIDER:postgresql= -> 3:SQL:select=] mutationLineage=[0:AUDIT_REASON:Merchant#1=matched benchmark update]
SQL: -- TeaQL PLAIN
SELECT * FROM merchant_data WHERE id = 1
[TeaQL SQL][query][276us] 1 rows returned outcome=success batchOutcome=not_applicable comment=matched merchant read with relation purpose=matched benchmark read auditReason= tracePath=[0:OPERATION:Merchant=query -> 1:REQUEST:Merchant= -> 2:PROVIDER:postgresql= -> 3:SQL:select=] mutationLineage=[]
SQL: -- TeaQL PLAIN
SELECT id, name, code, external_id AS externalId, task_life_hours AS taskLifeHours, version, platform FROM merchant_data WHERE (version > 0) AND (external_id = 'matched-merchant') LIMIT 1000 OFFSET 0
[TeaQL SQL][query][210us] 1 rows returned outcome=success batchOutcome=not_applicable comment=matched merchant read with relation purpose=matched benchmark read auditReason= tracePath=[0:OPERATION:Merchant=query -> 1:REQUEST:Merchant= -> 2:RELATION:platform=Merchant.platform -> 3:PROVIDER:postgresql= -> 4:SQL:select=] mutationLineage=[]
SQL: -- TeaQL PLAIN
SELECT id, create_time AS createTime, last_update_time AS lastUpdateTime, name, version FROM platform_data WHERE (version > 0) AND (id = 1) LIMIT 1 OFFSET 0
[TeaQL SQL][query][626us] 1 rows returned outcome=success batchOutcome=not_applicable comment=matched update lookup purpose=matched benchmark write auditReason= tracePath=[0:OPERATION:Merchant=query -> 1:REQUEST:Merchant= -> 2:PROVIDER:postgresql= -> 3:SQL:select=] mutationLineage=[]
SQL: -- TeaQL PLAIN
SELECT id, name, code, external_id AS externalId, task_life_hours AS taskLifeHours, platform, version FROM merchant_data WHERE (version > 0) AND (external_id = 'matched-merchant') LIMIT 1000 OFFSET 0
[TeaQL SQL][mutation][541us] 1 rows affected outcome=success batchOutcome=not_applicable comment= purpose= auditReason=matched benchmark update tracePath=[0:OPERATION:Merchant=mutation -> 1:ENTITY:Merchant= -> 2:PROVIDER:postgresql= -> 3:SQL:update=] mutationLineage=[0:AUDIT_REASON:Merchant#1=matched benchmark update]
SQL: -- TeaQL PLAIN
UPDATE merchant_data SET task_life_hours = 49 , version = 1078 WHERE id = 1 AND version = 1077
[TeaQL SQL][query][423us] 1 rows returned outcome=success batchOutcome=not_applicable comment=matched benchmark update purpose=runtime: read authoritative persisted mutation result auditReason=matched benchmark update tracePath=[0:OPERATION:Merchant=query -> 1:REQUEST:Merchant= -> 2:PROVIDER:postgresql= -> 3:SQL:select=] mutationLineage=[0:AUDIT_REASON:Merchant#1=matched benchmark update]
SQL: -- TeaQL PLAIN
SELECT * FROM merchant_data WHERE id = 1
[TeaQL SQL][query][295us] 1 rows returned outcome=success batchOutcome=not_applicable comment=matched merchant read with relation purpose=matched benchmark read auditReason= tracePath=[0:OPERATION:Merchant=query -> 1:REQUEST:Merchant= -> 2:PROVIDER:postgresql= -> 3:SQL:select=] mutationLineage=[]
SQL: -- TeaQL PLAIN
SELECT id, name, code, external_id AS externalId, task_life_hours AS taskLifeHours, version, platform FROM merchant_data WHERE (version > 0) AND (external_id = 'matched-merchant') LIMIT 1000 OFFSET 0
[TeaQL SQL][query][326us] 1 rows returned outcome=success batchOutcome=not_applicable comment=matched merchant read with relation purpose=matched benchmark read auditReason= tracePath=[0:OPERATION:Merchant=query -> 1:REQUEST:Merchant= -> 2:RELATION:platform=Merchant.platform -> 3:PROVIDER:postgresql= -> 4:SQL:select=] mutationLineage=[]
SQL: -- TeaQL PLAIN
SELECT id, create_time AS createTime, last_update_time AS lastUpdateTime, name, version FROM platform_data WHERE (version > 0) AND (id = 1) LIMIT 1 OFFSET 0
[TeaQL SQL][query][559us] 1 rows returned outcome=success batchOutcome=not_applicable comment=matched update lookup purpose=matched benchmark write auditReason= tracePath=[0:OPERATION:Merchant=query -> 1:REQUEST:Merchant= -> 2:PROVIDER:postgresql= -> 3:SQL:select=] mutationLineage=[]
SQL: -- TeaQL PLAIN
SELECT id, name, code, external_id AS externalId, task_life_hours AS taskLifeHours, platform, version FROM merchant_data WHERE (version > 0) AND (external_id = 'matched-merchant') LIMIT 1000 OFFSET 0
[TeaQL SQL][mutation][466us] 1 rows affected outcome=success batchOutcome=not_applicable comment= purpose= auditReason=matched benchmark update tracePath=[0:OPERATION:Merchant=mutation -> 1:ENTITY:Merchant= -> 2:PROVIDER:postgresql= -> 3:SQL:update=] mutationLineage=[0:AUDIT_REASON:Merchant#1=matched benchmark update]
SQL: -- TeaQL PLAIN
UPDATE merchant_data SET task_life_hours = 48 , version = 1079 WHERE id = 1 AND version = 1078
[TeaQL SQL][query][390us] 1 rows returned outcome=success batchOutcome=not_applicable comment=matched benchmark update purpose=runtime: read authoritative persisted mutation result auditReason=matched benchmark update tracePath=[0:OPERATION:Merchant=query -> 1:REQUEST:Merchant= -> 2:PROVIDER:postgresql= -> 3:SQL:select=] mutationLineage=[0:AUDIT_REASON:Merchant#1=matched benchmark update]
SQL: -- TeaQL PLAIN
SELECT * FROM merchant_data WHERE id = 1
[TeaQL SQL][query][453us] 1 rows returned outcome=success batchOutcome=not_applicable comment=matched merchant read with relation purpose=matched benchmark read auditReason= tracePath=[0:OPERATION:Merchant=query -> 1:REQUEST:Merchant= -> 2:PROVIDER:postgresql= -> 3:SQL:select=] mutationLineage=[]
SQL: -- TeaQL PLAIN
SELECT id, name, code, external_id AS externalId, task_life_hours AS taskLifeHours, version, platform FROM merchant_data WHERE (version > 0) AND (external_id = 'matched-merchant') LIMIT 1000 OFFSET 0
[TeaQL SQL][query][341us] 1 rows returned outcome=success batchOutcome=not_applicable comment=matched merchant read with relation purpose=matched benchmark read auditReason= tracePath=[0:OPERATION:Merchant=query -> 1:REQUEST:Merchant= -> 2:RELATION:platform=Merchant.platform -> 3:PROVIDER:postgresql= -> 4:SQL:select=] mutationLineage=[]
SQL: -- TeaQL PLAIN
SELECT id, create_time AS createTime, last_update_time AS lastUpdateTime, name, version FROM platform_data WHERE (version > 0) AND (id = 1) LIMIT 1 OFFSET 0
[TeaQL SQL][query][637us] 1 rows returned outcome=success batchOutcome=not_applicable comment=matched update lookup purpose=matched benchmark write auditReason= tracePath=[0:OPERATION:Merchant=query -> 1:REQUEST:Merchant= -> 2:PROVIDER:postgresql= -> 3:SQL:select=] mutationLineage=[]
SQL: -- TeaQL PLAIN
SELECT id, name, code, external_id AS externalId, task_life_hours AS taskLifeHours, platform, version FROM merchant_data WHERE (version > 0) AND (external_id = 'matched-merchant') LIMIT 1000 OFFSET 0
[TeaQL SQL][mutation][473us] 1 rows affected outcome=success batchOutcome=not_applicable comment= purpose= auditReason=matched benchmark update tracePath=[0:OPERATION:Merchant=mutation -> 1:ENTITY:Merchant= -> 2:PROVIDER:postgresql= -> 3:SQL:update=] mutationLineage=[0:AUDIT_REASON:Merchant#1=matched benchmark update]
SQL: -- TeaQL PLAIN
UPDATE merchant_data SET task_life_hours = 49 , version = 1080 WHERE id = 1 AND version = 1079
[TeaQL SQL][query][409us] 1 rows returned outcome=success batchOutcome=not_applicable comment=matched benchmark update purpose=runtime: read authoritative persisted mutation result auditReason=matched benchmark update tracePath=[0:OPERATION:Merchant=query -> 1:REQUEST:Merchant= -> 2:PROVIDER:postgresql= -> 3:SQL:select=] mutationLineage=[0:AUDIT_REASON:Merchant#1=matched benchmark update]
SQL: -- TeaQL PLAIN
SELECT * FROM merchant_data WHERE id = 1
[TeaQL SQL][query][419us] 1 rows returned outcome=success batchOutcome=not_applicable comment=matched merchant read with relation purpose=matched benchmark read auditReason= tracePath=[0:OPERATION:Merchant=query -> 1:REQUEST:Merchant= -> 2:PROVIDER:postgresql= -> 3:SQL:select=] mutationLineage=[]
SQL: -- TeaQL PLAIN
SELECT id, name, code, external_id AS externalId, task_life_hours AS taskLifeHours, version, platform FROM merchant_data WHERE (version > 0) AND (external_id = 'matched-merchant') LIMIT 1000 OFFSET 0
[TeaQL SQL][query][326us] 1 rows returned outcome=success batchOutcome=not_applicable comment=matched merchant read with relation purpose=matched benchmark read auditReason= tracePath=[0:OPERATION:Merchant=query -> 1:REQUEST:Merchant= -> 2:RELATION:platform=Merchant.platform -> 3:PROVIDER:postgresql= -> 4:SQL:select=] mutationLineage=[]
SQL: -- TeaQL PLAIN
SELECT id, create_time AS createTime, last_update_time AS lastUpdateTime, name, version FROM platform_data WHERE (version > 0) AND (id = 1) LIMIT 1 OFFSET 0
[TeaQL SQL][query][442us] 1 rows returned outcome=success batchOutcome=not_applicable comment=matched update lookup purpose=matched benchmark write auditReason= tracePath=[0:OPERATION:Merchant=query -> 1:REQUEST:Merchant= -> 2:PROVIDER:postgresql= -> 3:SQL:select=] mutationLineage=[]
SQL: -- TeaQL PLAIN
SELECT id, name, code, external_id AS externalId, task_life_hours AS taskLifeHours, platform, version FROM merchant_data WHERE (version > 0) AND (external_id = 'matched-merchant') LIMIT 1000 OFFSET 0
[TeaQL SQL][mutation][333us] 1 rows affected outcome=success batchOutcome=not_applicable comment= purpose= auditReason=matched benchmark update tracePath=[0:OPERATION:Merchant=mutation -> 1:ENTITY:Merchant= -> 2:PROVIDER:postgresql= -> 3:SQL:update=] mutationLineage=[0:AUDIT_REASON:Merchant#1=matched benchmark update]
SQL: -- TeaQL PLAIN
UPDATE merchant_data SET task_life_hours = 48 , version = 1081 WHERE id = 1 AND version = 1080
[TeaQL SQL][query][255us] 1 rows returned outcome=success batchOutcome=not_applicable comment=matched benchmark update purpose=runtime: read authoritative persisted mutation result auditReason=matched benchmark update tracePath=[0:OPERATION:Merchant=query -> 1:REQUEST:Merchant= -> 2:PROVIDER:postgresql= -> 3:SQL:select=] mutationLineage=[0:AUDIT_REASON:Merchant#1=matched benchmark update]
SQL: -- TeaQL PLAIN
SELECT * FROM merchant_data WHERE id = 1
[TeaQL SQL][query][227us] 1 rows returned outcome=success batchOutcome=not_applicable comment=matched merchant read with relation purpose=matched benchmark read auditReason= tracePath=[0:OPERATION:Merchant=query -> 1:REQUEST:Merchant= -> 2:PROVIDER:postgresql= -> 3:SQL:select=] mutationLineage=[]
SQL: -- TeaQL PLAIN
SELECT id, name, code, external_id AS externalId, task_life_hours AS taskLifeHours, version, platform FROM merchant_data WHERE (version > 0) AND (external_id = 'matched-merchant') LIMIT 1000 OFFSET 0
[TeaQL SQL][query][210us] 1 rows returned outcome=success batchOutcome=not_applicable comment=matched merchant read with relation purpose=matched benchmark read auditReason= tracePath=[0:OPERATION:Merchant=query -> 1:REQUEST:Merchant= -> 2:RELATION:platform=Merchant.platform -> 3:PROVIDER:postgresql= -> 4:SQL:select=] mutationLineage=[]
SQL: -- TeaQL PLAIN
SELECT id, create_time AS createTime, last_update_time AS lastUpdateTime, name, version FROM platform_data WHERE (version > 0) AND (id = 1) LIMIT 1 OFFSET 0
[TeaQL SQL][query][628us] 1 rows returned outcome=success batchOutcome=not_applicable comment=matched update lookup purpose=matched benchmark write auditReason= tracePath=[0:OPERATION:Merchant=query -> 1:REQUEST:Merchant= -> 2:PROVIDER:postgresql= -> 3:SQL:select=] mutationLineage=[]
SQL: -- TeaQL PLAIN
SELECT id, name, code, external_id AS externalId, task_life_hours AS taskLifeHours, platform, version FROM merchant_data WHERE (version > 0) AND (external_id = 'matched-merchant') LIMIT 1000 OFFSET 0
[TeaQL SQL][mutation][484us] 1 rows affected outcome=success batchOutcome=not_applicable comment= purpose= auditReason=matched benchmark update tracePath=[0:OPERATION:Merchant=mutation -> 1:ENTITY:Merchant= -> 2:PROVIDER:postgresql= -> 3:SQL:update=] mutationLineage=[0:AUDIT_REASON:Merchant#1=matched benchmark update]
SQL: -- TeaQL PLAIN
UPDATE merchant_data SET task_life_hours = 49 , version = 1082 WHERE id = 1 AND version = 1081
[TeaQL SQL][query][378us] 1 rows returned outcome=success batchOutcome=not_applicable comment=matched benchmark update purpose=runtime: read authoritative persisted mutation result auditReason=matched benchmark update tracePath=[0:OPERATION:Merchant=query -> 1:REQUEST:Merchant= -> 2:PROVIDER:postgresql= -> 3:SQL:select=] mutationLineage=[0:AUDIT_REASON:Merchant#1=matched benchmark update]
SQL: -- TeaQL PLAIN
SELECT * FROM merchant_data WHERE id = 1
[TeaQL SQL][query][341us] 1 rows returned outcome=success batchOutcome=not_applicable comment=matched merchant read with relation purpose=matched benchmark read auditReason= tracePath=[0:OPERATION:Merchant=query -> 1:REQUEST:Merchant= -> 2:PROVIDER:postgresql= -> 3:SQL:select=] mutationLineage=[]
SQL: -- TeaQL PLAIN
SELECT id, name, code, external_id AS externalId, task_life_hours AS taskLifeHours, version, platform FROM merchant_data WHERE (version > 0) AND (external_id = 'matched-merchant') LIMIT 1000 OFFSET 0
[TeaQL SQL][query][353us] 1 rows returned outcome=success batchOutcome=not_applicable comment=matched merchant read with relation purpose=matched benchmark read auditReason= tracePath=[0:OPERATION:Merchant=query -> 1:REQUEST:Merchant= -> 2:RELATION:platform=Merchant.platform -> 3:PROVIDER:postgresql= -> 4:SQL:select=] mutationLineage=[]
SQL: -- TeaQL PLAIN
SELECT id, create_time AS createTime, last_update_time AS lastUpdateTime, name, version FROM platform_data WHERE (version > 0) AND (id = 1) LIMIT 1 OFFSET 0
[TeaQL SQL][query][644us] 1 rows returned outcome=success batchOutcome=not_applicable comment=matched update lookup purpose=matched benchmark write auditReason= tracePath=[0:OPERATION:Merchant=query -> 1:REQUEST:Merchant= -> 2:PROVIDER:postgresql= -> 3:SQL:select=] mutationLineage=[]
SQL: -- TeaQL PLAIN
SELECT id, name, code, external_id AS externalId, task_life_hours AS taskLifeHours, platform, version FROM merchant_data WHERE (version > 0) AND (external_id = 'matched-merchant') LIMIT 1000 OFFSET 0
[TeaQL SQL][mutation][454us] 1 rows affected outcome=success batchOutcome=not_applicable comment= purpose= auditReason=matched benchmark update tracePath=[0:OPERATION:Merchant=mutation -> 1:ENTITY:Merchant= -> 2:PROVIDER:postgresql= -> 3:SQL:update=] mutationLineage=[0:AUDIT_REASON:Merchant#1=matched benchmark update]
SQL: -- TeaQL PLAIN
UPDATE merchant_data SET task_life_hours = 48 , version = 1083 WHERE id = 1 AND version = 1082
[TeaQL SQL][query][360us] 1 rows returned outcome=success batchOutcome=not_applicable comment=matched benchmark update purpose=runtime: read authoritative persisted mutation result auditReason=matched benchmark update tracePath=[0:OPERATION:Merchant=query -> 1:REQUEST:Merchant= -> 2:PROVIDER:postgresql= -> 3:SQL:select=] mutationLineage=[0:AUDIT_REASON:Merchant#1=matched benchmark update]
SQL: -- TeaQL PLAIN
SELECT * FROM merchant_data WHERE id = 1
[TeaQL SQL][query][431us] 1 rows returned outcome=success batchOutcome=not_applicable comment=matched merchant read with relation purpose=matched benchmark read auditReason= tracePath=[0:OPERATION:Merchant=query -> 1:REQUEST:Merchant= -> 2:PROVIDER:postgresql= -> 3:SQL:select=] mutationLineage=[]
SQL: -- TeaQL PLAIN
SELECT id, name, code, external_id AS externalId, task_life_hours AS taskLifeHours, version, platform FROM merchant_data WHERE (version > 0) AND (external_id = 'matched-merchant') LIMIT 1000 OFFSET 0
[TeaQL SQL][query][383us] 1 rows returned outcome=success batchOutcome=not_applicable comment=matched merchant read with relation purpose=matched benchmark read auditReason= tracePath=[0:OPERATION:Merchant=query -> 1:REQUEST:Merchant= -> 2:RELATION:platform=Merchant.platform -> 3:PROVIDER:postgresql= -> 4:SQL:select=] mutationLineage=[]
SQL: -- TeaQL PLAIN
SELECT id, create_time AS createTime, last_update_time AS lastUpdateTime, name, version FROM platform_data WHERE (version > 0) AND (id = 1) LIMIT 1 OFFSET 0
[TeaQL SQL][query][712us] 1 rows returned outcome=success batchOutcome=not_applicable comment=matched update lookup purpose=matched benchmark write auditReason= tracePath=[0:OPERATION:Merchant=query -> 1:REQUEST:Merchant= -> 2:PROVIDER:postgresql= -> 3:SQL:select=] mutationLineage=[]
SQL: -- TeaQL PLAIN
SELECT id, name, code, external_id AS externalId, task_life_hours AS taskLifeHours, platform, version FROM merchant_data WHERE (version > 0) AND (external_id = 'matched-merchant') LIMIT 1000 OFFSET 0
[TeaQL SQL][mutation][562us] 1 rows affected outcome=success batchOutcome=not_applicable comment= purpose= auditReason=matched benchmark update tracePath=[0:OPERATION:Merchant=mutation -> 1:ENTITY:Merchant= -> 2:PROVIDER:postgresql= -> 3:SQL:update=] mutationLineage=[0:AUDIT_REASON:Merchant#1=matched benchmark update]
SQL: -- TeaQL PLAIN
UPDATE merchant_data SET task_life_hours = 49 , version = 1084 WHERE id = 1 AND version = 1083
[TeaQL SQL][query][444us] 1 rows returned outcome=success batchOutcome=not_applicable comment=matched benchmark update purpose=runtime: read authoritative persisted mutation result auditReason=matched benchmark update tracePath=[0:OPERATION:Merchant=query -> 1:REQUEST:Merchant= -> 2:PROVIDER:postgresql= -> 3:SQL:select=] mutationLineage=[0:AUDIT_REASON:Merchant#1=matched benchmark update]
SQL: -- TeaQL PLAIN
SELECT * FROM merchant_data WHERE id = 1
[TeaQL SQL][query][409us] 1 rows returned outcome=success batchOutcome=not_applicable comment=matched merchant read with relation purpose=matched benchmark read auditReason= tracePath=[0:OPERATION:Merchant=query -> 1:REQUEST:Merchant= -> 2:PROVIDER:postgresql= -> 3:SQL:select=] mutationLineage=[]
SQL: -- TeaQL PLAIN
SELECT id, name, code, external_id AS externalId, task_life_hours AS taskLifeHours, version, platform FROM merchant_data WHERE (version > 0) AND (external_id = 'matched-merchant') LIMIT 1000 OFFSET 0
[TeaQL SQL][query][364us] 1 rows returned outcome=success batchOutcome=not_applicable comment=matched merchant read with relation purpose=matched benchmark read auditReason= tracePath=[0:OPERATION:Merchant=query -> 1:REQUEST:Merchant= -> 2:RELATION:platform=Merchant.platform -> 3:PROVIDER:postgresql= -> 4:SQL:select=] mutationLineage=[]
SQL: -- TeaQL PLAIN
SELECT id, create_time AS createTime, last_update_time AS lastUpdateTime, name, version FROM platform_data WHERE (version > 0) AND (id = 1) LIMIT 1 OFFSET 0
[TeaQL SQL][query][436us] 1 rows returned outcome=success batchOutcome=not_applicable comment=matched update lookup purpose=matched benchmark write auditReason= tracePath=[0:OPERATION:Merchant=query -> 1:REQUEST:Merchant= -> 2:PROVIDER:postgresql= -> 3:SQL:select=] mutationLineage=[]
SQL: -- TeaQL PLAIN
SELECT id, name, code, external_id AS externalId, task_life_hours AS taskLifeHours, platform, version FROM merchant_data WHERE (version > 0) AND (external_id = 'matched-merchant') LIMIT 1000 OFFSET 0
[TeaQL SQL][mutation][354us] 1 rows affected outcome=success batchOutcome=not_applicable comment= purpose= auditReason=matched benchmark update tracePath=[0:OPERATION:Merchant=mutation -> 1:ENTITY:Merchant= -> 2:PROVIDER:postgresql= -> 3:SQL:update=] mutationLineage=[0:AUDIT_REASON:Merchant#1=matched benchmark update]
SQL: -- TeaQL PLAIN
UPDATE merchant_data SET task_life_hours = 48 , version = 1085 WHERE id = 1 AND version = 1084
[TeaQL SQL][query][251us] 1 rows returned outcome=success batchOutcome=not_applicable comment=matched benchmark update purpose=runtime: read authoritative persisted mutation result auditReason=matched benchmark update tracePath=[0:OPERATION:Merchant=query -> 1:REQUEST:Merchant= -> 2:PROVIDER:postgresql= -> 3:SQL:select=] mutationLineage=[0:AUDIT_REASON:Merchant#1=matched benchmark update]
SQL: -- TeaQL PLAIN
SELECT * FROM merchant_data WHERE id = 1
[TeaQL SQL][query][312us] 1 rows returned outcome=success batchOutcome=not_applicable comment=matched merchant read with relation purpose=matched benchmark read auditReason= tracePath=[0:OPERATION:Merchant=query -> 1:REQUEST:Merchant= -> 2:PROVIDER:postgresql= -> 3:SQL:select=] mutationLineage=[]
SQL: -- TeaQL PLAIN
SELECT id, name, code, external_id AS externalId, task_life_hours AS taskLifeHours, version, platform FROM merchant_data WHERE (version > 0) AND (external_id = 'matched-merchant') LIMIT 1000 OFFSET 0
[TeaQL SQL][query][301us] 1 rows returned outcome=success batchOutcome=not_applicable comment=matched merchant read with relation purpose=matched benchmark read auditReason= tracePath=[0:OPERATION:Merchant=query -> 1:REQUEST:Merchant= -> 2:RELATION:platform=Merchant.platform -> 3:PROVIDER:postgresql= -> 4:SQL:select=] mutationLineage=[]
SQL: -- TeaQL PLAIN
SELECT id, create_time AS createTime, last_update_time AS lastUpdateTime, name, version FROM platform_data WHERE (version > 0) AND (id = 1) LIMIT 1 OFFSET 0
[TeaQL SQL][query][539us] 1 rows returned outcome=success batchOutcome=not_applicable comment=matched update lookup purpose=matched benchmark write auditReason= tracePath=[0:OPERATION:Merchant=query -> 1:REQUEST:Merchant= -> 2:PROVIDER:postgresql= -> 3:SQL:select=] mutationLineage=[]
SQL: -- TeaQL PLAIN
SELECT id, name, code, external_id AS externalId, task_life_hours AS taskLifeHours, platform, version FROM merchant_data WHERE (version > 0) AND (external_id = 'matched-merchant') LIMIT 1000 OFFSET 0
[TeaQL SQL][mutation][386us] 1 rows affected outcome=success batchOutcome=not_applicable comment= purpose= auditReason=matched benchmark update tracePath=[0:OPERATION:Merchant=mutation -> 1:ENTITY:Merchant= -> 2:PROVIDER:postgresql= -> 3:SQL:update=] mutationLineage=[0:AUDIT_REASON:Merchant#1=matched benchmark update]
SQL: -- TeaQL PLAIN
UPDATE merchant_data SET task_life_hours = 49 , version = 1086 WHERE id = 1 AND version = 1085
[TeaQL SQL][query][305us] 1 rows returned outcome=success batchOutcome=not_applicable comment=matched benchmark update purpose=runtime: read authoritative persisted mutation result auditReason=matched benchmark update tracePath=[0:OPERATION:Merchant=query -> 1:REQUEST:Merchant= -> 2:PROVIDER:postgresql= -> 3:SQL:select=] mutationLineage=[0:AUDIT_REASON:Merchant#1=matched benchmark update]
SQL: -- TeaQL PLAIN
SELECT * FROM merchant_data WHERE id = 1
[TeaQL SQL][query][310us] 1 rows returned outcome=success batchOutcome=not_applicable comment=matched merchant read with relation purpose=matched benchmark read auditReason= tracePath=[0:OPERATION:Merchant=query -> 1:REQUEST:Merchant= -> 2:PROVIDER:postgresql= -> 3:SQL:select=] mutationLineage=[]
SQL: -- TeaQL PLAIN
SELECT id, name, code, external_id AS externalId, task_life_hours AS taskLifeHours, version, platform FROM merchant_data WHERE (version > 0) AND (external_id = 'matched-merchant') LIMIT 1000 OFFSET 0
[TeaQL SQL][query][303us] 1 rows returned outcome=success batchOutcome=not_applicable comment=matched merchant read with relation purpose=matched benchmark read auditReason= tracePath=[0:OPERATION:Merchant=query -> 1:REQUEST:Merchant= -> 2:RELATION:platform=Merchant.platform -> 3:PROVIDER:postgresql= -> 4:SQL:select=] mutationLineage=[]
SQL: -- TeaQL PLAIN
SELECT id, create_time AS createTime, last_update_time AS lastUpdateTime, name, version FROM platform_data WHERE (version > 0) AND (id = 1) LIMIT 1 OFFSET 0
[TeaQL SQL][query][712us] 1 rows returned outcome=success batchOutcome=not_applicable comment=matched update lookup purpose=matched benchmark write auditReason= tracePath=[0:OPERATION:Merchant=query -> 1:REQUEST:Merchant= -> 2:PROVIDER:postgresql= -> 3:SQL:select=] mutationLineage=[]
SQL: -- TeaQL PLAIN
SELECT id, name, code, external_id AS externalId, task_life_hours AS taskLifeHours, platform, version FROM merchant_data WHERE (version > 0) AND (external_id = 'matched-merchant') LIMIT 1000 OFFSET 0
[TeaQL SQL][mutation][546us] 1 rows affected outcome=success batchOutcome=not_applicable comment= purpose= auditReason=matched benchmark update tracePath=[0:OPERATION:Merchant=mutation -> 1:ENTITY:Merchant= -> 2:PROVIDER:postgresql= -> 3:SQL:update=] mutationLineage=[0:AUDIT_REASON:Merchant#1=matched benchmark update]
SQL: -- TeaQL PLAIN
UPDATE merchant_data SET task_life_hours = 48 , version = 1087 WHERE id = 1 AND version = 1086
[TeaQL SQL][query][439us] 1 rows returned outcome=success batchOutcome=not_applicable comment=matched benchmark update purpose=runtime: read authoritative persisted mutation result auditReason=matched benchmark update tracePath=[0:OPERATION:Merchant=query -> 1:REQUEST:Merchant= -> 2:PROVIDER:postgresql= -> 3:SQL:select=] mutationLineage=[0:AUDIT_REASON:Merchant#1=matched benchmark update]
SQL: -- TeaQL PLAIN
SELECT * FROM merchant_data WHERE id = 1
[TeaQL SQL][query][326us] 1 rows returned outcome=success batchOutcome=not_applicable comment=matched merchant read with relation purpose=matched benchmark read auditReason= tracePath=[0:OPERATION:Merchant=query -> 1:REQUEST:Merchant= -> 2:PROVIDER:postgresql= -> 3:SQL:select=] mutationLineage=[]
SQL: -- TeaQL PLAIN
SELECT id, name, code, external_id AS externalId, task_life_hours AS taskLifeHours, version, platform FROM merchant_data WHERE (version > 0) AND (external_id = 'matched-merchant') LIMIT 1000 OFFSET 0
[TeaQL SQL][query][311us] 1 rows returned outcome=success batchOutcome=not_applicable comment=matched merchant read with relation purpose=matched benchmark read auditReason= tracePath=[0:OPERATION:Merchant=query -> 1:REQUEST:Merchant= -> 2:RELATION:platform=Merchant.platform -> 3:PROVIDER:postgresql= -> 4:SQL:select=] mutationLineage=[]
SQL: -- TeaQL PLAIN
SELECT id, create_time AS createTime, last_update_time AS lastUpdateTime, name, version FROM platform_data WHERE (version > 0) AND (id = 1) LIMIT 1 OFFSET 0
[TeaQL SQL][query][461us] 1 rows returned outcome=success batchOutcome=not_applicable comment=matched update lookup purpose=matched benchmark write auditReason= tracePath=[0:OPERATION:Merchant=query -> 1:REQUEST:Merchant= -> 2:PROVIDER:postgresql= -> 3:SQL:select=] mutationLineage=[]
SQL: -- TeaQL PLAIN
SELECT id, name, code, external_id AS externalId, task_life_hours AS taskLifeHours, platform, version FROM merchant_data WHERE (version > 0) AND (external_id = 'matched-merchant') LIMIT 1000 OFFSET 0
[TeaQL SQL][mutation][353us] 1 rows affected outcome=success batchOutcome=not_applicable comment= purpose= auditReason=matched benchmark update tracePath=[0:OPERATION:Merchant=mutation -> 1:ENTITY:Merchant= -> 2:PROVIDER:postgresql= -> 3:SQL:update=] mutationLineage=[0:AUDIT_REASON:Merchant#1=matched benchmark update]
SQL: -- TeaQL PLAIN
UPDATE merchant_data SET task_life_hours = 49 , version = 1088 WHERE id = 1 AND version = 1087
[TeaQL SQL][query][301us] 1 rows returned outcome=success batchOutcome=not_applicable comment=matched benchmark update purpose=runtime: read authoritative persisted mutation result auditReason=matched benchmark update tracePath=[0:OPERATION:Merchant=query -> 1:REQUEST:Merchant= -> 2:PROVIDER:postgresql= -> 3:SQL:select=] mutationLineage=[0:AUDIT_REASON:Merchant#1=matched benchmark update]
SQL: -- TeaQL PLAIN
SELECT * FROM merchant_data WHERE id = 1
[TeaQL SQL][query][255us] 1 rows returned outcome=success batchOutcome=not_applicable comment=matched merchant read with relation purpose=matched benchmark read auditReason= tracePath=[0:OPERATION:Merchant=query -> 1:REQUEST:Merchant= -> 2:PROVIDER:postgresql= -> 3:SQL:select=] mutationLineage=[]
SQL: -- TeaQL PLAIN
SELECT id, name, code, external_id AS externalId, task_life_hours AS taskLifeHours, version, platform FROM merchant_data WHERE (version > 0) AND (external_id = 'matched-merchant') LIMIT 1000 OFFSET 0
[TeaQL SQL][query][264us] 1 rows returned outcome=success batchOutcome=not_applicable comment=matched merchant read with relation purpose=matched benchmark read auditReason= tracePath=[0:OPERATION:Merchant=query -> 1:REQUEST:Merchant= -> 2:RELATION:platform=Merchant.platform -> 3:PROVIDER:postgresql= -> 4:SQL:select=] mutationLineage=[]
SQL: -- TeaQL PLAIN
SELECT id, create_time AS createTime, last_update_time AS lastUpdateTime, name, version FROM platform_data WHERE (version > 0) AND (id = 1) LIMIT 1 OFFSET 0
[TeaQL SQL][query][389us] 1 rows returned outcome=success batchOutcome=not_applicable comment=matched update lookup purpose=matched benchmark write auditReason= tracePath=[0:OPERATION:Merchant=query -> 1:REQUEST:Merchant= -> 2:PROVIDER:postgresql= -> 3:SQL:select=] mutationLineage=[]
SQL: -- TeaQL PLAIN
SELECT id, name, code, external_id AS externalId, task_life_hours AS taskLifeHours, platform, version FROM merchant_data WHERE (version > 0) AND (external_id = 'matched-merchant') LIMIT 1000 OFFSET 0
[TeaQL SQL][mutation][331us] 1 rows affected outcome=success batchOutcome=not_applicable comment= purpose= auditReason=matched benchmark update tracePath=[0:OPERATION:Merchant=mutation -> 1:ENTITY:Merchant= -> 2:PROVIDER:postgresql= -> 3:SQL:update=] mutationLineage=[0:AUDIT_REASON:Merchant#1=matched benchmark update]
SQL: -- TeaQL PLAIN
UPDATE merchant_data SET task_life_hours = 48 , version = 1089 WHERE id = 1 AND version = 1088
[TeaQL SQL][query][247us] 1 rows returned outcome=success batchOutcome=not_applicable comment=matched benchmark update purpose=runtime: read authoritative persisted mutation result auditReason=matched benchmark update tracePath=[0:OPERATION:Merchant=query -> 1:REQUEST:Merchant= -> 2:PROVIDER:postgresql= -> 3:SQL:select=] mutationLineage=[0:AUDIT_REASON:Merchant#1=matched benchmark update]
SQL: -- TeaQL PLAIN
SELECT * FROM merchant_data WHERE id = 1
[TeaQL SQL][query][335us] 1 rows returned outcome=success batchOutcome=not_applicable comment=matched merchant read with relation purpose=matched benchmark read auditReason= tracePath=[0:OPERATION:Merchant=query -> 1:REQUEST:Merchant= -> 2:PROVIDER:postgresql= -> 3:SQL:select=] mutationLineage=[]
SQL: -- TeaQL PLAIN
SELECT id, name, code, external_id AS externalId, task_life_hours AS taskLifeHours, version, platform FROM merchant_data WHERE (version > 0) AND (external_id = 'matched-merchant') LIMIT 1000 OFFSET 0
[TeaQL SQL][query][291us] 1 rows returned outcome=success batchOutcome=not_applicable comment=matched merchant read with relation purpose=matched benchmark read auditReason= tracePath=[0:OPERATION:Merchant=query -> 1:REQUEST:Merchant= -> 2:RELATION:platform=Merchant.platform -> 3:PROVIDER:postgresql= -> 4:SQL:select=] mutationLineage=[]
SQL: -- TeaQL PLAIN
SELECT id, create_time AS createTime, last_update_time AS lastUpdateTime, name, version FROM platform_data WHERE (version > 0) AND (id = 1) LIMIT 1 OFFSET 0
[TeaQL SQL][query][431us] 1 rows returned outcome=success batchOutcome=not_applicable comment=matched update lookup purpose=matched benchmark write auditReason= tracePath=[0:OPERATION:Merchant=query -> 1:REQUEST:Merchant= -> 2:PROVIDER:postgresql= -> 3:SQL:select=] mutationLineage=[]
SQL: -- TeaQL PLAIN
SELECT id, name, code, external_id AS externalId, task_life_hours AS taskLifeHours, platform, version FROM merchant_data WHERE (version > 0) AND (external_id = 'matched-merchant') LIMIT 1000 OFFSET 0
[TeaQL SQL][mutation][321us] 1 rows affected outcome=success batchOutcome=not_applicable comment= purpose= auditReason=matched benchmark update tracePath=[0:OPERATION:Merchant=mutation -> 1:ENTITY:Merchant= -> 2:PROVIDER:postgresql= -> 3:SQL:update=] mutationLineage=[0:AUDIT_REASON:Merchant#1=matched benchmark update]
SQL: -- TeaQL PLAIN
UPDATE merchant_data SET task_life_hours = 49 , version = 1090 WHERE id = 1 AND version = 1089
[TeaQL SQL][query][283us] 1 rows returned outcome=success batchOutcome=not_applicable comment=matched benchmark update purpose=runtime: read authoritative persisted mutation result auditReason=matched benchmark update tracePath=[0:OPERATION:Merchant=query -> 1:REQUEST:Merchant= -> 2:PROVIDER:postgresql= -> 3:SQL:select=] mutationLineage=[0:AUDIT_REASON:Merchant#1=matched benchmark update]
SQL: -- TeaQL PLAIN
SELECT * FROM merchant_data WHERE id = 1
[TeaQL SQL][query][319us] 1 rows returned outcome=success batchOutcome=not_applicable comment=matched merchant read with relation purpose=matched benchmark read auditReason= tracePath=[0:OPERATION:Merchant=query -> 1:REQUEST:Merchant= -> 2:PROVIDER:postgresql= -> 3:SQL:select=] mutationLineage=[]
SQL: -- TeaQL PLAIN
SELECT id, name, code, external_id AS externalId, task_life_hours AS taskLifeHours, version, platform FROM merchant_data WHERE (version > 0) AND (external_id = 'matched-merchant') LIMIT 1000 OFFSET 0
[TeaQL SQL][query][324us] 1 rows returned outcome=success batchOutcome=not_applicable comment=matched merchant read with relation purpose=matched benchmark read auditReason= tracePath=[0:OPERATION:Merchant=query -> 1:REQUEST:Merchant= -> 2:RELATION:platform=Merchant.platform -> 3:PROVIDER:postgresql= -> 4:SQL:select=] mutationLineage=[]
SQL: -- TeaQL PLAIN
SELECT id, create_time AS createTime, last_update_time AS lastUpdateTime, name, version FROM platform_data WHERE (version > 0) AND (id = 1) LIMIT 1 OFFSET 0
[TeaQL SQL][query][493us] 1 rows returned outcome=success batchOutcome=not_applicable comment=matched update lookup purpose=matched benchmark write auditReason= tracePath=[0:OPERATION:Merchant=query -> 1:REQUEST:Merchant= -> 2:PROVIDER:postgresql= -> 3:SQL:select=] mutationLineage=[]
SQL: -- TeaQL PLAIN
SELECT id, name, code, external_id AS externalId, task_life_hours AS taskLifeHours, platform, version FROM merchant_data WHERE (version > 0) AND (external_id = 'matched-merchant') LIMIT 1000 OFFSET 0
[TeaQL SQL][mutation][407us] 1 rows affected outcome=success batchOutcome=not_applicable comment= purpose= auditReason=matched benchmark update tracePath=[0:OPERATION:Merchant=mutation -> 1:ENTITY:Merchant= -> 2:PROVIDER:postgresql= -> 3:SQL:update=] mutationLineage=[0:AUDIT_REASON:Merchant#1=matched benchmark update]
SQL: -- TeaQL PLAIN
UPDATE merchant_data SET task_life_hours = 48 , version = 1091 WHERE id = 1 AND version = 1090
[TeaQL SQL][query][367us] 1 rows returned outcome=success batchOutcome=not_applicable comment=matched benchmark update purpose=runtime: read authoritative persisted mutation result auditReason=matched benchmark update tracePath=[0:OPERATION:Merchant=query -> 1:REQUEST:Merchant= -> 2:PROVIDER:postgresql= -> 3:SQL:select=] mutationLineage=[0:AUDIT_REASON:Merchant#1=matched benchmark update]
SQL: -- TeaQL PLAIN
SELECT * FROM merchant_data WHERE id = 1
[TeaQL SQL][query][306us] 1 rows returned outcome=success batchOutcome=not_applicable comment=matched merchant read with relation purpose=matched benchmark read auditReason= tracePath=[0:OPERATION:Merchant=query -> 1:REQUEST:Merchant= -> 2:PROVIDER:postgresql= -> 3:SQL:select=] mutationLineage=[]
SQL: -- TeaQL PLAIN
SELECT id, name, code, external_id AS externalId, task_life_hours AS taskLifeHours, version, platform FROM merchant_data WHERE (version > 0) AND (external_id = 'matched-merchant') LIMIT 1000 OFFSET 0
[TeaQL SQL][query][278us] 1 rows returned outcome=success batchOutcome=not_applicable comment=matched merchant read with relation purpose=matched benchmark read auditReason= tracePath=[0:OPERATION:Merchant=query -> 1:REQUEST:Merchant= -> 2:RELATION:platform=Merchant.platform -> 3:PROVIDER:postgresql= -> 4:SQL:select=] mutationLineage=[]
SQL: -- TeaQL PLAIN
SELECT id, create_time AS createTime, last_update_time AS lastUpdateTime, name, version FROM platform_data WHERE (version > 0) AND (id = 1) LIMIT 1 OFFSET 0
[TeaQL SQL][query][485us] 1 rows returned outcome=success batchOutcome=not_applicable comment=matched update lookup purpose=matched benchmark write auditReason= tracePath=[0:OPERATION:Merchant=query -> 1:REQUEST:Merchant= -> 2:PROVIDER:postgresql= -> 3:SQL:select=] mutationLineage=[]
SQL: -- TeaQL PLAIN
SELECT id, name, code, external_id AS externalId, task_life_hours AS taskLifeHours, platform, version FROM merchant_data WHERE (version > 0) AND (external_id = 'matched-merchant') LIMIT 1000 OFFSET 0
[TeaQL SQL][mutation][319us] 1 rows affected outcome=success batchOutcome=not_applicable comment= purpose= auditReason=matched benchmark update tracePath=[0:OPERATION:Merchant=mutation -> 1:ENTITY:Merchant= -> 2:PROVIDER:postgresql= -> 3:SQL:update=] mutationLineage=[0:AUDIT_REASON:Merchant#1=matched benchmark update]
SQL: -- TeaQL PLAIN
UPDATE merchant_data SET task_life_hours = 49 , version = 1092 WHERE id = 1 AND version = 1091
[TeaQL SQL][query][241us] 1 rows returned outcome=success batchOutcome=not_applicable comment=matched benchmark update purpose=runtime: read authoritative persisted mutation result auditReason=matched benchmark update tracePath=[0:OPERATION:Merchant=query -> 1:REQUEST:Merchant= -> 2:PROVIDER:postgresql= -> 3:SQL:select=] mutationLineage=[0:AUDIT_REASON:Merchant#1=matched benchmark update]
SQL: -- TeaQL PLAIN
SELECT * FROM merchant_data WHERE id = 1
[TeaQL SQL][query][292us] 1 rows returned outcome=success batchOutcome=not_applicable comment=matched merchant read with relation purpose=matched benchmark read auditReason= tracePath=[0:OPERATION:Merchant=query -> 1:REQUEST:Merchant= -> 2:PROVIDER:postgresql= -> 3:SQL:select=] mutationLineage=[]
SQL: -- TeaQL PLAIN
SELECT id, name, code, external_id AS externalId, task_life_hours AS taskLifeHours, version, platform FROM merchant_data WHERE (version > 0) AND (external_id = 'matched-merchant') LIMIT 1000 OFFSET 0
[TeaQL SQL][query][319us] 1 rows returned outcome=success batchOutcome=not_applicable comment=matched merchant read with relation purpose=matched benchmark read auditReason= tracePath=[0:OPERATION:Merchant=query -> 1:REQUEST:Merchant= -> 2:RELATION:platform=Merchant.platform -> 3:PROVIDER:postgresql= -> 4:SQL:select=] mutationLineage=[]
SQL: -- TeaQL PLAIN
SELECT id, create_time AS createTime, last_update_time AS lastUpdateTime, name, version FROM platform_data WHERE (version > 0) AND (id = 1) LIMIT 1 OFFSET 0
[TeaQL SQL][query][420us] 1 rows returned outcome=success batchOutcome=not_applicable comment=matched update lookup purpose=matched benchmark write auditReason= tracePath=[0:OPERATION:Merchant=query -> 1:REQUEST:Merchant= -> 2:PROVIDER:postgresql= -> 3:SQL:select=] mutationLineage=[]
SQL: -- TeaQL PLAIN
SELECT id, name, code, external_id AS externalId, task_life_hours AS taskLifeHours, platform, version FROM merchant_data WHERE (version > 0) AND (external_id = 'matched-merchant') LIMIT 1000 OFFSET 0
[TeaQL SQL][mutation][254us] 1 rows affected outcome=success batchOutcome=not_applicable comment= purpose= auditReason=matched benchmark update tracePath=[0:OPERATION:Merchant=mutation -> 1:ENTITY:Merchant= -> 2:PROVIDER:postgresql= -> 3:SQL:update=] mutationLineage=[0:AUDIT_REASON:Merchant#1=matched benchmark update]
SQL: -- TeaQL PLAIN
UPDATE merchant_data SET task_life_hours = 48 , version = 1093 WHERE id = 1 AND version = 1092
[TeaQL SQL][query][209us] 1 rows returned outcome=success batchOutcome=not_applicable comment=matched benchmark update purpose=runtime: read authoritative persisted mutation result auditReason=matched benchmark update tracePath=[0:OPERATION:Merchant=query -> 1:REQUEST:Merchant= -> 2:PROVIDER:postgresql= -> 3:SQL:select=] mutationLineage=[0:AUDIT_REASON:Merchant#1=matched benchmark update]
SQL: -- TeaQL PLAIN
SELECT * FROM merchant_data WHERE id = 1
[TeaQL SQL][query][375us] 1 rows returned outcome=success batchOutcome=not_applicable comment=matched merchant read with relation purpose=matched benchmark read auditReason= tracePath=[0:OPERATION:Merchant=query -> 1:REQUEST:Merchant= -> 2:PROVIDER:postgresql= -> 3:SQL:select=] mutationLineage=[]
SQL: -- TeaQL PLAIN
SELECT id, name, code, external_id AS externalId, task_life_hours AS taskLifeHours, version, platform FROM merchant_data WHERE (version > 0) AND (external_id = 'matched-merchant') LIMIT 1000 OFFSET 0
[TeaQL SQL][query][324us] 1 rows returned outcome=success batchOutcome=not_applicable comment=matched merchant read with relation purpose=matched benchmark read auditReason= tracePath=[0:OPERATION:Merchant=query -> 1:REQUEST:Merchant= -> 2:RELATION:platform=Merchant.platform -> 3:PROVIDER:postgresql= -> 4:SQL:select=] mutationLineage=[]
SQL: -- TeaQL PLAIN
SELECT id, create_time AS createTime, last_update_time AS lastUpdateTime, name, version FROM platform_data WHERE (version > 0) AND (id = 1) LIMIT 1 OFFSET 0
[TeaQL SQL][query][463us] 1 rows returned outcome=success batchOutcome=not_applicable comment=matched update lookup purpose=matched benchmark write auditReason= tracePath=[0:OPERATION:Merchant=query -> 1:REQUEST:Merchant= -> 2:PROVIDER:postgresql= -> 3:SQL:select=] mutationLineage=[]
SQL: -- TeaQL PLAIN
SELECT id, name, code, external_id AS externalId, task_life_hours AS taskLifeHours, platform, version FROM merchant_data WHERE (version > 0) AND (external_id = 'matched-merchant') LIMIT 1000 OFFSET 0
[TeaQL SQL][mutation][315us] 1 rows affected outcome=success batchOutcome=not_applicable comment= purpose= auditReason=matched benchmark update tracePath=[0:OPERATION:Merchant=mutation -> 1:ENTITY:Merchant= -> 2:PROVIDER:postgresql= -> 3:SQL:update=] mutationLineage=[0:AUDIT_REASON:Merchant#1=matched benchmark update]
SQL: -- TeaQL PLAIN
UPDATE merchant_data SET task_life_hours = 49 , version = 1094 WHERE id = 1 AND version = 1093
[TeaQL SQL][query][283us] 1 rows returned outcome=success batchOutcome=not_applicable comment=matched benchmark update purpose=runtime: read authoritative persisted mutation result auditReason=matched benchmark update tracePath=[0:OPERATION:Merchant=query -> 1:REQUEST:Merchant= -> 2:PROVIDER:postgresql= -> 3:SQL:select=] mutationLineage=[0:AUDIT_REASON:Merchant#1=matched benchmark update]
SQL: -- TeaQL PLAIN
SELECT * FROM merchant_data WHERE id = 1
[TeaQL SQL][query][319us] 1 rows returned outcome=success batchOutcome=not_applicable comment=matched merchant read with relation purpose=matched benchmark read auditReason= tracePath=[0:OPERATION:Merchant=query -> 1:REQUEST:Merchant= -> 2:PROVIDER:postgresql= -> 3:SQL:select=] mutationLineage=[]
SQL: -- TeaQL PLAIN
SELECT id, name, code, external_id AS externalId, task_life_hours AS taskLifeHours, version, platform FROM merchant_data WHERE (version > 0) AND (external_id = 'matched-merchant') LIMIT 1000 OFFSET 0
[TeaQL SQL][query][320us] 1 rows returned outcome=success batchOutcome=not_applicable comment=matched merchant read with relation purpose=matched benchmark read auditReason= tracePath=[0:OPERATION:Merchant=query -> 1:REQUEST:Merchant= -> 2:RELATION:platform=Merchant.platform -> 3:PROVIDER:postgresql= -> 4:SQL:select=] mutationLineage=[]
SQL: -- TeaQL PLAIN
SELECT id, create_time AS createTime, last_update_time AS lastUpdateTime, name, version FROM platform_data WHERE (version > 0) AND (id = 1) LIMIT 1 OFFSET 0
[TeaQL SQL][query][463us] 1 rows returned outcome=success batchOutcome=not_applicable comment=matched update lookup purpose=matched benchmark write auditReason= tracePath=[0:OPERATION:Merchant=query -> 1:REQUEST:Merchant= -> 2:PROVIDER:postgresql= -> 3:SQL:select=] mutationLineage=[]
SQL: -- TeaQL PLAIN
SELECT id, name, code, external_id AS externalId, task_life_hours AS taskLifeHours, platform, version FROM merchant_data WHERE (version > 0) AND (external_id = 'matched-merchant') LIMIT 1000 OFFSET 0
[TeaQL SQL][mutation][431us] 1 rows affected outcome=success batchOutcome=not_applicable comment= purpose= auditReason=matched benchmark update tracePath=[0:OPERATION:Merchant=mutation -> 1:ENTITY:Merchant= -> 2:PROVIDER:postgresql= -> 3:SQL:update=] mutationLineage=[0:AUDIT_REASON:Merchant#1=matched benchmark update]
SQL: -- TeaQL PLAIN
UPDATE merchant_data SET task_life_hours = 48 , version = 1095 WHERE id = 1 AND version = 1094
[TeaQL SQL][query][301us] 1 rows returned outcome=success batchOutcome=not_applicable comment=matched benchmark update purpose=runtime: read authoritative persisted mutation result auditReason=matched benchmark update tracePath=[0:OPERATION:Merchant=query -> 1:REQUEST:Merchant= -> 2:PROVIDER:postgresql= -> 3:SQL:select=] mutationLineage=[0:AUDIT_REASON:Merchant#1=matched benchmark update]
SQL: -- TeaQL PLAIN
SELECT * FROM merchant_data WHERE id = 1
[TeaQL SQL][query][304us] 1 rows returned outcome=success batchOutcome=not_applicable comment=matched merchant read with relation purpose=matched benchmark read auditReason= tracePath=[0:OPERATION:Merchant=query -> 1:REQUEST:Merchant= -> 2:PROVIDER:postgresql= -> 3:SQL:select=] mutationLineage=[]
SQL: -- TeaQL PLAIN
SELECT id, name, code, external_id AS externalId, task_life_hours AS taskLifeHours, version, platform FROM merchant_data WHERE (version > 0) AND (external_id = 'matched-merchant') LIMIT 1000 OFFSET 0
[TeaQL SQL][query][310us] 1 rows returned outcome=success batchOutcome=not_applicable comment=matched merchant read with relation purpose=matched benchmark read auditReason= tracePath=[0:OPERATION:Merchant=query -> 1:REQUEST:Merchant= -> 2:RELATION:platform=Merchant.platform -> 3:PROVIDER:postgresql= -> 4:SQL:select=] mutationLineage=[]
SQL: -- TeaQL PLAIN
SELECT id, create_time AS createTime, last_update_time AS lastUpdateTime, name, version FROM platform_data WHERE (version > 0) AND (id = 1) LIMIT 1 OFFSET 0
[TeaQL SQL][query][436us] 1 rows returned outcome=success batchOutcome=not_applicable comment=matched update lookup purpose=matched benchmark write auditReason= tracePath=[0:OPERATION:Merchant=query -> 1:REQUEST:Merchant= -> 2:PROVIDER:postgresql= -> 3:SQL:select=] mutationLineage=[]
SQL: -- TeaQL PLAIN
SELECT id, name, code, external_id AS externalId, task_life_hours AS taskLifeHours, platform, version FROM merchant_data WHERE (version > 0) AND (external_id = 'matched-merchant') LIMIT 1000 OFFSET 0
[TeaQL SQL][mutation][289us] 1 rows affected outcome=success batchOutcome=not_applicable comment= purpose= auditReason=matched benchmark update tracePath=[0:OPERATION:Merchant=mutation -> 1:ENTITY:Merchant= -> 2:PROVIDER:postgresql= -> 3:SQL:update=] mutationLineage=[0:AUDIT_REASON:Merchant#1=matched benchmark update]
SQL: -- TeaQL PLAIN
UPDATE merchant_data SET task_life_hours = 49 , version = 1096 WHERE id = 1 AND version = 1095
[TeaQL SQL][query][203us] 1 rows returned outcome=success batchOutcome=not_applicable comment=matched benchmark update purpose=runtime: read authoritative persisted mutation result auditReason=matched benchmark update tracePath=[0:OPERATION:Merchant=query -> 1:REQUEST:Merchant= -> 2:PROVIDER:postgresql= -> 3:SQL:select=] mutationLineage=[0:AUDIT_REASON:Merchant#1=matched benchmark update]
SQL: -- TeaQL PLAIN
SELECT * FROM merchant_data WHERE id = 1
[TeaQL SQL][query][263us] 1 rows returned outcome=success batchOutcome=not_applicable comment=matched merchant read with relation purpose=matched benchmark read auditReason= tracePath=[0:OPERATION:Merchant=query -> 1:REQUEST:Merchant= -> 2:PROVIDER:postgresql= -> 3:SQL:select=] mutationLineage=[]
SQL: -- TeaQL PLAIN
SELECT id, name, code, external_id AS externalId, task_life_hours AS taskLifeHours, version, platform FROM merchant_data WHERE (version > 0) AND (external_id = 'matched-merchant') LIMIT 1000 OFFSET 0
[TeaQL SQL][query][279us] 1 rows returned outcome=success batchOutcome=not_applicable comment=matched merchant read with relation purpose=matched benchmark read auditReason= tracePath=[0:OPERATION:Merchant=query -> 1:REQUEST:Merchant= -> 2:RELATION:platform=Merchant.platform -> 3:PROVIDER:postgresql= -> 4:SQL:select=] mutationLineage=[]
SQL: -- TeaQL PLAIN
SELECT id, create_time AS createTime, last_update_time AS lastUpdateTime, name, version FROM platform_data WHERE (version > 0) AND (id = 1) LIMIT 1 OFFSET 0
[TeaQL SQL][query][359us] 1 rows returned outcome=success batchOutcome=not_applicable comment=matched update lookup purpose=matched benchmark write auditReason= tracePath=[0:OPERATION:Merchant=query -> 1:REQUEST:Merchant= -> 2:PROVIDER:postgresql= -> 3:SQL:select=] mutationLineage=[]
SQL: -- TeaQL PLAIN
SELECT id, name, code, external_id AS externalId, task_life_hours AS taskLifeHours, platform, version FROM merchant_data WHERE (version > 0) AND (external_id = 'matched-merchant') LIMIT 1000 OFFSET 0
[TeaQL SQL][mutation][317us] 1 rows affected outcome=success batchOutcome=not_applicable comment= purpose= auditReason=matched benchmark update tracePath=[0:OPERATION:Merchant=mutation -> 1:ENTITY:Merchant= -> 2:PROVIDER:postgresql= -> 3:SQL:update=] mutationLineage=[0:AUDIT_REASON:Merchant#1=matched benchmark update]
SQL: -- TeaQL PLAIN
UPDATE merchant_data SET task_life_hours = 48 , version = 1097 WHERE id = 1 AND version = 1096
[TeaQL SQL][query][189us] 1 rows returned outcome=success batchOutcome=not_applicable comment=matched benchmark update purpose=runtime: read authoritative persisted mutation result auditReason=matched benchmark update tracePath=[0:OPERATION:Merchant=query -> 1:REQUEST:Merchant= -> 2:PROVIDER:postgresql= -> 3:SQL:select=] mutationLineage=[0:AUDIT_REASON:Merchant#1=matched benchmark update]
SQL: -- TeaQL PLAIN
SELECT * FROM merchant_data WHERE id = 1
[TeaQL SQL][query][264us] 1 rows returned outcome=success batchOutcome=not_applicable comment=matched merchant read with relation purpose=matched benchmark read auditReason= tracePath=[0:OPERATION:Merchant=query -> 1:REQUEST:Merchant= -> 2:PROVIDER:postgresql= -> 3:SQL:select=] mutationLineage=[]
SQL: -- TeaQL PLAIN
SELECT id, name, code, external_id AS externalId, task_life_hours AS taskLifeHours, version, platform FROM merchant_data WHERE (version > 0) AND (external_id = 'matched-merchant') LIMIT 1000 OFFSET 0
[TeaQL SQL][query][228us] 1 rows returned outcome=success batchOutcome=not_applicable comment=matched merchant read with relation purpose=matched benchmark read auditReason= tracePath=[0:OPERATION:Merchant=query -> 1:REQUEST:Merchant= -> 2:RELATION:platform=Merchant.platform -> 3:PROVIDER:postgresql= -> 4:SQL:select=] mutationLineage=[]
SQL: -- TeaQL PLAIN
SELECT id, create_time AS createTime, last_update_time AS lastUpdateTime, name, version FROM platform_data WHERE (version > 0) AND (id = 1) LIMIT 1 OFFSET 0
[TeaQL SQL][query][476us] 1 rows returned outcome=success batchOutcome=not_applicable comment=matched update lookup purpose=matched benchmark write auditReason= tracePath=[0:OPERATION:Merchant=query -> 1:REQUEST:Merchant= -> 2:PROVIDER:postgresql= -> 3:SQL:select=] mutationLineage=[]
SQL: -- TeaQL PLAIN
SELECT id, name, code, external_id AS externalId, task_life_hours AS taskLifeHours, platform, version FROM merchant_data WHERE (version > 0) AND (external_id = 'matched-merchant') LIMIT 1000 OFFSET 0
[TeaQL SQL][mutation][329us] 1 rows affected outcome=success batchOutcome=not_applicable comment= purpose= auditReason=matched benchmark update tracePath=[0:OPERATION:Merchant=mutation -> 1:ENTITY:Merchant= -> 2:PROVIDER:postgresql= -> 3:SQL:update=] mutationLineage=[0:AUDIT_REASON:Merchant#1=matched benchmark update]
SQL: -- TeaQL PLAIN
UPDATE merchant_data SET task_life_hours = 49 , version = 1098 WHERE id = 1 AND version = 1097
[TeaQL SQL][query][337us] 1 rows returned outcome=success batchOutcome=not_applicable comment=matched benchmark update purpose=runtime: read authoritative persisted mutation result auditReason=matched benchmark update tracePath=[0:OPERATION:Merchant=query -> 1:REQUEST:Merchant= -> 2:PROVIDER:postgresql= -> 3:SQL:select=] mutationLineage=[0:AUDIT_REASON:Merchant#1=matched benchmark update]
SQL: -- TeaQL PLAIN
SELECT * FROM merchant_data WHERE id = 1
[TeaQL SQL][query][322us] 1 rows returned outcome=success batchOutcome=not_applicable comment=matched merchant read with relation purpose=matched benchmark read auditReason= tracePath=[0:OPERATION:Merchant=query -> 1:REQUEST:Merchant= -> 2:PROVIDER:postgresql= -> 3:SQL:select=] mutationLineage=[]
SQL: -- TeaQL PLAIN
SELECT id, name, code, external_id AS externalId, task_life_hours AS taskLifeHours, version, platform FROM merchant_data WHERE (version > 0) AND (external_id = 'matched-merchant') LIMIT 1000 OFFSET 0
[TeaQL SQL][query][321us] 1 rows returned outcome=success batchOutcome=not_applicable comment=matched merchant read with relation purpose=matched benchmark read auditReason= tracePath=[0:OPERATION:Merchant=query -> 1:REQUEST:Merchant= -> 2:RELATION:platform=Merchant.platform -> 3:PROVIDER:postgresql= -> 4:SQL:select=] mutationLineage=[]
SQL: -- TeaQL PLAIN
SELECT id, create_time AS createTime, last_update_time AS lastUpdateTime, name, version FROM platform_data WHERE (version > 0) AND (id = 1) LIMIT 1 OFFSET 0
[TeaQL SQL][query][493us] 1 rows returned outcome=success batchOutcome=not_applicable comment=matched update lookup purpose=matched benchmark write auditReason= tracePath=[0:OPERATION:Merchant=query -> 1:REQUEST:Merchant= -> 2:PROVIDER:postgresql= -> 3:SQL:select=] mutationLineage=[]
SQL: -- TeaQL PLAIN
SELECT id, name, code, external_id AS externalId, task_life_hours AS taskLifeHours, platform, version FROM merchant_data WHERE (version > 0) AND (external_id = 'matched-merchant') LIMIT 1000 OFFSET 0
[TeaQL SQL][mutation][386us] 1 rows affected outcome=success batchOutcome=not_applicable comment= purpose= auditReason=matched benchmark update tracePath=[0:OPERATION:Merchant=mutation -> 1:ENTITY:Merchant= -> 2:PROVIDER:postgresql= -> 3:SQL:update=] mutationLineage=[0:AUDIT_REASON:Merchant#1=matched benchmark update]
SQL: -- TeaQL PLAIN
UPDATE merchant_data SET task_life_hours = 48 , version = 1099 WHERE id = 1 AND version = 1098
[TeaQL SQL][query][263us] 1 rows returned outcome=success batchOutcome=not_applicable comment=matched benchmark update purpose=runtime: read authoritative persisted mutation result auditReason=matched benchmark update tracePath=[0:OPERATION:Merchant=query -> 1:REQUEST:Merchant= -> 2:PROVIDER:postgresql= -> 3:SQL:select=] mutationLineage=[0:AUDIT_REASON:Merchant#1=matched benchmark update]
SQL: -- TeaQL PLAIN
SELECT * FROM merchant_data WHERE id = 1
[TeaQL SQL][query][375us] 1 rows returned outcome=success batchOutcome=not_applicable comment=matched merchant read with relation purpose=matched benchmark read auditReason= tracePath=[0:OPERATION:Merchant=query -> 1:REQUEST:Merchant= -> 2:PROVIDER:postgresql= -> 3:SQL:select=] mutationLineage=[]
SQL: -- TeaQL PLAIN
SELECT id, name, code, external_id AS externalId, task_life_hours AS taskLifeHours, version, platform FROM merchant_data WHERE (version > 0) AND (external_id = 'matched-merchant') LIMIT 1000 OFFSET 0
[TeaQL SQL][query][322us] 1 rows returned outcome=success batchOutcome=not_applicable comment=matched merchant read with relation purpose=matched benchmark read auditReason= tracePath=[0:OPERATION:Merchant=query -> 1:REQUEST:Merchant= -> 2:RELATION:platform=Merchant.platform -> 3:PROVIDER:postgresql= -> 4:SQL:select=] mutationLineage=[]
SQL: -- TeaQL PLAIN
SELECT id, create_time AS createTime, last_update_time AS lastUpdateTime, name, version FROM platform_data WHERE (version > 0) AND (id = 1) LIMIT 1 OFFSET 0
[TeaQL SQL][query][395us] 1 rows returned outcome=success batchOutcome=not_applicable comment=matched update lookup purpose=matched benchmark write auditReason= tracePath=[0:OPERATION:Merchant=query -> 1:REQUEST:Merchant= -> 2:PROVIDER:postgresql= -> 3:SQL:select=] mutationLineage=[]
SQL: -- TeaQL PLAIN
SELECT id, name, code, external_id AS externalId, task_life_hours AS taskLifeHours, platform, version FROM merchant_data WHERE (version > 0) AND (external_id = 'matched-merchant') LIMIT 1000 OFFSET 0
[TeaQL SQL][mutation][333us] 1 rows affected outcome=success batchOutcome=not_applicable comment= purpose= auditReason=matched benchmark update tracePath=[0:OPERATION:Merchant=mutation -> 1:ENTITY:Merchant= -> 2:PROVIDER:postgresql= -> 3:SQL:update=] mutationLineage=[0:AUDIT_REASON:Merchant#1=matched benchmark update]
SQL: -- TeaQL PLAIN
UPDATE merchant_data SET task_life_hours = 49 , version = 1100 WHERE id = 1 AND version = 1099
[TeaQL SQL][query][234us] 1 rows returned outcome=success batchOutcome=not_applicable comment=matched benchmark update purpose=runtime: read authoritative persisted mutation result auditReason=matched benchmark update tracePath=[0:OPERATION:Merchant=query -> 1:REQUEST:Merchant= -> 2:PROVIDER:postgresql= -> 3:SQL:select=] mutationLineage=[0:AUDIT_REASON:Merchant#1=matched benchmark update]
SQL: -- TeaQL PLAIN
SELECT * FROM merchant_data WHERE id = 1
[TeaQL SQL][query][276us] 1 rows returned outcome=success batchOutcome=not_applicable comment=matched merchant read with relation purpose=matched benchmark read auditReason= tracePath=[0:OPERATION:Merchant=query -> 1:REQUEST:Merchant= -> 2:PROVIDER:postgresql= -> 3:SQL:select=] mutationLineage=[]
SQL: -- TeaQL PLAIN
SELECT id, name, code, external_id AS externalId, task_life_hours AS taskLifeHours, version, platform FROM merchant_data WHERE (version > 0) AND (external_id = 'matched-merchant') LIMIT 1000 OFFSET 0
[TeaQL SQL][query][277us] 1 rows returned outcome=success batchOutcome=not_applicable comment=matched merchant read with relation purpose=matched benchmark read auditReason= tracePath=[0:OPERATION:Merchant=query -> 1:REQUEST:Merchant= -> 2:RELATION:platform=Merchant.platform -> 3:PROVIDER:postgresql= -> 4:SQL:select=] mutationLineage=[]
SQL: -- TeaQL PLAIN
SELECT id, create_time AS createTime, last_update_time AS lastUpdateTime, name, version FROM platform_data WHERE (version > 0) AND (id = 1) LIMIT 1 OFFSET 0
[TeaQL SQL][query][360us] 1 rows returned outcome=success batchOutcome=not_applicable comment=matched update lookup purpose=matched benchmark write auditReason= tracePath=[0:OPERATION:Merchant=query -> 1:REQUEST:Merchant= -> 2:PROVIDER:postgresql= -> 3:SQL:select=] mutationLineage=[]
SQL: -- TeaQL PLAIN
SELECT id, name, code, external_id AS externalId, task_life_hours AS taskLifeHours, platform, version FROM merchant_data WHERE (version > 0) AND (external_id = 'matched-merchant') LIMIT 1000 OFFSET 0
[TeaQL SQL][mutation][273us] 1 rows affected outcome=success batchOutcome=not_applicable comment= purpose= auditReason=matched benchmark update tracePath=[0:OPERATION:Merchant=mutation -> 1:ENTITY:Merchant= -> 2:PROVIDER:postgresql= -> 3:SQL:update=] mutationLineage=[0:AUDIT_REASON:Merchant#1=matched benchmark update]
SQL: -- TeaQL PLAIN
UPDATE merchant_data SET task_life_hours = 48 , version = 1101 WHERE id = 1 AND version = 1100
[TeaQL SQL][query][176us] 1 rows returned outcome=success batchOutcome=not_applicable comment=matched benchmark update purpose=runtime: read authoritative persisted mutation result auditReason=matched benchmark update tracePath=[0:OPERATION:Merchant=query -> 1:REQUEST:Merchant= -> 2:PROVIDER:postgresql= -> 3:SQL:select=] mutationLineage=[0:AUDIT_REASON:Merchant#1=matched benchmark update]
SQL: -- TeaQL PLAIN
SELECT * FROM merchant_data WHERE id = 1
[TeaQL SQL][query][307us] 1 rows returned outcome=success batchOutcome=not_applicable comment=matched merchant read with relation purpose=matched benchmark read auditReason= tracePath=[0:OPERATION:Merchant=query -> 1:REQUEST:Merchant= -> 2:PROVIDER:postgresql= -> 3:SQL:select=] mutationLineage=[]
SQL: -- TeaQL PLAIN
SELECT id, name, code, external_id AS externalId, task_life_hours AS taskLifeHours, version, platform FROM merchant_data WHERE (version > 0) AND (external_id = 'matched-merchant') LIMIT 1000 OFFSET 0
[TeaQL SQL][query][286us] 1 rows returned outcome=success batchOutcome=not_applicable comment=matched merchant read with relation purpose=matched benchmark read auditReason= tracePath=[0:OPERATION:Merchant=query -> 1:REQUEST:Merchant= -> 2:RELATION:platform=Merchant.platform -> 3:PROVIDER:postgresql= -> 4:SQL:select=] mutationLineage=[]
SQL: -- TeaQL PLAIN
SELECT id, create_time AS createTime, last_update_time AS lastUpdateTime, name, version FROM platform_data WHERE (version > 0) AND (id = 1) LIMIT 1 OFFSET 0
[TeaQL SQL][query][459us] 1 rows returned outcome=success batchOutcome=not_applicable comment=matched update lookup purpose=matched benchmark write auditReason= tracePath=[0:OPERATION:Merchant=query -> 1:REQUEST:Merchant= -> 2:PROVIDER:postgresql= -> 3:SQL:select=] mutationLineage=[]
SQL: -- TeaQL PLAIN
SELECT id, name, code, external_id AS externalId, task_life_hours AS taskLifeHours, platform, version FROM merchant_data WHERE (version > 0) AND (external_id = 'matched-merchant') LIMIT 1000 OFFSET 0
[TeaQL SQL][mutation][374us] 1 rows affected outcome=success batchOutcome=not_applicable comment= purpose= auditReason=matched benchmark update tracePath=[0:OPERATION:Merchant=mutation -> 1:ENTITY:Merchant= -> 2:PROVIDER:postgresql= -> 3:SQL:update=] mutationLineage=[0:AUDIT_REASON:Merchant#1=matched benchmark update]
SQL: -- TeaQL PLAIN
UPDATE merchant_data SET task_life_hours = 49 , version = 1102 WHERE id = 1 AND version = 1101
[TeaQL SQL][query][292us] 1 rows returned outcome=success batchOutcome=not_applicable comment=matched benchmark update purpose=runtime: read authoritative persisted mutation result auditReason=matched benchmark update tracePath=[0:OPERATION:Merchant=query -> 1:REQUEST:Merchant= -> 2:PROVIDER:postgresql= -> 3:SQL:select=] mutationLineage=[0:AUDIT_REASON:Merchant#1=matched benchmark update]
SQL: -- TeaQL PLAIN
SELECT * FROM merchant_data WHERE id = 1
[TeaQL SQL][query][374us] 1 rows returned outcome=success batchOutcome=not_applicable comment=matched merchant read with relation purpose=matched benchmark read auditReason= tracePath=[0:OPERATION:Merchant=query -> 1:REQUEST:Merchant= -> 2:PROVIDER:postgresql= -> 3:SQL:select=] mutationLineage=[]
SQL: -- TeaQL PLAIN
SELECT id, name, code, external_id AS externalId, task_life_hours AS taskLifeHours, version, platform FROM merchant_data WHERE (version > 0) AND (external_id = 'matched-merchant') LIMIT 1000 OFFSET 0
[TeaQL SQL][query][327us] 1 rows returned outcome=success batchOutcome=not_applicable comment=matched merchant read with relation purpose=matched benchmark read auditReason= tracePath=[0:OPERATION:Merchant=query -> 1:REQUEST:Merchant= -> 2:RELATION:platform=Merchant.platform -> 3:PROVIDER:postgresql= -> 4:SQL:select=] mutationLineage=[]
SQL: -- TeaQL PLAIN
SELECT id, create_time AS createTime, last_update_time AS lastUpdateTime, name, version FROM platform_data WHERE (version > 0) AND (id = 1) LIMIT 1 OFFSET 0
[TeaQL SQL][query][470us] 1 rows returned outcome=success batchOutcome=not_applicable comment=matched update lookup purpose=matched benchmark write auditReason= tracePath=[0:OPERATION:Merchant=query -> 1:REQUEST:Merchant= -> 2:PROVIDER:postgresql= -> 3:SQL:select=] mutationLineage=[]
SQL: -- TeaQL PLAIN
SELECT id, name, code, external_id AS externalId, task_life_hours AS taskLifeHours, platform, version FROM merchant_data WHERE (version > 0) AND (external_id = 'matched-merchant') LIMIT 1000 OFFSET 0
[TeaQL SQL][mutation][383us] 1 rows affected outcome=success batchOutcome=not_applicable comment= purpose= auditReason=matched benchmark update tracePath=[0:OPERATION:Merchant=mutation -> 1:ENTITY:Merchant= -> 2:PROVIDER:postgresql= -> 3:SQL:update=] mutationLineage=[0:AUDIT_REASON:Merchant#1=matched benchmark update]
SQL: -- TeaQL PLAIN
UPDATE merchant_data SET task_life_hours = 48 , version = 1103 WHERE id = 1 AND version = 1102
[TeaQL SQL][query][314us] 1 rows returned outcome=success batchOutcome=not_applicable comment=matched benchmark update purpose=runtime: read authoritative persisted mutation result auditReason=matched benchmark update tracePath=[0:OPERATION:Merchant=query -> 1:REQUEST:Merchant= -> 2:PROVIDER:postgresql= -> 3:SQL:select=] mutationLineage=[0:AUDIT_REASON:Merchant#1=matched benchmark update]
SQL: -- TeaQL PLAIN
SELECT * FROM merchant_data WHERE id = 1
[TeaQL SQL][query][352us] 1 rows returned outcome=success batchOutcome=not_applicable comment=matched merchant read with relation purpose=matched benchmark read auditReason= tracePath=[0:OPERATION:Merchant=query -> 1:REQUEST:Merchant= -> 2:PROVIDER:postgresql= -> 3:SQL:select=] mutationLineage=[]
SQL: -- TeaQL PLAIN
SELECT id, name, code, external_id AS externalId, task_life_hours AS taskLifeHours, version, platform FROM merchant_data WHERE (version > 0) AND (external_id = 'matched-merchant') LIMIT 1000 OFFSET 0
[TeaQL SQL][query][325us] 1 rows returned outcome=success batchOutcome=not_applicable comment=matched merchant read with relation purpose=matched benchmark read auditReason= tracePath=[0:OPERATION:Merchant=query -> 1:REQUEST:Merchant= -> 2:RELATION:platform=Merchant.platform -> 3:PROVIDER:postgresql= -> 4:SQL:select=] mutationLineage=[]
SQL: -- TeaQL PLAIN
SELECT id, create_time AS createTime, last_update_time AS lastUpdateTime, name, version FROM platform_data WHERE (version > 0) AND (id = 1) LIMIT 1 OFFSET 0
[TeaQL SQL][query][423us] 1 rows returned outcome=success batchOutcome=not_applicable comment=matched update lookup purpose=matched benchmark write auditReason= tracePath=[0:OPERATION:Merchant=query -> 1:REQUEST:Merchant= -> 2:PROVIDER:postgresql= -> 3:SQL:select=] mutationLineage=[]
SQL: -- TeaQL PLAIN
SELECT id, name, code, external_id AS externalId, task_life_hours AS taskLifeHours, platform, version FROM merchant_data WHERE (version > 0) AND (external_id = 'matched-merchant') LIMIT 1000 OFFSET 0
[TeaQL SQL][mutation][312us] 1 rows affected outcome=success batchOutcome=not_applicable comment= purpose= auditReason=matched benchmark update tracePath=[0:OPERATION:Merchant=mutation -> 1:ENTITY:Merchant= -> 2:PROVIDER:postgresql= -> 3:SQL:update=] mutationLineage=[0:AUDIT_REASON:Merchant#1=matched benchmark update]
SQL: -- TeaQL PLAIN
UPDATE merchant_data SET task_life_hours = 49 , version = 1104 WHERE id = 1 AND version = 1103
[TeaQL SQL][query][232us] 1 rows returned outcome=success batchOutcome=not_applicable comment=matched benchmark update purpose=runtime: read authoritative persisted mutation result auditReason=matched benchmark update tracePath=[0:OPERATION:Merchant=query -> 1:REQUEST:Merchant= -> 2:PROVIDER:postgresql= -> 3:SQL:select=] mutationLineage=[0:AUDIT_REASON:Merchant#1=matched benchmark update]
SQL: -- TeaQL PLAIN
SELECT * FROM merchant_data WHERE id = 1
[TeaQL SQL][query][231us] 1 rows returned outcome=success batchOutcome=not_applicable comment=matched merchant read with relation purpose=matched benchmark read auditReason= tracePath=[0:OPERATION:Merchant=query -> 1:REQUEST:Merchant= -> 2:PROVIDER:postgresql= -> 3:SQL:select=] mutationLineage=[]
SQL: -- TeaQL PLAIN
SELECT id, name, code, external_id AS externalId, task_life_hours AS taskLifeHours, version, platform FROM merchant_data WHERE (version > 0) AND (external_id = 'matched-merchant') LIMIT 1000 OFFSET 0
[TeaQL SQL][query][240us] 1 rows returned outcome=success batchOutcome=not_applicable comment=matched merchant read with relation purpose=matched benchmark read auditReason= tracePath=[0:OPERATION:Merchant=query -> 1:REQUEST:Merchant= -> 2:RELATION:platform=Merchant.platform -> 3:PROVIDER:postgresql= -> 4:SQL:select=] mutationLineage=[]
SQL: -- TeaQL PLAIN
SELECT id, create_time AS createTime, last_update_time AS lastUpdateTime, name, version FROM platform_data WHERE (version > 0) AND (id = 1) LIMIT 1 OFFSET 0
[TeaQL SQL][query][353us] 1 rows returned outcome=success batchOutcome=not_applicable comment=matched update lookup purpose=matched benchmark write auditReason= tracePath=[0:OPERATION:Merchant=query -> 1:REQUEST:Merchant= -> 2:PROVIDER:postgresql= -> 3:SQL:select=] mutationLineage=[]
SQL: -- TeaQL PLAIN
SELECT id, name, code, external_id AS externalId, task_life_hours AS taskLifeHours, platform, version FROM merchant_data WHERE (version > 0) AND (external_id = 'matched-merchant') LIMIT 1000 OFFSET 0
[TeaQL SQL][mutation][244us] 1 rows affected outcome=success batchOutcome=not_applicable comment= purpose= auditReason=matched benchmark update tracePath=[0:OPERATION:Merchant=mutation -> 1:ENTITY:Merchant= -> 2:PROVIDER:postgresql= -> 3:SQL:update=] mutationLineage=[0:AUDIT_REASON:Merchant#1=matched benchmark update]
SQL: -- TeaQL PLAIN
UPDATE merchant_data SET task_life_hours = 48 , version = 1105 WHERE id = 1 AND version = 1104
[TeaQL SQL][query][204us] 1 rows returned outcome=success batchOutcome=not_applicable comment=matched benchmark update purpose=runtime: read authoritative persisted mutation result auditReason=matched benchmark update tracePath=[0:OPERATION:Merchant=query -> 1:REQUEST:Merchant= -> 2:PROVIDER:postgresql= -> 3:SQL:select=] mutationLineage=[0:AUDIT_REASON:Merchant#1=matched benchmark update]
SQL: -- TeaQL PLAIN
SELECT * FROM merchant_data WHERE id = 1
[TeaQL SQL][query][230us] 1 rows returned outcome=success batchOutcome=not_applicable comment=matched merchant read with relation purpose=matched benchmark read auditReason= tracePath=[0:OPERATION:Merchant=query -> 1:REQUEST:Merchant= -> 2:PROVIDER:postgresql= -> 3:SQL:select=] mutationLineage=[]
SQL: -- TeaQL PLAIN
SELECT id, name, code, external_id AS externalId, task_life_hours AS taskLifeHours, version, platform FROM merchant_data WHERE (version > 0) AND (external_id = 'matched-merchant') LIMIT 1000 OFFSET 0
[TeaQL SQL][query][220us] 1 rows returned outcome=success batchOutcome=not_applicable comment=matched merchant read with relation purpose=matched benchmark read auditReason= tracePath=[0:OPERATION:Merchant=query -> 1:REQUEST:Merchant= -> 2:RELATION:platform=Merchant.platform -> 3:PROVIDER:postgresql= -> 4:SQL:select=] mutationLineage=[]
SQL: -- TeaQL PLAIN
SELECT id, create_time AS createTime, last_update_time AS lastUpdateTime, name, version FROM platform_data WHERE (version > 0) AND (id = 1) LIMIT 1 OFFSET 0
[TeaQL SQL][query][501us] 1 rows returned outcome=success batchOutcome=not_applicable comment=matched update lookup purpose=matched benchmark write auditReason= tracePath=[0:OPERATION:Merchant=query -> 1:REQUEST:Merchant= -> 2:PROVIDER:postgresql= -> 3:SQL:select=] mutationLineage=[]
SQL: -- TeaQL PLAIN
SELECT id, name, code, external_id AS externalId, task_life_hours AS taskLifeHours, platform, version FROM merchant_data WHERE (version > 0) AND (external_id = 'matched-merchant') LIMIT 1000 OFFSET 0
[TeaQL SQL][mutation][346us] 1 rows affected outcome=success batchOutcome=not_applicable comment= purpose= auditReason=matched benchmark update tracePath=[0:OPERATION:Merchant=mutation -> 1:ENTITY:Merchant= -> 2:PROVIDER:postgresql= -> 3:SQL:update=] mutationLineage=[0:AUDIT_REASON:Merchant#1=matched benchmark update]
SQL: -- TeaQL PLAIN
UPDATE merchant_data SET task_life_hours = 49 , version = 1106 WHERE id = 1 AND version = 1105
[TeaQL SQL][query][284us] 1 rows returned outcome=success batchOutcome=not_applicable comment=matched benchmark update purpose=runtime: read authoritative persisted mutation result auditReason=matched benchmark update tracePath=[0:OPERATION:Merchant=query -> 1:REQUEST:Merchant= -> 2:PROVIDER:postgresql= -> 3:SQL:select=] mutationLineage=[0:AUDIT_REASON:Merchant#1=matched benchmark update]
SQL: -- TeaQL PLAIN
SELECT * FROM merchant_data WHERE id = 1
[TeaQL SQL][query][304us] 1 rows returned outcome=success batchOutcome=not_applicable comment=matched merchant read with relation purpose=matched benchmark read auditReason= tracePath=[0:OPERATION:Merchant=query -> 1:REQUEST:Merchant= -> 2:PROVIDER:postgresql= -> 3:SQL:select=] mutationLineage=[]
SQL: -- TeaQL PLAIN
SELECT id, name, code, external_id AS externalId, task_life_hours AS taskLifeHours, version, platform FROM merchant_data WHERE (version > 0) AND (external_id = 'matched-merchant') LIMIT 1000 OFFSET 0
[TeaQL SQL][query][331us] 1 rows returned outcome=success batchOutcome=not_applicable comment=matched merchant read with relation purpose=matched benchmark read auditReason= tracePath=[0:OPERATION:Merchant=query -> 1:REQUEST:Merchant= -> 2:RELATION:platform=Merchant.platform -> 3:PROVIDER:postgresql= -> 4:SQL:select=] mutationLineage=[]
SQL: -- TeaQL PLAIN
SELECT id, create_time AS createTime, last_update_time AS lastUpdateTime, name, version FROM platform_data WHERE (version > 0) AND (id = 1) LIMIT 1 OFFSET 0
[TeaQL SQL][query][487us] 1 rows returned outcome=success batchOutcome=not_applicable comment=matched update lookup purpose=matched benchmark write auditReason= tracePath=[0:OPERATION:Merchant=query -> 1:REQUEST:Merchant= -> 2:PROVIDER:postgresql= -> 3:SQL:select=] mutationLineage=[]
SQL: -- TeaQL PLAIN
SELECT id, name, code, external_id AS externalId, task_life_hours AS taskLifeHours, platform, version FROM merchant_data WHERE (version > 0) AND (external_id = 'matched-merchant') LIMIT 1000 OFFSET 0
[TeaQL SQL][mutation][404us] 1 rows affected outcome=success batchOutcome=not_applicable comment= purpose= auditReason=matched benchmark update tracePath=[0:OPERATION:Merchant=mutation -> 1:ENTITY:Merchant= -> 2:PROVIDER:postgresql= -> 3:SQL:update=] mutationLineage=[0:AUDIT_REASON:Merchant#1=matched benchmark update]
SQL: -- TeaQL PLAIN
UPDATE merchant_data SET task_life_hours = 48 , version = 1107 WHERE id = 1 AND version = 1106
[TeaQL SQL][query][350us] 1 rows returned outcome=success batchOutcome=not_applicable comment=matched benchmark update purpose=runtime: read authoritative persisted mutation result auditReason=matched benchmark update tracePath=[0:OPERATION:Merchant=query -> 1:REQUEST:Merchant= -> 2:PROVIDER:postgresql= -> 3:SQL:select=] mutationLineage=[0:AUDIT_REASON:Merchant#1=matched benchmark update]
SQL: -- TeaQL PLAIN
SELECT * FROM merchant_data WHERE id = 1
[TeaQL SQL][query][358us] 1 rows returned outcome=success batchOutcome=not_applicable comment=matched merchant read with relation purpose=matched benchmark read auditReason= tracePath=[0:OPERATION:Merchant=query -> 1:REQUEST:Merchant= -> 2:PROVIDER:postgresql= -> 3:SQL:select=] mutationLineage=[]
SQL: -- TeaQL PLAIN
SELECT id, name, code, external_id AS externalId, task_life_hours AS taskLifeHours, version, platform FROM merchant_data WHERE (version > 0) AND (external_id = 'matched-merchant') LIMIT 1000 OFFSET 0
[TeaQL SQL][query][331us] 1 rows returned outcome=success batchOutcome=not_applicable comment=matched merchant read with relation purpose=matched benchmark read auditReason= tracePath=[0:OPERATION:Merchant=query -> 1:REQUEST:Merchant= -> 2:RELATION:platform=Merchant.platform -> 3:PROVIDER:postgresql= -> 4:SQL:select=] mutationLineage=[]
SQL: -- TeaQL PLAIN
SELECT id, create_time AS createTime, last_update_time AS lastUpdateTime, name, version FROM platform_data WHERE (version > 0) AND (id = 1) LIMIT 1 OFFSET 0
